0.000000000000000000e+00,0.000000000000000000e+00,0.000000000000000000e+00,0.000000000000000000e+00,0.000000000000000000e+00,0.000000000000000000e+00,0.000000000000000000e+00,0.000000000000000000e+00,0.000000000000000000e+00,0.000000000000000000e+00,0.000000000000000000e+00,0.000000000000000000e+00,0.000000000000000000e+00,0.000000000000000000e+00,0.000000000000000000e+00,0.000000000000000000e+00,0.000000000000000000e+00,0.000000000000000000e+00,0.000000000000000000e+00,0.000000000000000000e+00,0.000000000000000000e+00,0.000000000000000000e+00,0.000000000000000000e+00,0.000000000000000000e+00,0.000000000000000000e+00,0.000000000000000000e+00,0.000000000000000000e+00,0.000000000000000000e+00,0.000000000000000000e+00,0.000000000000000000e+00,0.000000000000000000e+00,0.000000000000000000e+00,0.000000000000000000e+00,0.000000000000000000e+00,0.000000000000000000e+00,0.000000000000000000e+00,0.000000000000000000e+00,0.000000000000000000e+00,0.000000000000000000e+00,0.000000000000000000e+00,0.000000000000000000e+00,0.000000000000000000e+00,0.000000000000000000e+00,0.000000000000000000e+00,0.000000000000000000e+00,0.000000000000000000e+00,0.000000000000000000e+00,0.000000000000000000e+00,0.000000000000000000e+00,0.000000000000000000e+00,0.000000000000000000e+00,0.000000000000000000e+00,0.000000000000000000e+00,0.000000000000000000e+00,0.000000000000000000e+00,0.000000000000000000e+00,0.000000000000000000e+00,0.000000000000000000e+00,0.000000000000000000e+00,0.000000000000000000e+00,0.000000000000000000e+00,0.000000000000000000e+00,0.000000000000000000e+00,0.000000000000000000e+00
0.000000000000000000e+00,-4.784898757934570312e-01,-9.352903962135314941e-01,-1.349740147590637207e+00,-1.703182697296142578e+00,-1.979843497276306152e+00,-2.167564392089843750e+00,-2.258359193801879883e+00,-2.248763799667358398e+00,-2.139965295791625977e+00,-1.937704563140869141e+00,-1.651961088180541992e+00,-1.296435475349426270e+00,-8.878599405288696289e-01,-4.451716840267181396e-01,1.140690036118030548e-02,4.613354802131652832e-01,8.847206830978393555e-01,1.263231873512268066e+00,1.580923318862915039e+00,1.824924707412719727e+00,1.985967755317687988e+00,2.058729171752929688e+00,2.041975736618041992e+00,1.938510656356811523e+00,1.754931092262268066e+00,1.501211285591125488e+00,1.190140962600708008e+00,8.366491198539733887e-01,4.570519328117370605e-01,6.826328486204147339e-02,-3.129908144474029541e-01,-6.709166169166564941e-01,-9.913205504417419434e-01,-1.262172102928161621e+00,-1.474039316177368164e+00,-1.620381355285644531e+00,-1.697693586349487305e+00,-1.705503821372985840e+00,-1.646230578422546387e+00,-1.524918913841247559e+00,-1.348873376846313477e+00,-1.127214312553405762e+00,-8.703835606575012207e-01,-5.896285176277160645e-01,-2.964903712272644043e-01,-2.321077045053243637e-03,2.821498513221740723e-01,5.471829771995544434e-01,7.843199372291564941e-01,9.865916967391967773e-01,1.148644685745239258e+00,1.266788005828857422e+00,1.338970303535461426e+00,1.364698767662048340e+00,1.344911813735961914e+00,1.281820774078369141e+00,1.178734064102172852e+00,1.039875864982604980e+00,8.702104091644287109e-01,6.752788424491882324e-01,4.610522985458374023e-01,2.338044941425323486e-01,5.768794649636257380e-16
0.000000000000000000e+00,-9.528301358222961426e-01,-1.862473011016845703e+00,-2.687788248062133789e+00,-3.391627073287963867e+00,-3.942578554153442383e+00,-4.316432476043701172e+00,-4.497284889221191406e+00,-4.478234767913818359e+00,-4.261643409729003906e+00,-3.858938217163085938e+00,-3.289986610412597656e+00,-2.582065820693969727e+00,-1.768490076065063477e+00,-8.869647383689880371e-01,2.224476076662540436e-02,9.182384014129638672e-01,1.761403083801269531e+00,2.515235662460327148e+00,3.147980928421020508e+00,3.634004831314086914e+00,3.954845666885375977e+00,4.099895954132080078e+00,4.066690921783447266e+00,3.860804319381713867e+00,3.495363950729370117e+00,2.990223646163940430e+00,2.370844125747680664e+00,1.666948437690734863e+00,9.110236167907714844e-01,1.367493122816085815e-01,-6.225665807723999023e-01,-1.335469722747802734e+00,-1.973690032958984375e+00,-2.513262510299682617e+00,-2.935394048690795898e+00,-3.227049112319946289e+00,-3.381235361099243164e+00,-3.397000551223754883e+00,-3.279148817062377930e+00,-3.037716150283813477e+00,-2.687239170074462891e+00,-2.245873689651489258e+00,-1.734409093856811523e+00,-1.175243020057678223e+00,-5.913605690002441406e-01,-5.373506341129541397e-03,5.613431930541992188e-01,1.089383482933044434e+00,1.561890602111816406e+00,1.964972376823425293e+00,2.287953138351440430e+00,2.523468494415283203e+00,2.667420148849487305e+00,2.718815326690673828e+00,2.679513692855834961e+00,2.553913116455078125e+00,2.348599195480346680e+00,2.071985244750976562e+00,1.733960986137390137e+00,1.345568656921386719e+00,9.187099933624267578e-01,4.658911228179931641e-01,1.149523341674506347e-15
0.000000000000000000e+00,-1.418910741806030273e+00,-2.773517847061157227e+00,-4.002564430236816406e+00,-5.050735950469970703e+00,-5.871260643005371094e+00,-6.428086757659912109e+00,-6.697528362274169922e+00,-6.669304370880126953e+00,-6.346920967102050781e+00,-5.747386455535888672e+00,-4.900273323059082031e+00,-3.846188545227050781e+00,-2.634728670120239258e+00,-1.322031497955322266e+00,3.195133060216903687e-02,1.366319894790649414e+00,2.622086763381958008e+00,3.744891643524169922e+00,4.687439918518066406e+00,5.411547660827636719e+00,5.889707565307617188e+00,6.106104850769042969e+00,6.057049274444580078e+00,5.750817775726318359e+00,5.206937313079833984e+00,4.454952239990234375e+00,3.532759428024291992e+00,2.484606504440307617e+00,1.358861923217773438e+00,2.056763470172882080e-01,-9.253469109535217285e-01,-1.987358450889587402e+00,-2.938244342803955078e+00,-3.742295503616333008e+00,-4.371501445770263672e+00,-4.806419372558593750e+00,-5.036607742309570312e+00,-5.060615062713623047e+00,-4.885567665100097656e+00,-4.526382923126220703e+00,-4.004687309265136719e+00,-3.347501277923583984e+00,-2.585776329040527344e+00,-1.752864956855773926e+00,-8.830033540725708008e-01,-9.879495948553085327e-03,8.346531987190246582e-01,1.621667504310607910e+00,2.326027154922485352e+00,2.927008867263793945e+00,3.408676862716674805e+00,3.760027885437011719e+00,3.974926471710205078e+00,4.051864624023437500e+00,3.993590593338012695e+00,3.806638002395629883e+00,3.500808000564575195e+00,3.088632106781005859e+00,2.584850549697875977e+00,2.005925893783569336e+00,1.369609355926513672e+00,6.945576071739196777e-01,1.713734317181200752e-15
0.000000000000000000e+00,-1.872701048851013184e+00,-3.660548925399780273e+00,-5.282710552215576172e+00,-6.666192054748535156e+00,-7.749270915985107422e+00,-8.484365463256835938e+00,-8.840211868286132812e+00,-8.803230285644531250e+00,-8.378032684326171875e+00,-7.587047576904296875e+00,-6.469281196594238281e+00,-5.078303813934326172e+00,-3.479548931121826172e+00,-1.747085928916931152e+00,3.997786715626716614e-02,1.801277875900268555e+00,3.458966732025146484e+00,4.941295623779296875e+00,6.185832500457763672e+00,7.142161846160888672e+00,7.773952007293701172e+00,8.060294151306152344e+00,7.996280193328857422e+00,7.592792510986328125e+00,6.875561237335205078e+00,5.883540153503417969e+00,4.666711807250976562e+00,3.283447504043579102e+00,1.797567248344421387e+00,2.752538323402404785e-01,-1.218020558357238770e+00,-2.620406150817871094e+00,-3.876291513442993164e+00,-4.938508033752441406e+00,-5.770038604736328125e+00,-6.345168590545654297e+00,-6.650058269500732422e+00,-6.682734966278076172e+00,-6.452547550201416016e+00,-5.979135036468505859e+00,-5.291000366210937500e+00,-4.423776626586914062e+00,-3.418299198150634766e+00,-2.318585872650146484e+00,-1.169836878776550293e+00,-1.654306240379810333e-02,1.099212408065795898e+00,2.139197111129760742e+00,3.070173263549804688e+00,3.864722013473510742e+00,4.501741409301757812e+00,4.966641426086425781e+00,5.251260757446289062e+00,5.353557586669921875e+00,5.277116298675537109e+00,5.030533313751220703e+00,4.626733779907226562e+00,4.082262516021728516e+00,3.416594743728637695e+00,2.651496887207031250e+00,1.810447812080383301e+00,9.181326627731323242e-01,2.265391523255757579e-15
0.000000000000000000e+00,-2.310287714004516602e+00,-4.515920639038085938e+00,-6.517200946807861328e+00,-8.224097251892089844e+00,-9.560474395751953125e+00,-1.046763706207275391e+01,-1.090700626373291016e+01,-1.086181449890136719e+01,-1.033772850036621094e+01,-9.362382888793945312e+00,-7.983862876892089844e+00,-6.268215179443359375e+00,-4.296124935150146484e+00,-2.158933639526367188e+00,4.579570889472961426e-02,2.218939781188964844e+00,4.264469146728515625e+00,6.093863964080810547e+00,7.630085945129394531e+00,8.810907363891601562e+00,9.591460227966308594e+00,9.945898056030273438e+00,9.868100166320800781e+00,9.371426582336425781e+00,8.487552642822265625e+00,7.264470100402832031e+00,5.763786315917968750e+00,4.057467937469482422e+00,2.224220037460327148e+00,3.456780016422271729e-01,-1.497378826141357422e+00,-3.228621244430541992e+00,-4.779396533966064453e+00,-6.091451644897460938e+00,-7.119042873382568359e+00,-7.830358982086181641e+00,-8.208232879638671875e+00,-8.250138282775878906e+00,-7.967518329620361328e+00,-7.384522914886474609e+00,-6.536249637603759766e+00,-5.466611862182617188e+00,-4.225961685180664062e+00,-2.868602037429809570e+00,-1.450317263603210449e+00,-2.604116871953010559e-02,1.352241277694702148e+00,2.637277603149414062e+00,3.787963390350341797e+00,4.770362854003906250e+00,5.558331966400146484e+00,6.133761405944824219e+00,6.486483573913574219e+00,6.613893032073974609e+00,6.520344734191894531e+00,6.216402053833007812e+00,5.717990398406982422e+00,5.045530319213867188e+00,4.223083496093750000e+00,3.277562618255615234e+00,2.238014221191406250e+00,1.134991049766540527e+00,2.800487647024716732e-15
0.000000000000000000e+00,-2.727912664413452148e+00,-5.332290172576904297e+00,-7.695446491241455078e+00,-9.711102485656738281e+00,-1.128937530517578125e+01,-1.236096382141113281e+01,-1.288030719757080078e+01,-1.282758045196533203e+01,-1.220943927764892578e+01,-1.105846595764160156e+01,-9.431385040283203125e+00,-7.406124591827392578e+00,-5.077896118164062500e+00,-2.554501533508300781e+00,4.890264943242073059e-02,2.615303277969360352e+00,5.031323432922363281e+00,7.192435741424560547e+00,9.007646560668945312e+00,1.040343284606933594e+01,1.132675170898437500e+01,1.174700164794921875e+01,1.165686416625976562e+01,1.107201576232910156e+01,1.002975940704345703e+01,8.586670875549316406e+00,6.815410614013671875e+00,4.800892353057861328e+00,2.636005878448486328e+00,4.171277880668640137e-01,-1.760348558425903320e+00,-3.806255578994750977e+00,-5.639462947845458984e+00,-7.191094398498535156e+00,-8.407023429870605469e+00,-9.249560356140136719e+00,-9.698298454284667969e+00,-9.750117301940917969e+00,-9.418396949768066406e+00,-8.731537818908691406e+00,-7.730885505676269531e+00,-6.468225002288818359e+00,-5.002973079681396484e+00,-3.399247169494628906e+00,-1.722950458526611328e+00,-3.901515156030654907e-02,1.591076612472534180e+00,3.111403703689575195e+00,4.473283767700195312e+00,5.636486053466796875e+00,6.569975852966308594e+00,7.252210617065429688e+00,7.671036720275878906e+00,7.823252201080322266e+00,7.713901996612548828e+00,7.355393886566162109e+00,6.766508102416992188e+00,5.971367359161376953e+00,4.998436450958251953e+00,3.879580259323120117e+00,2.649216890335083008e+00,1.343568325042724609e+00,3.315165406325400535e-15
0.000000000000000000e+00,-3.122008800506591797e+00,-6.102687835693359375e+00,-8.807395935058593750e+00,-1.111453628540039062e+01,-1.292126464843750000e+01,-1.414827251434326172e+01,-1.474340152740478516e+01,-1.468393325805664062e+01,-1.397743225097656250e+01,-1.266112518310546875e+01,-1.079985427856445312e+01,-8.482725143432617188e+00,-5.818628311157226562e+00,-2.930865049362182617e+00,4.882903024554252625e-02,2.986576080322265625e+00,5.752635955810546875e+00,8.227370262145996094e+00,1.030660152435302734e+01,1.190612030029296875e+01,1.296512985229492188e+01,1.344849586486816406e+01,1.334771537780761719e+01,1.268059539794921875e+01,1.148968982696533203e+01,9.839620590209960938e+00,7.813435077667236328e+00,5.508224487304687500e+00,3.030240058898925781e+00,4.897608757019042969e-01,-2.004023075103759766e+00,-4.347861766815185547e+00,-6.448810577392578125e+00,-8.227914810180664062e+00,-9.623071670532226562e+00,-1.059097099304199219e+01,-1.110806655883789062e+01,-1.117059803009033203e+01,-1.079370021820068359e+01,-1.000971317291259766e+01,-8.865826606750488281e+00,-7.421210765838623047e+00,-5.743817806243896484e+00,-3.907025337219238281e+00,-1.986304521560668945e+00,-5.606252327561378479e-02,1.813197970390319824e+00,3.557301521301269531e+00,5.120329380035400391e+00,6.456018447875976562e+00,7.528621196746826172e+00,8.313262939453125000e+00,8.795830726623535156e+00,8.972486495971679688e+00,8.848868370056152344e+00,8.439089775085449219e+00,7.764605998992919922e+00,6.853044986724853516e+00,5.737054347991943359e+00,4.453225135803222656e+00,3.041113376617431641e+00,1.542374968528747559e+00,3.805751642782040714e-15
0.000000000000000000e+00,-3.489233493804931641e+00,-6.820582389831542969e+00,-9.843630790710449219e+00,-1.242252635955810547e+01,-1.444235897064208984e+01,-1.581449604034423828e+01,-1.648062896728515625e+01,-1.641532135009765625e+01,-1.562696361541748047e+01,-1.415707302093505859e+01,-1.207802104949951172e+01,-9.489290237426757812e+00,-6.512470722198486328e+00,-3.285275220870971680e+00,4.514351114630699158e-02,3.329212427139282227e+00,6.421952247619628906e+00,9.189639091491699219e+00,1.151579189300537109e+01,1.330620861053466797e+01,1.449282169342041016e+01,1.503621768951416016e+01,1.492672634124755859e+01,1.418406772613525391e+01,1.285562515258789062e+01,1.101344871520996094e+01,8.750207901000976562e+00,6.174297809600830078e+00,3.404391527175903320e+00,5.637099146842956543e-01,-2.225691795349121094e+00,-4.848345756530761719e+00,-7.200250625610351562e+00,-9.192996025085449219e+00,-1.075696659088134766e+01,-1.184352397918701172e+01,-1.242610549926757812e+01,-1.250025558471679688e+01,-1.208265018463134766e+01,-1.120922279357910156e+01,-9.932539939880371094e+00,-8.318608283996582031e+00,-6.443306922912597656e+00,-4.388640403747558594e+00,-2.239019870758056641e+00,-7.772921025753021240e-02,2.016253232955932617e+00,3.970972061157226562e+00,5.723662376403808594e+00,7.222326278686523438e+00,8.426712989807128906e+00,9.308727264404296875e+00,9.852329254150390625e+00,1.005299949645996094e+01,9.916862487792968750e+00,9.459572792053222656e+00,8.705063819885253906e+00,7.684236049652099609e+00,6.433672428131103516e+00,4.994429111480712891e+00,3.410934209823608398e+00,1.730009436607360840e+00,4.268791097244550165e-15
0.000000000000000000e+00,-3.826501607894897461e+00,-7.479945659637451172e+00,-1.079545593261718750e+01,-1.362411117553710938e+01,-1.583993148803710938e+01,-1.734572601318359375e+01,-1.807752799987792969e+01,-1.800738525390625000e+01,-1.714441490173339844e+01,-1.553403854370117188e+01,-1.325549697875976562e+01,-1.041775035858154297e+01,-7.154012203216552734e+00,-3.615183353424072266e+00,3.745840862393379211e-02,3.639949083328247070e+00,7.033323287963867188e+00,1.007091426849365234e+01,1.262491798400878906e+01,1.459191703796386719e+01,1.589711093902587891e+01,1.649708747863769531e+01,1.638102912902832031e+01,1.557033157348632812e+01,1.411672878265380859e+01,1.209902095794677734e+01,9.618643760681152344e+00,6.794322490692138672e+00,3.756102800369262695e+00,6.390790343284606934e-01,-2.422868728637695312e+00,-5.303017139434814453e+00,-7.887154102325439453e+00,-1.007810688018798828e+01,-1.179926776885986328e+01,-1.299699878692626953e+01,-1.364184856414794922e+01,-1.372861289978027344e+01,-1.327527523040771484e+01,-1.232097053527832031e+01,-1.092312431335449219e+01,-9.153965950012207031e+00,-7.096622467041015625e+00,-4.841024875640869141e+00,-2.479820013046264648e+00,-1.045023724436759949e-01,2.198082447052001953e+00,4.348728179931640625e+00,6.278259277343750000e+00,7.929278850555419922e+00,9.257260322570800781e+00,1.023102188110351562e+01,1.083262825012207031e+01,1.105682945251464844e+01,1.091011524200439453e+01,1.040950584411621094e+01,9.581185340881347656e+00,8.459071159362792969e+00,7.083405494689941406e+00,5.499417304992675781e+00,3.756110191345214844e+00,1.905171155929565430e+00,4.701076055941676851e-15
0.000000000000000000e+00,-4.131013393402099609e+00,-8.075306892395019531e+00,-1.165498256683349609e+01,-1.470934486389160156e+01,-1.710243415832519531e+01,-1.872934150695800781e+01,-1.952097129821777344e+01,-1.944708824157714844e+01,-1.851742172241210938e+01,-1.678087806701660156e+01,-1.432284069061279297e+01,-1.126077651977539062e+01,-7.738330841064453125e+00,-3.918264389038085938e+00,2.543462812900543213e-02,3.915837049484252930e+00,7.581361293792724609e+00,1.086364746093750000e+01,1.362464141845703125e+01,1.575255775451660156e+01,1.716645431518554688e+01,1.781922912597656250e+01,1.769893455505371094e+01,1.682838821411132812e+01,1.526315307617187500e+01,1.308802890777587891e+01,1.041229152679443359e+01,7.363927841186523438e+00,4.083211898803710938e+00,7.159409523010253906e-01,-2.593316078186035156e+00,-5.707634449005126953e+00,-8.503515243530273438e+00,-1.087578487396240234e+01,-1.274140930175781250e+01,-1.404210948944091797e+01,-1.474569511413574219e+01,-1.484614849090576172e+01,-1.436250305175781250e+01,-1.333667278289794922e+01,-1.183037662506103516e+01,-9.921393394470214844e+00,-7.699362754821777344e+00,-5.261365890502929688e+00,-2.707521200180053711e+00,-1.368038058280944824e-01,2.356739759445190430e+00,4.687231063842773438e+00,6.779562473297119141e+00,8.571303367614746094e+00,1.001390647888183594e+01,1.107324314117431641e+01,1.172952461242675781e+01,1.197671699523925781e+01,1.182154273986816406e+01,1.128219223022460938e+01,1.038685703277587891e+01,9.172192573547363281e+00,7.681791782379150391e+00,5.964741230010986328e+00,4.074293613433837891e+00,2.066671609878540039e+00,5.099676208392394522e-15
0.000000000000000000e+00,-4.400281906127929688e+00,-8.601806640625000000e+00,-1.241520118713378906e+01,-1.566938877105712891e+01,-1.821960830688476562e+01,-1.995412063598632812e+01,-2.079929733276367188e+01,-2.072284126281738281e+01,-1.973499488830566406e+01,-1.788767814636230469e+01,-1.527165508270263672e+01,-1.201183891296386719e+01,-8.261038780212402344e+00,-4.192436695098876953e+00,8.786047808825969696e-03,4.154269695281982422e+00,8.061290740966796875e+00,1.156114006042480469e+01,1.450666904449462891e+01,1.677863693237304688e+01,1.829059410095214844e+01,1.899208259582519531e+01,1.887004852294921875e+01,1.794845008850097656e+01,1.628612136840820312e+01,1.397306632995605469e+01,1.112539196014404297e+01,7.879203319549560547e+00,4.383769512176513672e+00,7.943338155746459961e-01,-2.735069274902343750e+00,-6.058447360992431641e+00,-9.044011116027832031e+00,-1.157940292358398438e+01,-1.357577705383300781e+01,-1.497059822082519531e+01,-1.572909641265869141e+01,-1.584437274932861328e+01,-1.533624267578125000e+01,-1.424893569946289062e+01,-1.264785957336425781e+01,-1.061562252044677734e+01,-8.247577667236328125e+00,-5.647129058837890625e+00,-2.921041727066040039e+00,-1.749840080738067627e-01,2.490512371063232422e+00,4.983522415161132812e+00,7.223519802093505859e+00,9.143438339233398438e+00,1.069098281860351562e+01,1.182923126220703125e+01,1.253658580780029297e+01,1.280617332458496094e+01,1.264480781555175781e+01,1.207164001464843750e+01,1.111660575866699219e+01,9.818797111511230469e+00,8.224831581115722656e+00,6.387309551239013672e+00,4.363379001617431641e+00,2.213444948196411133e+00,5.461962787844899456e-15
0.000000000000000000e+00,-4.632155418395996094e+00,-9.055240631103515625e+00,-1.307004833221435547e+01,-1.649659919738769531e+01,-1.918257331848144531e+01,-2.101035881042480469e+01,-2.190240478515625000e+01,-2.182461547851562500e+01,-2.078761100769042969e+01,-1.884585571289062500e+01,-1.609465980529785156e+01,-1.266527748107910156e+01,-8.718320846557617188e+00,-4.435881137847900391e+00,-1.271661464124917984e-02,4.353009700775146484e+00,8.468995094299316406e+00,1.215760993957519531e+01,1.526383399963378906e+01,1.766194343566894531e+01,1.926065254211425781e+01,2.000650024414062500e+01,1.988535690307617188e+01,1.892202377319335938e+01,1.717802047729492188e+01,1.474769401550292969e+01,1.175292873382568359e+01,8.336730003356933594e+00,4.656054973602294922e+00,8.742593526840209961e-01,-2.846455574035644531e+00,-6.352232933044433594e+00,-9.504051208496093750e+00,-1.218323612213134766e+01,-1.429578018188476562e+01,-1.577530670166015625e+01,-1.658463478088378906e+01,-1.671591758728027344e+01,-1.618945693969726562e+01,-1.505132102966308594e+01,-1.336995887756347656e+01,-1.123204612731933594e+01,-8.737804412841796875e+00,-5.996079444885253906e+00,-3.119408130645751953e+00,-2.193170934915542603e-01,2.597939014434814453e+00,5.235051631927490234e+00,7.606625556945800781e+00,9.641378402709960938e+00,1.128356075286865234e+01,1.249362277984619141e+01,1.324820518493652344e+01,1.353953647613525391e+01,1.337437534332275391e+01,1.277261066436767578e+01,1.176564502716064453e+01,1.039468383789062500e+01,8.709025382995605469e+00,6.764414310455322266e+00,4.621522426605224609e+00,2.344557285308837891e+00,5.785633135232080837e-15
0.000000000000000000e+00,-4.824838638305664062e+00,-9.432101249694824219e+00,-1.361446285247802734e+01,-1.718459320068359375e+01,-1.998391723632812500e+01,-2.188994979858398438e+01,-2.282186508178710938e+01,-2.274402618408203125e+01,-2.166731834411621094e+01,-1.964822959899902344e+01,-1.678576469421386719e+01,-1.321634292602539062e+01,-9.106973648071289062e+00,-4.647057533264160156e+00,-3.924255073070526123e-02,4.510209560394287109e+00,8.801055908203125000e+00,1.264824295043945312e+01,1.589016246795654297e+01,1.839562225341796875e+01,2.006921005249023438e+01,2.085483741760253906e+01,2.073731803894042969e+01,1.974199867248535156e+01,1.793245506286621094e+01,1.540649795532226562e+01,1.229067230224609375e+01,8.733611106872558594e+00,4.898590564727783203e+00,9.556803703308105469e-01,-2.926112413406372070e+00,-6.586327552795410156e+00,-9.879818916320800781e+00,-1.268251132965087891e+01,-1.489591407775878906e+01,-1.645024681091308594e+01,-1.730609321594238281e+01,-1.745458984375000000e+01,-1.691622734069824219e+01,-1.573840236663818359e+01,-1.399193477630615234e+01,-1.176676273345947266e+01,-9.167096138000488281e+00,-6.306301116943359375e+00,-3.301764011383056641e+00,-2.699964046478271484e-01,2.677824020385742188e+00,5.439702510833740234e+00,7.925950527191162109e+00,1.006151485443115234e+01,1.178749847412109375e+01,1.306190204620361328e+01,1.385965251922607422e+01,1.417202281951904297e+01,1.400556373596191406e+01,1.338066864013671875e+01,1.232991504669189453e+01,1.089628887176513672e+01,9.131399154663085938e+00,7.093754768371582031e+00,4.847156524658203125e+00,2.459214687347412109e+00,6.068728486863413096e-15
0.000000000000000000e+00,-4.976909160614013672e+00,-9.729606628417968750e+00,-1.404443359375000000e+01,-1.772831153869628906e+01,-2.061776351928710938e+01,-2.258646392822265625e+01,-2.355098152160644531e+01,-2.347442054748535156e+01,-2.236779022216796875e+01,-2.028908729553222656e+01,-1.734011268615722656e+01,-1.366124820709228516e+01,-9.424427986145019531e+00,-4.824716091156005859e+00,-7.089823484420776367e-02,4.624431133270263672e+00,9.054787635803222656e+00,1.302924156188964844e+01,1.638092994689941406e+01,1.897424507141113281e+01,2.071038627624511719e+01,2.153101539611816406e+01,2.141993141174316406e+01,2.040269851684570312e+01,1.854431915283203125e+01,1.594514179229736328e+01,1.273522090911865234e+01,9.067500114440917969e+00,5.110154151916503906e+00,1.038519620895385742e+00,-2.973000526428222656e+00,-6.758651733398437500e+00,-1.016831398010253906e+01,-1.307345390319824219e+01,-1.537181186676025391e+01,-1.699065208435058594e+01,-1.788851356506347656e+01,-1.805544281005859375e+01,-1.751180839538574219e+01,-1.630581665039062500e+01,-1.450995922088623047e+01,-1.221660995483398438e+01,-9.533050537109375000e+00,-6.576209545135498047e+00,-3.467374086380004883e+00,-3.271309733390808105e-01,2.729249477386474609e+00,5.595810890197753906e+00,8.179170608520507812e+00,1.040096569061279297e+01,1.219947624206542969e+01,1.353043460845947266e+01,1.436711311340332031e+01,1.469976806640625000e+01,1.453458213806152344e+01,1.389221572875976562e+01,1.280611991882324219e+01,1.132071113586425781e+01,9.489532470703125000e+00,7.373456954956054688e+00,5.039002418518066406e+00,2.556769609451293945e+00,6.309652185633321878e-15
0.000000000000000000e+00,-5.087328910827636719e+00,-9.945729255676269531e+00,-1.435703372955322266e+01,-1.812406158447265625e+01,-2.107981872558593750e+01,-2.309520339965820312e+01,-2.408486557006835938e+01,-2.401092910766601562e+01,-2.288439941406250000e+01,-2.076423835754394531e+01,-1.775414085388183594e+01,-1.399719905853271484e+01,-9.668775558471679688e+00,-4.967908382415771484e+00,-1.077254116535186768e-01,4.694657802581787109e+00,9.228257179260253906e+00,1.329785537719726562e+01,1.673270034790039062e+01,1.939385604858398438e+01,2.117987632751464844e+01,2.203058242797851562e+01,2.192878341674804688e+01,2.089994239807128906e+01,1.900983619689941406e+01,1.636039924621582031e+01,1.308402633666992188e+01,9.336613655090332031e+00,5.289786338806152344e+00,1.122658491134643555e+00,-2.986416339874267578e+00,-6.867731094360351562e+00,-1.036737155914306641e+01,-1.335332202911376953e+01,-1.572027969360351562e+01,-1.739302253723144531e+01,-1.832823371887207031e+01,-1.851480484008789062e+01,-1.797266387939453125e+01,-1.675029563903808594e+01,-1.492114925384521484e+01,-1.257918643951416016e+01,-9.833821296691894531e+00,-6.804565906524658203e+00,-3.615630149841308594e+00,-3.907429873943328857e-01,2.751585245132446289e+00,5.702181816101074219e+00,8.364586830139160156e+00,1.065760612487792969e+01,1.251702785491943359e+01,1.389650821685791016e+01,1.476772403717041016e+01,1.511985778808593750e+01,1.495856189727783203e+01,1.430452251434326172e+01,1.319175148010253906e+01,1.166574192047119141e+01,9.781578063964843750e+00,7.602087497711181641e+00,5.196083068847656250e+00,2.636726379394531250e+00,6.507180268933024717e-15
0.000000000000000000e+00,-5.155454635620117188e+00,-1.007921218872070312e+01,-1.455044841766357422e+01,-1.836955261230468750e+01,-2.136741828918457031e+01,-2.341324806213378906e+01,-2.442046928405761719e+01,-2.435051155090332031e+01,-2.321424674987792969e+01,-2.107105445861816406e+01,-1.802559089660644531e+01,-1.422241497039794922e+01,-9.838785171508789062e+00,-5.075996398925781250e+00,-1.496998518705368042e-01,4.720306873321533203e+00,9.320306777954101562e+00,1.345241069793701172e+01,1.694336509704589844e+01,1.965200042724609375e+01,2.147500038146972656e+01,2.235074424743652344e+01,2.226109313964843750e+01,2.123107719421386719e+01,1.932658195495605469e+01,1.665018463134765625e+01,1.333541297912597656e+01,9.539752960205078125e+00,5.436798572540283203e+00,1.207936882972717285e+00,-2.965997934341430664e+00,-6.912709712982177734e+00,-1.047569179534912109e+01,-1.352043151855468750e+01,-1.593932914733886719e+01,-1.765514755249023438e+01,-1.862292289733886719e+01,-1.883031845092773438e+01,-1.829650115966796875e+01,-1.706969833374023438e+01,-1.522359371185302734e+01,-1.285287475585937500e+01,-1.006813907623291016e+01,-6.990485668182373047e+00,-3.746053695678710938e+00,-4.607660770416259766e-01,2.744494915008544922e+00,5.758099555969238281e+00,8.481140136718750000e+00,1.083008003234863281e+01,1.273855495452880859e+01,1.415834522247314453e+01,1.505959320068359375e+01,1.543035221099853516e+01,1.527558326721191406e+01,1.461574935913085938e+01,1.348511314392089844e+01,1.192987823486328125e+01,1.000627613067626953e+01,7.778666496276855469e+00,5.317728042602539062e+00,2.698744535446166992e+00,6.660474174144739856e-15
0.000000000000000000e+00,-5.181043624877929688e+00,-1.012957859039306641e+01,-1.462398815155029297e+01,-1.846390914916992188e+01,-2.147954368591308594e+01,-2.353947448730468750e+01,-2.455661201477050781e+01,-2.449198341369628906e+01,-2.335618591308593750e+01,-2.120847892761230469e+01,-1.815354728698730469e+01,-1.433614826202392578e+01,-9.933907508850097656e+00,-5.148654460906982422e+00,-1.967307031154632568e-01,4.701231956481933594e+00,9.330560684204101562e+00,1.349232006072998047e+01,1.701214981079101562e+01,1.974775695800781250e+01,2.159472274780273438e+01,2.249039840698242188e+01,2.241572761535644531e+01,2.139499282836914062e+01,1.949352073669433594e+01,1.681356620788574219e+01,1.348859596252441406e+01,9.676305770874023438e+00,5.550776481628417969e+00,1.294152379035949707e+00,-2.911730051040649414e+00,-6.893358230590820312e+00,-1.049284076690673828e+01,-1.357416820526123047e+01,-1.602819061279296875e+01,-1.777613830566406250e+01,-1.877160263061523438e+01,-1.900095367431640625e+01,-1.848228645324707031e+01,-1.726302146911621094e+01,-1.541635990142822266e+01,-1.303685092926025391e+01,-1.023531627655029297e+01,-7.133442878723144531e+00,-3.858298301696777344e+00,-5.370445251464843750e-01,2.707940101623535156e+00,5.763334751129150391e+00,8.528422355651855469e+00,1.091781520843505859e+01,1.286334514617919922e+01,1.431512069702148438e+01,1.524181747436523438e+01,1.563030052185058594e+01,1.548468399047851562e+01,1.482495975494384766e+01,1.368532657623291016e+01,1.211233520507812500e+01,1.016295909881591797e+01,7.902671813964843750e+00,5.403578281402587891e+00,2.742641687393188477e+00,6.769081585674633500e-15
0.000000000000000000e+00,-5.164253711700439453e+00,-1.009713554382324219e+01,-1.457809448242187500e+01,-1.840768623352050781e+01,-2.141682624816894531e+01,-2.347456359863281250e+01,-2.449398994445800781e+01,-2.443601608276367188e+01,-2.331083679199218750e+01,-2.117704200744628906e+01,-1.813842391967773438e+01,-1.433868122100830078e+01,-9.954282760620117188e+00,-5.185872077941894531e+00,-2.486605495214462280e-01,4.637726306915283203e+00,9.259431838989257812e+00,1.341809082031250000e+01,1.693962860107421875e+01,1.968173217773437500e+01,2.153965377807617188e+01,2.245012474060058594e+01,2.239321899414062500e+01,2.139213371276855469e+01,1.951099205017089844e+01,1.685077095031738281e+01,1.354367828369140625e+01,9.746251106262207031e+00,5.631582260131835938e+00,1.381061315536499023e+00,-2.823945283889770508e+00,-6.810076713562011719e+00,-1.041926288604736328e+01,-1.351499271392822266e+01,-1.598731708526611328e+01,-1.775641822814941406e+01,-1.877464675903320312e+01,-1.902701950073242188e+01,-1.853024673461914062e+01,-1.733040809631347656e+01,-1.549950599670410156e+01,-1.313108825683593750e+01,-1.033525276184082031e+01,-7.233272552490234375e+00,-3.952151060104370117e+00,-6.193336248397827148e-01,2.642179965972900391e+00,5.718145847320556641e+00,8.506673812866210938e+00,1.092102432250976562e+01,1.289157485961914062e+01,1.436696529388427734e+01,1.531447887420654297e+01,1.571974277496337891e+01,1.558586502075195312e+01,1.493212318420410156e+01,1.379233837127685547e+01,1.221304416656494141e+01,1.025156021118164062e+01,7.974043369293212891e+00,5.453588962554931641e+00,2.768393516540527344e+00,6.832942787699924220e-15
0.000000000000000000e+00,-5.105640411376953125e+00,-9.982970237731933594e+00,-1.441433143615722656e+01,-1.820284843444824219e+01,-2.118154144287109375e+01,-2.322099113464355469e+01,-2.423516082763671875e+01,-2.418513298034667969e+01,-2.308056640625000000e+01,-2.097884941101074219e+01,-1.798196983337402344e+01,-1.423132801055908203e+01,-9.900732040405273438e+00,-5.187951087951660156e+00,-3.052663207054138184e-01,4.530519485473632812e+00,9.108112335205078125e+00,1.323131370544433594e+01,1.672770881652832031e+01,1.945605659484863281e+01,2.131204414367675781e+01,2.223218917846679688e+01,2.219573593139648438e+01,2.122449302673339844e+01,1.938071632385253906e+01,1.676317787170410156e+01,1.350164890289306641e+01,9.750158309936523438e+00,5.679353713989257812e+00,1.468379378318786621e+00,-2.703320026397705078e+00,-6.663888454437255859e+00,-1.025626850128173828e+01,-1.334443283081054688e+01,-1.581837844848632812e+01,-1.759771728515625000e+01,-1.863377189636230469e+01,-1.891014862060546875e+01,-1.844186401367187500e+01,-1.727313995361328125e+01,-1.547406768798828125e+01,-1.313635349273681641e+01,-1.036842727661132812e+01,-7.290169715881347656e+00,-4.027532100677490234e+00,-7.073004841804504395e-01,2.547770500183105469e+00,5.623274803161621094e+00,8.416783332824707031e+00,1.084069919586181641e+01,1.282429885864257812e+01,1.431496143341064453e+01,1.527864933013916016e+01,1.569970798492431641e+01,1.558008575439453125e+01,1.493810939788818359e+01,1.380691528320312500e+01,1.223265838623046875e+01,1.027260494232177734e+01,7.993178367614746094e+00,5.468026161193847656e+00,2.776133775711059570e+00,6.852386005487673057e-15
0.000000000000000000e+00,-5.006153583526611328e+00,-9.788934707641601562e+00,-1.413536548614501953e+01,-1.785275268554687500e+01,-2.077758026123046875e+01,-2.278299713134765625e+01,-2.378451728820800781e+01,-2.374367141723632812e+01,-2.266946411132812500e+01,-2.061755371093750000e+01,-1.768723678588867188e+01,-1.401641082763671875e+01,-9.774751663208007812e+00,-5.155502796173095703e+00,-3.662606477737426758e-01,4.380768299102783203e+00,8.878560066223144531e+00,1.293464565277099609e+01,1.637961196899414062e+01,1.907435798645019531e+01,2.091575241088867188e+01,2.184050941467285156e+01,2.182707595825195312e+01,2.089557266235351562e+01,1.910576629638671875e+01,1.655330085754394531e+01,1.336437034606933594e+01,9.689175605773925781e+00,5.694498062133789062e+00,1.555783152580261230e+00,-2.550869464874267578e+00,-6.456429481506347656e+00,-1.000602245330810547e+01,-1.306506824493408203e+01,-1.552424144744873047e+01,-1.730305862426757812e+01,-1.835202217102050781e+01,-1.865327835083007812e+01,-1.821986007690429688e+01,-1.709361839294433594e+01,-1.534204864501953125e+01,-1.305419158935546875e+01,-1.033589553833007812e+01,-7.304684162139892578e+00,-4.084493637084960938e+00,-8.005266785621643066e-01,2.425557851791381836e+00,5.479938983917236328e+00,8.260275840759277344e+00,1.067860317230224609e+01,1.266344261169433594e+01,1.416112327575683594e+01,1.513636779785156250e+01,1.557219409942626953e+01,1.546924972534179688e+01,1.484467887878417969e+01,1.373063087463378906e+01,1.217253208160400391e+01,1.022720623016357422e+01,7.960927486419677734e+00,5.447464466094970703e+00,2.766151428222656250e+00,6.828122746713573624e-15
0.000000000000000000e+00,-4.867122173309326172e+00,-9.517624855041503906e+00,-1.374494075775146484e+01,-1.736211204528808594e+01,-2.021040153503417969e+01,-2.216653823852539062e+01,-2.314823150634765625e+01,-2.311774253845214844e+01,-2.208329391479492188e+01,-2.009831428527832031e+01,-1.725855445861816406e+01,-1.369723701477050781e+01,-9.578491210937500000e+00,-5.089438915252685547e+00,-4.312941133975982666e-01,4.190047264099121094e+00,8.573483467102050781e+00,1.253178215026855469e+01,1.589983749389648438e+01,1.854172134399414062e+01,2.035621452331542969e+01,2.128060722351074219e+01,2.129261398315429688e+01,2.041036415100097656e+01,1.869053268432617188e+01,1.622476005554199219e+01,1.313455295562744141e+01,9.565016746520996094e+00,5.677690029144287109e+00,1.642911672592163086e+00,-2.367937326431274414e+00,-6.189934253692626953e+00,-9.671518325805664062e+00,-1.268049812316894531e+01,-1.510893535614013672e+01,-1.687671661376953125e+01,-1.793373107910156250e+01,-1.826062202453613281e+01,-1.786815643310546875e+01,-1.679533576965332031e+01,-1.510639476776123047e+01,-1.288691234588623047e+01,-1.023927211761474609e+01,-7.277711391448974609e+00,-4.123216629028320312e+00,-8.985106945037841797e-01,2.276670455932617188e+00,5.289820671081542969e+00,8.039297103881835938e+00,1.043724536895751953e+01,1.241177558898925781e+01,1.390837955474853516e+01,1.489061737060546875e+01,1.534014797210693359e+01,1.525618171691894531e+01,1.465445613861083984e+01,1.356584739685058594e+01,1.203471183776855469e+01,1.011705017089843750e+01,7.878582000732421875e+00,5.392776966094970703e+00,2.738887071609497070e+00,6.761237637066585052e-15
0.000000000000000000e+00,-4.690244197845458984e+00,-9.172358512878417969e+00,-1.324783420562744141e+01,-1.673694419860839844e+01,-1.948698425292968750e+01,-2.137922286987304688e+01,-2.233420181274414062e+01,-2.231516265869140625e+01,-2.132943534851074219e+01,-1.942774772644042969e+01,-1.670147895812988281e+01,-1.327806282043457031e+01,-9.314733505249023438e+00,-4.990961551666259766e+00,-4.999580383300781250e-01,3.960331916809082031e+00,8.196306228637695312e+00,1.202741909027099609e+01,1.529411602020263672e+01,1.786463546752929688e+01,1.964036750793457031e+01,2.055956268310546875e+01,2.059924316406250000e+01,1.977527618408203125e+01,1.814067840576171875e+01,1.578223705291748047e+01,1.281572914123535156e+01,9.379940032958984375e+00,5.629858016967773438e+00,1.729369044303894043e+00,-2.156182527542114258e+00,-5.867209434509277344e+00,-9.256550788879394531e+00,-1.219530773162841797e+01,-1.457761478424072266e+01,-1.632417678833007812e+01,-1.738447570800781250e+01,-1.773761558532714844e+01,-1.739184379577636719e+01,-1.638284111022949219e+01,-1.477095794677734375e+01,-1.263755893707275391e+01,-1.008071422576904297e+01,-7.210482597351074219e+00,-4.144008636474609375e+00,-1.000672221183776855e+00,2.102509021759033203e+00,5.055046558380126953e+00,7.756586551666259766e+00,1.011985397338867188e+01,1.207288551330566406e+01,1.356053733825683594e+01,1.454529571533203125e+01,1.500743198394775391e+01,1.494459152221679688e+01,1.437090110778808594e+01,1.331568717956542969e+01,1.182190513610839844e+01,9.944371223449707031e+00,7.747858047485351562e+00,5.305126667022705078e+00,2.694927692413330078e+00,6.653176561787670432e-15
0.000000000000000000e+00,-4.477567672729492188e+00,-8.757133483886718750e+00,-1.264981174468994141e+01,-1.598451042175292969e+01,-1.861574745178222656e+01,-2.043024063110351562e+01,-2.135195541381835938e+01,-2.134536552429199219e+01,-2.041680908203125000e+01,-1.861384963989257812e+01,-1.602273178100585938e+01,-1.276405048370361328e+01,-8.986862182617187500e+00,-4.861549854278564453e+00,-5.717880725860595703e-01,3.693977117538452148e+00,7.751139163970947266e+00,1.142720413208007812e+01,1.456935119628906250e+01,1.705092620849609375e+01,1.877659416198730469e+01,1.968592643737792969e+01,1.975530242919921875e+01,1.899808311462402344e+01,1.746307182312011719e+01,1.523143386840820312e+01,1.241220951080322266e+01,9.136724472045898438e+00,5.552177906036376953e+00,1.814727306365966797e+00,-1.917564034461975098e+00,-5.491608142852783203e+00,-8.765675544738769531e+00,-1.161501884460449219e+01,-1.393649864196777344e+01,-1.565207290649414062e+01,-1.671101570129394531e+01,-1.709086799621582031e+01,-1.679710960388183594e+01,-1.586168289184570312e+01,-1.434046077728271484e+01,-1.230987644195556641e+01,-9.862893104553222656e+00,-7.104548931121826172e+00,-4.147297382354736328e+00,-1.106356859207153320e+00,1.904731035232543945e+00,4.778168201446533203e+00,7.415456295013427734e+00,9.730347633361816406e+00,1.165113353729248047e+01,1.312224102020263672e+01,1.410516738891601562e+01,1.457877731323242188e+01,1.453904056549072266e+01,1.399827480316162109e+01,1.298399734497070312e+01,1.153745746612548828e+01,9.711934089660644531e+00,7.570878982543945312e+00,5.185952186584472656e+00,2.634999752044677734e+00,6.505730572043798982e-15
0.000000000000000000e+00,-4.231469154357910156e+00,-8.276593208312988281e+00,-1.195756435394287109e+01,-1.511323833465576172e+01,-1.760646057128906250e+01,-1.933025550842285156e+01,-2.021256256103515625e+01,-2.021932220458984375e+01,-1.935577774047851562e+01,-1.766591835021972656e+01,-1.523013687133789062e+01,-1.216121006011962891e+01,-8.598828315734863281e+00,-4.702943325042724609e+00,-6.462680101394653320e-01,3.393697023391723633e+00,7.242733001708984375e+00,1.073767757415771484e+01,1.373354625701904297e+01,1.610967636108398438e+01,1.777462768554687500e+01,1.866963768005371094e+01,1.877050018310546875e+01,1.808782958984375000e+01,1.666572952270507812e+01,1.457900524139404297e+01,1.192904186248779297e+01,8.838642120361328125e+00,5.446055412292480469e+00,1.898529052734375000e+00,-1.654321312904357910e+00,-5.066995143890380859e+00,-8.204162597656250000e+00,-1.094603157043457031e+01,-1.319281291961669922e+01,-1.486812114715576172e+01,-1.592122459411621094e+01,-1.632807922363281250e+01,-1.609119033813476562e+01,-1.523835754394531250e+01,-1.382043743133544922e+01,-1.190826988220214844e+01,-9.588968276977539062e+00,-6.961764335632324219e+00,-4.133625984191894531e+00,-1.214841842651367188e+00,1.685236334800720215e+00,4.462134361267089844e+00,7.019749164581298828e+00,9.273289680480957031e+00,1.115161418914794922e+01,1.259892368316650391e+01,1.357581520080566406e+01,1.405973911285400391e+01,1.404488372802734375e+01,1.354158496856689453e+01,1.257530975341796875e+01,1.118530845642089844e+01,9.422997474670410156e+00,7.350151062011718750e+00,5.036954402923583984e+00,2.559962034225463867e+00,6.321014285587791062e-15
0.000000000000000000e+00,-3.954629182815551758e+00,-7.735974311828613281e+00,-1.117864036560058594e+01,-1.413263607025146484e+01,-1.647015762329101562e+01,-1.809130859375000000e+01,-1.892851448059082031e+01,-1.894940567016601562e+01,-1.815804290771484375e+01,-1.659445953369140625e+01,-1.433253669738769531e+01,-1.147634124755859375e+01,-8.155106544494628906e+00,-4.517124652862548828e+00,-7.228347659111022949e-01,3.062534809112548828e+00,6.676434516906738281e+00,9.966208457946777344e+00,1.279572677612304688e+01,1.505113124847412109e+01,1.664545631408691406e+01,1.752192687988281250e+01,1.765580177307128906e+01,1.705474662780761719e+01,1.575771808624267578e+01,1.383249187469482422e+01,1.137195777893066406e+01,8.489417076110839844e+00,5.313114166259765625e+00,1.980291724205017090e+00,-1.368952393531799316e+00,-4.597709178924560547e+00,-7.577942371368408203e+00,-1.019556522369384766e+01,-1.235471057891845703e+01,-1.398104381561279297e+01,-1.502400970458984375e+01,-1.545797824859619141e+01,-1.528228569030761719e+01,-1.452023983001708984e+01,-1.321718311309814453e+01,-1.143776035308837891e+01,-9.262554168701171875e+00,-6.784265518188476562e+00,-4.103645801544189453e+00,-1.325341939926147461e+00,1.446146965026855469e+00,4.110264301300048828e+00,6.573804378509521484e+00,8.753841400146484375e+00,1.058010101318359375e+01,1.199675083160400391e+01,1.296358489990234375e+01,1.345663261413574219e+01,1.346822071075439453e+01,1.300654125213623047e+01,1.209479236602783203e+01,1.076995754241943359e+01,9.081283569335937500e+00,7.088537216186523438e+00,4.860075473785400391e+00,2.470795631408691406e+00,6.101445981484057701e-15
0.000000000000000000e+00,-3.650007247924804688e+00,-7.141056060791015625e+00,-1.032137012481689453e+01,-1.305320072174072266e+01,-1.521900558471679688e+01,-1.672668266296386719e+01,-1.751360702514648438e+01,-1.754928779602050781e+01,-1.683653068542480469e+01,-1.541107368469238281e+01,-1.333970165252685547e+01,-1.071696186065673828e+01,-7.660653114318847656e+00,-4.306298255920410156e+00,-8.008832931518554688e-01,2.703833580017089844e+00,6.058129310607910156e+00,9.120918273925781250e+00,1.176584339141845703e+01,1.388659381866455078e+01,1.540120792388916016e+01,1.625518798828125000e+01,1.642332267761230469e+01,1.591014480590820312e+01,1.474906730651855469e+01,1.300024318695068359e+01,1.074731159210205078e+01,8.093193054199218750e+00,5.155175685882568359e+00,2.059510946273803711e+00,-1.064189076423645020e+00,-4.088518142700195312e+00,-6.893547058105468750e+00,-9.371577262878417969e+00,-1.143119525909423828e+01,-1.300047397613525391e+01,-1.402921867370605469e+01,-1.449021720886230469e+01,-1.437947845458984375e+01,-1.371550464630126953e+01,-1.253768539428710938e+01,-1.090392971038818359e+01,-8.887677192687988281e+00,-6.574448108673095703e+00,-4.058108329772949219e+00,-1.437017083168029785e+00,1.189787030220031738e+00,3.726209402084350586e+00,6.082412242889404297e+00,8.177709579467773438e+00,9.942983627319335938e+00,1.132255554199218750e+01,1.227551269531250000e+01,1.277647304534912109e+01,1.281582832336425781e+01,1.239949131011962891e+01,1.154819488525390625e+01,1.029640960693359375e+01,8.690937995910644531e+00,6.789227008819580078e+00,4.657478809356689453e+00,2.368593931198120117e+00,5.849720071537814828e-15
0.000000000000000000e+00,-3.320809125900268555e+00,-6.498101234436035156e+00,-9.394782066345214844e+00,-1.188630294799804688e+01,-1.386619853973388672e+01,-1.525078296661376953e+01,-1.598278808593750000e+01,-1.603377914428710938e+01,-1.540525150299072266e+01,-1.412834453582763672e+01,-1.226222896575927734e+01,-9.891231536865234375e+00,-7.120851993560791016e+00,-4.072868347167968750e+00,-8.797721862792968750e-01,2.321203708648681641e+00,5.394185543060302734e+00,8.210597038269042969e+00,1.065467643737792969e+01,1.262831592559814453e+01,1.405502796173095703e+01,1.488286685943603516e+01,1.508620452880859375e+01,1.466629981994628906e+01,1.365067100524902344e+01,1.209133434295654297e+01,1.006201457977294922e+01,7.654488086700439453e+00,4.974239826202392578e+00,2.135665178298950195e+00,-7.429705858230590820e-01,-3.544572591781616211e+00,-6.158043384552001953e+00,-8.482687950134277344e+00,-1.043202400207519531e+01,-1.193686008453369141e+01,-1.294753932952880859e+01,-1.343528270721435547e+01,-1.339263916015625000e+01,-1.283304309844970703e+01,-1.178955078125000000e+01,-1.031286430358886719e+01,-8.468741416931152344e+00,-6.334941387176513672e+00,-3.997857570648193359e+00,-1.548979878425598145e+00,9.186593294143676758e-01,3.313922166824340820e+00,5.550764083862304688e+00,7.551092624664306641e+00,9.247208595275878906e+00,1.058377170562744141e+01,1.151925849914550781e+01,1.202689743041992188e+01,1.209509181976318359e+01,1.172735691070556641e+01,1.094178676605224609e+01,9.770130157470703125e+00,8.256484985351562500e+00,6.455702304840087891e+00,4.431528568267822266e+00,2.254551172256469727e+00,5.568779995240771136e-15
0.000000000000000000e+00,-2.970456123352050781e+00,-5.813793182373046875e+00,-8.408509254455566406e+00,-1.064408111572265625e+01,-1.242581462860107422e+01,-1.367897701263427734e+01,-1.435201358795166016e+01,-1.441870117187500000e+01,-1.387916755676269531e+01,-1.275970745086669922e+01,-1.111144161224365234e+01,-9.007871627807617188e+00,-6.541461467742919922e+00,-3.819412231445312500e+00,-9.588299393653869629e-01,1.918485403060913086e+00,4.691387176513671875e+00,7.244621276855468750e+00,9.473725318908691406e+00,1.128936672210693359e+01,1.262094879150390625e+01,1.341931724548339844e+01,1.365848827362060547e+01,1.333632469177246094e+01,1.247416973114013672e+01,1.111546802520751953e+01,9.323470115661621094e+00,7.178146839141845703e+00,4.772467136383056641e+00,2.208219766616821289e+00,-4.084141254425048828e-01,-2.971353292465209961e+00,-5.378963947296142578e+00,-7.538092136383056641e+00,-9.367611885070800781e+00,-1.080136585235595703e+01,-1.179039382934570312e+01,-1.230438518524169922e+01,-1.233232975006103516e+01,-1.188237476348876953e+01,-1.098093032836914062e+01,-9.671091079711914062e+00,-8.010474205017089844e+00,-6.068581104278564453e+00,-3.923819780349731445e+00,-1.660303831100463867e+00,6.354209184646606445e-01,2.877611875534057617e+00,4.984401702880859375e+00,6.880609512329101562e+00,8.500203132629394531e+00,9.788353919982910156e+00,1.070302772521972656e+01,1.121609115600585938e+01,1.131392860412597656e+01,1.099755859375000000e+01,1.028229999542236328e+01,9.196982383728027344e+00,7.782783031463623047e+00,6.091703891754150391e+00,4.184763431549072266e+00,2.129950523376464844e+00,5.261787303068553301e-15
0.000000000000000000e+00,-2.602550029754638672e+00,-5.095168113708496094e+00,-7.372696399688720703e+00,-9.339315414428710938e+00,-1.091267871856689453e+01,-1.202745246887207031e+01,-1.263808822631835938e+01,-1.272070884704589844e+01,-1.227403545379638672e+01,-1.131931781768798828e+01,-9.899268150329589844e+00,-8.076071739196777344e+00,-5.928555488586425781e+00,-3.548656463623046875e+00,-1.037361145019531250e+00,1.499711275100708008e+00,3.956868886947631836e+00,6.232853412628173828e+00,8.235091209411621094e+00,9.883508682250976562e+00,1.111374855041503906e+01,1.187965869903564453e+01,1.215496253967285156e+01,1.193404293060302734e+01,1.123184204101562500e+01,1.008288288116455078e+01,8.539489746093750000e+00,6.669292449951171875e+00,4.552151203155517578e+00,2.276632785797119141e+00,-6.378440558910369873e-02,-2.374617576599121094e+00,-4.564230918884277344e+00,-6.547467708587646484e+00,-8.248926162719726562e+00,-9.605747222900390625e+00,-1.056982135772705078e+01,-1.110934734344482422e+01,-1.120969009399414062e+01,-1.087354946136474609e+01,-1.012043476104736328e+01,-8.985513687133789062e+00,-7.517884731292724609e+00,-5.778381347656250000e+00,-3.836993455886840820e+00,-1.770032048225402832e+00,3.428565561771392822e-01,2.421705484390258789e+00,4.389162063598632812e+00,6.173240661621093750e+00,7.709804534912109375e+00,8.944699287414550781e+00,9.835483551025390625e+00,1.035270500183105469e+01,1.048070621490478516e+01,1.021794891357421875e+01,9.576850891113281250e+00,8.583171844482421875e+00,7.274972915649414062e+00,5.701189517974853516e+00,3.919871091842651367e+00,1.996150255203247070e+00,4.932090316261657573e-15
0.000000000000000000e+00,-2.220837831497192383e+00,-4.349544525146484375e+00,-6.297893524169921875e+00,-7.985298156738281250e+00,-9.342210769653320312e+00,-1.031304645538330078e+01,-1.085849571228027344e+01,-1.095713233947753906e+01,-1.060625171661376953e+01,-9.821905136108398438e+00,-8.638125419616699219e+00,-7.105403900146484375e+00,-5.288463115692138672e+00,-3.263447999954223633e+00,-1.114653229713439941e+00,1.069065809249877930e+00,3.198042869567871094e+00,5.185546398162841797e+00,6.951361179351806641e+00,8.425055503845214844e+00,9.548801422119140625e+00,1.027962589263916016e+01,1.059102249145507812e+01,1.047384452819824219e+01,9.936471939086914062e+00,9.004246711730957031e+00,7.718221664428710938e+00,6.133275985717773438e+00,4.315701007843017578e+00,2.340358018875122070e+00,2.875389158725738525e-01,-1.760341644287109375e+00,-3.722074747085571289e+00,-5.520878314971923828e+00,-7.087379932403564453e+00,-8.362245559692382812e+00,-9.298359870910644531e+00,-9.862484931945800781e+00,-1.003633308410644531e+01,-9.817045211791992188e+00,-9.217048645019531250e+00,-8.263339996337890625e+00,-6.996211051940917969e+00,-5.467500209808349609e+00,-3.738439321517944336e+00,-1.877186536788940430e+00,4.385110735893249512e-02,1.950801730155944824e+00,3.771116018295288086e+00,5.436254024505615234e+00,6.884177207946777344e+00,8.061563491821289062e+00,8.925663948059082031e+00,9.445762634277343750e+00,9.604164123535156250e+00,9.396723747253417969e+00,8.832875251770019531e+00,7.935181140899658203e+00,6.738429069519042969e+00,5.288298130035400391e+00,3.639661550521850586e+00,1.854570388793945312e+00,4.583188127925191466e-15
0.000000000000000000e+00,-1.829173445701599121e+00,-3.584451913833618164e+00,-5.194954872131347656e+00,-6.595705032348632812e+00,-7.730275630950927734e+00,-8.553081512451171875e+00,-9.031221389770507812e+00,-9.145804405212402344e+00,-8.892689704895019531e+00,-8.282629013061523438e+00,-7.340795040130615234e+00,-6.105721473693847656e+00,-4.627705097198486328e+00,-2.966725111007690430e+00,-1.189983487129211426e+00,6.308442950248718262e-01,2.422526359558105469e+00,4.113241672515869141e+00,5.635476589202880859e+00,6.928730487823486328e+00,7.941923141479492188e+00,8.635408401489257812e+00,8.982514381408691406e+00,8.970545768737792969e+00,8.601226806640625000e+00,7.890551567077636719e+00,6.868067264556884766e+00,5.575619697570800781e+00,4.065610885620117188e+00,2.398852348327636719e+00,6.420945525169372559e-01,-1.134660601615905762e+00,-2.860955476760864258e+00,-4.468672275543212891e+00,-5.894711494445800781e+00,-7.083455085754394531e+00,-7.988914966583251953e+00,-8.576482772827148438e+00,-8.824223518371582031e+00,-8.723664283752441406e+00,-8.280038833618164062e+00,-7.512012004852294922e+00,-6.450865745544433594e+00,-5.139212131500244141e+00,-3.629269361495971680e+00,-1.980777382850646973e+00,-2.586389482021331787e-01,1.469626069068908691e+00,3.136510372161865234e+00,4.677132606506347656e+00,6.031734466552734375e+00,7.147968769073486328e+00,7.982889175415039062e+00,8.504573822021484375e+00,8.693316459655761719e+00,8.542345046997070312e+00,8.058051109313964844e+00,7.259706974029541016e+00,6.178700447082519531e+00,4.857304096221923828e+00,3.347037792205810547e+00,1.706678509712219238e+00,4.218698415776878097e-15
0.000000000000000000e+00,-1.431479573249816895e+00,-2.807552814483642578e+00,-4.074926853179931641e+00,-5.184455394744873047e+00,-6.093021392822265625e+00,-6.765189647674560547e+00,-7.174576282501220703e+00,-7.304879188537597656e+00,-7.150527477264404297e+00,-6.716927528381347656e+00,-6.020293235778808594e+00,-5.087063789367675781e+00,-3.952927589416503906e+00,-2.661489248275756836e+00,-1.262625932693481445e+00,1.894095540046691895e-01,1.638063788414001465e+00,3.026661872863769531e+00,4.300607204437255859e+00,5.409518241882324219e+00,6.309216499328613281e+00,6.963492870330810547e+00,7.345574378967285156e+00,7.439239025115966797e+00,7.239523887634277344e+00,6.752999782562255859e+00,5.997593879699707031e+00,5.001963615417480469e+00,3.804440259933471680e+00,2.451579332351684570e+00,9.963738918304443359e-01,-5.038079023361206055e-01,-1.989476203918457031e+00,-3.401379108428955078e+00,-4.682872295379638672e+00,-5.782206058502197266e+00,-6.654636383056640625e+00,-7.264268398284912109e+00,-7.585560798645019531e+00,-7.604424476623535156e+00,-7.318862438201904297e+00,-6.739127635955810547e+00,-5.887382984161376953e+00,-4.796871662139892578e+00,-3.510634183883666992e+00,-2.079812765121459961e+00,-5.616149306297302246e-01,9.829834103584289551e-01,2.491704225540161133e+00,3.903500080108642578e+00,5.161051273345947266e+00,6.213119506835937500e+00,7.016667366027832031e+00,7.538643360137939453e+00,7.757367610931396484e+00,7.663453102111816406e+00,7.260220050811767578e+00,6.563590049743652344e+00,5.601459980010986328e+00,4.412577152252197266e+00,3.044966936111450195e+00,1.553974509239196777e+00,3.842318055115008860e-15
0.000000000000000000e+00,-1.031708598136901855e+00,-2.026568651199340820e+00,-2.948941230773925781e+00,-3.765575408935546875e+00,-4.446719646453857422e+00,-4.967140197753906250e+00,-5.307012081146240234e+00,-5.452652454376220703e+00,-5.397079467773437500e+00,-5.140360832214355469e+00,-4.689744949340820312e+00,-4.059554576873779297e+00,-3.270836591720581055e+00,-2.350774049758911133e+00,-1.331858634948730469e+00,-2.508512139320373535e-01,8.524518013000488281e-01,1.936605930328369141e+00,2.960019826889038086e+00,3.882517814636230469e+00,4.666907787322998047e+00,5.280494213104248047e+00,5.696471691131591797e+00,5.895142555236816406e+00,5.864896297454833984e+00,5.602898120880126953e+00,5.115453243255615234e+00,4.418009757995605469e+00,3.534784078598022461e+00,2.498014688491821289e+00,1.346855998039245605e+00,1.259466856718063354e-01,-1.116298079490661621e+00,-2.329606533050537109e+00,-3.463906049728393555e+00,-4.471430301666259766e+00,-5.308785438537597656e+00,-5.938883781433105469e+00,-6.332654476165771484e+00,-6.470449447631835938e+00,-6.343070983886718750e+00,-5.952368736267089844e+00,-5.311362266540527344e+00,-4.443880558013916016e+00,-3.383713006973266602e+00,-2.173308372497558594e+00,-8.620656728744506836e-01,4.957101941108703613e-01,1.843105912208557129e+00,3.123045921325683594e+00,4.280781269073486328e+00,5.266307353973388672e+00,6.036601066589355469e+00,6.557569026947021484e+00,6.805620670318603516e+00,6.768784046173095703e+00,6.447312355041503906e+00,5.853749275207519531e+00,5.012444496154785156e+00,3.958536863327026367e+00,2.736451625823974609e+00,1.397976160049438477e+00,3.457787119918185118e-15
0.000000000000000000e+00,-6.338036060333251953e-01,-1.249201774597167969e+00,-1.828103065490722656e+00,-2.353056430816650391e+00,-2.807603836059570312e+00,-3.176661729812622070e+00,-3.446938991546630859e+00,-3.607379913330078125e+00,-3.649623155593872070e+00,-3.568458318710327148e+00,-3.362249374389648438e+00,-3.033301591873168945e+00,-2.588131904602050781e+00,-2.037615060806274414e+00,-1.396970748901367188e+00,-6.855701208114624023e-01,7.346048206090927124e-02,8.538414239883422852e-01,1.626945853233337402e+00,2.362791299819946289e+00,3.031187295913696289e+00,3.602994680404663086e+00,4.051444530487060547e+00,4.353451251983642578e+00,4.490859031677246094e+00,4.451540470123291016e+00,4.230293273925781250e+00,3.829463481903076172e+00,3.259249925613403320e+00,2.537652254104614258e+00,1.690042495727539062e+00,7.483595609664916992e-01,-2.500542104244232178e-01,-1.263933420181274414e+00,-2.249829769134521484e+00,-3.164035320281982422e+00,-3.964601278305053711e+00,-4.613353729248046875e+00,-5.077804565429687500e+00,-5.332857608795166016e+00,-5.362218856811523438e+00,-5.159422397613525391e+00,-4.728415489196777344e+00,-4.083655834197998047e+00,-3.249701499938964844e+00,-2.260297298431396484e+00,-1.156997680664062500e+00,1.262642815709114075e-02,1.197109341621398926e+00,2.343446493148803711e+00,3.399569034576416016e+00,4.316817760467529297e+00,5.052291870117187500e+00,5.570953845977783203e+00,5.847381591796875000e+00,5.867078304290771484e+00,5.627264022827148438e+00,5.137110710144042969e+00,4.417398452758789062e+00,3.499609708786010742e+00,2.424498558044433594e+00,1.240203499794006348e+00,3.068853095703296709e-15
0.000000000000000000e+00,-2.416586279869079590e-01,-4.830598533153533936e-01,-7.233797311782836914e-01,-9.607194662094116211e-01,-1.191708445549011230e+00,-1.411264777183532715e+00,-1.612544178962707520e+00,-1.787096500396728516e+00,-1.925229430198669434e+00,-2.016564846038818359e+00,-2.050752639770507812e+00,-2.018297433853149414e+00,-1.911439538002014160e+00,-1.725020527839660645e+00,-1.457269906997680664e+00,-1.110441923141479492e+00,-6.912432909011840820e-01,-2.110029011964797974e-01,3.144497871398925781e-01,8.652136921882629395e-01,1.418047547340393066e+00,1.947377920150756836e+00,2.426539421081542969e+00,2.829182863235473633e+00,3.130774259567260742e+00,3.310098648071289062e+00,3.350672721862792969e+00,3.241978168487548828e+00,2.980430126190185547e+00,2.570008039474487305e+00,2.022492170333862305e+00,1.357275128364562988e+00,6.007361412048339844e-01,-2.148051261901855469e-01,-1.052513480186462402e+00,-1.872776865959167480e+00,-2.635172843933105469e+00,-3.300559520721435547e+00,-3.833178520202636719e+00,-4.202652931213378906e+00,-4.385765075683593750e+00,-4.367905139923095703e+00,-4.144106388092041016e+00,-3.719593286514282227e+00,-3.109798669815063477e+00,-2.339839935302734375e+00,-1.443464398384094238e+00,-4.615121483802795410e-01,5.600306987762451172e-01,1.572291374206542969e+00,2.525965690612792969e+00,3.373840093612670898e+00,4.073244571685791016e+00,4.588305473327636719e+00,4.891869544982910156e+00,4.966998577117919922e+00,4.807942390441894531e+00,4.420540809631347656e+00,3.822017669677734375e+00,3.040185689926147461e+00,2.112089633941650391e+00,1.082164287567138672e+00,2.679232127768185062e-15
0.000000000000000000e+00,1.409192234277725220e-01,2.644199430942535400e-01,3.545060455799102783e-01,3.979245126247406006e-01,3.852896988391876221e-01,3.119295537471771240e-01,1.783906221389770508e-01,-9.437239728868007660e-03,-2.405914068222045898e-01,-4.996884465217590332e-01,-7.679186463356018066e-01,-1.024319887161254883e+00,-1.247247219085693359e+00,-1.415941357612609863e+00,-1.512088775634765625e+00,-1.521266818046569824e+00,-1.434172034263610840e+00,-1.247541904449462891e+00,-9.646992087364196777e-01,-5.956730246543884277e-01,-1.568740904331207275e-01,3.296657502651214600e-01,8.374536633491516113e-01,1.337031602859497070e+00,1.797721028327941895e+00,2.189511537551879883e+00,2.484977245330810547e+00,2.661099195480346680e+00,2.700877904891967773e+00,2.594626426696777344e+00,2.340855836868286133e+00,1.946687340736389160e+00,1.427751779556274414e+00,8.075695633888244629e-01,1.164362132549285889e-01,-6.101316809654235840e-01,-1.333306670188903809e+00,-2.013108968734741211e+00,-2.610691785812377930e+00,-3.090615987777709961e+00,-3.422982215881347656e+00,-3.585289239883422852e+00,-3.563901662826538086e+00,-3.355035781860351562e+00,-2.965197801589965820e+00,-2.411033630371093750e+00,-1.718596339225769043e+00,-9.220612645149230957e-01,-6.195441633462905884e-02,8.170067667961120605e-01,1.668343186378479004e+00,2.446375846862792969e+00,3.108774423599243164e+00,3.618946313858032227e+00,3.948125123977661133e+00,4.077040672302246094e+00,3.997066020965576172e+00,3.710778474807739258e+00,3.231893062591552734e+00,2.584573507308959961e+00,1.802152872085571289e+00,9.253387451171875000e-01,2.292573234049621704e-15
0.000000000000000000e+00,5.102478265762329102e-01,9.860442280769348145e-01,1.395183205604553223e+00,1.709806323051452637e+00,1.908226847648620605e+00,1.976359367370605469e+00,1.908663034439086914e+00,1.708536386489868164e+00,1.388139009475708008e+00,9.676478505134582520e-01,4.739948809146881104e-01,-6.083501502871513367e-02,-6.018399596214294434e-01,-1.113242030143737793e+00,-1.560792207717895508e+00,-1.913991928100585938e+00,-2.148091793060302734e+00,-2.245736837387084961e+00,-2.198154211044311523e+00,-2.005804300308227539e+00,-1.678450107574462891e+00,-1.234638690948486328e+00,-7.006211876869201660e-01,-1.087768077850341797e-01,5.043641924858093262e-01,1.100376605987548828e+00,1.641336917877197266e+00,2.092210769653320312e+00,2.423081874847412109e+00,2.611083984375000000e+00,2.641908884048461914e+00,2.510798454284667969e+00,2.222951889038085938e+00,1.793319582939147949e+00,1.245791316032409668e+00,6.118253469467163086e-01,-7.140188664197921753e-02,-7.632143497467041016e-01,-1.421889543533325195e+00,-2.007196664810180664e+00,-2.482864379882812500e+00,-2.818827867507934570e+00,-2.993112325668334961e+00,-2.993240833282470703e+00,-2.817072629928588867e+00,-2.473020553588867188e+00,-1.979628801345825195e+00,-1.364534139633178711e+00,-6.628717184066772461e-01,8.478319644927978516e-02,8.348128795623779297e-01,1.543150544166564941e+00,2.167913913726806641e+00,2.671919107437133789e+00,3.024921894073486328e+00,3.205452680587768555e+00,3.202129125595092773e+00,3.014368534088134766e+00,2.652456045150756836e+00,2.136960029602050781e+00,1.497533082962036133e+00,7.711656093597412109e-01,1.912422306223049949e-15
0.000000000000000000e+00,8.628061413764953613e-01,1.674934267997741699e+00,2.388734102249145508e+00,2.962428092956542969e+00,3.362601280212402344e+00,3.566185474395751953e+00,3.561820030212402344e+00,3.350504875183105469e+00,2.945510625839233398e+00,2.371548891067504883e+00,1.663258194923400879e+00,8.630948066711425781e-01,1.876144297420978546e-02,-8.196728229522705078e-01,-1.602783679962158203e+00,-2.284751892089843750e+00,-2.826093435287475586e+00,-3.195994853973388672e+00,-3.374112606048583984e+00,-3.351731538772583008e+00,-3.132211923599243164e+00,-2.730704069137573242e+00,-2.173147916793823242e+00,-1.494625926017761230e+00,-7.371687293052673340e-01,5.284659937024116516e-02,8.275461792945861816e-01,1.540480971336364746e+00,2.149441957473754883e+00,2.618994712829589844e+00,2.922584295272827148e+00,3.044077396392822266e+00,2.978656053543090820e+00,2.733009099960327148e+00,2.324812889099121094e+00,1.781539916992187500e+00,1.138671517372131348e+00,4.374289810657501221e-01,-2.778341472148895264e-01,-9.624139070510864258e-01,-1.574039459228515625e+00,-2.075484514236450195e+00,-2.436845541000366211e+00,-2.637348175048828125e+00,-2.666568279266357422e+00,-2.524999141693115234e+00,-2.223929882049560547e+00,-1.784645676612854004e+00,-1.237007141113281250e+00,-6.174957156181335449e-01,3.314549103379249573e-02,6.725283861160278320e-01,1.259326100349426270e+00,1.755899906158447266e+00,2.130680322647094727e+00,2.360153913497924805e+00,2.430329799652099609e+00,2.337598562240600586e+00,2.088924646377563477e+00,1.701368927955627441e+00,1.200964689254760742e+00,6.210274696350097656e-01,1.542187593109984288e-15
0.000000000000000000e+00,1.195268869400024414e+00,2.324593782424926758e+00,3.325792312622070312e+00,4.143986225128173828e+00,4.734715938568115234e+00,5.066446304321289062e+00,5.122319221496582031e+00,4.901050567626953125e+00,4.416924476623535156e+00,3.698884010314941406e+00,2.788783550262451172e+00,1.738900303840637207e+00,6.088591814041137695e-01,-5.378430485725402832e-01,-1.637511610984802246e+00,-2.629906892776489258e+00,-3.461661338806152344e+00,-4.089262485504150391e+00,-4.481431007385253906e+00,-4.620753765106201172e+00,-4.504492282867431641e+00,-4.144515991210937500e+00,-3.566386222839355469e+00,-2.807641506195068359e+00,-1.915406584739685059e+00,-9.434698820114135742e-01,5.098801106214523315e-02,1.010814309120178223e+00,1.882246255874633789e+00,2.618014335632324219e+00,3.180002689361572266e+00,3.541313648223876953e+00,3.687619447708129883e+00,3.617730379104614258e+00,3.343356609344482422e+00,2.888091564178466797e+00,2.285689592361450195e+00,1.577756166458129883e+00,8.110032081604003906e-01,3.424300253391265869e-02,-7.046852707862854004e-01,-1.361866354942321777e+00,-1.899954199790954590e+00,-2.290350675582885742e+00,-2.514789104461669922e+00,-2.566230058670043945e+00,-2.449026584625244141e+00,-2.178354978561401367e+00,-1.778962850570678711e+00,-1.283320546150207520e+00,-7.293047904968261719e-01,-1.575701385736465454e-01,3.912191092967987061e-01,8.791140317916870117e-01,1.273387074470520020e+00,1.548657298088073730e+00,1.688499689102172852e+00,1.686437010765075684e+00,1.546254634857177734e+00,1.281621217727661133e+00,9.150447845458984375e-01,4.762378633022308350e-01,1.185107195788659504e-15
0.000000000000000000e+00,1.504539251327514648e+00,2.928972244262695312e+00,4.197633743286132812e+00,5.243486404418945312e+00,6.011813163757324219e+00,6.463205814361572266e+00,6.575682640075683594e+00,6.345809936523437500e+00,5.788776397705078125e+00,4.937414646148681641e+00,3.840234756469726562e+00,2.558588743209838867e+00,1.163133978843688965e+00,-2.701958417892456055e-01,-1.664474964141845703e+00,-2.946078538894653320e+00,-4.048736572265625000e+00,-4.917116641998291016e+00,-5.509736537933349609e+00,-5.801043987274169922e+00,-5.782557964324951172e+00,-5.463015556335449219e+00,-4.867527484893798828e+00,-4.035817146301269531e+00,-3.019646406173706055e+00,-1.879601716995239258e+00,-6.814375519752502441e-01,5.078020691871643066e-01,1.623650312423706055e+00,2.607844352722167969e+00,3.411501884460449219e+00,3.997670173645019531e+00,4.343104362487792969e+00,4.439190387725830078e+00,4.291971683502197266e+00,3.921300649642944336e+00,3.359183311462402344e+00,2.647441148757934570e+00,1.834844231605529785e+00,9.739068746566772461e-01,1.175496950745582581e-01,-6.841598749160766602e-01,-1.386989593505859375e+00,-1.955065488815307617e+00,-2.362789630889892578e+00,-2.596045494079589844e+00,-2.652629613876342773e+00,-2.541905164718627930e+00,-2.283710479736328125e+00,-1.906619310379028320e+00,-1.445671916007995605e+00,-9.397443532943725586e-01,-4.287327826023101807e-01,4.925548657774925232e-02,4.605163931846618652e-01,7.779979109764099121e-01,9.830374121665954590e-01,1.066476941108703613e+00,1.029090166091918945e+00,8.812993764877319336e-01,6.422088742256164551e-01,3.380285203456878662e-01,8.442176744354230617e-16
0.000000000000000000e+00,1.787778854370117188e+00,3.482524871826171875e+00,4.996263504028320312e+00,6.250852108001708984e+00,7.182197570800781250e+00,7.743687629699707031e+00,7.908635139465332031e+00,7.671610832214355469e+00,7.048590660095214844e+00,6.075914382934570312e+00,4.808125972747802734e+00,3.314821720123291016e+00,1.676696658134460449e+00,-1.898496225476264954e-02,-1.683228611946105957e+00,-3.230184078216552734e+00,-4.581778049468994141e+00,-5.671844482421875000e+00,-6.449525833129882812e+00,-6.881761550903320312e+00,-6.954736709594726562e+00,-6.674223899841308594e+00,-6.064819335937500000e+00,-5.168131828308105469e+00,-4.040057182312011719e+00,-2.747302293777465820e+00,-1.363380074501037598e+00,3.568005561828613281e-02,1.375656008720397949e+00,2.588235378265380859e+00,3.614662647247314453e+00,4.408729076385498047e+00,4.938946247100830078e+00,5.189793586730957031e+00,5.161994934082031250e+00,4.871827602386474609e+00,4.349541187286376953e+00,3.636996269226074219e+00,2.784698247909545898e+00,1.848417639732360840e+00,8.856197595596313477e-01,-4.807160794734954834e-02,-9.021591544151306152e-01,-1.634107351303100586e+00,-2.211565494537353516e+00,-2.613855838775634766e+00,-2.832656621932983398e+00,-2.871860027313232422e+00,-2.746639966964721680e+00,-2.481816768646240234e+00,-2.109644174575805664e+00,-1.667185187339782715e+00,-1.193463325500488281e+00,-7.265864014625549316e-01,-3.010406196117401123e-01,5.466501787304878235e-02,3.198484778404235840e-01,4.828817844390869141e-01,5.417208075523376465e-01,5.037128925323486328e-01,3.847069144248962402e-01,2.075376212596893311e-01,5.223249315671732364e-16
0.000000000000000000e+00,2.042435646057128906e+00,3.980265378952026367e+00,5.714491844177246094e+00,7.157021045684814453e+00,8.235353469848632812e+00,8.896401405334472656e+00,9.109235763549804688e+00,8.866603851318359375e+00,8.185140609741210938e+00,7.104278087615966797e+00,5.683915615081787109e+00,4.000986099243164062e+00,2.145135164260864258e+00,2.137468159198760986e-01,-1.693388462066650391e+00,-3.479465961456298828e+00,-5.055815696716308594e+00,-6.346521377563476562e+00,-7.292261123657226562e+00,-7.853161811828613281e+00,-8.010527610778808594e+00,-7.767362594604492188e+00,-7.147678375244140625e+00,-6.194654464721679688e+00,-4.967775344848632812e+00,-3.539129018783569336e+00,-1.989099621772766113e+00,-4.017125964164733887e-01,1.140093445777893066e+00,2.558991432189941406e+00,3.787333726882934570e+00,4.770537853240966797e+00,5.469614505767822266e+00,5.862714767456054688e+00,5.945631504058837891e+00,5.731263160705566406e+00,5.248101234436035156e+00,4.537864208221435547e+00,3.652448177337646484e+00,2.650400638580322266e+00,1.593149304389953613e+00,5.412259101867675781e-01,-4.492864012718200684e-01,-1.329864978790283203e+00,-2.062043428421020508e+00,-2.619156837463378906e+00,-2.987251996994018555e+00,-3.165138244628906250e+00,-3.163604497909545898e+00,-3.003888607025146484e+00,-2.715525388717651367e+00,-2.333740472793579102e+00,-1.896581888198852539e+00,-1.441994667053222656e+00,-1.005041718482971191e+00,-6.154594421386718750e-01,-2.957112193107604980e-01,-5.966299027204513550e-02,8.804025501012802124e-02,1.518668383359909058e-01,1.445827186107635498e-01,8.579914271831512451e-02,2.219779937246636379e-16
0.000000000000000000e+00,2.266268730163574219e+00,4.417815208435058594e+00,6.346004009246826172e+00,7.954034805297851562e+00,9.162041664123535156e+00,9.911252021789550781e+00,1.016699409484863281e+01,9.920374870300292969e+00,9.188555717468261719e+00,8.013618469238281250e+00,6.460086822509765625e+00,4.611257076263427734e+00,2.564556598663330078e+00,4.261867403984069824e-01,-1.694635510444641113e+00,-3.691519498825073242e+00,-5.466498851776123047e+00,-6.935076713562011719e+00,-8.030448913574218750e+00,-8.706686019897460938e+00,-8.940704345703125000e+00,-8.732953071594238281e+00,-8.106794357299804688e+00,-7.106642246246337891e+00,-5.794988632202148438e+00,-4.248513698577880859e+00,-2.553521156311035156e+00,-8.009690642356872559e-01,9.186041355133056641e-01,2.519972085952758789e+00,3.927653551101684570e+00,5.079645633697509766e+00,5.930266857147216797e+00,6.451965808868408203e+00,6.636034011840820312e+00,6.492208957672119141e+00,6.047234535217285156e+00,5.342500209808349609e+00,4.430928707122802734e+00,3.373336553573608398e+00,2.234493255615234375e+00,1.079142689704895020e+00,-3.177559375762939453e-02,-1.044478774070739746e+00,-1.915075063705444336e+00,-2.611534833908081055e+00,-3.114806413650512695e+00,-3.419043064117431641e+00,-3.530960083007812500e+00,-3.468408584594726562e+00,-3.258288860321044922e+00,-2.933973073959350586e+00,-2.532433509826660156e+00,-2.091285228729248047e+00,-1.645952463150024414e+00,-1.227155804634094238e+00,-8.588855862617492676e-01,-5.569940209388732910e-01,-3.284896314144134521e-01,-1.715659201145172119e-01,-7.634538412094116211e-02,-2.626686356961727142e-02,-5.455455324878720285e-17
0.000000000000000000e+00,2.457369327545166016e+00,4.791445255279541016e+00,6.885422229766845703e+00,8.635113716125488281e+00,9.954391479492187500e+00,1.077963829040527344e+01,1.107296752929687500e+01,1.082404422760009766e+01,1.005041980743408203e+01,8.796352386474609375e+00,7.130221366882324219e+00,5.140654563903808594e+00,2.931623935699462891e+00,6.167688965797424316e-01,-1.686719655990600586e+00,-3.864316940307617188e+00,-5.810139656066894531e+00,-7.432352542877197266e+00,-8.657716751098632812e+00,-9.435049057006835938e+00,-9.737403869628906250e+00,-9.562911033630371094e+00,-8.934218406677246094e+00,-7.896621704101562500e+00,-6.515010356903076172e+00,-4.869825363159179688e+00,-3.052281618118286133e+00,-1.159146308898925781e+00,7.126266956329345703e-01,2.471095085144042969e+00,4.034068584442138672e+00,5.333139896392822266e+00,6.316794395446777344e+00,6.952452659606933594e+00,7.227365970611572266e+00,7.148349761962890625e+00,6.740418910980224609e+00,6.044441699981689453e+00,5.113993167877197266e+00,4.011622905731201172e+00,2.804788827896118164e+00,1.561713695526123047e+00,3.474195599555969238e-01,-7.798224091529846191e-01,-1.771429061889648438e+00,-2.590672016143798828e+00,-3.213972806930541992e+00,-3.631288528442382812e+00,-3.845601081848144531e+00,-3.871591806411743164e+00,-3.733625173568725586e+00,-3.463212728500366211e+00,-3.096152782440185547e+00,-2.669559717178344727e+00,-2.218997240066528320e+00,-1.775915265083312988e+00,-1.365561962127685547e+00,-1.005508184432983398e+00,-7.048707604408264160e-01,-4.642692804336547852e-01,-2.765011489391326904e-01,-1.278626024723052979e-01,-3.053056142995240821e-16
0.000000000000000000e+00,2.614179611206054688e+00,5.098111629486083984e+00,7.328356266021728516e+00,9.194722175598144531e+00,1.060597705841064453e+01,1.149453353881835938e+01,1.181984806060791016e+01,1.157035541534423828e+01,1.076384544372558594e+01,9.446269989013671875e+00,7.689056873321533203e+00,5.585088729858398438e+00,3.243587732315063477e+00,7.841884493827819824e-01,-1.669462919235229492e+00,-3.996226787567138672e+00,-6.083747863769531250e+00,-7.834154605865478516e+00,-9.168870925903320312e+00,-1.003230094909667969e+01,-1.039419937133789062e+01,-1.025062084197998047e+01,-9.623435020446777344e+00,-8.558459281921386719e+00,-7.122344017028808594e+00,-5.398421764373779297e+00,-3.481771230697631836e+00,-1.473792195320129395e+00,5.233843326568603516e-01,2.412338018417358398e+00,4.105349540710449219e+00,5.528672218322753906e+00,6.625863552093505859e+00,7.360025882720947266e+00,7.714857578277587891e+00,7.694510936737060547e+00,7.322297096252441406e+00,6.638371467590332031e+00,5.696570873260498047e+00,4.560625553131103516e+00,3.300001859664916992e+00,1.985634803771972656e+00,6.858221888542175293e-01,-5.374857783317565918e-01,-1.631785631179809570e+00,-2.556350469589233398e+00,-3.283679723739624023e+00,-3.800022363662719727e+00,-4.104990005493164062e+00,-4.210329532623291016e+00,-4.137981414794921875e+00,-3.917598247528076172e+00,-3.583707332611083984e+00,-3.172750711441040039e+00,-2.720203399658203125e+00,-2.257980585098266602e+00,-1.812308430671691895e+00,-1.402195215225219727e+00,-1.038595795631408691e+00,-7.243046760559082031e-01,-4.545645713806152344e-01,-2.183197438716888428e-01,-5.286270155134228411e-16
0.000000000000000000e+00,2.735507249832153320e+00,5.335483074188232422e+00,7.671444416046142578e+00,9.628620147705078125e+00,1.111187171936035156e+01,1.205055141448974609e+01,1.240203189849853516e+01,1.215373516082763672e+01,1.132354354858398438e+01,9.958596229553222656e+00,8.132539749145507812e+00,5.941398620605468750e+00,3.498310327529907227e+00,9.274130463600158691e-01,-1.642761588096618652e+00,-4.086030006408691406e+00,-6.285060405731201172e+00,-8.137290954589843750e+00,-9.559945106506347656e+00,-1.049389362335205078e+01,-1.090616416931152344e+01,-1.079099845886230469e+01,-1.016942787170410156e+01,-9.087418556213378906e+00,-7.612730026245117188e+00,-5.830693721771240234e+00,-3.839165449142456055e+00,-1.742966413497924805e+00,3.518746197223663330e-01,2.343740940093994141e+00,4.140604972839355469e+00,5.664483547210693359e+00,6.854947566986083984e+00,7.671516895294189453e+00,8.094851493835449219e+00,8.126708984375000000e+00,7.788730144500732422e+00,7.120164394378662109e+00,6.174713134765625000e+00,5.016720771789550781e+00,3.716960668563842773e+00,2.348292350769042969e+00,9.814535975456237793e-01,-3.187623023986816406e-01,-1.496731400489807129e+00,-2.508456230163574219e+00,-3.323142051696777344e+00,-3.923842668533325195e+00,-4.307180404663085938e+00,-4.482217788696289062e+00,-4.468595981597900391e+00,-4.294112682342529297e+00,-3.991934776306152344e+00,-3.597657680511474609e+00,-3.146435737609863281e+00,-2.670379400253295898e+00,-2.196403980255126953e+00,-1.744663834571838379e+00,-1.327669978141784668e+00,-9.501280784606933594e-01,-6.094831824302673340e-01,-2.971051633358001709e-01,-7.232039301457732910e-16
0.000000000000000000e+00,2.820535659790039062e+00,5.501965045928955078e+00,7.912384510040283203e+00,9.933903694152832031e+00,1.146870136260986328e+01,1.244399642944335938e+01,1.281566905975341797e+01,1.257035160064697266e+01,1.172586727142333984e+01,1.033003044128417969e+01,8.457857131958007812e+00,6.207379817962646484e+00,3.694284915924072266e+00,1.045691728591918945e+00,-1.606587886810302734e+00,-4.132931709289550781e+00,-6.412560939788818359e+00,-8.339601516723632812e+00,-9.828240394592285156e+00,-1.081671142578125000e+01,-1.126990985870361328e+01,-1.118053627014160156e+01,-1.056872177124023438e+01,-9.480203628540039062e+00,-7.983188152313232422e+00,-6.164093494415283203e+00,-4.122449398040771484e+00,-1.965257525444030762e+00,1.988619714975357056e-01,2.265406131744384766e+00,4.139287948608398438e+00,5.739419460296630859e+00,7.002348423004150391e+00,7.884771347045898438e+00,8.364833831787109375e+00,8.442184448242187500e+00,8.136831283569335938e+00,7.486924171447753906e+00,6.545628547668457031e+00,5.377326011657714844e+00,4.053385257720947266e+00,2.647784233093261719e+00,1.232849597930908203e+00,-1.246388256549835205e-01,-1.366755485534667969e+00,-2.446979522705078125e+00,-3.331870079040527344e+00,-4.001811981201171875e+00,-4.450835227966308594e+00,-4.685579776763916016e+00,-4.723519325256347656e+00,-4.590610980987548828e+00,-4.318569660186767578e+00,-3.941973924636840820e+00,-3.495423078536987305e+00,-3.010949134826660156e+00,-2.515861272811889648e+00,-2.031161546707153320e+00,-1.570627570152282715e+00,-1.140602469444274902e+00,-7.404810190200805664e-01,-3.638254106044769287e-01,-8.880654466807851900e-16
0.000000000000000000e+00,2.868831872940063477e+00,5.596710205078125000e+00,8.049952507019042969e+00,1.010902690887451172e+01,1.167466545104980469e+01,1.267289352416992188e+01,1.305869770050048828e+01,1.281814289093017578e+01,1.196884727478027344e+01,1.055877780914306641e+01,8.663466453552246094e+00,6.381804466247558594e+00,3.830648899078369141e+00,1.138560175895690918e+00,-1.560991406440734863e+00,-4.136569976806640625e+00,-6.465495586395263672e+00,-8.439977645874023438e+00,-9.972346305847167969e+00,-1.099910640716552734e+01,-1.148362541198730469e+01,-1.141733551025390625e+01,-1.081941032409667969e+01,-9.734984397888183594e+00,-8.232038497924804688e+00,-6.397159099578857422e+00,-4.330433368682861328e+00,-2.139793157577514648e+00,6.487222760915756226e-02,2.177498579025268555e+00,4.101204395294189453e+00,5.752943038940429688e+00,7.067214488983154297e+00,7.998663902282714844e+00,8.523459434509277344e+00,8.639429092407226562e+00,8.364992141723632812e+00,7.737008094787597656e+00,6.807705402374267578e+00,5.640921592712402344e+00,4.307903289794921875e+00,2.882935762405395508e+00,1.439071416854858398e+00,4.421135783195495605e-02,-1.242247343063354492e+00,-2.372018337249755859e+00,-3.309673070907592773e+00,-4.033464908599853516e+00,-4.535237789154052734e+00,-4.819479465484619141e+00,-4.901632785797119141e+00,-4.805834770202636719e+00,-4.562262535095214844e+00,-4.204306125640869141e+00,-3.765776872634887695e+00,-3.278353452682495117e+00,-2.769441843032836914e+00,-2.260588884353637695e+00,-1.766543149948120117e+00,-1.295006632804870605e+00,-8.470641374588012695e-01,-4.182295501232147217e-01,-1.022592172275778831e-15
0.000000000000000000e+00,2.880350112915039062e+00,5.619627952575683594e+00,8.084015846252441406e+00,1.015381622314453125e+01,1.172955608367919922e+01,1.273700714111328125e+01,1.313085746765136719e+01,1.289683723449707031e+01,1.205220317840576172e+01,1.064455986022949219e+01,8.749101638793945312e+00,6.464427947998046875e+00,3.907188653945922852e+00,1.205844521522521973e+00,-1.506098985671997070e+00,-4.097017765045166016e+00,-6.443879127502441406e+00,-8.438372611999511719e+00,-9.992152214050292969e+00,-1.104090690612792969e+01,-1.154708194732666016e+01,-1.150111770629882812e+01,-1.092117595672607422e+01,-9.851412773132324219e+00,-8.358916282653808594e+00,-6.529522418975830078e+00,-4.462762355804443359e+00,-2.266246318817138672e+00,-4.981000721454620361e-02,2.080247163772583008e+00,4.026515483856201172e+00,5.705137252807617188e+00,7.049546718597412109e+00,8.013110160827636719e+00,8.570558547973632812e+00,8.718194007873535156e+00,8.472893714904785156e+00,7.870038986206054688e+00,6.960521697998046875e+00,5.807060241699218750e+00,4.480061054229736328e+00,3.053305625915527344e+00,1.599711179733276367e+00,1.874320805072784424e-01,-1.123494267463684082e+00,-2.283777475357055664e+00,-3.256662368774414062e+00,-4.018813610076904297e+00,-4.560298919677734375e+00,-4.883727073669433594e+00,-5.002655982971191406e+00,-4.939422607421875000e+00,-4.722586154937744141e+00,-4.384180545806884766e+00,-3.956998586654663086e+00,-3.472090959548950195e+00,-2.956663370132446289e+00,-2.432504415512084961e+00,-1.915036797523498535e+00,-1.413039326667785645e+00,-9.290236234664916992e-01,-4.602106809616088867e-01,-1.126519515013855652e-15
0.000000000000000000e+00,2.855429887771606445e+00,5.571380615234375000e+00,8.015527725219726562e+00,1.006946945190429688e+01,1.163475513458251953e+01,1.263783454895019531e+01,1.303369045257568359e+01,1.280794239044189453e+01,1.197734069824218750e+01,1.058861446380615234e+01,8.715771675109863281e+00,6.455988407135009766e+00,3.924338579177856445e+00,1.247660160064697266e+00,-1.442114353179931641e+00,-4.014782428741455078e+00,-6.348491668701171875e+00,-8.335797309875488281e+00,-9.888846397399902344e+00,-1.094341754913330078e+01,-1.146163463592529297e+01,-1.143322372436523438e+01,-1.087528228759765625e+01,-9.830616950988769531e+00,-8.364766120910644531e+00,-6.561908245086669922e+00,-4.519914150238037109e+00,-2.344834089279174805e+00,-1.451416313648223877e-01,1.973942279815673828e+00,3.915734291076660156e+00,5.596705436706542969e+00,6.950196743011474609e+00,7.929062366485595703e+00,8.507137298583984375e+00,8.679489135742187500e+00,8.461503982543945312e+00,7.886901378631591797e+00,7.004845619201660156e+00,5.876365184783935547e+00,4.570321559906005859e+00,3.159186363220214844e+00,1.714891314506530762e+00,3.049845099449157715e-01,-1.010681629180908203e+00,-2.182568073272705078e+00,-3.173250913619995117e+00,-3.958345651626586914e+00,-4.526553153991699219e+00,-4.878880023956298828e+00,-5.027143478393554688e+00,-4.991909503936767578e+00,-4.800037860870361328e+00,-4.482046127319335938e+00,-4.069480419158935547e+00,-3.592494249343872070e+00,-3.077799797058105469e+00,-2.547125577926635742e+00,-2.016274213790893555e+00,-1.494819283485412598e+00,-9.864357113838195801e-01,-4.898059666156768799e-01,-1.199937895662135049e-15
0.000000000000000000e+00,2.794793128967285156e+00,5.453377246856689453e+00,7.846514225006103516e+00,9.858535766601562500e+00,1.139321136474609375e+01,1.237858676910400391e+01,1.277051544189453125e+01,1.255473327636718750e+01,1.174733543395996094e+01,1.039367771148681641e+01,8.565752029418945312e+00,6.358196258544921875e+00,3.883175611495971680e+00,1.264409422874450684e+00,-1.369317054748535156e+00,-3.890800476074218750e+00,-6.180871486663818359e+00,-8.134308815002441406e+00,-9.664898872375488281e+00,-1.070939922332763672e+01,-1.123020362854003906e+01,-1.121659374237060547e+01,-1.068455696105957031e+01,-9.675189018249511719e+00,-8.251832962036132812e+00,-6.496122837066650391e+00,-4.503190040588378906e+00,-2.376312255859375000e+00,-2.213187217712402344e-01,1.858935713768005371e+00,3.769724607467651367e+00,5.428963661193847656e+00,6.770855903625488281e+00,7.748500347137451172e+00,8.335362434387207031e+00,8.525568008422851562e+00,8.333063125610351562e+00,7.789729595184326172e+00,6.942621231079101562e+00,5.850521087646484375e+00,4.580053329467773438e+00,3.201596975326538086e+00,1.785260200500488281e+00,3.971440792083740234e-01,-9.038931727409362793e-01,-2.068805932998657227e+00,-3.060148239135742188e+00,-3.853018045425415039e+00,-4.435153484344482422e+00,-4.806232929229736328e+00,-4.976479530334472656e+00,-4.964714050292968750e+00,-4.796027183532714844e+00,-4.499260425567626953e+00,-4.104494571685791016e+00,-3.640721797943115234e+00,-3.133872985839843750e+00,-2.605322360992431641e+00,-2.070961236953735352e+00,-1.540880560874938965e+00,-1.019658565521240234e+00,-5.071949958801269531e-01,-1.243288936023491734e-15
0.000000000000000000e+00,2.699533939361572266e+00,5.267754077911376953e+00,7.580055713653564453e+00,9.524888992309570312e+00,1.100941371917724609e+01,1.196415138244628906e+01,1.234639549255371094e+01,1.214220905303955078e+01,1.136689472198486328e+01,1.006394958496093750e+01,8.302547454833984375e+00,6.173712253570556641e+00,3.785403490066528320e+00,1.256774902343750000e+00,-1.288060665130615234e+00,-3.726427316665649414e+00,-5.943297386169433594e+00,-7.836985588073730469e+00,-9.324034690856933594e+00,-1.034304046630859375e+01,-1.085723781585693359e+01,-1.085573673248291016e+01,-1.035336112976074219e+01,-9.389149665832519531e+00,-8.023629188537597656e+00,-6.335029125213623047e+00,-4.414697647094726562e+00,-2.361964225769042969e+00,-2.787717878818511963e-01,1.735638380050659180e+00,3.589689970016479492e+00,5.203826427459716797e+00,6.514039039611816406e+00,7.474405765533447266e+00,8.058537483215332031e+00,8.259902954101562500e+00,8.091058731079101562e+00,7.581880092620849609e+00,6.776942729949951172e+00,5.732248306274414062e+00,4.511514186859130859e+00,3.182265758514404297e+00,1.811980128288269043e+00,4.644941985607147217e-01,-8.031128644943237305e-01,-1.943008899688720703e+00,-2.918354749679565430e+00,-3.704247713088989258e+00,-4.287858486175537109e+00,-4.667803287506103516e+00,-4.852855682373046875e+00,-4.860123157501220703e+00,-4.712857246398925781e+00,-4.438073635101318359e+00,-4.064175128936767578e+00,-3.618739128112792969e+00,-3.126636981964111328e+00,-2.608602046966552734e+00,-2.080331325531005859e+00,-1.552164196968078613e+00,-1.029326558113098145e+00,-5.126970410346984863e-01,-1.257358153277385662e-15
0.000000000000000000e+00,2.571108341217041016e+00,5.017354965209960938e+00,7.220246315002441406e+00,9.073683738708496094e+00,1.048933219909667969e+01,1.140103912353515625e+01,1.176807498931884766e+01,1.157703685760498047e+01,1.084230422973632812e+01,9.605049133300781250e+00,7.930860042572021484e+00,5.906117439270019531e+00,3.633333444595336914e+00,1.225711345672607422e+00,-1.198769569396972656e+00,-3.523425340652465820e+00,-5.638763904571533203e+00,-7.447898387908935547e+00,-8.871192932128906250e+00,-9.849906921386718750e+00,-1.034867191314697266e+01,-1.035667324066162109e+01,-9.887534141540527344e+00,-8.977904319763183594e+00,-7.684895038604736328e+00,-6.082515239715576172e+00,-4.257324695587158203e+00,-2.303583860397338867e+00,-3.181584477424621582e-01,1.604518651962280273e+00,3.377163648605346680e+00,4.923786640167236328e+00,6.183055877685546875e+00,7.110731124877929688e+00,7.681065559387207031e+00,7.887142658233642578e+00,7.740181446075439453e+00,7.267890930175781250e+00,6.512018680572509766e+00,5.525271892547607422e+00,4.367820262908935547e+00,3.103610277175903320e+00,1.796711921691894531e+00,5.079167485237121582e-01,-7.082276344299316406e-01,-1.805793285369873047e+00,-2.749151468276977539e+00,-3.513896226882934570e+00,-4.087009429931640625e+00,-4.466305732727050781e+00,-4.659248352050781250e+00,-4.681262493133544922e+00,-4.553696155548095703e+00,-4.301599025726318359e+00,-3.951491832733154297e+00,-3.529295206069946289e+00,-3.058555364608764648e+00,-2.559089899063110352e+00,-2.046131134033203125e+00,-1.530005335807800293e+00,-1.016341328620910645e+00,-5.067664384841918945e-01,-1.243264266188902952e-15
0.000000000000000000e+00,2.411317348480224609e+00,4.705696582794189453e+00,6.772154331207275391e+00,8.511301994323730469e+00,9.840362548828125000e+00,1.069731140136718750e+01,1.104390907287597656e+01,1.086748218536376953e+01,1.018135929107666016e+01,9.023951530456542969e+00,7.456535339355468750e+00,5.559873104095458984e+00,3.429857730865478516e+00,1.172433376312255859e+00,-1.101936697959899902e+00,-3.283943653106689453e+00,-5.270951747894287109e+00,-6.972063541412353516e+00,-8.312473297119140625e+00,-9.236886978149414062e+00,-9.711851119995117188e+00,-9.726874351501464844e+00,-9.294333457946777344e+00,-8.448179244995117188e+00,-7.241548061370849609e+00,-5.743446350097656250e+00,-4.034706592559814453e+00,-2.203453779220581055e+00,-3.403539955615997314e-01,1.466098785400390625e+00,3.133994579315185547e+00,4.591891288757324219e+00,5.781976222991943359e+00,6.662357807159423828e+00,7.208399772644042969e+00,7.413061618804931641e+00,7.286274433135986328e+00,6.853432178497314453e+00,6.153122901916503906e+00,5.234275817871093750e+00,4.152910232543945312e+00,2.968705415725708008e+00,1.741592884063720703e+00,5.285792946815490723e-01,-6.190312504768371582e-01,-1.657869338989257812e+00,-2.554088115692138672e+00,-3.284250020980834961e+00,-3.835509538650512695e+00,-4.205124378204345703e+00,-4.399383068084716797e+00,-4.432060241699218750e+00,-4.322540760040283203e+00,-4.093774318695068359e+00,-3.770211696624755859e+00,-3.375887155532836914e+00,-2.932770013809204102e+00,-2.459502935409545898e+00,-1.970596313476562500e+00,-1.476116061210632324e+00,-9.818609952926635742e-01,-4.899869561195373535e-01,-1.202444689669534151e-15
0.000000000000000000e+00,2.222288608551025391e+00,4.336933612823486328e+00,6.241766452789306641e+00,7.845279216766357422e+00,9.071239471435546875e+00,9.862496376037597656e+00,1.018377590179443359e+01,1.002331733703613281e+01,9.393281936645507812e+00,8.328911781311035156e+00,6.886496067047119141e+00,5.140270709991455078e+00,3.178417921066284180e+00,1.098401069641113281e+00,-9.981185793876647949e-01,-3.010498285293579102e+00,-4.844187259674072266e+00,-6.415390014648437500e+00,-7.655071258544921875e+00,-8.512113571166992188e+00,-8.955462455749511719e+00,-8.975177764892578125e+00,-8.582356452941894531e+00,-7.807954788208007812e+00,-6.700613021850585938e+00,-5.323615074157714844e+00,-3.751183032989501953e+00,-2.064318656921386719e+00,-3.464393615722656250e-01,1.320952415466308594e+00,2.862327814102172852e+00,4.211709976196289062e+00,5.315588474273681641e+00,6.135043621063232422e+00,6.646987915039062500e+00,6.844499588012695312e+00,6.736271858215332031e+00,6.345243453979492188e+00,5.706536769866943359e+00,4.864853382110595703e+00,3.871500253677368164e+00,2.781249046325683594e+00,1.649211645126342773e+00,5.279198288917541504e-01,-5.352294445037841797e-01,-1.500035643577575684e+00,-2.334967374801635742e+00,-3.017997026443481445e+00,-3.536788225173950195e+00,-3.888273715972900391e+00,-4.077693462371826172e+00,-4.117201805114746094e+00,-4.024168491363525391e+00,-3.819318294525146484e+00,-3.524857282638549805e+00,-3.162719726562500000e+00,-2.753064632415771484e+00,-2.313117027282714844e+00,-1.856425642967224121e+00,-1.392565011978149414e+00,-9.272851943969726562e-01,-4.630645513534545898e-01,-1.136638276480873930e-15
0.000000000000000000e+00,2.006453037261962891e+00,3.915813684463500977e+00,5.635923862457275391e+00,7.084230899810791016e+00,8.191948890686035156e+00,8.907485961914062500e+00,9.198968887329101562e+00,9.055718421936035156e+00,8.488622665405273438e+00,7.529379367828369141e+00,6.228671550750732422e+00,4.653377056121826172e+00,2.882966518402099609e+00,1.005303740501403809e+00,-8.879317045211791992e-01,-2.705945491790771484e+00,-4.363400459289550781e+00,-5.784619808197021484e+00,-6.907204627990722656e+00,-7.684878826141357422e+00,-8.089437484741210938e+00,-8.111698150634765625e+00,-7.761443614959716797e+00,-7.066373348236083984e+00,-6.070149898529052734e+00,-4.829674243927001953e+00,-3.411751508712768555e+00,-1.889353036880493164e+00,-3.376872837543487549e-01,1.169700264930725098e+00,2.564586400985717773e+00,3.787298440933227539e+00,4.789349555969238281e+00,5.535362243652343750e+00,6.004200458526611328e+00,6.189287185668945312e+00,6.098120212554931641e+00,5.751058101654052734e+00,5.179478168487548828e+00,4.423441886901855469e+00,3.529029130935668945e+00,2.545518398284912109e+00,1.522576212882995605e+00,5.076280236244201660e-01,-4.564455449581146240e-01,-1.333172917366027832e+00,-2.093828439712524414e+00,-2.718199014663696289e+00,-3.194768428802490234e+00,-3.520356655120849609e+00,-3.699273109436035156e+00,-3.742080688476562500e+00,-3.664085388183593750e+00,-3.483676671981811523e+00,-3.220653772354125977e+00,-2.894656896591186523e+00,-2.523819923400878906e+00,-2.123728990554809570e+00,-1.706749439239501953e+00,-1.281753063201904297e+00,-8.542391657829284668e-01,-4.268191754817962646e-01,-1.047864564927413356e-15
0.000000000000000000e+00,1.766519546508789062e+00,3.447628021240234375e+00,4.962251663208007812e+00,6.237759113311767578e+00,7.213620185852050781e+00,7.844420909881591797e+00,8.102078437805175781e+00,7.977148532867431641e+00,7.479147434234619141e+00,6.635894775390625000e+00,5.491910934448242188e+00,4.105967044830322266e+00,2.547924041748046875e+00,8.950403928756713867e-01,-7.720467448234558105e-01,-2.373454093933105469e+00,-3.834071636199951172e+00,-5.087257862091064453e+00,-6.078024387359619141e+00,-6.765539646148681641e+00,-7.124848365783691406e+00,-7.147715091705322266e+00,-6.842578887939453125e+00,-6.233643054962158203e+00,-5.359164714813232422e+00,-4.269066333770751953e+00,-3.022011280059814453e+00,-1.682125687599182129e+00,-3.155462443828582764e-01,1.013006567955017090e+00,2.243445873260498047e+00,3.323158502578735352e+00,4.209328651428222656e+00,4.870635032653808594e+00,5.288256168365478516e+00,5.456161022186279297e+00,5.380694389343261719e+00,5.079522132873535156e+00,4.580024242401123047e+00,3.917252540588378906e+00,3.131599187850952148e+00,2.266321897506713867e+00,1.365079760551452637e+00,4.696245193481445312e-01,-3.822273313999176025e-01,-1.158236861228942871e+00,-1.832925915718078613e+00,-2.388259410858154297e+00,-2.813822507858276367e+00,-3.106513977050781250e+00,-3.269818782806396484e+00,-3.312736272811889648e+00,-3.248465299606323242e+00,-3.092960596084594727e+00,-2.863470315933227539e+00,-2.577166080474853516e+00,-2.249964475631713867e+00,-1.895612001419067383e+00,-1.525093317031860352e+00,-1.146385073661804199e+00,-7.645547389984130859e-01,-3.821751475334167480e-01,-9.384003795713719877e-16
0.000000000000000000e+00,1.505447387695312500e+00,2.938155889511108398e+00,4.229078292846679688e+00,5.316351413726806641e+00,6.148413181304931641e+00,6.686564922332763672e+00,6.906862258911132812e+00,6.801224708557128906e+00,6.377715110778808594e+00,5.659980297088623047e+00,4.685890197753906250e+00,3.505453824996948242e+00,2.178132057189941406e+00,7.696983218193054199e-01,-6.511834263801574707e-01,-2.016473293304443359e+00,-3.262176752090454102e+00,-4.331492424011230469e+00,-5.177521705627441406e+00,-5.765406131744384766e+00,-6.073792934417724609e+00,-6.095556735992431641e+00,-5.837770938873291016e+00,-5.320931911468505859e+00,-4.577514648437500000e+00,-3.649941921234130859e+00,-2.588101863861083984e+00,-1.446559667587280273e+00,-2.816228270530700684e-01,8.515740633010864258e-01,1.901808738708496094e+00,2.824191331863403320e+00,3.582144498825073242e+00,4.148854732513427734e+00,4.508134365081787109e+00,4.654674530029296875e+00,4.593705177307128906e+00,4.340100765228271484e+00,3.917023658752441406e+00,3.354193449020385742e+00,2.685908555984497070e+00,1.948944568634033203e+00,1.180461168289184570e+00,4.160374999046325684e-01,-3.120545446872711182e-01,-9.762510061264038086e-01,-1.554708003997802734e+00,-2.031889915466308594e+00,-2.398728132247924805e+00,-2.652370214462280273e+00,-2.795570611953735352e+00,-2.835789203643798828e+00,-2.784081459045410156e+00,-2.653879642486572266e+00,-2.459754943847656250e+00,-2.216258049011230469e+00,-1.936918497085571289e+00,-1.633468747138977051e+00,-1.315338015556335449e+00,-9.894395470619201660e-01,-6.602492928504943848e-01,-3.301506340503692627e-01,-8.107537849695698080e-16
0.000000000000000000e+00,1.226414322853088379e+00,2.393604040145874023e+00,3.445348262786865234e+00,4.331273078918457031e+00,5.009386062622070312e+00,5.448165893554687500e+00,5.628097057342529297e+00,5.542576789855957031e+00,5.198143005371093750e+00,4.614018917083740234e+00,3.821010112762451172e+00,2.859807014465332031e+00,1.778800964355468750e+00,6.315301656723022461e-01,-5.261040925979614258e-01,-1.638697266578674316e+00,-2.654126405715942383e+00,-3.526111602783203125e+00,-4.216423511505126953e+00,-4.696625709533691406e+00,-4.949265480041503906e+00,-4.968471527099609375e+00,-4.759926795959472656e+00,-4.340246200561523438e+00,-3.735801935195922852e+00,-2.981074810028076172e+00,-2.116637945175170898e+00,-1.186888456344604492e+00,-2.376621216535568237e-01,6.861393451690673828e-01,1.542777657508850098e+00,2.295649051666259766e+00,2.914898157119750977e+00,3.378602743148803711e+00,3.673479557037353516e+00,3.795094966888427734e+00,3.747593164443969727e+00,3.542975664138793945e+00,3.200000762939453125e+00,2.742781162261962891e+00,2.199177026748657227e+00,1.599090456962585449e+00,9.727627635002136230e-01,3.491770923137664795e-01,-2.453473061323165894e-01,-7.882973551750183105e-01,-1.261793017387390137e+00,-1.653070807456970215e+00,-1.954617619514465332e+00,-2.163974046707153320e+00,-2.283244609832763672e+00,-2.318369865417480469e+00,-2.278232336044311523e+00,-2.173667669296264648e+00,-2.016463041305541992e+00,-1.818418622016906738e+00,-1.590533852577209473e+00,-1.342377662658691406e+00,-1.081675648689270020e+00,-8.141346573829650879e-01,-5.435029864311218262e-01,-2.718459665775299072e-01,-6.676355512510165954e-16
0.000000000000000000e+00,9.327845573425292969e-01,1.820542693138122559e+00,2.620530605316162109e+00,3.294448137283325195e+00,3.810364723205566406e+00,4.144307136535644531e+00,4.281428813934326172e+00,4.216694831848144531e+00,3.955060243606567383e+00,3.511123418807983398e+00,2.908287286758422852e+00,2.177471637725830078e+00,1.355454087257385254e+00,4.829288125038146973e-01,-3.976074755191802979e-01,-1.244029402732849121e+00,-2.016699075698852539e+00,-2.680413484573364258e+00,-3.206082820892333984e+00,-3.572055101394653320e+00,-3.765025138854980469e+00,-3.780486583709716797e+00,-3.622717142105102539e+00,-3.304305791854858398e+00,-2.845261812210083008e+00,-2.271765470504760742e+00,-1.614635825157165527e+00,-9.076092839241027832e-01,-1.855269670486450195e-01,5.174677371978759766e-01,1.169623851776123047e+00,1.743081569671630859e+00,2.215100049972534180e+00,2.568960428237915039e+00,2.794504165649414062e+00,2.888295888900756836e+00,2.853420972824096680e+00,2.698939800262451172e+00,2.439055681228637695e+00,2.092050790786743164e+00,1.679068684577941895e+00,1.222818732261657715e+00,7.462841272354125977e-01,2.715080976486206055e-01,-1.814748644828796387e-01,-5.955082178115844727e-01,-9.569436907768249512e-01,-1.256011366844177246e+00,-1.486924529075622559e+00,-1.647734165191650391e+00,-1.739960074424743652e+00,-1.768041968345642090e+00,-1.738663434982299805e+00,-1.660003900527954102e+00,-1.540981054306030273e+00,-1.390538096427917480e+00,-1.217028379440307617e+00,-1.027736067771911621e+00,-8.285627365112304688e-01,-6.238921880722045898e-01,-4.166342914104461670e-01,-2.084314078092575073e-01,-5.119285550516923609e-16
0.000000000000000000e+00,6.280729770660400391e-01,1.225836992263793945e+00,1.764519214630126953e+00,2.218337059020996094e+00,2.565794706344604492e+00,2.790750980377197266e+00,2.883206605911254883e+00,2.839766502380371094e+00,2.663758039474487305e+00,2.365000247955322266e+00,1.959238171577453613e+00,1.467277884483337402e+00,9.138693213462829590e-01,3.264013230800628662e-01,-2.665217220783233643e-01,-8.365421295166015625e-01,-1.356973171234130859e+00,-1.804109811782836914e+00,-2.158358812332153320e+00,-2.405129909515380859e+00,-2.535449266433715820e+00,-2.546263933181762695e+00,-2.440432786941528320e+00,-2.226409435272216797e+00,-1.917644143104553223e+00,-1.531743407249450684e+00,-1.089439630508422852e+00,-6.134337782859802246e-01,-1.271759569644927979e-01,3.463478982448577881e-01,7.857560515403747559e-01,1.172280311584472656e+00,1.490592837333679199e+00,1.729414701461791992e+00,1.881879448890686035e+00,1.945644497871398926e+00,1.922755241394042969e+00,1.819280743598937988e+00,1.644753932952880859e+00,1.411458015441894531e+00,1.133607268333435059e+00,8.264771103858947754e-01,5.055343508720397949e-01,1.856209933757781982e-01,-1.197652444243431091e-01,-3.990564048290252686e-01,-6.430394649505615234e-01,-8.451065421104431152e-01,-1.001327157020568848e+00,-1.110351681709289551e+00,-1.173165082931518555e+00,-1.192719936370849609e+00,-1.173482179641723633e+00,-1.120929956436157227e+00,-1.041045308113098145e+00,-9.398351311683654785e-01,-8.229178190231323242e-01,-6.952012777328491211e-01,-5.606710314750671387e-01,-4.222995638847351074e-01,-2.820739746093750000e-01,-1.411339789628982544e-01,-3.466557246114496940e-16
0.000000000000000000e+00,3.159092068672180176e-01,6.165761947631835938e-01,8.875310420989990234e-01,1.115807652473449707e+00,1.290594696998596191e+00,1.403774261474609375e+00,1.450315713882446289e+00,1.428509950637817383e+00,1.340028285980224609e+00,1.189805984497070312e+00,9.857587218284606934e-01,7.383477091789245605e-01,4.600177109241485596e-01,1.645411252975463867e-01,-1.336974054574966431e-01,-4.204365015029907227e-01,-6.822540760040283203e-01,-9.072263836860656738e-01,-1.085496425628662109e+00,-1.209722518920898438e+00,-1.275386214256286621e+00,-1.280946373939514160e+00,-1.227834582328796387e+00,-1.120296120643615723e+00,-9.650893807411193848e-01,-7.710635662078857422e-01,-5.486412644386291504e-01,-3.092361688613891602e-01,-6.464028358459472656e-02,1.735859513282775879e-01,3.946871161460876465e-01,5.892202854156494141e-01,7.494713068008422852e-01,8.697605133056640625e-01,9.466263055801391602e-01,9.788817167282104492e-01,9.675459265708923340e-01,9.156620502471923828e-01,8.280159831047058105e-01,7.107778191566467285e-01,5.710905790328979492e-01,4.166327714920043945e-01,2.551814019680023193e-01,9.420162439346313477e-02,-5.951509997248649597e-02,-2.001455575227737427e-01,-3.230488300323486328e-01,-4.248924851417541504e-01,-5.036893486976623535e-01,-5.587494969367980957e-01,-5.905569195747375488e-01,-6.005856394767761230e-01,-5.910716056823730469e-01,-5.647617578506469727e-01,-5.246579647064208984e-01,-4.737772941589355469e-01,-4.149438738822937012e-01,-3.506270945072174072e-01,-2.828353345394134521e-01,-2.130697071552276611e-01,-1.423380821943283081e-01,-7.122381776571273804e-02,-1.749460393421153827e-16
0.000000000000000000e+00,7.773613109690819326e-16,1.517218014736993175e-15,2.183965822519728060e-15,2.745700285446887705e-15,3.175819169139648332e-15,3.454346048569964522e-15,3.568902172488425117e-15,3.515280540004254821e-15,3.297590954977531498e-15,2.927975846465382358e-15,2.425910407749315087e-15,1.817132793722835669e-15,1.132262821912713435e-15,4.051877923793103815e-16,-3.286985202505401200e-16,-1.034304414474819262e-15,-1.678602884539999798e-15,-2.232252629743853960e-15,-2.670996638180268314e-15,-2.976766426534887752e-15,-3.138439816935552872e-15,-3.152220195954433084e-15,-3.021624867905001871e-15,-2.757094572653352553e-15,-2.375254449371718909e-15,-1.897874303595720527e-15,-1.350596787254060467e-15,-7.615039542239749725e-16,-1.596101769598312538e-16,4.266385047218315121e-16,9.707754611230890417e-16,1.449562210987121597e-15,1.844012325512766823e-15,2.140144996510000459e-15,2.329435472639418414e-15,2.408955772760599384e-15,2.381205914617364437e-15,2.253666893199863554e-15,2.038107596035484796e-15,1.749704312440183464e-15,1.406028846783868424e-15,1.025971516097968269e-15,6.286674828752272879e-16,2.324863241729698904e-16,-1.458583323633616709e-16,-4.920333393074649477e-16,-7.946131486431654879e-16,-1.045390275809365138e-15,-1.239466699849006703e-15,-1.375135543494254362e-15,-1.453578629464764675e-15,-1.478413741357379168e-15,-1.455134946626226045e-15,-1.390494156652106149e-15,-1.291873051812103892e-15,-1.166691746603285354e-15,-1.021898240533740745e-15,-8.635698891209012650e-16,-6.966515118921599078e-16,-5.248419958490577967e-16,-3.506282032549539558e-16,-1.754537694195453315e-16,-4.309685315962111969e-31
