0.000000000000000000e+00,0.000000000000000000e+00,0.000000000000000000e+00,0.000000000000000000e+00,0.000000000000000000e+00,0.000000000000000000e+00,0.000000000000000000e+00,0.000000000000000000e+00,0.000000000000000000e+00,0.000000000000000000e+00,0.000000000000000000e+00,0.000000000000000000e+00,0.000000000000000000e+00,0.000000000000000000e+00,0.000000000000000000e+00,0.000000000000000000e+00,0.000000000000000000e+00,0.000000000000000000e+00,0.000000000000000000e+00,0.000000000000000000e+00,0.000000000000000000e+00,0.000000000000000000e+00,0.000000000000000000e+00,0.000000000000000000e+00,0.000000000000000000e+00,0.000000000000000000e+00,0.000000000000000000e+00,0.000000000000000000e+00,0.000000000000000000e+00,0.000000000000000000e+00,0.000000000000000000e+00,0.000000000000000000e+00,0.000000000000000000e+00,0.000000000000000000e+00,0.000000000000000000e+00,0.000000000000000000e+00,0.000000000000000000e+00,0.000000000000000000e+00,0.000000000000000000e+00,0.000000000000000000e+00,0.000000000000000000e+00,0.000000000000000000e+00,0.000000000000000000e+00,0.000000000000000000e+00,0.000000000000000000e+00,0.000000000000000000e+00,0.000000000000000000e+00,0.000000000000000000e+00,0.000000000000000000e+00,0.000000000000000000e+00,0.000000000000000000e+00,0.000000000000000000e+00,0.000000000000000000e+00,0.000000000000000000e+00,0.000000000000000000e+00,0.000000000000000000e+00,0.000000000000000000e+00,0.000000000000000000e+00,0.000000000000000000e+00,0.000000000000000000e+00,0.000000000000000000e+00,0.000000000000000000e+00,0.000000000000000000e+00,0.000000000000000000e+00
0.000000000000000000e+00,7.299057906493544579e-04,1.388159347698092461e-03,1.907271915115416050e-03,2.227847930043935776e-03,2.302060369402170181e-03,2.096477895975112915e-03,1.594086410477757454e-03,7.953926688060164452e-04,-2.814478357322514057e-04,-1.601482857950031757e-03,-3.114744555205106735e-03,-4.758854396641254425e-03,-6.462304387241601944e-03,-8.148225955665111542e-03,-9.738435968756675720e-03,-1.115752756595611572e-02,-1.233679614961147308e-02,-1.321775745600461960e-02,-1.375509798526763916e-02,-1.391888130456209183e-02,-1.369591429829597473e-02,-1.309019979089498520e-02,-1.212247367948293686e-02,-1.082887127995491028e-02,-9.258808568120002747e-03,-7.472218014299869537e-03,-5.536299664527177811e-03,-3.521995618939399719e-03,-1.500375103205442429e-03,4.608564486261457205e-04,2.300533466041088104e-03,3.966722637414932251e-03,5.418798420578241348e-03,6.628799252212047577e-03,7.582019083201885223e-03,8.276828564703464508e-03,8.723763749003410339e-03,8.943968452513217926e-03,8.967116475105285645e-03,8.828944526612758636e-03,8.568587712943553925e-03,8.225859142839908600e-03,7.838681340217590332e-03,7.440785411745309830e-03,7.059844210743904114e-03,6.716120522469282150e-03,6.421703379601240158e-03,6.180350668728351593e-03,5.987932905554771423e-03,5.833406466990709305e-03,5.700246430933475494e-03,5.568205844610929489e-03,5.415278021246194839e-03,5.219710990786552429e-03,4.961929284036159515e-03,4.626230802386999130e-03,4.202135838568210602e-03,3.685310017317533493e-03,3.077987348660826683e-03,2.388886408880352974e-03,1.632624538615345955e-03,8.286819211207330227e-04,2.045392661717023016e-18
0.000000000000000000e+00,1.417828490957617760e-03,2.694623079150915146e-03,3.697560401633381844e-03,4.309777636080980301e-03,4.437224939465522766e-03,4.014238249510526657e-03,3.007522784173488617e-03,1.418324070982635021e-03,-7.173250778578221798e-04,-3.330293111503124237e-03,-6.321869324892759323e-03,-9.568911045789718628e-03,-1.293031778186559677e-02,-1.625447720289230347e-02,-1.938724145293235779e-02,-2.218001149594783783e-02,-2.449746057391166687e-02,-2.622448652982711792e-02,-2.727201767265796661e-02,-2.758135832846164703e-02,-2.712686359882354736e-02,-2.591682784259319305e-02,-2.399255335330963135e-02,-2.142569981515407562e-02,-1.831409148871898651e-02,-1.477624382823705673e-02,-1.094495225697755814e-02,-6.960317026823759079e-03,-2.962606726214289665e-03,9.146279189735651016e-04,4.550819750875234604e-03,7.843692786991596222e-03,1.071334071457386017e-02,1.310489419847726822e-02,1.498967036604881287e-02,1.636479236185550690e-02,1.725137792527675629e-02,1.769144274294376373e-02,1.774377748370170593e-02,1.747906766831874847e-02,1.697460748255252838e-02,1.630894467234611511e-02,1.555677969008684158e-02,1.478444505482912064e-02,1.404621824622154236e-02,1.338166557252407074e-02,1.281415298581123352e-02,1.235055364668369293e-02,1.198214758187532425e-02,1.168657001107931137e-02,1.143066585063934326e-02,1.117398589849472046e-02,1.087268907576799393e-02,1.048353873193264008e-02,9.967710822820663452e-03,9.294159710407257080e-03,8.442289195954799652e-03,7.403767667710781097e-03,6.183369085192680359e-03,4.798787180334329605e-03,3.279465483501553535e-03,1.664530718699097633e-03,4.108432394622252325e-18
0.000000000000000000e+00,2.024001209065318108e-03,3.842047648504376411e-03,5.260214675217866898e-03,6.107958499342203140e-03,6.248154677450656891e-03,5.585257895290851593e-03,4.071125760674476624e-03,1.708190306089818478e-03,-1.450195559300482273e-03,-5.302251782268285751e-03,-9.702944196760654449e-03,-1.447154860943555832e-02,-1.940115541219711304e-02,-2.426958642899990082e-02,-2.885111235082149506e-02,-3.292828425765037537e-02,-3.630325943231582642e-02,-3.880798816680908203e-02,-4.031268879771232605e-02,-4.073220863938331604e-02,-4.002990946173667908e-02,-3.821893408894538879e-02,-3.536079451441764832e-02,-3.156145662069320679e-02,-2.696515806019306183e-02,-2.174633182585239410e-02,-1.610018871724605560e-02,-1.023246347904205322e-02,-4.348942078649997711e-03,1.354649895802140236e-03,6.701819598674774170e-03,1.154307555407285690e-02,1.576188206672668457e-02,1.927853189408779144e-02,2.205178327858448029e-02,2.407826855778694153e-02,2.538976259529590607e-02,2.604861184954643250e-02,2.614161930978298187e-02,2.577285282313823700e-02,2.505586110055446625e-02,2.410578355193138123e-02,2.303186058998107910e-02,2.193080447614192963e-02,2.088140323758125305e-02,1.994065381586551666e-02,1.914160698652267456e-02,1.849300973117351532e-02,1.798065751791000366e-02,1.757034100592136383e-02,1.721207797527313232e-02,1.684532687067985535e-02,1.640476472675800323e-02,1.582619920372962952e-02,1.505221240222454071e-02,1.403712294995784760e-02,1.275092456489801407e-02,1.118195243179798126e-02,9.338100440800189972e-03,7.246528286486864090e-03,4.951894283294677734e-03,2.513274550437927246e-03,6.203220973798491942e-18
0.000000000000000000e+00,2.512973267585039139e-03,4.761565942317247391e-03,6.496912799775600433e-03,7.500298786908388138e-03,7.596102543175220490e-03,6.662305444478988647e-03,4.637989215552806854e-03,1.527404179796576500e-03,-2.599616767838597298e-03,-7.610901258885860443e-03,-1.331864856183528900e-02,-1.948921754956245422e-02,-2.585542574524879456e-02,-3.213065862655639648e-02,-3.802398592233657837e-02,-4.325546324253082275e-02,-4.757073149085044861e-02,-5.075412243604660034e-02,-5.263959616422653198e-02,-5.311888083815574646e-02,-5.214643105864524841e-02,-4.974101483821868896e-02,-4.598380997776985168e-02,-4.101327806711196899e-02,-3.501709923148155212e-02,-2.822170592844486237e-02,-2.088005281984806061e-02,-1.325833983719348907e-02,-5.622459109872579575e-03,1.775054726749658585e-03,8.706869557499885559e-03,1.498084794729948044e-02,2.044768631458282471e-02,2.500584907829761505e-02,2.860360220074653625e-02,3.123815543949604034e-02,3.295204788446426392e-02,3.382712975144386292e-02,3.397659212350845337e-02,3.353559225797653198e-02,3.265113383531570435e-02,3.147181496024131775e-02,3.013815917074680328e-02,2.877402678132057190e-02,2.747967839241027832e-02,2.632682956755161285e-02,2.535594440996646881e-02,2.457584999501705170e-02,2.396561391651630402e-02,2.347844466567039490e-02,2.304730378091335297e-02,2.259174920618534088e-02,2.202551811933517456e-02,2.126427367329597473e-02,2.023296616971492767e-02,1.887231692671775818e-02,1.714393123984336853e-02,1.503375824540853500e-02,1.255363225936889648e-02,9.740845300257205963e-03,6.655786652117967606e-03,3.377864137291908264e-03,8.337011946037219367e-18
0.000000000000000000e+00,2.855483675375580788e-03,5.396463442593812943e-03,7.327003404498100281e-03,8.387254551053047180e-03,8.368932642042636871e-03,7.127882447093725204e-03,4.593026824295520782e-03,7.711978396400809288e-04,-4.252407699823379517e-03,-1.031816564500331879e-02,-1.720011234283447266e-02,-2.461771480739116669e-02,-3.225065395236015320e-02,-3.975574299693107605e-02,-4.678509384393692017e-02,-5.300441011786460876e-02,-5.811048671603202820e-02,-6.184688210487365723e-02,-6.401695311069488525e-02,-6.449354439973831177e-02,-6.322486698627471924e-02,-6.023622304201126099e-02,-5.562769621610641479e-02,-4.956783726811408997e-02,-4.228391125798225403e-02,-3.404924273490905762e-02,-2.516847662627696991e-02,-1.596158742904663086e-02,-6.747601553797721863e-03,2.171064261347055435e-03,1.052277721464633942e-02,1.807861775159835815e-02,2.466146647930145264e-02,3.015179745852947235e-02,3.449000418186187744e-02,3.767522051930427551e-02,3.976082429289817810e-02,4.084709659218788147e-02,4.107148945331573486e-02,4.059727489948272705e-02,3.960128873586654663e-02,3.826159611344337463e-02,3.674580529332160950e-02,3.520081192255020142e-02,3.374448418617248535e-02,3.245984390377998352e-02,3.139189258217811584e-02,3.054733760654926300e-02,2.989697828888893127e-02,2.938059903681278229e-02,2.891387417912483215e-02,2.839678339660167694e-02,2.772288955748081207e-02,2.678877860307693481e-02,2.550305053591728210e-02,2.379415743052959442e-02,2.161661721765995026e-02,1.895516924560070038e-02,1.582657732069492340e-02,1.227904483675956726e-02,8.389255963265895844e-03,4.257323220372200012e-03,1.050738167214365423e-17
0.000000000000000000e+00,3.030011197552084923e-03,5.705213639885187149e-03,7.691909093409776688e-03,8.697423152625560760e-03,8.487687446177005768e-03,6.901505868881940842e-03,3.860687604174017906e-03,-6.245094700716435909e-04,-6.454924587160348892e-03,-1.344704348593950272e-02,-2.134227566421031952e-02,-2.982041984796524048e-02,-3.851654753088951111e-02,-4.704031720757484436e-02,-5.499665439128875732e-02,-6.200662255287170410e-02,-6.772728264331817627e-02,-7.186951488256454468e-02,-7.421275973320007324e-02,-7.461596280336380005e-02,-7.302410900592803955e-02,-6.947008520364761353e-02,-6.407184153795242310e-02,-5.702505260705947876e-02,-4.859187081456184387e-02,-3.908634185791015625e-02,-2.885750122368335724e-02,-1.827106624841690063e-02,-7.690834812819957733e-03,2.539166016504168510e-03,1.211080420762300491e-02,2.076536044478416443e-02,2.830375917255878448e-02,3.459302708506584167e-02,3.956874459981918335e-02,4.323350638151168823e-02,4.565157741308212280e-02,4.694031178951263428e-02,4.725883901119232178e-02,4.679496586322784424e-02,4.575105383992195129e-02,4.432982578873634338e-02,4.272104054689407349e-02,4.108975455164909363e-02,3.956693038344383240e-02,3.824288770556449890e-02,3.716389089822769165e-02,3.633200004696846008e-02,3.570805862545967102e-02,3.521753475069999695e-02,3.475868329405784607e-02,3.421240299940109253e-02,3.345308080315589905e-02,3.235958516597747803e-02,3.082571178674697876e-02,2.876924909651279449e-02,2.613915316760540009e-02,2.292028069496154785e-02,1.913541369140148163e-02,1.484446227550506592e-02,1.014092192053794861e-02,5.145877134054899216e-03,1.270007534862167020e-17
0.000000000000000000e+00,3.023917553946375847e-03,5.663718096911907196e-03,7.558357901871204376e-03,8.391625247895717621e-03,7.911344990134239197e-03,5.944930016994476318e-03,2.410418353974819183e-03,-2.677652053534984589e-03,-9.207829833030700684e-03,-1.697682403028011322e-02,-2.569975145161151886e-02,-3.502496331930160522e-02,-4.455261304974555969e-02,-5.385584384202957153e-02,-6.250349432229995728e-02,-7.008289545774459839e-02,-7.622165977954864502e-02,-8.060704916715621948e-02,-8.300206065177917480e-02,-8.325723558664321899e-02,-8.131767064332962036e-02,-7.722482085227966309e-02,-7.111319899559020996e-02,-6.320213526487350464e-02,-5.378318205475807190e-02,-4.320400953292846680e-02,-3.184967860579490662e-02,-2.012247033417224884e-02,-8.421447128057479858e-03,2.877150662243366241e-03,1.343752164393663406e-02,2.297901548445224762e-02,3.128718957304954529e-02,3.822068497538566589e-02,4.371365532279014587e-02,4.777380451560020447e-02,5.047624558210372925e-02,5.195377022027969360e-02,5.238421633839607239e-02,5.197581276297569275e-02,5.095152556896209717e-02,4.953335225582122803e-02,4.792761057615280151e-02,4.631209746003150940e-02,4.482585936784744263e-02,4.356214404106140137e-02,4.256489872932434082e-02,4.182887449860572815e-02,4.130323603749275208e-02,4.089833423495292664e-02,4.049501940608024597e-02,3.995583951473236084e-02,3.913727030158042908e-02,3.790211677551269531e-02,3.613116219639778137e-02,3.373337537050247192e-02,3.065381385385990143e-02,2.687888592481613159e-02,2.243847586214542389e-02,1.740491203963756561e-02,1.188885699957609177e-02,6.032416597008705139e-03,1.488768930895799803e-17
0.000000000000000000e+00,2.834129845723509789e-03,5.266630090773105621e-03,6.920278538018465042e-03,7.465269416570663452e-03,6.639504805207252502e-03,4.265010356903076172e-03,2.595392579678446054e-04,-5.357295274734497070e-03,-1.246369350701570511e-02,-2.084116265177726746e-02,-3.018550015985965729e-02,-4.012262076139450073e-02,-5.022831261157989502e-02,-6.005081534385681152e-02,-6.913486868143081665e-02,-7.704595476388931274e-02,-8.339326083660125732e-02,-8.785021305084228516e-02,-9.017132222652435303e-02,-9.020456671714782715e-02,-8.789854496717453003e-02,-8.330421894788742065e-02,-7.657103240489959717e-02,-6.793796271085739136e-02,-5.771986022591590881e-02,-4.629012197256088257e-02,-3.406060859560966492e-02,-2.146009914577007294e-02,-8.912491612136363983e-03,3.183999564498662949e-03,1.447549462318420410e-02,2.466792799532413483e-02,3.353857994079589844e-02,4.094310849905014038e-02,4.681780189275741577e-02,5.117714032530784607e-02,5.410690605640411377e-02,5.575346201658248901e-02,5.630999058485031128e-02,5.600063130259513855e-02,5.506356805562973022e-02,5.373420938849449158e-02,5.222943797707557678e-02,5.073400214314460754e-02,4.938971251249313354e-02,4.828819260001182556e-02,4.746739938855171204e-02,4.691212996840476990e-02,4.655826091766357422e-02,4.630040377378463745e-02,4.600227251648902893e-02,4.550909250974655151e-02,4.466099664568901062e-02,4.330661892890930176e-02,4.131582006812095642e-02,3.859071433544158936e-02,3.507426381111145020e-02,3.075583279132843018e-02,2.567340247333049774e-02,1.991225220263004303e-02,1.360028982162475586e-02,6.900346372276544571e-03,1.702929631080473901e-17
0.000000000000000000e+00,2.467321697622537613e-03,4.527695477008819580e-03,5.799253936856985092e-03,5.948846694082021713e-03,4.712863359600305557e-03,1.914053340442478657e-03,-2.526628784835338593e-03,-8.583828806877136230e-03,-1.612759567797183990e-02,-2.492917701601982117e-02,-3.467249125242233276e-02,-4.497054964303970337e-02,-5.538595095276832581e-02,-6.545419991016387939e-02,-7.470857352018356323e-02,-8.270502835512161255e-02,-8.904588222503662109e-02,-9.340081363916397095e-02,-9.552405029535293579e-02,-9.526690840721130371e-02,-9.258487075567245483e-02,-8.753906190395355225e-02,-8.029194176197052002e-02,-7.109767198562622070e-02,-6.028775125741958618e-02,-4.825279489159584045e-02,-3.542159870266914368e-02,-2.223870903253555298e-02,-9.141838178038597107e-03,3.459630766883492470e-03,1.520380657166242599e-02,2.579210139811038971e-02,3.500086814165115356e-02,4.268832132220268250e-02,4.879647865891456604e-02,5.334817990660667419e-02,5.643951147794723511e-02,5.822829157114028931e-02,5.891940370202064514e-02,5.874803289771080017e-02,5.796191096305847168e-02,5.680368468165397644e-02,5.549458786845207214e-02,5.422033742070198059e-02,5.312014743685722351e-02,5.227944627404212952e-02,5.172665044665336609e-02,5.143412575125694275e-02,5.132310837507247925e-02,5.127215012907981873e-02,5.112846195697784424e-02,5.072128027677536011e-02,4.987629875540733337e-02,4.843017831444740295e-02,4.624411091208457947e-02,4.321549460291862488e-02,3.928697481751441956e-02,3.445222973823547363e-02,2.875813283026218414e-02,2.230314165353775024e-02,1.523211225867271423e-02,7.727844640612602234e-03,1.907108081068980572e-17
0.000000000000000000e+00,1.939591951668262482e-03,3.479099832475185394e-03,4.243522416800260544e-03,3.906567115336656570e-03,2.211443614214658737e-03,-1.012376276776194572e-03,-5.837406963109970093e-03,-1.223208475857973099e-02,-2.006073109805583954e-02,-2.908954769372940063e-02,-3.899827972054481506e-02,-4.939687624573707581e-02,-5.984616279602050781e-02,-6.988136470317840576e-02,-7.903707027435302734e-02,-8.687227964401245117e-02,-9.299402683973312378e-02,-9.707836061716079712e-02,-9.888734668493270874e-02,-9.828138351440429688e-02,-9.522598981857299805e-02,-8.979286253452301025e-02,-8.215514570474624634e-02,-7.257737964391708374e-02,-6.140060722827911377e-02,-4.902375116944313049e-02,-3.588227555155754089e-02,-2.242540009319782257e-02,-9.093304164707660675e-03,3.704514820128679276e-03,1.560839731246232986e-02,2.632421627640724182e-02,3.563475981354713440e-02,4.340628162026405334e-02,4.958998411893844604e-02,5.421845614910125732e-02,5.739752575755119324e-02,5.929408967494964600e-02,6.012085080146789551e-02,6.011899188160896301e-02,5.953990668058395386e-02,5.862724781036376953e-02,5.760031566023826599e-02,5.663989111781120300e-02,5.587732791900634766e-02,5.538752302527427673e-02,5.518608167767524719e-02,5.523083359003067017e-02,5.542739108204841614e-02,5.563836544752120972e-02,5.569548904895782471e-02,5.541376397013664246e-02,5.460667982697486877e-02,5.310139060020446777e-02,5.075285956263542175e-02,4.745596274733543396e-02,4.315479472279548645e-02,3.784852474927902222e-02,3.159342333674430847e-02,2.450097724795341492e-02,1.673219539225101471e-02,8.488520979881286621e-03,2.094796685546242637e-17
0.000000000000000000e+00,1.275653834454715252e-03,2.169855637475848198e-03,2.325573936104774475e-03,1.433185650967061520e-03,-7.493142620660364628e-04,-4.380070138722658157e-03,-9.522035717964172363e-03,-1.613721996545791626e-02,-2.408685348927974701e-02,-3.313743323087692261e-02,-4.297234490513801575e-02,-5.320831388235092163e-02,-6.341578811407089233e-02,-7.314202934503555298e-02,-8.193560689687728882e-02,-8.937081694602966309e-02,-9.507077932357788086e-02,-9.872765094041824341e-02,-1.001191511750221252e-01,-9.912012517452239990e-02,-9.570886939764022827e-02,-8.996766060590744019e-02,-8.207771182060241699e-02,-7.230872660875320435e-02,-6.100397184491157532e-02,-4.856153950095176697e-02,-3.541311249136924744e-02,-2.200143970549106598e-02,-8.757792413234710693e-03,3.919198177754878998e-03,1.568221859633922577e-02,2.625039406120777130e-02,3.542007505893707275e-02,4.307077080011367798e-02,4.916602373123168945e-02,5.374929681420326233e-02,5.693531036376953125e-02,5.889745429158210754e-02,5.985220149159431458e-02,6.004155054688453674e-02,5.971470847725868225e-02,5.911012366414070129e-02,5.843905359506607056e-02,5.787169560790061951e-02,5.752662569284439087e-02,5.746426805853843689e-02,5.768462643027305603e-02,5.812936648726463318e-02,5.868805944919586182e-02,5.920799076557159424e-02,5.950692668557167053e-02,5.938782915472984314e-02,5.865456536412239075e-02,5.712751299142837524e-02,5.465799570083618164e-02,5.114059150218963623e-02,4.652249068021774292e-02,4.080928117036819458e-02,3.406680375337600708e-02,2.641892619431018829e-02,1.804143935441970825e-02,9.152458980679512024e-03,2.258617986065022151e-17
0.000000000000000000e+00,5.075832013972103596e-04,6.633182638324797153e-04,1.384779025102034211e-04,-1.350794336758553982e-03,-4.024395253509283066e-03,-8.022966794669628143e-03,-1.339729689061641693e-02,-2.010305598378181458e-02,-2.800117246806621552e-02,-3.686382621526718140e-02,-4.638572409749031067e-02,-5.619998648762702942e-02,-6.589770317077636719e-02,-7.505006343126296997e-02,-8.323167264461517334e-02,-9.004387259483337402e-02,-9.513649344444274902e-02,-9.822702407836914062e-02,-9.911590069532394409e-02,-9.769725054502487183e-02,-9.396435320377349854e-02,-8.800967037677764893e-02,-8.001941442489624023e-02,-7.026311010122299194e-02,-5.907872319221496582e-02,-4.685438051819801331e-02,-3.400767967104911804e-02,-2.096389792859554291e-02,-8.134365081787109375e-03,4.103770945221185684e-03,1.542522013187408447e-02,2.557068690657615662e-02,3.435672819614410400e-02,4.168085008859634399e-02,4.752166941761970520e-02,5.193426087498664856e-02,5.504109710454940796e-02,5.701926350593566895e-02,5.808483809232711792e-02,5.847550556063652039e-02,5.843251571059226990e-02,5.818316712975502014e-02,5.792493000626564026e-02,5.781218782067298889e-02,5.794636160135269165e-02,5.837005749344825745e-02,5.906549096107482910e-02,5.995722860097885132e-02,6.091896444559097290e-02,6.178390607237815857e-02,6.235789880156517029e-02,6.243451312184333801e-02,6.181094795465469360e-02,6.030375882983207703e-02,5.776334181427955627e-02,5.408616364002227783e-02,4.922399297356605530e-02,4.318948835134506226e-02,3.605777397751808167e-02,2.796391770243644714e-02,1.909648999571800232e-02,9.687582962214946747e-03,2.390661654427474512e-17
0.000000000000000000e+00,-3.268092987127602100e-04,-9.660331998020410538e-04,-2.208857331424951553e-03,-4.305286798626184464e-03,-7.446668576449155807e-03,-1.175174582749605179e-02,-1.725707761943340302e-02,-2.391241118311882019e-02,-3.158128634095191956e-02,-4.004684090614318848e-02,-4.902249947190284729e-02,-5.816688016057014465e-02,-6.710209697484970093e-02,-7.543431222438812256e-02,-8.277543634176254272e-02,-8.876453340053558350e-02,-9.308793395757675171e-02,-9.549660980701446533e-02,-9.582001715898513794e-02,-9.397555142641067505e-02,-8.997306227684020996e-02,-8.391426503658294678e-02,-7.598706334829330444e-02,-6.645522266626358032e-02,-5.564397946000099182e-02,-4.392252862453460693e-02,-3.168441355228424072e-02,-1.932698301970958710e-02,-7.231159601360559464e-03,4.257329739630222321e-03,1.484417356550693512e-02,2.429924905300140381e-02,3.246524930000305176e-02,3.926177322864532471e-02,4.468468576669692993e-02,4.880094528198242188e-02,5.173931270837783813e-02,5.367757752537727356e-02,5.482725426554679871e-02,5.541666224598884583e-02,5.567361414432525635e-02,5.580871924757957458e-02,5.600042268633842468e-02,5.638269335031509399e-02,5.703610926866531372e-02,5.798286572098731995e-02,5.918598175048828125e-02,6.055269390344619751e-02,6.194176524877548218e-02,6.317418813705444336e-02,6.404653936624526978e-02,6.434608995914459229e-02,6.386667490005493164e-02,6.242420896887779236e-02,5.987093597650527954e-02,5.610733106732368469e-02,5.109101906418800354e-02,4.484200477600097656e-02,3.744395822286605835e-02,2.904138714075088501e-02,1.983295194804668427e-02,1.006128545850515366e-02,2.482886171590604205e-17
0.000000000000000000e+00,-1.185893779620528221e-03,-2.636380493640899658e-03,-4.597248043864965439e-03,-7.277824450284242630e-03,-1.083555724471807480e-02,-1.536376774311065674e-02,-2.088334038853645325e-02,-2.733886614441871643e-02,-3.459946438670158386e-02,-4.246429726481437683e-02,-5.067239329218864441e-02,-5.891625583171844482e-02,-6.685844063758850098e-02,-7.415009289979934692e-02,-8.045037090778350830e-02,-8.544561266899108887e-02,-8.886706829071044922e-02,-9.050622582435607910e-02,-9.022672474384307861e-02,-8.797232061624526978e-02,-8.377026766538619995e-02,-7.773009687662124634e-02,-7.003776729106903076e-02,-6.094570830464363098e-02,-5.075914785265922546e-02,-3.981982544064521790e-02,-2.848786115646362305e-02,-1.712295971810817719e-02,-6.066062487661838531e-03,4.377495963126420975e-03,1.395235396921634674e-02,2.246418222784996033e-02,2.978684380650520325e-02,3.586529940366744995e-02,4.071414470672607422e-02,4.441198706626892090e-02,4.709206148982048035e-02,4.892973601818084717e-02,5.012778937816619873e-02,5.090038478374481201e-02,5.145680159330368042e-02,5.198595300316810608e-02,5.264269560575485229e-02,5.353676527738571167e-02,5.472503602504730225e-02,5.620756000280380249e-02,5.792761594057083130e-02,5.977575480937957764e-02,6.159748509526252747e-02,6.320416182279586792e-02,6.438630819320678711e-02,6.492847949266433716e-02,6.462474912405014038e-02,6.329374760389328003e-02,6.079237908124923706e-02,5.702713131904602051e-02,5.196250975131988525e-02,4.562578722834587097e-02,3.810792416334152222e-02,2.956051751971244812e-02,2.018895559012889862e-02,1.024222746491432190e-02,2.527562196474593230e-17
0.000000000000000000e+00,-2.026325324550271034e-03,-4.262717906385660172e-03,-6.903319153934717178e-03,-1.011141855269670486e-02,-1.400646287947893143e-02,-1.865381561219692230e-02,-2.405791915953159332e-02,-3.015931136906147003e-02,-3.683567047119140625e-02,-4.390688613057136536e-02,-5.114382132887840271e-02,-5.828030407428741455e-02,-6.502756476402282715e-02,-7.109033316373825073e-02,-7.618355751037597656e-02,-8.004876971244812012e-02,-8.246913552284240723e-02,-8.328223228454589844e-02,-8.238981664180755615e-02,-7.976403832435607910e-02,-7.544957846403121948e-02,-6.956182420253753662e-02,-6.228096783161163330e-02,-5.384253710508346558e-02,-4.452487826347351074e-02,-3.463434055447578430e-02,-2.448908425867557526e-02,-1.440247893333435059e-02,-4.667050670832395554e-03,4.460030701011419296e-03,1.276910025626420975e-02,2.010706439614295959e-02,2.638289332389831543e-02,3.156924247741699219e-02,3.570015728473663330e-02,3.886508569121360779e-02,4.119957610964775085e-02,4.287331923842430115e-02,4.407632350921630859e-02,4.500409215688705444e-02,4.584278538823127747e-02,4.675529152154922485e-02,4.786911234259605408e-02,4.926681146025657654e-02,5.097964406013488770e-02,5.298474058508872986e-02,5.520603805780410767e-02,5.751890316605567932e-02,5.975807830691337585e-02,6.172855198383331299e-02,6.321856379508972168e-02,6.401395052671432495e-02,6.391292065382003784e-02,6.274033337831497192e-02,6.036051362752914429e-02,5.668785795569419861e-02,5.169447511434555054e-02,4.541442915797233582e-02,3.794425353407859802e-02,2.943969145417213440e-02,2.010885253548622131e-02,1.020221412181854248e-02,2.517734298180728198e-17
0.000000000000000000e+00,-2.805225085467100143e-03,-5.761148873716592789e-03,-9.005793370306491852e-03,-1.265265326946973801e-02,-1.678043417632579803e-02,-2.142506092786788940e-02,-2.657447382807731628e-02,-3.216658160090446472e-02,-3.809052333235740662e-02,-4.419115558266639709e-02,-5.027659982442855835e-02,-5.612828209996223450e-02,-6.151295453310012817e-02,-6.619594246149063110e-02,-6.995478272438049316e-02,-7.259241491556167603e-02,-7.394918799400329590e-02,-7.391280680894851685e-02,-7.242567837238311768e-02,-6.948922574520111084e-02,-6.516480445861816406e-02,-5.957119166851043701e-02,-5.287880823016166687e-02,-4.530096426606178284e-02,-3.708270564675331116e-02,-2.848787978291511536e-02,-1.978521794080734253e-02,-1.123428624123334885e-02,-3.072122577577829361e-03,4.498612601310014725e-03,1.131927873939275742e-02,1.728211715817451477e-02,2.233391813933849335e-02,2.647631801664829254e-02,2.976270392537117004e-02,3.229195997118949890e-02,3.419946134090423584e-02,3.564589470624923706e-02,3.680461645126342773e-02,3.784838318824768066e-02,3.893625736236572266e-02,4.020153358578681946e-02,4.174148291349411011e-02,4.360953345894813538e-02,4.581040889024734497e-02,4.829854518175125122e-02,5.097989737987518311e-02,5.371702089905738831e-02,5.633717775344848633e-02,5.864290148019790649e-02,6.042443960905075073e-02,6.147327274084091187e-02,6.159587949514389038e-02,6.062689423561096191e-02,5.844083055853843689e-02,5.496165528893470764e-02,5.016956105828285217e-02,4.410453513264656067e-02,3.686648607254028320e-02,2.861184068024158478e-02,1.954686827957630157e-02,9.918032214045524597e-03,2.447675739892181987e-17
0.000000000000000000e+00,-3.482328262180089951e-03,-7.053113076835870743e-03,-1.079165842384099960e-02,-1.475959550589323044e-02,-1.899357140064239502e-02,-2.349967509508132935e-02,-2.824998088181018829e-02,-3.318148106336593628e-02,-3.819750621914863586e-02,-4.317158833146095276e-02,-4.795353114604949951e-02,-5.237735807895660400e-02,-5.627061054110527039e-02,-5.946445092558860779e-02,-6.180391833186149597e-02,-6.315769255161285400e-02,-6.342672556638717651e-02,-6.255117803812026978e-02,-6.051522120833396912e-02,-5.734931677579879761e-02,-5.312986671924591064e-02,-4.797615110874176025e-02,-4.204475507140159607e-02,-3.552176058292388916e-02,-2.861319854855537415e-02,-2.153426036238670349e-02,-1.449800562113523483e-02,-7.704162504523992538e-03,-1.328759244643151760e-03,4.484802950173616409e-03,9.632673114538192749e-03,1.405504439026117325e-02,1.773793809115886688e-02,2.071214839816093445e-02,2.304942533373832703e-02,2.485610730946063995e-02,2.626460045576095581e-02,2.742322720587253571e-02,2.848507463932037354e-02,2.959653735160827637e-02,3.088626824319362640e-02,3.245525062084197998e-02,3.436859697103500366e-02,3.664964810013771057e-02,3.927673399448394775e-02,4.218282178044319153e-02,4.525817185640335083e-02,4.835578426718711853e-02,5.129940807819366455e-02,5.389362946152687073e-02,5.593544244766235352e-02,5.722663179039955139e-02,5.758620426058769226e-02,5.686216056346893311e-02,5.494185164570808411e-02,5.176028981804847717e-02,4.730591177940368652e-02,4.162343218922615051e-02,3.481352701783180237e-02,2.702941745519638062e-02,1.847046613693237305e-02,9.373165667057037354e-03,2.313309513805803235e-17
0.000000000000000000e+00,-4.021985456347465515e-03,-8.069319650530815125e-03,-1.216189377009868622e-02,-1.630911417305469513e-02,-2.050567604601383209e-02,-2.472851239144802094e-02,-2.893512323498725891e-02,-3.306351602077484131e-02,-3.703374043107032776e-02,-4.075100645422935486e-02,-4.411019757390022278e-02,-4.700149595737457275e-02,-4.931680113077163696e-02,-5.095646157860755920e-02,-5.183596163988113403e-02,-5.189201980829238892e-02,-5.108773335814476013e-02,-4.941634833812713623e-02,-4.690340906381607056e-02,-4.360703751444816589e-02,-3.961632028222084045e-02,-3.504777699708938599e-02,-3.004014678299427032e-02,-2.474771253764629364e-02,-1.933256164193153381e-02,-1.395623758435249329e-02,-8.771267719566822052e-03,-3.913089167326688766e-03,5.071181803941726685e-04,4.408244509249925613e-03,7.743321824818849564e-03,1.050157379359006882e-02,1.270828768610954285e-02,1.442247163504362106e-02,1.573240943253040314e-02,1.674934662878513336e-02,1.759966835379600525e-02,1.841601543128490448e-02,1.932787336409091949e-02,2.045220695436000824e-02,2.188470587134361267e-02,2.369219437241554260e-02,2.590669132769107819e-02,2.852152660489082336e-02,3.148976713418960571e-02,3.472512960433959961e-02,3.810534626245498657e-02,4.147785902023315430e-02,4.466753080487251282e-02,4.748598486185073853e-02,4.974202439188957214e-02,5.125257745385169983e-02,5.185351893305778503e-02,5.140974000096321106e-02,4.982391744852066040e-02,4.704337194561958313e-02,4.306469485163688660e-02,3.793578222393989563e-02,3.175517171621322632e-02,2.466863580048084259e-02,1.686326041817665100e-02,8.559261448681354523e-03,2.112571307984904606e-17
0.000000000000000000e+00,-4.394922405481338501e-03,-8.753190748393535614e-03,-1.303645968437194824e-02,-1.720321550965309143e-02,-2.120769023895263672e-02,-2.499934285879135132e-02,-2.852300554513931274e-02,-3.171977773308753967e-02,-3.452864289283752441e-02,-3.688876703381538391e-02,-3.874232992529869080e-02,-4.003776237368583679e-02,-4.073310643434524536e-02,-4.079931229352951050e-02,-4.022319242358207703e-02,-3.900979831814765930e-02,-3.718398883938789368e-02,-3.479101136326789856e-02,-3.189599141478538513e-02,-2.858224697411060333e-02,-2.494849078357219696e-02,-2.110496535897254944e-02,-1.716871187090873718e-02,-1.325820572674274445e-02,-9.487627074122428894e-03,-5.961115006357431412e-03,-2.767320955172181129e-03,2.537703949201386422e-05,2.372705377638339996e-03,4.257092252373695374e-03,5.688830744475126266e-03,6.705681327730417252e-03,7.370876148343086243e-03,7.769582327455282211e-03,8.003976196050643921e-03,8.187160827219486237e-03,8.436248637735843658e-03,8.864979259669780731e-03,9.576284326612949371e-03,1.065522711724042892e-02,1.216274499893188477e-02,1.413057185709476471e-02,1.655766740441322327e-02,1.940841786563396454e-02,2.261274307966232300e-02,2.606819570064544678e-02,2.964393980801105499e-02,3.318650275468826294e-02,3.652698174118995667e-02,3.948935866355895996e-02,4.189951717853546143e-02,4.359444603323936462e-02,4.443116113543510437e-02,4.429485648870468140e-02,4.310581088066101074e-02,4.082468897104263306e-02,3.745587170124053955e-02,3.304868564009666443e-02,2.769636362791061401e-02,2.153280749917030334e-02,1.472727861255407333e-02,7.477281615138053894e-03,1.845693394745490990e-17
0.000000000000000000e+00,-4.579664673656225204e-03,-9.063649922609329224e-03,-1.335831731557846069e-02,-1.737410575151443481e-02,-2.102755010128021240e-02,-2.424324490129947662e-02,-2.695576287806034088e-02,-2.911145053803920746e-02,-3.067006170749664307e-02,-3.160617128014564514e-02,-3.191029652953147888e-02,-3.158964216709136963e-02,-3.066841326653957367e-02,-2.918760292232036591e-02,-2.720423415303230286e-02,-2.478999271988868713e-02,-2.202926017343997955e-02,-1.901656389236450195e-02,-1.585347577929496765e-02,-1.264508068561553955e-02,-9.496101178228855133e-03,-6.506828125566244125e-03,-3.769041271880269051e-03,-1.362087787128984928e-03,6.506812060251832008e-04,2.224927768111228943e-03,3.337624482810497284e-03,3.988477401435375214e-03,4.200360272079706192e-03,4.018682520836591721e-03,3.509670263156294823e-03,2.757586073130369186e-03,1.860972726717591286e-03,9.280640515498816967e-04,7.154617196647450328e-05,-5.970953498035669327e-04,-9.733822080306708813e-04,-9.655215544626116753e-04,-4.996671341359615326e-04,4.755128757096827030e-04,1.985215814784169197e-03,4.026046022772789001e-03,6.564880721271038055e-03,9.539162740111351013e-03,1.285864971578121185e-02,1.640858501195907593e-02,2.005416713654994965e-02,2.364614792168140411e-02,2.702730894088745117e-02,3.003951534628868103e-02,3.253103420138359070e-02,3.436375781893730164e-02,3.541996330022811890e-02,3.560832515358924866e-02,3.486877307295799255e-02,3.317607939243316650e-02,3.054185770452022552e-02,2.701492048799991608e-02,2.267994172871112823e-02,1.765447482466697693e-02,1.208443380892276764e-02,6.138252560049295425e-03,1.515389588241226361e-17
0.000000000000000000e+00,-4.563566297292709351e-03,-8.977112360298633575e-03,-1.309626083821058273e-02,-1.678769476711750031e-02,-1.993414945900440216e-02,-2.243877016007900238e-02,-2.422867901623249054e-02,-2.525759302079677582e-02,-2.550743147730827332e-02,-2.498878724873065948e-02,-2.374031580984592438e-02,-2.182701975107192993e-02,-1.933751627802848816e-02,-1.638039387762546539e-02,-1.307981461286544800e-02,-9.570514783263206482e-03,-5.992428399622440338e-03,-2.485128818079829216e-03,8.176824194379150867e-04,3.793424926698207855e-03,6.335416808724403381e-03,8.356991223990917206e-03,9.794794954359531403e-03,1.061113178730010986e-02,1.079526729881763458e-02,1.036363560706377029e-02,9.358956478536128998e-03,7.848283275961875916e-03,5.920077208429574966e-03,3.680410794913768768e-03,1.248470856808125973e-03,-1.248470856808125973e-03,-3.680410794913768768e-03,-5.920077208429574966e-03,-7.848283275961875916e-03,-9.358956478536128998e-03,-1.036363560706377029e-02,-1.079526729881763458e-02,-1.061113178730010986e-02,-9.794794954359531403e-03,-8.356991223990917206e-03,-6.335416808724403381e-03,-3.793424926698207855e-03,-8.176824194379150867e-04,2.485128818079829216e-03,5.992428399622440338e-03,9.570514783263206482e-03,1.307981461286544800e-02,1.638039387762546539e-02,1.933751627802848816e-02,2.182701975107192993e-02,2.374031580984592438e-02,2.498878724873065948e-02,2.550743147730827332e-02,2.525759302079677582e-02,2.422867901623249054e-02,2.243877016007900238e-02,1.993414945900440216e-02,1.678769476711750031e-02,1.309626083821058273e-02,8.977112360298633575e-03,4.563566297292709351e-03,1.126929608000502291e-17
0.000000000000000000e+00,-4.343388602137565613e-03,-8.488596417009830475e-03,-1.224645785987377167e-02,-1.544540934264659882e-02,-1.793925650417804718e-02,-1.961373724043369293e-02,-2.039160951972007751e-02,-2.023598924279212952e-02,-1.915183477103710175e-02,-1.718549616634845734e-02,-1.442236825823783875e-02,-1.098278537392616272e-02,-7.016358897089958191e-03,-2.695041010156273842e-03,1.794741954654455185e-03,6.260516121983528137e-03,1.051233895123004913e-02,1.437114086002111435e-02,1.767643541097640991e-02,2.029307000339031219e-02,2.211671322584152222e-02,2.307786978781223297e-02,2.314424887299537659e-02,2.232144027948379517e-02,2.065191417932510376e-02,1.821240223944187164e-02,1.510986592620611191e-02,1.147625129669904709e-02,7.462307810783386230e-03,3.230786183848977089e-03,-1.050667138770222664e-03,-5.216589197516441345e-03,-9.110441431403160095e-03,-1.259073149412870407e-02,-1.553627476096153259e-02,-1.785039529204368591e-02,-1.946394704282283783e-02,-2.033707313239574432e-02,-2.045968547463417053e-02,-1.985071972012519836e-02,-1.855625770986080170e-02,-1.664665900170803070e-02,-1.421286910772323608e-02,-1.136212237179279327e-02,-8.213227614760398865e-03,-4.891663789749145508e-03,-1.524691353552043438e-03,1.763342646881937981e-03,4.855334293097257614e-03,7.645256817340850830e-03,1.004139333963394165e-02,1.196890696883201599e-02,1.337170135229825974e-02,1.421357132494449615e-02,1.447866670787334442e-02,1.417129207402467728e-02,1.331512350589036942e-02,1.195188518613576889e-02,1.013957429677248001e-02,7.950299419462680817e-03,5.467812996357679367e-03,2.784800948575139046e-03,6.880962723297383361e-18
0.000000000000000000e+00,-3.925417084246873856e-03,-7.611904758960008621e-03,-1.083261147141456604e-02,-1.338422577828168869e-02,-1.509724184870719910e-02,-1.584451459348201752e-02,-1.554765738546848297e-02,-1.418100018054246902e-02,-1.177288405597209930e-02,-8.404266089200973511e-03,-4.204723984003067017e-03,6.539229070767760277e-04,5.966032855212688446e-03,1.150214485824108124e-02,1.702005229890346527e-02,2.227638289332389832e-02,2.703807689249515533e-02,3.109322115778923035e-02,3.426069021224975586e-02,3.639814257621765137e-02,3.740800172090530396e-02,3.724119812250137329e-02,3.589850664138793945e-02,3.342948481440544128e-02,2.992915548384189606e-02,2.553263306617736816e-02,2.040803991258144379e-02,1.474811974912881851e-02,8.760998025536537170e-03,2.660593250766396523e-03,-3.342854557558894157e-03,-9.051657281816005707e-03,-1.428856141865253448e-02,-1.890328712761402130e-02,-2.277747355401515961e-02,-2.582787908613681793e-02,-2.800776623189449310e-02,-2.930650673806667328e-02,-2.974756248295307159e-02,-2.938502095639705658e-02,-2.829897962510585785e-02,-2.659008279442787170e-02,-2.437356300652027130e-02,-2.177311666309833527e-02,-1.891495101153850555e-02,-1.592228189110755920e-02,-1.291052345186471939e-02,-9.983365423977375031e-03,-7.229815237224102020e-03,-4.722285550087690353e-03,-2.515677828341722488e-03,-6.473919493146240711e-04,8.618695428594946861e-04,2.006670227274298668e-03,2.794965403154492378e-03,3.245974890887737274e-03,3.387986682355403900e-03,3.256249474361538887e-03,2.891078591346740723e-03,2.336263423785567284e-03,1.637816196307539940e-03,8.430578163824975491e-04,2.090213029617902544e-18
0.000000000000000000e+00,-3.325104480609297752e-03,-6.378885358572006226e-03,-8.904778398573398590e-03,-1.067494973540306091e-02,-1.150273531675338745e-02,-1.125290058553218842e-02,-9.849153459072113037e-03,-7.278558332473039627e-03,-3.592591732740402222e-03,1.095168874599039555e-03,6.614600773900747299e-03,1.274751033633947372e-02,1.923855766654014587e-02,2.580804191529750824e-02,3.216584026813507080e-02,3.802578523755073547e-02,4.311968386173248291e-02,4.721028357744216919e-02,5.010252818465232849e-02,5.165250599384307861e-02,5.177371203899383545e-02,5.044033378362655640e-02,4.768747463822364807e-02,4.360831901431083679e-02,3.834857419133186340e-02,3.209841251373291016e-02,2.508255839347839355e-02,1.754894666373729706e-02,9.756713174283504486e-03,1.964099239557981491e-03,-5.583080463111400604e-03,-1.266181468963623047e-02,-1.908063143491744995e-02,-2.468630298972129822e-02,-2.936826646327972412e-02,-3.306064009666442871e-02,-3.574184700846672058e-02,-3.743202611804008484e-02,-3.818847984075546265e-02,-3.809953108429908752e-02,-3.727726265788078308e-02,-3.584958612918853760e-02,-3.395215794444084167e-02,-3.172064572572708130e-02,-2.928370051085948944e-02,-2.675707638263702393e-02,-2.423910982906818390e-02,-2.180773764848709106e-02,-1.951911300420761108e-02,-1.740774512290954590e-02,-1.548803970217704773e-02,-1.375698391348123550e-02,-1.219768170267343521e-02,-1.078341063112020493e-02,-9.481844492256641388e-03,-8.259095251560211182e-03,-7.083281874656677246e-03,-5.927370861172676086e-03,-4.771109204739332199e-03,-3.601964097470045090e-03,-2.415056340396404266e-03,-1.212171395309269428e-03,-2.980927523864750031e-18
0.000000000000000000e+00,-2.566281007602810860e-03,-4.837829619646072388e-03,-6.536912173032760620e-03,-7.418853696435689926e-03,-7.286278996616601944e-03,-6.000753492116928101e-03,-3.491181414574384689e-03,2.414824557490646839e-04,5.123461596667766571e-03,1.101135369390249252e-02,1.769910193979740143e-02,2.492833882570266724e-02,3.240152820944786072e-02,3.979716077446937561e-02,4.678617790341377258e-02,5.304868891835212708e-02,5.829016119241714478e-02,6.225608289241790771e-02,6.474447250366210938e-02,6.561549007892608643e-02,6.479773670434951782e-02,6.229093670845031738e-02,5.816495046019554138e-02,5.255523696541786194e-02,4.565508291125297546e-02,3.770510852336883545e-02,2.898069284856319427e-02,1.977803744375705719e-02,1.039967499673366547e-02,1.140221487730741501e-03,-7.726869545876979828e-03,-1.596084795892238617e-02,-2.336296252906322479e-02,-2.978306449949741364e-02,-3.512329980731010437e-02,-3.933879360556602478e-02,-4.243544861674308777e-02,-4.446511343121528625e-02,-4.551855102181434631e-02,-4.571673274040222168e-02,-4.520105198025703430e-02,-4.412312060594558716e-02,-4.263477027416229248e-02,-4.087890312075614929e-02,-3.898163884878158569e-02,-3.704626113176345825e-02,-3.514917194843292236e-02,-3.333804011344909668e-02,-3.163211792707443237e-02,-3.002454712986946106e-02,-2.848642319440841675e-02,-2.697220258414745331e-02,-2.542597055435180664e-02,-2.378811873495578766e-02,-2.200185321271419525e-02,-2.001912519335746765e-02,-1.780548319220542908e-02,-1.534358225762844086e-02,-1.263507828116416931e-02,-9.700845927000045776e-03,-6.579522974789142609e-03,-3.324556164443492889e-03,-8.193549876499085013e-18
0.000000000000000000e+00,-1.679968670941889286e-03,-3.051091916859149933e-03,-3.823275445029139519e-03,-3.742865053936839104e-03,-2.608275040984153748e-03,-2.826696727424860001e-04,3.297011600807309151e-03,8.115191943943500519e-03,1.407722570002079010e-02,2.101340889930725098e-02,2.868719957768917084e-02,3.680716827511787415e-02,4.504200443625450134e-02,5.303772166371345520e-02,6.043609604239463806e-02,6.689330190420150757e-02,7.209771126508712769e-02,7.578592747449874878e-02,7.775609195232391357e-02,7.787788659334182739e-02,7.609858363866806030e-02,7.244504243135452271e-02,6.702146679162979126e-02,6.000315025448799133e-02,5.162674188613891602e-02,4.217747226357460022e-02,3.197426721453666687e-02,2.135352790355682373e-02,1.065256353467702866e-02,1.935697073349729180e-04,-9.730933234095573425e-03,-1.887046173214912415e-02,-2.702610008418560028e-02,-3.405676037073135376e-02,-3.988194838166236877e-02,-4.448100924491882324e-02,-4.788905382156372070e-02,-5.018992722034454346e-02,-5.150680243968963623e-02,-5.199104174971580505e-02,-5.181011185050010681e-02,-5.113531276583671570e-02,-5.013014376163482666e-02,-4.893995076417922974e-02,-4.768352955579757690e-02,-4.644706472754478455e-02,-4.528078064322471619e-02,-4.419833794236183167e-02,-4.317895695567131042e-02,-4.217195138335227966e-02,-4.110332578420639038e-02,-3.988387063145637512e-02,-3.841813281178474426e-02,-3.661359846591949463e-02,-3.438943997025489807e-02,-3.168419376015663147e-02,-2.846183069050312042e-02,-2.471582591533660889e-02,-2.047096751630306244e-02,-1.578277349472045898e-02,-1.073462795466184616e-02,-5.432838574051856995e-03,-1.339656886901683248e-17
0.000000000000000000e+00,-7.028718828223645687e-04,-1.092075952328741550e-03,-8.739317418076097965e-04,2.064247673843055964e-04,2.348463051021099091e-03,5.682888906449079514e-03,1.026226021349430084e-02,1.605612412095069885e-02,2.295096218585968018e-02,3.075493127107620239e-02,3.920713812112808228e-02,4.799089953303337097e-02,5.675022304058074951e-02,6.510857492685317993e-02,7.268883287906646729e-02,7.913333922624588013e-02,8.412285149097442627e-02,8.739342540502548218e-02,8.875016868114471436e-02,8.807728439569473267e-02,8.534371852874755859e-02,8.060427010059356689e-02,7.399611175060272217e-02,6.573098152875900269e-02,5.608358979225158691e-02,4.537690430879592896e-02,3.396528214216232300e-02,2.221637591719627380e-02,1.049289666116237640e-02,-8.647243957966566086e-04,-1.155382953584194183e-02,-2.132233604788780212e-02,-2.997820079326629639e-02,-3.739508613944053650e-02,-4.351405426859855652e-02,-4.834128543734550476e-02,-5.194214358925819397e-02,-5.443203076720237732e-02,-5.596477165818214417e-02,-5.671923980116844177e-02,-5.688523501157760620e-02,-5.664943531155586243e-02,-5.618236213922500610e-02,-5.562716349959373474e-02,-5.509084090590476990e-02,-5.463845655322074890e-02,-5.429060757160186768e-02,-5.402417480945587158e-02,-5.377631634473800659e-02,-5.345121026039123535e-02,-5.292916297912597656e-02,-5.207726731896400452e-02,-5.076096951961517334e-02,-4.885562509298324585e-02,-4.625732824206352234e-02,-4.289219900965690613e-02,-3.872354701161384583e-02,-3.375643119215965271e-02,-2.803926169872283936e-02,-2.166244015097618103e-02,-1.475405972450971603e-02,-7.473016623407602310e-03,-1.843210860291096844e-17
0.000000000000000000e+00,3.243736864533275366e-04,9.582522907294332981e-04,2.190447645261883736e-03,4.269612487405538559e-03,7.387155666947364807e-03,1.166355051100254059e-02,1.713885180652141571e-02,2.376797981560230255e-02,3.142106533050537109e-02,3.988881781697273254e-02,4.889264702796936035e-02,5.809888243675231934e-02,6.713633984327316284e-02,7.561615854501724243e-02,8.315277844667434692e-02,8.938484638929367065e-02,9.399483352899551392e-02,9.672629088163375854e-02,9.739767760038375854e-02,9.591212123632431030e-02,9.226246923208236694e-02,8.653141558170318604e-02,7.888685166835784912e-02,6.957256793975830078e-02,5.889512225985527039e-02,4.720745980739593506e-02,3.489048406481742859e-02,2.233351580798625946e-02,9.914848953485488892e-03,-2.016466576606035233e-03,-1.315661985427141190e-02,-2.325991727411746979e-02,-3.214787319302558899e-02,-3.971408307552337646e-02,-4.592470079660415649e-02,-5.081461369991302490e-02,-5.447969213128089905e-02,-5.706570670008659363e-02,-5.875465273857116699e-02,-5.974946171045303345e-02,-6.025812402367591858e-02,-6.047815084457397461e-02,-6.058249622583389282e-02,-6.070771440863609314e-02,-6.094509735703468323e-02,-6.133532151579856873e-02,-6.186684966087341309e-02,-6.247816234827041626e-02,-6.306355446577072144e-02,-6.348206102848052979e-02,-6.356893479824066162e-02,-6.314873695373535156e-02,-6.204926595091819763e-02,-6.011534854769706726e-02,-5.722149088978767395e-02,-5.328264459967613220e-02,-4.826229438185691833e-02,-4.217738658189773560e-02,-3.509971499443054199e-02,-2.715371735394001007e-02,-1.851082779467105865e-02,-9.380707517266273499e-03,-2.314132062206925966e-17
0.000000000000000000e+00,1.359103713184595108e-03,3.015143796801567078e-03,5.244188942015171051e-03,8.281835354864597321e-03,1.230605971068143845e-02,1.742356084287166595e-02,2.366042882204055786e-02,3.095772303640842438e-02,3.917220979928970337e-02,4.808225482702255249e-02,5.739853903651237488e-02,6.677891314029693604e-02,7.584661990404129028e-02,8.421068638563156128e-02,9.148742258548736572e-02,9.732163697481155396e-02,1.014064177870750427e-01,1.035002917051315308e-01,1.034407839179039001e-01,1.011535748839378357e-01,9.665674716234207153e-02,9.005998820066452026e-02,8.155872672796249390e-02,7.142357528209686279e-02,5.998590961098670959e-02,4.762024059891700745e-02,3.472459316253662109e-02,2.170000597834587097e-02,8.930372074246406555e-03,-3.236218821257352829e-03,-1.450354885309934616e-02,-2.463987283408641815e-02,-3.348636254668235779e-02,-4.096098616719245911e-02,-4.705771058797836304e-02,-5.184112489223480225e-02,-5.543702095746994019e-02,-5.801951140165328979e-02,-5.979560688138008118e-02,-6.098832190036773682e-02,-6.181934475898742676e-02,-6.249240413308143616e-02,-6.317844986915588379e-02,-6.400346755981445312e-02,-6.503979116678237915e-02,-6.630134582519531250e-02,-6.774308532476425171e-02,-6.926468759775161743e-02,-7.071813941001892090e-02,-7.191871106624603271e-02,-7.265856862068176270e-02,-7.272212952375411987e-02,-7.190208882093429565e-02,-7.001513242721557617e-02,-6.691624969244003296e-02,-6.251068413257598877e-02,-5.676283314824104309e-02,-4.970139637589454651e-02,-4.142050817608833313e-02,-3.207672014832496643e-02,-2.188206277787685394e-02,-1.109358016401529312e-02,-2.737038572850379533e-17
0.000000000000000000e+00,2.358580008149147034e-03,4.993942566215991974e-03,8.162342943251132965e-03,1.208025217056274414e-02,1.690756902098655701e-02,2.273434400558471680e-02,2.957184053957462311e-02,3.734850883483886719e-02,4.591112956404685974e-02,5.503110587596893311e-02,6.441549211740493774e-02,7.372219115495681763e-02,8.257830142974853516e-02,9.060069173574447632e-02,9.741738438606262207e-02,1.026886478066444397e-01,1.061263829469680786e-01,1.075108051300048828e-01,1.067033112049102783e-01,1.036548241972923279e-01,9.840913861989974976e-02,9.110107272863388062e-02,8.194956183433532715e-02,7.124606519937515259e-02,5.933915078639984131e-02,4.661598056554794312e-02,3.348201140761375427e-02,2.033998258411884308e-02,7.569509092718362808e-03,-4.491526167839765549e-03,-1.556272991001605988e-02,-2.543317899107933044e-02,-3.396897390484809875e-02,-4.111599177122116089e-02,-4.689775407314300537e-02,-5.140859261155128479e-02,-5.480269715189933777e-02,-5.727969110012054443e-02,-5.906779691576957703e-02,-6.040565297007560730e-02,-6.152392178773880005e-02,-6.262794882059097290e-02,-6.388249993324279785e-02,-6.539959460496902466e-02,-6.723014265298843384e-02,-6.935994327068328857e-02,-7.171026617288589478e-02,-7.414294034242630005e-02,-7.646959275007247925e-02,-7.846450060606002808e-02,-7.988010346889495850e-02,-8.046428114175796509e-02,-7.997822761535644531e-02,-7.821371406316757202e-02,-7.500879466533660889e-02,-7.026070356369018555e-02,-6.393536925315856934e-02,-5.607266351580619812e-02,-4.678723216056823730e-02,-3.626473993062973022e-02,-2.475375123322010040e-02,-1.255374588072299957e-02,-3.097641839756339055e-17
0.000000000000000000e+00,3.281902289018034935e-03,6.813867017626762390e-03,1.082625519484281540e-02,1.551127806305885315e-02,2.100696600973606110e-02,2.738458849489688873e-02,3.464032709598541260e-02,4.269174486398696899e-02,5.137933790683746338e-02,6.047302484512329102e-02,6.968331336975097656e-02,7.867641746997833252e-02,8.709236979484558105e-02,9.456522017717361450e-02,1.007438749074935913e-01,1.053124964237213135e-01,1.080090776085853577e-01,1.086412072181701660e-01,1.070979535579681396e-01,1.033571735024452209e-01,9.748783707618713379e-02,8.964715898036956787e-02,8.007279038429260254e-02,6.907045096158981323e-02,5.699780583381652832e-02,4.424555972218513489e-02,3.121686913073062897e-02,1.830633729696273804e-02,5.879847798496484756e-03,-5.743581335991621017e-03,-1.630683615803718567e-02,-2.562577649950981140e-02,-3.359569236636161804e-02,-4.019282758235931396e-02,-4.547091946005821228e-02,-4.955305159091949463e-02,-5.261933431029319763e-02,-5.489128828048706055e-02,-5.661392211914062500e-02,-5.803663283586502075e-02,-5.939420312643051147e-02,-6.088909134268760681e-02,-6.267610937356948853e-02,-6.485050171613693237e-02,-6.744018197059631348e-02,-7.040257006883621216e-02,-7.362630218267440796e-02,-7.693763822317123413e-02,-8.011124283075332642e-02,-8.288457244634628296e-02,-8.497502654790878296e-02,-8.609879761934280396e-02,-8.599015325307846069e-02,-8.441999554634094238e-02,-8.121252059936523438e-02,-7.625888288021087646e-02,-6.952700763940811157e-02,-6.106693297624588013e-02,-5.101126804947853088e-02,-3.957075625658035278e-02,-2.702516131103038788e-02,-1.371001545339822769e-02,-3.383301385112136696e-17
0.000000000000000000e+00,4.091782961040735245e-03,8.401512168347835541e-03,1.312870811671018600e-02,1.843723282217979431e-02,2.444039657711982727e-02,3.118933923542499542e-02,3.866552188992500305e-02,4.677776619791984558e-02,5.536415055394172668e-02,6.419861316680908203e-02,7.300194352865219116e-02,8.145647495985031128e-02,8.922362327575683594e-02,9.596315771341323853e-02,1.013530567288398743e-01,1.051087602972984314e-01,1.070005074143409729e-01,1.068677976727485657e-01,1.046300306916236877e-01,1.002926006913185120e-01,9.394814074039459229e-02,8.577270805835723877e-02,7.601722329854965210e-02,6.499458849430084229e-02,5.306328088045120239e-02,4.060839489102363586e-02,2.802129648625850677e-02,1.567907817661762238e-02,3.925085067749023438e-03,-6.948330905288457870e-03,-1.671379990875720978e-02,-2.521881461143493652e-02,-3.239094093441963196e-02,-3.823806345462799072e-02,-4.284366220235824585e-02,-4.635747894644737244e-02,-4.898216947913169861e-02,-5.095676705241203308e-02,-5.253806337714195251e-02,-5.398106202483177185e-02,-5.551974847912788391e-02,-5.734939500689506531e-02,-5.961153283715248108e-02,-6.238257512450218201e-02,-6.566677242517471313e-02,-6.939399987459182739e-02,-7.342256605625152588e-02,-7.754682004451751709e-02,-8.150918036699295044e-02,-8.501582592725753784e-02,-8.775509148836135864e-02,-8.941742777824401855e-02,-8.971574157476425171e-02,-8.840480446815490723e-02,-8.529853820800781250e-02,-8.028407394886016846e-02,-7.333175837993621826e-02,-6.450036168098449707e-02,-5.393722280859947205e-02,-4.187320917844772339e-02,-2.861280739307403564e-02,-1.451989635825157166e-02,-3.583520783252842066e-17
0.000000000000000000e+00,4.756106529384851456e-03,9.693921543657779694e-03,1.497839577496051788e-02,2.074208855628967285e-02,2.707170508801937103e-02,3.399771824479103088e-02,4.148780554533004761e-02,4.944453388452529907e-02,5.770755186676979065e-02,6.606013327836990356e-02,7.423977553844451904e-02,8.195213228464126587e-02,8.888755738735198975e-02,9.473905712366104126e-02,9.922076761722564697e-02,1.020855233073234558e-01,1.031406670808792114e-01,1.022609025239944458e-01,9.939740598201751709e-02,9.458263218402862549e-02,8.793041110038757324e-02,7.963135838508605957e-02,6.994367390871047974e-02,5.918011069297790527e-02,4.769160225987434387e-02,3.584872186183929443e-02,2.402201667428016663e-02,1.256238855421543121e-02,1.782737555913627148e-03,-8.058001287281513214e-03,-1.676747947931289673e-02,-2.422842755913734436e-02,-3.040249831974506378e-02,-3.532921895384788513e-02,-3.912016004323959351e-02,-4.194859787821769714e-02,-4.403543844819068909e-02,-4.563213884830474854e-02,-4.700184240937232971e-02,-4.839976876974105835e-02,-5.005420371890068054e-02,-5.214922502636909485e-02,-5.481030791997909546e-02,-5.809368938207626343e-02,-6.198024004697799683e-02,-6.637422740459442139e-02,-7.110714167356491089e-02,-7.594631612300872803e-02,-8.060796558856964111e-02,-8.477375656366348267e-02,-8.811004459857940674e-02,-9.028856456279754639e-02,-9.100725501775741577e-02,-9.001013636589050293e-02,-8.710481971502304077e-02,-8.217667043209075928e-02,-7.519874721765518188e-02,-6.623680144548416138e-02,-5.544906854629516602e-02,-4.308079183101654053e-02,-2.945372834801673889e-02,-1.495127286761999130e-02,-3.690360423786926184e-17
0.000000000000000000e+00,5.249201785773038864e-03,1.064107753336429596e-02,1.630355231463909149e-02,2.233606949448585510e-02,2.879784256219863892e-02,3.569890931248664856e-02,4.299463704228401184e-02,5.058408901095390320e-02,5.831244960427284241e-02,6.597736477851867676e-02,7.333888858556747437e-02,8.013238757848739624e-02,8.608368039131164551e-02,9.092538803815841675e-02,9.441349655389785767e-02,9.634304046630859375e-02,9.656196087598800659e-02,9.498208761215209961e-02,9.158661961555480957e-02,8.643351495265960693e-02,7.965452969074249268e-02,7.144983857870101929e-02,6.207861751317977905e-02,5.184600129723548889e-02,4.108721762895584106e-02,3.014986030757427216e-02,1.937531121075153351e-02,9.080498479306697845e-03,-4.589339077938348055e-04,-9.022990241646766663e-03,-1.645831204950809479e-02,-2.268511056900024414e-02,-2.769958972930908203e-02,-3.157168254256248474e-02,-3.443820029497146606e-02,-3.649184107780456543e-02,-3.796664252877235413e-02,-3.912081941962242126e-02,-4.021803289651870728e-02,-4.150821641087532043e-02,-4.320919141173362732e-02,-4.549018666148185730e-02,-4.845838993787765503e-02,-5.214929580688476562e-02,-5.652158707380294800e-02,-6.145688891410827637e-02,-6.676448136568069458e-02,-7.219075411558151245e-02,-7.743284106254577637e-02,-8.215577155351638794e-02,-8.601204305887222290e-02,-8.866247534751892090e-02,-8.979719877243041992e-02,-8.915537595748901367e-02,-8.654261380434036255e-02,-8.184488862752914429e-02,-7.503817975521087646e-02,-6.619317829608917236e-02,-5.547473952174186707e-02,-4.313608258962631226e-02,-2.950799651443958282e-02,-1.498367823660373688e-02,-3.698752005665154139e-17
0.000000000000000000e+00,5.552781280130147934e-03,1.120773516595363617e-02,1.705456152558326721e-02,2.315892092883586884e-02,2.955260314047336578e-02,3.622616454958915710e-02,4.312460124492645264e-02,5.014640092849731445e-02,5.714612081646919250e-02,6.394038349390029907e-02,7.031694799661636353e-02,7.604634761810302734e-02,8.089525252580642700e-02,8.464091271162033081e-02,8.708550035953521729e-02,8.806958049535751343e-02,8.748374134302139282e-02,8.527755737304687500e-02,8.146531879901885986e-02,7.612793147563934326e-02,6.941097974777221680e-02,6.151881441473960876e-02,5.270500853657722473e-02,4.325972869992256165e-02,3.349471837282180786e-02,2.372674643993377686e-02,1.426059287041425705e-02,5.372522398829460144e-03,-2.704658312723040581e-03,-9.794060140848159790e-03,-1.578387804329395294e-02,-2.063265815377235413e-02,-2.437027916312217712e-02,-2.709457650780677795e-02,-2.896370738744735718e-02,-3.018471971154212952e-02,-3.099898248910903931e-02,-3.166530653834342957e-02,-3.244180977344512939e-02,-3.356762230396270752e-02,-3.524552285671234131e-02,-3.762666136026382446e-02,-4.079830273985862732e-02,-4.477535560727119446e-02,-4.949637129902839661e-02,-5.482422560453414917e-02,-6.055158376693725586e-02,-6.641088426113128662e-02,-7.208830863237380981e-02,-7.724098116159439087e-02,-8.151639997959136963e-02,-8.457303792238235474e-02,-8.610083162784576416e-02,-8.584040403366088867e-02,-8.359991014003753662e-02,-7.926839590072631836e-02,-7.282491028308868408e-02,-6.434283405542373657e-02,-5.398902297019958496e-02,-4.201783239841461182e-02,-2.876031026244163513e-02,-1.460911519825458527e-02,-3.606703677972498241e-17
0.000000000000000000e+00,5.656512919813394547e-03,1.137451175600290298e-02,1.720549538731575012e-02,2.318175323307514191e-02,2.930860407650470734e-02,3.555873781442642212e-02,4.186908900737762451e-02,4.814056307077407837e-02,5.424070358276367188e-02,6.000917777419090271e-02,6.526581197977066040e-02,6.982064992189407349e-02,7.348538190126419067e-02,7.608550786972045898e-02,7.747225463390350342e-02,7.753355801105499268e-02,7.620331645011901855e-02,7.346817851066589355e-02,6.937142461538314819e-02,6.401349604129791260e-02,5.754913762211799622e-02,5.018109455704689026e-02,4.215077310800552368e-02,3.372631222009658813e-02,2.518872916698455811e-02,1.681699045002460480e-02,8.872859179973602295e-03,1.586483558639883995e-03,-4.856385290622711182e-03,-1.032471936196088791e-02,-1.474940124899148941e-02,-1.812676526606082916e-02,-2.051820605993270874e-02,-2.204580605030059814e-02,-2.288416214287281036e-02,-2.324886247515678406e-02,-2.338222786784172058e-02,-2.353717014193534851e-02,-2.396009862422943115e-02,-2.487390115857124329e-02,-2.646205946803092957e-02,-2.885485440492630005e-02,-3.211857378482818604e-02,-3.624841198325157166e-02,-4.116559401154518127e-02,-4.671892151236534119e-02,-5.269083008170127869e-02,-5.880760028958320618e-02,-6.475324928760528564e-02,-7.018636912107467651e-02,-7.475890964269638062e-02,-7.813594490289688110e-02,-8.001521229743957520e-02,-8.014536648988723755e-02,-7.834176719188690186e-02,-7.449902594089508057e-02,-6.859939545392990112e-02,-6.071657314896583557e-02,-5.101459100842475891e-02,-3.974186629056930542e-02,-2.722064778208732605e-02,-1.383240148425102234e-02,-3.415383750606128385e-17
0.000000000000000000e+00,5.558211356401443481e-03,1.113823801279067993e-02,1.675452664494514465e-02,2.240739576518535614e-02,2.807745523750782013e-02,3.372168540954589844e-02,3.927154839038848877e-02,4.463334009051322937e-02,4.969085752964019775e-02,5.431026592850685120e-02,5.834688991308212280e-02,6.165353953838348389e-02,6.408977508544921875e-02,6.553155183792114258e-02,6.588053703308105469e-02,6.507245451211929321e-02,6.308378279209136963e-02,5.993636697530746460e-02,5.569941923022270203e-02,5.048874765634536743e-02,4.446310549974441528e-02,3.781773149967193604e-02,3.077546134591102600e-02,2.357579208910465240e-02,1.646255515515804291e-02,9.670896455645561218e-03,3.414350561797618866e-03,-2.127183601260185242e-03,-6.817816291004419327e-03,-1.057369075715541840e-02,-1.336809713393449783e-02,-1.523329783231019974e-02,-1.625883951783180237e-02,-1.658637821674346924e-02,-1.640123501420021057e-02,-1.592109352350234985e-02,-1.538247894495725632e-02,-1.502574328333139420e-02,-1.507944520562887192e-02,-1.574503816664218903e-02,-1.718279533088207245e-02,-1.949983462691307068e-02,-2.274100668728351593e-02,-2.688327617943286896e-02,-3.183397278189659119e-02,-3.743313997983932495e-02,-4.345993325114250183e-02,-4.964277893304824829e-02,-5.567278340458869934e-02,-6.121972203254699707e-02,-6.594970077276229858e-02,-6.954356282949447632e-02,-7.171498984098434448e-02,-7.222723215818405151e-02,-7.090759277343750000e-02,-6.765872985124588013e-02,-6.246618553996086121e-02,-5.540155619382858276e-02,-4.662122949957847595e-02,-3.636057302355766296e-02,-2.492395788431167603e-02,-1.267101895064115524e-02,-3.129086614434174870e-17
0.000000000000000000e+00,5.263664294034242630e-03,1.051156409084796906e-02,1.572325080633163452e-02,2.086935006082057953e-02,2.590819634497165680e-02,3.078366443514823914e-02,3.542449325323104858e-02,3.974521160125732422e-02,4.364872351288795471e-02,4.703043028712272644e-02,4.978365451097488403e-02,5.180605500936508179e-02,5.300657078623771667e-02,5.331243574619293213e-02,5.267573148012161255e-02,5.107897892594337463e-02,4.853929206728935242e-02,4.511072859168052673e-02,4.088453203439712524e-02,3.598712757229804993e-02,3.057586587965488434e-02,2.483262680470943451e-02,1.895561441779136658e-02,1.314972061663866043e-02,7.616011891514062881e-03,2.540922956541180611e-03,-1.914170454256236553e-03,-5.622366443276405334e-03,-8.499015122652053833e-03,-1.050732750445604324e-02,-1.166139356791973114e-02,-1.202632393687963486e-02,-1.171541307121515274e-02,-1.088437438011169434e-02,-9.722896851599216461e-03,-8.443932048976421356e-03,-7.271264214068651199e-03,-6.426041480153799057e-03,-6.113033276051282883e-03,-6.507396232336759567e-03,-7.742743939161300659e-03,-9.901249781250953674e-03,-1.300640869885683060e-02,-1.701896078884601593e-02,-2.183628268539905548e-02,-2.729539200663566589e-02,-3.317945823073387146e-02,-3.922759741544723511e-02,-4.514738917350769043e-02,-5.062958598136901855e-02,-5.536413937807083130e-02,-5.905675515532493591e-02,-6.144504994153976440e-02,-6.231338158249855042e-02,-6.150558218359947205e-02,-5.893480032682418823e-02,-5.458990111947059631e-02,-4.853805527091026306e-02,-4.092328250408172607e-02,-3.196100890636444092e-02,-2.192891761660575867e-02,-1.115450169891119003e-02,-2.755081367243631193e-17
0.000000000000000000e+00,4.786109551787376404e-03,9.521892294287681580e-03,1.415501721203327179e-02,1.862942799925804138e-02,2.288415655493736267e-02,2.685289457440376282e-02,3.046445734798908234e-02,3.364423289895057678e-02,3.631658107042312622e-02,3.840813040733337402e-02,3.985169902443885803e-02,4.059072956442832947e-02,4.058377444744110107e-02,3.980881348252296448e-02,3.826696425676345825e-02,3.598531708121299744e-02,3.301854059100151062e-02,2.944903075695037842e-02,2.538548596203327179e-02,2.095982804894447327e-02,1.632251590490341187e-02,1.163644250482320786e-02,7.069651503115892410e-03,2.787270350381731987e-03,-1.056944951415061951e-03,-4.328945185989141464e-03,-6.922114174813032150e-03,-8.763894438743591309e-03,-9.820858947932720184e-03,-1.010185480117797852e-02,-9.658941999077796936e-03,-8.585954084992408752e-03,-7.014676928520202637e-03,-5.108730401843786240e-03,-3.055425593629479408e-03,-1.055965549312531948e-03,6.855134270153939724e-04,1.973491162061691284e-03,2.632569288834929466e-03,2.518289024010300636e-03,1.526629319414496422e-03,-3.983898786827921867e-04,-3.259480465203523636e-03,-7.003603037446737289e-03,-1.152244769036769867e-02,-1.665593683719635010e-02,-2.219864353537559509e-02,-2.790885977447032928e-02,-3.351988270878791809e-02,-3.875296190381050110e-02,-4.333125799894332886e-02,-4.699408262968063354e-02,-4.951064288616180420e-02,-5.069258436560630798e-02,-5.040463432669639587e-02,-4.857270792126655579e-02,-4.518907517194747925e-02,-4.031426459550857544e-02,-3.407548740506172180e-02,-2.666175924241542816e-02,-1.831583492457866669e-02,-9.323385544121265411e-03,-2.303354560569850057e-17
0.000000000000000000e+00,4.145415499806404114e-03,8.209710940718650818e-03,1.211238093674182892e-02,1.577425934374332428e-02,1.911845430731773376e-02,2.207157015800476074e-02,2.456525154411792755e-02,2.653805539011955261e-02,2.793760225176811218e-02,2.872293069958686829e-02,2.886690385639667511e-02,2.835852466523647308e-02,2.720498293638229370e-02,2.543321251869201660e-02,2.309080027043819427e-02,2.024607360363006592e-02,1.698722317814826965e-02,1.342039182782173157e-02,9.666700847446918488e-03,5.858266726136207581e-03,2.133300993591547012e-03,-1.369507634080946445e-03,-4.517098423093557358e-03,-7.188336923718452454e-03,-9.280182421207427979e-03,-1.071337331086397171e-02,-1.143729779869318008e-02,-1.143372245132923126e-02,-1.071910653263330460e-02,-9.345290251076221466e-03,-7.398423738777637482e-03,-4.996088333427906036e-03,-2.282677683979272842e-03,5.768187111243605614e-04,3.404369344934821129e-03,6.017458159476518631e-03,8.238239213824272156e-03,9.902830235660076141e-03,1.087025832384824753e-02,1.103058364242315292e-02,1.031172648072242737e-02,8.684617467224597931e-03,6.166311446577310562e-03,2.820872236043214798e-03,-1.242122729308903217e-03,-5.871429573744535446e-03,-1.088021509349346161e-02,-1.605411246418952942e-02,-2.116088196635246277e-02,-2.596123516559600830e-02,-3.022027947008609772e-02,-3.371901810169219971e-02,-3.626532852649688721e-02,-3.770381584763526917e-02,-3.792408853769302368e-02,-3.686693310737609863e-02,-3.452809900045394897e-02,-3.095944784581661224e-02,-2.626740559935569763e-02,-2.060872875154018402e-02,-1.418379973620176315e-02,-7.227774709463119507e-03,-1.786257324447228250e-17
0.000000000000000000e+00,3.367012832313776016e-03,6.626449991017580032e-03,9.673846885561943054e-03,1.241090241819620132e-02,1.474842149764299393e-02,1.660907454788684845e-02,1.792991906404495239e-02,1.866461709141731262e-02,1.878524199128150940e-02,1.828365772962570190e-02,1.717233099043369293e-02,1.548457238823175430e-02,1.327409315854310989e-02,1.061388663947582245e-02,7.594379130750894547e-03,4.320878069847822189e-03,9.103426709771156311e-04,-2.512447070330381393e-03,-5.819224752485752106e-03,-8.882941678166389465e-03,-1.158267352730035782e-02,-1.380854286253452301e-02,-1.546645909547805786e-02,-1.648245193064212799e-02,-1.680639572441577911e-02,-1.641491428017616272e-02,-1.531330868601799011e-02,-1.353635080158710480e-02,-1.114784553647041321e-02,-8.238933980464935303e-03,-4.925121087580919266e-03,-1.342135365121066570e-03,2.359278500080108643e-03,6.019421853125095367e-03,9.476327337324619293e-03,1.257277932018041611e-02,1.516336761415004730e-02,1.712123490869998932e-02,1.834420673549175262e-02,1.875998638570308685e-02,1.833015494048595428e-02,1.705272868275642395e-02,1.496314164251089096e-02,1.213353686034679413e-02,8.670360781252384186e-03,4.710332956165075302e-03,4.149466694798320532e-04,-4.036294296383857727e-03,-8.453592658042907715e-03,-1.264519523829221725e-02,-1.642596535384654999e-02,-1.962579227983951569e-02,-2.209745347499847412e-02,-2.372350543737411499e-02,-2.442193962633609772e-02,-2.415023744106292725e-02,-2.290768735110759735e-02,-2.073579095304012299e-02,-1.771673746407032013e-02,-1.397000532597303391e-02,-9.647234342992305756e-03,-4.925600253045558929e-03,-1.218076308825475390e-17
0.000000000000000000e+00,2.480648225173354149e-03,4.831978119909763336e-03,6.930105853825807571e-03,8.661800995469093323e-03,9.929276071488857269e-03,1.065435074269771576e-02,1.078182924538850784e-02,1.028195768594741821e-02,9.151842445135116577e-03,7.415794301778078079e-03,5.124568473547697067e-03,2.353529445827007294e-03,-8.001815294846892357e-04,-4.221372772008180618e-03,-7.781272754073143005e-03,-1.134256646037101746e-02,-1.476480253040790558e-02,-1.790995709598064423e-02,-2.064792811870574951e-02,-2.286174707114696503e-02,-2.445230633020401001e-02,-2.534239552915096283e-02,-2.547990530729293823e-02,-2.484006248414516449e-02,-2.342660352587699890e-02,-2.127184160053730011e-02,-1.843562349677085876e-02,-1.500320248305797577e-02,-1.108213886618614197e-02,-6.798312999308109283e-03,-2.291226061061024666e-03,2.291226061061024666e-03,6.798312999308109283e-03,1.108213886618614197e-02,1.500320248305797577e-02,1.843562349677085876e-02,2.127184160053730011e-02,2.342660352587699890e-02,2.484006248414516449e-02,2.547990530729293823e-02,2.534239552915096283e-02,2.445230633020401001e-02,2.286174707114696503e-02,2.064792811870574951e-02,1.790995709598064423e-02,1.476480253040790558e-02,1.134256646037101746e-02,7.781272754073143005e-03,4.221372772008180618e-03,8.001815294846892357e-04,-2.353529445827007294e-03,-5.124568473547697067e-03,-7.415794301778078079e-03,-9.151842445135116577e-03,-1.028195768594741821e-02,-1.078182924538850784e-02,-1.065435074269771576e-02,-9.929276071488857269e-03,-8.661800995469093323e-03,-6.930105853825807571e-03,-4.831978119909763336e-03,-2.480648225173354149e-03,-6.145475908826471357e-18
0.000000000000000000e+00,1.519024139270186424e-03,2.891884651035070419e-03,3.979965578764677048e-03,4.659374710172414780e-03,4.827391821891069412e-03,4.407878965139389038e-03,3.355380846187472343e-03,1.657724846154451370e-03,-6.630061543546617031e-04,-3.551166504621505737e-03,-6.919864565134048462e-03,-1.065478008240461349e-02,-1.461929269134998322e-02,-1.866065338253974915e-02,-2.261690050363540649e-02,-2.632418647408485413e-02,-2.962414361536502838e-02,-3.237095847725868225e-02,-3.443781659007072449e-02,-3.572240471839904785e-02,-3.615127503871917725e-02,-3.568283841013908386e-02,-3.430891409516334534e-02,-3.205476701259613037e-02,-2.897768281400203705e-02,-2.516420744359493256e-02,-2.072616480290889740e-02,-1.579571701586246490e-02,-1.051969546824693680e-02,-5.053511355072259903e-03,4.450971609912812710e-04,5.822158884257078171e-03,1.093316636979579926e-02,1.564811915159225464e-02,1.985573954880237579e-02,2.346669510006904602e-02,2.641575224697589874e-02,2.866284176707267761e-02,3.019301220774650574e-02,3.101538680493831635e-02,3.116122633218765259e-02,3.068121895194053650e-02,2.964220382273197174e-02,2.812350355088710785e-02,2.621304616332054138e-02,2.400346659123897552e-02,2.158836089074611664e-02,1.905881613492965698e-02,1.650035940110683441e-02,1.399039477109909058e-02,1.159617211669683456e-02,9.373325854539871216e-03,7.364961318671703339e-03,5.601269192993640900e-03,4.099597223103046417e-03,2.864936366677284241e-03,1.890735118649899960e-03,1.159978564828634262e-03,6.464606267400085926e-04,3.161927161272615194e-04,1.288992352783679962e-04,3.956357249990105629e-05,7.666010710404263575e-20
0.000000000000000000e+00,5.163973546586930752e-04,8.746907697059214115e-04,9.261888917535543442e-04,5.405111587606370449e-04,-3.865135950036346912e-04,-1.926379161886870861e-03,-4.113214556127786636e-03,-6.941129919141530991e-03,-1.036373712122440338e-02,-1.429586112499237061e-02,-1.861735060811042786e-02,-2.317876368761062622e-02,-2.780863083899021149e-02,-3.232187777757644653e-02,-3.652897849678993225e-02,-4.024529457092285156e-02,-4.330020397901535034e-02,-4.554540663957595825e-02,-4.686209931969642639e-02,-4.716658592224121094e-02,-4.641409963369369507e-02,-4.460062459111213684e-02,-4.176270216703414917e-02,-3.797524794936180115e-02,-3.334756940603256226e-02,-2.801778912544250488e-02,-2.214607037603855133e-02,-1.590698212385177612e-02,-9.481465443968772888e-03,-3.048812737688422203e-03,3.220907412469387054e-03,9.173604659736156464e-03,1.467678137123584747e-02,1.962375268340110779e-02,2.393633499741554260e-02,2.756590954959392548e-02,3.049292415380477905e-02,3.272492066025733948e-02,3.429332748055458069e-02,3.524921461939811707e-02,3.565840423107147217e-02,3.559618070721626282e-02,3.514200821518898010e-02,3.437452390789985657e-02,3.336713835597038269e-02,3.218441084027290344e-02,3.087943792343139648e-02,2.949228882789611816e-02,2.804954908788204193e-02,2.656488306820392609e-02,2.504051849246025085e-02,2.346946671605110168e-02,2.183825708925724030e-02,2.012995071709156036e-02,1.832716539502143860e-02,1.641489751636981964e-02,1.438290625810623169e-02,1.222750637680292130e-02,9.952635504305362701e-03,7.570158690214157104e-03,5.099397618323564529e-03,2.565961796790361404e-03,6.315124448606503185e-18
0.000000000000000000e+00,-4.927933332510292530e-04,-1.150884898379445076e-03,-2.128568012267351151e-03,-3.558768192306160927e-03,-5.543927196413278580e-03,-8.148666471242904663e-03,-1.139465626329183578e-02,-1.525799464434385300e-02,-1.966924220323562622e-02,-2.451612241566181183e-02,-2.964872121810913086e-02,-3.488690033555030823e-02,-4.002948850393295288e-02,-4.486472159624099731e-02,-4.918136075139045715e-02,-5.277982726693153381e-02,-5.548274517059326172e-02,-5.714427679777145386e-02,-5.765780434012413025e-02,-5.696143582463264465e-02,-5.504114925861358643e-02,-5.193136632442474365e-02,-4.771297797560691833e-02,-4.250896722078323364e-02,-3.647791594266891479e-02,-2.980579435825347900e-02,-2.269651181995868683e-02,-1.536181569099426270e-02,-8.011090569198131561e-03,-8.416565251536667347e-04,5.969913210719823837e-03,1.227498240768909454e-02,1.795818842947483063e-02,2.294068038463592529e-02,2.718113549053668976e-02,3.067459166049957275e-02,3.344922512769699097e-02,3.556137159466743469e-02,3.708912432193756104e-02,3.812503442168235779e-02,3.876829519867897034e-02,3.911701962351799011e-02,3.926108777523040771e-02,3.927592188119888306e-02,3.921769559383392334e-02,3.912013769149780273e-02,3.899315372109413147e-02,3.882325813174247742e-02,3.857579082250595093e-02,3.819867596030235291e-02,3.762743249535560608e-02,3.679110482335090637e-02,3.561863675713539124e-02,3.404524549841880798e-02,3.201839700341224670e-02,2.950290404260158539e-02,2.648484893143177032e-02,2.297403477132320404e-02,1.900482736527919769e-02,1.463531050831079483e-02,9.944826364517211914e-03,5.030069034546613693e-03,1.240081215634794798e-17
0.000000000000000000e+00,-1.475213794037699699e-03,-3.118476364761590958e-03,-5.085528362542390823e-03,-7.508247625082731247e-03,-1.048455853015184402e-02,-1.407042238861322403e-02,-1.827440597116947174e-02,-2.305516414344310760e-02,-2.832200750708580017e-02,-3.393851965665817261e-02,-3.972903266549110413e-02,-4.548757150769233704e-02,-5.098875239491462708e-02,-5.599997192621231079e-02,-6.029419973492622375e-02,-6.366260349750518799e-02,-6.592624634504318237e-02,-6.694618612527847290e-02,-6.663143634796142578e-02,-6.494420021772384644e-02,-6.190223991870880127e-02,-5.757814645767211914e-02,-5.209560692310333252e-02,-4.562290385365486145e-02,-3.836406767368316650e-02,-3.054818511009216309e-02,-2.241753973066806793e-02,-1.421525701880455017e-02,-6.173216272145509720e-03,1.499090809375047684e-03,8.624103851616382599e-03,1.506361365318298340e-02,2.072365023195743561e-02,2.555660530924797058e-02,2.956051938235759735e-02,3.277564421296119690e-02,3.527852520346641541e-02,3.717409446835517883e-02,3.858621418476104736e-02,3.964738920331001282e-02,4.048826545476913452e-02,4.122762382030487061e-02,4.196347668766975403e-02,4.276586696505546570e-02,4.367174208164215088e-02,4.468234255909919739e-02,4.576308652758598328e-02,4.684606567025184631e-02,4.783492535352706909e-02,4.861177131533622742e-02,4.904565960168838501e-02,4.900213330984115601e-02,4.835313931107521057e-02,4.698666557669639587e-02,4.481553658843040466e-02,4.178471118211746216e-02,3.787666186690330505e-02,3.311441838741302490e-02,2.756217867136001587e-02,2.132328599691390991e-02,1.453582942485809326e-02,7.366050966084003448e-03,1.817108845189741034e-17
0.000000000000000000e+00,-2.399780787527561188e-03,-4.966337699443101883e-03,-7.853134535253047943e-03,-1.118785422295331955e-02,-1.506158243864774704e-02,-1.952031813561916351e-02,-2.455937117338180542e-02,-3.012103028595447540e-02,-3.609563410282135010e-02,-4.232604429125785828e-02,-4.861522093415260315e-02,-5.473652109503746033e-02,-6.044599786400794983e-02,-6.549610197544097900e-02,-6.964980810880661011e-02,-7.269441336393356323e-02,-7.445410639047622681e-02,-7.480061054229736328e-02,-7.366117089986801147e-02,-7.102341949939727783e-02,-6.693685799837112427e-02,-6.151083111763000488e-02,-5.490911751985549927e-02,-4.734142869710922241e-02,-3.905241563916206360e-02,-3.030872531235218048e-02,-2.138499356806278229e-02,-1.254955120384693146e-02,-4.050720483064651489e-03,3.895487869158387184e-03,1.111554447561502457e-02,1.748585142195224762e-02,2.293704263865947723e-02,2.745491638779640198e-02,3.107796981930732727e-02,3.389173746109008789e-02,3.602030873298645020e-02,3.761560469865798950e-02,3.884508088231086731e-02,3.987869247794151306e-02,4.087589681148529053e-02,4.197358712553977966e-02,4.327567666769027710e-02,4.484502971172332764e-02,4.669821634888648987e-02,4.880345985293388367e-02,5.108189210295677185e-02,5.341205373406410217e-02,5.563734099268913269e-02,5.757594481110572815e-02,5.903267860412597656e-02,5.981189385056495667e-02,5.973076820373535156e-02,5.863200873136520386e-02,5.639528110623359680e-02,5.294655635952949524e-02,4.826481640338897705e-02,4.238568618893623352e-02,3.540168702602386475e-02,2.745918184518814087e-02,1.875205710530281067e-02,9.512587450444698334e-03,2.347441301985456305e-17
0.000000000000000000e+00,-3.238628851249814034e-03,-6.639251019805669785e-03,-1.034983992576599121e-02,-1.449125632643699646e-02,-1.914593391120433807e-02,-2.434911392629146576e-02,-3.008319996297359467e-02,-3.627564013004302979e-02,-4.280050471425056458e-02,-4.948368668556213379e-02,-5.611144378781318665e-02,-6.244175508618354797e-02,-6.821782886981964111e-02,-7.318289577960968018e-02,-7.709543406963348389e-02,-7.974380254745483398e-02,-8.095941692590713501e-02,-8.062762767076492310e-02,-7.869560271501541138e-02,-7.517670094966888428e-02,-7.015103846788406372e-02,-6.376218795776367188e-02,-5.621021986007690430e-02,-4.774141684174537659e-02,-3.863532468676567078e-02,-2.918989956378936768e-02,-1.970565877854824066e-02,-1.046975702047348022e-02,-1.740983221679925919e-03,6.263410672545433044e-03,1.337827928364276886e-02,1.949788630008697510e-02,2.457951381802558899e-02,2.864317409694194794e-02,3.176743537187576294e-02,3.408166393637657166e-02,3.575513511896133423e-02,3.698376566171646118e-02,3.797520324587821960e-02,3.893334791064262390e-02,4.004314914345741272e-02,4.145675152540206909e-02,4.328177869319915771e-02,4.557259753346443176e-02,4.832504317164421082e-02,5.147502198815345764e-02,5.490107089281082153e-02,5.843077600002288818e-02,6.185063347220420837e-02,6.491881608963012695e-02,6.738001853227615356e-02,6.898157298564910889e-02,6.948972493410110474e-02,6.870516389608383179e-02,6.647684425115585327e-02,6.271313875913619995e-02,5.738977342844009399e-02,5.055390298366546631e-02,4.232409223914146423e-02,3.288621082901954651e-02,2.248538658022880554e-02,1.141451764851808548e-02,2.817441024698901354e-17
0.000000000000000000e+00,-3.967871423810720444e-03,-8.090016432106494904e-03,-1.250627823173999786e-02,-1.732861623167991638e-02,-2.262954600155353546e-02,-2.843326143920421600e-02,-3.471007198095321655e-02,-4.137453064322471619e-02,-4.828748106956481934e-02,-5.526186525821685791e-02,-6.207202374935150146e-02,-6.846590340137481689e-02,-7.417940348386764526e-02,-7.895206660032272339e-02,-8.254293352365493774e-02,-8.474577963352203369e-02,-8.540259301662445068e-02,-8.441448211669921875e-02,-8.174929767847061157e-02,-7.744537293910980225e-02,-7.161124795675277710e-02,-6.442116945981979370e-02,-5.610670149326324463e-02,-4.694493487477302551e-02,-3.724387288093566895e-02,-2.732600085437297821e-02,-1.751092448830604553e-02,-8.098202757537364960e-03,6.486370111815631390e-04,8.515867404639720917e-03,1.535028964281082153e-02,2.106624655425548553e-02,2.564847283065319061e-02,2.915059775114059448e-02,3.168938681483268738e-02,3.343505039811134338e-02,3.459823504090309143e-02,3.541446104645729065e-02,3.612701967358589172e-02,3.696931898593902588e-02,3.814787417650222778e-02,3.982692956924438477e-02,4.211574420332908630e-02,4.505933448672294617e-02,4.863329604268074036e-02,5.274307727813720703e-02,5.722777917981147766e-02,6.186831369996070862e-02,6.639945507049560547e-02,7.052513211965560913e-02,7.393595576286315918e-02,7.632811367511749268e-02,7.742231339216232300e-02,7.698176801204681396e-02,7.482804358005523682e-02,7.085385918617248535e-02,6.503200531005859375e-02,5.741977691650390625e-02,4.815871641039848328e-02,3.746954724192619324e-02,2.564259245991706848e-02,1.302420534193515778e-02,3.215325156376503324e-17
0.000000000000000000e+00,-4.568141419440507889e-03,-9.280507452785968781e-03,-1.426676288247108459e-02,-1.962846703827381134e-02,-2.542748302221298218e-02,-3.167716413736343384e-02,-3.833695501089096069e-02,-4.531082883477210999e-02,-5.244968831539154053e-02,-5.955768749117851257e-02,-6.640209257602691650e-02,-7.272602617740631104e-02,-7.826345413923263550e-02,-8.275528252124786377e-02,-8.596569299697875977e-02,-8.769758045673370361e-02,-8.780607581138610840e-02,-8.620929718017578125e-02,-8.289553970098495483e-02,-7.792642712593078613e-02,-7.143572717905044556e-02,-6.362380832433700562e-02,-5.474811419844627380e-02,-4.511000216007232666e-02,-3.503893688321113586e-02,-2.487475983798503876e-02,-1.494925655424594879e-02,-5.568069871515035629e-03,3.005900420248508453e-03,1.056658476591110229e-02,1.697543077170848846e-02,2.216799184679985046e-02,2.615599520504474640e-02,2.902471460402011871e-02,3.092577308416366577e-02,3.206579014658927917e-02,3.269154205918312073e-02,3.307253867387771606e-02,3.348203375935554504e-02,3.417771309614181519e-02,3.538316115736961365e-02,3.727138414978981018e-02,3.995130583643913269e-02,4.345821961760520935e-02,4.774879664182662964e-02,5.270100757479667664e-02,5.811902508139610291e-02,6.374295055866241455e-02,6.926272809505462646e-02,7.433554530143737793e-02,7.860568165779113770e-02,8.172567933797836304e-02,8.337751775979995728e-02,8.329261094331741333e-02,8.126935362815856934e-02,7.718721032142639160e-02,7.101643830537796021e-02,6.282281875610351562e-02,5.276713892817497253e-02,4.109929502010345459e-02,2.814742736518383026e-02,1.430261787027120590e-02,3.531432227463642849e-17
0.000000000000000000e+00,-5.024913698434829712e-03,-1.018228381872177124e-02,-1.559014711529016495e-02,-2.133872359991073608e-02,-2.747900597751140594e-02,-3.401416540145874023e-02,-4.089440405368804932e-02,-4.801567271351814270e-02,-5.522242188453674316e-02,-6.231424957513809204e-02,-6.905608624219894409e-02,-7.519128918647766113e-02,-8.045685291290283203e-02,-8.459970355033874512e-02,-8.739312738180160522e-02,-8.865211158990859985e-02,-8.824671059846878052e-02,-8.611243218183517456e-02,-8.225690573453903198e-02,-7.676239311695098877e-02,-6.978380680084228516e-02,-6.154230982065200806e-02,-5.231481045484542847e-02,-4.241988807916641235e-02,-3.220100700855255127e-02,-2.200800925493240356e-02,-1.217793207615613937e-02,-3.016435308381915092e-03,5.219104699790477753e-03,1.233371626585721970e-02,1.820528320968151093e-02,2.279062382876873016e-02,2.612678147852420807e-02,2.832737937569618225e-02,2.957420609891414642e-02,3.010451421141624451e-02,3.019472584128379822e-02,3.014154732227325439e-02,3.024161793291568756e-02,3.077090345323085785e-02,3.196515515446662903e-02,3.400261700153350830e-02,3.699006885290145874e-02,4.095318913459777832e-02,4.583176597952842712e-02,5.148027092218399048e-02,5.767372995615005493e-02,6.411868333816528320e-02,7.046861201524734497e-02,7.634305208921432495e-02,8.134920150041580200e-02,8.510487526655197144e-02,8.726137131452560425e-02,8.752501010894775391e-02,8.567595481872558594e-02,8.158326894044876099e-02,7.521519064903259277e-02,6.664410233497619629e-02,5.604570358991622925e-02,4.369254410266876221e-02,2.994209155440330505e-02,1.522007957100868225e-02,3.758410587548193643e-17
0.000000000000000000e+00,-5.328616127371788025e-03,-1.077679172158241272e-02,-1.645005121827125549e-02,-2.242686972022056580e-02,-2.874762751162052155e-02,-3.540636971592903137e-02,-4.234597086906433105e-02,-4.945715889334678650e-02,-5.658148974180221558e-02,-6.351819634437561035e-02,-7.003448158502578735e-02,-7.587867230176925659e-02,-8.079537749290466309e-02,-8.454166352748870850e-02,-8.690322935581207275e-02,-8.770944178104400635e-02,-8.684627711772918701e-02,-8.426617830991744995e-02,-7.999416440725326538e-02,-7.412969321012496948e-02,-6.684397906064987183e-02,-5.837296321988105774e-02,-4.900608211755752563e-02,-3.907162696123123169e-02,-2.891941927373409271e-02,-1.890184544026851654e-02,-9.354438632726669312e-03,-5.771376891061663628e-04,7.182554807513952255e-03,1.374347601085901260e-02,1.900084502995014191e-02,2.293176762759685516e-02,2.559579722583293915e-02,2.713042311370372772e-02,2.774172089993953705e-02,2.769062109291553497e-02,2.727561816573143005e-02,2.681290172040462494e-02,2.661509998142719269e-02,2.696992270648479462e-02,2.812000922858715057e-02,3.024523891508579254e-02,3.344862535595893860e-02,3.774671256542205811e-02,4.306515306234359741e-02,4.923977330327033997e-02,5.602324753999710083e-02,6.309699267148971558e-02,7.008769363164901733e-02,7.658758014440536499e-02,8.217728883028030396e-02,8.644996583461761475e-02,8.903532475233078003e-02,8.962214738130569458e-02,8.797793090343475342e-02,8.396452665328979492e-02,7.754878699779510498e-02,6.880759447813034058e-02,5.792685970664024353e-02,4.519455134868621826e-02,3.098808601498603821e-02,1.575672812759876251e-02,3.891331563668319745e-17
0.000000000000000000e+00,-5.474558565765619278e-03,-1.105519291013479233e-02,-1.683455519378185272e-02,-2.287944406270980835e-02,-2.922029979526996613e-02,-3.584342449903488159e-02,-4.268653690814971924e-02,-4.963804036378860474e-02,-5.654017999768257141e-02,-6.319589912891387939e-02,-6.937903910875320435e-02,-7.484729588031768799e-02,-7.935701310634613037e-02,-8.267892897129058838e-02,-8.461387455463409424e-02,-8.500716090202331543e-02,-8.376096189022064209e-02,-8.084347844123840332e-02,-7.629443705081939697e-02,-7.022637873888015747e-02,-6.282141059637069702e-02,-5.432370677590370178e-02,-4.502795264124870300e-02,-3.526442125439643860e-02,-2.538152970373630524e-02,-1.572689600288867950e-02,-6.628026254475116730e-03,1.626161043532192707e-03,8.801805786788463593e-03,1.473354268819093704e-02,1.933398656547069550e-02,2.259862609207630157e-02,2.460573054850101471e-02,2.551117166876792908e-02,2.553842216730117798e-02,2.496420778334140778e-02,2.410066872835159302e-02,2.327501401305198669e-02,2.280789241194725037e-02,2.299179323017597198e-02,2.407075278460979462e-02,2.622266858816146851e-02,2.954531274735927582e-02,3.404698520898818970e-02,3.964244574308395386e-02,4.615445807576179504e-02,5.332097038626670837e-02,6.080763414502143860e-02,6.822495907545089722e-02,7.514921575784683228e-02,8.114591240882873535e-02,8.579452335834503174e-02,8.871302753686904907e-02,8.958084136247634888e-02,8.815881609916687012e-02,8.430509269237518311e-02,7.798584550619125366e-02,6.928026676177978516e-02,5.837943404912948608e-02,4.557905346155166626e-02,3.126648813486099243e-02,1.590267196297645569e-02,3.927729826726368112e-17
0.000000000000000000e+00,-5.462701432406902313e-03,-1.101788505911827087e-02,-1.674542389810085297e-02,-2.270091883838176727e-02,-2.890588343143463135e-02,-3.534052148461341858e-02,-4.193970188498497009e-02,-4.859247058629989624e-02,-5.514526367187500000e-02,-6.140862777829170227e-02,-6.716712564229965210e-02,-7.219179719686508179e-02,-7.625435292720794678e-02,-7.914222031831741333e-02,-8.067340403795242310e-02,-8.071014285087585449e-02,-7.917038351297378540e-02,-7.603631913661956787e-02,-7.135915011167526245e-02,-6.525985151529312134e-02,-5.792560055851936340e-02,-4.960198700428009033e-02,-4.058145359158515930e-02,-3.118849731981754303e-02,-2.176248840987682343e-02,-1.263916306197643280e-02,-4.131855443120002747e-03,3.486346919089555740e-03,9.998403489589691162e-03,1.525605190545320511e-02,1.918862015008926392e-02,2.180728875100612640e-02,2.320444770157337189e-02,2.354807965457439423e-02,2.307142503559589386e-02,2.205843850970268250e-02,2.082587964832782745e-02,1.970302872359752655e-02,1.901022903621196747e-02,1.903754658997058868e-02,2.002483233809471130e-02,2.214441075921058655e-02,2.548753283917903900e-02,3.005543351173400879e-02,3.575565293431282043e-02,4.240394756197929382e-02,4.973176121711730957e-02,5.739895999431610107e-02,6.501112133264541626e-02,7.214055210351943970e-02,7.834970951080322266e-02,8.321591466665267944e-02,8.635574579238891602e-02,8.744785189628601074e-02,8.625275641679763794e-02,8.262856304645538330e-02,7.654155045747756958e-02,6.807097792625427246e-02,5.740789696574211121e-02,4.484781995415687561e-02,3.077769279479980469e-02,1.565786823630332947e-02,3.867575598220286833e-17
0.000000000000000000e+00,-5.297300405800342560e-03,-1.067377813160419464e-02,-1.619699038565158844e-02,-2.191214449703693390e-02,-2.783309295773506165e-02,-3.393575921654701233e-02,-4.015454649925231934e-02,-4.638208076357841492e-02,-5.247233435511589050e-02,-5.824711918830871582e-02,-6.350544095039367676e-02,-6.803523749113082886e-02,-7.162673026323318481e-02,-7.408647984266281128e-02,-7.525119930505752563e-02,-7.500040531158447266e-02,-7.326694577932357788e-02,-7.004468888044357300e-02,-6.539267301559448242e-02,-5.943538621068000793e-02,-5.235899612307548523e-02,-4.440361261367797852e-02,-3.585197776556015015e-02,-2.701517008244991302e-02,-1.821612939238548279e-02,-9.771973825991153717e-03,-1.976168714463710785e-03,4.918322432786226273e-03,1.071387436240911484e-02,1.528002694249153137e-02,1.856151409447193146e-02,2.058190852403640747e-02,2.144255302846431732e-02,2.131674066185951233e-02,2.043938077986240387e-02,1.909270137548446655e-02,1.758875697851181030e-02,1.624973118305206299e-02,1.538720075041055679e-02,1.528157573193311691e-02,1.616296358406543732e-02,1.819465681910514832e-02,2.146026305854320526e-02,2.595535293221473694e-02,3.158419206738471985e-02,3.816187381744384766e-02,4.542184993624687195e-02,5.302845686674118042e-02,6.059392914175987244e-02,6.769882142543792725e-02,7.391489297151565552e-02,7.882902771234512329e-02,8.206695318222045898e-02,8.331526070833206177e-02,8.234060555696487427e-02,7.900480180978775024e-02,7.327502965927124023e-02,6.522843241691589355e-02,5.505081638693809509e-02,4.302952066063880920e-02,2.954069711267948151e-02,1.503177639096975327e-02,3.713189285204409663e-17
0.000000000000000000e+00,-4.986467771232128143e-03,-1.003940030932426453e-02,-1.521478593349456787e-02,-2.054847404360771179e-02,-2.604809030890464783e-02,-3.168717771768569946e-02,-3.740206360816955566e-02,-4.309174045920372009e-02,-4.862090200185775757e-02,-5.382595583796501160e-02,-5.852368474006652832e-02,-6.252206861972808838e-02,-6.563249230384826660e-02,-6.768257170915603638e-02,-6.852877140045166016e-02,-6.806779652833938599e-02,-6.624608486890792847e-02,-6.306657940149307251e-02,-5.859226733446121216e-02,-5.294609069824218750e-02,-4.630716145038604736e-02,-3.890329226851463318e-02,-3.100029006600379944e-02,-2.288852259516716003e-02,-1.486750785261392593e-02,-7.229472510516643524e-03,-2.428477600915357471e-04,5.863280501216650009e-03,1.091275922954082489e-02,1.479311566799879074e-02,1.746271550655364990e-02,1.895382069051265717e-02,1.937122456729412079e-02,1.888647675514221191e-02,1.772790402173995972e-02,1.616697385907173157e-02,1.450170669704675674e-02,1.303809508681297302e-02,1.207060460001230240e-02,1.186290569603443146e-02,1.262999791651964188e-02,1.452284399420022964e-02,1.761646568775177002e-02,2.190230600535869598e-02,2.728539146482944489e-02,3.358656913042068481e-02,4.054979979991912842e-02,4.785415530204772949e-02,5.512996762990951538e-02,6.197821348905563354e-02,6.799212843179702759e-02,7.277977466583251953e-02,7.598640024662017822e-02,7.731518894433975220e-02,7.654525339603424072e-02,7.354585081338882446e-02,6.828591972589492798e-02,6.083832308650016785e-02,5.137857422232627869e-02,4.017805680632591248e-02,2.759197540581226349e-02,1.404280122369527817e-02,3.469103837435527193e-17
0.000000000000000000e+00,-4.541676957160234451e-03,-9.137907065451145172e-03,-1.383404061198234558e-02,-1.865774393081665039e-02,-2.361192554235458374e-02,-2.866964228451251984e-02,-3.377142176032066345e-02,-3.882527723908424377e-02,-4.370949789881706238e-02,-4.827809333801269531e-02,-5.236857384443283081e-02,-5.581162124872207642e-02,-5.844196677207946777e-02,-6.010980904102325439e-02,-6.069195270538330078e-02,-6.010187789797782898e-02,-5.829802900552749634e-02,-5.528966709971427917e-02,-5.113979801535606384e-02,-4.596484452486038208e-02,-3.993099182844161987e-02,-3.324727714061737061e-02,-2.615575492382049561e-02,-1.891925744712352753e-02,-1.180745102465152740e-02,-5.081986542791128159e-03,1.018347218632698059e-03,6.291548721492290497e-03,1.058451458811759949e-02,1.380254048854112625e-02,1.591555587947368622e-02,1.696060970425605774e-02,1.704038493335247040e-02,1.631767675280570984e-02,1.500612962990999222e-02,1.335765607655048370e-02,1.164722349494695663e-02,1.015589199960231781e-02,9.153042919933795929e-03,8.878882043063640594e-03,9.528241120278835297e-03,1.123670581728219986e-02,1.406991854310035706e-02,1.801678910851478577e-02,2.298708446323871613e-02,2.881363406777381897e-02,3.525914996862411499e-02,4.202729836106300354e-02,4.877755045890808105e-02,5.514295399188995361e-02,6.074988469481468201e-02,6.523870676755905151e-02,6.828413158655166626e-02,6.961416453123092651e-02,6.902647763490676880e-02,6.640135496854782104e-02,6.171030178666114807e-02,5.501989275217056274e-02,4.649057984352111816e-02,3.637041151523590088e-02,2.498404309153556824e-02,1.271756552159786224e-02,3.141887399849555484e-17
0.000000000000000000e+00,-3.977252170443534851e-03,-7.998055778443813324e-03,-1.209813915193080902e-02,-1.629820652306079865e-02,-2.059794589877128601e-02,-2.497172914445400238e-02,-2.936640940606594086e-02,-3.370139747858047485e-02,-3.787115216255187988e-02,-4.174990952014923096e-02,-4.519842565059661865e-02,-4.807232692837715149e-02,-5.023146793246269226e-02,-5.154973268508911133e-02,-5.192456766963005066e-02,-5.128556117415428162e-02,-4.960147291421890259e-02,-4.688513278961181641e-02,-4.319577664136886597e-02,-3.863860666751861572e-02,-3.336143866181373596e-02,-2.754854783415794373e-02,-2.141200006008148193e-02,-1.518094446510076523e-02,-9.089434519410133362e-03,-3.363512922078371048e-03,1.791664049960672855e-03,6.203859578818082809e-03,9.744180366396903992e-03,1.233519986271858215e-02,1.395620685070753098e-02,1.464518904685974121e-02,1.449733041226863861e-02,1.366001460701227188e-02,1.232455857098102570e-02,1.071507856249809265e-02,9.075095877051353455e-03,7.652622181922197342e-03,6.684596650302410126e-03,6.381577346473932266e-03,6.913613062351942062e-03,8.398169651627540588e-03,1.089086476713418961e-02,1.437963265925645828e-02,1.878273673355579376e-02,2.395083010196685791e-02,2.967304177582263947e-02,3.568680956959724426e-02,4.169096797704696655e-02,4.736141487956047058e-02,5.236848443746566772e-02,5.639509856700897217e-02,5.915463343262672424e-02,6.040752679109573364e-02,5.997564643621444702e-02,5.775359272956848145e-02,5.371623113751411438e-02,4.792204871773719788e-02,4.051204025745391846e-02,3.170418739318847656e-02,2.178377471864223480e-02,1.109005883336067200e-02,2.739933374122070108e-17
0.000000000000000000e+00,-3.309858031570911407e-03,-6.653191521763801575e-03,-1.005711872130632401e-02,-1.353655662387609482e-02,-1.708935946226119995e-02,-2.069286070764064789e-02,-2.430211007595062256e-02,-2.785000950098037720e-02,-3.124938160181045532e-02,-3.439691290259361267e-02,-3.717870265245437622e-02,-3.947714716196060181e-02,-4.117860645055770874e-02,-4.218144714832305908e-02,-4.240382090210914612e-02,-4.179066419601440430e-02,-4.031938314437866211e-02,-3.800377994775772095e-02,-3.489587083458900452e-02,-3.108539804816246033e-02,-2.669693529605865479e-02,-2.188470214605331421e-02,-1.682532578706741333e-02,-1.170890219509601593e-02,-6.728895939886569977e-03,-2.071445109322667122e-03,2.095275325700640678e-03,5.630969069898128510e-03,8.431773632764816284e-03,1.043689157813787460e-02,1.163282524794340134e-02,1.205489225685596466e-02,1.178584899753332138e-02,1.095161493867635727e-02,9.714293293654918671e-03,8.262827061116695404e-03,6.801786366850137711e-03,5.538925528526306152e-03,4.672214388847351074e-03,4.377108067274093628e-03,4.794819746166467667e-03,6.022317800670862198e-03,8.104678243398666382e-03,1.103029958903789520e-02,1.472933311015367508e-02,1.907548122107982635e-02,2.389114536345005035e-02,2.895568683743476868e-02,3.401640430092811584e-02,3.880162537097930908e-02,4.303523153066635132e-02,4.645180329680442810e-02,4.881152883172035217e-02,4.991403967142105103e-02,4.961038008332252502e-02,4.781241714954376221e-02,4.449909925460815430e-02,3.971922025084495544e-02,3.359048813581466675e-02,2.629487775266170502e-02,1.807054504752159119e-02,9.200694970786571503e-03,2.273226822863321173e-17
0.000000000000000000e+00,-2.558020642027258873e-03,-5.140295717865228653e-03,-7.766255643218755722e-03,-1.044607348740100861e-02,-1.317698787897825241e-02,-1.594069227576255798e-02,-1.870201900601387024e-02,-2.140907943248748779e-02,-2.399487420916557312e-02,-2.638032846152782440e-02,-2.847857028245925903e-02,-3.020017407834529877e-02,-3.145905956625938416e-02,-3.217861801385879517e-02,-3.229763358831405640e-02,-3.177562355995178223e-02,-3.059712797403335571e-02,-2.877466008067131042e-02,-2.635003812611103058e-02,-2.339392527937889099e-02,-2.000354416668415070e-02,-1.629862748086452484e-02,-1.241580117493867874e-02,-8.501661941409111023e-03,-4.704996012151241302e-03,-1.168529270216822624e-03,1.979239983484148979e-03,4.631650168448686600e-03,6.710421293973922729e-03,8.170703426003456116e-03,9.004272520542144775e-03,9.240623563528060913e-03,8.945829235017299652e-03,8.219168521463871002e-03,7.187669631093740463e-03,5.998839624226093292e-03,4.811960738152265549e-03,3.788449801504611969e-03,3.081822767853736877e-03,2.827859949320554733e-03,3.135556587949395180e-03,4.079416394233703613e-03,5.693577229976654053e-03,7.968155667185783386e-03,1.084807794541120529e-02,1.423452328890562057e-02,1.798894815146923065e-02,2.193953096866607666e-02,2.588968724012374878e-02,2.962824702262878418e-02,3.294070437550544739e-02,3.562095388770103455e-02,3.748284280300140381e-02,3.837087750434875488e-02,3.816948086023330688e-02,3.681026771664619446e-02,3.427687287330627441e-02,3.060709498822689056e-02,2.589213289320468903e-02,2.027299813926219940e-02,1.393423788249492645e-02,7.095296401530504227e-03,1.753093833892629754e-17
0.000000000000000000e+00,-1.741683925502002239e-03,-3.499111393466591835e-03,-5.284782964736223221e-03,-7.104979828000068665e-03,-8.957294747233390808e-03,-1.082888245582580566e-02,-1.269559562206268311e-02,-1.452208403497934341e-02,-1.626290567219257355e-02,-1.786458678543567657e-02,-1.926851645112037659e-02,-2.041451260447502136e-02,-2.124479226768016815e-02,-2.170811221003532410e-02,-2.176377549767494202e-02,-2.138520032167434692e-02,-2.056282386183738708e-02,-1.930605247616767883e-02,-1.764413714408874512e-02,-1.562582328915596008e-02,-1.331777218729257584e-02,-1.080178003758192062e-02,-8.170937187969684601e-03,-5.524921696633100510e-03,-2.964697079733014107e-03,-5.869136657565832138e-04,1.521635334938764572e-03,3.289165673777461052e-03,4.663327243179082870e-03,5.614606663584709167e-03,6.138465367257595062e-03,6.256046704947948456e-03,6.013361737132072449e-03,5.478960461914539337e-03,4.740187432616949081e-03,3.898204304277896881e-03,3.062047529965639114e-03,2.342049265280365944e-03,1.843000529333949089e-03,1.657452201470732689e-03,1.859561074525117874e-03,2.499854192137718201e-03,3.601245116442441940e-03,5.156563594937324524e-03,7.127783726900815964e-03,9.447029791772365570e-03,1.201934181153774261e-02,1.472708676010370255e-02,1.743578352034091949e-02,2.000104449689388275e-02,2.227626740932464600e-02,2.412063255906105042e-02,2.540698274970054626e-02,2.602911926805973053e-02,2.590811997652053833e-02,2.499727904796600342e-02,2.328540943562984467e-02,2.079828642308712006e-02,1.759812608361244202e-02,1.378113124519586563e-02,9.473199956119060516e-03,4.824043251574039459e-03,1.191940792909311183e-17
0.000000000000000000e+00,-8.818066562525928020e-04,-1.771353068761527538e-03,-2.674749819561839104e-03,-3.594983136281371117e-03,-4.530675709247589111e-03,-5.475210491567850113e-03,-6.416298914700746536e-03,-7.336037699133157730e-03,-8.211471140384674072e-03,-9.015633724629878998e-03,-9.719014167785644531e-03,-1.029135100543498993e-02,-1.070363633334636688e-02,-1.093020383268594742e-02,-1.095073949545621872e-02,-1.075208373367786407e-02,-1.032968144863843918e-02,-9.688565507531166077e-03,-8.843777701258659363e-03,-7.820192724466323853e-03,-6.651700008660554886e-03,-5.379798356443643570e-03,-4.051641095429658890e-03,-2.717657014727592468e-03,-1.428863499313592911e-03,-2.340376813663169742e-04,8.230851963162422180e-04,1.706412062048912048e-03,2.389722736552357674e-03,2.858382649719715118e-03,3.110414138063788414e-03,3.156842198222875595e-03,3.021272365003824234e-03,2.738701412454247475e-03,2.353611635044217110e-03,1.917444053106009960e-03,1.485583372414112091e-03,1.114023150876164436e-03,8.559021516703069210e-04,7.581125828437507153e-04,8.581858710385859013e-04,1.181645086035132408e-03,1.739992527291178703e-03,2.529465593397617340e-03,3.530652029439806938e-03,4.709006287157535553e-03,6.016258616000413895e-03,7.392654195427894592e-03,8.769910782575607300e-03,1.007473841309547424e-02,1.123274303972721100e-02,1.217247545719146729e-02,1.282942853868007660e-02,1.314973365515470505e-02,1.309335976839065552e-02,1.263661589473485947e-02,1.177382469177246094e-02,1.051804609596729279e-02,8.900818414986133575e-03,6.970908492803573608e-03,4.792137071490287781e-03,2.440394368022680283e-03,6.029883208486473610e-18
0.000000000000000000e+00,-2.174585038508005091e-18,-4.368067845290396652e-18,-6.595339325734354287e-18,-8.863605050155827421e-18,-1.116933792042288994e-17,-1.349612915472432745e-17,-1.581362205176005636e-17,-1.807766005607077097e-17,-2.023167476710580737e-17,-2.220925847092818339e-17,-2.393776651178226703e-17,-2.534273939964848496e-17,-2.635284769594516450e-17,-2.690501887896513727e-17,-2.694939877318983231e-17,-2.645378027428888493e-17,-2.540716353447656497e-17,-2.382217794734533205e-17,-2.173611281490907667e-17,-1.921046570698866621e-17,-1.632893075796221601e-17,-1.319391127330256581e-17,-9.921714637398959150e-18,-6.636667750679341209e-18,-3.464502273046925328e-18,-5.253784927866505021e-19,2.073018839815069035e-18,4.241887233109720151e-18,5.916798519763736644e-18,7.061915513328564866e-18,7.672621305215240092e-18,7.776369606364091035e-18,7.431626369650978244e-18,6.724933712303037133e-18,5.766203258213251255e-18,4.682475060218739706e-18,3.610479178442374025e-18,2.688410403076704025e-18,2.047381203909600495e-18,1.803059554716803508e-18,2.047990008840439523e-18,2.845066830565671724e-18,4.222575047348444614e-18,6.171127606802353298e-18,8.642720529643954782e-18,1.155201566002768458e-17,1.477981668527495769e-17,1.817860421494306715e-17,2.157982530997330762e-17,2.480259376837380811e-17,2.766330196393739817e-17,2.998562807729227443e-17,3.161038947135873223e-17,3.240465491297704983e-17,3.226964580211859487e-17,3.114690693925546998e-17,2.902241926736612646e-17,2.592840147130950473e-17,2.194266146822479278e-17,1.718550936948537829e-17,1.181439817751011752e-17,6.016554433686100399e-18,1.486614938579917840e-32
