-2.465547295287251472e-03,-9.084243210963904858e-04,-9.002060978673398495e-04,-4.396224685478955507e-04,-6.059518200345337391e-04,-2.872756158467382193e-04,-6.238599307835102081e-04,-4.020396445412188768e-04,-3.173633886035531759e-04,-2.667737717274576426e-04,-2.148838539142161608e-04,-4.701408033724874258e-04,-4.131143505219370127e-04,-2.957052493002265692e-04,-2.926739980466663837e-04,-2.711108245421200991e-04,-2.073791256407275796e-04,-3.592727007344365120e-04,3.482462489046156406e-05,-1.165950016002170742e-04,9.060292359208688140e-05,-1.229129884450230747e-05,1.265368919121101499e-04,-1.801947510102763772e-04,-2.437428483972325921e-04,-5.806657136417925358e-04,-2.510418416932225227e-04,-4.258379631210118532e-04,9.135215077549219131e-05,-1.799309538910165429e-04,-2.444294477754738182e-05,-2.140758588211610913e-04,-3.508243753458373249e-05,-4.401785554364323616e-04,-2.696203009691089392e-04,-4.267753683961927891e-04,-3.561095509212464094e-04,-2.506301389075815678e-04,-2.063770079985260963e-04,-2.283997600898146629e-04,-2.279310429003089666e-04,3.593891451600939035e-04,5.923958378843963146e-04,7.442554342560470104e-04,8.749119588173925877e-04,7.480335189029574394e-04,8.882482652552425861e-04,1.147677321569062769e-04,6.959486636333167553e-04,3.018809366039931774e-04,7.547216955572366714e-04,3.512921684887260199e-04,4.856534360442310572e-05,-5.318145849741995335e-04,-1.019169692881405354e-03,-3.847527841571718454e-04,-1.730562798911705613e-04,-4.078851197846233845e-04,-1.129150259657762945e-04,4.441646451596170664e-04,-2.231744874734431505e-04,7.283100858330726624e-04,4.666229651775211096e-04,-1.075558247976005077e-03
-1.281032920815050602e-03,6.573786959052085876e-04,1.557381125167012215e-03,2.343595959246158600e-03,2.664653584361076355e-03,3.325050463899970055e-03,3.395397681742906570e-03,3.654762636870145798e-03,3.890535794198513031e-03,3.734526457265019417e-03,3.589448053389787674e-03,3.709325799718499184e-03,3.993418533354997635e-03,4.550186917185783386e-03,5.372179206460714340e-03,6.038096267729997635e-03,7.495950907468795776e-03,8.764022961258888245e-03,1.027984824031591415e-02,1.128314342349767685e-02,1.254944596439599991e-02,1.297940500080585480e-02,1.326524838805198669e-02,1.299012918025255203e-02,1.227823551744222641e-02,1.093731820583343506e-02,9.330585598945617676e-03,6.672285962849855423e-03,4.115387797355651855e-03,1.127846306189894676e-03,-1.791508053429424763e-03,-4.605023190379142761e-03,-6.647446658462285995e-03,-8.670884184539318085e-03,-9.861460886895656586e-03,-1.070762332528829575e-02,-1.021237950772047043e-02,-9.726068936288356781e-03,-7.573354057967662811e-03,-5.999199114739894867e-03,-4.092692863196134567e-03,-2.258138963952660561e-03,-2.088152104988694191e-04,1.801972975954413414e-03,3.077775007113814354e-03,4.068333189934492111e-03,4.518763162195682526e-03,3.913538064807653427e-03,2.637020777910947800e-03,1.302059157751500607e-03,-9.880788857117295265e-04,-4.675192758440971375e-03,-7.420532405376434326e-03,-9.613374248147010803e-03,-1.204049307852983475e-02,-1.325986441224813461e-02,-1.460530050098896027e-02,-1.460183318704366684e-02,-1.388767454773187637e-02,-1.236985437572002411e-02,-9.994253516197204590e-03,-6.003370042890310287e-03,-3.279476892203092575e-03,-2.843841793946921825e-04
-9.157459717243909836e-04,1.393592450767755508e-03,3.035933012142777443e-03,4.313739947974681854e-03,5.480203311890363693e-03,6.334938574582338333e-03,6.979948375374078751e-03,7.248867303133010864e-03,7.510737515985965729e-03,7.449888624250888824e-03,7.577088661491870880e-03,7.900601252913475037e-03,8.764584548771381378e-03,9.609718807041645050e-03,1.119777280837297440e-02,1.292395498603582382e-02,1.533088553696870804e-02,1.744686625897884369e-02,2.000894397497177124e-02,2.229895628988742828e-02,2.468771673738956451e-02,2.553890831768512726e-02,2.621402777731418610e-02,2.569237165153026581e-02,2.454581856727600098e-02,2.162676118314266205e-02,1.829397305846214294e-02,1.352830603718757629e-02,8.435008116066455841e-03,2.416399773210287094e-03,-3.022938966751098633e-03,-8.284082636237144470e-03,-1.263077463954687119e-02,-1.650220714509487152e-02,-1.928120851516723633e-02,-2.066617645323276520e-02,-2.063177339732646942e-02,-1.892202347517013550e-02,-1.604017801582813263e-02,-1.285369228571653366e-02,-8.860039524734020233e-03,-5.066361743956804276e-03,-9.923698380589485168e-04,2.949509304016828537e-03,5.781129002571105957e-03,7.499850820749998093e-03,8.109663613140583038e-03,6.910800933837890625e-03,4.779999144375324249e-03,1.283353078179061413e-03,-4.379944875836372375e-03,-1.035649981349706650e-02,-1.509440597146749496e-02,-1.990480907261371613e-02,-2.443977817893028259e-02,-2.762138843536376953e-02,-2.941866032779216766e-02,-2.988326177000999451e-02,-2.767376974225044250e-02,-2.469527535140514374e-02,-2.019726298749446869e-02,-1.435019727796316147e-02,-7.481010165065526962e-03,-6.514413980767130852e-04
-5.669517558999359608e-04,2.848221920430660248e-03,4.941354505717754364e-03,7.349286228418350220e-03,8.910289034247398376e-03,1.002139877527952194e-02,1.102746184915304184e-02,1.187832187861204147e-02,1.232807803899049759e-02,1.208964642137289047e-02,1.230359915643930435e-02,1.258847769349813461e-02,1.366721000522375107e-02,1.497688144445419312e-02,1.698048412799835205e-02,1.945258118212223053e-02,2.265901118516921997e-02,2.595245838165283203e-02,2.955609746277332306e-02,3.270016238093376160e-02,3.581304103136062622e-02,3.766226395964622498e-02,3.841435164213180542e-02,3.783541917800903320e-02,3.583547472953796387e-02,3.185199201107025146e-02,2.680797316133975983e-02,2.009765990078449249e-02,1.275476347655057907e-02,4.410785157233476639e-03,-3.534820163622498512e-03,-1.146874856203794479e-02,-1.816319860517978668e-02,-2.361476421356201172e-02,-2.796882949769496918e-02,-3.011409379541873932e-02,-3.030173853039741516e-02,-2.796702459454536438e-02,-2.381273359060287476e-02,-1.982396095991134644e-02,-1.429686788469552994e-02,-8.727653883397579193e-03,-2.899269107729196548e-03,2.003646921366453171e-03,6.105765234678983688e-03,7.884151302278041840e-03,8.613828569650650024e-03,7.130556274205446243e-03,4.346065688878297806e-03,-1.154276193119585514e-03,-8.007862605154514313e-03,-1.550679281353950500e-02,-2.310776151716709137e-02,-3.077290393412113190e-02,-3.678290918469429016e-02,-4.173554480075836182e-02,-4.376673325896263123e-02,-4.377825558185577393e-02,-4.137020558118820190e-02,-3.702081367373466492e-02,-2.994157001376152039e-02,-2.161880955100059509e-02,-1.086684409528970718e-02,6.418694974854588509e-04
-2.202406612923368812e-04,4.220593720674514771e-03,7.502947468310594559e-03,1.061644218862056732e-02,1.320722140371799469e-02,1.522417832165956497e-02,1.649568788707256317e-02,1.736905053257942200e-02,1.800702139735221863e-02,1.783760823309421539e-02,1.817468740046024323e-02,1.829864457249641418e-02,1.969421841204166412e-02,2.112810686230659485e-02,2.350756525993347168e-02,2.652161195874214172e-02,3.056627139449119568e-02,3.463579341769218445e-02,3.895298764109611511e-02,4.294468462467193604e-02,4.676458239555358887e-02,4.914486408233642578e-02,4.994701594114303589e-02,4.932372272014617920e-02,4.685026407241821289e-02,4.191963002085685730e-02,3.543452546000480652e-02,2.698636427521705627e-02,1.730598136782646179e-02,6.728436332195997238e-03,-3.702470334246754646e-03,-1.381200924515724182e-02,-2.268259972333908081e-02,-3.007829189300537109e-02,-3.560322150588035583e-02,-3.883193060755729675e-02,-3.942597284913063049e-02,-3.699325770139694214e-02,-3.250928968191146851e-02,-2.688365988433361053e-02,-1.994883827865123749e-02,-1.299454271793365479e-02,-5.957185756415128708e-03,4.059706770931370556e-05,4.817497916519641876e-03,7.592506706714630127e-03,8.329713717103004456e-03,7.299806457012891769e-03,3.049131715670228004e-03,-3.774653188884258270e-03,-1.253245398402214050e-02,-2.126279287040233612e-02,-3.092199563980102539e-02,-4.051001369953155518e-02,-4.778346046805381775e-02,-5.373940244317054749e-02,-5.663470551371574402e-02,-5.673424154520034790e-02,-5.397410318255424500e-02,-4.774170741438865662e-02,-3.873211517930030823e-02,-2.719083428382873535e-02,-1.362988725304603577e-02,7.016759482212364674e-04
-6.447973428294062614e-04,5.347078200429677963e-03,1.001622993499040604e-02,1.452306471765041351e-02,1.793027669191360474e-02,2.056256495416164398e-02,2.242012694478034973e-02,2.384424954652786255e-02,2.468388900160789490e-02,2.465536817908287048e-02,2.473780699074268341e-02,2.535314112901687622e-02,2.622996084392070770e-02,2.778252214193344116e-02,3.022884950041770935e-02,3.394307568669319153e-02,3.799020126461982727e-02,4.274286329746246338e-02,4.755415767431259155e-02,5.231645330786705017e-02,5.640550702810287476e-02,5.904015898704528809e-02,6.015915423631668091e-02,5.935148522257804871e-02,5.642051622271537781e-02,5.050622671842575073e-02,4.292162135243415833e-02,3.337302431464195251e-02,2.219544351100921631e-02,9.096221067011356354e-03,-3.461068961769342422e-03,-1.580792665481567383e-02,-2.628795430064201355e-02,-3.498985990881919861e-02,-4.176451265811920166e-02,-4.598934948444366455e-02,-4.752652719616889954e-02,-4.530302435159683228e-02,-4.074069112539291382e-02,-3.469976037740707397e-02,-2.686871774494647980e-02,-1.860704831779003143e-02,-1.053202431648969650e-02,-3.714155871421098709e-03,2.109774854034185410e-03,4.981468431651592255e-03,5.683232564479112625e-03,3.777243196964263916e-03,-1.081745489500463009e-03,-9.505737572908401489e-03,-1.869440637528896332e-02,-2.891497872769832611e-02,-3.972861170768737793e-02,-5.020521953701972961e-02,-5.815830826759338379e-02,-6.496241688728332520e-02,-6.759809702634811401e-02,-6.713805347681045532e-02,-6.385723501443862915e-02,-5.644970014691352844e-02,-4.550439864397048950e-02,-3.227816894650459290e-02,-1.618346385657787323e-02,-3.717460785992443562e-04
-3.337388334330171347e-04,6.525484845042228699e-03,1.269322540611028671e-02,1.813345961272716522e-02,2.277094312012195587e-02,2.627810649573802948e-02,2.893985807895660400e-02,3.034693188965320587e-02,3.143209591507911682e-02,3.180737793445587158e-02,3.217764571309089661e-02,3.229566663503646851e-02,3.315708786249160767e-02,3.492599725723266602e-02,3.747482597827911377e-02,4.104841873049736023e-02,4.545458778738975525e-02,5.073384568095207214e-02,5.584038794040679932e-02,6.074908748269081116e-02,6.506019085645675659e-02,6.815653294324874878e-02,6.903980672359466553e-02,6.807968765497207642e-02,6.461959332227706909e-02,5.834125354886054993e-02,4.964946582913398743e-02,3.912651538848876953e-02,2.673225477337837219e-02,1.240393240004777908e-02,-2.151301829144358635e-03,-1.590251736342906952e-02,-2.844236977398395538e-02,-3.833200782537460327e-02,-4.702736064791679382e-02,-5.172669515013694763e-02,-5.414050817489624023e-02,-5.270867794752120972e-02,-4.884970560669898987e-02,-4.237033799290657043e-02,-3.421555459499359131e-02,-2.501364797353744507e-02,-1.672126352787017822e-02,-9.541327133774757385e-03,-3.211528528481721878e-03,-2.667408807610627264e-05,7.550918962806463242e-04,-1.271205022931098938e-03,-7.262778468430042267e-03,-1.574211753904819489e-02,-2.525327168405056000e-02,-3.603221848607063293e-02,-4.831625521183013916e-02,-5.865135416388511658e-02,-6.736773252487182617e-02,-7.408159226179122925e-02,-7.702339440584182739e-02,-7.628897577524185181e-02,-7.213025540113449097e-02,-6.392647325992584229e-02,-5.144840106368064880e-02,-3.592977672815322876e-02,-1.852846145629882812e-02,-5.179658182896673679e-04
-1.743197062751278281e-04,8.239770308136940002e-03,1.550372038036584854e-02,2.212214097380638123e-02,2.773224376142024994e-02,3.203382343053817749e-02,3.540980070829391479e-02,3.744931146502494812e-02,3.880802914500236511e-02,3.926023840904235840e-02,3.971372172236442566e-02,3.971691057085990906e-02,4.055313766002655029e-02,4.220458865165710449e-02,4.455434530973434448e-02,4.830737411975860596e-02,5.241809785366058350e-02,5.762019753456115723e-02,6.271935254335403442e-02,6.793326139450073242e-02,7.226094603538513184e-02,7.528415322303771973e-02,7.650732994079589844e-02,7.506551593542098999e-02,7.152462005615234375e-02,6.472075730562210083e-02,5.563430488109588623e-02,4.431647807359695435e-02,3.096355311572551727e-02,1.559656113386154175e-02,-2.291302080266177654e-04,-1.580078527331352234e-02,-2.934785932302474976e-02,-4.104145988821983337e-02,-5.056814849376678467e-02,-5.633278563618659973e-02,-5.963478237390518188e-02,-5.920378863811492920e-02,-5.611716955900192261e-02,-5.029172822833061218e-02,-4.248246550559997559e-02,-3.408293426036834717e-02,-2.477639168500900269e-02,-1.769409701228141785e-02,-1.143191941082477570e-02,-8.460322394967079163e-03,-7.029443047940731049e-03,-9.958455339074134827e-03,-1.546096429228782654e-02,-2.333056554198265076e-02,-3.314521536231040955e-02,-4.485945031046867371e-02,-5.626783519983291626e-02,-6.677909195423126221e-02,-7.538182288408279419e-02,-8.145032823085784912e-02,-8.406291902065277100e-02,-8.307319134473800659e-02,-7.763136923313140869e-02,-6.828597187995910645e-02,-5.461522936820983887e-02,-3.853798657655715942e-02,-1.957318559288978577e-02,-7.968253921717405319e-04
-2.090300404233857989e-04,9.565003216266632080e-03,1.815490983426570892e-02,2.575416862964630127e-02,3.264469653367996216e-02,3.773810714483261108e-02,4.186936467885971069e-02,4.453352093696594238e-02,4.615697264671325684e-02,4.684703424572944641e-02,4.737790673971176147e-02,4.717842116951942444e-02,4.788339883089065552e-02,4.915267229080200195e-02,5.104931816458702087e-02,5.442696064710617065e-02,5.824828520417213440e-02,6.294879317283630371e-02,6.779669225215911865e-02,7.303445041179656982e-02,7.703628391027450562e-02,8.019281923770904541e-02,8.121412992477416992e-02,7.992748916149139404e-02,7.609947770833969116e-02,6.909482926130294800e-02,5.958811566233634949e-02,4.788888245820999146e-02,3.464530780911445618e-02,1.891263760626316071e-02,2.257211599498987198e-03,-1.424942538142204285e-02,-2.880823612213134766e-02,-4.146860167384147644e-02,-5.204004794359207153e-02,-5.897378548979759216e-02,-6.330093741416931152e-02,-6.413052231073379517e-02,-6.190156191587448120e-02,-5.707232654094696045e-02,-5.051608383655548096e-02,-4.275693371891975403e-02,-3.489088639616966248e-02,-2.746933139860630035e-02,-2.156919986009597778e-02,-1.816133596003055573e-02,-1.708502322435379028e-02,-1.966282166540622711e-02,-2.456026151776313782e-02,-3.195679932832717896e-02,-4.128832370042800903e-02,-5.200504511594772339e-02,-6.335635483264923096e-02,-7.287914305925369263e-02,-8.104961365461349487e-02,-8.692614734172821045e-02,-8.866039663553237915e-02,-8.693336695432662964e-02,-8.078869432210922241e-02,-7.125290483236312866e-02,-5.665758997201919556e-02,-3.917358443140983582e-02,-2.006149105727672577e-02,-6.942450418137013912e-04
-3.314397472422569990e-04,1.036450732499361038e-02,2.013749815523624420e-02,2.923323586583137512e-02,3.677133098244667053e-02,4.309030622243881226e-02,4.772504046559333801e-02,5.092404410243034363e-02,5.304076150059700012e-02,5.377324298024177551e-02,5.420492216944694519e-02,5.396003276109695435e-02,5.431795120239257812e-02,5.502891913056373596e-02,5.645040050148963928e-02,5.896499752998352051e-02,6.227909401059150696e-02,6.652785092592239380e-02,7.097788155078887939e-02,7.541579008102416992e-02,7.941283285617828369e-02,8.232418447732925415e-02,8.322632312774658203e-02,8.169188350439071655e-02,7.832421362400054932e-02,7.164208590984344482e-02,6.243066862225532532e-02,5.087256059050559998e-02,3.780140355229377747e-02,2.233588322997093201e-02,6.111545022577047348e-03,-1.072022318840026855e-02,-2.640099823474884033e-02,-3.970269858837127686e-02,-5.134915933012962341e-02,-5.927939713001251221e-02,-6.519291549921035767e-02,-6.729255616664886475e-02,-6.648766249418258667e-02,-6.323608756065368652e-02,-5.803218483924865723e-02,-5.175235122442245483e-02,-4.471808671951293945e-02,-3.854285925626754761e-02,-3.312237188220024109e-02,-3.003749623894691467e-02,-2.867661975324153900e-02,-3.032057732343673706e-02,-3.423811867833137512e-02,-4.033442586660385132e-02,-4.932780936360359192e-02,-5.885150283575057983e-02,-6.806951016187667847e-02,-7.688469439744949341e-02,-8.407204598188400269e-02,-8.830209821462631226e-02,-8.975008875131607056e-02,-8.669169247150421143e-02,-8.031838387250900269e-02,-6.991285830736160278e-02,-5.577708408236503601e-02,-3.874950483441352844e-02,-1.974030584096908569e-02,-2.539264969527721405e-04
-2.666983637027442455e-04,1.155949663370847702e-02,2.221407927572727203e-02,3.210280835628509521e-02,4.086492955684661865e-02,4.772296547889709473e-02,5.275331437587738037e-02,5.648697167634963989e-02,5.867007002234458923e-02,5.952703580260276794e-02,5.969612300395965576e-02,5.932218208909034729e-02,5.913717672228813171e-02,5.929318442940711975e-02,6.006675213575363159e-02,6.187861412763595581e-02,6.427523493766784668e-02,6.757135689258575439e-02,7.117792218923568726e-02,7.519792765378952026e-02,7.838376611471176147e-02,8.100725710391998291e-02,8.184120804071426392e-02,8.073841035366058350e-02,7.742471992969512939e-02,7.122699916362762451e-02,6.268922239542007446e-02,5.150014907121658325e-02,3.902858495712280273e-02,2.488659694790840149e-02,9.213152341544628143e-03,-7.187683600932359695e-03,-2.278241887688636780e-02,-3.660231083631515503e-02,-4.878253489732742310e-02,-5.795873329043388367e-02,-6.473925709724426270e-02,-6.809665262699127197e-02,-6.903973221778869629e-02,-6.744464486837387085e-02,-6.362974643707275391e-02,-5.887953937053680420e-02,-5.310542136430740356e-02,-4.783783853054046631e-02,-4.308432340621948242e-02,-4.025448113679885864e-02,-3.912984207272529602e-02,-4.021513089537620544e-02,-4.316956922411918640e-02,-4.836108162999153137e-02,-5.559676140546798706e-02,-6.306937336921691895e-02,-7.107895612716674805e-02,-7.824259251356124878e-02,-8.366199582815170288e-02,-8.705446869134902954e-02,-8.731030672788619995e-02,-8.387419581413269043e-02,-7.723996788263320923e-02,-6.664150208234786987e-02,-5.255095660686492920e-02,-3.660031035542488098e-02,-1.838049106299877167e-02,-7.936923066154122353e-04
-4.683969018515199423e-04,1.219749171286821365e-02,2.341464720666408539e-02,3.389580547809600830e-02,4.309711232781410217e-02,5.021457001566886902e-02,5.594913661479949951e-02,5.989198759198188782e-02,6.219776347279548645e-02,6.306798756122589111e-02,6.317900866270065308e-02,6.275589019060134888e-02,6.219119578599929810e-02,6.142794713377952576e-02,6.154746934771537781e-02,6.183667108416557312e-02,6.358182430267333984e-02,6.584607064723968506e-02,6.873917579650878906e-02,7.160063832998275757e-02,7.446783781051635742e-02,7.662198692560195923e-02,7.732756435871124268e-02,7.653529196977615356e-02,7.375472038984298706e-02,6.842938065528869629e-02,6.105412170290946960e-02,5.133511871099472046e-02,3.983928263187408447e-02,2.661497704684734344e-02,1.273972820490598679e-02,-2.764272969216108322e-03,-1.749699190258979797e-02,-3.141786158084869385e-02,-4.402189329266548157e-02,-5.401177331805229187e-02,-6.173421442508697510e-02,-6.650128960609436035e-02,-6.889557093381881714e-02,-6.910885125398635864e-02,-6.762121617794036865e-02,-6.441564857959747314e-02,-6.068096682429313660e-02,-5.644343048334121704e-02,-5.307447910308837891e-02,-5.001241341233253479e-02,-4.903191700577735901e-02,-4.922227934002876282e-02,-5.139012262225151062e-02,-5.539971962571144104e-02,-6.035951152443885803e-02,-6.595341116189956665e-02,-7.150451838970184326e-02,-7.624457031488418579e-02,-7.989756017923355103e-02,-8.123184740543365479e-02,-8.062422275543212891e-02,-7.644023001194000244e-02,-6.954874843358993530e-02,-5.964814871549606323e-02,-4.724538326263427734e-02,-3.277806192636489868e-02,-1.671306043863296509e-02,-4.416466108523309231e-04
-7.318060670513659716e-05,1.228129863739013672e-02,2.386473864316940308e-02,3.434035927057266235e-02,4.386638104915618896e-02,5.114022642374038696e-02,5.718927830457687378e-02,6.116349622607231140e-02,6.338651478290557861e-02,6.414901465177536011e-02,6.439139693975448608e-02,6.314449757337570190e-02,6.207790598273277283e-02,6.069415062665939331e-02,5.982948839664459229e-02,5.934067443013191223e-02,5.980071425437927246e-02,6.108225136995315552e-02,6.276430934667587280e-02,6.488534808158874512e-02,6.685604155063629150e-02,6.850424408912658691e-02,6.924797594547271729e-02,6.885518133640289307e-02,6.693805009126663208e-02,6.251877546310424805e-02,5.675031617283821106e-02,4.825419560074806213e-02,3.876617178320884705e-02,2.710597217082977295e-02,1.487957872450351715e-02,1.258791657164692879e-03,-1.212360430508852005e-02,-2.477371692657470703e-02,-3.685818612575531006e-02,-4.749172553420066833e-02,-5.589337274432182312e-02,-6.129861250519752502e-02,-6.540653854608535767e-02,-6.718800961971282959e-02,-6.786184012889862061e-02,-6.688664108514785767e-02,-6.506794691085815430e-02,-6.293643265962600708e-02,-6.071105971932411194e-02,-5.886030569672584534e-02,-5.736338719725608826e-02,-5.685904622077941895e-02,-5.787683650851249695e-02,-5.991634726524353027e-02,-6.246704980731010437e-02,-6.561835110187530518e-02,-6.861733645200729370e-02,-7.105248421430587769e-02,-7.221634685993194580e-02,-7.212170958518981934e-02,-7.055453211069107056e-02,-6.568482518196105957e-02,-5.930799990892410278e-02,-5.054931342601776123e-02,-3.973890095949172974e-02,-2.770891413092613220e-02,-1.394889317452907562e-02,-5.204328335821628571e-04
2.161218289984390140e-04,1.234915945678949356e-02,2.338621579110622406e-02,3.376763314008712769e-02,4.282419383525848389e-02,5.000450089573860168e-02,5.602403730154037476e-02,5.962513387203216553e-02,6.230439618229866028e-02,6.268005073070526123e-02,6.235903501510620117e-02,6.071699038147926331e-02,5.954632535576820374e-02,5.728252977132797241e-02,5.550906434655189514e-02,5.390648171305656433e-02,5.360489338636398315e-02,5.334803089499473572e-02,5.411904677748680115e-02,5.479744449257850647e-02,5.627924203872680664e-02,5.747527629137039185e-02,5.788014084100723267e-02,5.800106003880500793e-02,5.658772960305213928e-02,5.404892936348915100e-02,4.953161254525184631e-02,4.347180202603340149e-02,3.595922514796257019e-02,2.700700797140598297e-02,1.728292927145957947e-02,5.734652280807495117e-03,-5.527486093342304230e-03,-1.715200580656528473e-02,-2.778970636427402496e-02,-3.770491480827331543e-02,-4.710146412253379822e-02,-5.418124422430992126e-02,-5.959356203675270081e-02,-6.345843523740768433e-02,-6.568756699562072754e-02,-6.690827012062072754e-02,-6.697296351194381714e-02,-6.639462709426879883e-02,-6.546966731548309326e-02,-6.408269703388214111e-02,-6.262905150651931763e-02,-6.187852472066879272e-02,-6.097527220845222473e-02,-6.107858940958976746e-02,-6.080606579780578613e-02,-6.152945011854171753e-02,-6.221458315849304199e-02,-6.211458891630172729e-02,-6.162603944540023804e-02,-5.952289327979087830e-02,-5.693540349602699280e-02,-5.252617970108985901e-02,-4.658033698797225952e-02,-3.969321027398109436e-02,-3.121322765946388245e-02,-2.120894193649291992e-02,-1.043312624096870422e-02,-7.692822837270796299e-04
5.565656465478241444e-05,1.128145866096019745e-02,2.178843691945075989e-02,3.118818253278732300e-02,3.985258564352989197e-02,4.639538377523422241e-02,5.161556601524353027e-02,5.546000972390174866e-02,5.742600932717323303e-02,5.764760449528694153e-02,5.690758675336837769e-02,5.518649518489837646e-02,5.312680080533027649e-02,5.037203431129455566e-02,4.775596037507057190e-02,4.531191289424896240e-02,4.360674321651458740e-02,4.244482144713401794e-02,4.184687137603759766e-02,4.189623147249221802e-02,4.250465705990791321e-02,4.331284016370773315e-02,4.422561824321746826e-02,4.427387565374374390e-02,4.407815635204315186e-02,4.236554354429244995e-02,4.029842093586921692e-02,3.621430322527885437e-02,3.156262636184692383e-02,2.527576312422752380e-02,1.833012327551841736e-02,9.820578619837760925e-03,8.401784580200910568e-04,-8.728325366973876953e-03,-1.813626103103160858e-02,-2.674958109855651855e-02,-3.556519001722335815e-02,-4.337922111153602600e-02,-5.011270195245742798e-02,-5.538779869675636292e-02,-5.956769734621047974e-02,-6.243036314845085144e-02,-6.419946998357772827e-02,-6.564336270093917847e-02,-6.574485450983047485e-02,-6.513070315122604370e-02,-6.359238177537918091e-02,-6.230401247739791870e-02,-6.043619289994239807e-02,-5.804827436804771423e-02,-5.579590052366256714e-02,-5.386550724506378174e-02,-5.230783298611640930e-02,-4.982307180762290955e-02,-4.720942303538322449e-02,-4.366015642881393433e-02,-4.030053317546844482e-02,-3.654252737760543823e-02,-3.183536231517791748e-02,-2.673915214836597443e-02,-2.071003802120685577e-02,-1.413393951952457428e-02,-6.935731042176485062e-03,-1.228588167577981949e-03
2.803412789944559336e-04,9.855370968580245972e-03,1.901915110647678375e-02,2.686233632266521454e-02,3.442630171775817871e-02,3.982077911496162415e-02,4.441387578845024109e-02,4.706874117255210876e-02,4.861265420913696289e-02,4.902698844671249390e-02,4.771217703819274902e-02,4.592785611748695374e-02,4.303754121065139771e-02,3.998484835028648376e-02,3.652871772646903992e-02,3.313445299863815308e-02,3.060171380639076233e-02,2.837547101080417633e-02,2.668635919690132141e-02,2.529201097786426544e-02,2.539764158427715302e-02,2.566063217818737030e-02,2.671490982174873352e-02,2.770023047924041748e-02,2.884281799197196960e-02,2.897490002214908600e-02,2.841510437428951263e-02,2.759085036814212799e-02,2.536204643547534943e-02,2.254112809896469116e-02,1.881030946969985962e-02,1.399008091539144516e-02,7.886257022619247437e-03,4.552457830868661404e-04,-6.797164212912321091e-03,-1.455907709896564484e-02,-2.232391200959682465e-02,-2.958966419100761414e-02,-3.725397586822509766e-02,-4.429728910326957703e-02,-5.018272250890731812e-02,-5.465177819132804871e-02,-5.803626775741577148e-02,-6.035146862268447876e-02,-6.166769564151763916e-02,-6.138104200363159180e-02,-6.010730937123298645e-02,-5.786358937621116638e-02,-5.497967824339866638e-02,-5.122069641947746277e-02,-4.754835739731788635e-02,-4.272422567009925842e-02,-3.820715844631195068e-02,-3.310627117753028870e-02,-2.926622517406940460e-02,-2.464371360838413239e-02,-2.148928679525852203e-02,-1.829540543258190155e-02,-1.509189885109663010e-02,-1.206254959106445312e-02,-8.630181662738323212e-03,-5.731676239520311356e-03,-2.279695123434066772e-03,-5.380080547183752060e-04
5.519249243661761284e-04,7.634333800524473190e-03,1.485498342663049698e-02,2.056143060326576233e-02,2.644780278205871582e-02,3.024082072079181671e-02,3.406091406941413879e-02,3.561586514115333557e-02,3.711140155792236328e-02,3.668143227696418762e-02,3.538353368639945984e-02,3.298118337988853455e-02,3.000413253903388977e-02,2.651357278227806091e-02,2.230717055499553680e-02,1.858052797615528107e-02,1.505747623741626740e-02,1.225950475782155991e-02,9.484515525400638580e-03,7.757523097097873688e-03,6.675169337540864944e-03,6.515881512314081192e-03,7.015947252511978149e-03,8.670215494930744171e-03,1.109246723353862762e-02,1.335237268358469009e-02,1.482081133872270584e-02,1.654525101184844971e-02,1.783667691051959991e-02,1.800438016653060913e-02,1.788118295371532440e-02,1.648053899407386780e-02,1.374469790607690811e-02,9.739289991557598114e-03,4.730361048132181168e-03,-1.186501467600464821e-03,-8.045503869652748108e-03,-1.491503790020942688e-02,-2.212709747254848480e-02,-2.966247871518135071e-02,-3.645394742488861084e-02,-4.250816628336906433e-02,-4.720886051654815674e-02,-5.098350718617439270e-02,-5.316687002778053284e-02,-5.350870266556739807e-02,-5.200828239321708679e-02,-4.914853721857070923e-02,-4.522753134369850159e-02,-3.996352851390838623e-02,-3.406327962875366211e-02,-2.760138362646102905e-02,-2.143685519695281982e-02,-1.594794727861881256e-02,-1.041303481906652451e-02,-5.387616343796253204e-03,-1.652870443649590015e-03,8.481380646117031574e-04,2.736973576247692108e-03,3.456676378846168518e-03,3.877448616549372673e-03,3.267126623541116714e-03,2.076258650049567223e-03,-8.644209592603147030e-04
2.531743957661092281e-04,4.909200128167867661e-03,9.018182754516601562e-03,1.261129509657621384e-02,1.612396538257598877e-02,1.862368173897266388e-02,2.088852785527706146e-02,2.174460515379905701e-02,2.231160923838615417e-02,2.154505997896194458e-02,2.014831267297267914e-02,1.758034713566303253e-02,1.445361040532588959e-02,1.060531474649906158e-02,6.354422774165868759e-03,2.481209579855203629e-03,-1.811831025406718254e-03,-5.031730979681015015e-03,-8.790850639343261719e-03,-1.085732132196426392e-02,-1.283470261842012405e-02,-1.295066252350807190e-02,-1.288545317947864532e-02,-1.077039260417222977e-02,-8.171330206096172333e-03,-4.036817699670791626e-03,3.356695233378559351e-04,4.527125507593154907e-03,8.799762465059757233e-03,1.274994853883981705e-02,1.618733815848827362e-02,1.841485500335693359e-02,1.955563761293888092e-02,1.943342573940753937e-02,1.745715923607349396e-02,1.341988518834114075e-02,8.263412863016128540e-03,1.700702589005231857e-03,-4.737460985779762268e-03,-1.205052621662616730e-02,-1.909839734435081482e-02,-2.614806406199932098e-02,-3.231262788176536560e-02,-3.708749637007713318e-02,-4.037313535809516907e-02,-4.141917452216148376e-02,-4.032019525766372681e-02,-3.714034706354141235e-02,-3.222733363509178162e-02,-2.617932669818401337e-02,-1.856673322618007660e-02,-1.064576860517263412e-02,-3.548934822902083397e-03,3.920363262295722961e-03,9.970670565962791443e-03,1.570873893797397614e-02,1.936571672558784485e-02,2.114352025091648102e-02,2.092486619949340820e-02,1.932239904999732971e-02,1.597676984965801239e-02,1.169771980494260788e-02,6.644989829510450363e-03,1.639454130781814456e-04
1.970406010514125228e-04,1.369222183711826801e-03,2.481143223121762276e-03,3.631768980994820595e-03,4.369811620563268661e-03,5.257260520011186600e-03,5.572370719164609909e-03,5.583836697041988373e-03,5.290646571666002274e-03,4.199870396405458450e-03,2.311102813109755516e-03,-1.607788872206583619e-04,-3.324637655168771744e-03,-6.716981995850801468e-03,-1.109727937728166580e-02,-1.541764661669731140e-02,-2.008587867021560669e-02,-2.387372031807899475e-02,-2.823059819638729095e-02,-3.110635094344615936e-02,-3.346477821469306946e-02,-3.381137177348136902e-02,-3.336515650153160095e-02,-3.103508241474628448e-02,-2.768965065479278564e-02,-2.225475385785102844e-02,-1.570851169526576996e-02,-8.359010331332683563e-03,-9.838264668360352516e-04,6.353978067636489868e-03,1.357615552842617035e-02,1.902631483972072601e-02,2.411192283034324646e-02,2.697601728141307831e-02,2.820965088903903961e-02,2.732761949300765991e-02,2.479563653469085693e-02,1.983186230063438416e-02,1.356842927634716034e-02,6.251162849366664886e-03,-6.044276524335145950e-04,-7.983747869729995728e-03,-1.425705943256616592e-02,-2.043925784528255463e-02,-2.405802719295024872e-02,-2.576671354472637177e-02,-2.452814020216464996e-02,-2.141460031270980835e-02,-1.614462025463581085e-02,-9.258849546313285828e-03,-1.197805046103894711e-03,6.959655787795782089e-03,1.566964387893676758e-02,2.384484373033046722e-02,3.152129054069519043e-02,3.742682188749313354e-02,4.075960814952850342e-02,4.129494354128837585e-02,3.962545841932296753e-02,3.502965345978736877e-02,2.828989364206790924e-02,2.001221664249897003e-02,1.058241073042154312e-02,-1.544392725918442011e-04
1.900264469441026449e-04,-2.815000945702195168e-03,-4.050265066325664520e-03,-5.847535561770200729e-03,-7.531755138188600540e-03,-8.620101027190685272e-03,-1.052219606935977936e-02,-1.193969603627920151e-02,-1.357618160545825958e-02,-1.500156242400407791e-02,-1.677839830517768860e-02,-1.922709681093692780e-02,-2.209038101136684418e-02,-2.534598670899868011e-02,-2.975404821336269379e-02,-3.366447612643241882e-02,-3.860217705368995667e-02,-4.255487024784088135e-02,-4.709842801094055176e-02,-5.027510225772857666e-02,-5.270459130406379700e-02,-5.379905924201011658e-02,-5.295970290899276733e-02,-5.013134330511093140e-02,-4.608814418315887451e-02,-3.967821970582008362e-02,-3.159813955426216125e-02,-2.194079197943210602e-02,-1.139254588633775711e-02,-9.806047892197966576e-04,9.376579895615577698e-03,1.898119598627090454e-02,2.769390679895877838e-02,3.453219681978225708e-02,3.916753828525543213e-02,4.094222187995910645e-02,4.086029902100563049e-02,3.810147196054458618e-02,3.336645662784576416e-02,2.645744942128658295e-02,1.959728635847568512e-02,1.230085827410221100e-02,6.189768668264150620e-03,6.761965050827711821e-05,-4.052790813148021698e-03,-6.287004798650741577e-03,-5.458607338368892670e-03,-2.180773066356778145e-03,3.126115771010518074e-03,1.005934085696935654e-02,1.794207282364368439e-02,2.701972052454948425e-02,3.609325364232063293e-02,4.546815901994705200e-02,5.272188410162925720e-02,5.777287110686302185e-02,6.024638935923576355e-02,5.952719599008560181e-02,5.600561201572418213e-02,4.890560358762741089e-02,3.946837782859802246e-02,2.769337594509124756e-02,1.458296645432710648e-02,1.146242837421596050e-03
-5.632528918795287609e-04,-6.459926720708608627e-03,-1.119888853281736374e-02,-1.634618826210498810e-02,-2.115633338689804077e-02,-2.495066076517105103e-02,-2.828995697200298309e-02,-3.139562904834747314e-02,-3.325927257537841797e-02,-3.509087115526199341e-02,-3.701232001185417175e-02,-3.900679573416709900e-02,-4.130041971802711487e-02,-4.426433518528938293e-02,-4.799779132008552551e-02,-5.174690485000610352e-02,-5.612401664257049561e-02,-6.012408435344696045e-02,-6.473117321729660034e-02,-6.805358827114105225e-02,-7.064715772867202759e-02,-7.127549499273300171e-02,-7.100141048431396484e-02,-6.798134744167327881e-02,-6.351287662982940674e-02,-5.625505745410919189e-02,-4.704511910676956177e-02,-3.582461923360824585e-02,-2.291815355420112610e-02,-9.110445156693458557e-03,4.376080352813005447e-03,1.729377545416355133e-02,2.942881919443607330e-02,3.961451351642608643e-02,4.740246012806892395e-02,5.200850218534469604e-02,5.464551597833633423e-02,5.391960963606834412e-02,5.184775590896606445e-02,4.631069302558898926e-02,4.023638367652893066e-02,3.320612758398056030e-02,2.700798586010932922e-02,2.107477188110351562e-02,1.709265820682048798e-02,1.485875993967056274e-02,1.488218270242214203e-02,1.755482330918312073e-02,2.243425510823726654e-02,2.904779091477394104e-02,3.759464621543884277e-02,4.694360122084617615e-02,5.653664842247962952e-02,6.512065976858139038e-02,7.195262610912322998e-02,7.609047740697860718e-02,7.744240015745162964e-02,7.529316097497940063e-02,6.983454525470733643e-02,6.010909378528594971e-02,4.834594950079917908e-02,3.430608287453651428e-02,1.811002753674983978e-02,5.322367069311439991e-04
-6.726883002556860447e-04,-9.130822494626045227e-03,-1.807391457259654999e-02,-2.688985317945480347e-02,-3.394490480422973633e-02,-3.986559063196182251e-02,-4.517685621976852417e-02,-4.929366707801818848e-02,-5.237537249922752380e-02,-5.438287183642387390e-02,-5.618068948388099670e-02,-5.756728351116180420e-02,-5.925615504384040833e-02,-6.124635040760040283e-02,-6.426072865724563599e-02,-6.722153723239898682e-02,-7.096782326698303223e-02,-7.476208359003067017e-02,-7.881108671426773071e-02,-8.240073919296264648e-02,-8.500234037637710571e-02,-8.635412156581878662e-02,-8.569876104593276978e-02,-8.295924961566925049e-02,-7.796774804592132568e-02,-7.011413574218750000e-02,-6.041627004742622375e-02,-4.773851856589317322e-02,-3.315406292676925659e-02,-1.720964908599853516e-02,-1.003907294943928719e-03,1.435049902647733688e-02,2.960644662380218506e-02,4.307114332914352417e-02,5.393467843532562256e-02,6.163555011153221130e-02,6.691142171621322632e-02,6.870441883802413940e-02,6.819333881139755249e-02,6.494660675525665283e-02,6.074630469083786011e-02,5.461303144693374634e-02,4.822871088981628418e-02,4.225659742951393127e-02,3.845924884080886841e-02,3.591056540608406067e-02,3.593557327985763550e-02,3.770492598414421082e-02,4.237565025687217712e-02,4.891907796263694763e-02,5.677221715450286865e-02,6.543477624654769897e-02,7.429699599742889404e-02,8.250050991773605347e-02,8.818202465772628784e-02,9.142102301120758057e-02,9.164898097515106201e-02,8.825615048408508301e-02,8.100102096796035767e-02,7.003572583198547363e-02,5.571609362959861755e-02,3.937284275889396667e-02,2.032385580241680145e-02,1.262173173017799854e-03
-9.259569924324750900e-04,-1.258357800543308258e-02,-2.484855242073535919e-02,-3.587688878178596497e-02,-4.610393196344375610e-02,-5.420183017849922180e-02,-6.104454025626182556e-02,-6.642751395702362061e-02,-6.984493881464004517e-02,-7.205715030431747437e-02,-7.366429269313812256e-02,-7.446090131998062134e-02,-7.518623024225234985e-02,-7.625180482864379883e-02,-7.809647917747497559e-02,-8.022128045558929443e-02,-8.310834318399429321e-02,-8.635251224040985107e-02,-9.017509222030639648e-02,-9.350980818271636963e-02,-9.641475975513458252e-02,-9.758551418781280518e-02,-9.736093133687973022e-02,-9.473853558301925659e-02,-9.033083915710449219e-02,-8.185248821973800659e-02,-7.139167934656143188e-02,-5.820908024907112122e-02,-4.271538928151130676e-02,-2.546785771846771240e-02,-7.341515272855758667e-03,1.033491920679807663e-02,2.802451699972152710e-02,4.416069760918617249e-02,5.807246640324592590e-02,6.844113022089004517e-02,7.602292299270629883e-02,8.025112003087997437e-02,8.199303597211837769e-02,8.067204058170318604e-02,7.789754122495651245e-02,7.341016829013824463e-02,6.819833815097808838e-02,6.305243819952011108e-02,5.841533094644546509e-02,5.599480494856834412e-02,5.527730658650398254e-02,5.732055380940437317e-02,6.120555847883224487e-02,6.699024885892868042e-02,7.383087277412414551e-02,8.168126642704010010e-02,8.942702412605285645e-02,9.610097110271453857e-02,1.007383912801742554e-01,1.028321683406829834e-01,1.015353724360466003e-01,9.705425053834915161e-02,8.835431188344955444e-02,7.621750980615615845e-02,6.057097390294075012e-02,4.250876978039741516e-02,2.197303622961044312e-02,5.628545186482369900e-04
-6.117278244346380234e-04,-1.522543467581272125e-02,-3.027748316526412964e-02,-4.369904845952987671e-02,-5.613671615719795227e-02,-6.570219248533248901e-02,-7.411931455135345459e-02,-7.992850989103317261e-02,-8.423288166522979736e-02,-8.646574616432189941e-02,-8.733829110860824585e-02,-8.751633763313293457e-02,-8.730006963014602661e-02,-8.775761723518371582e-02,-8.803403377532958984e-02,-8.970924466848373413e-02,-9.106463193893432617e-02,-9.371746331453323364e-02,-9.673117846250534058e-02,-9.988269954919815063e-02,-1.025517061352729797e-01,-1.042506694793701172e-01,-1.045879945158958435e-01,-1.022672876715660095e-01,-9.796461462974548340e-02,-9.039293974637985229e-02,-7.997325807809829712e-02,-6.638012081384658813e-02,-5.050092190504074097e-02,-3.264746814966201782e-02,-1.334882900118827820e-02,5.948480218648910522e-03,2.502094954252243042e-02,4.300012439489364624e-02,5.923510715365409851e-02,7.218586653470993042e-02,8.217056095600128174e-02,8.891063183546066284e-02,9.281219542026519775e-02,9.378526359796524048e-02,9.284616261720657349e-02,8.916708081960678101e-02,8.555713295936584473e-02,8.094778656959533691e-02,7.754702121019363403e-02,7.439413666725158691e-02,7.398913055658340454e-02,7.432896643877029419e-02,7.750240713357925415e-02,8.176375180482864380e-02,8.721127361059188843e-02,9.357206523418426514e-02,9.981953352689743042e-02,1.049550548195838928e-01,1.085645407438278198e-01,1.092601567506790161e-01,1.068124175071716309e-01,1.010336950421333313e-01,9.163433313369750977e-02,7.850681245326995850e-02,6.205928325653076172e-02,4.359305649995803833e-02,2.210667170584201813e-02,6.686194683425128460e-04
-3.220728249289095402e-04,-1.757189631462097168e-02,-3.486400842666625977e-02,-4.975258186459541321e-02,-6.390146911144256592e-02,-7.493826001882553101e-02,-8.436273038387298584e-02,-9.079007059335708618e-02,-9.535471349954605103e-02,-9.728527069091796875e-02,-9.805830568075180054e-02,-9.699492156505584717e-02,-9.595097601413726807e-02,-9.508298337459564209e-02,-9.434363245964050293e-02,-9.450241178274154663e-02,-9.516324847936630249e-02,-9.687694907188415527e-02,-9.931768476963043213e-02,-1.020317971706390381e-01,-1.041470244526863098e-01,-1.061381399631500244e-01,-1.065905988216400146e-01,-1.054243221879005432e-01,-1.016910672187805176e-01,-9.459856897592544556e-02,-8.504181355237960815e-02,-7.206896692514419556e-02,-5.624111369252204895e-02,-3.863715380430221558e-02,-1.931875199079513550e-02,6.299220258370041847e-04,2.028880082070827484e-02,3.923943266272544861e-02,5.734536796808242798e-02,7.233724743127822876e-02,8.409080654382705688e-02,9.294776618480682373e-02,9.911584854125976562e-02,1.018825396895408630e-01,1.022785082459449768e-01,1.002421900629997253e-01,9.801922738552093506e-02,9.411517530679702759e-02,9.114085882902145386e-02,8.840426057577133179e-02,8.738686144351959229e-02,8.698692172765731812e-02,8.911743015050888062e-02,9.207203239202499390e-02,9.631837904453277588e-02,1.006946042180061340e-01,1.053638607263565063e-01,1.089876517653465271e-01,1.110380366444587708e-01,1.108186542987823486e-01,1.074523106217384338e-01,1.009371727705001831e-01,9.103745967149734497e-02,7.782848179340362549e-02,6.137868389487266541e-02,4.262272641062736511e-02,2.183792367577552795e-02,2.384885156061500311e-04
-3.230757138226181269e-04,-1.943196728825569153e-02,-3.733386471867561340e-02,-5.359867960214614868e-02,-6.896512955427169800e-02,-8.095221966505050659e-02,-9.093928337097167969e-02,-9.733283519744873047e-02,-1.018790900707244873e-01,-1.035843864083290100e-01,-1.032036989927291870e-01,-1.017776131629943848e-01,-9.933768957853317261e-02,-9.712372720241546631e-02,-9.481746703386306763e-02,-9.357151389122009277e-02,-9.305188059806823730e-02,-9.382409602403640747e-02,-9.569574892520904541e-02,-9.857394546270370483e-02,-1.006762012839317322e-01,-1.027503088116645813e-01,-1.032686755061149597e-01,-1.024561896920204163e-01,-1.001097187399864197e-01,-9.462414681911468506e-02,-8.618114888668060303e-02,-7.446853071451187134e-02,-6.016676127910614014e-02,-4.314307868480682373e-02,-2.459682151675224304e-02,-4.718024283647537231e-03,1.489508245140314102e-02,3.350456431508064270e-02,5.207165330648422241e-02,6.821646541357040405e-02,8.176847547292709351e-02,9.234037250280380249e-02,9.998792409896850586e-02,1.046460121870040894e-01,1.071005985140800476e-01,1.072196662425994873e-01,1.057137772440910339e-01,1.028953045606613159e-01,1.006164327263832092e-01,9.813567250967025757e-02,9.647968411445617676e-02,9.519668668508529663e-02,9.609811753034591675e-02,9.709601849317550659e-02,9.952940791845321655e-02,1.017368584871292114e-01,1.049365475773811340e-01,1.065993681550025940e-01,1.072999387979507446e-01,1.056924238801002502e-01,1.013533994555473328e-01,9.494756162166595459e-02,8.534570783376693726e-02,7.295925915241241455e-02,5.706173926591873169e-02,3.963240236043930054e-02,1.979281939566135406e-02,4.563916882034391165e-04
-5.212607793509960175e-04,-1.990758255124092102e-02,-3.887314721941947937e-02,-5.551445856690406799e-02,-7.115421444177627563e-02,-8.350001275539398193e-02,-9.301584213972091675e-02,-9.951418638229370117e-02,-1.033684089779853821e-01,-1.043550372123718262e-01,-1.031298264861106873e-01,-1.007265299558639526e-01,-9.723564237356185913e-02,-9.336317330598831177e-02,-8.955750614404678345e-02,-8.704732358455657959e-02,-8.562076836824417114e-02,-8.582894504070281982e-02,-8.669660985469818115e-02,-8.889842778444290161e-02,-9.144709259271621704e-02,-9.373538196086883545e-02,-9.519790112972259521e-02,-9.565252065658569336e-02,-9.387864917516708374e-02,-8.979570865631103516e-02,-8.298805356025695801e-02,-7.357206940650939941e-02,-6.091962009668350220e-02,-4.600441455841064453e-02,-2.834741957485675812e-02,-9.965931065380573273e-03,8.652812801301479340e-03,2.662458270788192749e-02,4.470230638980865479e-02,6.128803268074989319e-02,7.547373324632644653e-02,8.719411492347717285e-02,9.604389220476150513e-02,1.025911048054695129e-01,1.062561124563217163e-01,1.078692749142646790e-01,1.076352670788764954e-01,1.061567962169647217e-01,1.040067151188850403e-01,1.015505716204643250e-01,9.968999773263931274e-02,9.804487228393554688e-02,9.758173674345016479e-02,9.725033491849899292e-02,9.773436933755874634e-02,9.879229962825775146e-02,9.934469312429428101e-02,9.967281669378280640e-02,9.852344542741775513e-02,9.597769379615783691e-02,9.144507348537445068e-02,8.452845364809036255e-02,7.557797431945800781e-02,6.439363211393356323e-02,5.078618973493576050e-02,3.483477979898452759e-02,1.789481565356254578e-02,3.250246518291532993e-04
-5.927652819082140923e-04,-2.036864869296550751e-02,-3.916085138916969299e-02,-5.516295507550239563e-02,-7.017362862825393677e-02,-8.134614676237106323e-02,-9.068422019481658936e-02,-9.640891849994659424e-02,-9.932512789964675903e-02,-9.945622831583023071e-02,-9.739700704813003540e-02,-9.380881488323211670e-02,-8.910781145095825195e-02,-8.387134969234466553e-02,-7.963778823614120483e-02,-7.568804919719696045e-02,-7.331337779760360718e-02,-7.208874076604843140e-02,-7.249972224235534668e-02,-7.419516891241073608e-02,-7.633330672979354858e-02,-7.872693985700607300e-02,-8.135864138603210449e-02,-8.318462967872619629e-02,-8.295314759016036987e-02,-8.058856427669525146e-02,-7.610401511192321777e-02,-6.880442053079605103e-02,-5.887905880808830261e-02,-4.601300507783889771e-02,-3.141294047236442566e-02,-1.530998200178146362e-02,1.606900244951248169e-03,1.878777518868446350e-02,3.577443584799766541e-02,5.099685490131378174e-02,6.527110934257507324e-02,7.763253897428512573e-02,8.746874332427978516e-02,9.514064341783523560e-02,9.972329437732696533e-02,1.023228764533996582e-01,1.028870493173599243e-01,1.027448102831840515e-01,1.010616868734359741e-01,9.857226908206939697e-02,9.654715657234191895e-02,9.371624141931533813e-02,9.253697097301483154e-02,9.061917662620544434e-02,8.954279124736785889e-02,8.856610953807830811e-02,8.798315376043319702e-02,8.690372109413146973e-02,8.442799001932144165e-02,8.156993985176086426e-02,7.626661658287048340e-02,7.030431926250457764e-02,6.183485314249992371e-02,5.264524370431900024e-02,4.066935554146766663e-02,2.834939584136009216e-02,1.437796279788017273e-02,1.943434908753260970e-04
-5.804596585221588612e-04,-1.873512193560600281e-02,-3.637798875570297241e-02,-5.116800218820571899e-02,-6.513453274965286255e-02,-7.540769129991531372e-02,-8.298952132463455200e-02,-8.785112202167510986e-02,-8.994176238775253296e-02,-8.924109488725662231e-02,-8.632128685712814331e-02,-8.161030709743499756e-02,-7.607896625995635986e-02,-7.048739492893218994e-02,-6.485430896282196045e-02,-6.048805639147758484e-02,-5.720194056630134583e-02,-5.553125217556953430e-02,-5.525503680109977722e-02,-5.606557428836822510e-02,-5.767410993576049805e-02,-6.024666875600814819e-02,-6.311095505952835083e-02,-6.560808420181274414e-02,-6.710812449455261230e-02,-6.733985990285873413e-02,-6.506989151239395142e-02,-6.056481972336769104e-02,-5.368719995021820068e-02,-4.445873573422431946e-02,-3.275572508573532104e-02,-2.014204859733581543e-02,-5.992030259221792221e-03,8.910919539630413055e-03,2.452585846185684204e-02,3.854995965957641602e-02,5.190977826714515686e-02,6.376067548990249634e-02,7.372725009918212891e-02,8.176673203706741333e-02,8.763668686151504517e-02,9.119649231433868408e-02,9.324614703655242920e-02,9.365779161453247070e-02,9.278652817010879517e-02,9.061757475137710571e-02,8.797192573547363281e-02,8.494636416435241699e-02,8.187043666839599609e-02,7.922217249870300293e-02,7.650544494390487671e-02,7.445608079433441162e-02,7.226073741912841797e-02,6.928835064172744751e-02,6.595078110694885254e-02,6.205479055643081665e-02,5.766775459051132202e-02,5.195570737123489380e-02,4.543149471282958984e-02,3.766708448529243469e-02,2.960901148617267609e-02,2.016706205904483795e-02,1.045519858598709106e-02,2.533181686885654926e-04
-7.607293082401156425e-04,-1.572316698729991913e-02,-3.053098171949386597e-02,-4.377993941307067871e-02,-5.615752562880516052e-02,-6.435129791498184204e-02,-7.151490449905395508e-02,-7.482407242059707642e-02,-7.588865607976913452e-02,-7.393068075180053711e-02,-7.018965482711791992e-02,-6.473472714424133301e-02,-5.902310833334922791e-02,-5.226937681436538696e-02,-4.639708250761032104e-02,-4.075846821069717407e-02,-3.712894022464752197e-02,-3.405064716935157776e-02,-3.392727300524711609e-02,-3.436492383480072021e-02,-3.642772510647773743e-02,-3.870718181133270264e-02,-4.215557128190994263e-02,-4.513179138302803040e-02,-4.798317700624465942e-02,-4.996231943368911743e-02,-5.066726356744766235e-02,-4.945057258009910583e-02,-4.631393402814865112e-02,-4.053948819637298584e-02,-3.296549245715141296e-02,-2.355163544416427612e-02,-1.321097556501626968e-02,-1.227308297529816628e-03,1.089333929121494293e-02,2.344471961259841919e-02,3.556701168417930603e-02,4.692433029413223267e-02,5.693256109952926636e-02,6.482102721929550171e-02,7.103486359119415283e-02,7.535896450281143188e-02,7.798469066619873047e-02,7.938077300786972046e-02,7.856427878141403198e-02,7.704631984233856201e-02,7.372935116291046143e-02,7.090262323617935181e-02,6.676896661520004272e-02,6.347332894802093506e-02,5.921618267893791199e-02,5.544473603367805481e-02,5.111995711922645569e-02,4.687848687171936035e-02,4.236173629760742188e-02,3.841699659824371338e-02,3.410042449831962585e-02,2.995679713785648346e-02,2.602808922529220581e-02,2.146999537944793701e-02,1.621475629508495331e-02,1.077524293214082718e-02,5.356575828045606613e-03,8.753107249503955245e-05
-6.504705525003373623e-04,-1.299914252012968063e-02,-2.431818097829818726e-02,-3.492933139204978943e-02,-4.481480643153190613e-02,-5.091721564531326294e-02,-5.545252934098243713e-02,-5.738364905118942261e-02,-5.710284784436225891e-02,-5.419729650020599365e-02,-4.987142607569694519e-02,-4.502810165286064148e-02,-3.848250955343246460e-02,-3.198016434907913208e-02,-2.571258880198001862e-02,-2.016356773674488068e-02,-1.556027587503194809e-02,-1.236615702509880066e-02,-1.090949308127164841e-02,-1.094046793878078461e-02,-1.274656411260366440e-02,-1.563126966357231140e-02,-1.962027698755264282e-02,-2.314806357026100159e-02,-2.735604345798492432e-02,-3.077748231589794159e-02,-3.364245221018791199e-02,-3.555045276880264282e-02,-3.593046218156814575e-02,-3.446260839700698853e-02,-3.068931214511394501e-02,-2.584593929350376129e-02,-1.913201808929443359e-02,-1.124739274382591248e-02,-2.277170773595571518e-03,6.962915416806936264e-03,1.664860360324382782e-02,2.579203806817531586e-02,3.536420315504074097e-02,4.321471229195594788e-02,4.994328320026397705e-02,5.456849187612533569e-02,5.780141428112983704e-02,5.956333130598068237e-02,5.968932434916496277e-02,5.863301083445549011e-02,5.575291067361831665e-02,5.263166874647140503e-02,4.785144329071044922e-02,4.358226433396339417e-02,3.812771290540695190e-02,3.298450633883476257e-02,2.761771343648433685e-02,2.288508415222167969e-02,1.837267912924289703e-02,1.463737431913614273e-02,1.115187164396047592e-02,8.120555430650711060e-03,6.313438527286052704e-03,4.355259239673614502e-03,3.243489656597375870e-03,1.863033859990537167e-03,1.500897342339158058e-03,3.889329382218420506e-04
-2.591717702671303414e-06,-8.299664594233036041e-03,-1.705229096114635468e-02,-2.444056048989295959e-02,-3.005828149616718292e-02,-3.371470794081687927e-02,-3.575517237186431885e-02,-3.595893085002899170e-02,-3.426937013864517212e-02,-3.126866370439529419e-02,-2.679725177586078644e-02,-2.173889428377151489e-02,-1.582030393183231354e-02,-9.290345013141632080e-03,-3.138491185382008553e-03,2.759973751381039619e-03,7.454074453562498093e-03,1.108016818761825562e-02,1.282028108835220337e-02,1.349835097789764404e-02,1.207011099904775620e-02,9.419417008757591248e-03,5.058569367974996567e-03,2.777483023237437010e-04,-5.187037866562604904e-03,-1.058523822575807571e-02,-1.547276880592107773e-02,-1.974077709019184113e-02,-2.361257001757621765e-02,-2.600829117000102997e-02,-2.720994316041469574e-02,-2.624394930899143219e-02,-2.371458895504474640e-02,-1.986373029649257660e-02,-1.488971151411533356e-02,-8.278577588498592377e-03,-2.180519979447126389e-03,5.160503555089235306e-03,1.123323570936918259e-02,1.812288351356983185e-02,2.431191317737102509e-02,3.022941201925277710e-02,3.405084833502769470e-02,3.696048259735107422e-02,3.750145062804222107e-02,3.683382272720336914e-02,3.382557258009910583e-02,3.031347505748271942e-02,2.558242529630661011e-02,2.087186090648174286e-02,1.441361662000417709e-02,8.807727135717868805e-03,2.573878038674592972e-03,-2.600091509521007538e-03,-7.466377690434455872e-03,-1.050210930407047272e-02,-1.321526058018207550e-02,-1.434503681957721710e-02,-1.412216201424598694e-02,-1.280943956226110458e-02,-1.043388526886701584e-02,-7.674042601138353348e-03,-3.537681186571717262e-03,-2.319392660865560174e-04
4.856761079281568527e-04,-4.091752693057060242e-03,-8.163754828274250031e-03,-1.109115406870841980e-02,-1.357658486813306808e-02,-1.420697476714849472e-02,-1.453208830207586288e-02,-1.309831626713275909e-02,-1.078763138502836227e-02,-7.569647394120693207e-03,-3.172656288370490074e-03,1.876604510471224785e-03,7.660426665097475052e-03,1.378646865487098694e-02,1.966213062405586243e-02,2.529185637831687927e-02,2.986324019730091095e-02,3.310525044798851013e-02,3.546307608485221863e-02,3.600078076124191284e-02,3.549835458397865295e-02,3.287503495812416077e-02,2.934099547564983368e-02,2.430688589811325073e-02,1.813013851642608643e-02,1.056084595620632172e-02,3.347716992720961571e-03,-3.832628484815359116e-03,-9.846190921962261200e-03,-1.652624458074569702e-02,-2.160903438925743103e-02,-2.517197839915752411e-02,-2.714464440941810608e-02,-2.796319127082824707e-02,-2.664232440292835236e-02,-2.473791688680648804e-02,-2.092496305704116821e-02,-1.631033420562744141e-02,-1.092099957168102264e-02,-5.795034579932689667e-03,-5.091064376756548882e-04,4.151356406509876251e-03,8.328052237629890442e-03,1.110691763460636139e-02,1.255474239587783813e-02,1.181505806744098663e-02,9.634071961045265198e-03,6.655781064182519913e-03,1.960043329745531082e-03,-3.751193871721625328e-03,-1.036344096064567566e-02,-1.713653840124607086e-02,-2.351307123899459839e-02,-2.867496572434902191e-02,-3.293626382946968079e-02,-3.541421145200729370e-02,-3.668700158596038818e-02,-3.644601628184318542e-02,-3.418669477105140686e-02,-3.008450008928775787e-02,-2.400995418429374695e-02,-1.697913557291030884e-02,-8.573926985263824463e-03,-3.081100294366478920e-05
4.661561688408255577e-04,7.092994055710732937e-04,1.326705911196768284e-03,2.168651437386870384e-03,3.392591141164302826e-03,5.598695483058691025e-03,7.298781070858240128e-03,1.005527563393115997e-02,1.348109450191259384e-02,1.707978360354900360e-02,2.169937081634998322e-02,2.624395862221717834e-02,3.084367886185646057e-02,3.626379743218421936e-02,4.095133394002914429e-02,4.597117751836776733e-02,5.005704239010810852e-02,5.364165455102920532e-02,5.591028556227684021e-02,5.715191736817359924e-02,5.696041136980056763e-02,5.497724562883377075e-02,5.152537301182746887e-02,4.645915701985359192e-02,4.012324661016464233e-02,3.208312764763832092e-02,2.253014966845512390e-02,1.309507805854082108e-02,3.893202636390924454e-03,-5.294899456202983856e-03,-1.476067118346691132e-02,-2.247393876314163208e-02,-2.895628288388252258e-02,-3.379863873124122620e-02,-3.698339313268661499e-02,-3.842981159687042236e-02,-3.826418891549110413e-02,-3.673196211457252502e-02,-3.385402634739875793e-02,-2.993720583617687225e-02,-2.590337581932544708e-02,-2.116231992840766907e-02,-1.786323264241218567e-02,-1.455449964851140976e-02,-1.333554368466138840e-02,-1.291961502283811569e-02,-1.481343060731887817e-02,-1.691532880067825317e-02,-2.214894443750381470e-02,-2.711675874888896942e-02,-3.422959521412849426e-02,-4.041174799203872681e-02,-4.655585810542106628e-02,-5.198218300938606262e-02,-5.592803657054901123e-02,-5.786910280585289001e-02,-5.791996419429779053e-02,-5.577500164508819580e-02,-5.165880545973777771e-02,-4.467896372079849243e-02,-3.537513315677642822e-02,-2.481951005756855011e-02,-1.270362455397844315e-02,-5.579763092100620270e-04
1.400260371156036854e-04,5.122795235365629196e-03,1.023881696164608002e-02,1.536799408495426178e-02,2.033043652772903442e-02,2.464271336793899536e-02,2.919209375977516174e-02,3.332058340311050415e-02,3.740580007433891296e-02,4.140126332640647888e-02,4.534796252846717834e-02,4.875717312097549438e-02,5.252186954021453857e-02,5.622090399265289307e-02,6.028167903423309326e-02,6.401173770427703857e-02,6.769387423992156982e-02,7.049965858459472656e-02,7.318890839815139771e-02,7.440397888422012329e-02,7.484970986843109131e-02,7.272523641586303711e-02,6.990344077348709106e-02,6.489910185337066650e-02,5.879627168178558350e-02,5.050755292177200317e-02,4.054134339094161987e-02,2.956565842032432556e-02,1.758943125605583191e-02,5.505362059921026230e-03,-6.741770543158054352e-03,-1.890666410326957703e-02,-2.944908477365970612e-02,-3.813762590289115906e-02,-4.543844982981681824e-02,-5.077577382326126099e-02,-5.397479981184005737e-02,-5.537923797965049744e-02,-5.525304004549980164e-02,-5.328578129410743713e-02,-5.049422755837440491e-02,-4.699307307600975037e-02,-4.379731789231300354e-02,-4.030213132500648499e-02,-3.826845809817314148e-02,-3.764732182025909424e-02,-3.855432569980621338e-02,-4.095351323485374451e-02,-4.484622552990913391e-02,-4.966821148991584778e-02,-5.572110787034034729e-02,-6.147575378417968750e-02,-6.744488328695297241e-02,-7.203876227140426636e-02,-7.573319971561431885e-02,-7.686966657638549805e-02,-7.622075080871582031e-02,-7.225140929222106934e-02,-6.663960218429565430e-02,-5.731979757547378540e-02,-4.496078938245773315e-02,-3.098619915544986725e-02,-1.588702946901321411e-02,-5.645095952786505222e-04
3.945947901229374111e-05,9.736209176480770111e-03,1.934731937944889069e-02,2.833236753940582275e-02,3.644661605358123779e-02,4.332181811332702637e-02,5.001076683402061462e-02,5.532098561525344849e-02,6.004358828067779541e-02,6.298381090164184570e-02,6.608246266841888428e-02,6.848978251218795776e-02,7.072609663009643555e-02,7.296598702669143677e-02,7.549730688333511353e-02,7.802621275186538696e-02,8.086538314819335938e-02,8.332568407058715820e-02,8.581579476594924927e-02,8.746556937694549561e-02,8.846107125282287598e-02,8.752848953008651733e-02,8.568732440471649170e-02,8.121056854724884033e-02,7.565373927354812622e-02,6.683552265167236328e-02,5.689492449164390564e-02,4.462585225701332092e-02,3.093224950134754181e-02,1.688364893198013306e-02,1.899718074128031731e-03,-1.362930517643690109e-02,-2.739866077899932861e-02,-3.986334800720214844e-02,-5.087473616003990173e-02,-5.913741141557693481e-02,-6.599866598844528198e-02,-7.086696475744247437e-02,-7.284503430128097534e-02,-7.322748005390167236e-02,-7.175077497959136963e-02,-6.927765905857086182e-02,-6.613282859325408936e-02,-6.334615498781204224e-02,-6.116275489330291748e-02,-5.968627333641052246e-02,-5.979438498616218567e-02,-6.159387156367301941e-02,-6.465590745210647583e-02,-6.840474158525466919e-02,-7.356882840394973755e-02,-7.889643311500549316e-02,-8.426499366760253906e-02,-8.832174539566040039e-02,-9.096951037645339966e-02,-9.128178656101226807e-02,-8.950350433588027954e-02,-8.492048084735870361e-02,-7.686680555343627930e-02,-6.624744832515716553e-02,-5.171051993966102600e-02,-3.566711768507957458e-02,-1.880335249006748199e-02,-1.191009534522891045e-03
5.617678398266434669e-04,1.430672407150268555e-02,2.768759243190288544e-02,3.951090201735496521e-02,5.082120746374130249e-02,5.966655910015106201e-02,6.773941218852996826e-02,7.380913197994232178e-02,7.819107919931411743e-02,8.124723285436630249e-02,8.334232866764068604e-02,8.422559499740600586e-02,8.485201746225357056e-02,8.530853688716888428e-02,8.613757789134979248e-02,8.745817840099334717e-02,8.905139565467834473e-02,9.108868986368179321e-02,9.359268099069595337e-02,9.522180259227752686e-02,9.711316227912902832e-02,9.683265537023544312e-02,9.600760787725448608e-02,9.261745214462280273e-02,8.789104968309402466e-02,7.932911813259124756e-02,6.968397647142410278e-02,5.701385810971260071e-02,4.294201731681823730e-02,2.750962600111961365e-02,1.061670854687690735e-02,-7.241755723953247070e-03,-2.413982897996902466e-02,-3.967158123850822449e-02,-5.370467156171798706e-02,-6.546425819396972656e-02,-7.495518028736114502e-02,-8.246471732854843140e-02,-8.678723871707916260e-02,-8.896631002426147461e-02,-8.916307240724563599e-02,-8.775466680526733398e-02,-8.548542857170104980e-02,-8.285988122224807739e-02,-8.030158281326293945e-02,-7.863125205039978027e-02,-7.788971066474914551e-02,-7.885712385177612305e-02,-8.055505901575088501e-02,-8.357342332601547241e-02,-8.810734003782272339e-02,-9.255025535821914673e-02,-9.679316729307174683e-02,-9.981371462345123291e-02,-1.018844917416572571e-01,-1.015642583370208740e-01,-9.881784766912460327e-02,-9.294658154249191284e-02,-8.397796750068664551e-02,-7.191577553749084473e-02,-5.619027093052864075e-02,-3.855923935770988464e-02,-2.006946504116058350e-02,-1.173722557723522186e-03
1.838278549257665873e-04,1.741196028888225555e-02,3.399063274264335632e-02,4.933750256896018982e-02,6.273575127124786377e-02,7.369863986968994141e-02,8.208328485488891602e-02,8.868873864412307739e-02,9.318622946739196777e-02,9.523824602365493774e-02,9.566954523324966431e-02,9.506383538246154785e-02,9.387985616922378540e-02,9.261685609817504883e-02,9.168504178524017334e-02,9.154763817787170410e-02,9.188944846391677856e-02,9.339655190706253052e-02,9.553103148937225342e-02,9.786439687013626099e-02,1.002445071935653687e-01,1.009782701730728149e-01,1.012451425194740295e-01,9.887957572937011719e-02,9.590616077184677124e-02,8.876018226146697998e-02,8.004353940486907959e-02,6.706669181585311890e-02,5.308866873383522034e-02,3.684585541486740112e-02,1.935962401330471039e-02,-2.046168956439942122e-04,-1.912842318415641785e-02,-3.729929774999618530e-02,-5.350372567772865295e-02,-6.752581894397735596e-02,-7.995457202196121216e-02,-8.953583240509033203e-02,-9.626893699169158936e-02,-1.005705669522285461e-01,-1.021527647972106934e-01,-1.017837747931480408e-01,-9.991022944450378418e-02,-9.776643663644790649e-02,-9.469205141067504883e-02,-9.260748326778411865e-02,-9.121786803007125854e-02,-9.126897156238555908e-02,-9.205875545740127563e-02,-9.409964084625244141e-02,-9.744384884834289551e-02,-1.005321964621543884e-01,-1.036764681339263916e-01,-1.058430373668670654e-01,-1.068770140409469604e-01,-1.057404056191444397e-01,-1.023014336824417114e-01,-9.586052596569061279e-02,-8.636777848005294800e-02,-7.351490110158920288e-02,-5.716320499777793884e-02,-3.949386999011039734e-02,-2.033423073589801788e-02,-9.763673879206180573e-04
-3.278389631304889917e-04,1.992617174983024597e-02,3.936980664730072021e-02,5.625847727060317993e-02,7.199674099683761597e-02,8.355471491813659668e-02,9.326264262199401855e-02,9.987815469503402710e-02,1.033754870295524597e-01,1.045848950743675232e-01,1.037844792008399963e-01,1.014091372489929199e-01,9.827895462512969971e-02,9.509025514125823975e-02,9.261885285377502441e-02,9.080234915018081665e-02,9.006071835756301880e-02,9.055100381374359131e-02,9.220790117979049683e-02,9.476618468761444092e-02,9.809163212776184082e-02,9.979422390460968018e-02,1.013963520526885986e-01,1.005887538194656372e-01,9.880859404802322388e-02,9.310632944107055664e-02,8.532728254795074463e-02,7.400824874639511108e-02,6.041833385825157166e-02,4.436764121055603027e-02,2.677767723798751831e-02,7.131830323487520218e-03,-1.332237757742404938e-02,-3.265967592597007751e-02,-5.109829083085060120e-02,-6.731677055358886719e-02,-8.109097927808761597e-02,-9.275147318840026855e-02,-1.010031923651695251e-01,-1.066655516624450684e-01,-1.097484380006790161e-01,-1.099384799599647522e-01,-1.089736446738243103e-01,-1.065256819128990173e-01,-1.036867275834083557e-01,-1.012005060911178589e-01,-9.905163943767547607e-02,-9.814769774675369263e-02,-9.781675785779953003e-02,-9.892737865447998047e-02,-1.008779555559158325e-01,-1.032888963818550110e-01,-1.054224520921707153e-01,-1.066883876919746399e-01,-1.068045943975448608e-01,-1.054151579737663269e-01,-1.010999828577041626e-01,-9.430119395256042480e-02,-8.474029600620269775e-02,-7.184574753046035767e-02,-5.553181096911430359e-02,-3.818329051136970520e-02,-1.958393305540084839e-02,-8.734264993108808994e-04
-6.497547728940844536e-04,2.104185149073600769e-02,4.199182987213134766e-02,6.070023402571678162e-02,7.686512917280197144e-02,8.929923921823501587e-02,9.905960410833358765e-02,1.048420667648315430e-01,1.081216186285018921e-01,1.078167110681533813e-01,1.053418591618537903e-01,1.012341529130935669e-01,9.635214507579803467e-02,9.185405075550079346e-02,8.741145581007003784e-02,8.456333726644515991e-02,8.255828171968460083e-02,8.253858983516693115e-02,8.347904682159423828e-02,8.634688705205917358e-02,8.960583806037902832e-02,9.324816614389419556e-02,9.582123905420303345e-02,9.701602905988693237e-02,9.674002230167388916e-02,9.327251464128494263e-02,8.746622502803802490e-02,7.732944935560226440e-02,6.517551839351654053e-02,4.961876571178436279e-02,3.310674056410789490e-02,1.357094757258892059e-02,-6.425968836992979050e-03,-2.670449949800968170e-02,-4.597063735127449036e-02,-6.335541605949401855e-02,-7.844761759042739868e-02,-9.074321389198303223e-02,-1.001741513609886169e-01,-1.072841212153434753e-01,-1.115715280175209045e-01,-1.129511892795562744e-01,-1.119872853159904480e-01,-1.098081097006797791e-01,-1.068576052784919739e-01,-1.043877229094505310e-01,-1.011590957641601562e-01,-9.889670461416244507e-02,-9.752581268548965454e-02,-9.716803580522537231e-02,-9.778857231140136719e-02,-9.884889423847198486e-02,-9.999358654022216797e-02,-1.005026623606681824e-01,-1.003041192889213562e-01,-9.789527952671051025e-02,-9.378226101398468018e-02,-8.689832687377929688e-02,-7.747621834278106689e-02,-6.557177752256393433e-02,-5.123990029096603394e-02,-3.546941280364990234e-02,-1.813117787241935730e-02,-5.449211457744240761e-04
-1.278960698982700706e-04,2.179130539298057556e-02,4.340608045458793640e-02,6.193812564015388489e-02,7.879316061735153198e-02,9.051174670457839966e-02,1.000711470842361450e-01,1.057696714997291565e-01,1.078750193119049072e-01,1.064178198575973511e-01,1.030246615409851074e-01,9.692942351102828979e-02,9.035840630531311035e-02,8.409450948238372803e-02,7.814398407936096191e-02,7.369683682918548584e-02,7.102587819099426270e-02,7.017175108194351196e-02,7.124752551317214966e-02,7.357352972030639648e-02,7.737496495246887207e-02,8.170863986015319824e-02,8.575658500194549561e-02,8.885153383016586304e-02,9.031495451927185059e-02,8.886779099702835083e-02,8.480037003755569458e-02,7.733299583196640015e-02,6.701226532459259033e-02,5.309151858091354370e-02,3.757317736744880676e-02,1.968385465443134308e-02,4.866892704740166664e-04,-1.878710091114044189e-02,-3.832148015499114990e-02,-5.589044466614723206e-02,-7.211307436227798462e-02,-8.504187315702438354e-02,-9.536706656217575073e-02,-1.029784306883811951e-01,-1.076295897364616394e-01,-1.095380410552024841e-01,-1.091676801443099976e-01,-1.073723882436752319e-01,-1.047817915678024292e-01,-1.012801378965377808e-01,-9.748138487339019775e-02,-9.434377402067184448e-02,-9.180674701929092407e-02,-9.049233794212341309e-02,-8.976928144693374634e-02,-8.960814774036407471e-02,-8.961678296327590942e-02,-8.989165723323822021e-02,-8.860518783330917358e-02,-8.642060309648513794e-02,-8.224280923604965210e-02,-7.591649144887924194e-02,-6.720761954784393311e-02,-5.714783817529678345e-02,-4.474306106567382812e-02,-3.108213283121585846e-02,-1.579444296658039093e-02,-6.589829572476446629e-04
1.961690722964704037e-04,2.213140390813350677e-02,4.250957071781158447e-02,6.052330881357192993e-02,7.654850184917449951e-02,8.756899833679199219e-02,9.654357284307479858e-02,1.006393358111381531e-01,1.019137725234031677e-01,9.971546381711959839e-02,9.481951594352722168e-02,8.782524615526199341e-02,7.985209673643112183e-02,7.224621623754501343e-02,6.519703567028045654e-02,5.968146771192550659e-02,5.545504763722419739e-02,5.419052019715309143e-02,5.479240417480468750e-02,5.768490210175514221e-02,6.134029850363731384e-02,6.620410829782485962e-02,7.107084989547729492e-02,7.601376622915267944e-02,7.955829799175262451e-02,8.048419654369354248e-02,7.880157977342605591e-02,7.342839986085891724e-02,6.570954620838165283e-02,5.414138361811637878e-02,4.101460427045822144e-02,2.483052015304565430e-02,8.173449896275997162e-03,-1.048424281179904938e-02,-2.791439928114414215e-02,-4.487976059317588806e-02,-6.134163588285446167e-02,-7.455322146415710449e-02,-8.539411425590515137e-02,-9.299869090318679810e-02,-9.814082831144332886e-02,-1.007397472858428955e-01,-1.010512188076972961e-01,-9.920337796211242676e-02,-9.650574624538421631e-02,-9.266749024391174316e-02,-8.865021914243698120e-02,-8.440645039081573486e-02,-8.144810050725936890e-02,-7.872969657182693481e-02,-7.731575518846511841e-02,-7.570677250623703003e-02,-7.500820606946945190e-02,-7.395203411579132080e-02,-7.258003205060958862e-02,-6.982499361038208008e-02,-6.651202589273452759e-02,-6.109201163053512573e-02,-5.454374849796295166e-02,-4.630753025412559509e-02,-3.681295365095138550e-02,-2.529698424041271210e-02,-1.282943319529294968e-02,-6.394786178134381771e-04
1.545115519547834992e-04,2.061413228511810303e-02,3.963531181216239929e-02,5.604169145226478577e-02,7.125116884708404541e-02,8.134912699460983276e-02,8.862432092428207397e-02,9.204479306936264038e-02,9.202473610639572144e-02,8.878653496503829956e-02,8.249706029891967773e-02,7.383203506469726562e-02,6.548219919204711914e-02,5.720429867506027222e-02,4.950351640582084656e-02,4.250090569257736206e-02,3.782039135694503784e-02,3.557676821947097778e-02,3.604108840227127075e-02,3.848163411021232605e-02,4.356933385133743286e-02,4.918574541807174683e-02,5.480878055095672607e-02,6.063138693571090698e-02,6.549929827451705933e-02,6.840331852436065674e-02,6.894762814044952393e-02,6.649766862392425537e-02,6.140865385532379150e-02,5.257541686296463013e-02,4.190590605139732361e-02,2.855959534645080566e-02,1.434152759611606598e-02,-2.061600796878337860e-03,-1.819584891200065613e-02,-3.343000262975692749e-02,-4.797333478927612305e-02,-6.054975092411041260e-02,-7.110758125782012939e-02,-7.935111969709396362e-02,-8.462656289339065552e-02,-8.729054033756256104e-02,-8.757962286472320557e-02,-8.619289845228195190e-02,-8.290494978427886963e-02,-7.955768704414367676e-02,-7.488668709993362427e-02,-7.106783986091613770e-02,-6.686803698539733887e-02,-6.386185437440872192e-02,-6.104208528995513916e-02,-5.899423733353614807e-02,-5.721506848931312561e-02,-5.574453994631767273e-02,-5.407008901238441467e-02,-5.158140510320663452e-02,-4.859476163983345032e-02,-4.497782886028289795e-02,-3.966213017702102661e-02,-3.395164385437965393e-02,-2.690064348280429840e-02,-1.860990747809410095e-02,-9.550075978040695190e-03,-9.701235103420913219e-04
8.805877296254038811e-04,1.848806254565715790e-02,3.491277620196342468e-02,4.931630939245223999e-02,6.233138591051101685e-02,7.118207961320877075e-02,7.704132050275802612e-02,7.933628559112548828e-02,7.777723670005798340e-02,7.374709099531173706e-02,6.623163074254989624e-02,5.771870166063308716e-02,4.884885996580123901e-02,3.981718048453330994e-02,3.110590018332004547e-02,2.385354228317737579e-02,1.905287615954875946e-02,1.633427850902080536e-02,1.624231599271297455e-02,1.859902404248714447e-02,2.314362116158008575e-02,2.948006615042686462e-02,3.629378229379653931e-02,4.271508753299713135e-02,4.893158748745918274e-02,5.381196737289428711e-02,5.661289021372795105e-02,5.638680234551429749e-02,5.415324866771697998e-02,4.858128353953361511e-02,4.098949581384658813e-02,3.060742653906345367e-02,1.931577362120151520e-02,6.084530614316463470e-03,-7.395437918603420258e-03,-2.156879007816314697e-02,-3.377120196819305420e-02,-4.465988278388977051e-02,-5.408134683966636658e-02,-6.174500286579132080e-02,-6.681623309850692749e-02,-6.957029551267623901e-02,-6.990120559930801392e-02,-6.890219449996948242e-02,-6.596803665161132812e-02,-6.271014362573623657e-02,-5.838269740343093872e-02,-5.370294302701950073e-02,-4.944095015525817871e-02,-4.549317434430122375e-02,-4.239653050899505615e-02,-3.962309285998344421e-02,-3.763090446591377258e-02,-3.542824089527130127e-02,-3.414547443389892578e-02,-3.173792362213134766e-02,-2.987742610275745392e-02,-2.720393240451812744e-02,-2.409889362752437592e-02,-2.013493143022060394e-02,-1.587318256497383118e-02,-1.105209719389677048e-02,-5.363268312066793442e-03,-5.117791588418185711e-04
1.452565658837556839e-03,1.514791510999202728e-02,2.945019304752349854e-02,4.020683467388153076e-02,5.075175315141677856e-02,5.676227062940597534e-02,6.162707135081291199e-02,6.227204948663711548e-02,6.016981974244117737e-02,5.483592301607131958e-02,4.814565554261207581e-02,3.936165943741798401e-02,3.044740669429302216e-02,2.113152295351028442e-02,1.214733626693487167e-02,5.513337906450033188e-03,2.621436433400958776e-04,-2.318623475730419159e-03,-2.780238632112741470e-03,-1.116434228606522083e-03,2.950573805719614029e-03,8.738429285585880280e-03,1.645102538168430328e-02,2.437879145145416260e-02,3.149016201496124268e-02,3.740851953625679016e-02,4.131887108087539673e-02,4.388675093650817871e-02,4.454467445611953735e-02,4.171297326683998108e-02,3.749947249889373779e-02,3.051041066646575928e-02,2.277064695954322815e-02,1.286249049007892609e-02,2.725305734202265739e-03,-8.739496581256389618e-03,-1.881644316017627716e-02,-2.773515880107879639e-02,-3.578671813011169434e-02,-4.193946346640586853e-02,-4.659943655133247375e-02,-4.918651655316352844e-02,-4.982477053999900818e-02,-4.927303269505500793e-02,-4.666222259402275085e-02,-4.376153647899627686e-02,-3.942910209298133850e-02,-3.510082885622978210e-02,-3.052545152604579926e-02,-2.648583427071571350e-02,-2.269609645009040833e-02,-1.970196142792701721e-02,-1.691739447414875031e-02,-1.504327263683080673e-02,-1.322505902498960495e-02,-1.167060714215040207e-02,-1.040931604802608490e-02,-9.163473732769489288e-03,-8.025874383747577667e-03,-6.400992162525653839e-03,-5.158052779734134674e-03,-3.410415956750512123e-03,-1.429599593393504620e-03,-7.034373120404779911e-04
6.733694463036954403e-04,1.142722181975841522e-02,2.136796712875366211e-02,3.021695464849472046e-02,3.651983663439750671e-02,4.136693850159645081e-02,4.388293251395225525e-02,4.287320747971534729e-02,3.994539752602577209e-02,3.488616272807121277e-02,2.834498323500156403e-02,2.025872655212879181e-02,1.113731693476438522e-02,2.090591238811612129e-03,-5.940453615039587021e-03,-1.186827011406421661e-02,-1.681444421410560608e-02,-1.961239054799079895e-02,-2.022031508386135101e-02,-1.865169405937194824e-02,-1.525393873453140259e-02,-9.574562311172485352e-03,-2.981481142342090607e-03,5.117648746818304062e-03,1.293661911040544510e-02,2.002650685608386993e-02,2.586040645837783813e-02,2.993359602987766266e-02,3.299688547849655151e-02,3.347566723823547363e-02,3.240653127431869507e-02,2.911821939051151276e-02,2.444181591272354126e-02,1.879845373332500458e-02,1.200007926672697067e-02,4.378164187073707581e-03,-2.967017004266381264e-03,-1.029255986213684082e-02,-1.635983400046825409e-02,-2.136436291038990021e-02,-2.508570998907089233e-02,-2.741175517439842224e-02,-2.816912718117237091e-02,-2.752124145627021790e-02,-2.586633525788784027e-02,-2.300641685724258423e-02,-1.948388293385505676e-02,-1.533785834908485413e-02,-1.125753764063119888e-02,-6.802044808864593506e-03,-3.137322375550866127e-03,3.592339635360985994e-04,2.916357247158885002e-03,5.675686523318290710e-03,6.502831820398569107e-03,7.875551469624042511e-03,7.868934422731399536e-03,7.781406864523887634e-03,6.494594737887382507e-03,6.018304266035556793e-03,4.336321726441383362e-03,3.386382479220628738e-03,1.904864679090678692e-03,5.558047632803209126e-05
4.733408568426966667e-04,6.179705727845430374e-03,1.334027480334043503e-02,1.794149726629257202e-02,2.119885571300983429e-02,2.309003472328186035e-02,2.336815558373928070e-02,2.178294211626052856e-02,1.916524954140186310e-02,1.373683940619230270e-02,7.847728207707405090e-03,-2.537948603276163340e-04,-7.963218726217746735e-03,-1.580984331667423248e-02,-2.238173410296440125e-02,-2.827551029622554779e-02,-3.235881030559539795e-02,-3.479902073740959167e-02,-3.549181669950485229e-02,-3.433734178543090820e-02,-3.133398294448852539e-02,-2.668027393519878387e-02,-2.042521536350250244e-02,-1.360394712537527084e-02,-5.780091043561697006e-03,2.277121180668473244e-03,9.482850320637226105e-03,1.547405216842889786e-02,2.024500072002410889e-02,2.328642271459102631e-02,2.579261362552642822e-02,2.546231076121330261e-02,2.501443587243556976e-02,2.241367101669311523e-02,1.944929733872413635e-02,1.545153185725212097e-02,1.142407767474651337e-02,6.867261603474617004e-03,2.387043787166476250e-03,-1.274174661375582218e-03,-4.108697641640901566e-03,-6.024969741702079773e-03,-6.953811272978782654e-03,-6.761306896805763245e-03,-5.383310839533805847e-03,-3.247319953516125679e-03,-1.227044122060760856e-04,3.385354997590184212e-03,7.485529407858848572e-03,1.126901246607303619e-02,1.507198624312877655e-02,1.852896064519882202e-02,2.148183062672615051e-02,2.343002334237098694e-02,2.474061399698257446e-02,2.516007609665393829e-02,2.468053810298442841e-02,2.312738448381423950e-02,2.068232558667659760e-02,1.805035956203937531e-02,1.366194710135459900e-02,9.720914997160434723e-03,5.033679772168397903e-03,-2.038101665675640106e-04
1.724402245599776506e-04,1.767116948030889034e-03,4.562697373330593109e-03,5.456443410366773605e-03,5.249127745628356934e-03,5.305675789713859558e-03,3.577915253117680550e-03,1.328415703028440475e-03,-2.299532527104020119e-03,-6.421415135264396667e-03,-1.188770588487386703e-02,-1.849060691893100739e-02,-2.481715008616447449e-02,-3.096931986510753632e-02,-3.642569109797477722e-02,-4.114560410380363464e-02,-4.480776563286781311e-02,-4.652786627411842346e-02,-4.742163792252540588e-02,-4.643752798438072205e-02,-4.434892907738685608e-02,-4.080296307802200317e-02,-3.576419875025749207e-02,-2.943439781665802002e-02,-2.279448509216308594e-02,-1.510389801114797592e-02,-7.470834534615278244e-03,2.585203037597239017e-04,6.982584483921527863e-03,1.252806745469570160e-02,1.747857965528964996e-02,2.086013741791248322e-02,2.371719852089881897e-02,2.498517930507659912e-02,2.580073103308677673e-02,2.522044070065021515e-02,2.448018454015254974e-02,2.223789319396018982e-02,2.054866217076778412e-02,1.782170869410037994e-02,1.631892845034599304e-02,1.450520567595958710e-02,1.383897848427295685e-02,1.341185253113508224e-02,1.438905857503414154e-02,1.596970297396183014e-02,1.847454346716403961e-02,2.100553549826145172e-02,2.445415221154689789e-02,2.768536470830440521e-02,3.111635707318782806e-02,3.437566757202148438e-02,3.725755214691162109e-02,3.913864865899085999e-02,4.020060971379280090e-02,3.966740891337394714e-02,3.864624723792076111e-02,3.612042963504791260e-02,3.232258185744285583e-02,2.792721800506114960e-02,2.182658389210700989e-02,1.490433048456907272e-02,7.679945323616266251e-03,1.759248552843928337e-04
-1.749941147863864899e-04,-2.672561211511492729e-03,-4.180062562227249146e-03,-7.523438427597284317e-03,-1.062115188688039780e-02,-1.330772601068019867e-02,-1.600925438106060028e-02,-1.963427104055881500e-02,-2.297999896109104156e-02,-2.667538449168205261e-02,-3.096833825111389160e-02,-3.551410511136054993e-02,-3.994491323828697205e-02,-4.392740130424499512e-02,-4.758132621645927429e-02,-5.095634236931800842e-02,-5.371535569429397583e-02,-5.504906177520751953e-02,-5.612319335341453552e-02,-5.545440688729286194e-02,-5.437058582901954651e-02,-5.117988213896751404e-02,-4.796255379915237427e-02,-4.289344698190689087e-02,-3.756601363420486450e-02,-3.081732057034969330e-02,-2.358647622168064117e-02,-1.524555683135986328e-02,-7.055093534290790558e-03,8.953404030762612820e-04,8.078447543084621429e-03,1.463556662201881409e-02,2.094674110412597656e-02,2.548325248062610626e-02,2.994575724005699158e-02,3.263252973556518555e-02,3.500498458743095398e-02,3.548888862133026123e-02,3.597858548164367676e-02,3.498519584536552429e-02,3.454418852925300598e-02,3.356328979134559631e-02,3.282357752323150635e-02,3.192837908864021301e-02,3.221147879958152771e-02,3.302725777029991150e-02,3.444430604577064514e-02,3.627674654126167297e-02,3.891727328300476074e-02,4.157744348049163818e-02,4.449045658111572266e-02,4.721981659531593323e-02,4.982149228453636169e-02,5.147197470068931580e-02,5.226223915815353394e-02,5.141026899218559265e-02,4.957339540123939514e-02,4.616635292768478394e-02,4.138439521193504333e-02,3.526298329234123230e-02,2.750463597476482391e-02,1.920022070407867432e-02,9.905876591801643372e-03,-3.487877547740936279e-04
-7.743894821032881737e-04,-5.996019579470157623e-03,-1.280432939529418945e-02,-1.979758404195308685e-02,-2.555939368903636932e-02,-3.005371429026126862e-02,-3.506617248058319092e-02,-3.850612789392471313e-02,-4.156524688005447388e-02,-4.383671283721923828e-02,-4.662910103797912598e-02,-4.913863539695739746e-02,-5.075530707836151123e-02,-5.257967114448547363e-02,-5.410397425293922424e-02,-5.535263940691947937e-02,-5.706966668367385864e-02,-5.811268463730812073e-02,-5.952838808298110962e-02,-6.005866825580596924e-02,-5.989870429039001465e-02,-5.865180119872093201e-02,-5.647195503115653992e-02,-5.328878015279769897e-02,-4.916782304644584656e-02,-4.377977177500724792e-02,-3.738423809409141541e-02,-2.926351875066757202e-02,-2.066904678940773010e-02,-1.109469588845968246e-02,-1.733197481371462345e-03,7.403603289276361465e-03,1.645886339247226715e-02,2.451153658330440521e-02,3.191110491752624512e-02,3.794990479946136475e-02,4.322735965251922607e-02,4.651631042361259460e-02,4.896872118115425110e-02,4.978250339627265930e-02,5.051280930638313293e-02,4.988139122724533081e-02,4.924942925572395325e-02,4.787639155983924866e-02,4.748479649424552917e-02,4.718651622533798218e-02,4.791520535945892334e-02,4.854372888803482056e-02,5.045270547270774841e-02,5.218250676989555359e-02,5.459543690085411072e-02,5.689089000225067139e-02,5.914413556456565857e-02,6.034793332219123840e-02,6.104508042335510254e-02,5.980987474322319031e-02,5.779843777418136597e-02,5.367291346192359924e-02,4.787294194102287292e-02,4.087385535240173340e-02,3.209938481450080872e-02,2.224015444517135620e-02,1.165215205401182175e-02,2.722998615354299545e-04
-6.642309599556028843e-04,-1.030991412699222565e-02,-2.058009244501590729e-02,-3.005627915263175964e-02,-3.853924199938774109e-02,-4.554966092109680176e-02,-5.114678293466567993e-02,-5.516291782259941101e-02,-5.775634571909904480e-02,-5.919304117560386658e-02,-6.023377552628517151e-02,-6.019604206085205078e-02,-5.937981978058815002e-02,-5.894392728805541992e-02,-5.798599869012832642e-02,-5.788930505514144897e-02,-5.780598148703575134e-02,-5.818211287260055542e-02,-5.973873659968376160e-02,-6.108762696385383606e-02,-6.251934915781021118e-02,-6.245009228587150574e-02,-6.243762373924255371e-02,-6.091392040252685547e-02,-5.860314518213272095e-02,-5.431525781750679016e-02,-4.905582591891288757e-02,-4.177251085638999939e-02,-3.282913938164710999e-02,-2.285400405526161194e-02,-1.179448142647743225e-02,-2.587921626400202513e-04,1.130063738673925400e-02,2.187207341194152832e-02,3.242151811718940735e-02,4.120506718754768372e-02,4.913341626524925232e-02,5.463499203324317932e-02,5.923045054078102112e-02,6.136595085263252258e-02,6.312863528728485107e-02,6.309226155281066895e-02,6.264332681894302368e-02,6.072782725095748901e-02,5.956340581178665161e-02,5.832775309681892395e-02,5.785360559821128845e-02,5.748841539025306702e-02,5.816608294844627380e-02,5.920884385704994202e-02,6.099748611450195312e-02,6.251876801252365112e-02,6.450265645980834961e-02,6.543710827827453613e-02,6.593041867017745972e-02,6.448976695537567139e-02,6.215914338827133179e-02,5.754525959491729736e-02,5.185633525252342224e-02,4.407979547977447510e-02,3.473893553018569946e-02,2.414208836853504181e-02,1.255794707685709000e-02,-1.738223072607070208e-04
-5.825033294968307018e-04,-1.375877205282449722e-02,-2.709244564175605774e-02,-3.956907987594604492e-02,-5.021767318248748779e-02,-5.827184021472930908e-02,-6.501529365777969360e-02,-6.849398463964462280e-02,-7.057996839284896851e-02,-7.084048539400100708e-02,-6.926937401294708252e-02,-6.680115312337875366e-02,-6.346513330936431885e-02,-6.073909252882003784e-02,-5.788247659802436829e-02,-5.598274618387222290e-02,-5.468058586120605469e-02,-5.422287434339523315e-02,-5.454256758093833923e-02,-5.734066665172576904e-02,-6.021987646818161011e-02,-6.234087795019149780e-02,-6.378022581338882446e-02,-6.447604298591613770e-02,-6.393264979124069214e-02,-6.200627237558364868e-02,-5.769988894462585449e-02,-5.174734815955162048e-02,-4.350771382451057434e-02,-3.318192437291145325e-02,-2.134838514029979706e-02,-8.480335585772991180e-03,4.765403456985950470e-03,1.778069883584976196e-02,3.038912080228328705e-02,4.158522561192512512e-02,5.173600837588310242e-02,5.989827215671539307e-02,6.579962372779846191e-02,6.982734054327011108e-02,7.211156934499740601e-02,7.251722365617752075e-02,7.161030918359756470e-02,6.974640488624572754e-02,6.748989224433898926e-02,6.544034183025360107e-02,6.355091929435729980e-02,6.218538805842399597e-02,6.183436885476112366e-02,6.199030950665473938e-02,6.272089481353759766e-02,6.377442181110382080e-02,6.524581462144851685e-02,6.593269854784011841e-02,6.621669232845306396e-02,6.481400877237319946e-02,6.271764636039733887e-02,5.826359987258911133e-02,5.241196602582931519e-02,4.442423209547996521e-02,3.523637726902961731e-02,2.429481036961078644e-02,1.273866184055805206e-02,3.102484042756259441e-04
-2.167194179492071271e-04,-1.643510907888412476e-02,-3.240232914686203003e-02,-4.628777503967285156e-02,-5.892360582947731018e-02,-6.860375404357910156e-02,-7.583236694335937500e-02,-7.909060269594192505e-02,-8.057569712400436401e-02,-7.944320142269134521e-02,-7.591143995523452759e-02,-7.064384222030639648e-02,-6.557900458574295044e-02,-6.048582121729850769e-02,-5.531481280922889709e-02,-5.217130854725837708e-02,-4.975197091698646545e-02,-4.911112785339355469e-02,-4.954504221677780151e-02,-5.188563093543052673e-02,-5.594236031174659729e-02,-5.962961539626121521e-02,-6.342522054910659790e-02,-6.632021069526672363e-02,-6.778504699468612671e-02,-6.694325804710388184e-02,-6.488446891307830811e-02,-5.971975252032279968e-02,-5.243578180670738220e-02,-4.215249419212341309e-02,-3.009586594998836517e-02,-1.638295501470565796e-02,-1.772459829226136208e-03,1.318756584078073502e-02,2.735600620508193970e-02,4.051147028803825378e-02,5.245741829276084900e-02,6.220201030373573303e-02,6.948509812355041504e-02,7.465513795614242554e-02,7.781665772199630737e-02,7.838716357946395874e-02,7.773492485284805298e-02,7.520730793476104736e-02,7.255977392196655273e-02,6.966448575258255005e-02,6.670714914798736572e-02,6.436192244291305542e-02,6.285858154296875000e-02,6.227100640535354614e-02,6.197308003902435303e-02,6.251613050699234009e-02,6.342354416847229004e-02,6.404311209917068481e-02,6.384111940860748291e-02,6.258908659219741821e-02,6.072324141860008240e-02,5.624660104513168335e-02,5.094159767031669617e-02,4.308412224054336548e-02,3.443769738078117371e-02,2.357275225222110748e-02,1.236713211983442307e-02,-1.664725714363157749e-04
-4.656330565921962261e-04,-1.859072409570217133e-02,-3.599420934915542603e-02,-5.203475430607795715e-02,-6.587257981300354004e-02,-7.584748417139053345e-02,-8.356324583292007446e-02,-8.637554943561553955e-02,-8.671249449253082275e-02,-8.432231098413467407e-02,-7.810308039188385010e-02,-7.153736054897308350e-02,-6.390948593616485596e-02,-5.633305013179779053e-02,-4.970728978514671326e-02,-4.491811245679855347e-02,-4.175854846835136414e-02,-4.062392562627792358e-02,-4.103187099099159241e-02,-4.388853162527084351e-02,-4.823179543018341064e-02,-5.428978800773620605e-02,-5.941415205597877502e-02,-6.444060057401657104e-02,-6.774698197841644287e-02,-6.934843957424163818e-02,-6.869980692863464355e-02,-6.491737812757492065e-02,-5.855439603328704834e-02,-4.896228387951850891e-02,-3.704345971345901489e-02,-2.305261977016925812e-02,-8.151318877935409546e-03,7.950345054268836975e-03,2.325592562556266785e-02,3.759830817580223083e-02,5.081162601709365845e-02,6.165325641632080078e-02,7.001056522130966187e-02,7.595942169427871704e-02,7.952437549829483032e-02,8.084863424301147461e-02,7.969666272401809692e-02,7.759901881217956543e-02,7.406219840049743652e-02,7.049027830362319946e-02,6.675687432289123535e-02,6.351876258850097656e-02,6.094319373369216919e-02,5.933152139186859131e-02,5.836598947644233704e-02,5.832114815711975098e-02,5.855368822813034058e-02,5.893749743700027466e-02,5.883830413222312927e-02,5.798867717385292053e-02,5.609930306673049927e-02,5.258077010512351990e-02,4.745186120271682739e-02,4.072270169854164124e-02,3.230380266904830933e-02,2.213710173964500427e-02,1.172626484185457230e-02,1.015466914395801723e-04
2.026396541623398662e-04,-1.960041932761669159e-02,-3.847406059503555298e-02,-5.517291650176048279e-02,-6.993323564529418945e-02,-8.049654215574264526e-02,-8.755156397819519043e-02,-8.989030867815017700e-02,-8.973002433776855469e-02,-8.513753116130828857e-02,-7.762700319290161133e-02,-6.993449479341506958e-02,-6.066120415925979614e-02,-5.214542523026466370e-02,-4.378572106361389160e-02,-3.759973123669624329e-02,-3.326139599084854126e-02,-3.174628689885139465e-02,-3.236670047044754028e-02,-3.514098748564720154e-02,-4.083012044429779053e-02,-4.770827665925025940e-02,-5.484507977962493896e-02,-6.122119352221488953e-02,-6.641120463609695435e-02,-6.960440427064895630e-02,-7.033551484346389771e-02,-6.803161650896072388e-02,-6.278344988822937012e-02,-5.396676063537597656e-02,-4.223817959427833557e-02,-2.859365195035934448e-02,-1.342649664729833603e-02,2.794127445667982101e-03,1.882949657738208771e-02,3.417840227484703064e-02,4.770179092884063721e-02,5.941834673285484314e-02,6.861184537410736084e-02,7.499520480632781982e-02,7.870880514383316040e-02,8.010514825582504272e-02,7.938255369663238525e-02,7.646696269512176514e-02,7.279334962368011475e-02,6.876924633979797363e-02,6.434052437543869019e-02,6.009469181299209595e-02,5.670800060033798218e-02,5.441530048847198486e-02,5.288339778780937195e-02,5.231584981083869934e-02,5.231261998414993286e-02,5.282637104392051697e-02,5.253078415989875793e-02,5.195159837603569031e-02,5.023401230573654175e-02,4.708835482597351074e-02,4.262933880090713501e-02,3.664718568325042725e-02,2.927153743803501129e-02,2.002351917326450348e-02,1.045358087867498398e-02,-2.638092264533042908e-04
-7.599408272653818130e-04,-2.025390602648258209e-02,-3.971938043832778931e-02,-5.654803290963172913e-02,-7.152785360813140869e-02,-8.108910173177719116e-02,-8.804064244031906128e-02,-8.965975046157836914e-02,-8.852318674325942993e-02,-8.287570625543594360e-02,-7.480981200933456421e-02,-6.589465588331222534e-02,-5.496305599808692932e-02,-4.505953937768936157e-02,-3.569464012980461121e-02,-2.880022302269935608e-02,-2.365495450794696808e-02,-2.221974916756153107e-02,-2.280235104262828827e-02,-2.549467235803604126e-02,-3.113518469035625458e-02,-3.958404064178466797e-02,-4.752820730209350586e-02,-5.568119511008262634e-02,-6.183988973498344421e-02,-6.690884381532669067e-02,-6.907672435045242310e-02,-6.835931539535522461e-02,-6.410344690084457397e-02,-5.639764666557312012e-02,-4.571904242038726807e-02,-3.209402412176132202e-02,-1.756714656949043274e-02,-1.783990184776484966e-03,1.435454189777374268e-02,2.979120612144470215e-02,4.346152022480964661e-02,5.503426864743232727e-02,6.457587331533432007e-02,7.120003551244735718e-02,7.508502900600433350e-02,7.661442458629608154e-02,7.580764591693878174e-02,7.301764935255050659e-02,6.884161382913589478e-02,6.413345038890838623e-02,5.938473343849182129e-02,5.479846522212028503e-02,5.084218829870223999e-02,4.791671037673950195e-02,4.614054039120674133e-02,4.506117105484008789e-02,4.481640085577964783e-02,4.496962949633598328e-02,4.513821378350257874e-02,4.476486891508102417e-02,4.339612647891044617e-02,4.093687981367111206e-02,3.723818063735961914e-02,3.203333169221878052e-02,2.524589933454990387e-02,1.730973646044731140e-02,9.314411319792270660e-03,2.062624553218483925e-04
-1.864214427769184113e-04,-2.003020979464054108e-02,-3.943726792931556702e-02,-5.556874722242355347e-02,-6.979035586118698120e-02,-7.918417453765869141e-02,-8.529420942068099976e-02,-8.644527941942214966e-02,-8.412636816501617432e-02,-7.753586769104003906e-02,-6.937108188867568970e-02,-5.944640934467315674e-02,-4.851095750927925110e-02,-3.769518062472343445e-02,-2.823012694716453552e-02,-2.052730135619640350e-02,-1.546316128224134445e-02,-1.346786692738533020e-02,-1.416098978370428085e-02,-1.700749062001705170e-02,-2.292346209287643433e-02,-3.139919787645339966e-02,-4.037271812558174133e-02,-4.920665174722671509e-02,-5.673948675394058228e-02,-6.281160563230514526e-02,-6.605487316846847534e-02,-6.646429747343063354e-02,-6.329169124364852905e-02,-5.681365355849266052e-02,-4.698540270328521729e-02,-3.420674800872802734e-02,-2.045870572328567505e-02,-5.586502607911825180e-03,9.811880066990852356e-03,2.495609223842620850e-02,3.810789436101913452e-02,4.965622350573539734e-02,5.878210440278053284e-02,6.555202603340148926e-02,6.926976144313812256e-02,7.076778262853622437e-02,6.984371691942214966e-02,6.691867858171463013e-02,6.280239671468734741e-02,5.793970078229904175e-02,5.278350785374641418e-02,4.806965589523315430e-02,4.370735213160514832e-02,4.055184498429298401e-02,3.838933631777763367e-02,3.711461275815963745e-02,3.655441477894783020e-02,3.688990697264671326e-02,3.683856874704360962e-02,3.689777106046676636e-02,3.583651781082153320e-02,3.383812308311462402e-02,3.089097328484058380e-02,2.655568160116672516e-02,2.125404775142669678e-02,1.437205076217651367e-02,7.604544516652822495e-03,-6.847668555565178394e-05
-1.219004116137512028e-05,-1.856533251702785492e-02,-3.698939085006713867e-02,-5.254430323839187622e-02,-6.553667038679122925e-02,-7.362768799066543579e-02,-7.943662256002426147e-02,-8.045019954442977905e-02,-7.713984698057174683e-02,-7.063870877027511597e-02,-6.226463243365287781e-02,-5.190937221050262451e-02,-4.103014245629310608e-02,-3.066758997738361359e-02,-2.063922025263309479e-02,-1.324394624680280685e-02,-8.162928745150566101e-03,-6.355862133204936981e-03,-7.108950521796941757e-03,-9.922388009727001190e-03,-1.547428406774997711e-02,-2.368217147886753082e-02,-3.243529796600341797e-02,-4.193365201354026794e-02,-4.960216954350471497e-02,-5.595810338854789734e-02,-6.023054942488670349e-02,-6.193644925951957703e-02,-5.983192101120948792e-02,-5.442539975047111511e-02,-4.572512954473495483e-02,-3.439378365874290466e-02,-2.206045947968959808e-02,-8.489631116390228271e-03,5.927010439336299896e-03,2.004159241914749146e-02,3.227303177118301392e-02,4.262986779212951660e-02,5.146764218807220459e-02,5.820008739829063416e-02,6.178074330091476440e-02,6.290834397077560425e-02,6.203441694378852844e-02,5.936283618211746216e-02,5.544328689575195312e-02,5.060515552759170532e-02,4.562764242291450500e-02,4.078397899866104126e-02,3.668513149023056030e-02,3.343002498149871826e-02,3.096223436295986176e-02,2.957228012382984161e-02,2.912460453808307648e-02,2.913223393261432648e-02,2.901104837656021118e-02,2.901365794241428375e-02,2.850374020636081696e-02,2.703405916690826416e-02,2.470880746841430664e-02,2.173976227641105652e-02,1.729668676853179932e-02,1.190948020666837692e-02,6.254290696233510971e-03,2.026260153797920793e-05
1.913812884595245123e-04,-1.616818644106388092e-02,-3.240193799138069153e-02,-4.653950408101081848e-02,-5.856682360172271729e-02,-6.616377085447311401e-02,-7.050745189189910889e-02,-7.051928341388702393e-02,-6.708315014839172363e-02,-6.111430004239082336e-02,-5.306536704301834106e-02,-4.332029446959495544e-02,-3.334801644086837769e-02,-2.335692383348941803e-02,-1.473680138587951660e-02,-7.744237780570983887e-03,-2.778693102300167084e-03,-7.583737606182694435e-04,-1.226159976795315742e-03,-4.574185237288475037e-03,-9.782271459698677063e-03,-1.680269837379455566e-02,-2.543408609926700592e-02,-3.451512381434440613e-02,-4.218885675072669983e-02,-4.855729267001152039e-02,-5.287047848105430603e-02,-5.505233630537986755e-02,-5.378673225641250610e-02,-4.920445382595062256e-02,-4.187806323170661926e-02,-3.222072497010231018e-02,-2.140598371624946594e-02,-9.451759047806262970e-03,3.084005555137991905e-03,1.548182871192693710e-02,2.650248445570468903e-02,3.596621751785278320e-02,4.395671933889389038e-02,4.972913116216659546e-02,5.292420089244842529e-02,5.381887033581733704e-02,5.310587212443351746e-02,5.031937360763549805e-02,4.655671864748001099e-02,4.239130765199661255e-02,3.785217553377151489e-02,3.343420103192329407e-02,2.940378338098526001e-02,2.614165097475051880e-02,2.401036955416202545e-02,2.264245972037315369e-02,2.194157987833023071e-02,2.179108746349811554e-02,2.189377509057521820e-02,2.199543081223964691e-02,2.172183245420455933e-02,2.051159925758838654e-02,1.895514130592346191e-02,1.665064506232738495e-02,1.348580513149499893e-02,9.319783188402652740e-03,4.971925169229507446e-03,-2.069212787318974733e-04
2.769909333437681198e-04,-1.341047789901494980e-02,-2.731687389314174652e-02,-3.951879590749740601e-02,-4.937651380896568298e-02,-5.470208451151847839e-02,-5.886453390121459961e-02,-5.886847525835037231e-02,-5.619607865810394287e-02,-5.073888972401618958e-02,-4.345588013529777527e-02,-3.495809063315391541e-02,-2.621357329189777374e-02,-1.686261408030986786e-02,-9.157996624708175659e-03,-2.786946250125765800e-03,1.069028279744088650e-03,2.742023440077900887e-03,1.928648096509277821e-03,-7.490061107091605663e-04,-5.615415051579475403e-03,-1.183087006211280823e-02,-1.880411431193351746e-02,-2.719129063189029694e-02,-3.368800505995750427e-02,-3.955382108688354492e-02,-4.380830004811286926e-02,-4.571629315614700317e-02,-4.509554058313369751e-02,-4.155427962541580200e-02,-3.619813174009323120e-02,-2.830771915614604950e-02,-1.955718547105789185e-02,-9.656733833253383636e-03,9.811340132728219032e-04,1.135617587715387344e-02,2.070560120046138763e-02,2.857024222612380981e-02,3.534278273582458496e-02,4.048339277505874634e-02,4.325083643198013306e-02,4.409185051918029785e-02,4.338274151086807251e-02,4.112649336457252502e-02,3.803052753210067749e-02,3.410415723919868469e-02,3.011496178805828094e-02,2.614726498723030090e-02,2.270174957811832428e-02,1.968234404921531677e-02,1.740989089012145996e-02,1.622706092894077301e-02,1.560470834374427795e-02,1.525585725903511047e-02,1.509655360132455826e-02,1.542805507779121399e-02,1.524338033050298691e-02,1.471051853150129318e-02,1.330496091395616531e-02,1.185818389058113098e-02,9.324077516794204712e-03,6.779546383768320084e-03,3.511289833113551140e-03,-4.249228222761303186e-04
1.368556870147585869e-03,-9.993179701268672943e-03,-2.029998227953910828e-02,-3.074917569756507874e-02,-3.860728442668914795e-02,-4.254464432597160339e-02,-4.534236341714859009e-02,-4.560844227671623230e-02,-4.298879951238632202e-02,-3.855257108807563782e-02,-3.250193968415260315e-02,-2.564493380486965179e-02,-1.846940442919731140e-02,-1.129840593785047531e-02,-5.151046905666589737e-03,-9.023655729833990335e-05,3.113506594672799110e-03,4.334133584052324295e-03,3.663358045741915703e-03,1.702432287856936455e-03,-2.549554221332073212e-03,-7.193490397185087204e-03,-1.326235011219978333e-02,-1.948856748640537262e-02,-2.527277357876300812e-02,-2.999565191566944122e-02,-3.334032371640205383e-02,-3.530729189515113831e-02,-3.502899780869483948e-02,-3.289166837930679321e-02,-2.843640185892581940e-02,-2.285782247781753540e-02,-1.571829430758953094e-02,-8.082521148025989532e-03,2.556618128437548876e-04,8.190832100808620453e-03,1.544128265231847763e-02,2.160261571407318115e-02,2.693846821784973145e-02,3.076420165598392487e-02,3.304261341691017151e-02,3.356093540787696838e-02,3.286831453442573547e-02,3.094409406185150146e-02,2.850834466516971588e-02,2.531085722148418427e-02,2.204778417944908142e-02,1.876753568649291992e-02,1.612661592662334442e-02,1.349957101047039032e-02,1.203593052923679352e-02,1.083560101687908173e-02,1.049266848713159561e-02,9.987954050302505493e-03,1.011976227164268494e-02,1.026868727058172226e-02,1.045687403529882431e-02,9.800105355679988861e-03,9.251458570361137390e-03,7.901647128164768219e-03,6.413894705474376678e-03,4.713293164968490601e-03,2.237654058262705803e-03,-4.137486394029110670e-04
6.800768314860761166e-04,-7.126514799892902374e-03,-1.453410740941762924e-02,-2.145194262266159058e-02,-2.637612633407115936e-02,-2.935155294835567474e-02,-3.075280226767063141e-02,-3.084922954440116882e-02,-2.892153523862361908e-02,-2.610556781291961670e-02,-2.158992178738117218e-02,-1.668327674269676208e-02,-1.149112731218338013e-02,-6.895294412970542908e-03,-2.208057092502713203e-03,1.082089380361139774e-03,3.568967105820775032e-03,4.304707981646060944e-03,4.057649523019790649e-03,2.275065518915653229e-03,-4.594683996401727200e-04,-4.563867580145597458e-03,-8.370866999030113220e-03,-1.304587628692388535e-02,-1.683071069419384003e-02,-2.074666321277618408e-02,-2.281179651618003845e-02,-2.404640801250934601e-02,-2.397969923913478851e-02,-2.288023009896278381e-02,-1.975400373339653015e-02,-1.590531878173351288e-02,-1.123648509383201599e-02,-5.990108009427785873e-03,-2.373857714701443911e-04,5.047286860644817352e-03,1.000704523175954819e-02,1.450927928090095520e-02,1.816349849104881287e-02,2.075582742691040039e-02,2.203056961297988892e-02,2.279942110180854797e-02,2.217706479132175446e-02,2.098062448203563690e-02,1.897835172712802887e-02,1.694824174046516418e-02,1.464363746345043182e-02,1.220635790377855301e-02,1.025877147912979126e-02,8.577426895499229431e-03,7.343278732150793076e-03,6.590700242668390274e-03,6.097665056586265564e-03,5.953587125986814499e-03,5.944416392594575882e-03,5.816731601953506470e-03,5.906794220209121704e-03,5.847135093063116074e-03,5.572492256760597229e-03,4.833035171031951904e-03,3.742912784218788147e-03,2.747030463069677353e-03,1.475915312767028809e-03,-7.327779894694685936e-04
1.229285146109759808e-03,-4.007892217487096786e-03,-6.906387396156787872e-03,-1.060570031404495239e-02,-1.345481257885694504e-02,-1.478316541761159897e-02,-1.547349616885185242e-02,-1.560663804411888123e-02,-1.429534982889890671e-02,-1.295343600213527679e-02,-1.046181935817003250e-02,-7.749215699732303619e-03,-4.894489888101816177e-03,-2.731828950345516205e-03,-1.154274141299538314e-04,1.464881468564271927e-03,2.649890724569559097e-03,2.943472238257527351e-03,2.578557934612035751e-03,1.895550405606627464e-03,-1.883036165963858366e-04,-1.629495294764637947e-03,-3.879342693835496902e-03,-6.515436340123414993e-03,-8.352992124855518341e-03,-1.002904959022998810e-02,-1.131907664239406586e-02,-1.186511944979429245e-02,-1.194321922957897186e-02,-1.131648104637861252e-02,-9.976386092603206635e-03,-8.080347441136837006e-03,-5.697813350707292557e-03,-2.734275534749031067e-03,-1.252161455340683460e-04,2.584440866485238075e-03,5.030075553804636002e-03,7.219228893518447876e-03,8.915379643440246582e-03,1.050571724772453308e-02,1.110324170440435410e-02,1.139936130493879318e-02,1.097137853503227234e-02,1.048557646572589874e-02,9.418421424925327301e-03,8.536927402019500732e-03,7.417178712785243988e-03,5.807666108012199402e-03,5.184878129512071609e-03,4.222955089062452316e-03,3.674315754324197769e-03,2.958714962005615234e-03,3.049444872885942459e-03,2.766114193946123123e-03,2.764948643743991852e-03,2.496675122529268265e-03,2.757303882390260696e-03,2.593397395685315132e-03,2.633300144225358963e-03,2.148145809769630432e-03,2.007559407502412796e-03,1.184590393677353859e-03,2.960581332445144653e-04,-1.190552138723433018e-03
-1.987607829505577683e-04,1.007119077257812023e-03,1.394470687955617905e-03,9.326744475401937962e-04,-7.022541831247508526e-05,4.780214294441975653e-05,-4.598019004333764315e-04,1.336005952907726169e-04,2.974520321004092693e-04,-2.172405074816197157e-04,5.373515887185931206e-04,4.795240238308906555e-04,7.546857814304530621e-04,-1.457562902942299843e-04,3.182334767188876867e-04,1.519866600574459881e-05,8.093009091680869460e-05,2.136736438842490315e-04,5.955254528089426458e-05,4.910092684440314770e-04,5.991441430523991585e-04,1.616827357793226838e-04,2.204012853326275945e-04,3.155668382532894611e-04,4.760876254294998944e-05,3.657102570286951959e-05,5.620038427878171206e-05,7.100474613253027201e-05,-2.533940423745661974e-04,6.355181994877057150e-06,-8.811683801468461752e-05,-4.363505286164581776e-04,-3.075949789490550756e-04,-4.625331202987581491e-04,-2.771096660580951720e-05,-3.092453698627650738e-04,2.293982834089547396e-05,-1.218425313709303737e-04,1.472438889322802424e-04,-4.059677885379642248e-04,-5.488525857799686491e-05,2.066329616354778409e-04,-4.992903996026143432e-05,-2.663282211869955063e-04,-1.561633398523554206e-04,-8.252073894254863262e-05,-8.533518848707899451e-05,-1.116544153774157166e-04,9.069553016161080450e-06,-2.601252344902604818e-04,-6.555421714438125491e-05,-6.867570918984711170e-04,-4.966707201674580574e-04,-6.942816544324159622e-04,-4.143980040680617094e-04,-7.996714557521045208e-04,-2.917607780545949936e-04,-6.632010918110609055e-04,-2.457188966218382120e-04,-2.160703734261915088e-04,3.393012957531027496e-05,-4.504286625888198614e-04,-4.113656468689441681e-04,-1.308614038862287998e-03
