-4.031951539218425751e-03,-2.007505623623728752e-03,-1.805170788429677486e-03,-3.869282663799822330e-04,-3.963659692090004683e-04,1.023696735501289368e-03,5.698272725567221642e-04,1.521868864074349403e-03,1.011332264170050621e-03,1.312087522819638252e-03,1.122853253036737442e-03,1.474461634643375874e-03,1.379765104502439499e-03,1.412091543897986412e-03,1.571063068695366383e-03,1.723143621347844601e-03,1.548129715956747532e-03,1.566404243931174278e-03,1.815033261664211750e-03,2.197761088609695435e-03,1.648987643420696259e-03,1.713422476314008236e-03,1.584472600370645523e-03,1.926596160046756268e-03,1.374870189465582371e-03,1.584080862812697887e-03,1.269166241399943829e-03,1.765579218044877052e-03,1.006789738312363625e-03,1.263196114450693130e-03,9.432288352400064468e-04,8.941590785980224609e-04,5.753709701821208000e-04,7.303749443963170052e-04,6.206046091392636299e-04,4.758822906296700239e-04,4.401510814204812050e-04,3.497858415357768536e-04,5.024872370995581150e-04,3.921106326743029058e-05,7.517192861996591091e-04,3.964355564676225185e-04,9.086396312341094017e-04,2.985703758895397186e-04,1.390766468830406666e-03,5.451485048979520798e-04,1.305402605794370174e-03,7.452838472090661526e-04,1.682765549048781395e-03,4.470240382943302393e-04,1.486832275986671448e-03,-1.672606886131688952e-04,1.100065419450402260e-03,-3.827635373454540968e-04,2.630059898365288973e-04,-1.065367483533918858e-03,-4.707414773292839527e-04,-1.717885839752852917e-03,-1.090106205083429813e-03,-1.740369596518576145e-03,-1.244322047568857670e-03,6.352077434712555259e-06,-3.211771545466035604e-04,3.361889394000172615e-03
-1.278978888876736164e-03,-2.852456236723810434e-04,1.983594847843050957e-03,2.723403740674257278e-03,4.133981652557849884e-03,6.380925886332988739e-03,7.635254878550767899e-03,9.589632973074913025e-03,1.133642159402370453e-02,1.207282207906246185e-02,1.291564851999282837e-02,1.439248863607645035e-02,1.529620774090290070e-02,1.606318913400173187e-02,1.673397980630397797e-02,1.735798269510269165e-02,1.762400753796100616e-02,1.710374653339385986e-02,1.664264872670173645e-02,1.643156073987483978e-02,1.521469466388225555e-02,1.411202829331159592e-02,1.239592488855123520e-02,1.175621617585420609e-02,9.829028509557247162e-03,8.580454625189304352e-03,6.655386649072170258e-03,5.671595688909292221e-03,4.131645895540714264e-03,3.227415028959512711e-03,1.408892101608216763e-03,7.360716117545962334e-04,-7.183369598351418972e-04,-1.018905546516180038e-03,-2.792156767100095749e-03,-3.629224142059683800e-03,-5.233601666986942291e-03,-5.496440920978784561e-03,-7.474497426301240921e-03,-8.065020665526390076e-03,-1.044328231364488602e-02,-1.012433227151632309e-02,-1.234051771461963654e-02,-1.229241210967302322e-02,-1.442064810544252396e-02,-1.396278478205204010e-02,-1.527731306850910187e-02,-1.442024949938058853e-02,-1.555180083960294724e-02,-1.398926787078380585e-02,-1.436461042612791061e-02,-1.305169798433780670e-02,-1.276150345802307129e-02,-1.134751271456480026e-02,-1.074686553329229355e-02,-9.602311998605728149e-03,-8.508635684847831726e-03,-6.547356024384498596e-03,-6.088720168918371201e-03,-5.230922717601060867e-03,-3.967692609876394272e-03,-2.691297559067606926e-03,-3.400989342480897903e-03,-9.008381748571991920e-04
1.233743620105087757e-03,2.330608898773789406e-03,4.374363925307989120e-03,6.619828287512063980e-03,8.576627820730209351e-03,1.146266423165798187e-02,1.386216375976800919e-02,1.631007343530654907e-02,1.795797981321811676e-02,2.017347887158393860e-02,2.168022841215133667e-02,2.406608499586582184e-02,2.531965449452400208e-02,2.707140147686004639e-02,2.824353240430355072e-02,2.966770529747009277e-02,2.965573593974113464e-02,2.969240583479404449e-02,2.876080200076103210e-02,2.840740978717803955e-02,2.663397975265979767e-02,2.497622743248939514e-02,2.261161617934703827e-02,2.137324772775173187e-02,1.872353255748748779e-02,1.654205657541751862e-02,1.384857762604951859e-02,1.184149086475372314e-02,9.702229872345924377e-03,7.336907088756561279e-03,4.691827110946178436e-03,3.018150571733713150e-03,7.882195059210062027e-04,-8.969905902631580830e-04,-3.405489027500152588e-03,-5.218094680458307266e-03,-7.830378599464893341e-03,-9.522722102701663971e-03,-1.258424017578363419e-02,-1.435474678874015808e-02,-1.762130670249462128e-02,-1.941978186368942261e-02,-2.201870828866958618e-02,-2.347218804061412811e-02,-2.565714530646800995e-02,-2.704562433063983917e-02,-2.810087800025939941e-02,-2.833232656121253967e-02,-2.862059883773326874e-02,-2.836041152477264404e-02,-2.719754353165626526e-02,-2.591850794851779938e-02,-2.371397241950035095e-02,-2.287247404456138611e-02,-2.019293420016765594e-02,-1.857998967170715332e-02,-1.572504267096519470e-02,-1.366335432976484299e-02,-1.180024072527885437e-02,-9.258230216801166534e-03,-6.468299776315689087e-03,-4.036375321447849274e-03,-2.400053897872567177e-03,-1.812589907785877585e-04
1.434148289263248444e-03,2.592201344668865204e-03,5.936785135418176651e-03,8.555013686418533325e-03,1.103016547858715057e-02,1.492600981146097183e-02,1.794687844812870026e-02,2.138443663716316223e-02,2.469774708151817322e-02,2.749734558165073395e-02,3.091972321271896362e-02,3.344691917300224304e-02,3.624145314097404480e-02,3.864270076155662537e-02,4.064507409930229187e-02,4.152780398726463318e-02,4.232084006071090698e-02,4.169407859444618225e-02,4.088550060987472534e-02,3.961391001939773560e-02,3.775309771299362183e-02,3.520533069968223572e-02,3.214719146490097046e-02,2.938136458396911621e-02,2.591987699270248413e-02,2.269830740988254547e-02,1.918724738061428070e-02,1.631719805300235748e-02,1.307981833815574646e-02,1.013753470033407211e-02,6.379908416420221329e-03,3.658929839730262756e-03,2.853191108442842960e-04,-2.150512998923659325e-03,-5.312829278409481049e-03,-8.140838705003261566e-03,-1.129931490868330002e-02,-1.456493791192770004e-02,-1.842503622174263000e-02,-2.155567146837711334e-02,-2.580501139163970947e-02,-2.823455259203910828e-02,-3.228323534131050110e-02,-3.425708413124084473e-02,-3.778705373406410217e-02,-3.967658802866935730e-02,-4.178645834326744080e-02,-4.200629889965057373e-02,-4.299445822834968567e-02,-4.154885560274124146e-02,-4.080178588628768921e-02,-3.830242529511451721e-02,-3.668143600225448608e-02,-3.342562541365623474e-02,-3.061025403439998627e-02,-2.783936262130737305e-02,-2.412975765764713287e-02,-2.047922834753990173e-02,-1.737316325306892395e-02,-1.385006215423345566e-02,-1.057170331478118896e-02,-7.128807716071605682e-03,-4.134453833103179932e-03,-7.417178712785243988e-04
1.461880863644182682e-03,3.510271199047565460e-03,7.597557269036769867e-03,1.107286941260099411e-02,1.428440399467945099e-02,1.833937503397464752e-02,2.273519337177276611e-02,2.715987898409366608e-02,3.079590201377868652e-02,3.482354804873466492e-02,3.909932076930999756e-02,4.295319691300392151e-02,4.633551463484764099e-02,4.930578917264938354e-02,5.241452157497406006e-02,5.347804352641105652e-02,5.462839826941490173e-02,5.422310158610343933e-02,5.331481248140335083e-02,5.139153078198432922e-02,4.897297918796539307e-02,4.545381292700767517e-02,4.162249714136123657e-02,3.822488337755203247e-02,3.380943089723587036e-02,2.980531007051467896e-02,2.501549571752548218e-02,2.142120897769927979e-02,1.703742332756519318e-02,1.330255344510078430e-02,8.560977876186370850e-03,5.341344047337770462e-03,1.215351745486259460e-03,-1.946428441442549229e-03,-6.833513732999563217e-03,-1.056115794926881790e-02,-1.549026090651750565e-02,-1.894894987344741821e-02,-2.466600015759468079e-02,-2.913646027445793152e-02,-3.472472354769706726e-02,-3.830405697226524353e-02,-4.351764172315597534e-02,-4.748573154211044312e-02,-5.120537802577018738e-02,-5.381911993026733398e-02,-5.586177483201026917e-02,-5.774950236082077026e-02,-5.805036425590515137e-02,-5.725256353616714478e-02,-5.561660602688789368e-02,-5.353234335780143738e-02,-5.046353116631507874e-02,-4.703172296285629272e-02,-4.220469668507575989e-02,-3.802497684955596924e-02,-3.287889808416366577e-02,-2.898429892957210541e-02,-2.319851145148277283e-02,-1.929619908332824707e-02,-1.401512697339057922e-02,-9.589154273271560669e-03,-5.092252977192401886e-03,-6.350348121486604214e-04
1.757171587087213993e-03,4.663506988435983658e-03,8.928018622100353241e-03,1.274354569613933563e-02,1.653610169887542725e-02,2.122572995722293854e-02,2.538988925516605377e-02,3.119793348014354706e-02,3.598434478044509888e-02,4.055036231875419617e-02,4.596152156591415405e-02,5.142527073621749878e-02,5.617259815335273743e-02,5.966008827090263367e-02,6.353606283664703369e-02,6.485100090503692627e-02,6.644092500209808350e-02,6.581907719373703003e-02,6.514143943786621094e-02,6.275837868452072144e-02,6.054146960377693176e-02,5.609912797808647156e-02,5.218566209077835083e-02,4.680905491113662720e-02,4.295356944203376770e-02,3.745649382472038269e-02,3.250660002231597900e-02,2.722660824656486511e-02,2.247164212167263031e-02,1.701806113123893738e-02,1.220678724348545074e-02,7.148003671318292618e-03,2.293986035510897636e-03,-2.009853953495621681e-03,-7.431298028677701950e-03,-1.202433090656995773e-02,-1.789559423923492432e-02,-2.259701490402221680e-02,-2.981827966868877411e-02,-3.431751206517219543e-02,-4.165403917431831360e-02,-4.654340818524360657e-02,-5.405623465776443481e-02,-5.727526172995567322e-02,-6.279153376817703247e-02,-6.644962728023529053e-02,-7.067362964153289795e-02,-7.095400989055633545e-02,-7.239668816328048706e-02,-7.186973839998245239e-02,-7.038684189319610596e-02,-6.584769487380981445e-02,-6.335155665874481201e-02,-5.765957012772560120e-02,-5.322772637009620667e-02,-4.722481593489646912e-02,-4.203996434807777405e-02,-3.477593511343002319e-02,-2.943956665694713593e-02,-2.337141148746013641e-02,-1.790267601609230042e-02,-1.173138432204723358e-02,-6.907929666340351105e-03,-1.642177929170429707e-03
3.400956979021430016e-03,5.290345754474401474e-03,9.995329193770885468e-03,1.413557678461074829e-02,1.887679286301136017e-02,2.452358044683933258e-02,3.027484007179737091e-02,3.601964190602302551e-02,4.139998927712440491e-02,4.790039733052253723e-02,5.406471341848373413e-02,6.014396250247955322e-02,6.522082537412643433e-02,7.014523446559906006e-02,7.469490170478820801e-02,7.633654773235321045e-02,7.739149779081344604e-02,7.710869610309600830e-02,7.702215760946273804e-02,7.363570481538772583e-02,7.064995914697647095e-02,6.590767204761505127e-02,6.177539750933647156e-02,5.564509332180023193e-02,4.993382841348648071e-02,4.392184317111968994e-02,3.845769912004470825e-02,3.239316120743751526e-02,2.673416025936603546e-02,2.052448689937591553e-02,1.448888983577489853e-02,8.614309132099151611e-03,2.545872703194618225e-03,-2.165904734283685684e-03,-8.469675667583942413e-03,-1.422646269202232361e-02,-2.108207717537879944e-02,-2.615168318152427673e-02,-3.452801331877708435e-02,-4.149110242724418640e-02,-4.970568791031837463e-02,-5.523123592138290405e-02,-6.277768313884735107e-02,-6.849641352891921997e-02,-7.457616925239562988e-02,-7.856687158346176147e-02,-8.273449540138244629e-02,-8.456856757402420044e-02,-8.621843159198760986e-02,-8.522185683250427246e-02,-8.427052199840545654e-02,-8.032871782779693604e-02,-7.636473327875137329e-02,-7.121444493532180786e-02,-6.509415060281753540e-02,-5.830092728137969971e-02,-5.065843835473060608e-02,-4.276430979371070862e-02,-3.534998372197151184e-02,-2.825915068387985229e-02,-2.035182341933250427e-02,-1.354661770164966583e-02,-7.437285967171192169e-03,-8.002821123227477074e-04
2.697873162105679512e-03,5.886448547244071960e-03,1.074727624654769897e-02,1.555766444653272629e-02,2.066708169877529144e-02,2.670593373477458954e-02,3.248797357082366943e-02,3.929958119988441467e-02,4.643914848566055298e-02,5.304368957877159119e-02,6.037060543894767761e-02,6.700378656387329102e-02,7.398755103349685669e-02,7.836479693651199341e-02,8.345812559127807617e-02,8.567256480455398560e-02,8.759737014770507812e-02,8.732678741216659546e-02,8.634000271558761597e-02,8.366172015666961670e-02,8.053953945636749268e-02,7.519723474979400635e-02,7.024650275707244873e-02,6.352454423904418945e-02,5.781875923275947571e-02,5.045578256249427795e-02,4.441339150071144104e-02,3.795052319765090942e-02,3.148952126502990723e-02,2.417315542697906494e-02,1.756067201495170593e-02,1.126992329955101013e-02,4.475646652281284332e-03,-2.069133333861827850e-03,-8.377078920602798462e-03,-1.463154982775449753e-02,-2.286769077181816101e-02,-3.001710586249828339e-02,-3.918690979480743408e-02,-4.696674272418022156e-02,-5.614168196916580200e-02,-6.396467238664627075e-02,-7.207696139812469482e-02,-7.822272181510925293e-02,-8.408302068710327148e-02,-9.050437062978744507e-02,-9.429796785116195679e-02,-9.705728292465209961e-02,-9.860337525606155396e-02,-9.861253201961517334e-02,-9.747193753719329834e-02,-9.306558221578598022e-02,-8.893639594316482544e-02,-8.105381578207015991e-02,-7.519333809614181519e-02,-6.578741967678070068e-02,-5.860915035009384155e-02,-4.947861656546592712e-02,-4.168057441711425781e-02,-3.270765393972396851e-02,-2.513412386178970337e-02,-1.606143265962600708e-02,-9.252918884158134460e-03,-1.470087911002337933e-03
3.381081623956561089e-03,6.090627517551183701e-03,1.142582297325134277e-02,1.704780943691730499e-02,2.291969209909439087e-02,2.926488965749740601e-02,3.579632565379142761e-02,4.380491375923156738e-02,5.054007843136787415e-02,5.849204584956169128e-02,6.610197573900222778e-02,7.371219992637634277e-02,8.045320957899093628e-02,8.597677201032638550e-02,9.125507622957229614e-02,9.434390068054199219e-02,9.665487706661224365e-02,9.639407694339752197e-02,9.595365822315216064e-02,9.289376437664031982e-02,8.974281698465347290e-02,8.370193839073181152e-02,7.797667384147644043e-02,7.162842899560928345e-02,6.461984664201736450e-02,5.744052678346633911e-02,5.032186582684516907e-02,4.373179003596305847e-02,3.647013008594512939e-02,2.858981303870677948e-02,2.059480920433998108e-02,1.393230911344289780e-02,5.929721519351005554e-03,-4.898257320746779442e-04,-8.567990735173225403e-03,-1.566720940172672272e-02,-2.466466836631298065e-02,-3.244014084339141846e-02,-4.303979128599166870e-02,-5.185260251164436340e-02,-6.328305602073669434e-02,-7.064611464738845825e-02,-8.023644983768463135e-02,-8.713833242654800415e-02,-9.487000852823257446e-02,-9.950460493564605713e-02,-1.043129637837409973e-01,-1.075205281376838684e-01,-1.098842471837997437e-01,-1.089012697339057922e-01,-1.082365885376930237e-01,-1.046075597405433655e-01,-1.000512689352035522e-01,-9.309119731187820435e-02,-8.528877794742584229e-02,-7.699414342641830444e-02,-6.787570565938949585e-02,-5.799122154712677002e-02,-4.778474941849708557e-02,-3.877920284867286682e-02,-2.798462845385074615e-02,-1.866158284246921539e-02,-9.755132719874382019e-03,-3.555346920620650053e-04
2.577049657702445984e-03,5.352110136300325394e-03,1.126488298177719116e-02,1.663830317556858063e-02,2.253504097461700439e-02,2.993001230061054230e-02,3.617576509714126587e-02,4.495210945606231689e-02,5.258822068572044373e-02,6.143778562545776367e-02,6.966135650873184204e-02,7.791820168495178223e-02,8.550346642732620239e-02,9.212510287761688232e-02,9.755297005176544189e-02,1.008157208561897278e-01,1.034982204437255859e-01,1.044300571084022522e-01,1.035960838198661804e-01,1.007565855979919434e-01,9.697771072387695312e-02,9.213551878929138184e-02,8.571447432041168213e-02,7.862043380737304688e-02,7.155474275350570679e-02,6.465364247560501099e-02,5.669188871979713440e-02,4.907997697591781616e-02,4.104928299784660339e-02,3.336564823985099792e-02,2.485026977956295013e-02,1.718186773359775543e-02,8.937593549489974976e-03,1.516275922767817974e-03,-7.247425150126218796e-03,-1.560247782617807388e-02,-2.504370361566543579e-02,-3.395028039813041687e-02,-4.588474333286285400e-02,-5.594824627041816711e-02,-6.751047074794769287e-02,-7.801892608404159546e-02,-8.740285038948059082e-02,-9.590333700180053711e-02,-1.021595299243927002e-01,-1.099199652671813965e-01,-1.152462288737297058e-01,-1.182706952095031738e-01,-1.199548318982124329e-01,-1.211399585008621216e-01,-1.199586614966392517e-01,-1.160843074321746826e-01,-1.116394698619842529e-01,-1.030325070023536682e-01,-9.561721235513687134e-02,-8.455631136894226074e-02,-7.547555863857269287e-02,-6.315749138593673706e-02,-5.280483514070510864e-02,-4.232158511877059937e-02,-3.248674795031547546e-02,-2.097167819738388062e-02,-1.142806839197874069e-02,-1.558657386340200901e-03
4.120045341551303864e-03,5.603926256299018860e-03,1.142424345016479492e-02,1.712366938591003418e-02,2.367246709764003754e-02,3.167714178562164307e-02,3.888077288866043091e-02,4.729541763663291931e-02,5.523395910859107971e-02,6.452487409114837646e-02,7.337000966072082520e-02,8.283454179763793945e-02,8.996638655662536621e-02,9.785275161266326904e-02,1.042575910687446594e-01,1.077626124024391174e-01,1.100149303674697876e-01,1.113825961947441101e-01,1.109344363212585449e-01,1.079034283757209778e-01,1.039230003952980042e-01,9.882161021232604980e-02,9.279967844486236572e-02,8.524386584758758545e-02,7.719913125038146973e-02,6.977611035108566284e-02,6.191908568143844604e-02,5.396298319101333618e-02,4.552992433309555054e-02,3.729242458939552307e-02,2.827233634889125824e-02,1.973621547222137451e-02,1.076994091272354126e-02,3.137432271614670753e-03,-6.622117478400468826e-03,-1.561190932989120483e-02,-2.595886215567588806e-02,-3.505320474505424500e-02,-4.764081910252571106e-02,-5.922578275203704834e-02,-7.243379205465316772e-02,-8.237669616937637329e-02,-9.431314468383789062e-02,-1.020869016647338867e-01,-1.122466698288917542e-01,-1.174580305814743042e-01,-1.237689331173896790e-01,-1.266132891178131104e-01,-1.300592273473739624e-01,-1.289813220500946045e-01,-1.281515359878540039e-01,-1.238995566964149475e-01,-1.202701032161712646e-01,-1.121773272752761841e-01,-1.037161648273468018e-01,-9.347735345363616943e-02,-8.249014616012573242e-02,-7.057234644889831543e-02,-5.853658169507980347e-02,-4.664768651127815247e-02,-3.399826958775520325e-02,-2.201322093605995178e-02,-1.138817891478538513e-02,-3.545799409039318562e-04
2.963375998660922050e-03,5.409703124314546585e-03,1.111528836190700531e-02,1.669203303754329681e-02,2.329191751778125763e-02,3.183291107416152954e-02,3.869690746068954468e-02,4.776674881577491760e-02,5.690743029117584229e-02,6.618171930313110352e-02,7.558020204305648804e-02,8.534058928489685059e-02,9.377961605787277222e-02,1.012414619326591492e-01,1.079426631331443787e-01,1.125094518065452576e-01,1.157915741205215454e-01,1.164973229169845581e-01,1.157364621758460999e-01,1.143464520573616028e-01,1.105542629957199097e-01,1.050664559006690979e-01,9.812182933092117310e-02,9.138878434896469116e-02,8.353198319673538208e-02,7.548503577709197998e-02,6.688590347766876221e-02,5.890566483139991760e-02,5.034861341118812561e-02,4.116938263177871704e-02,3.163985162973403931e-02,2.292848005890846252e-02,1.378799322992563248e-02,5.144894123077392578e-03,-4.974180832505226135e-03,-1.456787530332803726e-02,-2.551420219242572784e-02,-3.609821200370788574e-02,-4.964898899197578430e-02,-6.253904849290847778e-02,-7.538864761590957642e-02,-8.757260441780090332e-02,-9.923578053712844849e-02,-1.089130789041519165e-01,-1.172723844647407532e-01,-1.258823722600936890e-01,-1.326089501380920410e-01,-1.364025920629501343e-01,-1.382977217435836792e-01,-1.390744298696517944e-01,-1.371937394142150879e-01,-1.343083381652832031e-01,-1.291141510009765625e-01,-1.207271814346313477e-01,-1.118734329938888550e-01,-1.004525497555732727e-01,-8.831343054771423340e-02,-7.520800083875656128e-02,-6.260358542203903198e-02,-4.975866526365280151e-02,-3.705870732665061951e-02,-2.405815757811069489e-02,-1.254055462777614594e-02,-6.946834619157016277e-04
3.359363647177815437e-03,5.052572581917047501e-03,1.167757902294397354e-02,1.686986908316612244e-02,2.399805560708045959e-02,3.176924958825111389e-02,3.994050621986389160e-02,4.900305345654487610e-02,5.776278674602508545e-02,6.734641641378402710e-02,7.745386660099029541e-02,8.700832724571228027e-02,9.577591717243194580e-02,1.037733256816864014e-01,1.109836548566818237e-01,1.155850365757942200e-01,1.194268316030502319e-01,1.209063380956649780e-01,1.207937225699424744e-01,1.186655908823013306e-01,1.149622797966003418e-01,1.097709015011787415e-01,1.024784594774246216e-01,9.605912119150161743e-02,8.788756281137466431e-02,7.971570640802383423e-02,7.065980881452560425e-02,6.276529282331466675e-02,5.370081588625907898e-02,4.477640241384506226e-02,3.433711826801300049e-02,2.586558274924755096e-02,1.619580574333667755e-02,6.629928480833768845e-03,-4.578465130180120468e-03,-1.409060880541801453e-02,-2.563298121094703674e-02,-3.656322509050369263e-02,-5.106804147362709045e-02,-6.428417563438415527e-02,-7.962544262409210205e-02,-9.064622223377227783e-02,-1.050507277250289917e-01,-1.138250604271888733e-01,-1.248852610588073730e-01,-1.313513070344924927e-01,-1.389278918504714966e-01,-1.425520330667495728e-01,-1.461004614830017090e-01,-1.444012075662612915e-01,-1.436472237110137939e-01,-1.397731155157089233e-01,-1.359950304031372070e-01,-1.269074380397796631e-01,-1.182110607624053955e-01,-1.071278154850006104e-01,-9.463879466056823730e-02,-8.098218590021133423e-02,-6.660874933004379272e-02,-5.370872467756271362e-02,-3.935056179761886597e-02,-2.524443157017230988e-02,-1.260572113096714020e-02,6.796811940148472786e-04
2.979802433401346207e-03,4.959025420248508453e-03,1.119722705334424973e-02,1.608206331729888916e-02,2.284361608326435089e-02,3.133659064769744873e-02,3.847885504364967346e-02,4.838778078556060791e-02,5.727384984493255615e-02,6.769683957099914551e-02,7.772038877010345459e-02,8.801636844873428345e-02,9.707506746053695679e-02,1.056229695677757263e-01,1.136173307895660400e-01,1.179335042834281921e-01,1.223400011658668518e-01,1.241343617439270020e-01,1.245660260319709778e-01,1.223513185977935791e-01,1.191023141145706177e-01,1.141623631119728088e-01,1.073421463370323181e-01,1.004529744386672974e-01,9.213558584451675415e-02,8.464007824659347534e-02,7.520987838506698608e-02,6.677555292844772339e-02,5.751619115471839905e-02,4.834521189332008362e-02,3.824014216661453247e-02,2.856653183698654175e-02,1.854753866791725159e-02,8.551812730729579926e-03,-2.377874450758099556e-03,-1.345776207745075226e-02,-2.505117096006870270e-02,-3.742213174700737000e-02,-5.206212028861045837e-02,-6.625977158546447754e-02,-8.090503513813018799e-02,-9.570566564798355103e-02,-1.076417565345764160e-01,-1.188028007745742798e-01,-1.276628673076629639e-01,-1.376105397939682007e-01,-1.450189799070358276e-01,-1.495485007762908936e-01,-1.511929482221603394e-01,-1.522677689790725708e-01,-1.502902209758758545e-01,-1.472030133008956909e-01,-1.418251693248748779e-01,-1.339875012636184692e-01,-1.252789646387100220e-01,-1.135837361216545105e-01,-1.006484776735305786e-01,-8.468405157327651978e-02,-7.050777226686477661e-02,-5.665257945656776428e-02,-4.275919869542121887e-02,-2.741701900959014893e-02,-1.396987680345773697e-02,-5.147014744579792023e-04
4.393798299133777618e-03,5.117991939187049866e-03,1.120992284268140793e-02,1.628112234175205231e-02,2.336910553276538849e-02,3.146591782569885254e-02,3.929378837347030640e-02,4.813896119594573975e-02,5.765045434236526489e-02,6.815923750400543213e-02,7.773635536432266235e-02,8.893942087888717651e-02,9.805529564619064331e-02,1.078509837388992310e-01,1.150442808866500854e-01,1.207036301493644714e-01,1.242925152182579041e-01,1.273874938488006592e-01,1.274007409811019897e-01,1.256649345159530640e-01,1.215772628784179688e-01,1.169739663600921631e-01,1.102913394570350647e-01,1.032365113496780396e-01,9.445633739233016968e-02,8.689777553081512451e-02,7.763936370611190796e-02,6.932677328586578369e-02,5.964869633316993713e-02,5.079673603177070618e-02,4.005052149295806885e-02,3.043624572455883026e-02,1.984001882374286652e-02,1.024893205612897873e-02,-1.523997867479920387e-03,-1.283037103712558746e-02,-2.522804774343967438e-02,-3.686995804309844971e-02,-5.214203521609306335e-02,-6.629282236099243164e-02,-8.280348777770996094e-02,-9.575908631086349487e-02,-1.107109263539314270e-01,-1.201373711228370667e-01,-1.334607750177383423e-01,-1.408908218145370483e-01,-1.492599993944168091e-01,-1.529591828584671021e-01,-1.573703736066818237e-01,-1.550784856081008911e-01,-1.542941927909851074e-01,-1.493334621191024780e-01,-1.457979530096054077e-01,-1.368404179811477661e-01,-1.290847957134246826e-01,-1.165789738297462463e-01,-1.037791147828102112e-01,-8.942417055368423462e-02,-7.414801418781280518e-02,-5.970706045627593994e-02,-4.432503134012222290e-02,-2.850549854338169098e-02,-1.513411384075880051e-02,1.033766078762710094e-03
3.431010292842984200e-03,5.748690571635961533e-03,1.117420848459005356e-02,1.588946767151355743e-02,2.300417423248291016e-02,3.084765560925006866e-02,3.785222396254539490e-02,4.727305471897125244e-02,5.696460232138633728e-02,6.744244694709777832e-02,7.747055590152740479e-02,8.881377428770065308e-02,9.890827536582946777e-02,1.073934212327003479e-01,1.152686327695846558e-01,1.208870783448219299e-01,1.256398111581802368e-01,1.272820979356765747e-01,1.281910240650177002e-01,1.270926892757415771e-01,1.238853186368942261e-01,1.183224990963935852e-01,1.120335310697555542e-01,1.057048961520195007e-01,9.726636856794357300e-02,8.923210948705673218e-02,8.003238588571548462e-02,7.192577421665191650e-02,6.273190677165985107e-02,5.265957117080688477e-02,4.210943356156349182e-02,3.250895813107490540e-02,2.205671183764934540e-02,1.124412566423416138e-02,1.867591709014959633e-05,-1.144643872976303101e-02,-2.421109564602375031e-02,-3.728402033448219299e-02,-5.212998390197753906e-02,-6.767711788415908813e-02,-8.290033042430877686e-02,-9.774838387966156006e-02,-1.109894886612892151e-01,-1.224418506026268005e-01,-1.324954628944396973e-01,-1.431421339511871338e-01,-1.507331281900405884e-01,-1.562319546937942505e-01,-1.588475108146667480e-01,-1.592676043510437012e-01,-1.572097241878509521e-01,-1.544013619422912598e-01,-1.489782035350799561e-01,-1.413569599390029907e-01,-1.315782666206359863e-01,-1.202042028307914734e-01,-1.066291928291320801e-01,-9.154466539621353149e-02,-7.596669346094131470e-02,-6.128539517521858215e-02,-4.587615281343460083e-02,-2.958067692816257477e-02,-1.547959074378013611e-02,-4.169366729911416769e-05
3.822995116934180260e-03,5.061112344264984131e-03,1.114687602967023849e-02,1.559368334710597992e-02,2.276408113539218903e-02,2.966817840933799744e-02,3.794702515006065369e-02,4.683874174952507019e-02,5.593981593847274780e-02,6.551380455493927002e-02,7.636282593011856079e-02,8.704540878534317017e-02,9.683324396610260010e-02,1.053674295544624329e-01,1.140032634139060974e-01,1.198362186551094055e-01,1.243328750133514404e-01,1.273880153894424438e-01,1.282425522804260254e-01,1.270938962697982788e-01,1.235789209604263306e-01,1.187866702675819397e-01,1.122832670807838440e-01,1.060402318835258484e-01,9.771742671728134155e-02,8.994440734386444092e-02,8.063369244337081909e-02,7.303626835346221924e-02,6.324604898691177368e-02,5.383379757404327393e-02,4.309434071183204651e-02,3.397127985954284668e-02,2.295172773301601410e-02,1.240256801247596741e-02,3.858710406348109245e-04,-1.076145563274621964e-02,-2.346497401595115662e-02,-3.597437590360641479e-02,-5.196383967995643616e-02,-6.623719632625579834e-02,-8.342912793159484863e-02,-9.578586369752883911e-02,-1.121737584471702576e-01,-1.219588220119476318e-01,-1.354890018701553345e-01,-1.437981277704238892e-01,-1.530104577541351318e-01,-1.569300889968872070e-01,-1.620490103960037231e-01,-1.599878966808319092e-01,-1.594131141901016235e-01,-1.542404145002365112e-01,-1.508204638957977295e-01,-1.420110017061233521e-01,-1.331696957349777222e-01,-1.205893233418464661e-01,-1.077304631471633911e-01,-9.247756004333496094e-02,-7.680539041757583618e-02,-6.271418184041976929e-02,-4.669629037380218506e-02,-3.009333275258541107e-02,-1.577462255954742432e-02,1.481956453062593937e-03
3.013798967003822327e-03,4.341950174421072006e-03,9.892641566693782806e-03,1.379682309925556183e-02,2.073363773524761200e-02,2.784367650747299194e-02,3.491508588194847107e-02,4.427086561918258667e-02,5.311851948499679565e-02,6.351318955421447754e-02,7.389631867408752441e-02,8.486206829547882080e-02,9.456756711006164551e-02,1.036114990711212158e-01,1.116341054439544678e-01,1.173424646258354187e-01,1.227348744869232178e-01,1.253035068511962891e-01,1.266418844461441040e-01,1.250019669532775879e-01,1.225170493125915527e-01,1.176840737462043762e-01,1.118438765406608582e-01,1.052638515830039978e-01,9.766002744436264038e-02,9.057459980249404907e-02,8.116160333156585693e-02,7.311782240867614746e-02,6.372271478176116943e-02,5.518373847007751465e-02,4.386977478861808777e-02,3.451603651046752930e-02,2.381260879337787628e-02,1.358629204332828522e-02,1.460470841266214848e-03,-1.012847572565078735e-02,-2.216407284140586853e-02,-3.558826074004173279e-02,-5.045099556446075439e-02,-6.603562831878662109e-02,-8.133277297019958496e-02,-9.697816520929336548e-02,-1.095819398760795593e-01,-1.223213151097297668e-01,-1.324622333049774170e-01,-1.434518396854400635e-01,-1.504915058612823486e-01,-1.570396423339843750e-01,-1.589514911174774170e-01,-1.614236533641815186e-01,-1.582787036895751953e-01,-1.566762924194335938e-01,-1.502953916788101196e-01,-1.433260291814804077e-01,-1.338957399129867554e-01,-1.221161037683486938e-01,-1.086497381329536438e-01,-9.325715154409408569e-02,-7.781553268432617188e-02,-6.286346912384033203e-02,-4.750776290893554688e-02,-3.094368427991867065e-02,-1.606176793575286865e-02,-1.417021558154374361e-04
4.361493978649377823e-03,4.194186069071292877e-03,9.712180122733116150e-03,1.363087072968482971e-02,1.979818940162658691e-02,2.681360580027103424e-02,3.405347466468811035e-02,4.227083921432495117e-02,5.135852843523025513e-02,6.144008040428161621e-02,7.118049263954162598e-02,8.192322403192520142e-02,9.101050347089767456e-02,1.012697070837020874e-01,1.084961667656898499e-01,1.151237264275550842e-01,1.192418113350868225e-01,1.234751045703887939e-01,1.240322962403297424e-01,1.232242211699485779e-01,1.198750138282775879e-01,1.161548793315887451e-01,1.101448833942413330e-01,1.038297563791275024e-01,9.610008448362350464e-02,8.887660503387451172e-02,8.043730258941650391e-02,7.272873073816299438e-02,6.338980793952941895e-02,5.514786019921302795e-02,4.439371079206466675e-02,3.484747558832168579e-02,2.453754097223281860e-02,1.433467399328947067e-02,2.553129103034734726e-03,-8.979897014796733856e-03,-2.112125046551227570e-02,-3.323344886302947998e-02,-4.917462542653083801e-02,-6.386395543813705444e-02,-8.012533932924270630e-02,-9.322869032621383667e-02,-1.090156883001327515e-01,-1.193923428654670715e-01,-1.325577050447463989e-01,-1.400225758552551270e-01,-1.492978036403656006e-01,-1.541958153247833252e-01,-1.593702435493469238e-01,-1.583438813686370850e-01,-1.584398895502090454e-01,-1.539014428853988647e-01,-1.499096751213073730e-01,-1.412061899900436401e-01,-1.329555809497833252e-01,-1.208538040518760681e-01,-1.084869354963302612e-01,-9.397557377815246582e-02,-7.797371596097946167e-02,-6.304246187210083008e-02,-4.758112132549285889e-02,-3.138832002878189087e-02,-1.728640869259834290e-02,1.191461109556257725e-03
3.564255777746438980e-03,4.693885333836078644e-03,8.827157318592071533e-03,1.254969369620084763e-02,1.907212659716606140e-02,2.550945058465003967e-02,3.148134797811508179e-02,4.007991403341293335e-02,4.897583648562431335e-02,5.863972380757331848e-02,6.842751055955886841e-02,7.950911670923233032e-02,8.884558826684951782e-02,9.735427796840667725e-02,1.054354906082153320e-01,1.116450801491737366e-01,1.165823489427566528e-01,1.190582588315010071e-01,1.208638772368431091e-01,1.198817417025566101e-01,1.175414696335792542e-01,1.130450144410133362e-01,1.080145835876464844e-01,1.016304641962051392e-01,9.480597823858261108e-02,8.740375190973281860e-02,7.951728999614715576e-02,7.151063531637191772e-02,6.257425248622894287e-02,5.413292720913887024e-02,4.382941126823425293e-02,3.468916937708854675e-02,2.469083853065967560e-02,1.523495744913816452e-02,3.892998211085796356e-03,-7.627735380083322525e-03,-1.944527588784694672e-02,-3.246258571743965149e-02,-4.643445834517478943e-02,-6.191223114728927612e-02,-7.633136957883834839e-02,-9.042891860008239746e-02,-1.043775081634521484e-01,-1.172367855906486511e-01,-1.262770444154739380e-01,-1.375247389078140259e-01,-1.451989859342575073e-01,-1.518140584230422974e-01,-1.538646519184112549e-01,-1.568877249956130981e-01,-1.548926830291748047e-01,-1.533408463001251221e-01,-1.466613113880157471e-01,-1.404827684164047241e-01,-1.301468759775161743e-01,-1.200560629367828369e-01,-1.060107797384262085e-01,-9.227304160594940186e-02,-7.671304047107696533e-02,-6.209456920623779297e-02,-4.580656811594963074e-02,-3.049170598387718201e-02,-1.616985164582729340e-02,-2.867906587198376656e-04
3.921751864254474640e-03,3.979807253926992416e-03,9.026351384818553925e-03,1.169887557625770569e-02,1.754464209079742432e-02,2.322103455662727356e-02,3.036023862659931183e-02,3.794180229306221008e-02,4.609964415431022644e-02,5.508644878864288330e-02,6.500945985317230225e-02,7.493179291486740112e-02,8.356363326311111450e-02,9.195935726165771484e-02,9.979701787233352661e-02,1.059758514165878296e-01,1.107051894068717957e-01,1.144252792000770569e-01,1.159074157476425171e-01,1.152572110295295715e-01,1.130219995975494385e-01,1.091664209961891174e-01,1.034735441207885742e-01,9.809336811304092407e-02,9.088243544101715088e-02,8.457371592521667480e-02,7.642469555139541626e-02,6.938030570745468140e-02,6.108339503407478333e-02,5.290937051177024841e-02,4.269867390394210815e-02,3.483433276414871216e-02,2.473984658718109131e-02,1.500868331640958786e-02,3.568675369024276733e-03,-6.883121095597743988e-03,-1.847158186137676239e-02,-2.975460700690746307e-02,-4.503613337874412537e-02,-5.858905240893363953e-02,-7.403624057769775391e-02,-8.599660545587539673e-02,-1.013311445713043213e-01,-1.121258363127708435e-01,-1.248697936534881592e-01,-1.330008506774902344e-01,-1.419823020696640015e-01,-1.456857472658157349e-01,-1.520832180976867676e-01,-1.518543511629104614e-01,-1.523307263851165771e-01,-1.480441093444824219e-01,-1.449175029993057251e-01,-1.361788213253021240e-01,-1.265200078487396240e-01,-1.154382452368736267e-01,-1.034082323312759399e-01,-8.992536365985870361e-02,-7.442880421876907349e-02,-6.061645224690437317e-02,-4.558399692177772522e-02,-2.961525879800319672e-02,-1.605193875730037689e-02,6.991268601268529892e-04
3.071079263463616371e-03,3.169385250657796860e-03,7.316858507692813873e-03,9.777776896953582764e-03,1.478278730064630508e-02,2.044727094471454620e-02,2.595294266939163208e-02,3.393235802650451660e-02,4.147375375032424927e-02,5.035271495580673218e-02,5.972740426659584045e-02,6.983491778373718262e-02,7.809783518314361572e-02,8.626406639814376831e-02,9.372083842754364014e-02,9.966234117746353149e-02,1.048529371619224548e-01,1.074396446347236633e-01,1.099812015891075134e-01,1.087971255183219910e-01,1.078057289123535156e-01,1.039453148841857910e-01,9.959411621093750000e-02,9.396222233772277832e-02,8.801075071096420288e-02,8.190792053937911987e-02,7.411184161901473999e-02,6.710586696863174438e-02,5.936262756586074829e-02,5.196954682469367981e-02,4.245258122682571411e-02,3.437624499201774597e-02,2.478506602346897125e-02,1.609301380813121796e-02,5.505159031599760056e-03,-5.158193875104188919e-03,-1.602100580930709839e-02,-2.793678827583789825e-02,-4.059921577572822571e-02,-5.489300936460494995e-02,-6.886197626590728760e-02,-8.171222358942031860e-02,-9.480966627597808838e-02,-1.074296906590461731e-01,-1.169225499033927917e-01,-1.282379031181335449e-01,-1.341269165277481079e-01,-1.417196094989776611e-01,-1.439351141452789307e-01,-1.475333124399185181e-01,-1.449715495109558105e-01,-1.447665244340896606e-01,-1.382528394460678101e-01,-1.327675282955169678e-01,-1.217217296361923218e-01,-1.130094453692436218e-01,-9.994278848171234131e-02,-8.683108538389205933e-02,-7.214868813753128052e-02,-5.840876698493957520e-02,-4.434476792812347412e-02,-2.922799810767173767e-02,-1.523766573518514633e-02,-5.439230590127408504e-04
4.097247030586004257e-03,2.671305555850267410e-03,6.215238943696022034e-03,8.278022520244121552e-03,1.268028095364570618e-02,1.792584732174873352e-02,2.341679297387599945e-02,2.982444688677787781e-02,3.724665567278862000e-02,4.608502611517906189e-02,5.399366840720176697e-02,6.354796886444091797e-02,7.154154032468795776e-02,8.002751320600509644e-02,8.605924248695373535e-02,9.292583912611007690e-02,9.674020111560821533e-02,1.014370620250701904e-01,1.023316308856010437e-01,1.028290838003158569e-01,1.005269214510917664e-01,9.834038466215133667e-02,9.364806860685348511e-02,8.918935060501098633e-02,8.304572850465774536e-02,7.755528390407562256e-02,7.030735164880752563e-02,6.440609693527221680e-02,5.686711519956588745e-02,5.019794031977653503e-02,4.122551530599594116e-02,3.357228636741638184e-02,2.482006698846817017e-02,1.619717106223106384e-02,5.946769379079341888e-03,-3.713392419740557671e-03,-1.408362016081809998e-02,-2.397659793496131897e-02,-3.751397877931594849e-02,-4.999834671616554260e-02,-6.431761384010314941e-02,-7.601594179868698120e-02,-8.913020044565200806e-02,-1.001525074243545532e-01,-1.125961765646934509e-01,-1.198217421770095825e-01,-1.286269128322601318e-01,-1.326542645692825317e-01,-1.389315873384475708e-01,-1.386242806911468506e-01,-1.401227563619613647e-01,-1.363220661878585815e-01,-1.325916796922683716e-01,-1.249904632568359375e-01,-1.168216764926910400e-01,-1.071153879165649414e-01,-9.600888937711715698e-02,-8.420806378126144409e-02,-6.957699358463287354e-02,-5.678933486342430115e-02,-4.289926216006278992e-02,-2.847298979759216309e-02,-1.591144688427448273e-02,7.010751287452876568e-04
3.211873117834329605e-03,2.713530790060758591e-03,4.872632212936878204e-03,6.488567683845758438e-03,1.053041033446788788e-02,1.488827262073755264e-02,1.891439221799373627e-02,2.505121193826198578e-02,3.186880424618721008e-02,4.010035097599029541e-02,4.769222065806388855e-02,5.700297281146049500e-02,6.468382477760314941e-02,7.149416953325271606e-02,7.808612287044525146e-02,8.403961360454559326e-02,8.874765038490295410e-02,9.198697656393051147e-02,9.449693560600280762e-02,9.438966214656829834e-02,9.391359984874725342e-02,9.063909947872161865e-02,8.767636865377426147e-02,8.318748325109481812e-02,7.866819202899932861e-02,7.329770922660827637e-02,6.734327971935272217e-02,6.140536814928054810e-02,5.492569878697395325e-02,4.797237366437911987e-02,4.008426889777183533e-02,3.294541314244270325e-02,2.482101507484912872e-02,1.705513708293437958e-02,8.010323159396648407e-03,-9.021766600199043751e-04,-1.050574798136949539e-02,-2.086706273257732391e-02,-3.221059963107109070e-02,-4.474937543272972107e-02,-5.744374915957450867e-02,-6.894687563180923462e-02,-8.168320357799530029e-02,-9.299594163894653320e-02,-1.028175652027130127e-01,-1.121346056461334229e-01,-1.192361414432525635e-01,-1.256225854158401489e-01,-1.292481720447540283e-01,-1.317282319068908691e-01,-1.312836706638336182e-01,-1.296389102935791016e-01,-1.238509491086006165e-01,-1.185661256313323975e-01,-1.094975620508193970e-01,-1.019911020994186401e-01,-9.003152698278427124e-02,-7.890731096267700195e-02,-6.584241986274719238e-02,-5.360934883356094360e-02,-4.001220315694808960e-02,-2.649618685245513916e-02,-1.425067242234945297e-02,-5.948302568867802620e-04
3.814494237303733826e-03,2.137701492756605148e-03,4.164852667599916458e-03,4.390702582895755768e-03,7.614961359649896622e-03,1.107215601950883865e-02,1.535955537110567093e-02,2.041680365800857544e-02,2.619373984634876251e-02,3.296174108982086182e-02,4.043038561940193176e-02,4.865761473774909973e-02,5.480655655264854431e-02,6.160002574324607849e-02,6.784624606370925903e-02,7.367657124996185303e-02,7.756454497575759888e-02,8.194526284933090210e-02,8.418961614370346069e-02,8.490715175867080688e-02,8.391170203685760498e-02,8.231569826602935791e-02,7.970663160085678101e-02,7.629897445440292358e-02,7.148832082748413086e-02,6.769253313541412354e-02,6.219340115785598755e-02,5.747370794415473938e-02,5.131622031331062317e-02,4.535796120762825012e-02,3.823315724730491638e-02,3.237134218215942383e-02,2.445568703114986420e-02,1.700120605528354645e-02,8.735029026865959167e-03,6.699170917272567749e-04,-8.454822003841400146e-03,-1.723434217274188995e-02,-2.868784777820110321e-02,-3.888666629791259766e-02,-5.215984955430030823e-02,-6.153957173228263855e-02,-7.375515997409820557e-02,-8.419159054756164551e-02,-9.526249766349792480e-02,-1.031629592180252075e-01,-1.114472448825836182e-01,-1.152850240468978882e-01,-1.215043365955352783e-01,-1.215918958187103271e-01,-1.224788501858711243e-01,-1.187102496623992920e-01,-1.159940212965011597e-01,-1.103337854146957397e-01,-1.020609512925148010e-01,-9.421999007463455200e-02,-8.436250686645507812e-02,-7.400692999362945557e-02,-6.165152788162231445e-02,-5.034066364169120789e-02,-3.775569051504135132e-02,-2.493706159293651581e-02,-1.350548490881919861e-02,3.910203522536903620e-04
2.672733971849083900e-03,7.612206391058862209e-04,2.081671962514519691e-03,2.106766449287533760e-03,4.111633170396089554e-03,6.832622457295656204e-03,1.002002973109483719e-02,1.443095598369836807e-02,1.932728290557861328e-02,2.560336701571941376e-02,3.201190382242202759e-02,3.899671509861946106e-02,4.559104517102241516e-02,5.139307677745819092e-02,5.705101042985916138e-02,6.199947372078895569e-02,6.722041219472885132e-02,7.041283696889877319e-02,7.389971613883972168e-02,7.388456165790557861e-02,7.475934177637100220e-02,7.314939051866531372e-02,7.159375399351119995e-02,6.849331408739089966e-02,6.555921584367752075e-02,6.209703907370567322e-02,5.738325789570808411e-02,5.321187525987625122e-02,4.775308445096015930e-02,4.326344653964042664e-02,3.645540773868560791e-02,3.133773431181907654e-02,2.420706488192081451e-02,1.850301958620548248e-02,1.048270147293806076e-02,3.293653018772602081e-03,-4.923002328723669052e-03,-1.324114482849836349e-02,-2.243855036795139313e-02,-3.252936154603958130e-02,-4.361095279455184937e-02,-5.377145111560821533e-02,-6.440065801143646240e-02,-7.382693886756896973e-02,-8.354941010475158691e-02,-9.237358719110488892e-02,-9.806755185127258301e-02,-1.043300256133079529e-01,-1.079145148396492004e-01,-1.112736314535140991e-01,-1.098936274647712708e-01,-1.096220389008522034e-01,-1.051980927586555481e-01,-1.019433885812759399e-01,-9.437675029039382935e-02,-8.773826807737350464e-02,-7.781977206468582153e-02,-6.814947724342346191e-02,-5.708709731698036194e-02,-4.656916484236717224e-02,-3.537648171186447144e-02,-2.336851507425308228e-02,-1.199857797473669052e-02,-4.129064618609845638e-04
3.278206568211317062e-03,-9.196549217449501157e-05,1.465813838876783848e-04,-7.439010660164058208e-04,-5.708054231945425272e-05,2.335421275347471237e-03,4.730722401291131973e-03,7.878010161221027374e-03,1.219535898417234421e-02,1.784507185220718384e-02,2.247450128197669983e-02,2.889392338693141937e-02,3.442160785198211670e-02,4.064359143376350403e-02,4.519394040107727051e-02,5.061740428209304810e-02,5.438308790326118469e-02,5.908280983567237854e-02,6.126561015844345093e-02,6.311582028865814209e-02,6.345488131046295166e-02,6.381072103977203369e-02,6.239031255245208740e-02,6.112116575241088867e-02,5.830160155892372131e-02,5.600500106811523438e-02,5.240224674344062805e-02,4.926791414618492126e-02,4.481705650687217712e-02,4.116213694214820862e-02,3.584409505128860474e-02,3.094157762825489044e-02,2.548048272728919983e-02,1.968799717724323273e-02,1.317617297172546387e-02,6.434477865695953369e-03,-6.645771791227161884e-04,-7.751756347715854645e-03,-1.723733544349670410e-02,-2.547126449644565582e-02,-3.596894815564155579e-02,-4.460282251238822937e-02,-5.539907515048980713e-02,-6.344500929117202759e-02,-7.357452809810638428e-02,-8.016768842935562134e-02,-8.769649267196655273e-02,-9.233418852090835571e-02,-9.716221690177917480e-02,-9.846422821283340454e-02,-9.994856268167495728e-02,-9.841135889291763306e-02,-9.608468413352966309e-02,-9.261393547058105469e-02,-8.719742298126220703e-02,-8.141163736581802368e-02,-7.282742857933044434e-02,-6.421051174402236938e-02,-5.359921604394912720e-02,-4.442984983325004578e-02,-3.366422280669212341e-02,-2.255816012620925903e-02,-1.273164898157119751e-02,6.876645784359425306e-05
2.743419725447893143e-03,-5.902895354665815830e-04,-1.945157768204808235e-03,-3.549962537363171577e-03,-3.049514256417751312e-03,-2.095882548019289970e-03,-1.361990463919937611e-03,1.571824657730758190e-03,4.242415074259042740e-03,8.697699755430221558e-03,1.278237346559762955e-02,1.865068078041076660e-02,2.332326956093311310e-02,2.848018705844879150e-02,3.368029370903968811e-02,3.804723545908927917e-02,4.235187545418739319e-02,4.618460312485694885e-02,4.991583526134490967e-02,5.191069468855857849e-02,5.355213582515716553e-02,5.388353019952774048e-02,5.433208495378494263e-02,5.319358035922050476e-02,5.190879851579666138e-02,5.024511739611625671e-02,4.786798730492591858e-02,4.530885443091392517e-02,4.166471585631370544e-02,3.876385837793350220e-02,3.441715240478515625e-02,3.068505972623825073e-02,2.600513398647308350e-02,2.193267084658145905e-02,1.608319953083992004e-02,1.032035425305366516e-02,3.748120041564106941e-03,-2.728627994656562805e-03,-1.015937607735395432e-02,-1.823055744171142578e-02,-2.661984972655773163e-02,-3.502267226576805115e-02,-4.449040815234184265e-02,-5.329546332359313965e-02,-6.141987070441246033e-02,-6.904496252536773682e-02,-7.531546056270599365e-02,-8.076433092355728149e-02,-8.382618427276611328e-02,-8.737266808748245239e-02,-8.836382627487182617e-02,-8.856783062219619751e-02,-8.533004671335220337e-02,-8.360154926776885986e-02,-7.908834517002105713e-02,-7.373590767383575439e-02,-6.583467125892639160e-02,-5.801975354552268982e-02,-4.930274188518524170e-02,-4.086025804281234741e-02,-3.022291883826255798e-02,-2.041804045438766479e-02,-1.122493855655193329e-02,-3.994065627921372652e-04
3.568076062947511673e-03,-1.047723460942506790e-03,-2.858721185475587845e-03,-6.434648297727108002e-03,-7.630125153809785843e-03,-7.605232764035463333e-03,-7.242436986416578293e-03,-6.325256545096635818e-03,-4.123492166399955750e-03,-3.990153199993073940e-04,3.155154641717672348e-03,7.242653984576463699e-03,1.119481865316629410e-02,1.615557819604873657e-02,2.063991501927375793e-02,2.506559342145919800e-02,2.895763702690601349e-02,3.355909511446952820e-02,3.723742067813873291e-02,3.969161957502365112e-02,4.196977242827415466e-02,4.386614635586738586e-02,4.471538960933685303e-02,4.506491497159004211e-02,4.412024840712547302e-02,4.403690993785858154e-02,4.261888936161994934e-02,4.140082374215126038e-02,3.888842463493347168e-02,3.704096749424934387e-02,3.370985761284828186e-02,3.142019361257553101e-02,2.721422351896762848e-02,2.324078604578971863e-02,1.831652782857418060e-02,1.386554352939128876e-02,8.181788027286529541e-03,2.820563502609729767e-03,-4.492192063480615616e-03,-1.066887192428112030e-02,-1.899597235023975372e-02,-2.546278387308120728e-02,-3.489009290933609009e-02,-4.139130562543869019e-02,-5.052721127867698669e-02,-5.618599429726600647e-02,-6.336994469165802002e-02,-6.758169084787368774e-02,-7.314973324537277222e-02,-7.495227456092834473e-02,-7.671110332012176514e-02,-7.646530121564865112e-02,-7.648573815822601318e-02,-7.414356619119644165e-02,-7.019338756799697876e-02,-6.566300243139266968e-02,-5.992478132247924805e-02,-5.312260985374450684e-02,-4.483917728066444397e-02,-3.755088523030281067e-02,-2.801514044404029846e-02,-1.843948476016521454e-02,-1.074921898543834686e-02,6.807097088312730193e-05
2.605767222121357918e-03,-2.800553105771541595e-03,-5.741944536566734314e-03,-9.377547539770603180e-03,-1.249680109322071075e-02,-1.301074959337711334e-02,-1.468878518790006638e-02,-1.320756692439317703e-02,-1.339670456945896149e-02,-1.033250056207180023e-02,-8.378024213016033173e-03,-4.407706670463085175e-03,-1.730429357849061489e-03,2.780078211799263954e-03,6.441058125346899033e-03,1.107287406921386719e-02,1.510709431022405624e-02,1.961810141801834106e-02,2.324710972607135773e-02,2.690629102289676666e-02,3.016462735831737518e-02,3.265167027711868286e-02,3.466351330280303955e-02,3.607799857854843140e-02,3.709451854228973389e-02,3.749912604689598083e-02,3.713075444102287292e-02,3.708453476428985596e-02,3.581125661730766296e-02,3.528985381126403809e-02,3.264478966593742371e-02,3.151711449027061462e-02,2.837571687996387482e-02,2.591293118894100189e-02,2.152854949235916138e-02,1.814747415482997894e-02,1.339241862297058105e-02,8.630458265542984009e-03,2.865800168365240097e-03,-2.697339747101068497e-03,-9.338027797639369965e-03,-1.581655628979206085e-02,-2.254433929920196533e-02,-2.969655953347682953e-02,-3.680596128106117249e-02,-4.440011084079742432e-02,-4.917782172560691833e-02,-5.488272756338119507e-02,-5.928483977913856506e-02,-6.315267831087112427e-02,-6.405173242092132568e-02,-6.544725596904754639e-02,-6.535140424966812134e-02,-6.470638513565063477e-02,-6.150249391794204712e-02,-5.766787007451057434e-02,-5.279289186000823975e-02,-4.698083922266960144e-02,-3.979736939072608948e-02,-3.372767195105552673e-02,-2.555296011269092560e-02,-1.685840450227260590e-02,-8.965531364083290100e-03,-4.787622601725161076e-04
2.823546994477510452e-03,-4.301274195313453674e-03,-8.309011347591876984e-03,-1.350673008710145950e-02,-1.750167459249496460e-02,-1.940343715250492096e-02,-2.204574085772037506e-02,-2.330236881971359253e-02,-2.331830002367496490e-02,-2.112665027379989624e-02,-2.021034434437751770e-02,-1.706710830330848694e-02,-1.400949060916900635e-02,-1.018510572612285614e-02,-7.079147733747959137e-03,-2.936979522928595543e-03,1.545489067211747169e-03,6.280629429966211319e-03,1.042842026799917221e-02,1.414133980870246887e-02,1.840631663799285889e-02,2.191739529371261597e-02,2.483221143484115601e-02,2.759472094476222992e-02,2.936528250575065613e-02,3.106660209596157074e-02,3.180246800184249878e-02,3.326180949807167053e-02,3.311469033360481262e-02,3.375787660479545593e-02,3.263331949710845947e-02,3.225413709878921509e-02,3.039294481277465820e-02,2.815194800496101379e-02,2.515654824674129486e-02,2.226438000798225403e-02,1.874939911067485809e-02,1.513479929417371750e-02,1.023682951927185059e-02,5.317805334925651550e-03,-5.361942457966506481e-04,-5.964247509837150574e-03,-1.292785722762346268e-02,-1.777569018304347992e-02,-2.543253824114799500e-02,-2.990028075873851776e-02,-3.692533820867538452e-02,-4.079427942633628845e-02,-4.740974307060241699e-02,-4.998374357819557190e-02,-5.344521254301071167e-02,-5.416702479124069214e-02,-5.565327405929565430e-02,-5.476117506623268127e-02,-5.373457446694374084e-02,-5.057764798402786255e-02,-4.716533049941062927e-02,-4.299852252006530762e-02,-3.606830909848213196e-02,-3.050684370100498199e-02,-2.371813543140888214e-02,-1.556419022381305695e-02,-9.234246797859668732e-03,1.994436461245641112e-04
2.361005172133445740e-03,-5.127188283950090408e-03,-1.105380058288574219e-02,-1.726501993834972382e-02,-2.236677147448062897e-02,-2.507836371660232544e-02,-3.014588914811611176e-02,-3.108516521751880646e-02,-3.384539112448692322e-02,-3.296173363924026489e-02,-3.365824744105339050e-02,-2.992384694516658783e-02,-2.861634269356727600e-02,-2.473311126232147217e-02,-2.170170843601226807e-02,-1.708949357271194458e-02,-1.295293308794498444e-02,-7.575819734483957291e-03,-3.421847941353917122e-03,1.912946463562548161e-03,6.056386046111583710e-03,1.106554549187421799e-02,1.479901373386383057e-02,1.868163794279098511e-02,2.182356826961040497e-02,2.500693127512931824e-02,2.735410444438457489e-02,2.945289015769958496e-02,3.125079721212387085e-02,3.219888731837272644e-02,3.252839297056198120e-02,3.259782120585441589e-02,3.226911276578903198e-02,3.126433491706848145e-02,2.933176234364509583e-02,2.700261026620864868e-02,2.472144365310668945e-02,2.159663103520870209e-02,1.779000461101531982e-02,1.359752565622329712e-02,9.321392513811588287e-03,4.510861355811357498e-03,-6.154090515337884426e-04,-6.096381228417158127e-03,-1.151104085147380829e-02,-1.743108034133911133e-02,-2.294139564037322998e-02,-2.860902063548564911e-02,-3.292225301265716553e-02,-3.746460378170013428e-02,-4.088343679904937744e-02,-4.330304265022277832e-02,-4.467986896634101868e-02,-4.484238848090171814e-02,-4.523191973567008972e-02,-4.321589693427085876e-02,-4.077412933111190796e-02,-3.645230084657669067e-02,-3.151794150471687317e-02,-2.729602344334125519e-02,-2.066480740904808044e-02,-1.362929493188858032e-02,-7.957167923450469971e-03,-2.528133627492934465e-04
3.241887083277106285e-03,-5.810815840959548950e-03,-1.240507513284683228e-02,-2.120943181216716766e-02,-2.755418792366981506e-02,-3.173881396651268005e-02,-3.691122680902481079e-02,-4.074963927268981934e-02,-4.371851682662963867e-02,-4.482446610927581787e-02,-4.549617320299148560e-02,-4.410026222467422485e-02,-4.286746308207511902e-02,-3.950669616460800171e-02,-3.663502261042594910e-02,-3.237958624958992004e-02,-2.810733951628208160e-02,-2.273066714406013489e-02,-1.723536103963851929e-02,-1.228683441877365112e-02,-5.999198183417320251e-03,-6.629452109336853027e-04,5.723529495298862457e-03,9.570063091814517975e-03,1.384595967829227448e-02,1.834049448370933533e-02,2.231282740831375122e-02,2.553608082234859467e-02,2.799690142273902893e-02,3.042039647698402405e-02,3.216348588466644287e-02,3.336529433727264404e-02,3.320199251174926758e-02,3.332423791289329529e-02,3.257101774215698242e-02,3.176357969641685486e-02,2.999505028128623962e-02,2.762645110487937927e-02,2.494366466999053955e-02,2.240341342985630035e-02,1.836956292390823364e-02,1.434293389320373535e-02,9.641076438128948212e-03,5.480598658323287964e-03,-2.299538573424797505e-05,-4.353424534201622009e-03,-1.030397135764360428e-02,-1.392604690045118332e-02,-2.061850950121879578e-02,-2.323171868920326233e-02,-2.883343957364559174e-02,-3.054979071021080017e-02,-3.492012247443199158e-02,-3.530815243721008301e-02,-3.634299710392951965e-02,-3.541995584964752197e-02,-3.438564762473106384e-02,-3.149246424436569214e-02,-2.757759019732475281e-02,-2.362145856022834778e-02,-1.823838986456394196e-02,-1.170487795025110245e-02,-7.235860917717218399e-03,5.282234051264822483e-04
2.450913889333605766e-03,-6.957053672522306442e-03,-1.489316765218973160e-02,-2.333761192858219147e-02,-3.150239586830139160e-02,-3.658465296030044556e-02,-4.377236217260360718e-02,-4.794291034340858459e-02,-5.249522253870964050e-02,-5.494546890258789062e-02,-5.721381679177284241e-02,-5.738706514239311218e-02,-5.709921941161155701e-02,-5.439120158553123474e-02,-5.254867300391197205e-02,-4.826145619153976440e-02,-4.355837777256965637e-02,-3.776067495346069336e-02,-3.172374889254570007e-02,-2.560805529356002808e-02,-1.923505403101444244e-02,-1.176166813820600510e-02,-6.086914800107479095e-03,4.186804580967873335e-04,5.647610407322645187e-03,1.150285359472036362e-02,1.614910550415515900e-02,2.101930417120456696e-02,2.475245855748653412e-02,2.863636985421180725e-02,3.091939538717269897e-02,3.375585004687309265e-02,3.456625342369079590e-02,3.589548915624618530e-02,3.589186817407608032e-02,3.592237457633018494e-02,3.523698821663856506e-02,3.432917594909667969e-02,3.199299424886703491e-02,3.076157532632350922e-02,2.773643471300601959e-02,2.493811026215553284e-02,2.097155898809432983e-02,1.735065504908561707e-02,1.325191650539636612e-02,8.652290329337120056e-03,3.896866459399461746e-03,-9.621834615245461464e-04,-5.799642298370599747e-03,-1.062562223523855209e-02,-1.463845185935497284e-02,-1.897893287241458893e-02,-2.245152369141578674e-02,-2.506670728325843811e-02,-2.687410265207290649e-02,-2.720369398593902588e-02,-2.685352601110935211e-02,-2.540959976613521576e-02,-2.247643098235130310e-02,-1.993473246693611145e-02,-1.545385178178548813e-02,-1.014249119907617569e-02,-5.682859569787979126e-03,3.645608085207641125e-04
2.025691559538245201e-03,-8.124999701976776123e-03,-1.693659834563732147e-02,-2.732930146157741547e-02,-3.626761585474014282e-02,-4.315249994397163391e-02,-5.056333541870117188e-02,-5.654637515544891357e-02,-6.168444827198982239e-02,-6.513144820928573608e-02,-6.857486814260482788e-02,-6.913477927446365356e-02,-7.043059170246124268e-02,-6.865475326776504517e-02,-6.693612784147262573e-02,-6.314935535192489624e-02,-5.888266861438751221e-02,-5.250570178031921387e-02,-4.596000164747238159e-02,-3.909046575427055359e-02,-3.193443268537521362e-02,-2.398318983614444733e-02,-1.540812011808156967e-02,-8.446433581411838531e-03,-1.423893845640122890e-03,5.027724429965019226e-03,1.168273575603961945e-02,1.705441996455192566e-02,2.192347869277000427e-02,2.700786478817462921e-02,3.093137778341770172e-02,3.426165133714675903e-02,3.622302785515785217e-02,3.849423304200172424e-02,3.978627175092697144e-02,4.055363312363624573e-02,4.058293998241424561e-02,4.122136160731315613e-02,4.035167396068572998e-02,3.954644873738288879e-02,3.759785741567611694e-02,3.527572378516197205e-02,3.241668269038200378e-02,2.925512567162513733e-02,2.525193616747856140e-02,2.173555456101894379e-02,1.684501208364963531e-02,1.247203908860683441e-02,6.508280057460069656e-03,2.474372973665595055e-03,-3.681618953123688698e-03,-7.019510958343744278e-03,-1.274211704730987549e-02,-1.531181298196315765e-02,-1.886298879981040955e-02,-2.013643831014633179e-02,-2.111250534653663635e-02,-2.118215709924697876e-02,-1.884775422513484955e-02,-1.721140556037425995e-02,-1.416833512485027313e-02,-8.934494107961654663e-03,-6.241935305297374725e-03,4.550450248643755913e-04
2.212959574535489082e-03,-9.040495380759239197e-03,-1.929907687008380890e-02,-3.043428435921669006e-02,-4.018555954098701477e-02,-4.814587906002998352e-02,-5.711114779114723206e-02,-6.336333602666854858e-02,-7.012486457824707031e-02,-7.537761330604553223e-02,-7.908077538013458252e-02,-8.082913607358932495e-02,-8.246874064207077026e-02,-8.199281245470046997e-02,-8.019883185625076294e-02,-7.706101983785629272e-02,-7.320128381252288818e-02,-6.630889326333999634e-02,-5.927522853016853333e-02,-5.127716436982154846e-02,-4.387640953063964844e-02,-3.518015518784523010e-02,-2.568692900240421295e-02,-1.783551648259162903e-02,-9.728574194014072418e-03,-1.974582672119140625e-03,5.412776954472064972e-03,1.227734889835119247e-02,1.834805309772491455e-02,2.451334521174430847e-02,2.925579622387886047e-02,3.380755335092544556e-02,3.751202672719955444e-02,4.080723971128463745e-02,4.275941848754882812e-02,4.435883834958076477e-02,4.591859877109527588e-02,4.712074249982833862e-02,4.715956002473831177e-02,4.724885895848274231e-02,4.703396931290626526e-02,4.553956538438796997e-02,4.367550462484359741e-02,4.091076552867889404e-02,3.782241418957710266e-02,3.427152335643768311e-02,2.982462383806705475e-02,2.498355321586132050e-02,1.993324048817157745e-02,1.437534857541322708e-02,9.230149909853935242e-03,3.670315258204936981e-03,-6.183498189784586430e-04,-5.327948369085788727e-03,-9.416368789970874786e-03,-1.216677669435739517e-02,-1.374936848878860474e-02,-1.453617680817842484e-02,-1.383852306753396988e-02,-1.383157726377248764e-02,-1.085884869098663330e-02,-7.079094182699918747e-03,-4.858842585235834122e-03,5.098505062051117420e-04
2.989652566611766815e-03,-9.379185736179351807e-03,-1.971136033535003662e-02,-3.279856219887733459e-02,-4.387398436665534973e-02,-5.304016545414924622e-02,-6.281374394893646240e-02,-7.095174491405487061e-02,-7.877873629331588745e-02,-8.343863487243652344e-02,-8.863066136837005615e-02,-9.087939560413360596e-02,-9.296369552612304688e-02,-9.216924756765365601e-02,-9.184330701828002930e-02,-8.919002115726470947e-02,-8.601596206426620483e-02,-7.906217128038406372e-02,-7.193575799465179443e-02,-6.411745399236679077e-02,-5.536808446049690247e-02,-4.557703062891960144e-02,-3.531997278332710266e-02,-2.627719752490520477e-02,-1.673754118382930756e-02,-7.712231017649173737e-03,9.011418442241847515e-04,8.427069522440433502e-03,1.578592881560325623e-02,2.255332656204700470e-02,2.816611714661121368e-02,3.404019400477409363e-02,3.763659670948982239e-02,4.207935556769371033e-02,4.468993097543716431e-02,4.819552600383758545e-02,5.010030791163444519e-02,5.247213318943977356e-02,5.326907709240913391e-02,5.534476786851882935e-02,5.515892431139945984e-02,5.482670664787292480e-02,5.342852696776390076e-02,5.204697325825691223e-02,5.005405843257904053e-02,4.699612781405448914e-02,4.281670600175857544e-02,3.820417076349258423e-02,3.281445056200027466e-02,2.782598696649074554e-02,2.115172706544399261e-02,1.615349575877189636e-02,9.936958551406860352e-03,5.708957556635141373e-03,1.992243051063269377e-04,-3.394083119928836823e-03,-6.928502582013607025e-03,-8.791853673756122589e-03,-9.148780256509780884e-03,-9.763713926076889038e-03,-8.684725500643253326e-03,-5.020417738705873489e-03,-4.605248570442199707e-03,4.861940687987953424e-04
2.426946302875876427e-03,-1.030944194644689560e-02,-2.221837453544139862e-02,-3.533651679754257202e-02,-4.733131825923919678e-02,-5.713438615202903748e-02,-6.856227666139602661e-02,-7.694772630929946899e-02,-8.471745997667312622e-02,-9.209552407264709473e-02,-9.791263192892074585e-02,-1.017874181270599365e-01,-1.034130305051803589e-01,-1.043272912502288818e-01,-1.041096374392509460e-01,-1.016430184245109558e-01,-9.802316874265670776e-02,-9.175138175487518311e-02,-8.535468578338623047e-02,-7.562969624996185303e-02,-6.682831048965454102e-02,-5.554408952593803406e-02,-4.597730189561843872e-02,-3.518624976277351379e-02,-2.486872114241123199e-02,-1.508219074457883835e-02,-5.662917625159025192e-03,3.311597742140293121e-03,1.184236351400613785e-02,1.929602026939392090e-02,2.595463767647743225e-02,3.267152607440948486e-02,3.781042993068695068e-02,4.296013340353965759e-02,4.659795761108398438e-02,5.082278698682785034e-02,5.427051335573196411e-02,5.749970674514770508e-02,5.946172028779983521e-02,6.195296719670295715e-02,6.384359300136566162e-02,6.421472132205963135e-02,6.409142911434173584e-02,6.304191052913665771e-02,6.174172088503837585e-02,5.934586375951766968e-02,5.511754006147384644e-02,5.070184543728828430e-02,4.557503759860992432e-02,3.956703096628189087e-02,3.360457718372344971e-02,2.676688134670257568e-02,2.121840976178646088e-02,1.540392264723777771e-02,1.008517481386661530e-02,5.310295149683952332e-03,9.631867869757115841e-04,-2.103837206959724426e-03,-3.547060769051313400e-03,-5.295929498970508575e-03,-4.433544352650642395e-03,-2.831655554473400116e-03,-2.041487023234367371e-03,6.847699405625462532e-04
1.912494539283216000e-03,-1.132916379719972610e-02,-2.377295494079589844e-02,-3.801031038165092468e-02,-5.056227743625640869e-02,-6.158321350812911987e-02,-7.341308146715164185e-02,-8.335035294294357300e-02,-9.310033917427062988e-02,-9.931265562772750854e-02,-1.062759459018707275e-01,-1.085386946797370911e-01,-1.137255057692527771e-01,-1.134399846196174622e-01,-1.143066808581352234e-01,-1.103300899267196655e-01,-1.085313186049461365e-01,-1.021057143807411194e-01,-9.629094600677490234e-02,-8.631546795368194580e-02,-7.725679874420166016e-02,-6.619796156883239746e-02,-5.481578037142753601e-02,-4.305524379014968872e-02,-3.178773447871208191e-02,-2.087070234119892120e-02,-1.066139806061983109e-02,-8.186293998733162880e-04,7.910083979368209839e-03,1.664970256388187408e-02,2.410835400223731995e-02,3.188646212220191956e-02,3.728688508272171021e-02,4.351086169481277466e-02,4.798736423254013062e-02,5.360899865627288818e-02,5.716070905327796936e-02,6.212539970874786377e-02,6.506789475679397583e-02,6.915360689163208008e-02,7.065415382385253906e-02,7.283529639244079590e-02,7.347855716943740845e-02,7.368534058332443237e-02,7.259061187505722046e-02,7.118166983127593994e-02,6.838940083980560303e-02,6.358786672353744507e-02,5.793315172195434570e-02,5.188399553298950195e-02,4.471166804432868958e-02,3.805186226963996887e-02,3.080520220100879669e-02,2.535195834934711456e-02,1.848908327519893646e-02,1.369841583073139191e-02,7.827728055417537689e-03,3.372239647433161736e-03,6.421257858164608479e-04,-1.342203700914978981e-03,-2.340909093618392944e-03,-1.024754485115408897e-03,-2.011018106713891029e-03,6.256033084355294704e-04
1.733866054564714432e-03,-1.244867220520973206e-02,-2.601967938244342804e-02,-4.036914557218551636e-02,-5.420152097940444946e-02,-6.479318439960479736e-02,-7.759024947881698608e-02,-8.788065612316131592e-02,-9.798753261566162109e-02,-1.067079156637191772e-01,-1.139027327299118042e-01,-1.176846921443939209e-01,-1.221417933702468872e-01,-1.238248795270919800e-01,-1.237549930810928345e-01,-1.220618039369583130e-01,-1.186997294425964355e-01,-1.126463338732719421e-01,-1.065576225519180298e-01,-9.649949520826339722e-02,-8.699420094490051270e-02,-7.438436895608901978e-02,-6.234683468937873840e-02,-5.082039535045623779e-02,-3.862165287137031555e-02,-2.738260105252265930e-02,-1.595211960375308990e-02,-5.696999374777078629e-03,4.086643923074007034e-03,1.337547600269317627e-02,2.162977680563926697e-02,2.946265600621700287e-02,3.711982443928718567e-02,4.393838346004486084e-02,4.922774806618690491e-02,5.488758161664009094e-02,6.108148023486137390e-02,6.577114015817642212e-02,7.011704891920089722e-02,7.427095621824264526e-02,7.888650894165039062e-02,8.056288212537765503e-02,8.304658532142639160e-02,8.285846561193466187e-02,8.385457098484039307e-02,8.189935237169265747e-02,7.869051396846771240e-02,7.485499233007431030e-02,6.973747164011001587e-02,6.334204971790313721e-02,5.601887777447700500e-02,4.831648617982864380e-02,4.132061451673507690e-02,3.392389044165611267e-02,2.728235535323619843e-02,2.092391438782215118e-02,1.532648969441652298e-02,9.830221533775329590e-03,6.348173134028911591e-03,2.562156878411769867e-03,1.128497300669550896e-03,8.263462805189192295e-04,-6.338878883980214596e-04,7.709147175773978233e-04
2.164684701710939407e-03,-1.210171729326248169e-02,-2.571318112313747406e-02,-4.144721105694770813e-02,-5.596631392836570740e-02,-6.730397045612335205e-02,-8.093321323394775391e-02,-9.177784621715545654e-02,-1.039149761199951172e-01,-1.108033210039138794e-01,-1.197460889816284180e-01,-1.237338110804557800e-01,-1.296210736036300659e-01,-1.297891587018966675e-01,-1.316243261098861694e-01,-1.283405870199203491e-01,-1.265087872743606567e-01,-1.195302531123161316e-01,-1.145351231098175049e-01,-1.049844473600387573e-01,-9.440492093563079834e-02,-8.232695609331130981e-02,-6.951173394918441772e-02,-5.782119929790496826e-02,-4.484916850924491882e-02,-3.242886066436767578e-02,-2.040862850844860077e-02,-9.781024418771266937e-03,1.019107061438262463e-03,1.008353289216756821e-02,1.939403451979160309e-02,2.758391201496124268e-02,3.510982915759086609e-02,4.292719438672065735e-02,4.929277673363685608e-02,5.622166767716407776e-02,6.219589337706565857e-02,6.829507648944854736e-02,7.313785701990127563e-02,7.908433675765991211e-02,8.315256237983703613e-02,8.699252456426620483e-02,8.990921080112457275e-02,9.128366410732269287e-02,9.249331057071685791e-02,9.159813821315765381e-02,8.967836201190948486e-02,8.582527935504913330e-02,8.135621994733810425e-02,7.454843074083328247e-02,6.751535832881927490e-02,5.933632701635360718e-02,5.090102180838584900e-02,4.364732280373573303e-02,3.564254567027091980e-02,2.939536795020103455e-02,2.252220362424850464e-02,1.635557971894741058e-02,1.121254637837409973e-02,7.143013644963502884e-03,3.956916276365518570e-03,2.870458178222179413e-03,-1.918984198709949851e-04,9.919992880895733833e-04
2.066142158582806587e-03,-1.257309969514608383e-02,-2.691146545112133026e-02,-4.156138747930526733e-02,-5.652558803558349609e-02,-6.901718676090240479e-02,-8.312333375215530396e-02,-9.514193981885910034e-02,-1.056578978896141052e-01,-1.159893944859504700e-01,-1.242557466030120850e-01,-1.310182362794876099e-01,-1.354695856571197510e-01,-1.382942199707031250e-01,-1.392851918935775757e-01,-1.379030793905258179e-01,-1.344967782497406006e-01,-1.299600899219512939e-01,-1.234592795372009277e-01,-1.140531897544860840e-01,-1.040608808398246765e-01,-8.939751237630844116e-02,-7.739394903182983398e-02,-6.372360885143280029e-02,-5.148046836256980896e-02,-3.839515149593353271e-02,-2.620737813413143158e-02,-1.437768805772066116e-02,-3.451597644016146660e-03,6.319165229797363281e-03,1.594189368188381195e-02,2.544114738702774048e-02,3.337946906685829163e-02,4.175012186169624329e-02,4.907613247632980347e-02,5.665689706802368164e-02,6.341198086738586426e-02,7.024529576301574707e-02,7.622664421796798706e-02,8.254093676805496216e-02,8.879943192005157471e-02,9.281423687934875488e-02,9.747666865587234497e-02,9.916768968105316162e-02,1.012716665863990784e-01,1.008576303720474243e-01,9.879025816917419434e-02,9.537813067436218262e-02,9.054949134588241577e-02,8.499984443187713623e-02,7.755461335182189941e-02,6.930366903543472290e-02,6.086462363600730896e-02,5.227873101830482483e-02,4.388507455587387085e-02,3.631312027573585510e-02,2.928991429507732391e-02,2.247096598148345947e-02,1.703008450567722321e-02,1.112636737525463104e-02,8.025407791137695312e-03,5.197038408368825912e-03,2.302921609953045845e-03,1.218952820636332035e-03
5.408893339335918427e-04,-1.277430262416601181e-02,-2.741651609539985657e-02,-4.259274154901504517e-02,-5.782460793852806091e-02,-7.074699550867080688e-02,-8.462385088205337524e-02,-9.743025153875350952e-02,-1.110544726252555847e-01,-1.196842566132545471e-01,-1.293243467807769775e-01,-1.341375559568405151e-01,-1.417831927537918091e-01,-1.433227211236953735e-01,-1.451875269412994385e-01,-1.423914432525634766e-01,-1.408440023660659790e-01,-1.344829648733139038e-01,-1.292437911033630371e-01,-1.195121705532073975e-01,-1.098937764763832092e-01,-9.643682837486267090e-02,-8.303777128458023071e-02,-6.939303874969482422e-02,-5.627169460058212280e-02,-4.314838349819183350e-02,-2.963826619088649750e-02,-1.819690316915512085e-02,-6.710020825266838074e-03,3.494647564366459846e-03,1.418906450271606445e-02,2.340495213866233826e-02,3.206282109022140503e-02,4.082725197076797485e-02,4.886383563280105591e-02,5.720113590359687805e-02,6.413157284259796143e-02,7.245969027280807495e-02,7.893162965774536133e-02,8.702676743268966675e-02,9.233665466308593750e-02,9.882695227861404419e-02,1.034101620316505432e-01,1.069090068340301514e-01,1.088666394352912903e-01,1.099082976579666138e-01,1.088199466466903687e-01,1.051277890801429749e-01,1.002089008688926697e-01,9.468588978052139282e-02,8.703453093767166138e-02,7.830020785331726074e-02,6.928822398185729980e-02,6.044597178697586060e-02,5.060008168220520020e-02,4.334598034620285034e-02,3.495331853628158569e-02,2.757950313389301300e-02,2.085984498262405396e-02,1.471195556223392487e-02,1.027103327214717865e-02,7.033867761492729187e-03,2.803395502269268036e-03,8.350536227226257324e-04
1.389586366713047028e-03,-1.319032628089189529e-02,-2.769031003117561340e-02,-4.288851469755172729e-02,-5.847834423184394836e-02,-7.145200669765472412e-02,-8.670324087142944336e-02,-9.950834512710571289e-02,-1.117974519729614258e-01,-1.229376792907714844e-01,-1.324987858533859253e-01,-1.395464241504669189e-01,-1.452106982469558716e-01,-1.493420749902725220e-01,-1.509045362472534180e-01,-1.498255282640457153e-01,-1.465438902378082275e-01,-1.417495012283325195e-01,-1.356969773769378662e-01,-1.263942718505859375e-01,-1.164278835058212280e-01,-1.024463772773742676e-01,-8.880371600389480591e-02,-7.501254230737686157e-02,-6.134065240621566772e-02,-4.825671762228012085e-02,-3.505574911832809448e-02,-2.229721471667289734e-02,-1.067340001463890076e-02,4.337035643402487040e-04,1.045510824769735336e-02,2.114028669893741608e-02,3.056998364627361298e-02,3.987538069486618042e-02,4.805243760347366333e-02,5.701487511396408081e-02,6.510221213102340698e-02,7.365724444389343262e-02,8.109885454177856445e-02,8.911640942096710205e-02,9.711270779371261597e-02,1.026989743113517761e-01,1.090822145342826843e-01,1.125557124614715576e-01,1.160872206091880798e-01,1.163859292864799500e-01,1.151245906949043274e-01,1.127147451043128967e-01,1.083841845393180847e-01,1.026804298162460327e-01,9.468258172273635864e-02,8.668191730976104736e-02,7.724595069885253906e-02,6.712055951356887817e-02,5.769538506865501404e-02,4.791232943534851074e-02,4.044602811336517334e-02,3.199885785579681396e-02,2.517860010266304016e-02,1.784770935773849487e-02,1.321899052709341049e-02,8.699668571352958679e-03,4.093928728252649307e-03,1.259673153981566429e-03
1.665323041379451752e-03,-1.272967923432588577e-02,-2.705250307917594910e-02,-4.273056983947753906e-02,-5.860725045204162598e-02,-7.165540754795074463e-02,-8.686665445566177368e-02,-9.999796748161315918e-02,-1.144399866461753845e-01,-1.236566081643104553e-01,-1.346194595098495483e-01,-1.411905139684677124e-01,-1.486483067274093628e-01,-1.512262821197509766e-01,-1.543834954500198364e-01,-1.520183086395263672e-01,-1.507894545793533325e-01,-1.442986577749252319e-01,-1.390980184078216553e-01,-1.296757906675338745e-01,-1.201344430446624756e-01,-1.069536060094833374e-01,-9.283947944641113281e-02,-7.880132645368576050e-02,-6.430445611476898193e-02,-5.136290565133094788e-02,-3.762871399521827698e-02,-2.542791701853275299e-02,-1.279059518128633499e-02,-2.206208184361457825e-03,9.042959660291671753e-03,1.936026103794574738e-02,2.904907613992691040e-02,3.916797786951065063e-02,4.806831851601600647e-02,5.743107944726943970e-02,6.545543670654296875e-02,7.459389418363571167e-02,8.234373480081558228e-02,9.157005697488784790e-02,9.855513274669647217e-02,1.059397310018539429e-01,1.123936474323272705e-01,1.173666492104530334e-01,1.206208094954490662e-01,1.226393431425094604e-01,1.221661493182182312e-01,1.200255602598190308e-01,1.160401031374931335e-01,1.100457906723022461e-01,1.026495248079299927e-01,9.384003281593322754e-02,8.409826457500457764e-02,7.450662553310394287e-02,6.363547593355178833e-02,5.451241880655288696e-02,4.519934579730033875e-02,3.671426326036453247e-02,2.889736928045749664e-02,2.113625407218933105e-02,1.517708878964185715e-02,9.888576343655586243e-03,4.235633183270692825e-03,1.062303665094077587e-03
1.569885993376374245e-03,-1.252177264541387558e-02,-2.714420668780803680e-02,-4.238938912749290466e-02,-5.743215233087539673e-02,-7.089829444885253906e-02,-8.716905862092971802e-02,-9.968501329421997070e-02,-1.128528416156768799e-01,-1.243944168090820312e-01,-1.341924667358398438e-01,-1.428259760141372681e-01,-1.486916393041610718e-01,-1.538038551807403564e-01,-1.556136608123779297e-01,-1.556701064109802246e-01,-1.529540121555328369e-01,-1.488414853811264038e-01,-1.421418786048889160e-01,-1.341213881969451904e-01,-1.243772283196449280e-01,-1.104803159832954407e-01,-9.733188897371292114e-02,-8.270595222711563110e-02,-6.945055723190307617e-02,-5.466956272721290588e-02,-4.156449809670448303e-02,-2.838303707540035248e-02,-1.635666936635971069e-02,-5.126964300870895386e-03,5.789347458630800247e-03,1.695521734654903412e-02,2.632147632539272308e-02,3.692447766661643982e-02,4.566045477986335754e-02,5.626519769430160522e-02,6.487669795751571655e-02,7.461395114660263062e-02,8.267250657081604004e-02,9.225115925073623657e-02,1.010518446564674377e-01,1.084394976496696472e-01,1.156887114048004150e-01,1.207607537508010864e-01,1.250854879617691040e-01,1.265272051095962524e-01,1.263392716646194458e-01,1.245127692818641663e-01,1.208704560995101929e-01,1.156987771391868591e-01,1.075868234038352966e-01,9.945574402809143066e-02,8.957442641258239746e-02,7.999271899461746216e-02,6.855557113885879517e-02,5.911859124898910522e-02,4.946080222725868225e-02,4.061307013034820557e-02,3.212748095393180847e-02,2.380004338920116425e-02,1.774377562105655670e-02,1.167384348809719086e-02,5.845278035849332809e-03,1.324174227192997932e-03
9.586054366081953049e-04,-1.261938083916902542e-02,-2.758972346782684326e-02,-4.213682189583778381e-02,-5.760179832577705383e-02,-7.112567126750946045e-02,-8.604899048805236816e-02,-9.969159960746765137e-02,-1.146015003323554993e-01,-1.244895085692405701e-01,-1.353405117988586426e-01,-1.414955258369445801e-01,-1.505776345729827881e-01,-1.539449691772460938e-01,-1.574839204549789429e-01,-1.551893949508666992e-01,-1.545135527849197388e-01,-1.487631350755691528e-01,-1.438558995723724365e-01,-1.348561048507690430e-01,-1.258930712938308716e-01,-1.130137145519256592e-01,-9.961595386266708374e-02,-8.499404788017272949e-02,-7.064706832170486450e-02,-5.687829852104187012e-02,-4.330384358763694763e-02,-3.052024170756340027e-02,-1.851544342935085297e-02,-6.723817903548479080e-03,4.637246485799551010e-03,1.507513411343097687e-02,2.558339387178421021e-02,3.603634983301162720e-02,4.520516842603683472e-02,5.570187792181968689e-02,6.440829485654830933e-02,7.462622225284576416e-02,8.279658108949661255e-02,9.336745738983154297e-02,1.008062735199928284e-01,1.102775558829307556e-01,1.170526221394538879e-01,1.235975250601768494e-01,1.273509263992309570e-01,1.307688504457473755e-01,1.314577311277389526e-01,1.297955363988876343e-01,1.252927333116531372e-01,1.202284097671508789e-01,1.124124452471733093e-01,1.030745357275009155e-01,9.300418943166732788e-02,8.362819999456405640e-02,7.148989289999008179e-02,6.266156584024429321e-02,5.184910073876380920e-02,4.272098094224929810e-02,3.369778767228126526e-02,2.594063989818096161e-02,1.904979720711708069e-02,1.301241945475339890e-02,6.428113672882318497e-03,9.778105886653065681e-04
1.363726449199020863e-03,-1.318441610783338547e-02,-2.761332876980304718e-02,-4.173914715647697449e-02,-5.714073404669761658e-02,-7.022187858819961548e-02,-8.619816601276397705e-02,-9.901232272386550903e-02,-1.125611141324043274e-01,-1.243077591061592102e-01,-1.346710473299026489e-01,-1.429919898509979248e-01,-1.495235711336135864e-01,-1.543987840414047241e-01,-1.571121364831924438e-01,-1.579982042312622070e-01,-1.550990492105484009e-01,-1.506973206996917725e-01,-1.457078456878662109e-01,-1.377012729644775391e-01,-1.267668455839157104e-01,-1.140446439385414124e-01,-1.008804067969322205e-01,-8.740326762199401855e-02,-7.239225506782531738e-02,-5.867114663124084473e-02,-4.592160508036613464e-02,-3.220748528838157654e-02,-1.976532116532325745e-02,-8.234786801040172577e-03,2.486643381416797638e-03,1.371980365365743637e-02,2.414979413151741028e-02,3.479589894413948059e-02,4.358914494514465332e-02,5.458374321460723877e-02,6.394657492637634277e-02,7.403627783060073853e-02,8.302964270114898682e-02,9.347763657569885254e-02,1.023682802915573120e-01,1.108517497777938843e-01,1.184690147638320923e-01,1.247849762439727783e-01,1.292481273412704468e-01,1.313974410295486450e-01,1.320600211620330811e-01,1.309942901134490967e-01,1.275179535150527954e-01,1.219400689005851746e-01,1.142762452363967896e-01,1.061963066458702087e-01,9.588129073381423950e-02,8.572540432214736938e-02,7.415051013231277466e-02,6.423848867416381836e-02,5.439172685146331787e-02,4.468201845884323120e-02,3.576120734214782715e-02,2.707190811634063721e-02,2.015862055122852325e-02,1.346936821937561035e-02,6.611973978579044342e-03,1.374984742142260075e-03
1.481174025684595108e-03,-1.274251006543636322e-02,-2.665198780596256256e-02,-4.106058180332183838e-02,-5.660430714488029480e-02,-6.937960535287857056e-02,-8.479440957307815552e-02,-9.753114730119705200e-02,-1.119143813848495483e-01,-1.214666962623596191e-01,-1.334823817014694214e-01,-1.408687382936477661e-01,-1.488786637783050537e-01,-1.520033329725265503e-01,-1.566575616598129272e-01,-1.552953869104385376e-01,-1.550751030445098877e-01,-1.491425782442092896e-01,-1.447325050830841064e-01,-1.361576318740844727e-01,-1.258998364210128784e-01,-1.138987466692924500e-01,-1.004520654678344727e-01,-8.684515208005905151e-02,-7.165232300758361816e-02,-5.889501050114631653e-02,-4.546337947249412537e-02,-3.273626044392585754e-02,-2.018073946237564087e-02,-9.600933641195297241e-03,2.286443719640374184e-03,1.243200991302728653e-02,2.342202141880989075e-02,3.366283699870109558e-02,4.363112151622772217e-02,5.368011817336082458e-02,6.307119131088256836e-02,7.269859313964843750e-02,8.219011873006820679e-02,9.228412806987762451e-02,1.005784422159194946e-01,1.093582510948181152e-01,1.175599545240402222e-01,1.237991675734519958e-01,1.285860538482666016e-01,1.316978782415390015e-01,1.335126310586929321e-01,1.327877491712570190e-01,1.286914050579071045e-01,1.240907236933708191e-01,1.164400652050971985e-01,1.077516153454780579e-01,9.672662615776062012e-02,8.702415972948074341e-02,7.516382634639739990e-02,6.596130877733230591e-02,5.501342564821243286e-02,4.591216892004013062e-02,3.656258806586265564e-02,2.813246659934520721e-02,2.058012224733829498e-02,1.335819158703088760e-02,6.491426844149827957e-03,1.215678756125271320e-03
1.900756498798727989e-03,-1.254542544484138489e-02,-2.595778554677963257e-02,-3.956109657883644104e-02,-5.400748178362846375e-02,-6.744062155485153198e-02,-8.274055272340774536e-02,-9.557822346687316895e-02,-1.083654910326004028e-01,-1.198656409978866577e-01,-1.295818835496902466e-01,-1.386848837137222290e-01,-1.447915732860565186e-01,-1.506887227296829224e-01,-1.524991244077682495e-01,-1.543132066726684570e-01,-1.515046805143356323e-01,-1.488519310951232910e-01,-1.417605131864547729e-01,-1.353929191827774048e-01,-1.248806491494178772e-01,-1.121491864323616028e-01,-9.928358346223831177e-02,-8.576850593090057373e-02,-7.232521474361419678e-02,-5.837332084774971008e-02,-4.579199105501174927e-02,-3.269505500793457031e-02,-2.098753862082958221e-02,-9.783649817109107971e-03,1.039980794303119183e-03,1.177747733891010284e-02,2.157543413341045380e-02,3.234199061989784241e-02,4.126954823732376099e-02,5.242894217371940613e-02,6.108648329973220825e-02,7.180452346801757812e-02,8.044974505901336670e-02,9.041874855756759644e-02,9.970424324274063110e-02,1.081048548221588135e-01,1.160175129771232605e-01,1.220970749855041504e-01,1.268557012081146240e-01,1.301378458738327026e-01,1.313507556915283203e-01,1.295496225357055664e-01,1.273319870233535767e-01,1.219924539327621460e-01,1.154152452945709229e-01,1.066245958209037781e-01,9.674356132745742798e-02,8.676254004240036011e-02,7.530947774648666382e-02,6.537648290395736694e-02,5.534506216645240784e-02,4.644863307476043701e-02,3.690003603696823120e-02,2.831846289336681366e-02,2.117015235126018524e-02,1.396850589662790298e-02,6.762743927538394928e-03,1.242013182491064072e-03
1.058028661645948887e-03,-1.175780780613422394e-02,-2.525050379335880280e-02,-3.852649405598640442e-02,-5.276227742433547974e-02,-6.575433909893035889e-02,-8.027932792901992798e-02,-9.292709827423095703e-02,-1.065037474036216736e-01,-1.167407259345054626e-01,-1.274059712886810303e-01,-1.338389664888381958e-01,-1.427484899759292603e-01,-1.459024995565414429e-01,-1.501513719558715820e-01,-1.489690691232681274e-01,-1.489692181348800659e-01,-1.437553167343139648e-01,-1.389478147029876709e-01,-1.307330876588821411e-01,-1.214646995067596436e-01,-1.096598505973815918e-01,-9.731229394674301147e-02,-8.423195779323577881e-02,-7.011437416076660156e-02,-5.680176615715026855e-02,-4.384211078286170959e-02,-3.206223249435424805e-02,-2.051939442753791809e-02,-9.502812288701534271e-03,1.724970876239240170e-03,1.118694711476564407e-02,2.159593626856803894e-02,3.191702440381050110e-02,4.114669561386108398e-02,5.094197019934654236e-02,6.002140417695045471e-02,6.996881216764450073e-02,7.879783213138580322e-02,8.848085254430770874e-02,9.668790549039840698e-02,1.064344570040702820e-01,1.130615249276161194e-01,1.195813417434692383e-01,1.242514327168464661e-01,1.286154240369796753e-01,1.297348737716674805e-01,1.286053210496902466e-01,1.247871145606040955e-01,1.208121031522750854e-01,1.132363453507423401e-01,1.047393158078193665e-01,9.478528052568435669e-02,8.512833714485168457e-02,7.411775738000869751e-02,6.468356400728225708e-02,5.438219383358955383e-02,4.553060606122016907e-02,3.602128475904464722e-02,2.811168506741523743e-02,2.049322798848152161e-02,1.440024189651012421e-02,7.096949964761734009e-03,1.106219715438783169e-03
1.796502503566443920e-03,-1.137046609073877335e-02,-2.356498502194881439e-02,-3.680875152349472046e-02,-5.075314268469810486e-02,-6.318903714418411255e-02,-7.756211608648300171e-02,-8.980177342891693115e-02,-1.017969399690628052e-01,-1.124715879559516907e-01,-1.225078776478767395e-01,-1.315120458602905273e-01,-1.361960172653198242e-01,-1.424842625856399536e-01,-1.448382288217544556e-01,-1.469208747148513794e-01,-1.433857083320617676e-01,-1.411547511816024780e-01,-1.347294896841049194e-01,-1.278638541698455811e-01,-1.168870627880096436e-01,-1.066844537854194641e-01,-9.468191862106323242e-02,-8.197636902332305908e-02,-6.849777698516845703e-02,-5.564392358064651489e-02,-4.375182837247848511e-02,-3.124163113534450531e-02,-1.976439170539379120e-02,-9.225828573107719421e-03,6.893452955409884453e-04,1.131236366927623749e-02,2.101800404489040375e-02,3.046436049044132233e-02,3.890927135944366455e-02,4.937241971492767334e-02,5.826630070805549622e-02,6.814619153738021851e-02,7.615786045789718628e-02,8.648119866847991943e-02,9.500542283058166504e-02,1.028760224580764771e-01,1.096732318401336670e-01,1.160366982221603394e-01,1.202961802482604980e-01,1.233826875686645508e-01,1.242486611008644104e-01,1.235244274139404297e-01,1.214562058448791504e-01,1.159734502434730530e-01,1.094444692134857178e-01,1.012473180890083313e-01,9.186299145221710205e-02,8.176861703395843506e-02,7.140363007783889771e-02,6.218833476305007935e-02,5.297406762838363647e-02,4.375283047556877136e-02,3.485546261072158813e-02,2.682781592011451721e-02,1.951779238879680634e-02,1.341153215616941452e-02,6.502075120806694031e-03,1.567407744005322456e-03
1.258064410649240017e-03,-1.153893023729324341e-02,-2.363088168203830719e-02,-3.563632816076278687e-02,-4.921866208314895630e-02,-6.053751334547996521e-02,-7.459794729948043823e-02,-8.532113581895828247e-02,-9.770995378494262695e-02,-1.072641238570213318e-01,-1.175263598561286926e-01,-1.245374605059623718e-01,-1.321200132369995117e-01,-1.354643404483795166e-01,-1.400385200977325439e-01,-1.387662887573242188e-01,-1.394478976726531982e-01,-1.345444172620773315e-01,-1.294609755277633667e-01,-1.211316511034965515e-01,-1.120526641607284546e-01,-1.022774279117584229e-01,-8.992072194814682007e-02,-7.782048732042312622e-02,-6.454543024301528931e-02,-5.317870527505874634e-02,-4.079015925526618958e-02,-2.949759736657142639e-02,-1.840899139642715454e-02,-8.484624326229095459e-03,2.279750769957900047e-03,1.107717677950859070e-02,2.103424072265625000e-02,3.032441250979900360e-02,3.933295980095863342e-02,4.858178645372390747e-02,5.681221559643745422e-02,6.551934778690338135e-02,7.403246313333511353e-02,8.270216733217239380e-02,9.011409431695938110e-02,9.775777906179428101e-02,1.047714501619338989e-01,1.102535948157310486e-01,1.143345832824707031e-01,1.177946403622627258e-01,1.190249621868133545e-01,1.185054779052734375e-01,1.151515245437622070e-01,1.106320247054100037e-01,1.042675673961639404e-01,9.608051180839538574e-02,8.670365065336227417e-02,7.809534668922424316e-02,6.751746684312820435e-02,5.966616794466972351e-02,5.025316029787063599e-02,4.180770739912986755e-02,3.329100832343101501e-02,2.568692527711391449e-02,1.854438707232475281e-02,1.247253827750682831e-02,5.988647695630788803e-03,1.219341065734624863e-03
1.423655194230377674e-03,-1.070697978138923645e-02,-2.183985337615013123e-02,-3.437817841768264771e-02,-4.617194086313247681e-02,-5.697480961680412292e-02,-7.033371925354003906e-02,-8.161319047212600708e-02,-9.252741932868957520e-02,-1.015165150165557861e-01,-1.106522381305694580e-01,-1.187822595238685608e-01,-1.240246072411537170e-01,-1.302893310785293579e-01,-1.317927837371826172e-01,-1.342766135931015015e-01,-1.315695941448211670e-01,-1.285206824541091919e-01,-1.218167394399642944e-01,-1.156319752335548401e-01,-1.062951534986495972e-01,-9.713680297136306763e-02,-8.489248901605606079e-02,-7.321086525917053223e-02,-6.136826425790786743e-02,-4.967331513762474060e-02,-3.840613737702369690e-02,-2.772972173988819122e-02,-1.691270060837268829e-02,-7.690034806728363037e-03,1.811009016819298267e-03,1.069594081491231918e-02,1.992789283394813538e-02,2.864351868629455566e-02,3.656656295061111450e-02,4.576213657855987549e-02,5.382711067795753479e-02,6.269954144954681396e-02,6.990034878253936768e-02,7.807385921478271484e-02,8.572077751159667969e-02,9.291934221982955933e-02,9.829523414373397827e-02,1.033407822251319885e-01,1.080640703439712524e-01,1.106750071048736572e-01,1.114210858941078186e-01,1.100194752216339111e-01,1.085588485002517700e-01,1.037012636661529541e-01,9.795693308115005493e-02,8.968146145343780518e-02,8.214188367128372192e-02,7.337596267461776733e-02,6.387282907962799072e-02,5.581515282392501831e-02,4.749137908220291138e-02,3.960511460900306702e-02,3.095256909728050232e-02,2.333792112767696381e-02,1.729717664420604706e-02,1.185598224401473999e-02,5.196289625018835068e-03,1.239978824742138386e-03
1.455674180760979652e-03,-1.028591394424438477e-02,-2.073254995048046112e-02,-3.161536529660224915e-02,-4.289739578962326050e-02,-5.382289364933967590e-02,-6.589528918266296387e-02,-7.657512277364730835e-02,-8.696223050355911255e-02,-9.631777554750442505e-02,-1.049413681030273438e-01,-1.107653975486755371e-01,-1.174265816807746887e-01,-1.213813945651054382e-01,-1.257381588220596313e-01,-1.239771693944931030e-01,-1.244332119822502136e-01,-1.197092309594154358e-01,-1.142743825912475586e-01,-1.065109446644783020e-01,-9.848888963460922241e-02,-9.029454737901687622e-02,-7.916563749313354492e-02,-6.753886491060256958e-02,-5.648929253220558167e-02,-4.533172771334648132e-02,-3.449549153447151184e-02,-2.442866563796997070e-02,-1.485747750848531723e-02,-5.660561379045248032e-03,3.576455404981970787e-03,1.138084661215543747e-02,1.985931955277919769e-02,2.845674194395542145e-02,3.603915497660636902e-02,4.402974620461463928e-02,5.121966451406478882e-02,5.936422944068908691e-02,6.605996191501617432e-02,7.328048348426818848e-02,7.941268384456634521e-02,8.703894168138504028e-02,9.194657206535339355e-02,9.673205763101577759e-02,1.000951230525970459e-01,1.031745970249176025e-01,1.041132584214210510e-01,1.028913930058479309e-01,9.995006769895553589e-02,9.635387361049652100e-02,9.067274630069732666e-02,8.330332487821578979e-02,7.577596604824066162e-02,6.795257329940795898e-02,5.945759639143943787e-02,5.245240405201911926e-02,4.391999542713165283e-02,3.665727749466896057e-02,2.884110808372497559e-02,2.213555946946144104e-02,1.586272940039634705e-02,1.165358349680900574e-02,5.677458364516496658e-03,1.300954842008650303e-03
1.327192527242004871e-03,-9.658022783696651459e-03,-1.861150190234184265e-02,-2.901736088097095490e-02,-3.936383873224258423e-02,-4.949775338172912598e-02,-6.021155789494514465e-02,-7.014394551515579224e-02,-7.913538068532943726e-02,-8.770341426134109497e-02,-9.565640240907669067e-02,-1.030490770936012268e-01,-1.070588156580924988e-01,-1.127348244190216064e-01,-1.139154359698295593e-01,-1.163854002952575684e-01,-1.129986941814422607e-01,-1.109042540192604065e-01,-1.041864156723022461e-01,-9.937258064746856689e-02,-9.023693203926086426e-02,-8.325115591287612915e-02,-7.246030867099761963e-02,-6.217331439256668091e-02,-5.192586034536361694e-02,-4.167974740266799927e-02,-3.210488706827163696e-02,-2.253759466111660004e-02,-1.317137666046619415e-02,-4.901771433651447296e-03,3.363428637385368347e-03,1.108667813241481781e-02,1.920044608414173126e-02,2.640802040696144104e-02,3.300115093588829041e-02,4.053995385766029358e-02,4.779919981956481934e-02,5.457306653261184692e-02,6.107557192444801331e-02,6.734815239906311035e-02,7.381760329008102417e-02,7.970720529556274414e-02,8.405111730098724365e-02,8.823949843645095825e-02,9.166588634252548218e-02,9.342412650585174561e-02,9.438464790582656860e-02,9.250470995903015137e-02,9.099806100130081177e-02,8.666206151247024536e-02,8.241397887468338013e-02,7.554224878549575806e-02,6.952554732561111450e-02,6.164470314979553223e-02,5.442313104867935181e-02,4.736237600445747375e-02,4.030276462435722351e-02,3.304215520620346069e-02,2.638267725706100464e-02,1.970352791249752045e-02,1.432140916585922241e-02,1.023460272699594498e-02,4.853792488574981689e-03,1.306926249526441097e-03
5.032138433307409286e-04,-9.438152424991130829e-03,-1.806335151195526123e-02,-2.702078968286514282e-02,-3.646466881036758423e-02,-4.516895115375518799e-02,-5.488997325301170349e-02,-6.362938135862350464e-02,-7.186465710401535034e-02,-7.989513128995895386e-02,-8.665965497493743896e-02,-9.325635433197021484e-02,-9.817217290401458740e-02,-1.012048944830894470e-01,-1.041027754545211792e-01,-1.031449958682060242e-01,-1.022991016507148743e-01,-9.865958988666534424e-02,-9.266649186611175537e-02,-8.825117349624633789e-02,-8.136381953954696655e-02,-7.421779632568359375e-02,-6.370376795530319214e-02,-5.522697791457176208e-02,-4.557455331087112427e-02,-3.723255544900894165e-02,-2.782294899225234985e-02,-1.939067244529724121e-02,-1.089245639741420746e-02,-4.016360733658075333e-03,4.976464435458183289e-03,1.058918330818414688e-02,1.857633516192436218e-02,2.451703697443008423e-02,3.113137185573577881e-02,3.748979791998863220e-02,4.374105110764503479e-02,4.946852847933769226e-02,5.525163933634757996e-02,6.063602119684219360e-02,6.561698019504547119e-02,7.069085538387298584e-02,7.505487650632858276e-02,7.843685150146484375e-02,8.085659891366958618e-02,8.281453698873519897e-02,8.332969993352890015e-02,8.223398774862289429e-02,7.983417063951492310e-02,7.659397274255752563e-02,7.255648821592330933e-02,6.677920371294021606e-02,6.082306057214736938e-02,5.469668284058570862e-02,4.802602156996726990e-02,4.254359379410743713e-02,3.558058664202690125e-02,2.924799732863903046e-02,2.310611121356487274e-02,1.754573173820972443e-02,1.271358411759138107e-02,8.780444972217082977e-03,4.208582453429698944e-03,1.353818806819617748e-03
9.058441501110792160e-04,-8.507348597049713135e-03,-1.589176803827285767e-02,-2.418802678585052490e-02,-3.180070966482162476e-02,-3.885777667164802551e-02,-4.760756716132164001e-02,-5.621127411723136902e-02,-6.346684694290161133e-02,-6.970527023077011108e-02,-7.625700533390045166e-02,-8.170111477375030518e-02,-8.532885462045669556e-02,-8.889914304018020630e-02,-9.005125612020492554e-02,-9.086111932992935181e-02,-8.850166946649551392e-02,-8.579358458518981934e-02,-8.121149986982345581e-02,-7.727145403623580933e-02,-7.133541256189346313e-02,-6.351705640554428101e-02,-5.552141368389129639e-02,-4.704679176211357117e-02,-3.918280452489852905e-02,-3.118761628866195679e-02,-2.370802871882915497e-02,-1.640549302101135254e-02,-8.759121410548686981e-03,-2.723338082432746887e-03,4.433636553585529327e-03,9.708442725241184235e-03,1.687441021203994751e-02,2.201727218925952911e-02,2.796363830566406250e-02,3.317929431796073914e-02,3.938300535082817078e-02,4.372056946158409119e-02,4.909266158938407898e-02,5.321568250656127930e-02,5.858134105801582336e-02,6.183136627078056335e-02,6.605504453182220459e-02,6.808531284332275391e-02,7.142087072134017944e-02,7.132843881845474243e-02,7.294759899377822876e-02,7.064116001129150391e-02,7.017156481742858887e-02,6.569585204124450684e-02,6.339299678802490234e-02,5.764612182974815369e-02,5.340317264199256897e-02,4.726027324795722961e-02,4.157596454024314880e-02,3.630667552351951599e-02,3.044473379850387573e-02,2.493601292371749878e-02,1.928373612463474274e-02,1.443527266383171082e-02,1.047020498663187027e-02,7.385535631328821182e-03,2.709500491619110107e-03,8.087520836852490902e-04
-4.482805088628083467e-04,-7.339527364820241928e-03,-1.392854284495115280e-02,-2.041583321988582611e-02,-2.701839059591293335e-02,-3.323338925838470459e-02,-4.063428565859794617e-02,-4.776372015476226807e-02,-5.412700027227401733e-02,-5.994442105293273926e-02,-6.517959386110305786e-02,-6.964788585901260376e-02,-7.351185381412506104e-02,-7.526332885026931763e-02,-7.696720212697982788e-02,-7.635148614645004272e-02,-7.507211714982986450e-02,-7.271475344896316528e-02,-6.922215968370437622e-02,-6.580880284309387207e-02,-6.037463620305061340e-02,-5.490795895457267761e-02,-4.785029590129852295e-02,-4.006370902061462402e-02,-3.353192284703254700e-02,-2.602500841021537781e-02,-1.976486109197139740e-02,-1.310385297983884811e-02,-7.003090344369411469e-03,-1.702205045148730278e-03,4.415790084749460220e-03,9.222880005836486816e-03,1.471894606947898865e-02,1.943481154739856720e-02,2.444151230156421661e-02,2.879691310226917267e-02,3.361736983060836792e-02,3.738794475793838501e-02,4.163084924221038818e-02,4.503146931529045105e-02,4.908549040555953979e-02,5.264540389180183411e-02,5.550252646207809448e-02,5.717737972736358643e-02,5.928774923086166382e-02,6.024418398737907410e-02,6.029061973094940186e-02,5.880558863282203674e-02,5.779764428734779358e-02,5.517695471644401550e-02,5.229428410530090332e-02,4.766748473048210144e-02,4.366179183125495911e-02,3.929953277111053467e-02,3.465823084115982056e-02,3.000853210687637329e-02,2.472278848290443420e-02,2.041103318333625793e-02,1.590539701282978058e-02,1.215971168130636215e-02,7.942223921418190002e-03,6.872351281344890594e-03,3.128082491457462311e-03,1.014600042253732681e-03
7.959537324495613575e-04,-6.173306144773960114e-03,-1.021936815232038498e-02,-1.530396286398172379e-02,-2.128270827233791351e-02,-2.690300904214382172e-02,-3.191907703876495361e-02,-3.758596256375312805e-02,-4.351913556456565857e-02,-4.834669455885887146e-02,-5.314520001411437988e-02,-5.680427700281143188e-02,-5.941807851195335388e-02,-6.131684780120849609e-02,-6.245852261781692505e-02,-6.234771758317947388e-02,-6.148216500878334045e-02,-5.998156219720840454e-02,-5.692622810602188110e-02,-5.372279137372970581e-02,-4.934256151318550110e-02,-4.369480907917022705e-02,-3.887309134006500244e-02,-3.270443156361579895e-02,-2.737826295197010040e-02,-2.094642072916030884e-02,-1.600509136915206909e-02,-1.089554280042648315e-02,-5.610704887658357620e-03,-1.117533771321177483e-03,3.414041595533490181e-03,7.362072821706533432e-03,1.217789947986602783e-02,1.629130542278289795e-02,1.980494335293769836e-02,2.330377325415611267e-02,2.790203131735324860e-02,3.057879395782947540e-02,3.413331136107444763e-02,3.655862063169479370e-02,4.119320586323738098e-02,4.292329773306846619e-02,4.540566354990005493e-02,4.690319299697875977e-02,4.931704327464103699e-02,4.861513897776603699e-02,4.925110936164855957e-02,4.815498366951942444e-02,4.805005714297294617e-02,4.489215835928916931e-02,4.245547577738761902e-02,3.940398618578910828e-02,3.623260185122489929e-02,3.192504495382308960e-02,2.802766114473342896e-02,2.483694441616535187e-02,2.094006910920143127e-02,1.673746667802333832e-02,1.267030090093612671e-02,9.480209089815616608e-03,6.556988693773746490e-03,5.357288755476474762e-03,1.887544756755232811e-03,6.599584594368934631e-04
6.141271442174911499e-04,-5.608869716525077820e-03,-8.049194701015949249e-03,-1.308744959533214569e-02,-1.685208082199096680e-02,-2.155216969549655914e-02,-2.466486953198909760e-02,-2.991054952144622803e-02,-3.368546813726425171e-02,-3.752524033188819885e-02,-4.039700701832771301e-02,-4.365102574229240417e-02,-4.582072049379348755e-02,-4.720392078161239624e-02,-4.728082939982414246e-02,-4.757768288254737854e-02,-4.740947857499122620e-02,-4.605288058519363403e-02,-4.352405294775962830e-02,-4.041041061282157898e-02,-3.802229836583137512e-02,-3.354282304644584656e-02,-2.945300191640853882e-02,-2.436586469411849976e-02,-2.023042365908622742e-02,-1.582078635692596436e-02,-1.133757177740335464e-02,-7.095887325704097748e-03,-3.228929592296481133e-03,-1.445149100618436933e-04,3.352764993906021118e-03,6.074511911720037460e-03,1.020767912268638611e-02,1.271123532205820084e-02,1.601544022560119629e-02,1.843689940869808197e-02,2.150769159197807312e-02,2.352485433220863342e-02,2.642224915325641632e-02,2.846916206181049347e-02,3.097485378384590149e-02,3.316593542695045471e-02,3.559455275535583496e-02,3.643222153186798096e-02,3.732200711965560913e-02,3.734721243381500244e-02,3.796903789043426514e-02,3.700308129191398621e-02,3.598804026842117310e-02,3.353308513760566711e-02,3.244024515151977539e-02,2.894419431686401367e-02,2.670190483331680298e-02,2.303434722125530243e-02,2.059333771467208862e-02,1.749254949390888214e-02,1.479286793619394302e-02,1.146204676479101181e-02,9.332654066383838654e-03,6.129760760813951492e-03,4.497131798416376114e-03,4.352232441306114197e-03,1.612211694009602070e-03,8.722269558347761631e-04
6.508528604172170162e-04,-2.954340307042002678e-03,-6.439790595322847366e-03,-8.529664948582649231e-03,-1.146501209586858749e-02,-1.378698367625474930e-02,-1.552817597985267639e-02,-1.998853497207164764e-02,-2.176632732152938843e-02,-2.496553212404251099e-02,-2.635806985199451447e-02,-2.976724691689014435e-02,-3.023640997707843781e-02,-3.294503316283226013e-02,-3.197088092565536499e-02,-3.343096747994422913e-02,-3.190010413527488708e-02,-3.180103749036788940e-02,-2.967568673193454742e-02,-2.815668471157550812e-02,-2.601090632379055023e-02,-2.287577278912067413e-02,-2.006875723600387573e-02,-1.691333204507827759e-02,-1.389571279287338257e-02,-1.070708036422729492e-02,-7.526267319917678833e-03,-5.453421268612146378e-03,-2.688406733796000481e-03,-3.138320244033820927e-05,2.481782343238592148e-03,4.513854160904884338e-03,6.992939393967390060e-03,9.074662812054157257e-03,1.162847038358449936e-02,1.316521223634481430e-02,1.508355420082807541e-02,1.692855358123779297e-02,1.877537183463573456e-02,2.028064429759979248e-02,2.181876078248023987e-02,2.336339093744754791e-02,2.486568503081798553e-02,2.553702332079410553e-02,2.591321431100368500e-02,2.632559090852737427e-02,2.647894434630870819e-02,2.617766708135604858e-02,2.501323446631431580e-02,2.364736795425415039e-02,2.216679044067859650e-02,2.045473456382751465e-02,1.834798231720924377e-02,1.657354831695556641e-02,1.396614126861095428e-02,1.245783176273107529e-02,9.721689857542514801e-03,7.844634354114532471e-03,5.549619905650615692e-03,3.422516630962491035e-03,2.155439229682087898e-03,2.154574729502201080e-03,2.361726728850044310e-05,-7.410203688777983189e-04
2.294026082381606102e-03,-1.507046050392091274e-03,-1.573178335092961788e-03,-4.044952802360057831e-03,-3.715445054695010185e-03,-6.733861751854419708e-03,-7.045975886285305023e-03,-9.026980027556419373e-03,-9.668579325079917908e-03,-1.091760303825139999e-02,-1.286702882498502731e-02,-1.373025309294462204e-02,-1.455172989517450333e-02,-1.473466586321592331e-02,-1.593654416501522064e-02,-1.538855209946632385e-02,-1.657314598560333252e-02,-1.513528358191251755e-02,-1.481326483190059662e-02,-1.334839127957820892e-02,-1.323961280286312103e-02,-1.125945150852203369e-02,-9.668888524174690247e-03,-7.771424949169158936e-03,-6.619459018111228943e-03,-4.943085834383964539e-03,-2.641130005940794945e-03,-1.877716509625315666e-03,-3.787584137171506882e-04,6.112444098107516766e-04,2.351656788960099220e-03,2.650174777954816818e-03,4.804399795830249786e-03,5.470555275678634644e-03,7.103138603270053864e-03,7.538528647273778915e-03,8.914547972381114960e-03,9.236386977136135101e-03,1.006705779582262039e-02,1.008478086441755295e-02,1.166072860360145569e-02,1.191717572510242462e-02,1.296468079090118408e-02,1.285752281546592712e-02,1.387905329465866089e-02,1.305700931698083878e-02,1.378883980214595795e-02,1.272968295961618423e-02,1.349323894828557968e-02,1.149049215018749237e-02,1.202941127121448517e-02,9.853432886302471161e-03,1.026632077991962433e-02,7.901241071522235870e-03,8.241349831223487854e-03,6.165769882500171661e-03,5.539476871490478516e-03,3.432037774473428726e-03,2.990771550685167313e-03,1.273895846679806709e-03,1.362624927423894405e-03,-3.247049608035013080e-05,-2.304616384208202362e-03,-1.411297242157161236e-03
1.333797466941177845e-03,2.141898265108466148e-03,9.703115210868418217e-04,1.277267438126727939e-04,1.119685708545148373e-03,2.546969426475698128e-07,1.549454871565103531e-03,8.775150054134428501e-04,2.549576107412576675e-03,1.446458743885159492e-03,1.990001648664474487e-03,1.262605306692421436e-03,2.050122013315558434e-03,1.733080018311738968e-03,2.179368166252970695e-03,2.046922221779823303e-03,1.446252572350203991e-03,1.424006186425685883e-03,5.782165681011974812e-04,8.988942136056721210e-04,-2.377827331656590104e-04,5.696482257917523384e-04,-7.704542949795722961e-04,4.470835556276142597e-04,-8.812801097519695759e-04,-4.639303369913250208e-05,-6.536773871630430222e-04,4.614025820046663284e-04,1.057909466908313334e-04,5.276784650050103664e-04,-3.546195512171834707e-04,7.581008831039071083e-04,2.520205453038215637e-04,1.239806413650512695e-03,6.377923418767750263e-04,1.769202412106096745e-03,1.146425143815577030e-03,1.295304042287170887e-03,5.134983221068978310e-04,1.183257088996469975e-03,1.889467966975644231e-04,1.194422482512891293e-03,6.713591283187270164e-04,1.662455266341567039e-03,1.070810016244649887e-03,1.902175834402441978e-03,1.272057648748159409e-03,1.981807174161076546e-03,1.195784308947622776e-03,1.953231869265437126e-03,1.623781630769371986e-03,1.986473333090543747e-03,1.492868992500007153e-03,1.904071541503071785e-03,1.675372361205518246e-03,9.658427443355321884e-04,5.593664827756583691e-04,1.362711773253977299e-04,-1.351014088868396357e-05,-6.569561664946377277e-04,-1.134732039645314217e-03,-3.454401157796382904e-04,-1.656756154261529446e-03,5.516657838597893715e-04
