0.000000000000000000e+00,0.000000000000000000e+00,0.000000000000000000e+00,0.000000000000000000e+00,0.000000000000000000e+00,0.000000000000000000e+00,0.000000000000000000e+00,0.000000000000000000e+00,0.000000000000000000e+00,0.000000000000000000e+00,0.000000000000000000e+00,0.000000000000000000e+00,0.000000000000000000e+00,0.000000000000000000e+00,0.000000000000000000e+00,0.000000000000000000e+00,0.000000000000000000e+00,0.000000000000000000e+00,0.000000000000000000e+00,0.000000000000000000e+00,0.000000000000000000e+00,0.000000000000000000e+00,0.000000000000000000e+00,0.000000000000000000e+00,0.000000000000000000e+00,0.000000000000000000e+00,0.000000000000000000e+00,0.000000000000000000e+00,0.000000000000000000e+00,0.000000000000000000e+00,0.000000000000000000e+00,0.000000000000000000e+00,0.000000000000000000e+00,0.000000000000000000e+00,0.000000000000000000e+00,0.000000000000000000e+00,0.000000000000000000e+00,0.000000000000000000e+00,0.000000000000000000e+00,0.000000000000000000e+00,0.000000000000000000e+00,0.000000000000000000e+00,0.000000000000000000e+00,0.000000000000000000e+00,0.000000000000000000e+00,0.000000000000000000e+00,0.000000000000000000e+00,0.000000000000000000e+00,0.000000000000000000e+00,0.000000000000000000e+00,0.000000000000000000e+00,0.000000000000000000e+00,0.000000000000000000e+00,0.000000000000000000e+00,0.000000000000000000e+00,0.000000000000000000e+00,0.000000000000000000e+00,0.000000000000000000e+00,0.000000000000000000e+00,0.000000000000000000e+00,0.000000000000000000e+00,0.000000000000000000e+00,0.000000000000000000e+00,0.000000000000000000e+00
0.000000000000000000e+00,-9.095894056372344494e-04,-1.808455795980989933e-03,-2.685859566554427147e-03,-3.531049471348524094e-03,-4.333307966589927673e-03,-5.082053598016500473e-03,-5.767005961388349533e-03,-6.378417834639549255e-03,-6.907364353537559509e-03,-7.346077356487512589e-03,-7.688303012400865555e-03,-7.929656654596328735e-03,-8.067949675023555756e-03,-8.103451691567897797e-03,-8.039074018597602844e-03,-7.880439050495624542e-03,-7.635832298547029495e-03,-7.316020317375659943e-03,-6.933948490768671036e-03,-6.504316814243793488e-03,-6.043064873665571213e-03,-5.566789302974939346e-03,-5.092122592031955719e-03,-4.635117482393980026e-03,-4.210659768432378769e-03,-3.831954440101981163e-03,-3.510102629661560059e-03,-3.253794973716139793e-03,-3.069131402298808098e-03,-2.959569916129112244e-03,-2.925997134298086166e-03,-2.966907108202576637e-03,-3.078664885833859444e-03,-3.255829447880387306e-03,-3.491506911814212799e-03,-3.777706762775778770e-03,-4.105673171579837799e-03,-4.466171376407146454e-03,-4.849718883633613586e-03,-5.246745888143777847e-03,-5.647695157676935196e-03,-6.043064873665571213e-03,-6.423410493880510330e-03,-6.779325194656848907e-03,-7.101418916136026382e-03,-7.380320690572261810e-03,-7.606721017509698868e-03,-7.771470583975315094e-03,-7.865739986300468445e-03,-7.881252095103263855e-03,-7.810561917722225189e-03,-7.647392805665731430e-03,-7.386987563222646713e-03,-7.026459090411663055e-03,-6.565115414559841156e-03,-6.004717666655778885e-03,-5.349657498300075531e-03,-4.607026465237140656e-03,-3.786561312153935432e-03,-2.900461433455348015e-03,-1.963079208508133888e-03,-9.904955513775348663e-04,-2.439889778299434731e-18
0.000000000000000000e+00,-1.804320374503731728e-03,-3.586866892874240875e-03,-5.325844045728445053e-03,-6.999454461038112640e-03,-8.586000651121139526e-03,-1.006409805268049240e-02,-1.141301263123750687e-02,-1.261312607675790787e-02,-1.364652626216411591e-02,-1.449766661971807480e-02,-1.515409070998430252e-02,-1.560713443905115128e-02,-1.585257425904273987e-02,-1.589115709066390991e-02,-1.572895050048828125e-02,-1.537748053669929504e-02,-1.485363021492958069e-02,-1.417927257716655731e-02,-1.338065229356288910e-02,-1.248753629624843597e-02,-1.153218094259500504e-02,-1.054815482348203659e-02,-9.569098241627216339e-03,-8.627479895949363708e-03,-7.753423415124416351e-03,-6.973669864237308502e-03,-6.310727447271347046e-03,-5.782253574579954147e-03,-5.400686524808406830e-03,-5.173138342797756195e-03,-5.101529881358146667e-03,-5.182943306863307953e-03,-5.410144571214914322e-03,-5.772226955741643906e-03,-6.255314685404300690e-03,-6.843275856226682663e-03,-7.518386002629995346e-03,-8.261907845735549927e-03,-9.054550901055335999e-03,-9.876809082925319672e-03,-1.070916373282670975e-02,-1.153218094259500504e-02,-1.232652831822633743e-02,-1.307294145226478577e-02,-1.375220157206058502e-02,-1.434514578431844711e-02,-1.483276393264532089e-02,-1.519640162587165833e-02,-1.541809644550085068e-02,-1.548103429377079010e-02,-1.537012774497270584e-02,-1.507267728447914124e-02,-1.457908004522323608e-02,-1.388353202491998672e-02,-1.298466697335243225e-02,-1.188607327640056610e-02,-1.059664692729711533e-02,-9.130717255175113678e-03,-7.507938891649246216e-03,-5.752915050834417343e-03,-3.894577035680413246e-03,-1.965328585356473923e-03,-4.841419882872335356e-18
0.000000000000000000e+00,-2.669763984158635139e-03,-5.306078586727380753e-03,-7.875488139688968658e-03,-1.034458726644515991e-02,-1.268020179122686386e-02,-1.484972145408391953e-02,-1.682162657380104065e-02,-1.856620609760284424e-02,-2.005643397569656372e-02,-2.126898057758808136e-02,-2.218528278172016144e-02,-2.279260382056236267e-02,-2.308499068021774292e-02,-2.306405641138553619e-02,-2.273949794471263885e-02,-2.212928980588912964e-02,-2.125950902700424194e-02,-2.016377821564674377e-02,-1.888231933116912842e-02,-1.746066659688949585e-02,-1.594810746610164642e-02,-1.439589820802211761e-02,-1.285539660602807999e-02,-1.137618161737918854e-02,-1.000428292900323868e-02,-8.780608884990215302e-03,-7.739658467471599579e-03,-6.908582057803869247e-03,-6.306613329797983170e-03,-5.944893229752779007e-03,-5.826660897582769394e-03,-5.947768688201904297e-03,-6.297455169260501862e-03,-6.859303452074527740e-03,-7.612291257828474045e-03,-8.531859144568443298e-03,-9.590909816324710846e-03,-1.076068636029958725e-02,-1.201147679239511490e-02,-1.331313513219356537e-02,-1.463540829718112946e-02,-1.594810746610164642e-02,-1.722115650773048401e-02,-1.842457987368106842e-02,-1.952848397195339203e-02,-2.050310559570789337e-02,-2.131898887455463409e-02,-2.194729633629322052e-02,-2.236034721136093140e-02,-2.253229916095733643e-02,-2.244004234671592712e-02,-2.206417545676231384e-02,-2.139008790254592896e-02,-2.040899731218814850e-02,-1.911889575421810150e-02,-1.752533577382564545e-02,-1.564192213118076324e-02,-1.349050272256135941e-02,-1.110099069774150848e-02,-8.510783314704895020e-03,-5.763817112892866135e-03,-2.909274073317646980e-03,-7.167294187464757826e-18
0.000000000000000000e+00,-3.492309711873531342e-03,-6.938630249351263046e-03,-1.029301341623067856e-02,-1.350967586040496826e-02,-1.654327474534511566e-02,-1.934939995408058167e-02,-2.188530378043651581e-02,-2.411086857318878174e-02,-2.598980441689491272e-02,-2.749099768698215485e-02,-2.858992852270603180e-02,-2.927008084952831268e-02,-2.952420525252819061e-02,-2.935533784329891205e-02,-2.877746522426605225e-02,-2.781576290726661682e-02,-2.650633640587329865e-02,-2.489544264972209930e-02,-2.303821593523025513e-02,-2.099692635238170624e-02,-1.883886940777301788e-02,-1.663397438824176788e-02,-1.445229258388280869e-02,-1.236146595329046249e-02,-1.042434573173522949e-02,-8.696877397596836090e-03,-7.226357236504554749e-03,-6.050155498087406158e-03,-5.194934550672769547e-03,-4.676389042288064957e-03,-4.499474540352821350e-03,-4.659072961658239365e-03,-5.141003057360649109e-03,-5.923281423747539520e-03,-6.977518554776906967e-03,-8.270336315035820007e-03,-9.764709509909152985e-03,-1.142115052789449692e-02,-1.319867186248302460e-02,-1.505551114678382874e-02,-1.694960705935955048e-02,-1.883886940777301788e-02,-2.068129554390907288e-02,-2.243499830365180969e-02,-2.405823767185211182e-02,-2.550953254103660583e-02,-2.674793079495429993e-02,-2.773348614573478699e-02,-2.842797338962554932e-02,-2.879585884511470795e-02,-2.880546636879444122e-02,-2.843032963573932648e-02,-2.765059657394886017e-02,-2.645441889762878418e-02,-2.483921498060226440e-02,-2.281266637146472931e-02,-2.039337903261184692e-02,-1.761110685765743256e-02,-1.450647972524166107e-02,-1.113021932542324066e-02,-7.541848346590995789e-03,-3.807941451668739319e-03,-9.382239022420450243e-18
0.000000000000000000e+00,-4.259474109858274460e-03,-8.459402248263359070e-03,-1.254036463797092438e-02,-1.644328981637954712e-02,-2.010987140238285065e-02,-2.348322793841362000e-02,-2.650886587798595428e-02,-2.913592942059040070e-02,-3.131870180368423462e-02,-3.301830217242240906e-02,-3.420446068048477173e-02,-3.485725820064544678e-02,-3.496868163347244263e-02,-3.454386070370674133e-02,-3.360186889767646790e-02,-3.217598795890808105e-02,-3.031333535909652710e-02,-2.807385101914405823e-02,-2.552868612110614777e-02,-2.275797165930271149e-02,-1.984815485775470734e-02,-1.688899472355842590e-02,-1.397036574780941010e-02,-1.117908488959074020e-02,-8.595897816121578217e-03,-6.292804144322872162e-03,-4.330846015363931656e-03,-2.758471760898828506e-03,-1.610525418072938919e-03,-9.078821749426424503e-04,-6.576971500180661678e-04,-8.542001014575362206e-04,-1.479930826462805271e-03,-2.507290802896022797e-03,-3.900272306054830551e-03,-5.616227630525827408e-03,-7.607555016875267029e-03,-9.823196567595005035e-03,-1.220988016575574875e-02,-1.471306756138801575e-02,-1.727761141955852509e-02,-1.984815485775470734e-02,-2.236935496330261230e-02,-2.478598430752754211e-02,-2.704305574297904968e-02,-2.908603474497795105e-02,-3.086123801767826080e-02,-3.231648728251457214e-02,-3.340205922722816467e-02,-3.407191485166549683e-02,-3.428521007299423218e-02,-3.400795534253120422e-02,-3.321480378508567810e-02,-3.189074993133544922e-02,-3.003269433975219727e-02,-2.765066735446453094e-02,-2.476860955357551575e-02,-2.142462134361267090e-02,-1.767058856785297394e-02,-1.357116084545850754e-02,-9.202104993164539337e-03,-4.648090340197086334e-03,-1.145377555457782425e-17
0.000000000000000000e+00,-4.960102960467338562e-03,-9.846039116382598877e-03,-1.458389312028884888e-02,-1.910036429762840271e-02,-2.332335524260997772e-02,-2.718283236026763916e-02,-3.061205148696899414e-02,-3.354908525943756104e-02,-3.593866154551506042e-02,-3.773420676589012146e-02,-3.889995440840721130e-02,-3.941301628947257996e-02,-3.926521167159080505e-02,-3.846451267600059509e-02,-3.703594952821731567e-02,-3.502186760306358337e-02,-3.248143941164016724e-02,-2.948940731585025787e-02,-2.613407373428344727e-02,-2.251460775732994080e-02,-1.873779855668544769e-02,-1.491440366953611374e-02,-1.115529797971248627e-02,-7.567617576569318771e-03,-4.251109901815652847e-03,-1.294883317314088345e-03,1.225286861881613731e-03,3.248969791457056999e-03,4.732340108603239059e-03,5.648669321089982986e-03,5.988075397908687592e-03,5.756621249020099640e-03,4.974871408194303513e-03,3.676069201901555061e-03,1.904079457744956017e-03,-2.887230075430124998e-04,-2.843486377969384193e-03,-5.696706473827362061e-03,-8.781759068369865417e-03,-1.203010324388742447e-02,-1.537214219570159912e-02,-1.873779855668544769e-02,-2.205687016248703003e-02,-2.525926940143108368e-02,-2.827526628971099854e-02,-3.103584237396717072e-02,-3.347326442599296570e-02,-3.552193939685821533e-02,-3.711961954832077026e-02,-3.820893913507461548e-02,-3.873921558260917664e-02,-3.866849839687347412e-02,-3.796565905213356018e-02,-3.661245852708816528e-02,-3.460535779595375061e-02,-3.195694088935852051e-02,-2.869684249162673950e-02,-2.487195841968059540e-02,-2.054596133530139923e-02,-1.579803414642810822e-02,-1.072084438055753708e-02,-5.417841486632823944e-03,-1.335272085192600904e-17
0.000000000000000000e+00,-5.584442056715488434e-03,-1.107910834252834320e-02,-1.639463938772678375e-02,-2.144264429807662964e-02,-2.613647654652595520e-02,-3.039235994219779968e-02,-3.413086012005805969e-02,-3.727873042225837708e-02,-3.977109491825103760e-02,-4.155380651354789734e-02,-4.258592426776885986e-02,-4.284207150340080261e-02,-4.231452569365501404e-02,-4.101485759019851685e-02,-3.897490352392196655e-02,-3.624701872467994690e-02,-3.290342912077903748e-02,-2.903470955789089203e-02,-2.474738098680973053e-02,-2.016072161495685577e-02,-1.540293637663125992e-02,-1.060685701668262482e-02,-5.905411206185817719e-03,-1.427087001502513885e-03,2.708360319957137108e-03,6.393746938556432724e-03,9.537648409605026245e-03,1.206680480390787125e-02,1.392764784395694733e-02,1.508693955838680267e-02,1.553154271095991135e-02,1.526743732392787933e-02,1.431808900088071823e-02,1.272236928343772888e-02,1.053219102323055267e-02,7.810057606548070908e-03,4.626682493835687637e-03,1.058833906427025795e-03,-2.812507795169949532e-03,-6.903625093400478363e-03,-1.112916879355907440e-02,-1.540293637663125992e-02,-1.963840983808040619e-02,-2.374916709959506989e-02,-2.764928899705410004e-02,-3.125390410423278809e-02,-3.447995334863662720e-02,-3.724731132388114929e-02,-3.948024287819862366e-02,-4.110924899578094482e-02,-4.207322001457214355e-02,-4.232181981205940247e-02,-4.181791469454765320e-02,-4.053994640707969666e-02,-3.848401084542274475e-02,-3.566547483205795288e-02,-3.211995214223861694e-02,-2.790354192256927490e-02,-2.309216931462287903e-02,-1.778005994856357574e-02,-1.207732222974300385e-02,-6.106754299253225327e-03,-1.505338020309726990e-17
0.000000000000000000e+00,-6.124079693108797073e-03,-1.214199140667915344e-02,-1.794819347560405731e-02,-2.343852631747722626e-02,-2.851125225424766541e-02,-3.306841477751731873e-02,-3.701762109994888306e-02,-4.027421027421951294e-02,-4.276374354958534241e-02,-4.442474246025085449e-02,-4.521145299077033997e-02,-4.509651288390159607e-02,-4.407328367233276367e-02,-4.215762391686439514e-02,-3.938895836472511292e-02,-3.583044558763504028e-02,-3.156820684671401978e-02,-2.670948393642902374e-02,-2.137985080480575562e-02,-1.571952365338802338e-02,-9.878934361040592194e-03,-4.013784229755401611e-03,1.720162807032465935e-03,7.172293495386838913e-03,1.220208778977394104e-02,1.668354496359825134e-02,2.050887420773506165e-02,2.359130047261714935e-02,2.586687915027141571e-02,2.729528956115245819e-02,2.785966545343399048e-02,2.756553329527378082e-02,2.643902786076068878e-02,2.452456951141357422e-02,2.188221551477909088e-02,1.858487166464328766e-02,1.471558120101690292e-02,1.036502514034509659e-02,5.629362538456916809e-03,6.084605702199041843e-04,-4.595478530973196030e-03,-9.878934361040592194e-03,-1.513782981783151627e-02,-2.026814781129360199e-02,-2.516655251383781433e-02,-2.973114512860774994e-02,-3.386248275637626648e-02,-3.746495395898818970e-02,-4.044853895902633667e-02,-4.273097589612007141e-02,-4.424025118350982666e-02,-4.491731896996498108e-02,-4.471887648105621338e-02,-4.362000524997711182e-02,-4.161651805043220520e-02,-3.872670605778694153e-02,-3.499241918325424194e-02,-3.047921694815158844e-02,-2.527558989822864532e-02,-1.949112303555011749e-02,-1.325369346886873245e-02,-6.705773994326591492e-03,-1.653340649666287424e-17
0.000000000000000000e+00,-6.571753881871700287e-03,-1.302050799131393433e-02,-1.922412402927875519e-02,-2.506234310567378998e-02,-3.041806444525718689e-02,-3.517901152372360229e-02,-3.923981264233589172e-02,-4.250448197126388550e-02,-4.488926008343696594e-02,-4.632565751671791077e-02,-4.676354676485061646e-02,-4.617410153150558472e-02,-4.455231130123138428e-02,-4.191892594099044800e-02,-3.832153603434562683e-02,-3.383469581604003906e-02,-2.855896018445491791e-02,-2.261874824762344360e-02,-1.615916006267070770e-02,-9.341767989099025726e-03,-2.339619444683194160e-03,4.668345674872398376e-03,1.150317303836345673e-02,1.799177378416061401e-02,2.397250011563301086e-02,2.930015325546264648e-02,3.385018184781074524e-02,3.752188012003898621e-02,4.024050757288932800e-02,4.195825383067131042e-02,4.265414178371429443e-02,4.233290627598762512e-02,4.102309048175811768e-02,3.877450898289680481e-02,3.565530851483345032e-02,3.174888715147972107e-02,2.715084888041019440e-02,2.196615748107433319e-02,1.630666665732860565e-02,1.028903201222419739e-02,4.033050499856472015e-03,-2.339619444683194160e-03,-8.706472814083099365e-03,-1.494501810520887375e-02,-2.093364298343658447e-02,-2.655261941254138947e-02,-3.168539330363273621e-02,-3.622024133801460266e-02,-4.005235433578491211e-02,-4.308631643652915955e-02,-4.523893818259239197e-02,-4.644231125712394714e-02,-4.664689302444458008e-02,-4.582442343235015869e-02,-4.397048056125640869e-02,-4.110638424754142761e-02,-3.728030622005462646e-02,-3.256737068295478821e-02,-2.706868574023246765e-02,-2.090923115611076355e-02,-1.423464901745319366e-02,-7.207049056887626648e-03,-1.777335519796353804e-17
0.000000000000000000e+00,-6.921059917658567429e-03,-1.370231714099645615e-02,-2.020509354770183563e-02,-2.629311941564083099e-02,-3.183409199118614197e-02,-3.670164197683334351e-02,-4.077771678566932678e-02,-4.395538195967674255e-02,-4.614198580384254456e-02,-4.726251587271690369e-02,-4.726296663284301758e-02,-4.611353203654289246e-02,-4.381131008267402649e-02,-4.038234427571296692e-02,-3.588274493813514709e-02,-3.039870783686637878e-02,-2.404536865651607513e-02,-1.696438528597354889e-02,-9.320332668721675873e-03,-1.296025468036532402e-03,6.913052871823310852e-03,1.510494481772184372e-02,2.307773381471633911e-02,3.063606470823287964e-02,3.759733960032463074e-02,4.379727318882942200e-02,4.909459501504898071e-02,5.337463691830635071e-02,5.655173957347869873e-02,5.857042223215103149e-02,5.940535292029380798e-02,5.906020477414131165e-02,5.756565183401107788e-02,5.497661978006362915e-02,5.136912688612937927e-02,4.683689400553703308e-02,4.148798808455467224e-02,3.544165566563606262e-02,2.882553078234195709e-02,2.177321910858154297e-02,1.442236173897981644e-02,6.913052871823310852e-03,-6.134430295787751675e-04,-8.015817962586879730e-03,-1.515385042876005173e-02,-2.188968844711780548e-02,-2.808942273259162903e-02,-3.362504392862319946e-02,-3.837683796882629395e-02,-4.223619401454925537e-02,-4.510876163840293884e-02,-4.691782221198081970e-02,-4.760766401886940002e-02,-4.714675992727279663e-02,-4.553049802780151367e-02,-4.278322309255599976e-02,-3.895934298634529114e-02,-3.414337709546089172e-02,-2.844879962503910065e-02,-2.201562933623790741e-02,-1.500683184713125229e-02,-7.603642530739307404e-03,-1.875597793686630557e-17
0.000000000000000000e+00,-7.166081573814153671e-03,-1.417617499828338623e-02,-2.087568864226341248e-02,-2.711298316717147827e-02,-3.274122625589370728e-02,-3.762064129114151001e-02,-4.162119328975677490e-02,-4.462570697069168091e-02,-4.653331637382507324e-02,-4.726311936974525452e-02,-4.675780236721038818e-02,-4.498704895377159119e-02,-4.195040091872215271e-02,-3.767938911914825439e-02,-3.223864734172821045e-02,-2.572585828602313995e-02,-1.827039755880832672e-02,-1.003064122051000595e-02,-1.189977047033607960e-03,8.048336021602153778e-03,1.746726408600807190e-02,2.684276364743709564e-02,3.595090657472610474e-02,4.457497596740722656e-02,5.251225829124450684e-02,5.958011373877525330e-02,6.562113016843795776e-02,7.050710171461105347e-02,7.414173334836959839e-02,7.646197080612182617e-02,7.743805646896362305e-02,7.707243412733078003e-02,7.539757341146469116e-02,7.247315347194671631e-02,6.838259100914001465e-02,6.322946399450302124e-02,5.713379755616188049e-02,5.022866278886795044e-02,4.265701025724411011e-02,3.456898406147956848e-02,2.611967921257019043e-02,1.746726408600807190e-02,8.771421387791633606e-03,1.919453934533521533e-04,-8.112671785056591034e-03,-1.598680205643177032e-02,-2.327954396605491638e-02,-2.984697744250297546e-02,-3.555487841367721558e-02,-4.028181731700897217e-02,-4.392265528440475464e-02,-4.639217630028724670e-02,-4.762874543666839600e-02,-4.759771004319190979e-02,-4.629429057240486145e-02,-4.374570399522781372e-02,-4.001231119036674500e-02,-3.518754243850708008e-02,-2.939657866954803467e-02,-2.279365621507167816e-02,-1.555809751152992249e-02,-7.889167405664920807e-03,-1.946533163424482978e-17
0.000000000000000000e+00,-7.300995290279388428e-03,-1.443111710250377655e-02,-2.122115530073642731e-02,-2.750538848340511322e-02,-3.312370926141738892e-02,-3.792415186762809753e-02,-4.176586493849754333e-02,-4.452250525355339050e-02,-4.608596116304397583e-02,-4.637025669217109680e-02,-4.531540349125862122e-02,-4.289099946618080139e-02,-3.909920901060104370e-02,-3.397696465253829956e-02,-2.759706601500511169e-02,-2.006802894175052643e-02,-1.153255719691514969e-02,-2.164565026760101318e-03,7.835138589143753052e-03,1.824442297220230103e-02,2.882639877498149872e-02,3.933670744299888611e-02,4.953116923570632935e-02,5.917342752218246460e-02,6.804224103689193726e-02,7.593804597854614258e-02,8.268851041793823242e-02,8.815287053585052490e-02,9.222488850355148315e-02,9.483437240123748779e-02,9.594733268022537231e-02,9.556486457586288452e-02,9.372094273567199707e-02,9.047942608594894409e-02,8.593047410249710083e-02,8.018664270639419556e-02,7.337901741266250610e-02,6.565342843532562256e-02,5.716708675026893616e-02,4.808557406067848206e-02,3.858030587434768677e-02,2.882639877498149872e-02,1.900082454085350037e-02,9.280734695494174957e-03,-1.582231634529307485e-04,-9.143741801381111145e-03,-1.750899851322174072e-02,-2.509519830346107483e-02,-3.175456449389457703e-02,-3.735374286770820618e-02,-4.177756235003471375e-02,-4.493293166160583496e-02,-4.675272852182388306e-02,-4.719939827919006348e-02,-4.626797139644622803e-02,-4.398826882243156433e-02,-4.042601957917213440e-02,-3.568274155259132385e-02,-2.989420294761657715e-02,-2.322749793529510498e-02,-1.587671414017677307e-02,-8.057398721575737000e-03,-1.988582889863616139e-17
0.000000000000000000e+00,-7.319694850593805313e-03,-1.445568632334470749e-02,-2.122617885470390320e-02,-2.745335549116134644e-02,-3.296574205160140991e-02,-3.760099411010742188e-02,-4.120910912752151489e-02,-4.365605860948562622e-02,-4.482775554060935974e-02,-4.463415220379829407e-02,-4.301330819725990295e-02,-3.993508964776992798e-02,-3.540429472923278809e-02,-2.946286462247371674e-02,-2.219098061323165894e-02,-1.370681729167699814e-02,-4.164843820035457611e-03,6.247374229133129120e-03,1.731380075216293335e-02,2.879585511982440948e-02,4.043937847018241882e-02,5.198236554861068726e-02,6.316305696964263916e-02,7.372803241014480591e-02,8.343997597694396973e-02,9.208458662033081055e-02,9.947652369737625122e-02,1.054640337824821472e-01,1.099321469664573669e-01,1.128043383359909058e-01,1.140427812933921814e-01,1.136472597718238831e-01,1.116529256105422974e-01,1.081271469593048096e-01,1.031658351421356201e-01,9.688932448625564575e-02,8.943826705217361450e-02,8.096968382596969604e-02,7.165326178073883057e-02,6.166815012693405151e-02,5.120016261935234070e-02,4.043937847018241882e-02,2.957805804908275604e-02,1.880870386958122253e-02,8.322148583829402924e-03,-1.694550039246678352e-03,-1.106050144881010056e-02,-1.960377767682075500e-02,-2.716466039419174194e-02,-3.359929472208023071e-02,-3.878367692232131958e-02,-4.261779040098190308e-02,-4.502967372536659241e-02,-4.597916826605796814e-02,-4.546105861663818359e-02,-4.350731149315834045e-02,-4.018819704651832581e-02,-3.561205789446830750e-02,-2.992364950478076935e-02,-2.330095507204532623e-02,-1.595059037208557129e-02,-8.101897314190864563e-03,-2.000133805373429128e-17
0.000000000000000000e+00,-7.215489633381366730e-03,-1.423729769885540009e-02,-2.087385207414627075e-02,-2.693795785307884216e-02,-3.224937990307807922e-02,-3.663780540227890015e-02,-3.994627669453620911e-02,-4.203499853610992432e-02,-4.278548806905746460e-02,-4.210484400391578674e-02,-3.992993012070655823e-02,-3.623120859265327454e-02,-3.101590834558010101e-02,-2.433028630912303925e-02,-1.626067236065864563e-02,-6.933161523193120956e-03,3.488228656351566315e-03,1.480493135750293732e-02,2.678870223462581635e-02,3.918781876564025879e-02,5.173436179757118225e-02,6.415228545665740967e-02,7.616586238145828247e-02,8.750813454389572144e-02,9.792897105216979980e-02,1.072023510932922363e-01,1.151325702667236328e-01,1.215590834617614746e-01,1.263598799705505371e-01,1.294533014297485352e-01,1.307983994483947754e-01,1.303937584161758423e-01,1.282753646373748779e-01,1.245132833719253540e-01,1.192079186439514160e-01,1.124857515096664429e-01,1.044950559735298157e-01,9.540174901485443115e-02,8.538554608821868896e-02,7.463651150465011597e-02,6.335206329822540283e-02,5.173436179757118225e-02,3.998804464936256409e-02,2.831805497407913208e-02,1.692751795053482056e-02,6.015449762344360352e-03,-4.225861281156539917e-03,-1.361384894698858261e-02,-2.197912149131298065e-02,-2.916931360960006714e-02,-3.505326062440872192e-02,-3.952529653906822205e-02,-4.250947758555412292e-02,-4.396343603730201721e-02,-4.388159513473510742e-02,-4.229744151234626770e-02,-3.928463160991668701e-02,-3.495667874813079834e-02,-2.946517989039421082e-02,-2.299643866717815399e-02,-1.576665043830871582e-02,-8.015718311071395874e-03,-1.979446349125722927e-17
0.000000000000000000e+00,-6.980935577303171158e-03,-1.376185938715934753e-02,-2.014500647783279419e-02,-2.593727968633174896e-02,-3.095295093953609467e-02,-3.501678630709648132e-02,-3.796758130192756653e-02,-3.966211900115013123e-02,-3.997943177819252014e-02,-3.882515057921409607e-02,-3.613580763339996338e-02,-3.188269585371017456e-02,-2.607510425150394440e-02,-1.876256987452507019e-02,-1.003590598702430725e-02,-2.682979175006039441e-05,1.109396480023860931e-02,2.312031388282775879e-02,3.581560775637626648e-02,4.891916736960411072e-02,6.215374544262886047e-02,7.523380219936370850e-02,8.787417411804199219e-02,9.979876875877380371e-02,1.107488200068473816e-01,1.204903945326805115e-01,1.288207620382308960e-01,1.355734020471572876e-01,1.406214982271194458e-01,1.438798755407333374e-01,1.453053206205368042e-01,1.448955982923507690e-01,1.426870971918106079e-01,1.387516558170318604e-01,1.331926435232162476e-01,1.261406242847442627e-01,1.177490204572677612e-01,1.081897839903831482e-01,9.764946252107620239e-02,8.632557094097137451e-02,7.442349940538406372e-02,6.215374544262886047e-02,4.972946643829345703e-02,3.736420720815658569e-02,2.526961825788021088e-02,1.365299709141254425e-02,2.714547794312238693e-03,-7.355766370892524719e-03,-1.638181135058403015e-02,-2.420526556670665741e-02,-3.068992123007774353e-02,-3.572608157992362976e-02,-3.923487663269042969e-02,-4.117220640182495117e-02,-4.153195768594741821e-02,-4.034833982586860657e-02,-3.769692406058311462e-02,-3.369433060288429260e-02,-2.849631197750568390e-02,-2.229431271553039551e-02,-1.531046163290739059e-02,-7.791236508637666702e-03,-1.924614696989175361e-17
0.000000000000000000e+00,-6.607831921428442001e-03,-1.301372982561588287e-02,-1.901807263493537903e-02,-2.442602254450321198e-02,-2.905030921101570129e-02,-3.271438181400299072e-02,-3.525602445006370544e-02,-3.653135150671005249e-02,-3.641908988356590271e-02,-3.482501581311225891e-02,-3.168621659278869629e-02,-2.697502262890338898e-02,-2.070221491158008575e-02,-1.291928254067897797e-02,-3.719428554177284241e-03,6.762824952602386475e-03,1.835361123085021973e-02,3.084327839314937592e-02,4.399146512150764465e-02,5.753356963396072388e-02,7.118830084800720215e-02,8.466604351997375488e-02,9.767763316631317139e-02,1.099430918693542480e-01,1.212000101804733276e-01,1.312111020088195801e-01,1.397706270217895508e-01,1.467095166444778442e-01,1.518988609313964844e-01,1.552519053220748901e-01,1.567244082689285278e-01,1.563136726617813110e-01,1.540561616420745850e-01,1.500243693590164185e-01,1.443228274583816528e-01,1.370838135480880737e-01,1.284628957509994507e-01,1.186346039175987244e-01,1.077884286642074585e-01,9.612517058849334717e-02,8.385372161865234375e-02,7.118830084800720215e-02,5.834588780999183655e-02,4.554392769932746887e-02,3.299793973565101624e-02,2.091902121901512146e-02,9.511034935712814331e-03,-1.032608910463750362e-03,-1.053258869796991348e-02,-1.882771588861942291e-02,-2.577927522361278534e-02,-3.127546608448028564e-02,-3.523576259613037109e-02,-3.761483728885650635e-02,-3.840585052967071533e-02,-3.764271736145019531e-02,-3.540120273828506470e-02,-3.179851919412612915e-02,-2.699143253266811371e-02,-2.117273397743701935e-02,-1.456619240343570709e-02,-7.420152425765991211e-03,-1.833568581326688711e-17
0.000000000000000000e+00,-6.087427493184804916e-03,-1.197609491646289825e-02,-1.746952161192893982e-02,-2.237594872713088989e-02,-2.651107311248779297e-02,-2.970118820667266846e-02,-3.178673237562179565e-02,-3.262625634670257568e-02,-3.210067749023437500e-02,-3.011764213442802429e-02,-2.661578170955181122e-02,-2.156859263777732849e-02,-1.498762425035238266e-02,-6.924713496118783951e-03,2.527002710849046707e-03,1.323349121958017349e-02,2.502176910638809204e-02,3.768342733383178711e-02,5.097967758774757385e-02,6.464773416519165039e-02,7.840832322835922241e-02,9.197398275136947632e-02,1.050577163696289062e-01,1.173817068338394165e-01,1.286855936050415039e-01,1.387339681386947632e-01,1.473227292299270630e-01,1.542841643095016479e-01,1.594904363155364990e-01,1.628555059432983398e-01,1.643355488777160645e-01,1.639278531074523926e-01,1.616686731576919556e-01,1.576299071311950684e-01,1.519152522087097168e-01,1.446559280157089233e-01,1.360062360763549805e-01,1.261392980813980103e-01,1.152430996298789978e-01,1.035168170928955078e-01,9.116771072149276733e-02,7.840832322835922241e-02,6.545399874448776245e-02,5.252056941390037537e-02,3.982203453779220581e-02,2.756806090474128723e-02,1.596122048795223236e-02,5.193799268454313278e-03,-4.555806517601013184e-03,-1.312709413468837738e-02,-2.038175612688064575e-02,-2.620809525251388550e-02,-3.052532859146595001e-02,-3.328751400113105774e-02,-3.448678553104400635e-02,-3.415563702583312988e-02,-3.236798569560050964e-02,-2.923880331218242645e-02,-2.492224052548408508e-02,-1.960812695324420929e-02,-1.351698767393827438e-02,-6.893694400787353516e-03,-1.704125899682348090e-17
0.000000000000000000e+00,-5.410857032984495163e-03,-1.063179317861795425e-02,-1.547502633184194565e-02,-1.975721120834350586e-02,-2.330203354358673096e-02,-2.594320103526115417e-02,-2.752786502242088318e-02,-2.792043052613735199e-02,-2.700668573379516602e-02,-2.469804324209690094e-02,-2.093569561839103699e-02,-1.569439843297004700e-02,-8.985610678791999817e-03,-8.597006672061979771e-04,8.593033999204635620e-03,1.924272067844867706e-02,3.092176653444766998e-02,4.342826083302497864e-02,5.653084442019462585e-02,6.997491419315338135e-02,8.348990976810455322e-02,9.679733961820602417e-02,1.096192151308059692e-01,1.216865330934524536e-01,1.327472627162933350e-01,1.425736248493194580e-01,1.509683430194854736e-01,1.577694118022918701e-01,1.628535389900207520e-01,1.661380231380462646e-01,1.675809770822525024e-01,1.671804040670394897e-01,1.649718880653381348e-01,1.610254794359207153e-01,1.554418355226516724e-01,1.483480781316757202e-01,1.398934870958328247e-01,1.302453875541687012e-01,1.195852458477020264e-01,1.081052049994468689e-01,9.600513428449630737e-02,8.348990976810455322e-02,7.076711952686309814e-02,5.804485455155372620e-02,4.552955180406570435e-02,3.342363238334655762e-02,2.192286029458045959e-02,1.121330447494983673e-02,1.467876718379557133e-03,-7.157541345804929733e-03,-1.452826801687479019e-02,-2.053512074053287506e-02,-2.509861811995506287e-02,-2.817281521856784821e-02,-2.974850125610828400e-02,-2.985544316470623016e-02,-2.856347151100635529e-02,-2.598217315971851349e-02,-2.225907705724239349e-02,-1.757632009685039520e-02,-1.214580330997705460e-02,-6.203057244420051575e-03,-1.534100910005543379e-17
0.000000000000000000e+00,-4.569804295897483826e-03,-8.964609354734420776e-03,-1.301129441708326340e-02,-1.654065214097499847e-02,-1.938973180949687958e-02,-2.140455506742000580e-02,-2.244330197572708130e-02,-2.237986586987972260e-02,-2.110776491463184357e-02,-1.854416355490684509e-02,-1.463386509567499161e-02,-9.352950379252433777e-03,-2.711833687499165535e-03,5.242566578090190887e-03,1.442577689886093140e-02,2.471602708101272583e-02,3.595594316720962524e-02,4.795572534203529358e-02,6.049771979451179504e-02,7.334227859973907471e-02,8.623465895652770996e-02,9.891264885663986206e-02,1.111145615577697754e-01,1.225872561335563660e-01,1.330937445163726807e-01,1.424200683832168579e-01,1.503812223672866821e-01,1.568255871534347534e-01,1.616382151842117310e-01,1.647424399852752686e-01,1.661001443862915039e-01,1.657106578350067139e-01,1.636086106300354004e-01,1.598607748746871948e-01,1.545624732971191406e-01,1.478335112333297729e-01,1.398141682147979736e-01,1.306611597537994385e-01,1.205441579222679138e-01,1.096424832940101624e-01,9.814239293336868286e-02,8.623465895652770996e-02,7.411253452301025391e-02,6.196979805827140808e-02,4.999882355332374573e-02,3.838852420449256897e-02,2.732194028794765472e-02,1.697347871959209442e-02,7.505681831389665604e-03,-9.343924466520547867e-04,-8.219116367399692535e-03,-1.424438413232564926e-02,-1.893364451825618744e-02,-2.224159799516201019e-02,-2.415730804204940796e-02,-2.470641583204269409e-02,-2.395225688815116882e-02,-2.199564501643180847e-02,-1.897323131561279297e-02,-1.505439262837171555e-02,-1.043668948113918304e-02,-5.340064875781536102e-03,-1.321468839592867276e-17
0.000000000000000000e+00,-3.557377494871616364e-03,-6.960990838706493378e-03,-1.005856785923242569e-02,-1.270098239183425903e-02,-1.474420260637998581e-02,-1.605165004730224609e-02,-1.649699360132217407e-02,-1.596737653017044067e-02,-1.436697319149971008e-02,-1.162074971944093704e-02,-7.678183726966381073e-03,-2.516730222851037979e-03,3.855247050523757935e-03,1.139634288847446442e-02,2.003100328147411346e-02,2.964964881539344788e-02,4.011011496186256409e-02,5.124050751328468323e-02,6.284333765506744385e-02,7.470092177391052246e-02,8.658166974782943726e-02,9.824716299772262573e-02,1.094595119357109070e-01,1.199887394905090332e-01,1.296198219060897827e-01,1.381590068340301514e-01,1.454391777515411377e-01,1.513239741325378418e-01,1.557106524705886841e-01,1.585315018892288208e-01,1.597539633512496948e-01,1.593794524669647217e-01,1.574412435293197632e-01,1.540015041828155518e-01,1.491478085517883301e-01,1.429893672466278076e-01,1.356532275676727295e-01,1.272807121276855469e-01,1.180241405963897705e-01,1.080439910292625427e-01,9.750650078058242798e-02,8.658166974782943726e-02,7.544158399105072021e-02,6.425885856151580811e-02,5.320510268211364746e-02,4.244922846555709839e-02,3.215543553233146667e-02,2.248081751167774200e-02,1.357250381261110306e-02,5.564395338296890259e-03,-1.426460803486406803e-03,-7.303668186068534851e-03,-1.199526526033878326e-02,-1.545724272727966309e-02,-1.767652481794357300e-02,-1.867315545678138733e-02,-1.850146427750587463e-02,-1.724999211728572845e-02,-1.504009589552879333e-02,-1.202316582202911377e-02,-8.376509882509708405e-03,-4.298042505979537964e-03,-1.064582192818297915e-17
0.000000000000000000e+00,-2.369162859395146370e-03,-4.612126853317022324e-03,-6.603674031794071198e-03,-8.220706135034561157e-03,-9.343696758151054382e-03,-9.858542121946811676e-03,-9.658876806497573853e-03,-8.648840710520744324e-03,-6.746214814484119415e-03,-3.885794198140501976e-03,-2.280025182699318975e-05,4.863895941525697708e-03,1.076898816972970963e-02,1.765864528715610504e-02,2.546932920813560486e-02,3.410772234201431274e-02,4.345185682177543640e-02,5.335351079702377319e-02,6.364183127880096436e-02,7.412803173065185547e-02,8.461102843284606934e-02,9.488366544246673584e-02,1.047393232583999634e-01,1.139784678816795349e-01,1.224149465560913086e-01,1.298815310001373291e-01,1.362346559762954712e-01,1.413580626249313354e-01,1.451651006937026978e-01,1.475999057292938232e-01,1.486372649669647217e-01,1.482814252376556396e-01,1.465640366077423096e-01,1.435412466526031494e-01,1.392904967069625854e-01,1.339070796966552734e-01,1.275007575750350952e-01,1.201925426721572876e-01,1.121118962764739990e-01,1.033944264054298401e-01,9.417995810508728027e-02,8.461102843284606934e-02,7.483173906803131104e-02,6.498672068119049072e-02,5.522008240222930908e-02,4.567425698041915894e-02,3.648848459124565125e-02,2.779690735042095184e-02,1.972622424364089966e-02,1.239285711199045181e-02,5.899765063077211380e-03,3.330285253468900919e-04,-4.241622984409332275e-03,-7.782083936035633087e-03,-1.027270872145891190e-02,-1.172645576298236847e-02,-1.218611933290958405e-02,-1.172445714473724365e-02,-1.044310722500085831e-02,-8.470245636999607086e-03,-5.957017187029123306e-03,-3.072871826589107513e-03,-7.624294932288054556e-18
0.000000000000000000e+00,-1.004396821372210979e-03,-1.916273264214396477e-03,-2.643454587087035179e-03,-3.094623330980539322e-03,-3.180139465257525444e-03,-2.813284052535891533e-03,-1.911979517899453640e-03,-4.009913827758282423e-04,1.785454107448458672e-03,4.700758028775453568e-03,8.382918313145637512e-03,1.285159494727849960e-02,1.810549572110176086e-02,2.412033453583717346e-02,3.084755688905715942e-02,3.821401670575141907e-02,4.612271487712860107e-02,5.445466190576553345e-02,6.307180970907211304e-02,7.182098180055618286e-02,8.053860813379287720e-02,8.905599266290664673e-02,9.720496833324432373e-02,1.048234477639198303e-01,1.117607355117797852e-01,1.178822442889213562e-01,1.230734437704086304e-01,1.272427290678024292e-01,1.303233206272125244e-01,1.322739571332931519e-01,1.330785602331161499e-01,1.327449530363082886e-01,1.313027888536453247e-01,1.288008689880371094e-01,1.253042817115783691e-01,1.208912357687950134e-01,1.156501770019531250e-01,1.096771284937858582e-01,1.030734553933143616e-01,9.594407677650451660e-02,8.839623630046844482e-02,8.053860813379287720e-02,7.248074561357498169e-02,6.433270871639251709e-02,5.620465800166130066e-02,4.820631816983222961e-02,4.044608771800994873e-02,3.302976861596107483e-02,2.605878375470638275e-02,1.962794549763202667e-02,1.382276881486177444e-02,8.716524578630924225e-03,4.367152694612741470e-03,8.142796577885746956e-04,-1.923441537655889988e-03,-3.850429086014628410e-03,-4.995493218302726746e-03,-5.412209313362836838e-03,-5.178224761039018631e-03,-4.393450450152158737e-03,-3.177168779075145721e-03,-1.664155861362814903e-03,-4.149238041420105734e-18
0.000000000000000000e+00,5.328155821189284325e-04,1.118824002332985401e-03,1.811618218198418617e-03,2.665422391146421432e-03,3.735005157068371773e-03,5.075157620012760162e-03,6.739666685461997986e-03,8.779775351285934448e-03,1.124216709285974503e-02,1.416659727692604065e-02,1.758329942822456360e-02,2.151038683950901031e-02,2.595143951475620270e-02,3.089351207017898560e-02,3.630573675036430359e-02,4.213871806859970093e-02,4.832481220364570618e-02,5.477935075759887695e-02,6.140278652310371399e-02,6.808369606733322144e-02,7.470247894525527954e-02,8.113554120063781738e-02,8.725974708795547485e-02,9.295687824487686157e-02,9.811781346797943115e-02,1.026462316513061523e-01,1.064615771174430847e-01,1.095012277364730835e-01,1.117216721177101135e-01,1.130988299846649170e-01,1.136273592710494995e-01,1.133192926645278931e-01,1.122020035982131958e-01,1.103157773613929749e-01,1.077111735939979553e-01,1.044464260339736938e-01,1.005850359797477722e-01,9.619372338056564331e-02,9.134084731340408325e-02,8.609537780284881592e-02,8.052628487348556519e-02,7.470247894525527954e-02,6.869295239448547363e-02,6.256715953350067139e-02,5.639537796378135681e-02,5.024890601634979248e-02,4.419991374015808105e-02,3.832088783383369446e-02,3.268356621265411377e-02,2.735734172165393829e-02,2.240721322596073151e-02,1.789136603474617004e-02,1.385853067040443420e-02,1.034533977508544922e-02,7.373874075710773468e-03,4.949612542986869812e-03,3.060004441067576408e-03,1.673808204941451550e-03,7.413281127810478210e-04,1.955908373929560184e-04,-4.554528277367353439e-05,-7.643642311450093985e-05,-2.320119350576949634e-19
0.000000000000000000e+00,2.232321072369813919e-03,4.473570268601179123e-03,6.733916699886322021e-03,9.025841951370239258e-03,1.136488094925880432e-02,1.376991067081689835e-02,1.626290939748287201e-02,1.886815950274467468e-02,2.161091566085815430e-02,2.451563812792301178e-02,2.760389819741249084e-02,3.089215792715549469e-02,3.438957408070564270e-02,3.809606283903121948e-02,4.200077056884765625e-02,4.608114808797836304e-02,5.030270293354988098e-02,5.461950227618217468e-02,5.897544324398040771e-02,6.330621242523193359e-02,6.754180043935775757e-02,7.160947471857070923e-02,7.543690502643585205e-02,7.895532995462417603e-02,8.210252970457077026e-02,8.482530713081359863e-02,8.708144724369049072e-02,8.884100615978240967e-02,9.008675813674926758e-02,9.081396460533142090e-02,9.102943539619445801e-02,9.074997156858444214e-02,9.000039845705032349e-02,8.881137520074844360e-02,8.721713721752166748e-02,8.525338023900985718e-02,8.295546472072601318e-02,8.035706728696823120e-02,7.748933136463165283e-02,7.438062876462936401e-02,7.105678319931030273e-02,6.754180043935775757e-02,6.385890394449234009e-02,6.003171578049659729e-02,5.608550086617469788e-02,5.204816907644271851e-02,4.795098677277565002e-02,4.382884129881858826e-02,3.971993178129196167e-02,3.566495329141616821e-02,3.170572593808174133e-02,2.788336575031280518e-02,2.423617057502269745e-02,2.079734764993190765e-02,1.759277842938899994e-02,1.463904045522212982e-02,1.194184087216854095e-02,9.495042264461517334e-03,7.280377671122550964e-03,5.267918575555086136e-03,3.417298896238207817e-03,1.679631066508591175e-03,4.100904637457713497e-18
0.000000000000000000e+00,4.076871555298566818e-03,8.114420808851718903e-03,1.207548566162586212e-02,1.592704281210899353e-02,1.964185945689678192e-02,2.319965884089469910e-02,2.658774144947528839e-02,2.980099245905876160e-02,3.284130617976188660e-02,3.571645915508270264e-02,3.843858838081359863e-02,4.102234542369842529e-02,4.348298534750938416e-02,4.583445191383361816e-02,4.808774217963218689e-02,5.024959892034530640e-02,5.232170969247817993e-02,5.430041998624801636e-02,5.617704242467880249e-02,5.793867632746696472e-02,5.956945568323135376e-02,6.105213239789009094e-02,6.236983835697174072e-02,6.350781023502349854e-02,6.445497274398803711e-02,6.520520895719528198e-02,6.575816124677658081e-02,6.611949950456619263e-02,6.630069017410278320e-02,6.631810218095779419e-02,6.619177758693695068e-02,6.594368815422058105e-02,6.559588015079498291e-02,6.516850739717483521e-02,6.467796117067337036e-02,6.413534283638000488e-02,6.354531645774841309e-02,6.290548294782638550e-02,6.220640987157821655e-02,6.143216416239738464e-02,6.056150048971176147e-02,5.956945568323135376e-02,5.842931196093559265e-02,5.711471661925315857e-02,5.560181662440299988e-02,5.387119576334953308e-02,5.190949887037277222e-02,4.971056059002876282e-02,4.727599397301673889e-02,4.461516812443733215e-02,4.174456745386123657e-02,3.868667408823966980e-02,3.546837344765663147e-02,3.211908414959907532e-02,2.866880968213081360e-02,2.514619752764701843e-02,2.157684043049812317e-02,1.798196136951446533e-02,1.437755580991506577e-02,1.077408716082572937e-02,7.176745682954788208e-03,3.586236387491226196e-03,8.805359954503518531e-18
0.000000000000000000e+00,6.041306536644697189e-03,1.199223194271326065e-02,1.776551827788352966e-02,2.327998355031013489e-02,2.846310287714004517e-02,3.325313702225685120e-02,3.760063275694847107e-02,4.146930947899818420e-02,4.483626037836074829e-02,4.769152775406837463e-02,5.003717541694641113e-02,5.188586935400962830e-02,5.325922369956970215e-02,5.418598651885986328e-02,5.470021069049835205e-02,5.483962222933769226e-02,5.464417114853858948e-02,5.415497347712516785e-02,5.341354757547378540e-02,5.246144160628318787e-02,5.134014412760734558e-02,5.009120330214500427e-02,4.875649511814117432e-02,4.737845808267593384e-02,4.600021988153457642e-02,4.466551169753074646e-02,4.341827705502510071e-02,4.230192303657531738e-02,4.135821759700775146e-02,4.062587395310401917e-02,4.013886675238609314e-02,3.992462158203125000e-02,4.000217467546463013e-02,4.038048163056373596e-02,4.105702787637710571e-02,4.201684147119522095e-02,4.323205351829528809e-02,4.466210678219795227e-02,4.625459015369415283e-02,4.794673621654510498e-02,4.966749995946884155e-02,5.134014412760734558e-02,5.288514867424964905e-02,5.422331020236015320e-02,5.527884140610694885e-02,5.598228424787521362e-02,5.627308040857315063e-02,5.610164999961853027e-02,5.543087795376777649e-02,5.423695966601371765e-02,5.250956863164901733e-02,5.025142058730125427e-02,4.747728258371353149e-02,4.421256110072135925e-02,4.049157723784446716e-02,3.635574132204055786e-02,3.185169771313667297e-02,2.702964283525943756e-02,2.194187231361865997e-02,1.664165407419204712e-02,1.118247117847204208e-02,5.617602262645959854e-03,1.381754258944099464e-17
0.000000000000000000e+00,8.092056959867477417e-03,1.604123413562774658e-02,2.370875887572765350e-02,3.096390329301357269e-02,3.768753632903099060e-02,4.377520456910133362e-02,4.913957417011260986e-02,5.371218919754028320e-02,5.744449049234390259e-02,6.030813232064247131e-02,6.229463964700698853e-02,6.341446936130523682e-02,6.369562447071075439e-02,6.318190693855285645e-02,6.193098798394203186e-02,6.001235172152519226e-02,5.750526487827301025e-02,5.449685081839561462e-02,5.108027532696723938e-02,4.735312983393669128e-02,4.341594874858856201e-02,3.937082737684249878e-02,3.532013297080993652e-02,3.136520460247993469e-02,2.760496735572814941e-02,2.413446456193923950e-02,2.104320935904979706e-02,1.841338537633419037e-02,1.631790399551391602e-02,1.481836568564176559e-02,1.396300364285707474e-02,1.378473080694675446e-02,1.429938897490501404e-02,1.550433691591024399e-02,1.737751625478267670e-02,1.987707987427711487e-02,2.294169180095195770e-02,2.649153210222721100e-02,3.043004125356674194e-02,3.464633598923683167e-02,3.901826217770576477e-02,4.341594874858856201e-02,4.770569130778312683e-02,5.175407230854034424e-02,5.543201416730880737e-02,5.861870199441909790e-02,6.120512634515762329e-02,6.309711933135986328e-02,6.421777606010437012e-02,6.450919061899185181e-02,6.393344700336456299e-02,6.247291341423988342e-02,6.012986227869987488e-02,5.692551285028457642e-02,5.289862304925918579e-02,4.810370504856109619e-02,4.260907322168350220e-02,3.649476170539855957e-02,2.985046617686748505e-02,2.277359552681446075e-02,1.536743529140949249e-02,7.739494554698467255e-03,1.905279184734625828e-17
0.000000000000000000e+00,1.018705125898122787e-02,2.017881162464618683e-02,2.978506870567798615e-02,3.882559016346931458e-02,4.713464155793190002e-02,5.456502363085746765e-02,6.099142506718635559e-02,6.631306558847427368e-02,7.045555859804153442e-02,7.337193936109542847e-02,7.504294812679290771e-02,7.547656446695327759e-02,7.470691949129104614e-02,7.279264926910400391e-02,6.981480121612548828e-02,6.587444990873336792e-02,6.109004095196723938e-02,5.559462308883666992e-02,4.953296855092048645e-02,4.305870458483695984e-02,3.633142635226249695e-02,2.951382473111152649e-02,2.276880852878093719e-02,1.625664532184600830e-02,1.013208646327257156e-02,4.541472531855106354e-03,-3.801514103543013334e-04,-4.511898849159479141e-03,-7.749829906970262527e-03,-1.000959798693656921e-02,-1.122886501252651215e-02,-1.136939227581024170e-02,-1.041869446635246277e-02,-8.391145616769790649e-03,-5.328449886292219162e-03,-1.299383584409952164e-03,3.601237200200557709e-03,9.254392236471176147e-03,1.551947928965091705e-02,2.223766967654228210e-02,2.923590876162052155e-02,3.633142635226249695e-02,4.333661869168281555e-02,5.006410554051399231e-02,5.633179098367691040e-02,6.196773797273635864e-02,6.681468337774276733e-02,7.073403149843215942e-02,7.360919564962387085e-02,7.534823566675186157e-02,7.588566094636917114e-02,7.518348097801208496e-02,7.323141396045684814e-02,7.004646211862564087e-02,6.567174941301345825e-02,6.017487496137619019e-02,5.364579334855079651e-02,4.619440808892250061e-02,3.794789314270019531e-02,2.904790267348289490e-02,1.964767277240753174e-02,9.909134358167648315e-03,2.440539487311564506e-17
0.000000000000000000e+00,1.227608881890773773e-02,2.430620044469833374e-02,3.585036098957061768e-02,4.668040573596954346e-02,5.658543854951858521e-02,6.537675112485885620e-02,7.289208471775054932e-02,7.899913936853408813e-02,8.359821885824203491e-02,8.662398159503936768e-02,8.804638683795928955e-02,8.787063509225845337e-02,8.613644540309906006e-02,8.291649818420410156e-02,7.831422984600067139e-02,7.246109843254089355e-02,6.551336497068405151e-02,5.764848366379737854e-02,4.906123504042625427e-02,3.995958343148231506e-02,3.056044504046440125e-02,2.108532935380935669e-02,1.175593212246894836e-02,2.789735328406095505e-03,-5.604346748441457748e-03,-1.323022972792387009e-02,-1.990876719355583191e-02,-2.548164874315261841e-02,-2.981500327587127686e-02,-3.280261531472206116e-02,-3.436870127916336060e-02,-3.447008505463600159e-02,-3.309776633977890015e-02,-3.027769364416599274e-02,-2.607076615095138550e-02,-2.057196572422981262e-02,-1.390858087688684464e-02,-6.237577646970748901e-03,2.257891232147812843e-03,1.137273199856281281e-02,2.088482119143009186e-02,3.056044504046440125e-02,4.016008973121643066e-02,4.944443330168724060e-02,5.818032845854759216e-02,6.614658981561660767e-02,7.313944399356842041e-02,7.897742837667465210e-02,8.350561559200286865e-02,8.659914135932922363e-02,8.816578239202499390e-02,8.814776688814163208e-02,8.652259409427642822e-02,8.330306410789489746e-02,7.853645086288452148e-02,7.230296730995178223e-02,6.471355259418487549e-02,5.590708553791046143e-02,4.604717344045639038e-02,3.531851619482040405e-02,2.392300032079219818e-02,1.207558065652847290e-02,2.974954411302473990e-17
0.000000000000000000e+00,1.430171914398670197e-02,2.831019833683967590e-02,4.173903167247772217e-02,5.431529507040977478e-02,6.578582525253295898e-02,7.592301070690155029e-02,8.452984690666198730e-02,9.144424647092819214e-02,9.654248505830764771e-02,9.974163770675659180e-02,1.010010689496994019e-01,1.003229320049285889e-01,9.775170683860778809e-02,9.337277710437774658e-02,8.731016516685485840e-02,7.972348481416702271e-02,7.080419361591339111e-02,6.077121198177337646e-02,4.986608773469924927e-02,3.834771364927291870e-02,2.648677863180637360e-02,1.455999445170164108e-02,2.844235394150018692e-03,-8.389322087168693542e-03,-1.888096705079078674e-02,-2.838801220059394836e-02,-3.669007122516632080e-02,-4.359391331672668457e-02,-4.893783479928970337e-02,-5.259540677070617676e-02,-5.447854474186897278e-02,-5.453978478908538818e-02,-5.277368053793907166e-02,-4.921730235219001770e-02,-4.394974187016487122e-02,-3.709064424037933350e-02,-2.879773825407028198e-02,-1.926343888044357300e-02,-8.710557594895362854e-03,2.612781012430787086e-03,1.443888712674379349e-02,2.648677863180637360e-02,3.846882283687591553e-02,5.009754002094268799e-02,6.109244748950004578e-02,7.118666172027587891e-02,8.013321459293365479e-02,8.771073818206787109e-02,9.372860938310623169e-02,9.803117811679840088e-02,1.005012094974517822e-01,1.010623052716255188e-01,9.968040138483047485e-02,9.636421501636505127e-02,9.116478264331817627e-02,8.417401462793350220e-02,7.552243769168853760e-02,6.537610292434692383e-02,5.393281951546669006e-02,4.141779616475105286e-02,2.807874418795108795e-02,1.418061181902885437e-02,3.494153513361593041e-17
0.000000000000000000e+00,1.620064489543437958e-02,3.206590563058853149e-02,4.726793617010116577e-02,6.149380654096603394e-02,7.445248961448669434e-02,8.588137477636337280e-02,9.555209428071975708e-02,1.032755225896835327e-01,1.089059337973594666e-01,1.123440638184547424e-01,1.135392189025878906e-01,1.124901920557022095e-01,1.092451363801956177e-01,1.039002835750579834e-01,9.659767150878906250e-02,8.752181380987167358e-02,7.689550518989562988e-02,6.497476249933242798e-02,5.204311758279800415e-02,3.840526193380355835e-02,2.438031695783138275e-02,1.029475778341293335e-02,-3.524786327034235001e-03,-1.675874553620815277e-02,-2.910167165100574493e-02,-4.026899114251136780e-02,-5.000333487987518311e-02,-5.808027833700180054e-02,-6.431337445974349976e-02,-6.855838000774383545e-02,-7.071658223867416382e-02,-7.073705643415451050e-02,-6.861800700426101685e-02,-6.440684199333190918e-02,-5.819928273558616638e-02,-5.013730376958847046e-02,-4.040602222084999084e-02,-2.922958694398403168e-02,-1.686618104577064514e-02,-3.602194366976618767e-03,1.025425363332033157e-02,2.438031695783138275e-02,3.844576701521873474e-02,5.212052538990974426e-02,6.508219987154006958e-02,7.702341675758361816e-02,8.765884488821029663e-02,9.673164039850234985e-02,1.040192916989326477e-01,1.093386039137840271e-01,1.125498190522193909e-01,1.135597005486488342e-01,1.123235821723937988e-01,1.088463068008422852e-01,1.031820625066757202e-01,9.543309360742568970e-02,8.574740588665008545e-02,7.431545853614807129e-02,6.136589124798774719e-02,4.716050252318382263e-02,3.198849782347679138e-02,1.616014167666435242e-02,3.982325070643848023e-17
0.000000000000000000e+00,1.790562830865383148e-02,3.544047847390174866e-02,5.224186554551124573e-02,6.796313077211380005e-02,8.228120207786560059e-02,9.490370750427246094e-02,1.055754125118255615e-01,1.140838488936424255e-01,1.202640309929847717e-01,1.240021809935569763e-01,1.252382993698120117e-01,1.239675357937812805e-01,1.202403903007507324e-01,1.141616180539131165e-01,1.058879420161247253e-01,9.562458097934722900e-02,8.362065255641937256e-02,7.016356289386749268e-02,5.557250604033470154e-02,4.019125178456306458e-02,2.438031695783138275e-02,8.508767932653427124e-03,-7.054174784570932388e-03,-2.194754406809806824e-02,-3.582682460546493530e-02,-4.837176203727722168e-02,-5.929360538721084595e-02,-6.834160536527633667e-02,-7.530862838029861450e-02,-8.003572374582290649e-02,-8.241566270589828491e-02,-8.239518105983734131e-02,-7.997610419988632202e-02,-7.521516084671020508e-02,-6.822260469198226929e-02,-5.915963649749755859e-02,-4.823473095893859863e-02,-3.569890931248664856e-02,-2.184011042118072510e-02,-6.976766977459192276e-03,8.549271151423454285e-03,2.438031695783138275e-02,4.015074670314788818e-02,5.549509823322296143e-02,7.005612552165985107e-02,8.349274098873138428e-02,9.548754990100860596e-02,1.057539731264114380e-01,1.140426099300384521e-01,1.201469227671623230e-01,1.239079162478446960e-01,1.252178251743316650e-01,1.240226626396179199e-01,1.203236505389213562e-01,1.141773089766502380e-01,1.056944206357002258e-01,9.503767639398574829e-02,8.241822570562362671e-02,6.809104233980178833e-02,5.234930291771888733e-02,3.551788628101348877e-02,1.794613152742385864e-02,4.422690220731968303e-17
0.000000000000000000e+00,1.934785209596157074e-02,3.829779848456382751e-02,5.646038427948951721e-02,7.346291840076446533e-02,8.895743638277053833e-02,1.026282459497451782e-01,1.141987964510917664e-01,1.234378293156623840e-01,1.301646083593368530e-01,1.342530846595764160e-01,1.356349885463714600e-01,1.343016028404235840e-01,1.303042322397232056e-01,1.237533837556838989e-01,1.148165464401245117e-01,1.037145480513572693e-01,9.071676433086395264e-02,7.613503187894821167e-02,6.031659245491027832e-02,4.363606125116348267e-02,2.648677863180637360e-02,9.271646849811077118e-03,-7.606272120028734207e-03,-2.375314757227897644e-02,-3.879353776574134827e-02,-5.237907543778419495e-02,-6.419645249843597412e-02,-7.397452741861343384e-02,-8.149035274982452393e-02,-8.657407015562057495e-02,-8.911246806383132935e-02,-8.905123174190521240e-02,-8.639580011367797852e-02,-8.121088147163391113e-02,-7.361869513988494873e-02,-6.379587948322296143e-02,-5.196934938430786133e-02,-3.841106593608856201e-02,-2.343191206455230713e-02,-7.374817505478858948e-03,9.392754174768924713e-03,2.648677863180637360e-02,4.351495578885078430e-02,6.008514016866683960e-02,7.581380009651184082e-02,9.033428877592086792e-02,1.033048257231712341e-01,1.144159734249114990e-01,1.233975589275360107e-01,1.300247609615325928e-01,1.341233253479003906e-01,1.355737596750259399e-01,1.343143284320831299e-01,1.303428709506988525e-01,1.237172931432723999e-01,1.145546212792396545e-01,1.030288189649581909e-01,8.936716616153717041e-02,7.384539395570755005e-02,5.678161978721618652e-02,3.852925077080726624e-02,1.946895942091941833e-02,4.798085627659968598e-17
0.000000000000000000e+00,2.045966871082782745e-02,4.050388932228088379e-02,5.972581729292869568e-02,7.773566991090774536e-02,9.416890144348144531e-02,1.086939871311187744e-01,1.210195720195770264e-01,1.309009790420532227e-01,1.381457746028900146e-01,1.426183879375457764e-01,1.442435681819915771e-01,1.430084854364395142e-01,1.389636546373367310e-01,1.322222203016281128e-01,1.229578629136085510e-01,1.114012673497200012e-01,9.783508628606796265e-02,8.258762955665588379e-02,6.602532416582107544e-02,4.854417964816093445e-02,3.056044504046440125e-02,1.250073406845331192e-02,-5.208157002925872803e-03,-2.214940823614597321e-02,-3.792607039213180542e-02,-5.217039957642555237e-02,-6.455240398645401001e-02,-7.478737086057662964e-02,-8.264221251010894775e-02,-8.794046938419342041e-02,-9.056588262319564819e-02,-9.046449512243270874e-02,-8.764532208442687988e-02,-8.217952400445938110e-02,-7.419825345277786255e-02,-6.388920545578002930e-02,-5.149204656481742859e-02,-3.729283809661865234e-02,-2.161756530404090881e-02,-4.824955947697162628e-03,1.270124223083257675e-02,3.056044504046440125e-02,4.834366962313652039e-02,6.564212590456008911e-02,8.205578476190567017e-02,9.720185399055480957e-02,1.107229143381118774e-01,1.222946643829345703e-01,1.316331028938293457e-01,1.385009735822677612e-01,1.427133381366729736e-01,1.441421806812286377e-01,1.427197754383087158e-01,1.384409219026565552e-01,1.313636600971221924e-01,1.216086894273757935e-01,1.093571856617927551e-01,9.484725445508956909e-02,7.836889475584030151e-02,6.025766208767890930e-02,4.088709130883216858e-02,2.066017687320709229e-02,5.091643424376667568e-17
0.000000000000000000e+00,2.117759920656681061e-02,4.193288087844848633e-02,6.185204163193702698e-02,8.053817600011825562e-02,9.761942923069000244e-02,1.127568110823631287e-01,1.256514340639114380e-01,1.360512375831604004e-01,1.437567025423049927e-01,1.486258357763290405e-01,1.505779027938842773e-01,1.495959013700485229e-01,1.457277238368988037e-01,1.390857696533203125e-01,1.298450529575347900e-01,1.182397082448005676e-01,1.045580133795738220e-01,8.913592994213104248e-02,7.234931737184524536e-02,5.460508167743682861e-02,3.633142635226249695e-02,1.796744391322135925e-02,-4.753929169964976609e-05,-1.728465966880321503e-02,-3.333588689565658569e-02,-4.782378673553466797e-02,-6.041039898991584778e-02,-7.080502063035964966e-02,-7.877062261104583740e-02,-8.412892371416091919e-02,-8.676381409168243408e-02,-8.662328124046325684e-02,-8.371982723474502563e-02,-7.812931388616561890e-02,-6.998846679925918579e-02,-5.949116870760917664e-02,-4.688354954123497009e-02,-3.245819360017776489e-02,-1.654749363660812378e-02,4.835993458982557058e-04,1.824535988271236420e-02,3.633142635226249695e-02,5.432716757059097290e-02,7.181817293167114258e-02,8.839876204729080200e-02,1.036803200840950012e-01,1.172994673252105713e-01,1.289258152246475220e-01,1.382692158222198486e-01,1.450864076614379883e-01,1.491868048906326294e-01,1.504373699426651001e-01,1.487663537263870239e-01,1.441657990217208862e-01,1.366925537586212158e-01,1.264679878950119019e-01,1.136760413646697998e-01,9.855966269969940186e-02,8.141586929559707642e-02,6.258920580148696899e-02,4.246402159333229065e-02,2.145551517605781555e-02,5.287533690063515412e-17
0.000000000000000000e+00,2.144548296928405762e-02,4.247324541211128235e-02,6.267372518777847290e-02,8.165361732244491577e-02,9.904372692108154297e-02,1.145066246390342712e-01,1.277437657117843628e-01,1.385021656751632690e-01,1.465802937746047974e-01,1.518331319093704224e-01,1.541761904954910278e-01,1.535882204771041870e-01,1.501127332448959351e-01,1.438578367233276367e-01,1.349946707487106323e-01,1.237540915608406067e-01,1.104218512773513794e-01,9.533214569091796875e-02,7.885988056659698486e-02,6.141168251633644104e-02,4.341594874858856201e-02,2.531227469444274902e-02,7.540527265518903732e-03,-9.470088407397270203e-03,-2.531161531805992126e-02,-3.960727900266647339e-02,-5.202046781778335571e-02,-6.226253882050514221e-02,-7.009919732809066772e-02,-7.535538822412490845e-02,-7.791854441165924072e-02,-7.774027436971664429e-02,-7.483641058206558228e-02,-6.928563117980957031e-02,-6.122666969895362854e-02,-5.085434019565582275e-02,-3.841450437903404236e-02,-2.419817820191383362e-02,-8.534925058484077454e-03,8.214324712753295898e-03,2.566483616828918457e-02,4.341594874858856201e-02,6.105911731719970703e-02,7.818607985973358154e-02,9.439697861671447754e-02,1.093084141612052917e-01,1.225613206624984741e-01,1.338285356760025024e-01,1.428219676017761230e-01,1.492991596460342407e-01,1.530692428350448608e-01,1.539979130029678345e-01,1.520114094018936157e-01,1.470992714166641235e-01,1.393157243728637695e-01,1.287796348333358765e-01,1.156727522611618042e-01,1.002365052700042725e-01,8.276704698801040649e-02,6.360889226198196411e-02,4.314704239368438721e-02,2.179804630577564240e-02,5.371739352932433545e-17
0.000000000000000000e+00,2.121760509908199310e-02,4.203399643301963806e-02,6.205553188920021057e-02,8.090363442897796631e-02,9.822217375040054321e-02,1.136846765875816345e-01,1.270011514425277710e-01,1.379245668649673462e-01,1.462566256523132324e-01,1.518529206514358521e-01,1.546270549297332764e-01,1.545536220073699951e-01,1.516699492931365967e-01,1.460762917995452881e-01,1.379346251487731934e-01,1.274656057357788086e-01,1.149440407752990723e-01,1.006927192211151123e-01,8.507483452558517456e-02,6.848514825105667114e-02,5.134014412760734558e-02,3.406749665737152100e-02,1.709520816802978516e-02,8.407128625549376011e-04,-1.429965160787105560e-02,-2.796047925949096680e-02,-3.981614112854003906e-02,-4.958838969469070435e-02,-5.705250054597854614e-02,-6.204188615083694458e-02,-6.445101648569107056e-02,-6.423677504062652588e-02,-6.141818687319755554e-02,-5.607476830482482910e-02,-4.834349453449249268e-02,-3.841470554471015930e-02,-2.652702108025550842e-02,-1.296154130250215530e-02,1.964578870683908463e-03,1.790496893227100372e-02,3.449120000004768372e-02,5.134014412760734558e-02,6.806144863367080688e-02,8.426507562398910522e-02,9.956885129213333130e-02,1.136059314012527466e-01,1.260321587324142456e-01,1.365331858396530151e-01,1.448314040899276733e-01,1.506922096014022827e-01,1.539299339056015015e-01,1.544128209352493286e-01,1.520671695470809937e-01,1.468803137540817261e-01,1.389022916555404663e-01,1.282460540533065796e-01,1.150861158967018127e-01,9.965563565492630005e-02,8.224174380302429199e-02,6.317939609289169312e-02,4.284375905990600586e-02,2.164130844175815582e-02,5.332829769534674187e-17
0.000000000000000000e+00,2.046163380146026611e-02,4.055057466030120850e-02,5.990082770586013794e-02,7.815980166196823120e-02,9.499491751194000244e-02,1.101001650094985962e-01,1.232024282217025757e-01,1.340675354003906250e-01,1.425058692693710327e-01,1.483773589134216309e-01,1.515956521034240723e-01,1.521313488483428955e-01,1.500138938426971436e-01,1.453322321176528931e-01,1.382338851690292358e-01,1.289224475622177124e-01,1.176534369587898254e-01,1.047285571694374084e-01,9.048854559659957886e-02,7.530470937490463257e-02,5.956945568323135376e-02,4.368609935045242310e-02,2.805833704769611359e-02,1.307966932654380798e-02,-8.767571998760104179e-04,-1.346764247864484787e-02,-2.438798360526561737e-02,-3.337827324867248535e-02,-4.023021832108497620e-02,-4.479090124368667603e-02,-4.696529731154441833e-02,-4.671720787882804871e-02,-4.406867921352386475e-02,-3.909803554415702820e-02,-3.193673118948936462e-02,-2.276516705751419067e-02,-1.180774439126253128e-02,6.727302679792046547e-04,1.438106875866651535e-02,2.899601124227046967e-02,4.417673498392105103e-02,5.956945568323135376e-02,7.481407374143600464e-02,8.955086767673492432e-02,1.034271568059921265e-01,1.161039546132087708e-01,1.272625625133514404e-01,1.366110742092132568e-01,1.438906788825988770e-01,1.488817036151885986e-01,1.514091342687606812e-01,1.513475626707077026e-01,1.486254483461380005e-01,1.432280838489532471e-01,1.351997107267379761e-01,1.246439740061759949e-01,1.117229834198951721e-01,9.665481746196746826e-02,7.970928400754928589e-02,6.120222434401512146e-02,4.148824885487556458e-02,2.095226943492889404e-02,5.162685665849661839e-17
0.000000000000000000e+00,1.916122995316982269e-02,3.798998519778251648e-02,5.615939944982528687e-02,7.335381954908370972e-02,8.927447348833084106e-02,1.036451160907745361e-01,1.162176653742790222e-01,1.267776489257812500e-01,1.351494640111923218e-01,1.412010937929153442e-01,1.448482871055603027e-01,1.460578441619873047e-01,1.448498368263244629e-01,1.412985622882843018e-01,1.355321109294891357e-01,1.277304142713546753e-01,1.181216090917587280e-01,1.069769784808158875e-01,9.460440278053283691e-02,8.134049922227859497e-02,6.754180043935775757e-02,5.357518792152404785e-02,3.980794176459312439e-02,2.659785561263561249e-02,1.428362820297479630e-02,3.176038619130849838e-03,-6.449895910918712616e-03,-1.436148770153522491e-02,-2.037349902093410492e-02,-2.435171790421009064e-02,-2.621494606137275696e-02,-2.593548037111759186e-02,-2.353814989328384399e-02,-1.909811981022357941e-02,-1.273761969059705734e-02,-4.621826577931642532e-03,5.045877303928136826e-03,1.602909155189990997e-02,2.806385420262813568e-02,4.086421430110931396e-02,5.412787571549415588e-02,6.754180043935775757e-02,8.078780770301818848e-02,9.354813396930694580e-02,1.055109798908233643e-01,1.163761392235755920e-01,1.258605718612670898e-01,1.337040513753890991e-01,1.396746933460235596e-01,1.435744464397430420e-01,1.452442705631256104e-01,1.445688158273696899e-01,1.414805501699447632e-01,1.359630376100540161e-01,1.280530393123626709e-01,1.178415343165397644e-01,1.054731830954551697e-01,9.114430844783782959e-02,7.509928196668624878e-02,5.762539431452751160e-02,3.904625773429870605e-02,1.971391960978507996e-02,4.857140367695844392e-17
0.000000000000000000e+00,1.731812953948974609e-02,3.435502201318740845e-02,5.083370581269264221e-02,6.648582220077514648e-02,8.105605095624923706e-02,9.430673718452453613e-02,1.060225293040275574e-01,1.160151734948158264e-01,1.241281554102897644e-01,1.302411407232284546e-01,1.342739760875701904e-01,1.361900269985198975e-01,1.359986364841461182e-01,1.337564736604690552e-01,1.295676231384277344e-01,1.235821619629859924e-01,1.159933954477310181e-01,1.070334911346435547e-01,9.696771949529647827e-02,8.608751744031906128e-02,7.470247894525527954e-02,6.313171982765197754e-02,5.169480666518211365e-02,4.070273414254188538e-02,3.044923022389411926e-02,2.120279148221015930e-02,1.319969631731510162e-02,6.638256367295980453e-03,1.674476894550025463e-03,-1.580809941515326500e-03,-3.063315991312265396e-03,-2.755248919129371643e-03,-6.839824491180479527e-04,3.080378053709864616e-03,8.428310975432395935e-03,1.521484926342964172e-02,2.326398901641368866e-02,3.237332403659820557e-02,4.231876134872436523e-02,5.285917595028877258e-02,6.374096870422363281e-02,7.470247894525527954e-02,8.547826111316680908e-02,9.580335021018981934e-02,1.054174676537513733e-01,1.140693053603172302e-01,1.215209662914276123e-01,1.275524646043777466e-01,1.319664269685745239e-01,1.345927417278289795e-01,1.352932006120681763e-01,1.339659094810485840e-01,1.305492073297500610e-01,1.250249743461608887e-01,1.174210757017135620e-01,1.078125834465026855e-01,9.632188826799392700e-02,8.311725407838821411e-02,6.840991228818893433e-02,5.244973301887512207e-02,3.551939129829406738e-02,1.792738214135169983e-02,4.416494968816191146e-17
0.000000000000000000e+00,1.495359651744365692e-02,2.968712151050567627e-02,4.398324340581893921e-02,5.763022229075431824e-02,7.042495161294937134e-02,8.217629790306091309e-02,9.270872920751571655e-02,1.018661037087440491e-01,1.095157265663146973e-01,1.155522912740707397e-01,1.199016645550727844e-01,1.225242167711257935e-01,1.234174892306327820e-01,1.226179376244544983e-01,1.202015578746795654e-01,1.162832453846931458e-01,1.110147610306739807e-01,1.045813560485839844e-01,9.719699621200561523e-02,8.909849822521209717e-02,8.053860813379287720e-02,7.177848368883132935e-02,6.307978183031082153e-02,5.469675734639167786e-02,4.686868563294410706e-02,3.981301933526992798e-02,3.371943905949592590e-02,2.874512411653995514e-02,2.501132525503635406e-02,2.260133251547813416e-02,2.155981399118900299e-02,2.189342118799686432e-02,2.357250824570655823e-02,2.653377503156661987e-02,3.068357519805431366e-02,3.590165078639984131e-02,4.204509034752845764e-02,4.895228892564773560e-02,5.644675344228744507e-02,6.434068083763122559e-02,7.243824005126953125e-02,8.053860813379287720e-02,8.843873441219329834e-02,9.593609720468521118e-02,1.028313562273979187e-01,1.089311614632606506e-01,1.140511780977249146e-01,1.180193498730659485e-01,1.206794902682304382e-01,1.218950375914573669e-01,1.215530410408973694e-01,1.195680573582649231e-01,1.158858984708786011e-01,1.104869022965431213e-01,1.033885553479194641e-01,9.464717656373977661e-02,8.435850590467453003e-02,7.265701889991760254e-02,5.971382185816764832e-02,4.573323950171470642e-02,3.094801679253578186e-02,1.561335474252700806e-02,3.845876003775060747e-17
0.000000000000000000e+00,1.210908871144056320e-02,2.406776323914527893e-02,3.572665154933929443e-02,4.693862050771713257e-02,5.756028741598129272e-02,6.745393574237823486e-02,7.648988813161849976e-02,8.454930782318115234e-02,9.152743965387344360e-02,9.733700007200241089e-02,1.019116565585136414e-01,1.052092909812927246e-01,1.072148755192756653e-01,1.079425662755966187e-01,1.074369624257087708e-01,1.057732254266738892e-01,1.030559837818145752e-01,9.941697865724563599e-02,9.501150250434875488e-02,9.001369774341583252e-02,8.461102843284606934e-02,7.899799197912216187e-02,7.336965203285217285e-02,6.791500002145767212e-02,6.281081587076187134e-02,5.821602046489715576e-02,5.426702648401260376e-02,5.107414722442626953e-02,4.871922358870506287e-02,4.725451022386550903e-02,4.670280218124389648e-02,4.705863073468208313e-02,4.829037934541702271e-02,5.034309253096580505e-02,5.314172804355621338e-02,5.659460648894309998e-02,6.059677898883819580e-02,6.503321230411529541e-02,6.978157162666320801e-02,7.471454143524169922e-02,7.970170676708221436e-02,8.461102843284606934e-02,8.930999040603637695e-02,9.366661310195922852e-02,9.755040705204010010e-02,1.008335873484611511e-01,1.033924669027328491e-01,1.051093861460685730e-01,1.058749854564666748e-01,1.055910065770149231e-01,1.041734218597412109e-01,1.015558242797851562e-01,9.769283235073089600e-02,9.256330877542495728e-02,8.617317676544189453e-02,7.855746150016784668e-02,6.978151202201843262e-02,5.994104966521263123e-02,4.916102066636085510e-02,3.759322315454483032e-02,2.541265450417995453e-02,1.281279791146516800e-02,3.155399229719486681e-17
0.000000000000000000e+00,8.846085518598556519e-03,1.761812716722488403e-02,2.624130435287952423e-02,3.463944047689437866e-02,4.273485392332077026e-02,5.044872686266899109e-02,5.770215019583702087e-02,6.441779434680938721e-02,7.052224129438400269e-02,7.594873756170272827e-02,8.064033836126327515e-02,8.455301821231842041e-02,8.765871822834014893e-02,8.994781225919723511e-02,9.143100678920745850e-02,9.214027971029281616e-02,9.212876856327056885e-02,9.146957099437713623e-02,9.025349467992782593e-02,8.858571201562881470e-02,8.658166974782943726e-02,8.436237275600433350e-02,8.204935491085052490e-02,7.975967228412628174e-02,7.760117202997207642e-02,7.566837966442108154e-02,7.403916865587234497e-02,7.277250289916992188e-02,7.190718501806259155e-02,7.146175205707550049e-02,7.143544405698776245e-02,7.180995494127273560e-02,7.255202531814575195e-02,7.361633330583572388e-02,7.494866102933883667e-02,7.648897916078567505e-02,7.817416638135910034e-02,7.994028925895690918e-02,8.172427117824554443e-02,8.346487581729888916e-02,8.510303497314453125e-02,8.658166974782943726e-02,8.784504234790802002e-02,8.883797377347946167e-02,8.950497210025787354e-02,8.978965133428573608e-02,8.963449299335479736e-02,8.898119628429412842e-02,8.777164667844772339e-02,8.594956994056701660e-02,8.346275240182876587e-02,8.026582002639770508e-02,7.632325589656829834e-02,7.161250710487365723e-02,6.612694263458251953e-02,5.987831205129623413e-02,5.289854109287261963e-02,4.524064436554908752e-02,3.697855398058891296e-02,2.820590138435363770e-02,1.903364621102809906e-02,9.586750529706478119e-03,2.360126778423447027e-17
0.000000000000000000e+00,5.244999658316373825e-03,1.049698702991008759e-02,1.576027087867259979e-02,2.103407122194766998e-02,2.631060034036636353e-02,3.157384693622589111e-02,3.679918870329856873e-02,4.195386171340942383e-02,4.699832201004028320e-02,5.188832059502601624e-02,5.657758191227912903e-02,6.102080270648002625e-02,6.517677754163742065e-02,6.901128590106964111e-02,7.249958068132400513e-02,7.562818378210067749e-02,7.839582860469818115e-02,8.081348985433578491e-02,8.290347456932067871e-02,8.469760417938232422e-02,8.623465895652770996e-02,8.755732327699661255e-02,8.870881050825119019e-02,8.972949534654617310e-02,9.065385907888412476e-02,9.150791913270950317e-02,9.230741113424301147e-02,9.305686503648757935e-02,9.374959766864776611e-02,9.436868131160736084e-02,9.488869458436965942e-02,9.527817368507385254e-02,9.550251811742782593e-02,9.552703797817230225e-02,9.531997889280319214e-02,9.485510736703872681e-02,9.411382675170898438e-02,9.308643639087677002e-02,9.177259355783462524e-02,9.018088877201080322e-02,8.832758665084838867e-02,8.623465895652770996e-02,8.392734080553054810e-02,8.143139630556106567e-02,7.877039164304733276e-02,7.596325129270553589e-02,7.302226871252059937e-02,6.995188444852828979e-02,6.674817204475402832e-02,6.339933723211288452e-02,5.988696962594985962e-02,5.618810281157493591e-02,5.227780342102050781e-02,4.813215509057044983e-02,4.373130202293395996e-02,3.906230255961418152e-02,3.412155061960220337e-02,2.891651354730129242e-02,2.346665039658546448e-02,1.780336908996105194e-02,1.196906622499227524e-02,6.015259772539138794e-03,1.479800307822254856e-17
0.000000000000000000e+00,1.403192523866891861e-03,2.896785503253340721e-03,4.566581919789314270e-03,6.489499937742948532e-03,8.729886263608932495e-03,1.133665814995765686e-02,1.434145495295524597e-02,1.775787957012653351e-02,2.158183231949806213e-02,2.579286135733127594e-02,3.035635873675346375e-02,3.522637858986854553e-02,4.034883901476860046e-02,4.566477239131927490e-02,5.111343413591384888e-02,5.663491785526275635e-02,6.217221170663833618e-02,6.767245382070541382e-02,7.308743894100189209e-02,7.837336510419845581e-02,8.348990976810455322e-02,8.839888870716094971e-02,9.306261688470840454e-02,9.744234383106231689e-02,1.014968156814575195e-01,1.051814332604408264e-01,1.084479466080665588e-01,1.112449318170547485e-01,1.135190948843955994e-01,1.152172386646270752e-01,1.162889227271080017e-01,1.166894957423210144e-01,1.163833737373352051e-01,1.153471618890762329e-01,1.135725080966949463e-01,1.110682114958763123e-01,1.078615710139274597e-01,1.039986833930015564e-01,9.954363107681274414e-02,9.457662701606750488e-02,8.919108659029006958e-02,8.348990976810455322e-02,7.758116722106933594e-02,7.157343626022338867e-02,6.557115912437438965e-02,5.967034399509429932e-02,5.395478010177612305e-02,4.849316552281379700e-02,4.333719611167907715e-02,3.852076828479766846e-02,3.406025096774101257e-02,2.995578385889530182e-02,2.619343623518943787e-02,2.274796180427074432e-02,1.958594843745231628e-02,1.666903309524059296e-02,1.395692769438028336e-02,1.141002587974071503e-02,8.991367183625698090e-03,6.667874753475189209e-03,4.410795401781797409e-03,2.195392735302448273e-03,5.383501116780386301e-18
0.000000000000000000e+00,-2.567884745076298714e-03,-4.962000064551830292e-03,-7.015064358711242676e-03,-8.572412654757499695e-03,-9.497438557446002960e-03,-9.676071815192699432e-03,-9.020077064633369446e-03,-7.469064556062221527e-03,-4.991162568330764771e-03,-1.582440105266869068e-03,2.734794281423091888e-03,7.914596237242221832e-03,1.389062777161598206e-02,2.057975530624389648e-02,2.788571268320083618e-02,3.570258617401123047e-02,4.391788691282272339e-02,5.241509526968002319e-02,6.107555702328681946e-02,6.977980583906173706e-02,7.840832322835922241e-02,8.684190362691879272e-02,9.496182948350906372e-02,1.026500388979911804e-01,1.097894757986068726e-01,1.162648648023605347e-01,1.219640150666236877e-01,1.267796903848648071e-01,1.306121796369552612e-01,1.333723217248916626e-01,1.349849700927734375e-01,1.353926509618759155e-01,1.345591545104980469e-01,1.324727088212966919e-01,1.291486024856567383e-01,1.246308088302612305e-01,1.189925968647003174e-01,1.123357713222503662e-01,1.047886461019515991e-01,9.650272876024246216e-02,8.764816820621490479e-02,7.840832322835922241e-02,6.897354125976562500e-02,5.953466519713401794e-02,5.027649179100990295e-02,4.137159511446952820e-02,3.297485783696174622e-02,2.521891519427299500e-02,1.821084693074226379e-02,1.203009858727455139e-02,6.727760192006826401e-03,2.327107358723878860e-03,-1.174753182567656040e-03,-3.804326290264725685e-03,-5.608534906059503555e-03,-6.651170551776885986e-03,-7.009274791926145554e-03,-6.769708823412656784e-03,-6.026120856404304504e-03,-4.876459948718547821e-03,-3.421106841415166855e-03,-1.761617837473750114e-03,-4.368074462735297076e-18
0.000000000000000000e+00,-6.546323187649250031e-03,-1.283805351704359055e-02,-1.862888969480991364e-02,-2.368870936334133148e-02,-2.781069278717041016e-02,-3.081735409796237946e-02,-3.256524354219436646e-02,-3.294817358255386353e-02,-3.189887106418609619e-02,-2.938919514417648315e-02,-2.542889863252639771e-02,-2.006330899894237518e-02,-1.337003894150257111e-02,-5.455114413052797318e-03,3.551239380612969398e-03,1.349886227399110794e-02,2.422174625098705292e-02,3.554178401827812195e-02,4.727206751704216003e-02,5.921971797943115234e-02,7.118830084800720215e-02,8.297989517450332642e-02,9.439703077077865601e-02,1.052445843815803528e-01,1.153318807482719421e-01,1.244750618934631348e-01,1.324999630451202393e-01,1.392453461885452271e-01,1.445666849613189697e-01,1.483401954174041748e-01,1.504670977592468262e-01,1.508778482675552368e-01,1.495359390974044800e-01,1.464411914348602295e-01,1.416320502758026123e-01,1.351867914199829102e-01,1.272232681512832642e-01,1.178972870111465454e-01,1.073992475867271423e-01,9.594949334859848022e-02,8.379221707582473755e-02,7.118830084800720215e-02,5.840739607810974121e-02,4.571960493922233582e-02,3.338712081313133240e-02,2.165633626282215118e-02,1.075065229088068008e-02,8.644199697300791740e-04,-7.841807790100574493e-03,-1.524453796446323395e-02,-2.125905640423297882e-02,-2.583964727818965912e-02,-2.897844649851322174e-02,-3.070312552154064178e-02,-3.107367269694805145e-02,-3.017855063080787659e-02,-2.813053317368030548e-02,-2.506248280405998230e-02,-2.112329937517642975e-02,-1.647422835230827332e-02,-1.128559093922376633e-02,-5.734002683311700821e-03,-1.415665355336323387e-17
0.000000000000000000e+00,-1.040404010564088821e-02,-2.047770284116268158e-02,-2.990056201815605164e-02,-3.837165981531143188e-02,-4.561817646026611328e-02,-5.140291526913642883e-02,-5.553029850125312805e-02,-5.785075202584266663e-02,-5.826329439878463745e-02,-5.671647563576698303e-02,-5.320767685770988464e-02,-4.778100922703742981e-02,-4.052405804395675659e-02,-3.156377002596855164e-02,-2.106175571680068970e-02,-9.209300391376018524e-03,3.777648322284221649e-03,1.766336895525455475e-02,3.219696879386901855e-02,4.711666330695152283e-02,6.215374544262886047e-02,7.703630626201629639e-02,9.149280935525894165e-02,1.052557080984115601e-01,1.180651336908340454e-01,1.296728700399398804e-01,1.398466080427169800e-01,1.483746021986007690e-01,1.550704538822174072e-01,1.597781926393508911e-01,1.623771935701370239e-01,1.627869307994842529e-01,1.609709560871124268e-01,1.569402962923049927e-01,1.507553607225418091e-01,1.425267606973648071e-01,1.324142515659332275e-01,1.206241697072982788e-01,1.074050143361091614e-01,9.304141253232955933e-02,7.784660160541534424e-02,6.215374544262886047e-02,4.630636423826217651e-02,3.064836561679840088e-02,1.551406364887952805e-02,1.218616496771574020e-03,-1.195067819207906723e-02,-2.374189533293247223e-02,-3.394453227519989014e-02,-4.239389672875404358e-02,-4.897378385066986084e-02,-5.361740663647651672e-02,-5.630674958229064941e-02,-5.707051977515220642e-02,-5.598091334104537964e-02,-5.314953997731208801e-02,-4.872277379035949707e-02,-4.287679865956306458e-02,-3.581262752413749695e-02,-2.775125764310359955e-02,-1.892909966409206390e-02,-9.593739174306392670e-03,-2.366681192161194708e-17
0.000000000000000000e+00,-1.401154231280088425e-02,-2.762436307966709137e-02,-4.045115783810615540e-02,-5.212699249386787415e-02,-6.231936439871788025e-02,-7.073694467544555664e-02,-7.713679224252700806e-02,-8.132973313331604004e-02,-8.318383246660232544e-02,-8.262600749731063843e-02,-7.964182645082473755e-02,-7.427365332841873169e-02,-6.661745160818099976e-02,-5.681847408413887024e-02,-4.506616294384002686e-02,-3.158854320645332336e-02,-1.664636470377445221e-02,-5.271991249173879623e-04,1.646034233272075653e-02,3.399221971631050110e-02,5.173436179757118225e-02,6.934788823127746582e-02,8.649422228336334229e-02,1.028402671217918396e-01,1.180635616183280945e-01,1.318577378988265991e-01,1.439380645751953125e-01,1.540472805500030518e-01,1.619614213705062866e-01,1.674957573413848877e-01,1.705102920532226562e-01,1.709149330854415894e-01,1.686737090349197388e-01,1.638080179691314697e-01,1.563984453678131104e-01,1.465848833322525024e-01,1.345650404691696167e-01,1.205907836556434631e-01,1.049628555774688721e-01,8.802357316017150879e-02,7.014811038970947266e-02,5.173436179757118225e-02,3.319199383258819580e-02,1.493098959326744080e-02,-2.649786649271845818e-03,-1.917358487844467163e-02,-3.429584577679634094e-02,-4.771298915147781372e-02,-5.916963890194892883e-02,-6.846404820680618286e-02,-7.545160502195358276e-02,-8.004646003246307373e-02,-8.222137391567230225e-02,-8.200588077306747437e-02,-7.948313653469085693e-02,-7.478562742471694946e-02,-6.809011846780776978e-02,-5.961206182837486267e-02,-4.959977418184280396e-02,-3.832856938242912292e-02,-2.609501034021377563e-02,-1.321131363511085510e-02,-3.257949442469115818e-17
0.000000000000000000e+00,-1.724297925829887390e-02,-3.402855619788169861e-02,-4.991197213530540466e-02,-6.447327136993408203e-02,-7.732851058244705200e-02,-8.813959360122680664e-02,-9.662250429391860962e-02,-1.025535389780998230e-01,-1.057735830545425415e-01,-1.061903163790702820e-01,-1.037784367799758911e-01,-9.857809543609619141e-02,-9.069177508354187012e-02,-8.027984946966171265e-02,-6.755517423152923584e-02,-5.277695134282112122e-02,-3.624417632818222046e-02,-1.828886941075325012e-02,7.307383348233997822e-04,2.043697610497474670e-02,4.043937847018241882e-02,6.034124270081520081e-02,7.974611967802047729e-02,9.826427698135375977e-02,1.155193075537681580e-01,1.311547160148620605e-01,1.448407173156738281e-01,1.562810242176055908e-01,1.652196347713470459e-01,1.714473366737365723e-01,1.748079061508178711e-01,1.752034276723861694e-01,1.725987493991851807e-01,1.670246273279190063e-01,1.585792303085327148e-01,1.474279165267944336e-01,1.338010430335998535e-01,1.179896071553230286e-01,1.003390550613403320e-01,8.124101907014846802e-02,6.112344563007354736e-02,4.043937847018241882e-02,1.965477317571640015e-02,-7.641646661795675755e-04,-2.036364376544952393e-02,-3.871446847915649414e-02,-5.542326718568801880e-02,-7.014238089323043823e-02,-8.257805556058883667e-02,-9.249677509069442749e-02,-9.972950816154479980e-02,-1.041739508509635925e-01,-1.057947948575019836e-01,-1.046221703290939331e-01,-1.007485389709472656e-01,-9.432429820299148560e-02,-8.555239439010620117e-02,-7.468219101428985596e-02,-6.200297921895980835e-02,-4.783719778060913086e-02,-3.253365308046340942e-02,-1.646077632904052734e-02,-4.058446531950162905e-17
0.000000000000000000e+00,-1.998124644160270691e-02,-3.945805132389068604e-02,-5.793955549597740173e-02,-7.496157288551330566e-02,-9.009869396686553955e-02,-1.029749885201454163e-01,-1.132730096578598022e-01,-1.207407861948013306e-01,-1.251966804265975952e-01,-1.265321522951126099e-01,-1.247123628854751587e-01,-1.197748482227325439e-01,-1.118265613913536072e-01,-1.010393053293228149e-01,-8.764416724443435669e-02,-7.192494720220565796e-02,-5.421110987663269043e-02,-3.487028181552886963e-02,-1.430060248821973801e-02,7.076976820826530457e-03,2.882639877498149872e-02,5.050415545701980591e-02,7.166691124439239502e-02,9.187914431095123291e-02,1.107207983732223511e-01,1.277949661016464233e-01,1.427356153726577759e-01,1.552152186632156372e-01,1.649522483348846436e-01,1.717182248830795288e-01,1.753442883491516113e-01,1.757267564535140991e-01,1.728316694498062134e-01,1.666977107524871826e-01,1.574376225471496582e-01,1.452374756336212158e-01,1.303540021181106567e-01,1.131096109747886658e-01,9.388548880815505981e-02,7.311251014471054077e-02,5.126055702567100525e-02,2.882639877498149872e-02,6.320573855191469193e-03,-1.574619859457015991e-02,-3.687662258744239807e-02,-5.659992620348930359e-02,-7.448398321866989136e-02,-9.014603495597839355e-02,-1.032617092132568359e-01,-1.135720238089561462e-01,-1.208882853388786316e-01,-1.250948309898376465e-01,-1.261496841907501221e-01,-1.240832507610321045e-01,-1.189953237771987915e-01,-1.110506132245063782e-01,-1.004731208086013794e-01,-8.753965795040130615e-02,-7.257276028394699097e-02,-5.593321472406387329e-02,-3.801245614886283875e-02,-1.922484301030635834e-02,-4.739288306230719306e-17
0.000000000000000000e+00,-2.212294191122055054e-02,-4.370768740773200989e-02,-6.423024833202362061e-02,-8.319454640150070190e-02,-1.001451238989830017e-01,-1.146784648299217224e-01,-1.264525204896926880e-01,-1.351942270994186401e-01,-1.407048851251602173e-01,-1.428633034229278564e-01,-1.416267305612564087e-01,-1.370298266410827637e-01,-1.291817575693130493e-01,-1.182616874575614929e-01,-1.045131385326385498e-01,-8.823712915182113647e-02,-6.978476792573928833e-02,-4.954926297068595886e-02,-2.795764617621898651e-02,-5.462353117763996124e-03,1.746726408600807190e-02,4.035345464944839478e-02,6.271857768297195435e-02,8.409360051155090332e-02,1.040266305208206177e-01,1.220913827419281006e-01,1.378956139087677002e-01,1.510894000530242920e-01,1.613730788230895996e-01,1.685047447681427002e-01,1.723069846630096436e-01,1.726726144552230835e-01,1.695691496133804321e-01,1.630416661500930786e-01,1.532139182090759277e-01,1.402872800827026367e-01,1.245376989245414734e-01,1.063102260231971741e-01,8.601156622171401978e-02,6.410049647092819214e-02,4.107654094696044922e-02,1.746726408600807190e-02,-6.185439415276050568e-03,-2.933956682682037354e-02,-5.146723240613937378e-02,-7.206836342811584473e-02,-9.068344533443450928e-02,-1.069048047065734863e-01,-1.203861981630325317e-01,-1.308503299951553345e-01,-1.380942165851593018e-01,-1.419923603534698486e-01,-1.424976736307144165e-01,-1.396404951810836792e-01,-1.335256397724151611e-01,-1.243280023336410522e-01,-1.122867986559867859e-01,-9.769880771636962891e-02,-8.091095089912414551e-02,-6.231227889657020569e-02,-4.232576489448547363e-02,-2.139985747635364532e-02,-5.274948633351888628e-17
0.000000000000000000e+00,-2.358290366828441620e-02,-4.660840332508087158e-02,-6.853358447551727295e-02,-8.884400129318237305e-02,-1.070666983723640442e-01,-1.227817982435226440e-01,-1.356323659420013428e-01,-1.453322172164916992e-01,-1.516716480255126953e-01,-1.545208245515823364e-01,-1.538309752941131592e-01,-1.496336609125137329e-01,-1.420379132032394409e-01,-1.312259733676910400e-01,-1.174475029110908508e-01,-1.010127440094947815e-01,-8.228489011526107788e-02,-6.167180463671684265e-02,-3.961738944053649902e-02,-1.659270375967025757e-02,6.913052871823310852e-03,3.040162287652492523e-02,5.337478965520858765e-02,7.534348219633102417e-02,9.583686292171478271e-02,1.144113093614578247e-01,1.306593567132949829e-01,1.442182660102844238e-01,1.547783464193344116e-01,1.620905548334121704e-01,1.659733653068542480e-01,1.663185060024261475e-01,1.630953252315521240e-01,1.563534587621688843e-01,1.462237685918807983e-01,1.329170465469360352e-01,1.167205944657325745e-01,9.799253940582275391e-02,7.715401798486709595e-02,5.467930436134338379e-02,3.108420595526695251e-02,6.913052871823310852e-03,-1.727528683841228485e-02,-4.092190414667129517e-02,-6.348233669996261597e-02,-8.444057404994964600e-02,-1.033220291137695312e-01,-1.197052001953125000e-01,-1.332314759492874146e-01,-1.436130255460739136e-01,-1.506384313106536865e-01,-1.541761308908462524e-01,-1.541756689548492432e-01,-1.506668776273727417e-01,-1.437571048736572266e-01,-1.336268484592437744e-01,-1.205241009593009949e-01,-1.047574132680892944e-01,-8.668832480907440186e-02,-6.672304868698120117e-02,-4.530388861894607544e-02,-2.290032058954238892e-02,-5.644378082829911466e-17
0.000000000000000000e+00,-2.429813705384731293e-02,-4.803504049777984619e-02,-7.066387683153152466e-02,-9.166615456342697144e-02,-1.105646565556526184e-01,-1.269350796937942505e-01,-1.404159069061279297e-01,-1.507163494825363159e-01,-1.576220989227294922e-01,-1.609990000724792480e-01,-1.607944220304489136e-01,-1.570366173982620239e-01,-1.498321741819381714e-01,-1.393618732690811157e-01,-1.258750110864639282e-01,-1.096826791763305664e-01,-9.115009009838104248e-02,-7.068829238414764404e-02,-4.874540865421295166e-02,-2.579756081104278564e-02,-2.339619444683194160e-03,2.112413942813873291e-02,4.408942162990570068e-02,6.606131792068481445e-02,8.656362444162368774e-02,1.051481366157531738e-01,1.214036643505096436e-01,1.349648386240005493e-01,1.455203741788864136e-01,1.528207659721374512e-01,1.566850244998931885e-01,1.570062488317489624e-01,1.537559330463409424e-01,1.469863653182983398e-01,1.368314027786254883e-01,1.235049590468406677e-01,1.072974428534507751e-01,8.856996893882751465e-02,6.774642318487167358e-02,4.530356451869010925e-02,2.175943367183208466e-02,-2.339619444683194160e-03,-2.643285691738128662e-02,-4.995955154299736023e-02,-7.237339764833450317e-02,-9.315642714500427246e-02,-1.118319854140281677e-01,-1.279763132333755493e-01,-1.412284523248672485e-01,-1.512981802225112915e-01,-1.579717844724655151e-01,-1.611156612634658813e-01,-1.606777757406234741e-01,-1.566869318485260010e-01,-1.492503434419631958e-01,-1.385493427515029907e-01,-1.248337924480438232e-01,-1.084153503179550171e-01,-8.965981006622314453e-02,-6.897877156734466553e-02,-4.682089760899543762e-02,-2.366284281015396118e-02,-5.831973381334077549e-17
0.000000000000000000e+00,-2.423094213008880615e-02,-4.791254922747612000e-02,-7.050944119691848755e-02,-9.151370823383331299e-02,-1.104574799537658691e-01,-1.269242465496063232e-01,-1.405584961175918579e-01,-1.510735154151916504e-01,-1.582571268081665039e-01,-1.619753092527389526e-01,-1.621737629175186157e-01,-1.588773727416992188e-01,-1.521879732608795166e-01,-1.422803401947021484e-01,-1.293967813253402710e-01,-1.138407513499259949e-01,-9.596925973892211914e-02,-7.618486881256103516e-02,-5.492700263857841492e-02,-3.266299888491630554e-02,-9.878934361040592194e-03,1.292969100177288055e-02,3.526731580495834351e-02,5.664768069982528687e-02,7.660314440727233887e-02,9.469384700059890747e-02,1.105167046189308167e-01,1.237140074372291565e-01,1.339815706014633179e-01,1.410761475563049316e-01,1.448219716548919678e-01,1.451161056756973267e-01,1.419324129819869995e-01,1.353238821029663086e-01,1.254231035709381104e-01,1.124407052993774414e-01,9.666181355714797974e-02,7.844020426273345947e-02,5.819061025977134705e-02,3.637901693582534790e-02,1.351138483732938766e-02,-9.878934361040592194e-03,-3.324469178915023804e-02,-5.603870376944541931e-02,-7.772780209779739380e-02,-9.780632704496383667e-02,-1.158087104558944702e-01,-1.313207894563674927e-01,-1.439894139766693115e-01,-1.535302847623825073e-01,-1.597336381673812866e-01,-1.624678820371627808e-01,-1.616811752319335938e-01,-1.574008613824844360e-01,-1.497312188148498535e-01,-1.388494223356246948e-01,-1.250002533197402954e-01,-1.084895208477973938e-01,-8.967664837837219238e-02,-6.896650791168212891e-02,-4.680084809660911560e-02,-2.364924922585487366e-02,-5.828342389317214779e-17
0.000000000000000000e+00,-2.337104268372058868e-02,-4.622024297714233398e-02,-6.803891807794570923e-02,-8.834426105022430420e-02,-1.066912487149238586e-01,-1.226832792162895203e-01,-1.359813958406448364e-01,-1.463116258382797241e-01,-1.534705758094787598e-01,-1.573288589715957642e-01,-1.578327715396881104e-01,-1.550038456916809082e-01,-1.489368677139282227e-01,-1.397961676120758057e-01,-1.278106421232223511e-01,-1.132676601409912109e-01,-9.650599956512451172e-02,-7.790814340114593506e-02,-5.789208784699440002e-02,-3.690269961953163147e-02,-1.540293637663125992e-02,6.135119125247001648e-03,2.723929658532142639e-02,4.744634777307510376e-02,6.631092727184295654e-02,8.341439068317413330e-02,9.837339073419570923e-02,1.108481138944625854e-01,1.205499917268753052e-01,1.272487193346023560e-01,1.307783871889114380e-01,1.310424953699111938e-01,1.280175596475601196e-01,1.217552646994590759e-01,1.123827248811721802e-01,1.001009792089462280e-01,8.518145233392715454e-02,6.796045601367950439e-02,4.883176833391189575e-02,2.823751047253608704e-02,6.657430902123451233e-03,-1.540293637663125992e-02,-3.742501139640808105e-02,-5.889030173420906067e-02,-7.929356396198272705e-02,-9.815552085638046265e-02,-1.150347217917442322e-01,-1.295382380485534668e-01,-1.413307785987854004e-01,-1.501421481370925903e-01,-1.557727009057998657e-01,-1.580968797206878662e-01,-1.570647656917572021e-01,-1.527017205953598022e-01,-1.451063454151153564e-01,-1.344467848539352417e-01,-1.209556907415390015e-01,-1.049241796135902405e-01,-8.669473975896835327e-02,-6.665349751710891724e-02,-4.522202908992767334e-02,-2.284873090684413910e-02,-5.630835481841193297e-17
0.000000000000000000e+00,-2.173663303256034851e-02,-4.299389198422431946e-02,-6.330441683530807495e-02,-8.222445845603942871e-02,-9.934477508068084717e-02,-1.143003776669502258e-01,-1.267789602279663086e-01,-1.365276873111724854e-01,-1.433583199977874756e-01,-1.471505314111709595e-01,-1.478533744812011719e-01,-1.454850882291793823e-01,-1.401312649250030518e-01,-1.319416314363479614e-01,-1.211254745721817017e-01,-1.079460829496383667e-01,-9.271433949470520020e-02,-7.578164339065551758e-02,-5.753231793642044067e-02,-3.837566077709197998e-02,-1.873779855668544769e-02,9.466497576795518398e-04,2.024294622242450714e-02,3.872461989521980286e-02,5.598178878426551819e-02,7.162933051586151123e-02,8.531481772661209106e-02,9.672609716653823853e-02,1.055983975529670715e-01,1.117207407951354980e-01,1.149414926767349243e-01,1.151729524135589600e-01,1.123945340514183044e-01,1.066546663641929626e-01,9.807098656892776489e-02,8.682882785797119141e-02,7.317793369293212891e-02,5.742738395929336548e-02,3.993876278400421143e-02,2.111775055527687073e-02,1.404388458468019962e-03,-1.873779855668544769e-02,-3.883339837193489075e-02,-5.840712413191795349e-02,-7.699579000473022461e-02,-9.415993094444274902e-02,-1.094946861267089844e-01,-1.226394847035408020e-01,-1.332865357398986816e-01,-1.411875337362289429e-01,-1.461588740348815918e-01,-1.480848342180252075e-01,-1.469190865755081177e-01,-1.426845341920852661e-01,-1.354714184999465942e-01,-1.254340708255767822e-01,-1.127863675355911255e-01,-9.779617190361022949e-02,-8.077885955572128296e-02,-6.209027394652366638e-02,-4.211908951401710510e-02,-2.127889543771743774e-02,-5.243798996716611733e-17
0.000000000000000000e+00,-1.937426440417766571e-02,-3.832549229264259338e-02,-5.644119530916213989e-02,-7.332962751388549805e-02,-8.862932771444320679e-02,-1.020177453756332397e-01,-1.132186129689216614e-01,-1.220080032944679260e-01,-1.282188445329666138e-01,-1.317438781261444092e-01,-1.325370222330093384e-01,-1.306132972240447998e-01,-1.260472238063812256e-01,-1.189699992537498474e-01,-1.095656231045722961e-01,-9.806594252586364746e-02,-8.474507182836532593e-02,-6.991308927536010742e-02,-5.390937253832817078e-02,-3.709552809596061707e-02,-1.984815485775470734e-02,-2.551437821239233017e-03,1.441032066941261292e-02,3.066015429794788361e-02,4.583583772182464600e-02,5.959714949131011963e-02,7.163290679454803467e-02,8.166766911745071411e-02,8.946801722049713135e-02,9.484816342592239380e-02,9.767486900091171265e-02,9.787137061357498169e-02,9.542021155357360840e-02,9.036478400230407715e-02,8.280947059392929077e-02,7.291828840970993042e-02,6.091190129518508911e-02,4.706313833594322205e-02,3.169095143675804138e-02,1.515302248299121857e-02,-2.162821358069777489e-03,-1.984815485775470734e-02,-3.748414292931556702e-02,-5.465207248926162720e-02,-7.094388455152511597e-02,-8.597236871719360352e-02,-9.938069432973861694e-02,-1.108510047197341919e-01,-1.201118007302284241e-01,-1.269439905881881714e-01,-1.311853528022766113e-01,-1.327335238456726074e-01,-1.315473765134811401e-01,-1.276467889547348022e-01,-1.211112365126609802e-01,-1.120768114924430847e-01,-1.007323637604713440e-01,-8.731457591056823730e-02,-7.210232317447662354e-02,-5.541040003299713135e-02,-3.758279234170913696e-02,-1.898564770817756653e-02,-4.678550088212175590e-17
0.000000000000000000e+00,-1.635752990841865540e-02,-3.236068785190582275e-02,-4.766389727592468262e-02,-6.193889677524566650e-02,-7.488270103931427002e-02,-8.622479438781738281e-02,-9.573333710432052612e-02,-1.032202169299125671e-01,-1.085448488593101501e-01,-1.116166859865188599e-01,-1.123964264988899231e-01,-1.108958944678306580e-01,-1.071768626570701599e-01,-1.013486459851264954e-01,-9.356489777565002441e-02,-8.401951938867568970e-02,-7.294194400310516357e-02,-6.059191375970840454e-02,-4.725383594632148743e-02,-3.323088213801383972e-02,-1.883886940777301788e-02,-4.400018136948347092e-03,9.763328358530998230e-03,2.333500608801841736e-02,3.601126372814178467e-02,4.750688001513481140e-02,5.756107717752456665e-02,6.594315171241760254e-02,7.245772331953048706e-02,7.694942504167556763e-02,7.930701971054077148e-02,7.946661859750747681e-02,7.741404324769973755e-02,7.318606972694396973e-02,6.687051802873611450e-02,5.860505625605583191e-02,4.857471212744712830e-02,3.700806945562362671e-02,2.417221292853355408e-02,1.036654599010944366e-02,-4.084386397153139114e-03,-1.883886940777301788e-02,-3.354651480913162231e-02,-4.785705357789993286e-02,-6.142912060022354126e-02,-7.393874973058700562e-02,-8.508735150098800659e-02,-9.460888057947158813e-02,-1.022760048508644104e-01,-1.079052090644836426e-01,-1.113605126738548279e-01,-1.125560253858566284e-01,-1.114570945501327515e-01,-1.080802381038665771e-01,-1.024918705224990845e-01,-9.480597823858261108e-02,-8.518081158399581909e-02,-7.381486892700195312e-02,-6.094209104776382446e-02,-4.682669043540954590e-02,-3.175747022032737732e-02,-1.604189723730087280e-02,-3.953055119232536628e-17
0.000000000000000000e+00,-1.278462260961532593e-02,-2.529391460120677948e-02,-3.725935891270637512e-02,-4.842585325241088867e-02,-5.855787172913551331e-02,-6.744506955146789551e-02,-7.490706443786621094e-02,-8.079738914966583252e-02,-8.500646799802780151e-02,-8.746352791786193848e-02,-8.813761174678802490e-02,-8.703751116991043091e-02,-8.421079814434051514e-02,-7.974207401275634766e-02,-7.375044375658035278e-02,-6.638635694980621338e-02,-5.782796815037727356e-02,-4.827706143260002136e-02,-3.795467689633369446e-02,-2.709650620818138123e-02,-1.594810746610164642e-02,-4.760059528052806854e-03,6.216962821781635284e-03,1.673710159957408905e-02,2.656417526304721832e-02,3.547646105289459229e-02,4.327128827571868896e-02,4.976943507790565491e-02,5.481919273734092712e-02,5.830001085996627808e-02,6.012567132711410522e-02,6.024677678942680359e-02,5.865257605910301208e-02,5.537188425660133362e-02,5.047314614057540894e-02,4.406348988413810730e-02,3.628676012158393860e-02,2.732057869434356689e-02,1.737239584326744080e-02,6.674701813608407974e-03,-4.520549438893795013e-03,-1.594810746610164642e-02,-2.733601629734039307e-02,-3.841241821646690369e-02,-4.891235753893852234e-02,-5.858436971902847290e-02,-6.719665974378585815e-02,-7.454264163970947266e-02,-8.044578135013580322e-02,-8.476348221302032471e-02,-8.739007264375686646e-02,-8.825872093439102173e-02,-8.734241873025894165e-02,-8.465389907360076904e-02,-8.024470508098602295e-02,-7.420335710048675537e-02,-6.665287166833877563e-02,-5.774757266044616699e-02,-4.766944795846939087e-02,-3.662406653165817261e-02,-2.483617700636386871e-02,-1.254511252045631409e-02,-3.091328135576844305e-17
0.000000000000000000e+00,-8.774830028414726257e-03,-1.736146770417690277e-02,-2.557636611163616180e-02,-3.324512764811515808e-02,-4.020671918988227844e-02,-4.631727188825607300e-02,-5.145338550209999084e-02,-5.551479384303092957e-02,-5.842642486095428467e-02,-6.013972312211990356e-02,-6.063331663608551025e-02,-5.991302058100700378e-02,-5.801116302609443665e-02,-5.498540773987770081e-02,-5.091702565550804138e-02,-4.590876400470733643e-02,-4.008233547210693359e-02,-3.357565402984619141e-02,-2.653983235359191895e-02,-1.913603022694587708e-02,-1.153218094259500504e-02,-3.899661591276526451e-03,3.590082051232457161e-03,1.076890062540769577e-02,1.747528091073036194e-02,2.355761453509330750e-02,2.887734957039356232e-02,3.331199660897254944e-02,3.675790131092071533e-02,3.913274779915809631e-02,4.037769883871078491e-02,4.045911133289337158e-02,3.936975449323654175e-02,3.712943941354751587e-02,3.378505632281303406e-02,2.940989844501018524e-02,2.410233020782470703e-02,1.798376627266407013e-02,1.119597163051366806e-02,3.897792194038629532e-03,-3.738653147593140602e-03,-1.153218094259500504e-02,-1.929703913629055023e-02,-2.684754319489002228e-02,-3.400272503495216370e-02,-4.059081897139549255e-02,-4.645347967743873596e-02,-5.144957453012466431e-02,-5.545846745371818542e-02,-5.838270112872123718e-02,-6.015002727508544922e-02,-6.071473285555839539e-02,-6.005830690264701843e-02,-5.818941816687583923e-02,-5.514325574040412903e-02,-5.098032206296920776e-02,-4.578472301363945007e-02,-3.966200351715087891e-02,-3.273664414882659912e-02,-2.514929510653018951e-02,-1.705375872552394867e-02,-8.613822050392627716e-03,-2.122569109176588030e-17
0.000000000000000000e+00,-4.464119672775268555e-03,-8.832733146846294403e-03,-1.301268767565488815e-02,-1.691547036170959473e-02,-2.045933902263641357e-02,-2.357125841081142426e-02,-2.618856914341449738e-02,-2.826034091413021088e-02,-2.974842488765716553e-02,-3.062812238931655884e-02,-3.088852763175964355e-02,-3.053252771496772766e-02,-2.957647852599620819e-02,-2.804959192872047424e-02,-2.599307149648666382e-02,-2.345903404057025909e-02,-2.050922811031341553e-02,-1.721364445984363556e-02,-1.364897843450307846e-02,-9.897034615278244019e-03,-6.043064873665571213e-03,-2.174071036279201508e-03,1.622907468117773533e-03,5.262507125735282898e-03,8.662736974656581879e-03,1.174663938581943512e-02,1.444389484822750092e-02,1.669234409928321838e-02,1.843939721584320068e-02,1.964330114424228668e-02,2.027422748506069183e-02,2.031513676047325134e-02,1.976239681243896484e-02,1.862609386444091797e-02,1.693005673587322235e-02,1.471149921417236328e-02,1.202035788446664810e-02,8.918248116970062256e-03,5.477108992636203766e-03,1.777530997060239315e-03,-2.093164715915918350e-03,-6.043064873665571213e-03,-9.977941401302814484e-03,-1.380360219627618790e-02,-1.742824725806713104e-02,-2.076474018394947052e-02,-2.373275160789489746e-02,-2.626067586243152618e-02,-2.828730270266532898e-02,-2.976317517459392548e-02,-3.065162338316440582e-02,-3.092943690717220306e-02,-3.058721125125885010e-02,-2.962933108210563660e-02,-2.807364426553249359e-02,-2.595085650682449341e-02,-2.330365590751171112e-02,-2.018561959266662598e-02,-1.665995828807353973e-02,-1.279808580875396729e-02,-8.678109385073184967e-03,-4.383213818073272705e-03,-1.080079752466723910e-17
0.000000000000000000e+00,-1.102647969273191930e-17,-2.181724765247195294e-17,-3.214240226285078772e-17,-4.178348016100949373e-17,-5.053873034118516240e-17,-5.822788367812288730e-17,-6.469625739727525226e-17,-6.981812666297909750e-17,-7.349929876452178466e-17,-7.567876085992140240e-17,-7.632956009609852288e-17,-7.545877052165169958e-17,-7.310669899346941645e-17,-6.934542272140709410e-17,-6.427658565913524857e-17,-5.802878461340382375e-17,-5.075442264899203968e-17,-4.262621507780096854e-17,-3.383346052865214559e-17,-2.457807048034731470e-17,-1.507046479146894013e-17,-5.525392370335282456e-18,3.842307712048629497e-18,1.282193394210175713e-17,2.121111120628902064e-17,2.881989567491109337e-17,3.547473244774516183e-17,4.102220929966469130e-17,4.533255151872746236e-17,4.830272879655632011e-17,4.985914521969119655e-17,4.995978001301439790e-17,4.859569300846545102e-17,4.579181212098425396e-17,4.160696312701312783e-17,3.613301601410466211e-17,2.949322400225170811e-17,2.183965101218233914e-17,1.334983812749126174e-17,4.222669759528581936e-18,-5.326369406232573785e-18,-1.507046479146894013e-17,-2.477709344445002337e-17,-3.421382464408362942e-17,-4.315411843600986059e-17,-5.138296410924658329e-17,-5.870211624946688870e-17,-6.493486922549474884e-17,-6.993017324003308042e-17,-7.356596290444865826e-17,-7.575173142483838029e-17,-7.643019819814417443e-17,-7.557812937532065126e-17,-7.320633124389020353e-17,-6.935886936944475611e-17,-6.411150026120436551e-17,-5.756960011176338703e-17,-4.986540532256699787e-17,-4.115493870075495012e-17,-3.161449559591944546e-17,-2.143688519140169422e-17,-1.082745672862921063e-17,-2.668018058693407429e-32
