1.117916079238057137e-03,-1.725421869195997715e-03,-4.915948957204818726e-04,-5.863798782229423523e-03,-2.504665404558181763e-03,-1.079485053196549416e-03,-1.643788345973007381e-05,-2.149998363165650517e-05,9.916422422975301743e-04,1.504852843936532736e-04,3.575425362214446068e-04,-8.938202518038451672e-04,-7.517802296206355095e-04,-1.257279771380126476e-03,-1.048776204697787762e-03,-7.906371611170470715e-04,-9.722596587380394340e-05,4.355858254712074995e-04,4.670073976740241051e-04,7.009014952927827835e-04,1.909242128022015095e-04,8.907608571462333202e-04,6.736582727171480656e-04,8.581404108554124832e-04,3.161620406899601221e-04,1.153811972471885383e-04,3.589304978959262371e-04,3.449855721555650234e-04,9.401161805726587772e-04,4.419213510118424892e-04,9.752501500770449638e-04,7.266695029102265835e-04,1.450518029741942883e-03,8.411644375883042812e-04,7.425465737469494343e-04,3.464777255430817604e-04,6.552608829224482179e-05,-4.224723379593342543e-04,-1.529294298961758614e-03,-1.413631835021078587e-03,-1.938927220180630684e-03,-8.749635308049619198e-04,-1.006360398605465889e-03,-4.310466756578534842e-04,-7.897308096289634705e-04,-2.027847222052514553e-04,1.194759024656377733e-04,5.962618160992860794e-04,1.552328234538435936e-03,1.289979554712772369e-03,1.178058329969644547e-03,-2.250842953799292445e-04,1.239466713741421700e-03,-8.322470821440219879e-04,1.543957187095656991e-04,-2.295854268595576286e-03,-3.265462873969227076e-04,-2.452056854963302612e-03,7.682883297093212605e-04,3.983772825449705124e-03,3.311482956632971764e-03,-2.779835369437932968e-03,-1.698396401479840279e-03,-6.293115206062793732e-03
-1.114908023737370968e-03,2.263686619699001312e-03,6.624125875532627106e-03,6.848696153610944748e-03,8.806194178760051727e-03,1.064927317202091217e-02,1.084305439144372940e-02,1.049332693219184875e-02,1.030812133103609085e-02,9.822453372180461884e-03,7.177492137998342514e-03,5.223103798925876617e-03,2.368580084294080734e-03,-1.610737235751003027e-04,-1.408804091624915600e-03,-3.326163860037922859e-03,-4.805716685950756073e-03,-5.419564899057149887e-03,-5.670470651239156723e-03,-6.058169994503259659e-03,-5.809210706502199173e-03,-5.341600161045789719e-03,-4.931153263896703720e-03,-3.619806375354528427e-03,-2.842012559995055199e-03,-2.401802456006407738e-03,-2.894359407946467400e-03,-2.983913058415055275e-03,-2.510203514248132706e-03,-2.814042847603559494e-03,-2.658677985891699791e-03,-3.248164430260658264e-03,-2.416360657662153244e-03,-2.685603452846407890e-03,-1.498302095569670200e-03,-7.536360644735395908e-04,5.801400402560830116e-04,2.326270099729299545e-03,3.903091652318835258e-03,6.427721586078405380e-03,7.799849379807710648e-03,1.065671164542436600e-02,1.091488078236579895e-02,1.248658262193202972e-02,1.185550633817911148e-02,1.222999300807714462e-02,9.638929739594459534e-03,9.740133769810199738e-03,6.750029977411031723e-03,3.426115494221448898e-03,6.009758799336850643e-04,-3.289837623015046120e-03,-5.721908528357744217e-03,-9.895731694996356964e-03,-1.359724439680576324e-02,-1.501893904060125351e-02,-1.642185635864734650e-02,-1.941312663257122040e-02,-1.765155792236328125e-02,-1.622723601758480072e-02,-1.578806899487972260e-02,-1.077099889516830444e-02,-4.823715891689062119e-03,1.987036921491380781e-05
-1.921552815474569798e-03,1.999518834054470062e-03,1.099092233926057816e-02,1.617262698709964752e-02,1.944216899573802948e-02,2.071533538401126862e-02,2.264547534286975861e-02,2.251294255256652832e-02,2.085540257394313812e-02,1.904304698109626770e-02,1.513658743351697922e-02,1.002511382102966309e-02,6.217421963810920715e-03,2.128402236849069595e-03,-5.157261039130389690e-04,-4.291634541004896164e-03,-6.701841950416564941e-03,-8.616489358246326447e-03,-9.816600941121578217e-03,-1.064476557075977325e-02,-1.131383981555700302e-02,-1.074720267206430435e-02,-1.000938192009925842e-02,-8.498324081301689148e-03,-7.838986814022064209e-03,-7.367394864559173584e-03,-7.216027937829494476e-03,-6.553603336215019226e-03,-6.640539970248937607e-03,-7.074450608342885971e-03,-7.162542082369327545e-03,-6.853843107819557190e-03,-5.579382646828889847e-03,-4.935400094836950302e-03,-3.156358608976006508e-03,-1.424262765794992447e-03,1.560728065669536591e-03,4.233126528561115265e-03,7.882175967097282410e-03,1.178257260471582413e-02,1.473272964358329773e-02,1.893835887312889099e-02,2.136636711657047272e-02,2.302403561770915985e-02,2.266499958932399750e-02,2.282935008406639099e-02,2.089070901274681091e-02,1.777046173810958862e-02,1.195250358432531357e-02,5.438863765448331833e-03,-2.156420378014445305e-03,-8.964941836893558502e-03,-1.571353897452354431e-02,-2.303850464522838593e-02,-2.619249187409877777e-02,-2.959556132555007935e-02,-3.136008977890014648e-02,-3.332060202956199646e-02,-3.303635120391845703e-02,-2.958956733345985413e-02,-2.584259584546089172e-02,-2.014310099184513092e-02,-1.182352285832166672e-02,7.581774843856692314e-04
-1.800071680918335915e-03,5.778400227427482605e-03,1.406214293092489243e-02,2.129300683736801147e-02,2.624089829623699188e-02,2.957269363105297089e-02,3.147128969430923462e-02,3.153532370924949646e-02,3.063661605119705200e-02,2.695594169199466705e-02,2.135111019015312195e-02,1.510930061340332031e-02,9.739533066749572754e-03,4.719213582575321198e-03,9.164161747321486473e-05,-6.062906701117753983e-03,-9.889044798910617828e-03,-1.299549359828233719e-02,-1.439207885414361954e-02,-1.531048398464918137e-02,-1.583893783390522003e-02,-1.480169128626585007e-02,-1.463968493044376373e-02,-1.272508036345243454e-02,-1.213497295975685120e-02,-1.166193839162588120e-02,-1.156003493815660477e-02,-1.105526089668273926e-02,-1.011366769671440125e-02,-1.106599811464548111e-02,-1.017505954951047897e-02,-1.015234645456075668e-02,-8.455655537545681000e-03,-6.914018653333187103e-03,-4.208507481962442398e-03,-1.298848888836801052e-03,2.434843219816684723e-03,7.510475348681211472e-03,1.217687875032424927e-02,1.842745579779148102e-02,2.237868122756481171e-02,2.755597792565822601e-02,3.086135536432266235e-02,3.295201063156127930e-02,3.298930451273918152e-02,3.161037340760231018e-02,2.768401429057121277e-02,2.115280926227569580e-02,1.488706748932600021e-02,5.075809080153703690e-03,-4.881495144218206406e-03,-1.590357907116413116e-02,-2.525018341839313507e-02,-3.402159735560417175e-02,-3.995424509048461914e-02,-4.487148672342300415e-02,-4.725346714258193970e-02,-4.830835387110710144e-02,-4.626054689288139343e-02,-4.355481266975402832e-02,-3.298101201653480530e-02,-2.176389843225479126e-02,-1.181275770068168640e-02,2.003836911171674728e-03
-1.581211690790951252e-03,8.126481436192989349e-03,1.639895141124725342e-02,2.487022615969181061e-02,3.148509189486503601e-02,3.426343947649002075e-02,3.726208582520484924e-02,3.749255090951919556e-02,3.553820773959159851e-02,3.243954852223396301e-02,2.691741101443767548e-02,1.915486343204975128e-02,1.272934116423130035e-02,6.496274378150701523e-03,1.024876139126718044e-03,-5.978622008115053177e-03,-1.063131727278232574e-02,-1.440864708274602890e-02,-1.718275435268878937e-02,-1.872258633375167847e-02,-1.894116029143333435e-02,-1.805788278579711914e-02,-1.772102341055870056e-02,-1.623081602156162262e-02,-1.554757263511419296e-02,-1.488721277564764023e-02,-1.498658210039138794e-02,-1.456010155379772186e-02,-1.469054631888866425e-02,-1.494600623846054077e-02,-1.414804067462682724e-02,-1.390958204865455627e-02,-1.201390475034713745e-02,-1.031234953552484512e-02,-6.227360107004642487e-03,-2.562910085543990135e-03,2.990204375237226486e-03,8.841615170240402222e-03,1.567433401942253113e-02,2.271662466228008270e-02,2.818650566041469574e-02,3.379889205098152161e-02,3.804751485586166382e-02,4.017225280404090881e-02,4.073429852724075317e-02,3.926775231957435608e-02,3.488856926560401917e-02,2.764141187071800232e-02,1.766572706401348114e-02,6.854828912764787674e-03,-5.622062366455793381e-03,-1.947810128331184387e-02,-2.881130576133728027e-02,-4.128293320536613464e-02,-4.926062747836112976e-02,-5.661622807383537292e-02,-5.808103084564208984e-02,-5.683124065399169922e-02,-5.339946970343589783e-02,-4.991245642304420471e-02,-3.871439024806022644e-02,-2.785614132881164551e-02,-1.355718076229095459e-02,2.523396862670779228e-03
-3.515746677294373512e-03,8.766048587858676910e-03,1.640796475112438202e-02,2.589437738060951233e-02,3.324644640088081360e-02,3.560584038496017456e-02,3.902151435613632202e-02,4.002095013856887817e-02,3.877030685544013977e-02,3.448098152875900269e-02,2.942882291972637177e-02,2.195063978433609009e-02,1.561521459370851517e-02,8.927118964493274689e-03,1.835937844589352608e-03,-4.531082231551408768e-03,-1.022415608167648315e-02,-1.460310630500316620e-02,-1.753611862659454346e-02,-1.964696496725082397e-02,-2.115674689412117004e-02,-2.082748338580131531e-02,-2.025897242128849030e-02,-1.907351985573768616e-02,-1.896890439093112946e-02,-1.875399611890316010e-02,-1.863517984747886658e-02,-1.790728978812694550e-02,-1.735429652035236359e-02,-1.746377721428871155e-02,-1.632668636739253998e-02,-1.510933041572570801e-02,-1.251031924039125443e-02,-9.609078057110309601e-03,-5.808101966977119446e-03,-1.151957549154758453e-03,4.749716725200414658e-03,1.206833496689796448e-02,1.931159384548664093e-02,2.713443152606487274e-02,3.353444486856460571e-02,3.968365117907524109e-02,4.406881332397460938e-02,4.683390259742736816e-02,4.625225067138671875e-02,4.292404279112815857e-02,3.800004720687866211e-02,2.925590611994266510e-02,1.904248818755149841e-02,6.767550017684698105e-03,-8.677184581756591797e-03,-2.410676516592502594e-02,-3.407378867268562317e-02,-4.803369566798210144e-02,-5.743495374917984009e-02,-6.561847776174545288e-02,-6.774393469095230103e-02,-6.612069904804229736e-02,-6.256690621376037598e-02,-5.593501031398773193e-02,-4.601162299513816833e-02,-3.164211660623550415e-02,-1.384222600609064102e-02,1.033191219903528690e-03
-2.389839617535471916e-03,9.406107477843761444e-03,1.747015491127967834e-02,2.682715654373168945e-02,3.360565751791000366e-02,3.645683825016021729e-02,3.924322500824928284e-02,3.986155986785888672e-02,3.814975172281265259e-02,3.510239347815513611e-02,2.920146286487579346e-02,2.281241677701473236e-02,1.647567003965377808e-02,8.884954266250133514e-03,2.858029678463935852e-03,-4.397477488964796066e-03,-9.018517099320888519e-03,-1.359671633690595627e-02,-1.717535406351089478e-02,-1.958164572715759277e-02,-2.101025357842445374e-02,-2.118735015392303467e-02,-2.172893844544887543e-02,-2.087132073938846588e-02,-2.114543318748474121e-02,-2.102743461728096008e-02,-2.141708880662918091e-02,-2.113993279635906219e-02,-2.107882313430309296e-02,-2.083276398479938507e-02,-1.943646371364593506e-02,-1.823501475155353546e-02,-1.476097013801336288e-02,-1.152521837502717972e-02,-5.538670346140861511e-03,-9.932169923558831215e-04,5.794369149953126907e-03,1.303804852068424225e-02,2.190653234720230103e-02,2.992655150592327118e-02,3.774122148752212524e-02,4.349880665540695190e-02,4.901419952511787415e-02,5.081923678517341614e-02,5.061247572302818298e-02,4.751428589224815369e-02,4.094293713569641113e-02,3.192845359444618225e-02,1.890515349805355072e-02,6.161804776638746262e-03,-8.570716716349124908e-03,-2.362713776528835297e-02,-3.715084493160247803e-02,-5.033945292234420776e-02,-5.997909232974052429e-02,-6.877075880765914917e-02,-7.096233963966369629e-02,-6.990836560726165771e-02,-6.529798358678817749e-02,-5.844271555542945862e-02,-4.756490141153335571e-02,-3.236774727702140808e-02,-1.492375228554010391e-02,7.663085707463324070e-04
-1.761565334163606167e-03,8.344604633748531342e-03,1.566543057560920715e-02,2.394429780542850494e-02,3.056976944208145142e-02,3.292265906929969788e-02,3.563373908400535583e-02,3.663339465856552124e-02,3.533072024583816528e-02,3.314113616943359375e-02,2.866912074387073517e-02,2.244878746569156647e-02,1.671146042644977570e-02,1.004260871559381485e-02,4.629136994481086731e-03,-7.575475028716027737e-04,-5.899322219192981720e-03,-9.740782901644706726e-03,-1.388583146035671234e-02,-1.727671548724174500e-02,-1.907166838645935059e-02,-2.090576104819774628e-02,-2.181008458137512207e-02,-2.232725545763969421e-02,-2.282585948705673218e-02,-2.299380116164684296e-02,-2.369520813226699829e-02,-2.359564229846000671e-02,-2.367280051112174988e-02,-2.377785556018352509e-02,-2.185795828700065613e-02,-1.977302134037017822e-02,-1.662932522594928741e-02,-1.256115268915891647e-02,-6.718209944665431976e-03,-5.196065176278352737e-04,6.314427591860294342e-03,1.431600190699100494e-02,2.351440861821174622e-02,3.265786916017532349e-02,3.954420611262321472e-02,4.585287347435951233e-02,5.052772536873817444e-02,5.224278569221496582e-02,5.173119902610778809e-02,4.799623787403106689e-02,4.149715602397918701e-02,3.070570714771747589e-02,1.794479228556156158e-02,6.147306878119707108e-03,-9.054404683411121368e-03,-2.518120966851711273e-02,-3.742659464478492737e-02,-5.166313052177429199e-02,-6.085067614912986755e-02,-6.802926957607269287e-02,-7.120289653539657593e-02,-7.029379904270172119e-02,-6.599346548318862915e-02,-5.726689472794532776e-02,-4.736809432506561279e-02,-3.290878608822822571e-02,-1.513429172337055206e-02,-1.963420800166204572e-04
-3.729137824848294258e-04,8.113610558211803436e-03,1.256572920829057693e-02,1.904020272195339203e-02,2.294028550386428833e-02,2.523774467408657074e-02,2.769642695784568787e-02,2.845864370465278625e-02,2.803863957524299622e-02,2.684604935348033905e-02,2.435616590082645416e-02,2.028553560376167297e-02,1.651479676365852356e-02,1.182720810174942017e-02,7.816222496330738068e-03,3.052900312468409538e-03,-5.444019916467368603e-04,-4.875009413808584213e-03,-8.614975959062576294e-03,-1.181699801236391068e-02,-1.494492311030626297e-02,-1.704499870538711548e-02,-1.967930607497692108e-02,-2.098458260297775269e-02,-2.292618341743946075e-02,-2.340380288660526276e-02,-2.479506656527519226e-02,-2.535810694098472595e-02,-2.603576891124248505e-02,-2.585348114371299744e-02,-2.422484755516052246e-02,-2.166038751602172852e-02,-1.696513034403324127e-02,-1.270462572574615479e-02,-6.134425755590200424e-03,-1.935185428010299802e-04,7.258356083184480667e-03,1.467645540833473206e-02,2.413503080606460571e-02,3.266081586480140686e-02,3.996594622731208801e-02,4.479895159602165222e-02,4.912285134196281433e-02,5.036070942878723145e-02,4.884158074855804443e-02,4.593825712800025940e-02,3.829540312290191650e-02,2.781815640628337860e-02,1.550613157451152802e-02,3.781410865485668182e-03,-9.227083064615726471e-03,-2.378708682954311371e-02,-3.705753758549690247e-02,-4.865428432822227478e-02,-5.742742866277694702e-02,-6.292165815830230713e-02,-6.574631482362747192e-02,-6.514670699834823608e-02,-6.041562557220458984e-02,-5.179333314299583435e-02,-4.330966994166374207e-02,-2.892518974840641022e-02,-1.470061112195253372e-02,-1.460539177060127258e-03
-7.479925407096743584e-04,3.422010689973831177e-03,9.327775798738002777e-03,1.082372292876243591e-02,1.231800019741058350e-02,1.322309486567974091e-02,1.545395329594612122e-02,1.767361909151077271e-02,1.864640228450298309e-02,1.819147355854511261e-02,1.848602294921875000e-02,1.672282628715038300e-02,1.555030699819326401e-02,1.276983600109815598e-02,1.082962192595005035e-02,8.084067143499851227e-03,5.307910963892936707e-03,2.880903426557779312e-03,-9.737611981108784676e-04,-4.619958344846963882e-03,-8.249172009527683258e-03,-1.216023787856101990e-02,-1.475007645785808563e-02,-1.804101467132568359e-02,-2.046768739819526672e-02,-2.266974002122879028e-02,-2.435556054115295410e-02,-2.542967163026332855e-02,-2.667542919516563416e-02,-2.624750509858131409e-02,-2.532851137220859528e-02,-2.253940142691135406e-02,-1.812280528247356415e-02,-1.239825692027807236e-02,-6.960490718483924866e-03,-1.019457587972283363e-03,6.509644910693168640e-03,1.475988235324621201e-02,2.326090820133686066e-02,3.037164546549320221e-02,3.721053153276443481e-02,4.207278788089752197e-02,4.592297971248626709e-02,4.607794061303138733e-02,4.445015266537666321e-02,4.044703021645545959e-02,3.457028418779373169e-02,2.451691962778568268e-02,1.345427986234426498e-02,2.459160750731825829e-03,-9.866568259894847870e-03,-2.145384997129440308e-02,-3.387639671564102173e-02,-4.469317197799682617e-02,-5.204290524125099182e-02,-5.622202157974243164e-02,-5.806737393140792847e-02,-5.600740015506744385e-02,-5.141225829720497131e-02,-4.548979923129081726e-02,-3.750225156545639038e-02,-2.601491287350654602e-02,-1.341896411031484604e-02,-2.838860382325947285e-05
1.020011492073535919e-03,-2.689972752705216408e-04,1.828394713811576366e-03,2.030854113399982452e-03,1.873721135780215263e-03,2.366273663938045502e-03,5.602755583822727203e-03,5.866771098226308823e-03,7.392710074782371521e-03,9.014438837766647339e-03,1.051592919975519180e-02,1.178109738975763321e-02,1.256694179028272629e-02,1.219990290701389313e-02,1.245806738734245300e-02,1.118026673793792725e-02,1.031582709401845932e-02,8.010156452655792236e-03,5.410645622760057449e-03,2.209834521636366844e-03,-1.082823961041867733e-03,-5.266014952212572098e-03,-9.795696474611759186e-03,-1.372113823890686035e-02,-1.780438423156738281e-02,-2.090389281511306763e-02,-2.384234592318534851e-02,-2.588476613163948059e-02,-2.758891880512237549e-02,-2.718939818441867828e-02,-2.606599032878875732e-02,-2.333870343863964081e-02,-1.814135164022445679e-02,-1.322827208787202835e-02,-6.914219353348016739e-03,-1.447233022190630436e-03,5.773359443992376328e-03,1.318941265344619751e-02,2.103505842387676239e-02,2.760039269924163818e-02,3.331292793154716492e-02,3.713861852884292603e-02,3.925646096467971802e-02,3.913791850209236145e-02,3.709673136472702026e-02,3.322787210345268250e-02,2.729967981576919556e-02,1.857034303247928619e-02,9.081973694264888763e-03,-5.219136364758014679e-04,-1.036388706415891647e-02,-1.954995654523372650e-02,-2.980595082044601440e-02,-3.889818862080574036e-02,-4.518215730786323547e-02,-4.817281290888786316e-02,-4.846335202455520630e-02,-4.585741460323333740e-02,-4.146074131131172180e-02,-3.870137408375740051e-02,-3.001013584434986115e-02,-2.126398310065269470e-02,-1.036125235259532928e-02,-1.497544697485864162e-03
9.704523836262524128e-04,-1.391320372931659222e-03,-2.334897406399250031e-03,-5.460303276777267456e-03,-1.051402091979980469e-02,-1.105444785207509995e-02,-9.241513907909393311e-03,-7.023155223578214645e-03,-4.181406460702419281e-03,-2.302639652043581009e-03,1.927160541526973248e-03,5.861762911081314087e-03,9.602473117411136627e-03,1.171273179352283478e-02,1.403016038239002228e-02,1.515506580471992493e-02,1.565823331475257874e-02,1.598103530704975128e-02,1.366455946117639542e-02,1.091362535953521729e-02,6.807826459407806396e-03,2.612258307635784149e-03,-2.980008954182267189e-03,-7.811737246811389923e-03,-1.241283398121595383e-02,-1.764973439276218414e-02,-2.126495353877544403e-02,-2.513292245566844940e-02,-2.604896947741508484e-02,-2.647007443010807037e-02,-2.566752023994922638e-02,-2.207355014979839325e-02,-1.813162118196487427e-02,-1.278495043516159058e-02,-7.629438303411006927e-03,-1.859685638919472694e-03,4.928349051624536514e-03,1.185498666018247604e-02,1.846909336745738983e-02,2.343085780739784241e-02,2.804565615952014923e-02,3.065966814756393433e-02,3.149634227156639099e-02,3.113068453967571259e-02,2.899343334138393402e-02,2.529105171561241150e-02,2.053913660347461700e-02,1.317896880209445953e-02,6.342089734971523285e-03,-1.727968337945640087e-03,-8.552884683012962341e-03,-1.481212768703699112e-02,-2.207196503877639771e-02,-2.740012109279632568e-02,-3.213380277156829834e-02,-3.329117968678474426e-02,-3.473498299717903137e-02,-3.325976058840751648e-02,-3.025553189218044281e-02,-2.662327699363231659e-02,-2.080118469893932343e-02,-1.476507168263196945e-02,-6.719578523188829422e-03,-1.570239663124084473e-03
2.724945661611855030e-04,-5.994169041514396667e-03,-9.294399060308933258e-03,-1.571650616824626923e-02,-1.969170011579990387e-02,-2.145973406732082367e-02,-2.450617402791976929e-02,-2.264161035418510437e-02,-1.870213821530342102e-02,-1.464015338569879532e-02,-9.028215892612934113e-03,-4.887746763415634632e-04,5.479350220412015915e-03,1.061760541051626205e-02,1.616552285850048065e-02,1.907283253967761993e-02,2.176903001964092255e-02,2.276503294706344604e-02,2.156949415802955627e-02,1.900787092745304108e-02,1.503550447523593903e-02,9.751889854669570923e-03,3.392855869606137276e-03,-2.776765963062644005e-03,-8.207986131310462952e-03,-1.367026846855878830e-02,-1.862844265997409821e-02,-2.290481515228748322e-02,-2.501375973224639893e-02,-2.574863284826278687e-02,-2.456368692219257355e-02,-2.218853682279586792e-02,-1.724727638065814972e-02,-1.344996504485607147e-02,-8.121957071125507355e-03,-2.628740621730685234e-03,3.253723494708538055e-03,9.380439296364784241e-03,1.395045779645442963e-02,1.841007545590400696e-02,2.030480466783046722e-02,2.206343226134777069e-02,2.188746444880962372e-02,2.112026698887348175e-02,1.950087584555149078e-02,1.630507037043571472e-02,1.231113821268081665e-02,6.819477304816246033e-03,2.106508938595652580e-03,-2.794349100440740585e-03,-6.179660093039274216e-03,-1.045704819262027740e-02,-1.419018767774105072e-02,-1.757283322513103485e-02,-1.851372234523296356e-02,-1.929751038551330566e-02,-1.843682676553726196e-02,-1.671080850064754486e-02,-1.497882604598999023e-02,-1.330953743308782578e-02,-9.778363630175590515e-03,-7.534794975072145462e-03,-2.526205731555819511e-03,-1.836226787418127060e-03
-1.614506705664098263e-03,-6.695271935313940048e-03,-1.643549278378486633e-02,-2.401282452046871185e-02,-2.905019372701644897e-02,-3.048958815634250641e-02,-3.324276953935623169e-02,-3.457298502326011658e-02,-3.288956731557846069e-02,-2.553411759436130524e-02,-1.812670193612575531e-02,-8.905872702598571777e-03,3.333604836370795965e-04,7.903738878667354584e-03,1.604460738599300385e-02,2.058831229805946350e-02,2.587708830833435059e-02,2.928081341087818146e-02,2.944883890450000763e-02,2.729038335382938385e-02,2.378603816032409668e-02,1.851476170122623444e-02,1.115792151540517807e-02,4.713779315352439880e-03,-2.470904728397727013e-03,-8.600320667028427124e-03,-1.389706414192914963e-02,-1.895050331950187683e-02,-2.189259976148605347e-02,-2.327199280261993408e-02,-2.237471565604209900e-02,-1.993613503873348236e-02,-1.685588061809539795e-02,-1.276041660457849503e-02,-8.735883980989456177e-03,-4.040312021970748901e-03,1.303051598370075226e-03,5.999679677188396454e-03,9.335710667073726654e-03,1.141054928302764893e-02,1.315760053694248199e-02,1.312465965747833252e-02,1.343810558319091797e-02,1.163253095000982285e-02,1.042036246508359909e-02,7.231740746647119522e-03,5.439431872218847275e-03,1.160653075203299522e-03,-5.106430035084486008e-04,-1.999420346692204475e-03,-2.935696626082062721e-03,-5.227783694863319397e-03,-6.655134260654449463e-03,-7.557853590697050095e-03,-7.410986348986625671e-03,-5.684669595211744308e-03,-5.229741334915161133e-03,-3.646966768428683281e-03,-2.473216969519853592e-03,-4.743136814795434475e-04,-8.643227920401841402e-05,-4.790358943864703178e-04,6.603137589991092682e-04,-2.047115936875343323e-03
-2.189525635913014412e-03,-1.070251036435365677e-02,-2.281850017607212067e-02,-3.197103366255760193e-02,-3.856002539396286011e-02,-4.302698373794555664e-02,-4.465217515826225281e-02,-4.448316618800163269e-02,-4.226213321089744568e-02,-3.538861125707626343e-02,-2.707591839134693146e-02,-1.719312742352485657e-02,-6.143308710306882858e-03,4.646252840757369995e-03,1.501130964607000351e-02,2.284118905663490295e-02,2.935790456831455231e-02,3.355078399181365967e-02,3.518074750900268555e-02,3.347722068428993225e-02,3.095695003867149353e-02,2.539276145398616791e-02,1.918913796544075012e-02,1.039038412272930145e-02,3.680574707686901093e-03,-3.727170871570706367e-03,-8.837169036269187927e-03,-1.421032752841711044e-02,-1.812957227230072021e-02,-1.966438069939613342e-02,-2.009603567421436310e-02,-1.868079230189323425e-02,-1.611164025962352753e-02,-1.326209679245948792e-02,-9.789745323359966278e-03,-5.978989414870738983e-03,-2.321606269106268883e-03,8.641107124276459217e-04,2.362693659961223602e-03,3.603684715926647186e-03,4.384499043226242065e-03,3.635120578110218048e-03,3.377962624654173851e-03,1.248297281563282013e-03,4.191745538264513016e-04,-1.671675941906869411e-03,-2.714836271479725838e-03,-3.958665300160646439e-03,-3.445207374170422554e-03,-2.593639073893427849e-03,-1.168182119727134705e-03,-6.318739615380764008e-04,8.718320168554782867e-04,3.086165757849812508e-03,5.072484724223613739e-03,8.076587691903114319e-03,9.888006374239921570e-03,1.098278909921646118e-02,1.053018122911453247e-02,1.097262464463710785e-02,8.551527746021747589e-03,5.340733099728822708e-03,4.027963615953922272e-03,-1.220609759911894798e-03
-1.919709146022796631e-03,-1.391179952770471573e-02,-2.794865891337394714e-02,-3.881989791989326477e-02,-4.740183427929878235e-02,-5.149153992533683777e-02,-5.304137244820594788e-02,-5.330375581979751587e-02,-5.106162279844284058e-02,-4.405143484473228455e-02,-3.425860404968261719e-02,-2.311913482844829559e-02,-1.173278223723173141e-02,1.408526324667036533e-03,1.289224904030561447e-02,2.223990671336650848e-02,2.995282784104347229e-02,3.590948879718780518e-02,3.912988305091857910e-02,3.889654204249382019e-02,3.704217448830604553e-02,3.217732906341552734e-02,2.632948383688926697e-02,1.915974915027618408e-02,1.075486745685338974e-02,3.892197273671627045e-03,-2.298139734193682671e-03,-8.113938383758068085e-03,-1.244392991065979004e-02,-1.552063785493373871e-02,-1.668812148272991180e-02,-1.672643050551414490e-02,-1.541339792311191559e-02,-1.366031449288129807e-02,-1.178586576133966446e-02,-9.203527122735977173e-03,-6.933585274964570999e-03,-5.653918720781803131e-03,-4.889575764536857605e-03,-4.444019403308629990e-03,-4.457837902009487152e-03,-4.779302049428224564e-03,-5.361977498978376389e-03,-6.713298615068197250e-03,-7.483785971999168396e-03,-8.572318591177463531e-03,-8.650294505059719086e-03,-8.273311890661716461e-03,-5.570500157773494720e-03,-2.182879019528627396e-03,1.152732875198125839e-03,4.743380472064018250e-03,9.219240397214889526e-03,1.277241576462984085e-02,1.690194569528102875e-02,1.945080049335956573e-02,2.204298414289951324e-02,2.295970544219017029e-02,2.211222611367702484e-02,2.040144614875316620e-02,1.606461778283119202e-02,1.074690092355012894e-02,5.131372250616550446e-03,-1.723266206681728363e-03
3.274672053521499038e-05,-1.378256455063819885e-02,-3.023495711386203766e-02,-4.168212041258811951e-02,-5.014618486166000366e-02,-5.722867697477340698e-02,-5.975215137004852295e-02,-5.915300548076629639e-02,-5.645601823925971985e-02,-5.057853460311889648e-02,-3.948356583714485168e-02,-2.806058898568153381e-02,-1.674501411616802216e-02,-3.063292242586612701e-03,9.845792315900325775e-03,2.078868634998798370e-02,2.933502011001110077e-02,3.646562620997428894e-02,4.037794843316078186e-02,4.179152846336364746e-02,4.073301702737808228e-02,3.706010803580284119e-02,3.233858570456504822e-02,2.514521777629852295e-02,1.814162544906139374e-02,9.637914597988128662e-03,4.006826784461736679e-03,-2.384817227721214294e-03,-6.765864789485931396e-03,-1.060881651937961578e-02,-1.317019946873188019e-02,-1.459392439574003220e-02,-1.515563949942588806e-02,-1.446103863418102264e-02,-1.387029699981212616e-02,-1.305539160966873169e-02,-1.272347196936607361e-02,-1.209869049489498138e-02,-1.232718117535114288e-02,-1.233423501253128052e-02,-1.291437540203332901e-02,-1.313884370028972626e-02,-1.413856167346239090e-02,-1.459129899740219116e-02,-1.461198832839727402e-02,-1.472362875938415527e-02,-1.261589024215936661e-02,-1.024622004479169846e-02,-4.760944750159978867e-03,-9.664027020335197449e-04,4.334356635808944702e-03,1.017927099019289017e-02,1.618010550737380981e-02,2.102824673056602478e-02,2.616351842880249023e-02,3.006870672106742859e-02,3.210133686661720276e-02,3.238116949796676636e-02,2.977249212563037872e-02,2.769732289016246796e-02,2.128708362579345703e-02,1.493876706808805466e-02,7.707930635660886765e-03,-8.718384196981787682e-04
7.687341421842575073e-04,-1.792796142399311066e-02,-3.092317841947078705e-02,-4.179256409406661987e-02,-5.257032439112663269e-02,-5.774282291531562805e-02,-6.149482727050781250e-02,-6.206478923559188843e-02,-5.886026099324226379e-02,-5.389532074332237244e-02,-4.410255700349807739e-02,-3.158579394221305847e-02,-2.105981297791004181e-02,-6.594749633222818375e-03,5.883128847926855087e-03,1.762627251446247101e-02,2.739408984780311584e-02,3.456376865506172180e-02,3.993267565965652466e-02,4.292393475770950317e-02,4.339708760380744934e-02,4.088684171438217163e-02,3.697070106863975525e-02,3.164951503276824951e-02,2.486482448875904083e-02,1.845449395477771759e-02,1.190470810979604721e-02,5.913679022341966629e-03,2.038635720964521170e-04,-4.678357858210802078e-03,-7.730303332209587097e-03,-1.120345201343297958e-02,-1.298976968973875046e-02,-1.496182847768068314e-02,-1.562649197876453400e-02,-1.613086275756359100e-02,-1.699137501418590546e-02,-1.800350472331047058e-02,-1.956643909215927124e-02,-1.998249441385269165e-02,-2.073369920253753662e-02,-2.070748433470726013e-02,-2.152912504971027374e-02,-2.131773158907890320e-02,-2.102922275662422180e-02,-1.889352686703205109e-02,-1.651275902986526489e-02,-1.168135274201631546e-02,-6.034951657056808472e-03,1.923223462654277682e-04,7.594226393848657608e-03,1.413374766707420349e-02,2.148110605776309967e-02,2.824677713215351105e-02,3.340388834476470947e-02,3.711483255028724670e-02,3.946579247713088989e-02,3.913366049528121948e-02,3.674676641821861267e-02,3.254546225070953369e-02,2.571969851851463318e-02,1.806825213134288788e-02,9.436197578907012939e-03,-6.405263557098805904e-04
1.607201760634779930e-03,-1.521714776754379272e-02,-2.828691154718399048e-02,-3.992118686437606812e-02,-4.817697033286094666e-02,-5.704233795404434204e-02,-6.068228930234909058e-02,-6.278711557388305664e-02,-6.010160967707633972e-02,-5.458860844373703003e-02,-4.661991819739341736e-02,-3.456702083349227905e-02,-2.313597872853279114e-02,-1.121408585458993912e-02,1.487520290538668633e-03,1.346542779356241226e-02,2.278226613998413086e-02,3.093432076275348663e-02,3.663791716098785400e-02,4.037513583898544312e-02,4.197372868657112122e-02,4.122395440936088562e-02,3.870019316673278809e-02,3.486638143658638000e-02,3.007202409207820892e-02,2.397556044161319733e-02,1.862339861690998077e-02,1.193162705749273300e-02,7.197590079158544540e-03,1.858935691416263580e-03,-3.178148297592997551e-03,-7.419285364449024200e-03,-1.145190093666315079e-02,-1.408206205815076828e-02,-1.690769940614700317e-02,-1.865184679627418518e-02,-2.124144509434700012e-02,-2.265603095293045044e-02,-2.533998712897300720e-02,-2.607366815209388733e-02,-2.734515257179737091e-02,-2.703359723091125488e-02,-2.700235322117805481e-02,-2.619757875800132751e-02,-2.395714446902275085e-02,-2.147053740918636322e-02,-1.519790105521678925e-02,-1.001522410660982132e-02,-3.630741266533732414e-03,2.619932172819972038e-03,1.084167975932359695e-02,1.823311857879161835e-02,2.626881003379821777e-02,3.338786959648132324e-02,3.893681615591049194e-02,4.216882959008216858e-02,4.427929595112800598e-02,4.307563975453376770e-02,3.943400084972381592e-02,3.454766795039176941e-02,2.724515460431575775e-02,1.918429508805274963e-02,9.569508023560047150e-03,-6.318294326774775982e-04
3.483527107164263725e-04,-1.504899188876152039e-02,-2.534623444080352783e-02,-3.602403774857521057e-02,-4.375454410910606384e-02,-4.969237744808197021e-02,-5.439442396163940430e-02,-5.690046772360801697e-02,-5.500905215740203857e-02,-5.150002986192703247e-02,-4.521228000521659851e-02,-3.577765077352523804e-02,-2.389168739318847656e-02,-1.418088655918836594e-02,-3.582351142540574074e-03,7.978504523634910583e-03,1.680442504584789276e-02,2.404256165027618408e-02,3.111406788229942322e-02,3.592456132173538208e-02,3.933272883296012878e-02,4.015712812542915344e-02,3.954394906759262085e-02,3.802717477083206177e-02,3.426511958241462708e-02,2.950987406075000763e-02,2.487659268081188202e-02,1.874279603362083435e-02,1.295893546193838120e-02,7.254325319081544876e-03,1.424467423930764198e-03,-4.401572979986667633e-03,-9.265806525945663452e-03,-1.380161941051483154e-02,-1.801567152142524719e-02,-2.112564072012901306e-02,-2.484179101884365082e-02,-2.764069288969039917e-02,-3.004451654851436615e-02,-3.141300752758979797e-02,-3.187137469649314880e-02,-3.145727515220642090e-02,-3.083578310906887054e-02,-2.909233234822750092e-02,-2.591528557240962982e-02,-2.001744508743286133e-02,-1.479692943394184113e-02,-8.169083856046199799e-03,-1.519077108241617680e-03,5.791920237243175507e-03,1.412338763475418091e-02,2.139941789209842682e-02,2.881394699215888977e-02,3.571975231170654297e-02,4.045334830880165100e-02,4.369187727570533752e-02,4.534837231040000916e-02,4.354340210556983948e-02,4.039923101663589478e-02,3.391858935356140137e-02,2.731917798519134521e-02,1.953438855707645416e-02,9.602480567991733551e-03,3.344242941238917410e-05
-1.283624791540205479e-03,-1.079583726823329926e-02,-2.116782218217849731e-02,-2.963762544095516205e-02,-3.626595437526702881e-02,-4.319875687360763550e-02,-4.631121084094047546e-02,-4.881034791469573975e-02,-4.778304323554039001e-02,-4.534600675106048584e-02,-4.212868586182594299e-02,-3.523657843470573425e-02,-2.583105675876140594e-02,-1.755490340292453766e-02,-9.857516735792160034e-03,-5.673942359862849116e-05,8.104939013719558716e-03,1.685451529920101166e-02,2.337826602160930634e-02,2.938531897962093353e-02,3.348319232463836670e-02,3.600579872727394104e-02,3.789502382278442383e-02,3.764415159821510315e-02,3.598099201917648315e-02,3.266345337033271790e-02,2.923376858234405518e-02,2.361205406486988068e-02,1.843780279159545898e-02,1.239180006086826324e-02,5.985151976346969604e-03,-6.480717565864324570e-04,-7.374566979706287384e-03,-1.276723016053438187e-02,-1.843008026480674744e-02,-2.328434213995933533e-02,-2.818967588245868683e-02,-3.139683976769447327e-02,-3.416687622666358948e-02,-3.524186462163925171e-02,-3.551717102527618408e-02,-3.442605584859848022e-02,-3.235300630331039429e-02,-2.915204130113124847e-02,-2.350250817835330963e-02,-1.767675951123237610e-02,-1.137892622500658035e-02,-5.352968350052833557e-03,1.472271280363202095e-03,8.681822568178176880e-03,1.652862690389156342e-02,2.396656572818756104e-02,3.063017688691616058e-02,3.593010455369949341e-02,3.954904153943061829e-02,4.167333245277404785e-02,4.167699441313743591e-02,3.900505229830741882e-02,3.545585647225379944e-02,3.001102805137634277e-02,2.409582026302814484e-02,1.673325151205062866e-02,9.103156626224517822e-03,8.942597924033179879e-05
-1.669694320298731327e-03,-8.955807425081729889e-03,-1.452508289366960526e-02,-2.118192799389362335e-02,-2.660719119012355804e-02,-3.185332566499710083e-02,-3.554988279938697815e-02,-3.680867701768875122e-02,-3.600002080202102661e-02,-3.730125725269317627e-02,-3.449308127164840698e-02,-3.166949003934860229e-02,-2.564263716340065002e-02,-1.972068846225738525e-02,-1.205070596188306808e-02,-5.444956943392753601e-03,1.545474166050553322e-03,9.058185853064060211e-03,1.547585148364305496e-02,2.138091064989566803e-02,2.646539360284805298e-02,2.989571541547775269e-02,3.299599513411521912e-02,3.519681096076965332e-02,3.572507202625274658e-02,3.482822328805923462e-02,3.224742785096168518e-02,2.762040123343467712e-02,2.319003455340862274e-02,1.666657812893390656e-02,1.050875615328550339e-02,2.601344371214509010e-03,-4.602732602506875992e-03,-1.179180387407541275e-02,-1.804383471608161926e-02,-2.424819581210613251e-02,-2.977106347680091858e-02,-3.299718722701072693e-02,-3.563677519559860229e-02,-3.636704385280609131e-02,-3.645088896155357361e-02,-3.463769331574440002e-02,-3.246964514255523682e-02,-2.708916179835796356e-02,-2.174413204193115234e-02,-1.511458028107881546e-02,-9.580414742231369019e-03,-3.814714495092630386e-03,3.625063458457589149e-03,1.091464888304471970e-02,1.831372454762458801e-02,2.350461296737194061e-02,2.976936101913452148e-02,3.342919051647186279e-02,3.605352714657783508e-02,3.679319471120834351e-02,3.633914142847061157e-02,3.359492495656013489e-02,3.018904663622379303e-02,2.596722915768623352e-02,1.969613507390022278e-02,1.393477153033018112e-02,6.810991559177637100e-03,-3.562481288099661469e-05
-2.219679765403270721e-03,-5.004752893000841141e-03,-8.860523812472820282e-03,-1.271892897784709930e-02,-1.377035677433013916e-02,-1.742320694029331207e-02,-2.030402980744838715e-02,-2.319386601448059082e-02,-2.470395527780056000e-02,-2.556361630558967590e-02,-2.588181383907794952e-02,-2.583832852542400360e-02,-2.429139614105224609e-02,-2.175184339284896851e-02,-1.707912422716617584e-02,-1.240015402436256409e-02,-6.532264873385429382e-03,-6.168319960124790668e-04,5.980225745588541031e-03,1.158156339079141617e-02,1.778361760079860687e-02,2.314131520688533783e-02,2.748958766460418701e-02,3.088002279400825500e-02,3.312979266047477722e-02,3.330089151859283447e-02,3.304260224103927612e-02,2.959163486957550049e-02,2.610172890126705170e-02,2.010729163885116577e-02,1.345861051231622696e-02,5.101861897855997086e-03,-2.278095111250877380e-03,-9.655400179326534271e-03,-1.680071838200092316e-02,-2.344607189297676086e-02,-2.925917133688926697e-02,-3.321365267038345337e-02,-3.587223961949348450e-02,-3.657818958163261414e-02,-3.603562712669372559e-02,-3.384270146489143372e-02,-2.906649932265281677e-02,-2.307380363345146179e-02,-1.745966635644435883e-02,-1.205215416848659515e-02,-6.112161558121442795e-03,1.907998812384903431e-04,6.764430087059736252e-03,1.327449735254049301e-02,1.925851404666900635e-02,2.303607203066349030e-02,2.650719135999679565e-02,2.794508449733257294e-02,2.903106808662414551e-02,2.824526093900203705e-02,2.800409123301506042e-02,2.538542449474334717e-02,2.253757417201995850e-02,1.832245104014873505e-02,1.451070606708526611e-02,9.420809336006641388e-03,4.683363717049360275e-03,-1.116554951295256615e-03
-9.459687280468642712e-04,-1.587830251082777977e-03,-1.918392139486968517e-03,-2.280330285429954529e-03,-4.214355256408452988e-03,-4.556545522063970566e-03,-6.174727808684110641e-03,-8.630246855318546295e-03,-1.075659878551959991e-02,-1.265618577599525452e-02,-1.536654122173786163e-02,-1.691889949142932892e-02,-1.878722757101058960e-02,-1.970692723989486694e-02,-1.918836869299411774e-02,-1.744358427822589874e-02,-1.502555143088102341e-02,-9.881674312055110931e-03,-3.878418821841478348e-03,1.515484764240682125e-03,8.218830451369285583e-03,1.517499890178442001e-02,1.960280537605285645e-02,2.481210790574550629e-02,2.773957885801792145e-02,3.057278506457805634e-02,3.111432120203971863e-02,2.961976267397403717e-02,2.710639871656894684e-02,2.223146706819534302e-02,1.627242751419544220e-02,8.766354992985725403e-03,1.062148483470082283e-03,-6.399542093276977539e-03,-1.320062112063169479e-02,-2.021163702011108398e-02,-2.517127990722656250e-02,-3.017059527337551117e-02,-3.265295177698135376e-02,-3.315390273928642273e-02,-3.231233358383178711e-02,-2.921990491449832916e-02,-2.459540404379367828e-02,-1.876514405012130737e-02,-1.385404448956251144e-02,-8.253307081758975983e-03,-2.350542461499571800e-03,2.891211071982979774e-03,8.943996392190456390e-03,1.387074682861566544e-02,1.836623065173625946e-02,1.958381012082099915e-02,2.141892351210117340e-02,2.112854085862636566e-02,2.088071405887603760e-02,2.077698148787021637e-02,1.960833556950092316e-02,1.679393276572227478e-02,1.439976412802934647e-02,1.053930632770061493e-02,7.770538330078125000e-03,4.849737975746393204e-03,2.167347585782408714e-03,-4.603314446285367012e-04
2.712562272790819407e-04,2.529118908569216728e-03,5.500461440533399582e-03,1.021969877183437347e-02,1.101360470056533813e-02,1.066133007407188416e-02,9.108639322221279144e-03,6.430890411138534546e-03,2.462588483467698097e-03,-1.907891244627535343e-03,-6.239519454538822174e-03,-1.088488101959228516e-02,-1.366891898214817047e-02,-1.743734069168567657e-02,-2.071247249841690063e-02,-2.180313877761363983e-02,-2.082413993775844574e-02,-1.914752088487148285e-02,-1.471099816262722015e-02,-9.220781736075878143e-03,-2.789090853184461594e-03,4.110555630177259445e-03,1.163750234991312027e-02,1.751153357326984406e-02,2.208739891648292542e-02,2.547163516283035278e-02,2.793911658227443695e-02,2.765236236155033112e-02,2.620470337569713593e-02,2.313123643398284912e-02,1.793888583779335022e-02,1.083510275930166245e-02,3.681632922962307930e-03,-3.979639615863561630e-03,-9.987005963921546936e-03,-1.660014502704143524e-02,-2.178055234253406525e-02,-2.628586068749427795e-02,-2.810852043330669403e-02,-2.896171063184738159e-02,-2.683905512094497681e-02,-2.331555448472499847e-02,-1.841326616704463959e-02,-1.464253850281238556e-02,-9.512233547866344452e-03,-4.806481767445802689e-03,6.325338617898523808e-04,5.987509619444608688e-03,1.021715532988309860e-02,1.413079258054494858e-02,1.548318564891815186e-02,1.563369296491146088e-02,1.463159080594778061e-02,1.357100903987884521e-02,1.298319175839424133e-02,1.116412319242954254e-02,1.000882405787706375e-02,7.116276770830154419e-03,5.434597376734018326e-03,3.142083529382944107e-03,1.811829977668821812e-03,1.756078563630580902e-03,8.401380036957561970e-04,-3.404486924409866333e-04
8.062549168244004250e-04,7.990167476236820221e-03,1.348001044243574142e-02,2.028471976518630981e-02,2.407770790159702301e-02,2.551225386559963226e-02,2.406734414398670197e-02,2.230847254395484924e-02,1.789397001266479492e-02,1.231899484992027283e-02,4.786979872733354568e-03,-1.315508969128131866e-03,-8.620101958513259888e-03,-1.441990025341510773e-02,-1.949635334312915802e-02,-2.373761497437953949e-02,-2.509476430714130402e-02,-2.544102258980274200e-02,-2.511587738990783691e-02,-2.156142890453338623e-02,-1.419114414602518082e-02,-7.564499508589506149e-03,3.337963717058300972e-04,8.486565202474594116e-03,1.463761087507009506e-02,1.863900758326053619e-02,2.163268253207206726e-02,2.424349449574947357e-02,2.450274862349033356e-02,2.329031005501747131e-02,1.949192024767398834e-02,1.363096013665199280e-02,7.131915539503097534e-03,1.032211701385676861e-03,-5.110773257911205292e-03,-1.069904305040836334e-02,-1.556002907454967499e-02,-1.901655644178390503e-02,-2.058244682848453522e-02,-2.133932150900363922e-02,-1.896613463759422302e-02,-1.640581712126731873e-02,-1.243518572300672531e-02,-8.941429667174816132e-03,-4.279705695807933807e-03,2.440282551106065512e-04,3.914756234735250473e-03,7.843032479286193848e-03,1.152669731527566910e-02,1.235782168805599213e-02,1.229098346084356308e-02,1.012973673641681671e-02,9.283805266022682190e-03,6.374165881425142288e-03,4.149547778069972992e-03,1.582471071742475033e-03,-4.674718657042831182e-04,-1.993064768612384796e-03,-2.388435648754239082e-03,-4.482984542846679688e-03,-4.383713472634553909e-03,-3.289300715550780296e-03,-1.818617223761975765e-03,-3.305748978164047003e-04
7.073916494846343994e-04,1.197796314954757690e-02,1.888304948806762695e-02,2.749886177480220795e-02,3.418301418423652649e-02,3.702808544039726257e-02,3.753277659416198730e-02,3.662057965993881226e-02,3.116722404956817627e-02,2.609598077833652496e-02,1.653252728283405304e-02,5.600940436124801636e-03,-3.113091690465807915e-03,-1.167814806103706360e-02,-1.895710825920104980e-02,-2.510208636522293091e-02,-2.933960966765880585e-02,-3.075508587062358856e-02,-3.112894855439662933e-02,-3.034812770783901215e-02,-2.498036436736583710e-02,-1.747290790081024170e-02,-1.078746933490037918e-02,-2.774011576548218727e-03,4.717237781733274460e-03,1.046243775635957718e-02,1.458597928285598755e-02,1.805129647254943848e-02,2.001719176769256592e-02,2.016640454530715942e-02,1.893003657460212708e-02,1.480028964579105377e-02,1.036082394421100616e-02,4.884518217295408249e-03,5.733013967983424664e-04,-4.665010143071413040e-03,-7.610009051859378815e-03,-1.075399015098810196e-02,-1.204591058194637299e-02,-1.218158565461635590e-02,-1.095490343868732452e-02,-9.212095290422439575e-03,-6.676459219306707382e-03,-4.067981615662574768e-03,-1.192765266750939190e-04,3.413181053474545479e-03,6.463903933763504028e-03,8.453483693301677704e-03,9.487798437476158142e-03,8.735783398151397705e-03,7.036038208752870560e-03,3.706433111801743507e-03,1.750209368765354156e-03,-1.893455744720995426e-03,-4.586874973028898239e-03,-7.732742000371217728e-03,-9.848723188042640686e-03,-1.112173311412334442e-02,-1.105585787445306778e-02,-1.061718910932540894e-02,-9.816151112318038940e-03,-6.688381545245647430e-03,-3.579173004254698753e-03,-8.417608914896845818e-04
-2.562306181062012911e-04,1.302239205688238144e-02,2.294365875422954559e-02,3.400004655122756958e-02,4.249292239546775818e-02,4.660033807158470154e-02,4.885470494627952576e-02,4.885599762201309204e-02,4.354044049978256226e-02,3.759214654564857483e-02,2.772032096982002258e-02,1.770089380443096161e-02,4.782740958034992218e-03,-6.871860008686780930e-03,-1.602317020297050476e-02,-2.458393014967441559e-02,-3.005556762218475342e-02,-3.467633575201034546e-02,-3.604388982057571411e-02,-3.678546845912933350e-02,-3.488993272185325623e-02,-3.054391779005527496e-02,-2.217077836394309998e-02,-1.507958397269248962e-02,-7.073078770190477371e-03,4.291134246159344912e-04,6.082382518798112869e-03,1.092788390815258026e-02,1.442433148622512817e-02,1.703819260001182556e-02,1.812584139406681061e-02,1.739895530045032501e-02,1.442324370145797729e-02,1.153668016195297241e-02,8.174428716301918030e-03,5.897590890526771545e-03,2.990333363413810730e-03,8.073496283032000065e-04,-4.738230200018733740e-04,-1.913424464873969555e-03,-1.234449213370680809e-03,-1.916696084663271904e-03,-3.896116395480930805e-04,1.169134979136288166e-03,3.635363187640905380e-03,5.996429827064275742e-03,6.934678182005882263e-03,6.670938339084386826e-03,6.416851654648780823e-03,3.926683217287063599e-03,1.510838395915925503e-03,-2.399914897978305817e-03,-4.928357899188995361e-03,-9.163966402411460876e-03,-1.211140863597393036e-02,-1.547020766884088516e-02,-1.736138947308063507e-02,-1.769504696130752563e-02,-1.769569329917430878e-02,-1.622615382075309753e-02,-1.369120925664901733e-02,-8.928822353482246399e-03,-4.429484717547893524e-03,-2.915078366640955210e-04
7.247502799145877361e-05,1.542391441762447357e-02,2.714448608458042145e-02,3.999669104814529419e-02,4.862332716584205627e-02,5.400116741657257080e-02,5.694096907973289490e-02,5.642956495285034180e-02,5.208242312073707581e-02,4.673763737082481384e-02,3.665888309478759766e-02,2.601926960051059723e-02,1.377586089074611664e-02,-1.982420682907104492e-03,-1.315519772469997406e-02,-2.224434912204742432e-02,-3.053554333746433258e-02,-3.655748441815376282e-02,-4.090545699000358582e-02,-4.174420610070228577e-02,-4.075419157743453979e-02,-3.855857625603675842e-02,-3.382614627480506897e-02,-2.569997124373912811e-02,-1.933262310922145844e-02,-1.136837434023618698e-02,-4.339904990047216415e-03,3.118542255833745003e-03,7.594387046992778778e-03,1.246492378413677216e-02,1.563959755003452301e-02,1.739806868135929108e-02,1.698438264429569244e-02,1.598186232149600983e-02,1.435864251106977463e-02,1.290872786194086075e-02,1.159512717276811600e-02,9.251965209841728210e-03,8.700313977897167206e-03,6.957853212952613831e-03,6.445405073463916779e-03,5.190587136894464493e-03,6.055300123989582062e-03,5.897884257137775421e-03,6.174098700284957886e-03,5.575439427047967911e-03,4.559604451060295105e-03,3.033016575500369072e-03,7.053085137158632278e-04,-2.214929787442088127e-03,-5.176022648811340332e-03,-8.629155345261096954e-03,-1.211949530988931656e-02,-1.531382370740175247e-02,-1.845741830766201019e-02,-2.081639133393764496e-02,-2.193666994571685791e-02,-2.197402901947498322e-02,-2.035545371472835541e-02,-1.914295554161071777e-02,-1.502239704132080078e-02,-1.014257967472076416e-02,-5.357892252504825592e-03,-7.663677097298204899e-04
-7.752439705654978752e-04,1.613271236419677734e-02,2.876372449100017548e-02,4.294671490788459778e-02,5.252249911427497864e-02,5.847834795713424683e-02,6.172771379351615906e-02,6.302014738321304321e-02,5.913873016834259033e-02,5.310123413801193237e-02,4.270660132169723511e-02,3.267242386937141418e-02,1.998964883387088776e-02,6.085974164307117462e-03,-8.066642098128795624e-03,-1.878821291029453278e-02,-2.757904864847660065e-02,-3.720146790146827698e-02,-4.268118366599082947e-02,-4.625870287418365479e-02,-4.540752992033958435e-02,-4.519180953502655029e-02,-4.164246469736099243e-02,-3.683830425143241882e-02,-2.988317981362342834e-02,-2.146030031144618988e-02,-1.385326683521270752e-02,-5.196999758481979370e-03,2.001272048801183701e-03,7.713405415415763855e-03,1.285901572555303574e-02,1.666147820651531219e-02,1.967552304267883301e-02,2.209908142685890198e-02,2.191929705440998077e-02,2.225093171000480652e-02,2.102860063314437866e-02,1.975221559405326843e-02,1.836410164833068848e-02,1.602135039865970612e-02,1.482617668807506561e-02,1.236679684370756149e-02,1.191419269889593124e-02,9.675771929323673248e-03,7.703059352934360504e-03,4.879677668213844299e-03,2.079465426504611969e-03,-8.402959792874753475e-04,-3.990456927567720413e-03,-7.900025695562362671e-03,-1.151319500058889389e-02,-1.495901867747306824e-02,-1.859190128743648529e-02,-2.130321040749549866e-02,-2.392161823809146881e-02,-2.508092112839221954e-02,-2.575917914509773254e-02,-2.408533915877342224e-02,-2.320474945008754730e-02,-2.092295326292514801e-02,-1.649168506264686584e-02,-1.158878579735755920e-02,-5.269261077046394348e-03,-8.576765540055930614e-04
-1.833873218856751919e-03,1.665318198502063751e-02,2.957134135067462921e-02,4.296355322003364563e-02,5.206311121582984924e-02,6.041023880243301392e-02,6.416880339384078979e-02,6.569197028875350952e-02,6.201464310288429260e-02,5.737460404634475708e-02,4.847261309623718262e-02,3.887894377112388611e-02,2.690138854086399078e-02,1.257513649761676788e-02,-1.108351047150790691e-03,-1.539485715329647064e-02,-2.564120292663574219e-02,-3.453813120722770691e-02,-4.304534941911697388e-02,-4.810800775885581970e-02,-5.029026046395301819e-02,-5.060142278671264648e-02,-4.873707517981529236e-02,-4.419250041246414185e-02,-3.967947140336036682e-02,-3.061260096728801727e-02,-2.360650151968002319e-02,-1.535631064325571060e-02,-6.206864956766366959e-03,3.383075585588812828e-03,1.044054236263036728e-02,1.724671013653278351e-02,2.105657942593097687e-02,2.579443901777267456e-02,2.818979509174823761e-02,2.989552170038223267e-02,2.970274165272712708e-02,2.884231321513652802e-02,2.803382091224193573e-02,2.518092095851898193e-02,2.353162690997123718e-02,1.951402425765991211e-02,1.628552936017513275e-02,1.179141923785209656e-02,7.284132763743400574e-03,2.948445500805974007e-03,-1.356304041109979153e-03,-5.543041508644819260e-03,-9.323366917669773102e-03,-1.294639334082603455e-02,-1.699059084057807922e-02,-2.003147080540657043e-02,-2.287717908620834351e-02,-2.493428811430931091e-02,-2.615911327302455902e-02,-2.651071920990943909e-02,-2.570807375013828278e-02,-2.458875440061092377e-02,-2.168064378201961517e-02,-1.956388913094997406e-02,-1.437070127576589584e-02,-9.924500249326229095e-03,-4.921881482005119324e-03,-1.270382199436426163e-03
-2.623994834721088409e-03,1.517294812947511673e-02,2.694709226489067078e-02,4.026019945740699768e-02,4.910576343536376953e-02,5.698608979582786560e-02,6.201299279928207397e-02,6.497939676046371460e-02,6.313858926296234131e-02,5.767465755343437195e-02,5.069662630558013916e-02,4.127750545740127563e-02,3.000687435269355774e-02,1.683621667325496674e-02,3.869293723255395889e-03,-9.324088692665100098e-03,-2.161299809813499451e-02,-3.187566995620727539e-02,-4.009224474430084229e-02,-4.797706380486488342e-02,-5.155203863978385925e-02,-5.461777746677398682e-02,-5.311372131109237671e-02,-4.999978840351104736e-02,-4.542976245284080505e-02,-3.852997347712516785e-02,-2.979475818574428558e-02,-2.127804048359394073e-02,-1.266332250088453293e-02,-1.563731231726706028e-03,8.041590452194213867e-03,1.684733480215072632e-02,2.300655283033847809e-02,2.898331172764301300e-02,3.376927226781845093e-02,3.625041991472244263e-02,3.736488148570060730e-02,3.691745921969413757e-02,3.535008803009986877e-02,3.195312246680259705e-02,2.894633822143077850e-02,2.348896116018295288e-02,1.785608194768428802e-02,1.179004274308681488e-02,6.225240882486104965e-03,1.088906778022646904e-03,-5.264624953269958496e-03,-9.890092536807060242e-03,-1.455852296203374863e-02,-1.825447753071784973e-02,-2.115817554295063019e-02,-2.400523424148559570e-02,-2.529747225344181061e-02,-2.578504756093025208e-02,-2.617269754409790039e-02,-2.481506019830703735e-02,-2.368883788585662842e-02,-2.128613926470279694e-02,-1.869199797511100769e-02,-1.612377166748046875e-02,-1.159555092453956604e-02,-7.918843068182468414e-03,-3.013688605278730392e-03,-1.179796177893877029e-03
-1.238428987562656403e-03,1.440463215112686157e-02,2.561937831342220306e-02,3.591779246926307678e-02,4.450646787881851196e-02,5.242529511451721191e-02,5.765296891331672668e-02,6.120906025171279907e-02,5.923424288630485535e-02,5.554321035742759705e-02,4.976509138941764832e-02,4.238938540220260620e-02,3.338351845741271973e-02,2.225925587117671967e-02,9.748980402946472168e-03,-3.816536627709865570e-03,-1.479053311049938202e-02,-2.713813446462154388e-02,-3.651049360632896423e-02,-4.452709853649139404e-02,-5.030696094036102295e-02,-5.470545217394828796e-02,-5.532063543796539307e-02,-5.417477339506149292e-02,-5.118411779403686523e-02,-4.478395730257034302e-02,-3.671692311763763428e-02,-2.744906768202781677e-02,-1.821487396955490112e-02,-6.709476932883262634e-03,4.836928565055131912e-03,1.578206010162830353e-02,2.401318214833736420e-02,3.134955465793609619e-02,3.775584325194358826e-02,4.151951894164085388e-02,4.388866201043128967e-02,4.295801371335983276e-02,4.153260216116905212e-02,3.697440773248672485e-02,3.201073780655860901e-02,2.499484084546566010e-02,1.738362573087215424e-02,1.068481709808111191e-02,2.797017572447657585e-03,-3.790815360844135284e-03,-1.040243171155452728e-02,-1.606326736509799957e-02,-2.054284326732158661e-02,-2.351643331348896027e-02,-2.585651725530624390e-02,-2.692519500851631165e-02,-2.619481272995471954e-02,-2.491368912160396576e-02,-2.260434627532958984e-02,-2.038825489580631256e-02,-1.790843345224857330e-02,-1.474232878535985947e-02,-1.219018362462520599e-02,-9.935083799064159393e-03,-6.398759782314300537e-03,-4.302321467548608780e-03,-1.353984232991933823e-03,-1.743566477671265602e-03
-6.968366215005517006e-04,1.157524343580007553e-02,2.233222126960754395e-02,3.152234852313995361e-02,3.775586560368537903e-02,4.457172751426696777e-02,4.851337149739265442e-02,5.274940654635429382e-02,5.226823315024375916e-02,5.008181557059288025e-02,4.630476981401443481e-02,4.025099053978919983e-02,3.330654278397560120e-02,2.407107129693031311e-02,1.317500974982976913e-02,1.500665908679366112e-03,-9.009669534862041473e-03,-2.051114849746227264e-02,-3.032506257295608521e-02,-3.957145661115646362e-02,-4.530875384807586670e-02,-5.177919939160346985e-02,-5.422795191407203674e-02,-5.444242060184478760e-02,-5.186297744512557983e-02,-4.701388254761695862e-02,-4.010725766420364380e-02,-3.072895482182502747e-02,-2.119469083845615387e-02,-9.595885872840881348e-03,1.977527746930718422e-03,1.377449929714202881e-02,2.438823878765106201e-02,3.180804103612899780e-02,3.862311318516731262e-02,4.366691783070564270e-02,4.704918712377548218e-02,4.661975055932998657e-02,4.460569843649864197e-02,3.913348540663719177e-02,3.348364681005477905e-02,2.440515719354152679e-02,1.637000404298305511e-02,7.824560627341270447e-03,-4.291716322768479586e-04,-8.449805900454521179e-03,-1.595319993793964386e-02,-2.122882194817066193e-02,-2.520901523530483246e-02,-2.669791691005229950e-02,-2.786931581795215607e-02,-2.725869603455066681e-02,-2.508880756795406342e-02,-2.164110355079174042e-02,-1.826406084001064301e-02,-1.516776904463768005e-02,-1.165301259607076645e-02,-9.317518211901187897e-03,-6.182948593050241470e-03,-3.982780035585165024e-03,-1.544620492495596409e-03,-1.136229839175939560e-03,8.200088050216436386e-04,-1.931324834004044533e-03
-8.893010672181844711e-04,7.055859081447124481e-03,1.679086685180664062e-02,2.253337390720844269e-02,2.889011055231094360e-02,3.377533704042434692e-02,3.957179561257362366e-02,4.218707606196403503e-02,4.344473406672477722e-02,4.265222325921058655e-02,4.051452130079269409e-02,3.656125441193580627e-02,3.189906477928161621e-02,2.473932877182960510e-02,1.727551221847534180e-02,7.480056956410408020e-03,-3.414034377783536911e-03,-1.456983853131532669e-02,-2.432590909302234650e-02,-3.394957631826400757e-02,-4.068234935402870178e-02,-4.724630713462829590e-02,-5.066713690757751465e-02,-5.333097651600837708e-02,-5.186316370964050293e-02,-4.783147200942039490e-02,-4.136567190289497375e-02,-3.339839354157447815e-02,-2.235116064548492432e-02,-1.152552384883165359e-02,3.575152077246457338e-04,1.291107945144176483e-02,2.308485470712184906e-02,3.194616734981536865e-02,3.975621238350868225e-02,4.447382688522338867e-02,4.744491726160049438e-02,4.708038270473480225e-02,4.417662695050239563e-02,3.845104575157165527e-02,3.070991486310958862e-02,2.086995914578437805e-02,1.174821238964796066e-02,3.527086460962891579e-03,-5.727544426918029785e-03,-1.422778517007827759e-02,-2.078877016901969910e-02,-2.555043809115886688e-02,-2.870188280940055847e-02,-3.012358210980892181e-02,-2.971626818180084229e-02,-2.686413936316967010e-02,-2.142383903264999390e-02,-1.736437901854515076e-02,-1.304992660880088806e-02,-9.246278554201126099e-03,-5.189500283449888229e-03,-2.311600372195243835e-03,5.144944298081099987e-04,2.649219473823904991e-03,4.196075256913900375e-03,2.958106808364391327e-03,2.734942128881812096e-03,-1.810273970477283001e-03
4.684238228946924210e-04,5.083904601633548737e-03,1.115363184362649918e-02,1.526787597686052322e-02,1.935229822993278503e-02,2.353585883975028992e-02,2.695747278630733490e-02,3.070977889001369476e-02,3.175870329141616821e-02,3.260681778192520142e-02,3.251184523105621338e-02,3.069002181291580200e-02,2.784775942564010620e-02,2.323274686932563782e-02,1.776891946792602539e-02,1.042261440306901932e-02,3.926703357137739658e-04,-7.994830608367919922e-03,-1.687061227858066559e-02,-2.570194564759731293e-02,-3.279691189527511597e-02,-3.841647505760192871e-02,-4.221083968877792358e-02,-4.537773877382278442e-02,-4.397835209965705872e-02,-4.211092367768287659e-02,-3.704392537474632263e-02,-3.117047436535358429e-02,-2.125770971179008484e-02,-1.039841398596763611e-02,4.105810367036610842e-04,1.192836184054613113e-02,2.163112163543701172e-02,3.041302785277366638e-02,3.781288117170333862e-02,4.183185100555419922e-02,4.437069594860076904e-02,4.427134618163108826e-02,4.098990932106971741e-02,3.477211669087409973e-02,2.667814493179321289e-02,1.717662811279296875e-02,8.687645196914672852e-03,2.320916246389970183e-04,-9.520604275166988373e-03,-1.804311573505401611e-02,-2.359618060290813446e-02,-2.794539928436279297e-02,-2.964150905609130859e-02,-2.983836457133293152e-02,-2.801968157291412354e-02,-2.249514125287532806e-02,-1.702446490526199341e-02,-1.214210595935583115e-02,-6.253981962800025940e-03,-1.587829436175525188e-03,3.220719750970602036e-03,5.857077892869710922e-03,8.269319310784339905e-03,9.646991267800331116e-03,8.933643810451030731e-03,5.884942598640918732e-03,3.251701593399047852e-03,-2.562820212915539742e-03
7.466748938895761967e-04,1.188545138575136662e-03,5.405003204941749573e-03,6.008675321936607361e-03,1.020841207355260849e-02,1.277037803083658218e-02,1.636377722024917603e-02,1.930240914225578308e-02,2.245780266821384430e-02,2.349877543747425079e-02,2.452467940747737885e-02,2.396566607058048248e-02,2.288535237312316895e-02,1.929629035294055939e-02,1.669865474104881287e-02,1.139135286211967468e-02,5.242313258349895477e-03,-2.712428802624344826e-03,-1.081847120076417923e-02,-1.809894666075706482e-02,-2.563672885298728943e-02,-3.157605975866317749e-02,-3.478250280022621155e-02,-3.721100091934204102e-02,-3.750222548842430115e-02,-3.569673001766204834e-02,-3.223151713609695435e-02,-2.773674950003623962e-02,-1.868358068168163300e-02,-1.004240196198225021e-02,3.374567677383311093e-05,1.059361640363931656e-02,1.965937949717044830e-02,2.789437025785446167e-02,3.372358530759811401e-02,3.788790851831436157e-02,3.857959806919097900e-02,3.869983181357383728e-02,3.308678045868873596e-02,2.754081413149833679e-02,1.818348281085491180e-02,1.032793242484331131e-02,2.389702480286359787e-03,-6.133798044174909592e-03,-1.507098879665136337e-02,-2.166160009801387787e-02,-2.600712515413761139e-02,-2.939411811530590057e-02,-2.948033995926380157e-02,-2.888520993292331696e-02,-2.323675341904163361e-02,-1.728267408907413483e-02,-1.080985460430383682e-02,-5.644141696393489838e-03,2.038980368524789810e-03,7.301499601453542709e-03,1.190017815679311752e-02,1.474705804139375687e-02,1.611032336950302124e-02,1.715621538460254669e-02,1.432674750685691833e-02,9.489352814853191376e-03,4.829366225749254227e-03,-2.232298254966735840e-03
9.815681260079145432e-04,-6.597198080271482468e-04,-8.247713558375835419e-04,-7.504542008973658085e-04,1.590462343301624060e-04,2.160725416615605354e-03,5.555327050387859344e-03,7.050759624689817429e-03,1.017784606665372849e-02,1.223816443234682083e-02,1.506003085523843765e-02,1.614242978394031525e-02,1.647406630218029022e-02,1.542870514094829559e-02,1.427833735942840576e-02,1.175870187580585480e-02,8.035901002585887909e-03,3.044995013624429703e-03,-3.974676132202148438e-03,-1.057217642664909363e-02,-1.629793457686901093e-02,-2.093093842267990112e-02,-2.565621025860309601e-02,-2.662251330912113190e-02,-2.677335776388645172e-02,-2.634822577238082886e-02,-2.436661161482334137e-02,-2.109938673675060272e-02,-1.413627900183200836e-02,-7.301872596144676208e-03,1.728700241073966026e-03,9.544895961880683899e-03,1.819906756281852722e-02,2.413566038012504578e-02,2.888409420847892761e-02,3.099234029650688171e-02,3.145507350564002991e-02,2.909369394183158875e-02,2.455561794340610504e-02,1.921337656676769257e-02,1.183801610022783279e-02,4.792629275470972061e-03,-3.631819970905780792e-03,-1.137991715222597122e-02,-1.884686946868896484e-02,-2.354412525892257690e-02,-2.664634957909584045e-02,-2.857126109302043915e-02,-2.789225429296493530e-02,-2.456023171544075012e-02,-1.828543096780776978e-02,-1.201184000819921494e-02,-4.620183259248733521e-03,2.656747819855809212e-03,1.010675355792045593e-02,1.542274653911590576e-02,1.980184949934482574e-02,2.225525863468647003e-02,2.299720793962478638e-02,2.285909093916416168e-02,1.898107305169105530e-02,1.313091907650232315e-02,6.549533456563949585e-03,-1.868274179287254810e-03
9.744522976689040661e-04,-2.865334739908576012e-03,-4.127820953726768494e-03,-6.633485201746225357e-03,-6.363042164593935013e-03,-7.516116835176944733e-03,-6.064667366445064545e-03,-4.582654219120740891e-03,-7.984159165062010288e-04,9.719469235278666019e-04,4.201952368021011353e-03,6.364780943840742111e-03,9.096150286495685577e-03,9.318304248154163361e-03,1.037848740816116333e-02,9.096684865653514862e-03,8.728317916393280029e-03,5.969393532723188400e-03,2.702669007703661919e-03,-2.235644962638616562e-03,-6.883082911372184753e-03,-1.052860170602798462e-02,-1.403860375285148621e-02,-1.601579785346984863e-02,-1.708272099494934082e-02,-1.689779758453369141e-02,-1.531889010220766068e-02,-1.172158028930425644e-02,-7.868475280702114105e-03,-3.522842191159725189e-03,2.437157323583960533e-03,8.683786727488040924e-03,1.372514571994543076e-02,1.813657209277153015e-02,1.983596943318843842e-02,2.056446298956871033e-02,1.852345094084739685e-02,1.694211363792419434e-02,1.272156368941068649e-02,7.436323910951614380e-03,1.708178315311670303e-03,-4.417724907398223877e-03,-1.107289455831050873e-02,-1.782591268420219421e-02,-2.211215347051620483e-02,-2.647940441966056824e-02,-2.675566077232360840e-02,-2.741363644599914551e-02,-2.327214367687702179e-02,-1.849067397415637970e-02,-1.128485798835754395e-02,-5.075721535831689835e-03,3.180734813213348389e-03,1.071101520210504532e-02,1.806631311774253845e-02,2.366181463003158569e-02,2.778763882815837860e-02,2.967895008623600006e-02,2.932293526828289032e-02,2.743776142597198486e-02,2.247086726129055023e-02,1.533144246786832809e-02,7.358472328633069992e-03,-1.163580338470637798e-03
5.492870113812386990e-04,-4.642734304070472717e-03,-8.119291625916957855e-03,-1.176122575998306274e-02,-1.411442644894123077e-02,-1.517944782972335815e-02,-1.614613085985183716e-02,-1.626593247056007385e-02,-1.470201555639505386e-02,-1.134116575121879578e-02,-7.384440395981073380e-03,-4.217074252665042877e-03,-3.201613435521721840e-05,2.954298164695501328e-03,5.368286743760108948e-03,7.384772878140211105e-03,8.256882429122924805e-03,8.375886827707290649e-03,8.350356481969356537e-03,6.740947254002094269e-03,3.750163828954100609e-03,1.661928836256265640e-03,-7.725250325165688992e-04,-9.667784324847161770e-04,-1.958438660949468613e-03,-2.315507037565112114e-03,-2.122877398505806923e-03,-9.919842705130577087e-04,1.017298491206020117e-04,1.478883554227650166e-03,4.194788169115781784e-03,5.396299995481967926e-03,7.790686562657356262e-03,8.028515614569187164e-03,7.492552045732736588e-03,7.680577225983142853e-03,5.789150483906269073e-03,4.439912736415863037e-03,2.529318153392523527e-04,-3.143731737509369850e-03,-8.570051752030849457e-03,-1.382033247500658035e-02,-1.846164651215076447e-02,-2.248682826757431030e-02,-2.458972297608852386e-02,-2.502610534429550171e-02,-2.484785579144954681e-02,-2.203532122075557709e-02,-1.728153973817825317e-02,-1.105169486254453659e-02,-4.212687723338603973e-03,2.245197072625160217e-03,1.099674496799707413e-02,1.798339746892452240e-02,2.439681254327297211e-02,2.938149310648441315e-02,3.324054554104804993e-02,3.459826111793518066e-02,3.328095749020576477e-02,2.959680743515491486e-02,2.390206046402454376e-02,1.617396622896194458e-02,7.373980712145566940e-03,-1.368731958791613579e-03
4.890621639788150787e-04,-5.560196936130523682e-03,-1.048095244914293289e-02,-1.577045023441314697e-02,-1.937986165285110474e-02,-2.112348377704620361e-02,-2.395706623792648315e-02,-2.375462651252746582e-02,-2.292266488075256348e-02,-2.132268063724040985e-02,-1.751883327960968018e-02,-1.319220196455717087e-02,-9.146285243332386017e-03,-5.166254471987485886e-03,-5.224355845712125301e-04,3.468725830316543579e-03,7.628962397575378418e-03,9.404182434082031250e-03,1.184538379311561584e-02,1.279105432331562042e-02,1.247300114482641220e-02,1.235396787524223328e-02,1.088287401944398880e-02,1.108517404645681381e-02,1.083075348287820816e-02,9.320971556007862091e-03,9.177380241453647614e-03,8.126915432512760162e-03,7.708282209932804108e-03,6.392815615981817245e-03,6.151305045932531357e-03,4.882099572569131851e-03,2.853195648640394211e-03,1.628827303647994995e-03,2.921434861491434276e-05,-1.646011136472225189e-03,-4.240239504724740982e-03,-7.330237422138452530e-03,-1.177756022661924362e-02,-1.511082332581281662e-02,-1.936939731240272522e-02,-2.232304029166698456e-02,-2.506953291594982147e-02,-2.586924843490123749e-02,-2.459793537855148315e-02,-2.324204705655574799e-02,-1.887872442603111267e-02,-1.500492449849843979e-02,-8.752661757171154022e-03,-3.636919893324375153e-03,3.632989013567566872e-03,1.067670900374650955e-02,1.848393864929676056e-02,2.420456521213054657e-02,3.022552840411663055e-02,3.464186564087867737e-02,3.666540607810020447e-02,3.635496646165847778e-02,3.372644260525703430e-02,2.967216819524765015e-02,2.362980879843235016e-02,1.579826883971691132e-02,7.510758470743894577e-03,-1.105719245970249176e-03
-6.027372437529265881e-04,-8.217640221118927002e-03,-1.392582338303327560e-02,-1.999726146459579468e-02,-2.407084219157695770e-02,-2.734142914414405823e-02,-2.948738820850849152e-02,-3.093935549259185791e-02,-3.045232035219669342e-02,-3.014648519456386566e-02,-2.733829617500305176e-02,-2.281674556434154510e-02,-1.776048541069030762e-02,-1.264834962785243988e-02,-6.693667732179164886e-03,-1.027928898110985756e-03,5.069223232567310333e-03,9.701699018478393555e-03,1.414441503584384918e-02,1.806268654763698578e-02,2.111572213470935822e-02,2.304367721080780029e-02,2.438663505017757416e-02,2.443068847060203552e-02,2.394908480346202850e-02,2.281015552580356598e-02,2.120977081358432770e-02,1.856362633407115936e-02,1.584884896874427795e-02,1.183403190225362778e-02,7.683373522013425827e-03,4.170075990259647369e-03,3.838182310573756695e-04,-3.538131015375256538e-03,-9.714849293231964111e-03,-1.283755153417587280e-02,-1.787196286022663116e-02,-2.041970379650592804e-02,-2.449151501059532166e-02,-2.671234682202339172e-02,-2.885354682803153992e-02,-2.908599004149436951e-02,-2.947269380092620850e-02,-2.774086967110633850e-02,-2.428290620446205139e-02,-2.000117115676403046e-02,-1.470754016190767288e-02,-9.676391258835792542e-03,-2.611761447042226791e-03,3.484502667561173439e-03,1.091337017714977264e-02,1.724667288362979889e-02,2.390533499419689178e-02,2.987916208803653717e-02,3.435115516185760498e-02,3.703724220395088196e-02,3.791438788175582886e-02,3.638304024934768677e-02,3.299908712506294250e-02,2.870004810392856598e-02,2.242706343531608582e-02,1.518866699188947678e-02,7.250604219734668732e-03,-1.153348363004624844e-03
-7.032164139673113823e-04,-7.153507787734270096e-03,-1.439022924751043320e-02,-2.106727659702301025e-02,-2.627546899020671844e-02,-3.057796880602836609e-02,-3.466618806123733521e-02,-3.608464449644088745e-02,-3.699380904436111450e-02,-3.589475899934768677e-02,-3.444574400782585144e-02,-3.071880340576171875e-02,-2.503988705575466156e-02,-1.914812251925468445e-02,-1.330017577856779099e-02,-7.111947983503341675e-03,1.940534100867807865e-03,9.182365611195564270e-03,1.626517996191978455e-02,2.214781194925308228e-02,2.681121975183486938e-02,3.147189319133758545e-02,3.446989879012107849e-02,3.607109189033508301e-02,3.598674386739730835e-02,3.478809818625450134e-02,3.245228156447410583e-02,2.796418964862823486e-02,2.377262338995933533e-02,1.697223074734210968e-02,9.703733958303928375e-03,3.256601747125387192e-03,-4.527013283222913742e-03,-1.207577437162399292e-02,-1.848084665834903717e-02,-2.349941246211528778e-02,-2.883518300950527191e-02,-3.214903548359870911e-02,-3.652790188789367676e-02,-3.652866557240486145e-02,-3.693288192152976990e-02,-3.517951443791389465e-02,-3.219599276781082153e-02,-2.644023299217224121e-02,-2.061806991696357727e-02,-1.582021452486515045e-02,-8.751752786338329315e-03,-2.849586540833115578e-03,4.723141435533761978e-03,1.101575046777725220e-02,1.845261268317699432e-02,2.374861761927604675e-02,2.985335513949394226e-02,3.375161811709403992e-02,3.636901080608367920e-02,3.683197125792503357e-02,3.627638891339302063e-02,3.356809541583061218e-02,2.985292300581932068e-02,2.532331459224224091e-02,1.982417888939380646e-02,1.308941282331943512e-02,6.119056604802608490e-03,-1.346751349046826363e-03
-1.401633140631020069e-03,-8.016568608582019806e-03,-1.479727216064929962e-02,-2.199401706457138062e-02,-2.765393815934658051e-02,-3.208843618631362915e-02,-3.624734282493591309e-02,-3.862132504582405090e-02,-3.943930566310882568e-02,-3.980965539813041687e-02,-3.790681064128875732e-02,-3.506573289632797241e-02,-3.056349605321884155e-02,-2.430004999041557312e-02,-1.716832816600799561e-02,-1.126679126173257828e-02,-2.230190671980381012e-03,7.343273609876632690e-03,1.680141314864158630e-02,2.424549497663974762e-02,3.100208938121795654e-02,3.649187460541725159e-02,4.209769517183303833e-02,4.477700591087341309e-02,4.535339027643203735e-02,4.420594871044158936e-02,4.132668301463127136e-02,3.521976247429847717e-02,2.913567796349525452e-02,2.060798555612564087e-02,1.060895528644323349e-02,1.965926727280020714e-03,-8.680295199155807495e-03,-1.838498935103416443e-02,-2.651954069733619690e-02,-3.356980532407760620e-02,-3.843840584158897400e-02,-4.293856024742126465e-02,-4.438972473144531250e-02,-4.480370879173278809e-02,-4.245551303029060364e-02,-3.840224444866180420e-02,-3.311959654092788696e-02,-2.499907091259956360e-02,-1.867021806538105011e-02,-1.119508408010005951e-02,-3.065381431952118874e-03,4.265903029590845108e-03,1.218155492097139359e-02,1.864320412278175354e-02,2.443678677082061768e-02,2.880129031836986542e-02,3.294604644179344177e-02,3.513647243380546570e-02,3.550341725349426270e-02,3.470512107014656067e-02,3.323928266763687134e-02,2.988055162131786346e-02,2.580934762954711914e-02,2.073594182729721069e-02,1.567013189196586609e-02,1.030747964978218079e-02,4.724846221506595612e-03,-1.057707704603672028e-03
-1.616762252524495125e-03,-6.838960573077201843e-03,-1.411723159253597260e-02,-2.058840729296207428e-02,-2.621814794838428497e-02,-3.142422810196876526e-02,-3.633837774395942688e-02,-3.908915445208549500e-02,-4.126161336898803711e-02,-4.093344137072563171e-02,-4.088348522782325745e-02,-3.802871704101562500e-02,-3.446991741657257080e-02,-2.917448431253433228e-02,-2.152004651725292206e-02,-1.475112978368997574e-02,-5.097041837871074677e-03,5.046622361987829208e-03,1.611988246440887451e-02,2.594112046062946320e-02,3.375834599137306213e-02,4.080166667699813843e-02,4.780764505267143250e-02,5.076767876744270325e-02,5.238110572099685669e-02,5.022139474749565125e-02,4.700409621000289917e-02,4.059825837612152100e-02,3.246152773499488831e-02,2.232674881815910339e-02,1.012334879487752914e-02,-7.419009343720972538e-04,-1.375644933432340622e-02,-2.288837544620037079e-02,-3.301810100674629211e-02,-4.068762063980102539e-02,-4.633603990077972412e-02,-4.979513213038444519e-02,-5.016326159238815308e-02,-5.027553066611289978e-02,-4.592356085777282715e-02,-3.975762054324150085e-02,-2.949432656168937683e-02,-2.079016715288162231e-02,-1.353432144969701767e-02,-5.074404180049896240e-03,4.822819493710994720e-03,1.242277119308710098e-02,1.983833499252796173e-02,2.519456669688224792e-02,2.988973259925842285e-02,3.268630057573318481e-02,3.394939750432968140e-02,3.355912864208221436e-02,3.149006515741348267e-02,2.935196831822395325e-02,2.681666612625122070e-02,2.278353832662105560e-02,1.926897652447223663e-02,1.412884052842855453e-02,1.085916999727487564e-02,6.837741006165742874e-03,3.510590642690658569e-03,-6.616956670768558979e-04
-2.038393635302782059e-03,-6.503828801214694977e-03,-1.216919533908367157e-02,-1.990513131022453308e-02,-2.491047792136669159e-02,-2.976973541080951691e-02,-3.437854349613189697e-02,-3.725055232644081116e-02,-3.957294672727584839e-02,-4.051344469189643860e-02,-4.027850553393363953e-02,-3.781462460756301880e-02,-3.496801480650901794e-02,-3.079173713922500610e-02,-2.403823286294937134e-02,-1.660309545695781708e-02,-7.149645593017339706e-03,3.457405138760805130e-03,1.523579284548759460e-02,2.558860927820205688e-02,3.502560406923294067e-02,4.254559054970741272e-02,4.941545426845550537e-02,5.350258946418762207e-02,5.575758591294288635e-02,5.395681038498878479e-02,5.022681877017021179e-02,4.270758479833602905e-02,3.379394859075546265e-02,2.117305994033813477e-02,1.010724157094955444e-02,-3.130979370325803757e-03,-1.682348363101482391e-02,-2.777937054634094238e-02,-3.792016208171844482e-02,-4.587453231215476990e-02,-5.147911980748176575e-02,-5.285532027482986450e-02,-5.352316051721572876e-02,-5.114758014678955078e-02,-4.650396481156349182e-02,-3.795697167515754700e-02,-2.739011123776435852e-02,-1.877930946648120880e-02,-9.043284691870212555e-03,1.730005606077611446e-03,1.091763284057378769e-02,1.791728660464286804e-02,2.494983747601509094e-02,2.989681251347064972e-02,3.290516883134841919e-02,3.324155509471893311e-02,3.318730369210243225e-02,2.998495660722255707e-02,2.706837281584739685e-02,2.349253930151462555e-02,2.039314806461334229e-02,1.625804230570793152e-02,1.229691039770841599e-02,7.862096652388572693e-03,4.464709665626287460e-03,2.012816024944186211e-03,3.132096608169376850e-04,-6.671626470051705837e-04
-1.349929720163345337e-03,-5.115570034831762314e-03,-1.057462207973003387e-02,-1.678195595741271973e-02,-2.247351966798305511e-02,-2.708572335541248322e-02,-3.137745708227157593e-02,-3.433818370103836060e-02,-3.735897317528724670e-02,-3.848685324192047119e-02,-3.845186904072761536e-02,-3.711828216910362244e-02,-3.418201208114624023e-02,-3.103405609726905823e-02,-2.385303750634193420e-02,-1.762539334595203400e-02,-7.403470110148191452e-03,2.021665684878826141e-03,1.386911887675523758e-02,2.451796457171440125e-02,3.389993309974670410e-02,4.209250211715698242e-02,4.957997426390647888e-02,5.331566184759140015e-02,5.519236996769905090e-02,5.343240499496459961e-02,4.940891265869140625e-02,4.204259067773818970e-02,3.131357207894325256e-02,1.786608248949050903e-02,6.519622635096311569e-03,-6.652784068137407303e-03,-1.963099278509616852e-02,-2.952150627970695496e-02,-3.937341272830963135e-02,-4.745225980877876282e-02,-5.112344026565551758e-02,-5.473767220973968506e-02,-5.350910499691963196e-02,-5.024830624461174011e-02,-4.300738126039505005e-02,-3.253263980150222778e-02,-2.166790515184402466e-02,-1.309636700898408890e-02,-2.032348653301596642e-03,8.350730873644351959e-03,1.681234687566757202e-02,2.371108904480934143e-02,2.965404093265533447e-02,3.281478583812713623e-02,3.383282944560050964e-02,3.150649741291999817e-02,2.857417799532413483e-02,2.380780316889286041e-02,2.009614929556846619e-02,1.545986626297235489e-02,1.193293929100036621e-02,7.046376820653676987e-03,3.776677884161472321e-03,8.633628021925687790e-04,-1.300870673730969429e-03,-1.537032891064882278e-03,-1.225793152116239071e-03,-8.767712861299514771e-04
-9.725718409754335880e-04,-4.355630371719598770e-03,-8.355935104191303253e-03,-1.311625819653272629e-02,-1.850573346018791199e-02,-2.356765791773796082e-02,-2.702988870441913605e-02,-3.019461594521999359e-02,-3.268585354089736938e-02,-3.387485817074775696e-02,-3.412002697587013245e-02,-3.295856341719627380e-02,-3.051732294261455536e-02,-2.753023430705070496e-02,-2.260004542768001556e-02,-1.551904063671827316e-02,-6.722441408783197403e-03,2.724155550822615623e-03,1.322834193706512451e-02,2.328337170183658600e-02,3.153228014707565308e-02,3.967778384685516357e-02,4.612899944186210632e-02,4.963556304574012756e-02,5.153765901923179626e-02,4.895845055580139160e-02,4.508123174309730530e-02,3.771520406007766724e-02,2.711141668260097504e-02,1.581749133765697479e-02,4.391010850667953491e-03,-6.757593248039484024e-03,-1.923023723065853119e-02,-2.944263443350791931e-02,-3.785798698663711548e-02,-4.505945742130279541e-02,-4.815904796123504639e-02,-4.929971694946289062e-02,-4.797836765646934509e-02,-4.254462942481040955e-02,-3.615356609225273132e-02,-2.521513588726520538e-02,-1.594171486794948578e-02,-6.323903799057006836e-03,5.141672678291797638e-03,1.415009889751672745e-02,2.103645540773868561e-02,2.654516510665416718e-02,3.127884864807128906e-02,3.218173980712890625e-02,3.154931217432022095e-02,2.760569937527179718e-02,2.363166399300098419e-02,1.836451701819896698e-02,1.329827122390270233e-02,8.060395717620849609e-03,2.506753662601113319e-03,-1.659145578742027283e-03,-4.415573552250862122e-03,-6.149732042104005814e-03,-6.844406947493553162e-03,-5.292555782943964005e-03,-3.094825660809874535e-03,-2.725675876718014479e-04
-4.163160629104822874e-04,-3.790013724938035011e-03,-7.033798377960920334e-03,-1.045724470168352127e-02,-1.474918611347675323e-02,-1.900651678442955017e-02,-2.257620543241500854e-02,-2.561086602509021759e-02,-2.764702588319778442e-02,-2.866787463426589966e-02,-2.911481074988842010e-02,-2.838303521275520325e-02,-2.613761648535728455e-02,-2.368838340044021606e-02,-1.858360320329666138e-02,-1.263751462101936340e-02,-4.405619576573371887e-03,2.655165269970893860e-03,1.203093864023685455e-02,2.107882127165794373e-02,2.887063100934028625e-02,3.581952303647994995e-02,4.110221192240715027e-02,4.434274509549140930e-02,4.397276416420936584e-02,4.209202155470848083e-02,3.558148443698883057e-02,2.900707162916660309e-02,1.958298496901988983e-02,8.866549469530582428e-03,3.606723475968465209e-05,-1.061660330742597580e-02,-2.096983976662158966e-02,-3.041172586381435394e-02,-3.721744939684867859e-02,-4.274155199527740479e-02,-4.424299299716949463e-02,-4.404160380363464355e-02,-3.970115259289741516e-02,-3.455723077058792114e-02,-2.631101384758949280e-02,-1.607777550816535950e-02,-7.436886429786682129e-03,1.720180036500096321e-03,1.160198077559471130e-02,1.876714080572128296e-02,2.459063380956649780e-02,2.916921488940715790e-02,3.056629747152328491e-02,2.973285689949989319e-02,2.608839236199855804e-02,2.129638753831386566e-02,1.595966331660747528e-02,9.903294965624809265e-03,4.361460916697978973e-03,-2.390254987403750420e-03,-7.421124726533889771e-03,-1.122513785958290100e-02,-1.267407834529876709e-02,-1.323417853564023972e-02,-1.259609218686819077e-02,-8.403909392654895782e-03,-4.244874231517314911e-03,-2.139328134944662452e-04
-8.291460690088570118e-04,-2.361114136874675751e-03,-4.388649947941303253e-03,-7.523396983742713928e-03,-1.013388112187385559e-02,-1.373288035392761230e-02,-1.638843119144439697e-02,-1.986479572951793671e-02,-2.135531604290008545e-02,-2.192445471882820129e-02,-2.270702458918094635e-02,-2.171650156378746033e-02,-2.011257782578468323e-02,-1.695256493985652924e-02,-1.343519985675811768e-02,-7.954650558531284332e-03,-2.168651670217514038e-03,3.782668383792042732e-03,1.197878550738096237e-02,1.778675615787506104e-02,2.458060160279273987e-02,2.906280197203159332e-02,3.278576210141181946e-02,3.346899151802062988e-02,3.276821970939636230e-02,2.916489727795124054e-02,2.425319328904151917e-02,1.934157870709896088e-02,1.182976458221673965e-02,3.479404607787728310e-03,-4.879934713244438171e-03,-1.292434707283973694e-02,-2.220709994435310364e-02,-2.841411717236042023e-02,-3.458061814308166504e-02,-3.666170686483383179e-02,-3.652805462479591370e-02,-3.322625532746315002e-02,-2.991493977606296539e-02,-2.441067434847354889e-02,-1.473394222557544708e-02,-7.319871801882982254e-03,1.741641899570822716e-03,1.068390719592571259e-02,1.748275011777877808e-02,2.318607084453105927e-02,2.744587138295173645e-02,2.922779694199562073e-02,2.904444374144077301e-02,2.472711168229579926e-02,2.033291757106781006e-02,1.416290923953056335e-02,8.314363658428192139e-03,1.015483750961720943e-03,-6.442434154450893402e-03,-1.213163603097200394e-02,-1.718564704060554504e-02,-1.868841238319873810e-02,-2.015432901680469513e-02,-1.985032670199871063e-02,-1.749502122402191162e-02,-1.219781301915645599e-02,-6.766478996723890305e-03,-5.559485289268195629e-04
-2.866185677703469992e-04,-1.983302878215909004e-03,-3.949335310608148575e-03,-6.530317012220621109e-03,-8.180989883840084076e-03,-1.051244046539068222e-02,-1.168314740061759949e-02,-1.361020095646381378e-02,-1.466496009379625320e-02,-1.462506409734487534e-02,-1.453552767634391785e-02,-1.317513547837734222e-02,-1.157636940479278564e-02,-8.680322207510471344e-03,-5.496855825185775757e-03,-2.099063480272889137e-03,2.182978438213467598e-03,5.950682330876588821e-03,1.072700880467891693e-02,1.473474688827991486e-02,1.781252026557922363e-02,1.989701204001903534e-02,2.033495157957077026e-02,1.975687779486179352e-02,1.820962876081466675e-02,1.575632020831108093e-02,1.231434009969234467e-02,7.012327667325735092e-03,8.421061793342232704e-04,-6.151009351015090942e-03,-1.247903984040021896e-02,-1.789513230323791504e-02,-2.199563756585121155e-02,-2.646615169942378998e-02,-2.611375972628593445e-02,-2.725944481790065765e-02,-2.416416630148887634e-02,-2.137737721204757690e-02,-1.562957651913166046e-02,-8.397046476602554321e-03,-1.091955229640007019e-03,4.541925154626369476e-03,1.279346644878387451e-02,1.847821660339832306e-02,2.388322912156581879e-02,2.745376899838447571e-02,2.857377380132675171e-02,2.674609236419200897e-02,2.333464287221431732e-02,1.834309659898281097e-02,1.263014879077672958e-02,5.368719808757305145e-03,-1.329910242930054665e-03,-9.324626065790653229e-03,-1.642093621194362640e-02,-2.137486450374126434e-02,-2.586320973932743073e-02,-2.691136114299297333e-02,-2.669547684490680695e-02,-2.494165673851966858e-02,-2.166849374771118164e-02,-1.418356597423553467e-02,-7.240317761898040771e-03,-2.302649954799562693e-04
-4.814954008907079697e-04,-1.504030078649520874e-03,-2.476402325555682182e-03,-3.786809509620070457e-03,-4.991828929632902145e-03,-6.964799016714096069e-03,-6.758245639503002167e-03,-6.861383561044931412e-03,-7.408611476421356201e-03,-6.764985155314207077e-03,-6.028307136148214340e-03,-3.798826131969690323e-03,-2.043787389993667603e-03,2.904508146457374096e-04,2.012574346736073494e-03,4.343279171735048294e-03,6.234637927263975143e-03,8.936417289078235626e-03,1.004922669380903244e-02,1.002794969826936722e-02,9.905809536576271057e-03,9.713411331176757812e-03,8.438580669462680817e-03,7.890137843787670135e-03,5.073704291135072708e-03,2.135305432602763176e-03,-1.506110886111855507e-03,-5.123262293636798859e-03,-9.679569862782955170e-03,-1.494725793600082397e-02,-1.857038214802742004e-02,-2.064915373921394348e-02,-2.112017571926116943e-02,-2.001799270510673523e-02,-1.939998194575309753e-02,-1.586889661848545074e-02,-1.104510203003883362e-02,-5.258097313344478607e-03,3.607950056903064251e-04,4.149026237428188324e-03,1.035279314965009689e-02,1.687028259038925171e-02,2.167280018329620361e-02,2.636711858212947845e-02,2.803800813853740692e-02,2.860360965132713318e-02,2.611587755382061005e-02,2.298998832702636719e-02,1.784417219460010529e-02,1.193777564913034439e-02,4.510421305894851685e-03,-3.685653908178210258e-03,-1.193168200552463531e-02,-2.030599676072597504e-02,-2.600751444697380066e-02,-3.032876923680305481e-02,-3.354803472757339478e-02,-3.267833590507507324e-02,-3.282606974244117737e-02,-2.913131751120090485e-02,-2.452320046722888947e-02,-1.648142375051975250e-02,-8.979937061667442322e-03,4.310933832130103838e-07
3.385773452464491129e-04,-9.174852166324853897e-04,-1.784621737897396088e-03,-2.830224111676216125e-03,-3.431848017498850822e-03,-4.494777414947748184e-03,-2.917575417086482048e-03,-2.397455740720033646e-03,-1.063294941559433937e-03,-7.853005081415176392e-05,1.227387343533337116e-03,3.894387045875191689e-03,5.971843842417001724e-03,7.796775549650192261e-03,9.466943331062793732e-03,1.087758876383304596e-02,1.189325284212827682e-02,1.249901484698057175e-02,1.064444985240697861e-02,8.705625310540199280e-03,6.136951502412557602e-03,3.990314900875091553e-03,5.429409211501479149e-04,-2.845572074875235558e-03,-7.144021801650524139e-03,-1.183741353452205658e-02,-1.667774841189384460e-02,-1.835471577942371368e-02,-2.178862690925598145e-02,-2.303246408700942993e-02,-2.481189928948879242e-02,-2.130668982863426208e-02,-1.781292818486690521e-02,-1.595156639814376831e-02,-1.066214498132467270e-02,-4.579244181513786316e-03,2.581116277724504471e-03,8.854426443576812744e-03,1.550560630857944489e-02,2.041823789477348328e-02,2.641036175191402435e-02,3.005081787705421448e-02,3.343182057142257690e-02,3.343545272946357727e-02,3.123304992914199829e-02,2.827492542564868927e-02,2.382760122418403625e-02,1.921034604310989380e-02,1.242430321872234344e-02,4.447747487574815750e-03,-4.335339181125164032e-03,-1.303253509104251862e-02,-2.195921540260314941e-02,-2.792120538651943207e-02,-3.380472213029861450e-02,-3.685290366411209106e-02,-3.913891315460205078e-02,-3.794468194246292114e-02,-3.571905195713043213e-02,-3.146509826183319092e-02,-2.527274377644062042e-02,-1.699300296604633331e-02,-8.531536906957626343e-03,-1.012126886053010821e-04
6.250512669794261456e-04,-4.533191968221217394e-04,-7.916287868283689022e-04,-1.184878405183553696e-03,-1.415583188645541668e-03,-1.233844668604433537e-03,1.674903760431334376e-04,2.097425982356071472e-03,4.528202116489410400e-03,6.689463742077350616e-03,8.931626565754413605e-03,1.206002105027437210e-02,1.420227251946926117e-02,1.614581979811191559e-02,1.700406149029731750e-02,1.737227104604244232e-02,1.665763929486274719e-02,1.516545377671718597e-02,1.078122295439243317e-02,5.924254190176725388e-03,1.713615609332919121e-03,-3.660232294350862503e-03,-9.930049069225788116e-03,-1.390598714351654053e-02,-1.935398392379283905e-02,-2.351293340325355530e-02,-2.859281934797763824e-02,-3.048111312091350555e-02,-3.250819072127342224e-02,-3.080936893820762634e-02,-2.774384804069995880e-02,-2.272999286651611328e-02,-1.650984585285186768e-02,-1.146899536252021790e-02,-2.913988195359706879e-03,5.384542513638734818e-03,1.339324377477169037e-02,2.124879136681556702e-02,2.841541171073913574e-02,3.237076476216316223e-02,3.688525781035423279e-02,3.978177160024642944e-02,4.085187986493110657e-02,3.823878616094589233e-02,3.384767100214958191e-02,2.779245376586914062e-02,2.161172963678836823e-02,1.471568457782268524e-02,4.927061963826417923e-03,-4.142588470131158829e-03,-1.491756737232208252e-02,-2.219747565686702728e-02,-3.052467666566371918e-02,-3.672768548130989075e-02,-4.109186679124832153e-02,-4.272986948490142822e-02,-4.388039186596870422e-02,-4.148371145129203796e-02,-3.884039819240570068e-02,-3.346984460949897766e-02,-2.649119496345520020e-02,-1.741125434637069702e-02,-8.776294067502021790e-03,-2.731851709540933371e-04
7.543161045759916306e-04,-9.974726708605885506e-04,-1.255499548278748989e-03,-1.745675341226160526e-03,-5.861832760274410248e-04,8.102606516331434250e-04,3.166247159242630005e-03,5.855795461684465408e-03,9.260003454983234406e-03,1.295197196304798126e-02,1.577750965952873230e-02,1.939570158720016479e-02,2.202954888343811035e-02,2.431013435125350952e-02,2.443943358957767487e-02,2.354394458234310150e-02,2.148079313337802887e-02,1.782128587365150452e-02,1.104835886508226395e-02,3.481722669675946236e-03,-4.308694507926702499e-03,-1.274918578565120697e-02,-2.017396688461303711e-02,-2.754157595336437225e-02,-3.317409753799438477e-02,-3.848706185817718506e-02,-4.186724126338958740e-02,-4.255733266472816467e-02,-4.259558022022247314e-02,-3.829066455364227295e-02,-3.286408632993698120e-02,-2.224636264145374298e-02,-1.484412606805562973e-02,-5.844012368470430374e-03,5.054418463259935379e-03,1.620488986372947693e-02,2.536058612167835236e-02,3.388798236846923828e-02,4.037615284323692322e-02,4.385689646005630493e-02,4.731398448348045349e-02,4.796949028968811035e-02,4.627754911780357361e-02,4.102693125605583191e-02,3.438221290707588196e-02,2.679342590272426605e-02,1.860801689326763153e-02,8.909880183637142181e-03,-1.778145669959485531e-03,-1.156045682728290558e-02,-2.206118218600749969e-02,-2.933535724878311157e-02,-3.718135505914688110e-02,-4.217338934540748596e-02,-4.610555991530418396e-02,-4.693362489342689514e-02,-4.741979017853736877e-02,-4.443554952740669250e-02,-4.066753014922142029e-02,-3.430302813649177551e-02,-2.632872574031352997e-02,-1.702300086617469788e-02,-8.414623327553272247e-03,-3.907981445081532001e-04
9.977433364838361740e-04,-1.238358381669968367e-04,-1.042467541992664337e-03,-1.225065439939498901e-03,1.647441240493208170e-05,1.832992420531809330e-03,4.474161658436059952e-03,8.800934068858623505e-03,1.296958979219198227e-02,1.754313148558139801e-02,2.144057117402553558e-02,2.511639334261417389e-02,2.858963795006275177e-02,3.068866208195686340e-02,3.074540197849273682e-02,2.800166234374046326e-02,2.491270378232002258e-02,1.989634335041046143e-02,1.112387143075466156e-02,1.813344541005790234e-03,-7.917472161352634430e-03,-1.835772581398487091e-02,-2.786289714276790619e-02,-3.729671612381935120e-02,-4.390753433108329773e-02,-4.937172308564186096e-02,-5.090158060193061829e-02,-5.120451748371124268e-02,-4.923176765441894531e-02,-4.398608952760696411e-02,-3.552715480327606201e-02,-2.310542203485965729e-02,-1.463445927947759628e-02,-1.363194314762949944e-03,1.179705839604139328e-02,2.267300337553024292e-02,3.417977318167686462e-02,4.431205987930297852e-02,5.105130374431610107e-02,5.406249314546585083e-02,5.689279735088348389e-02,5.627412348985671997e-02,5.136886984109878540e-02,4.413173720240592957e-02,3.551775962114334106e-02,2.582595869898796082e-02,1.560108736157417297e-02,3.723857691511511803e-03,-8.559552021324634552e-03,-1.890063099563121796e-02,-2.866144664585590363e-02,-3.582353517413139343e-02,-4.205875471234321594e-02,-4.673688113689422607e-02,-4.930161684751510620e-02,-4.855453968048095703e-02,-4.813351109623908997e-02,-4.518124461174011230e-02,-4.061496257781982422e-02,-3.304364159703254700e-02,-2.559592761099338531e-02,-1.695763878524303436e-02,-9.140589274466037750e-03,-9.881277801468968391e-04
1.093785394914448261e-03,-6.994024734012782574e-04,-1.472229254432022572e-03,-2.206964883953332901e-03,2.025493013206869364e-04,2.341957297176122665e-03,5.492105148732662201e-03,1.037207525223493576e-02,1.558763440698385239e-02,2.047504670917987823e-02,2.518580295145511627e-02,2.946729771792888641e-02,3.288521990180015564e-02,3.511950746178627014e-02,3.492294996976852417e-02,3.180208802223205566e-02,2.703839726746082306e-02,2.014243789017200470e-02,1.030306797474622726e-02,-5.355800967663526535e-04,-1.208219490945339203e-02,-2.184040099382400513e-02,-3.328989446163177490e-02,-4.398854076862335205e-02,-5.066659301519393921e-02,-5.615299567580223083e-02,-5.781701579689979553e-02,-5.747719854116439819e-02,-5.454715341329574585e-02,-4.768642783164978027e-02,-3.643181547522544861e-02,-2.229006029665470123e-02,-1.068707741796970367e-02,4.162739962339401245e-03,1.835852488875389099e-02,3.139137476682662964e-02,4.251202568411827087e-02,5.279568210244178772e-02,5.822569876909255981e-02,6.052335724234580994e-02,6.052389368414878845e-02,5.906408652663230896e-02,5.284877121448516846e-02,4.350296407938003540e-02,3.369916602969169617e-02,2.256868593394756317e-02,1.150145288556814194e-02,-2.115523442625999451e-03,-1.379019487649202347e-02,-2.372293360531330109e-02,-3.343264758586883545e-02,-3.961221873760223389e-02,-4.556061327457427979e-02,-4.872740805149078369e-02,-5.065632611513137817e-02,-4.902633652091026306e-02,-4.742396622896194458e-02,-4.367269203066825867e-02,-3.781803697347640991e-02,-3.057200647890567780e-02,-2.225254848599433899e-02,-1.534009538590908051e-02,-7.412686478346586227e-03,-1.498715602792799473e-03
1.799182617105543613e-03,-3.992020210716873407e-04,-2.339192898944020271e-03,-2.196511719375848770e-03,-5.112460930831730366e-04,3.055140608921647072e-03,5.764326546341180801e-03,1.034039631485939026e-02,1.541209500283002853e-02,2.154841087758541107e-02,2.635171078145503998e-02,3.072208538651466370e-02,3.449824452400207520e-02,3.564602509140968323e-02,3.600827604532241821e-02,3.209636732935905457e-02,2.776243165135383606e-02,1.849066093564033508e-02,9.136841632425785065e-03,-8.502578712068498135e-04,-1.336683053523302078e-02,-2.461323887109756470e-02,-3.504115343093872070e-02,-4.490698128938674927e-02,-5.352369695901870728e-02,-5.609691143035888672e-02,-5.924380198121070862e-02,-5.793493986129760742e-02,-5.448710545897483826e-02,-4.698544740676879883e-02,-3.655225783586502075e-02,-2.248099632561206818e-02,-1.102111488580703735e-02,5.784293636679649353e-03,1.960460096597671509e-02,3.417745605111122131e-02,4.538130015134811401e-02,5.434009432792663574e-02,6.066899374127388000e-02,6.258155405521392822e-02,6.306532770395278931e-02,5.910342559218406677e-02,5.209638178348541260e-02,4.143495112657546997e-02,3.137478604912757874e-02,2.050700038671493530e-02,7.651806809008121490e-03,-4.902868997305631638e-03,-1.688060723245143890e-02,-2.539181895554065704e-02,-3.469593077898025513e-02,-3.982677310705184937e-02,-4.495497420430183411e-02,-4.748698696494102478e-02,-4.838540405035018921e-02,-4.635544493794441223e-02,-4.455909132957458496e-02,-4.065747186541557312e-02,-3.484746813774108887e-02,-2.739754132926464081e-02,-2.076433040201663971e-02,-1.331191230565309525e-02,-7.230322342365980148e-03,-2.074766671285033226e-03
1.330808969214558601e-03,-5.692210397683084011e-04,-1.843827893026173115e-03,-2.926043467596173286e-03,4.019393236376345158e-04,2.435305854305624962e-03,5.399505607783794403e-03,9.691037237644195557e-03,1.539933215826749802e-02,2.106968872249126434e-02,2.646360732614994049e-02,3.038099035620689392e-02,3.403602540493011475e-02,3.561229631304740906e-02,3.542182967066764832e-02,3.203932940959930420e-02,2.646216377615928650e-02,1.780449599027633667e-02,8.127070963382720947e-03,-2.154554473236203194e-03,-1.406979188323020935e-02,-2.441729605197906494e-02,-3.518208488821983337e-02,-4.381572082638740540e-02,-5.136296153068542480e-02,-5.559063702821731567e-02,-5.731818452477455139e-02,-5.598323047161102295e-02,-5.130749568343162537e-02,-4.414783790707588196e-02,-3.310500085353851318e-02,-1.988554187119007111e-02,-6.786318030208349228e-03,8.897196501493453979e-03,2.254647016525268555e-02,3.587253391742706299e-02,4.558815807104110718e-02,5.464020371437072754e-02,5.880453065037727356e-02,6.050299108028411865e-02,5.932851508259773254e-02,5.528155714273452759e-02,4.816360399127006531e-02,3.690860047936439514e-02,2.685938775539398193e-02,1.609332114458084106e-02,5.013160407543182373e-03,-7.198752369731664658e-03,-1.784484088420867920e-02,-2.598310820758342743e-02,-3.356814384460449219e-02,-3.807467594742774963e-02,-4.213446006178855896e-02,-4.382982105016708374e-02,-4.431910812854766846e-02,-4.247119650244712830e-02,-3.938052430748939514e-02,-3.572941571474075317e-02,-3.037650510668754578e-02,-2.376634255051612854e-02,-1.762520708143711090e-02,-1.118705421686172485e-02,-5.973349791020154953e-03,-1.991503173485398293e-03
2.058851532638072968e-03,-5.682998453266918659e-04,-1.249800203368067741e-03,-2.334126736968755722e-03,-1.086821779608726501e-03,2.701709279790520668e-03,4.449239000678062439e-03,7.412868086248636246e-03,1.192510221153497696e-02,1.809656247496604919e-02,2.273611910641193390e-02,2.679292298853397369e-02,2.942682616412639618e-02,3.109924495220184326e-02,3.099562786519527435e-02,2.897525206208229065e-02,2.363971807062625885e-02,1.562046445906162262e-02,7.135301828384399414e-03,-1.952001242898404598e-03,-1.233845204114913940e-02,-2.272272668778896332e-02,-3.218523040413856506e-02,-4.055734723806381226e-02,-4.601338133215904236e-02,-4.974559694528579712e-02,-5.132871121168136597e-02,-4.914980009198188782e-02,-4.484578967094421387e-02,-3.798804432153701782e-02,-2.919160202145576477e-02,-1.843644306063652039e-02,-6.595448590815067291e-03,7.706986740231513977e-03,2.015035599470138550e-02,3.163547813892364502e-02,4.021383821964263916e-02,4.802963510155677795e-02,5.228751525282859802e-02,5.392926558852195740e-02,5.208956450223922729e-02,4.932852461934089661e-02,4.259033501148223877e-02,3.290884941816329956e-02,2.298226207494735718e-02,1.265511382371187210e-02,1.953143626451492310e-03,-7.935430854558944702e-03,-1.713866554200649261e-02,-2.426815219223499298e-02,-3.049888461828231812e-02,-3.326943889260292053e-02,-3.585156798362731934e-02,-3.789128735661506653e-02,-3.751984611153602600e-02,-3.505970910191535950e-02,-3.207062557339668274e-02,-2.929624542593955994e-02,-2.488190867006778717e-02,-1.982868090271949768e-02,-1.537169888615608215e-02,-9.794441983103752136e-03,-5.900371354073286057e-03,-2.569359261542558670e-03
2.109632827341556549e-03,5.383906536735594273e-04,-7.431778940372169018e-04,-3.325869562104344368e-03,-1.575442380271852016e-03,1.063023111782968044e-03,2.624800428748130798e-03,5.516393110156059265e-03,1.037157606333494186e-02,1.497503649443387985e-02,2.002402395009994507e-02,2.248415723443031311e-02,2.498422935605049133e-02,2.582523599267005920e-02,2.613773941993713379e-02,2.358727157115936279e-02,2.011020481586456299e-02,1.384157408028841019e-02,6.050959229469299316e-03,-1.704057794995605946e-03,-1.133331935852766037e-02,-1.936065405607223511e-02,-2.850597165524959564e-02,-3.424621745944023132e-02,-3.890644758939743042e-02,-4.092769697308540344e-02,-4.205871745944023132e-02,-4.100622981786727905e-02,-3.700618445873260498e-02,-3.197280317544937134e-02,-2.272037789225578308e-02,-1.450178120285272598e-02,-2.283138222992420197e-03,8.515448309481143951e-03,1.955093629658222198e-02,2.885051444172859192e-02,3.359157219529151917e-02,4.015297070145606995e-02,4.168592393398284912e-02,4.349436610937118530e-02,4.128701239824295044e-02,3.961029648780822754e-02,3.342441841959953308e-02,2.563713677227497101e-02,1.732116006314754486e-02,8.089689537882804871e-03,-8.079687831923365593e-04,-9.860499761998653412e-03,-1.631993055343627930e-02,-2.238526381552219391e-02,-2.552639320492744446e-02,-2.858439274132251740e-02,-2.896786108613014221e-02,-3.149473294615745544e-02,-2.886568568646907806e-02,-2.803396992385387421e-02,-2.399968355894088745e-02,-2.156792953610420227e-02,-1.834535785019397736e-02,-1.397056132555007935e-02,-1.073846220970153809e-02,-7.451982703059911728e-03,-5.186121910810470581e-03,-2.657327800989151001e-03
1.317770918831229210e-03,-7.297528209164738655e-04,-8.068300085142254829e-04,-1.576575217768549919e-03,-8.486164151690900326e-04,1.067608362063765526e-03,2.493353560566902161e-03,4.484962206333875656e-03,7.446211297065019608e-03,1.106926985085010529e-02,1.380197796970605850e-02,1.622463203966617584e-02,1.651423983275890350e-02,1.837766543030738831e-02,1.697068102657794952e-02,1.535349246114492416e-02,1.252477988600730896e-02,8.314382284879684448e-03,3.835620824247598648e-03,-2.293859375640749931e-03,-7.505017798393964767e-03,-1.359790749847888947e-02,-2.046153135597705841e-02,-2.505761757493019104e-02,-3.020482510328292847e-02,-3.109285607933998108e-02,-3.201590850949287415e-02,-2.765564247965812683e-02,-2.666983194649219513e-02,-2.116536349058151245e-02,-1.689576730132102966e-02,-9.303986094892024994e-03,-1.943013281561434269e-03,6.230995524674654007e-03,1.322106365114450455e-02,1.957380771636962891e-02,2.289125137031078339e-02,2.813122607767581940e-02,2.925113774836063385e-02,3.078636527061462402e-02,3.005789034068584442e-02,2.793680131435394287e-02,2.401008456945419312e-02,1.866419799625873566e-02,1.331729628145694733e-02,6.505084689706563950e-03,1.179429935291409492e-03,-4.151009023189544678e-03,-9.758385829627513885e-03,-1.492168661206960678e-02,-1.797807030379772186e-02,-1.980909146368503571e-02,-2.129709720611572266e-02,-2.181267365813255310e-02,-2.116042561829090118e-02,-2.006796747446060181e-02,-1.750749535858631134e-02,-1.602572761476039886e-02,-1.294670905917882919e-02,-1.106818486005067825e-02,-7.797452621161937714e-03,-5.433727055788040161e-03,-2.155291847884654999e-03,-2.254999242722988129e-03
-2.628659829497337341e-03,-3.162488341331481934e-03,-9.247622801922261715e-04,-1.863324432633817196e-03,-4.106463748030364513e-04,-1.075476408004760742e-03,5.676983855664730072e-04,9.571689297445118427e-04,3.159398678690195084e-03,3.660553134977817535e-03,5.138387437909841537e-03,7.416380569338798523e-03,8.455947972834110260e-03,9.178974665701389313e-03,8.773081935942173004e-03,8.719176985323429108e-03,7.170873228460550308e-03,5.272951442748308182e-03,2.284212969243526459e-03,-9.769565658643841743e-04,-4.165581893175840378e-03,-8.409245871007442474e-03,-1.143178436905145645e-02,-1.511367317289113998e-02,-1.584346219897270203e-02,-1.699370332062244415e-02,-1.583958417177200317e-02,-1.542922388762235641e-02,-1.261641550809144974e-02,-1.008206512778997421e-02,-7.329750340431928635e-03,-4.626997746527194977e-03,-9.843712905421853065e-04,2.401539823040366173e-03,5.975996144115924835e-03,1.085760351270437241e-02,1.350976433604955673e-02,1.573969423770904541e-02,1.763479784131050110e-02,1.794658973813056946e-02,1.711942628026008606e-02,1.514935772866010666e-02,1.270637195557355881e-02,9.721009060740470886e-03,6.964467465877532959e-03,2.930270042270421982e-03,4.871897690463811159e-04,-3.194384044036269188e-03,-4.719079006463289261e-03,-8.116364479064941406e-03,-9.602336212992668152e-03,-1.015885826200246811e-02,-9.771414101123809814e-03,-9.633888490498065948e-03,-9.291803464293479919e-03,-8.625766262412071228e-03,-7.455990649759769440e-03,-6.578712258487939835e-03,-5.794540047645568848e-03,-5.109691061079502106e-03,-4.324863664805889130e-03,-2.833513310179114342e-03,-9.196532773785293102e-04,1.687402691459283233e-04
-3.624099772423505783e-03,-1.619257382117211819e-03,-1.818950171582400799e-03,-6.288189324550330639e-04,-3.017595154233276844e-04,-8.070863550528883934e-04,-7.815624703653156757e-04,-1.132698496803641319e-03,-1.171815325506031513e-03,-1.431521028280258179e-03,-1.272111083380877972e-03,-4.854602157138288021e-04,-1.781913888407871127e-04,-3.317312803119421005e-04,-2.826645504683256149e-05,8.055518264882266521e-05,1.171914918813854456e-04,-7.797536090947687626e-04,-3.337392117828130722e-04,-8.040266693569719791e-04,-1.742803287925198674e-04,-1.658863271586596966e-03,-1.157428487204015255e-03,-1.503144623711705208e-03,-2.632315037772059441e-03,-1.545802340842783451e-03,-2.779910806566476822e-03,-2.567865420132875443e-03,-3.554005641490221024e-03,-1.726833637803792953e-03,-2.128142630681395531e-03,-1.655043917708098888e-03,-2.472177613526582718e-03,-1.371952705085277557e-03,-1.189808594062924385e-03,6.431512301787734032e-04,1.201597275212407112e-03,1.638081273995339870e-03,1.847079023718833923e-03,2.170055406168103218e-03,1.807784778065979481e-03,7.896108436398208141e-04,1.630118465982377529e-03,1.840693585108965635e-04,1.220533973537385464e-03,-1.820338802644982934e-04,1.091483980417251587e-03,-6.478471332229673862e-04,-1.490502290835138410e-05,-4.578551743179559708e-04,-5.707849049940705299e-04,-8.086781599558889866e-04,-1.205881708301603794e-03,-6.717426585964858532e-04,-8.784836973063647747e-04,-4.509115242399275303e-04,-9.908425854519009590e-04,-3.035059489775449038e-04,-1.221548533067107201e-03,-9.753870544955134392e-04,-1.041873940266668797e-03,2.080955746350809932e-04,4.732091911137104034e-04,9.653759188950061798e-04
