0.000000000000000000e+00,0.000000000000000000e+00,0.000000000000000000e+00,0.000000000000000000e+00,0.000000000000000000e+00,0.000000000000000000e+00,0.000000000000000000e+00,0.000000000000000000e+00,0.000000000000000000e+00,0.000000000000000000e+00,0.000000000000000000e+00,0.000000000000000000e+00,0.000000000000000000e+00,0.000000000000000000e+00,0.000000000000000000e+00,0.000000000000000000e+00,0.000000000000000000e+00,0.000000000000000000e+00,0.000000000000000000e+00,0.000000000000000000e+00,0.000000000000000000e+00,0.000000000000000000e+00,0.000000000000000000e+00,0.000000000000000000e+00,0.000000000000000000e+00,0.000000000000000000e+00,0.000000000000000000e+00,0.000000000000000000e+00,0.000000000000000000e+00,0.000000000000000000e+00,0.000000000000000000e+00,0.000000000000000000e+00,0.000000000000000000e+00,0.000000000000000000e+00,0.000000000000000000e+00,0.000000000000000000e+00,0.000000000000000000e+00,0.000000000000000000e+00,0.000000000000000000e+00,0.000000000000000000e+00,0.000000000000000000e+00,0.000000000000000000e+00,0.000000000000000000e+00,0.000000000000000000e+00,0.000000000000000000e+00,0.000000000000000000e+00,0.000000000000000000e+00,0.000000000000000000e+00,0.000000000000000000e+00,0.000000000000000000e+00,0.000000000000000000e+00,0.000000000000000000e+00,0.000000000000000000e+00,0.000000000000000000e+00,0.000000000000000000e+00,0.000000000000000000e+00,0.000000000000000000e+00,0.000000000000000000e+00,0.000000000000000000e+00,0.000000000000000000e+00,0.000000000000000000e+00,0.000000000000000000e+00,0.000000000000000000e+00,0.000000000000000000e+00
0.000000000000000000e+00,3.603178262710571289e-01,6.959973573684692383e-01,9.838357567787170410e-01,1.203416228294372559e+00,1.338293790817260742e+00,1.376947402954101562e+00,1.313441157341003418e+00,1.147756576538085938e+00,8.857787847518920898e-01,5.389354825019836426e-01,1.235144063830375671e-01,-3.403013348579406738e-01,-8.296203017234802246e-01,-1.320181488990783691e+00,-1.787764191627502441e+00,-2.209585905075073242e+00,-2.565603494644165039e+00,-2.839643955230712891e+00,-3.020296096801757812e+00,-3.101514101028442383e+00,-3.082896709442138672e+00,-2.969632148742675781e+00,-2.772112131118774414e+00,-2.505240678787231445e+00,-2.187485933303833008e+00,-1.839729547500610352e+00,-1.483989715576171875e+00,-1.142091989517211914e+00,-8.343716859817504883e-01,-5.784841179847717285e-01,-3.883944749832153320e-01,-2.736060619354248047e-01,-2.386707961559295654e-01,-2.830087840557098389e-01,-4.010438621044158936e-01,-5.826426148414611816e-01,-8.138263821601867676e-01,-1.077708959579467773e+00,-1.355598211288452148e+00,-1.628193020820617676e+00,-1.876798748970031738e+00,-2.084485292434692383e+00,-2.237116575241088867e+00,-2.324190378189086914e+00,-2.339433908462524414e+00,-2.281125068664550781e+00,-2.152120113372802734e+00,-1.959590077400207520e+00,-1.714484930038452148e+00,-1.430765390396118164e+00,-1.124449610710144043e+00,-8.125415444374084473e-01,-5.119088888168334961e-01,-2.381827533245086670e-01,-4.751366563141345978e-03,1.780894547700881958e-01,3.037744760513305664e-01,3.698562085628509521e-01,3.781174421310424805e-01,3.344030678272247314e-01,2.481839954853057861e-01,1.318818181753158569e-01,3.303479580966402597e-16
0.000000000000000000e+00,7.184407711029052734e-01,1.387976169586181641e+00,1.962546825408935547e+00,2.401616334915161133e+00,2.672523975372314453e+00,2.752371311187744141e+00,2.629334688186645508e+00,2.303327322006225586e+00,1.785970926284790039e+00,1.099884629249572754e+00,2.773327827453613281e-01,-6.416838765144348145e-01,-1.611780047416687012e+00,-2.584837913513183594e+00,-3.512800931930541992e+00,-4.350444316864013672e+00,-5.057956695556640625e+00,-5.603180408477783203e+00,-5.963385581970214844e+00,-6.126465320587158203e+00,-6.091500282287597656e+00,-5.868649482727050781e+00,-5.478392601013183594e+00,-4.950168132781982422e+00,-4.320496082305908203e+00,-3.630705118179321289e+00,-2.924405813217163086e+00,-2.244858026504516602e+00,-1.632401943206787109e+00,-1.122100353240966797e+00,-7.417346239089965820e-01,-5.102720260620117188e-01,-4.368913173675537109e-01,-5.206184387207031250e-01,-7.505877614021301270e-01,-1.106904149055480957e+00,-1.562045335769653320e+00,-2.082710504531860352e+00,-2.631996631622314453e+00,-3.171761989593505859e+00,-3.665029287338256836e+00,-4.078275203704833984e+00,-4.383470058441162109e+00,-4.559738159179687500e+00,-4.594543457031250000e+00,-4.484326839447021484e+00,-4.234569072723388672e+00,-3.859275341033935547e+00,-3.379922628402709961e+00,-2.823945760726928711e+00,-2.222862243652343750e+00,-1.610156655311584473e+00,-1.019067406654357910e+00,-4.804165065288543701e-01,-2.062191069126129150e-02,3.399798870086669922e-01,5.883952379226684570e-01,7.197393178939819336e-01,7.374608516693115234e-01,6.530125141143798828e-01,4.849927723407745361e-01,2.578159868717193604e-01,6.458740042866327382e-16
0.000000000000000000e+00,1.072003364562988281e+00,2.071575164794921875e+00,2.930490255355834961e+00,3.588687181472778320e+00,3.997746706008911133e+00,4.123681545257568359e+00,3.948880434036254883e+00,3.473088979721069336e+00,2.713373899459838867e+00,1.703076839447021484e+00,4.898227155208587646e-01,-8.672967553138732910e-01,-2.301192760467529297e+00,-3.740695238113403320e+00,-5.114678382873535156e+00,-6.356155395507812500e+00,-7.406094074249267578e+00,-8.216732978820800781e+00,-8.754210472106933594e+00,-9.000337600708007812e+00,-8.953446388244628906e+00,-8.628243446350097656e+00,-8.054697990417480469e+00,-7.276051521301269531e+00,-6.346054553985595703e+00,-5.325622081756591797e+00,-4.279110908508300781e+00,-3.270439147949218750e+00,-2.359293699264526367e+00,-1.597648859024047852e+00,-1.026801466941833496e+00,-6.750991940498352051e-01,-5.564887523651123047e-01,-6.699630618095397949e-01,-9.999282956123352051e-01,-1.517457246780395508e+00,-2.182338953018188477e+00,-2.945788383483886719e+00,-3.753640890121459961e+00,-4.549823760986328125e+00,-5.279891014099121094e+00,-5.894395828247070312e+00,-6.351894378662109375e+00,-6.621398925781250000e+00,-6.684131145477294922e+00,-6.534475803375244141e+00,-6.180085659027099609e+00,-5.641138553619384766e+00,-4.948808670043945312e+00,-4.143052101135253906e+00,-3.269862651824951172e+00,-2.378175973892211914e+00,-1.516624212265014648e+00,-7.303521037101745605e-01,-5.810087174177169800e-02,4.702561497688293457e-01,8.355675935745239258e-01,1.030533313751220703e+00,1.060039520263671875e+00,9.406816363334655762e-01,6.995117664337158203e-01,3.720941841602325439e-01,9.323511878994369950e-16
0.000000000000000000e+00,1.418314337730407715e+00,2.741777658462524414e+00,3.881031274795532227e+00,4.757378578186035156e+00,5.307326793670654297e+00,5.486235618591308594e+00,5.270860195159912109e+00,4.660637855529785156e+00,3.677652120590209961e+00,2.365276098251342773e+00,7.855824232101440430e-01,-9.843227863311767578e-01,-2.856821298599243164e+00,-4.738886833190917969e+00,-6.537467479705810547e+00,-8.164830207824707031e+00,-9.543543815612792969e+00,-1.061082077026367188e+01,-1.132195377349853516e+01,-1.165265846252441406e+01,-1.160019016265869141e+01,-1.118318367004394531e+01,-1.044022941589355469e+01,-9.427295684814453125e+00,-8.214155197143554688e+00,-6.880039215087890625e+00,-5.508800506591796875e+00,-4.183862686157226562e+00,-2.983280897140502930e+00,-1.975196719169616699e+00,-1.213965535163879395e+00,-7.371763586997985840e-01,-5.637362003326416016e-01,-6.931205987930297852e-01,-1.105819106101989746e+00,-1.764933347702026367e+00,-2.618811845779418945e+00,-3.604546070098876953e+00,-4.652099609375000000e+00,-5.688807010650634766e+00,-6.643952369689941406e+00,-7.453153610229492188e+00,-8.062266349792480469e+00,-8.430583953857421875e+00,-8.533130645751953125e+00,-8.361924171447753906e+00,-7.926138401031494141e+00,-7.251169204711914062e+00,-6.376679420471191406e+00,-5.353758335113525391e+00,-4.241388320922851562e+00,-3.102452278137207031e+00,-1.999547958374023438e+00,-9.908738732337951660e-01,-1.264594942331314087e-01,5.550239086151123047e-01,1.028666973114013672e+00,1.284790515899658203e+00,1.329388618469238281e+00,1.183524727821350098e+00,8.817242383956909180e-01,4.694745242595672607e-01,1.176712993402250981e-15
0.000000000000000000e+00,1.754229784011840820e+00,3.392655134201049805e+00,4.806153297424316406e+00,5.898571968078613281e+00,6.592259407043457031e+00,6.832505226135253906e+00,6.590644359588623047e+00,5.865632057189941406e+00,4.684015274047851562e+00,3.098298788070678711e+00,1.183809518814086914e+00,-9.657445549964904785e-01,-3.243757963180541992e+00,-5.536923885345458984e+00,-7.731774330139160156e+00,-9.721174240112304688e+00,-1.141039371490478516e+01,-1.272239208221435547e+01,-1.360202026367187500e+01,-1.401889801025390625e+01,-1.396880245208740234e+01,-1.347351264953613281e+01,-1.257911682128906250e+01,-1.135292530059814453e+01,-9.879161834716796875e+00,-8.253722190856933594e+00,-6.578317165374755859e+00,-4.954367160797119141e+00,-3.477001667022705078e+00,-2.229542016983032227e+00,-1.278780937194824219e+00,-6.713401675224304199e-01,-4.313078224658966064e-01,-5.592832565307617188e-01,-1.032866597175598145e+00,-1.808541655540466309e+00,-2.824816942214965820e+00,-4.006411075592041016e+00,-5.269212722778320312e+00,-6.525691986083984375e+00,-7.690423965454101562e+00,-8.685379028320312500e+00,-9.444653511047363281e+00,-9.918347358703613281e+00,-1.007536602020263672e+01,-9.904983520507812500e+00,-9.417076110839843750e+00,-8.641047477722167969e+00,-7.623510837554931641e+00,-6.424915313720703125e+00,-5.115323066711425781e+00,-3.769639015197753906e+00,-2.462590456008911133e+00,-1.263797402381896973e+00,-2.332437932491302490e-01,5.825567245483398438e-01,1.153457045555114746e+00,1.467452883720397949e+00,1.531231760978698730e+00,1.369466066360473633e+00,1.022903084754943848e+00,5.453854203224182129e-01,1.367559574934893492e-15
0.000000000000000000e+00,2.076068639755249023e+00,4.017195224761962891e+00,5.696189403533935547e+00,7.000909805297851562e+00,7.840682029724121094e+00,8.151460647583007812e+00,7.899438858032226562e+00,7.082893848419189453e+00,5.732172966003417969e+00,3.907818555831909180e+00,1.696958303451538086e+00,-7.918236255645751953e-01,-3.434826135635375977e+00,-6.100399971008300781e+00,-8.656521797180175781e+00,-1.097832584381103516e+01,-1.295514774322509766e+01,-1.449667453765869141e+01,-1.553784465789794922e+01,-1.604222106933593750e+01,-1.600364685058593750e+01,-1.544612407684326172e+01,-1.442190647125244141e+01,-1.300797653198242188e+01,-1.130111694335937500e+01,-9.411878585815429688e+00,-7.457847595214843750e+00,-5.556585311889648438e+00,-3.818707227706909180e+00,-2.341481447219848633e+00,-1.203348636627197266e+00,-4.596667587757110596e-01,-1.399265825748443604e-01,-2.465820312500000000e-01,-7.555426955223083496e-01,-1.618272423744201660e+00,-2.765340328216552734e+00,-4.111183166503906250e+00,-5.559765338897705078e+00,-7.010775566101074219e+00,-8.365962982177734375e+00,-9.535220146179199219e+00,-1.044203186035156250e+01,-1.102797126770019531e+01,-1.125595474243164062e+01,-1.111209297180175781e+01,-1.060602283477783203e+01,-9.769733428955078125e+00,-8.654981613159179688e+00,-7.329475879669189453e+00,-5.872099876403808594e+00,-4.367485046386718750e+00,-2.900306940078735352e+00,-1.549657940864562988e+00,-3.838811814785003662e-01,5.438144207000732422e-01,1.198674798011779785e+00,1.566447257995605469e+00,1.654031157493591309e+00,1.488697409629821777e+00,1.115938186645507812e+00,5.960959196090698242e-01,1.495582781560868615e-15
0.000000000000000000e+00,2.379577636718750000e+00,4.607226848602294922e+00,6.539701938629150391e+00,8.050612449645996094e+00,9.037620544433593750e+00,9.428228378295898438e+00,9.183838844299316406e+00,8.301843643188476562e+00,6.815632343292236328e+00,4.792524814605712891e+00,2.329758644104003906e+00,-4.512206614017486572e-01,-3.411830663681030273e+00,-6.404356002807617188e+00,-9.280414581298828125e+00,-1.189938545227050781e+01,-1.413630485534667969e+01,-1.588877487182617188e+01,-1.708248710632324219e+01,-1.767504501342773438e+01,-1.765788459777832031e+01,-1.705620002746582031e+01,-1.592690467834472656e+01,-1.435475349426269531e+01,-1.244690704345703125e+01,-1.032626152038574219e+01,-8.123960494995117188e+00,-5.971550464630126953e+00,-3.993256807327270508e+00,-2.298828363418579102e+00,-9.773863554000854492e-01,-9.262333810329437256e-02,3.203753530979156494e-01,2.565231323242187500e-01,-2.597194314002990723e-01,-1.176580786705017090e+00,-2.418832540512084961e+00,-3.892997741699218750e+00,-5.493568897247314453e+00,-7.109835624694824219e+00,-8.632887840270996094e+00,-9.962354660034179688e+00,-1.101246547698974609e+01,-1.171706295013427734e+01,-1.203327083587646484e+01,-1.194361019134521484e+01,-1.145645332336425781e+01,-1.060480880737304688e+01,-9.443557739257812500e+00,-8.045320510864257812e+00,-6.495257377624511719e+00,-4.885148048400878906e+00,-3.307145118713378906e+00,-1.847607851028442383e+00,-5.814261436462402344e-01,4.328056871891021729e-01,1.156454563140869141e+00,1.573123455047607422e+00,1.689397096633911133e+00,1.534021854400634766e+00,1.155583143234252930e+00,6.188447475433349609e-01,1.553886600419223871e-15
0.000000000000000000e+00,2.659954547882080078e+00,5.153461456298828125e+00,7.323526859283447266e+00,9.031517028808593750e+00,1.016499614715576172e+01,1.064404869079589844e+01,1.042571544647216797e+01,9.506295204162597656e+00,7.921390533447265625e+00,5.743690967559814453e+00,3.078648805618286133e+00,5.829892680048942566e-02,-3.166400432586669922e+00,-6.434253215789794922e+00,-9.583022117614746094e+00,-1.245860099792480469e+01,-1.492361831665039062e+01,-1.686498832702636719e+01,-1.819996452331542969e+01,-1.888036918640136719e+01,-1.889476203918457031e+01,-1.826844787597656250e+01,-1.706135368347167969e+01,-1.536391925811767578e+01,-1.329127788543701172e+01,-1.097608566284179688e+01,-8.560454368591308594e+00,-6.187478542327880859e+00,-3.992860078811645508e+00,-2.097133636474609375e+00,-5.989548563957214355e-01,4.301751852035522461e-01,9.494462013244628906e-01,9.503575563430786133e-01,4.563530385494232178e-01,-4.794694483280181885e-01,-1.778399348258972168e+00,-3.341625452041625977e+00,-5.056853771209716797e+00,-6.805601119995117188e+00,-8.470701217651367188e+00,-9.943551063537597656e+00,-1.113065528869628906e+01,-1.195906257629394531e+01,-1.238038063049316406e+01,-1.237314224243164062e+01,-1.194339561462402344e+01,-1.112351799011230469e+01,-9.969362258911132812e+00,-8.555937767028808594e+00,-6.971944332122802734e+00,-5.313515663146972656e+00,-3.677603721618652344e+00,-2.155432701110839844e+00,-8.264595270156860352e-01,2.467743009328842163e-01,1.022568106651306152e+00,1.482515811920166016e+00,1.632340550422668457e+00,1.501069068908691406e+00,1.138612031936645508e+00,6.119225025177001953e-01,1.538193197488969821e-15
0.000000000000000000e+00,2.911930084228515625e+00,5.645648479461669922e+00,8.032996177673339844e+00,9.925340652465820312e+00,1.120191574096679688e+01,1.177656173706054688e+01,1.160246849060058594e+01,1.067465114593505859e+01,9.030040740966796875e+00,6.745176315307617188e+00,3.931653499603271484e+00,7.296073436737060547e-01,-2.700387001037597656e+00,-6.186511039733886719e+00,-9.555457115173339844e+00,-1.264216709136962891e+01,-1.529899597167968750e+01,-1.740376853942871094e+01,-1.886627006530761719e+01,-1.963281822204589844e+01,-1.968866539001464844e+01,-1.905811500549316406e+01,-1.780239105224609375e+01,-1.601539421081542969e+01,-1.381763744354248047e+01,-1.134874725341796875e+01,-8.758982658386230469e+00,-6.200306892395019531e+00,-3.817533254623413086e+00,-1.740078687667846680e+00,-7.480488717555999756e-02,1.099644064903259277e+00,1.736695289611816406e+00,1.823694348335266113e+00,1.381671428680419922e+00,4.630827903747558594e-01,-8.522961139678955078e-01,-2.463038206100463867e+00,-4.252912998199462891e+00,-6.098469257354736328e+00,-7.876871585845947266e+00,-9.473493576049804688e+00,-1.078880214691162109e+01,-1.174411773681640625e+01,-1.228590869903564453e+01,-1.238837814331054688e+01,-1.205421161651611328e+01,-1.131347942352294922e+01,-1.022079753875732422e+01,-8.850956916809082031e+00,-7.293345928192138672e+00,-5.645532131195068359e+00,-4.006458282470703125e+00,-2.469686031341552734e+00,-1.117146372795104980e+00,-1.379581820219755173e-02,7.964743375778198242e-01,1.293419718742370605e+00,1.481358528137207031e+00,1.388374805450439453e+00,1.063879728317260742e+00,5.747043490409851074e-01,1.446924232752016485e-15
0.000000000000000000e+00,3.129907608032226562e+00,6.072849750518798828e+00,8.652326583862304688e+00,1.071216773986816406e+01,1.212522411346435547e+01,1.280040454864501953e+01,1.268763542175292969e+01,1.178048610687255859e+01,1.011630249023437500e+01,7.773866653442382812e+00,4.868715286254882812e+00,1.546416759490966797e+00,-2.025805473327636719e+00,-5.668599128723144531e+00,-9.200607299804687500e+00,-1.244859409332275391e+01,-1.525699520111083984e+01,-1.749633789062500000e+01,-1.907006454467773438e+01,-1.991938400268554688e+01,-2.002587509155273438e+01,-1.941175079345703125e+01,-1.813777732849121094e+01,-1.629901123046875000e+01,-1.401863956451416016e+01,-1.144030952453613281e+01,-8.719426155090332031e+00,-6.013951778411865234e+00,-3.475248813629150391e+00,-1.239518165588378906e+00,5.796747207641601562e-01,1.897359848022460938e+00,2.661284446716308594e+00,2.853984594345092773e+00,2.492726802825927734e+00,1.627365112304687500e+00,3.362923264503479004e-01,-1.279229521751403809e+00,-3.101974248886108398e+00,-5.006442070007324219e+00,-6.866840362548828125e+00,-8.564858436584472656e+00,-9.996747970581054688e+00,-1.107929229736328125e+01,-1.175430107116699219e+01,-1.199139690399169922e+01,-1.178893184661865234e+01,-1.117303943634033203e+01,-1.019490814208984375e+01,-8.926501274108886719e+00,-7.455018043518066406e+00,-5.876506805419921875e+00,-4.289040565490722656e+00,-2.785934925079345703e+00,-1.449443459510803223e+00,-3.453525006771087646e-01,4.811814427375793457e-01,1.008285284042358398e+00,1.238355159759521484e+00,1.197325348854064941e+00,9.322872757911682129e-01,5.076330304145812988e-01,1.281160520249060349e-15
0.000000000000000000e+00,3.308155775070190430e+00,6.423816204071044922e+00,9.165166854858398438e+00,1.137114334106445312e+01,1.291031837463378906e+01,1.368809986114501953e+01,1.365182685852050781e+01,1.279349231719970703e+01,1.114994144439697266e+01,8.800538063049316406e+00,5.862465858459472656e+00,2.483930349349975586e+00,-1.164321541786193848e+00,-4.898673534393310547e+00,-8.532935142517089844e+00,-1.188866138458251953e+01,-1.480491447448730469e+01,-1.714689826965332031e+01,-1.881299591064453125e+01,-1.973982238769531250e+01,-1.990501976013183594e+01,-1.932766723632812500e+01,-1.806633949279785156e+01,-1.621492195129394531e+01,-1.389650535583496094e+01,-1.125572109222412109e+01,-8.449996948242187500e+00,-5.640280246734619141e+00,-2.981761217117309570e+00,-6.151629686355590820e-01,1.340912461280822754e+00,2.796144008636474609e+00,3.692823886871337891e+00,4.008147716522216797e+00,3.754365921020507812e+00,2.976841449737548828e+00,1.750178337097167969e+00,1.727054268121719360e-01,-1.640313744544982910e+00,-3.564291000366210938e+00,-5.473258495330810547e+00,-7.247646331787109375e+00,-8.781414031982421875e+00,-9.988107681274414062e+00,-1.080548000335693359e+01,-1.119843769073486328e+01,-1.116014003753662109e+01,-1.071125888824462891e+01,-9.897460937500000000e+00,-8.785345077514648438e+00,-7.457117557525634766e+00,-6.004394054412841797e+00,-4.521553039550781250e+00,-3.099093437194824219e+00,-1.817439794540405273e+00,-7.416065931320190430e-01,8.293780684471130371e-02,6.329406499862670898e-01,9.084088206291198730e-01,9.319761991500854492e-01,7.466570734977722168e-01,4.121557474136352539e-01,1.044485750500815952e-15
0.000000000000000000e+00,3.441045045852661133e+00,6.687449932098388672e+00,9.555268287658691406e+00,1.188133239746093750e+01,1.353216552734375000e+01,1.441120624542236328e+01,1.446395874023437500e+01,1.368075942993164062e+01,1.209704685211181641e+01,9.791095733642578125e+00,6.879392147064208984e+00,3.509909391403198242e+00,-1.463115513324737549e-01,-3.904782533645629883e+00,-7.577834606170654297e+00,-1.098493480682373047e+01,-1.396247291564941406e+01,-1.637245750427246094e+01,-1.810964012145996094e+01,-1.910669898986816406e+01,-1.933717727661132812e+01,-1.881608009338378906e+01,-1.759811019897460938e+01,-1.577369689941406250e+01,-1.346306705474853516e+01,-1.080876350402832031e+01,-7.967057228088378906e+00,-5.098777294158935547e+00,-2.360112190246582031e+00,1.060878485441207886e-01,2.177998542785644531e+00,3.761077880859375000e+00,4.792548656463623047e+00,5.243887901306152344e+00,5.121225833892822266e+00,4.463674068450927734e+00,3.339755296707153320e+00,1.842179298400878906e+00,8.134686946868896484e-02,-1.822001099586486816e+00,-3.744506359100341797e+00,-5.567803859710693359e+00,-7.185551166534423828e+00,-8.509450912475585938e+00,-9.473921775817871094e+00,-1.003915309906005859e+01,-1.019241046905517578e+01,-9.947532653808593750e+00,-9.342732429504394531e+00,-8.436871528625488281e+00,-7.304498672485351562e+00,-6.030017852783203125e+00,-4.701393604278564453e+00,-3.403821468353271484e+00,-2.213800668716430664e+00,-1.193994879722595215e+00,-3.892228007316589355e-01,1.761711984872817993e-01,4.994059801101684570e-01,5.987596511840820312e-01,5.115301609039306641e-01,2.906199991703033447e-01,7.427285160360177444e-16
0.000000000000000000e+00,3.523314237594604492e+00,6.853332996368408203e+00,9.807260513305664062e+00,1.222271347045898438e+01,1.396647930145263672e+01,1.494164752960205078e+01,1.509270000457763672e+01,1.440829467773437500e+01,1.292159366607666016e+01,1.070812892913818359e+01,7.881349086761474609e+00,4.586102962493896484e+00,9.904580116271972656e-01,-2.723678112030029297e+00,-6.370593070983886719e+00,-9.770884513854980469e+00,-1.276108264923095703e+01,-1.520224761962890625e+01,-1.698706436157226562e+01,-1.804505348205566406e+01,-1.834563636779785156e+01,-1.789891624450683594e+01,-1.675416564941406250e+01,-1.499614238739013672e+01,-1.273951339721679688e+01,-1.012170028686523438e+01,-7.294639587402343750e+00,-4.415916442871093750e+00,-1.639822721481323242e+00,8.911488652229309082e-01,3.053888559341430664e+00,4.750910282135009766e+00,5.914918422698974609e+00,6.511477470397949219e+00,6.539673805236816406e+00,6.030797004699707031e+00,5.045161724090576172e+00,3.667332410812377930e+00,2.000072002410888672e+00,1.574339419603347778e-01,-1.742563128471374512e+00,-3.585208892822265625e+00,-5.265877246856689453e+00,-6.695899009704589844e+00,-7.807188510894775391e+00,-8.555380821228027344e+00,-8.921317100524902344e+00,-8.910850524902343750e+00,-8.553026199340820312e+00,-7.896817207336425781e+00,-7.006674766540527344e+00,-5.957219123840332031e+00,-4.827460765838623047e+00,-3.694953918457031250e+00,-2.630280733108520508e+00,-1.692238211631774902e+00,-9.240463376045227051e-01,-3.508158922195434570e-01,2.156945504248142242e-02,2.061050981283187866e-01,2.328994572162628174e-01,1.461365222930908203e-01,3.836228364680283271e-16
0.000000000000000000e+00,3.550354719161987305e+00,6.912284374237060547e+00,9.907468795776367188e+00,1.237723350524902344e+01,1.419099903106689453e+01,1.525316810607910156e+01,1.550807380676269531e+01,1.494272708892822266e+01,1.358720493316650391e+01,1.151270103454589844e+01,8.827330589294433594e+00,5.669968605041503906e+00,2.202468395233154297e+00,-1.399288535118103027e+00,-4.954994678497314453e+00,-8.289628982543945312e+00,-1.124273777008056641e+01,-1.367676639556884766e+01,-1.548399257659912109e+01,-1.659169197082519531e+01,-1.696527862548828125e+01,-1.660927391052246094e+01,-1.556609344482421875e+01,-1.391276931762695312e+01,-1.175582313537597656e+01,-9.224630355834960938e+00,-6.463686943054199219e+00,-3.624242305755615234e+00,-8.557966351509094238e-01,1.702047824859619141e+00,3.926920175552368164e+00,5.719797611236572266e+00,7.009582996368408203e+00,7.755926132202148438e+00,7.950169563293457031e+00,7.614430904388427734e+00,6.798924922943115234e+00,5.577755451202392578e+00,4.043468952178955078e+00,2.300749778747558594e+00,4.596639573574066162e-01,-1.371116042137145996e+00,-3.090690612792968750e+00,-4.611534595489501953e+00,-5.863999843597412109e+00,-6.799478530883789062e+00,-7.392074584960937500e+00,-7.638737201690673828e+00,-7.557904243469238281e+00,-7.186800479888916016e+00,-6.577621936798095703e+00,-5.792903423309326172e+00,-4.900410175323486328e+00,-3.967920780181884766e+00,-3.058265209197998047e+00,-2.224953651428222656e+00,-1.508692383766174316e+00,-9.350017309188842773e-01,-5.130858421325683594e-01,-2.360034584999084473e-01,-8.210109174251556396e-02,-1.758143678307533264e-02,-2.359122746595930162e-17
0.000000000000000000e+00,3.518494606018066406e+00,6.856926441192626953e+00,9.844743728637695312e+00,1.232989311218261719e+01,1.418678760528564453e+01,1.532282829284667969e+01,1.568311309814453125e+01,1.525309276580810547e+01,1.405903244018554688e+01,1.216627597808837891e+01,9.675415992736816406e+00,6.716603279113769531e+00,3.442328214645385742e+00,1.908265799283981323e-02,-3.381618022918701172e+00,-6.592356681823730469e+00,-9.458568572998046875e+00,-1.184645366668701172e+01,-1.364962291717529297e+01,-1.479412460327148438e+01,-1.524161434173583984e+01,-1.499051666259765625e+01,-1.407515525817871094e+01,-1.256295490264892578e+01,-1.054990100860595703e+01,-8.154555320739746094e+00,-5.511010646820068359e+00,-2.761191368103027344e+00,-4.696672409772872925e-02,2.497478008270263672e+00,4.752584457397460938e+00,6.619304180145263672e+00,8.023611068725585938e+00,8.919441223144531250e+00,9.289928436279296875e+00,9.146933555603027344e+00,8.528952598571777344e+00,7.497584819793701172e+00,6.132835388183593750e+00,4.527558326721191406e+00,2.781428813934326172e+00,9.948153495788574219e-01,-7.370657920837402344e-01,-2.329368114471435547e+00,-3.711908340454101562e+00,-4.832307815551757812e+00,-5.657835006713867188e+00,-6.175894260406494141e+00,-6.393184185028076172e+00,-6.333651065826416016e+00,-6.035420894622802734e+00,-5.546971797943115234e+00,-4.922831535339355469e+00,-4.219125747680664062e+00,-3.489295005798339844e+00,-2.780273914337158203e+00,-2.129392623901367188e+00,-1.562198877334594727e+00,-1.091332554817199707e+00,-7.165014147758483887e-01,-4.255323112010955811e-01,-1.963917762041091919e-01,-4.685985316953394236e-16
0.000000000000000000e+00,3.425267219543457031e+00,6.682212829589843750e+00,9.611245155334472656e+00,1.206975936889648438e+01,1.393947315216064453e+01,1.513245010375976562e+01,1.559548091888427734e+01,1.531260490417480469e+01,1.430563831329345703e+01,1.263269519805908203e+01,1.038479804992675781e+01,7.680786609649658203e+00,4.660805702209472656e+00,1.478750109672546387e+00,-1.705910444259643555e+00,-4.736480236053466797e+00,-7.467094898223876953e+00,-9.770064353942871094e+00,-1.154210376739501953e+01,-1.270914077758789062e+01,-1.322945690155029297e+01,-1.309503936767578125e+01,-1.233109283447265625e+01,-1.099378490447998047e+01,-9.166403770446777344e+00,-6.954165458679199219e+00,-4.477997303009033203e+00,-1.867679119110107422e+00,7.452692985534667969e-01,3.234544992446899414e+00,5.485480308532714844e+00,7.400579929351806641e+00,8.903901100158691406e+00,9.944063186645507812e+00,1.049577426910400391e+01,1.055984306335449219e+01,1.016173553466796875e+01,9.348825454711914062e+00,8.186552047729492188e+00,6.753754615783691406e+00,5.137507915496826172e+00,3.427779436111450195e+00,1.712240815162658691e+00,7.154195010662078857e-02,-1.424692988395690918e+00,-2.720933675765991211e+00,-3.777738332748413086e+00,-4.572607040405273438e+00,-5.099706172943115234e+00,-5.368541717529296875e+00,-5.401737213134765625e+00,-5.232114791870117188e+00,-4.899317741394042969e+00,-4.446241378784179688e+00,-3.915536165237426758e+00,-3.346429347991943359e+00,-2.772086858749389648e+00,-2.217685461044311523e+00,-1.699309229850769043e+00,-1.223720192909240723e+00,-7.889885306358337402e-01,-3.858994245529174805e-01,-9.404462817763463434e-16
0.000000000000000000e+00,3.269644498825073242e+00,6.385895252227783203e+00,9.203135490417480469e+00,1.159088897705078125e+01,1.344037914276123047e+01,1.466993522644042969e+01,1.522896862030029297e+01,1.510031032562255859e+01,1.430079555511474609e+01,1.288008117675781250e+01,1.091777515411376953e+01,8.519038200378417969e+00,5.808922767639160156e+00,2.925749540328979492e+00,1.389911957085132599e-02,-2.783593177795410156e+00,-5.332246303558349609e+00,-7.512759685516357422e+00,-9.226717948913574219e+00,-1.040108680725097656e+01,-1.099128818511962891e+01,-1.098271083831787109e+01,-1.039063739776611328e+01,-9.258596420288085938e+00,-7.655306339263916016e+00,-5.670382022857666016e+00,-3.409098148345947266e+00,-9.865026473999023438e-01,1.478769659996032715e+00,3.870642662048339844e+00,6.081368446350097656e+00,8.016619682312011719e+00,9.599653244018554688e+00,1.077435588836669922e+01,1.150704193115234375e+01,1.178697299957275391e+01,1.162561511993408203e+01,1.105474472045898438e+01,1.012355995178222656e+01,8.895025253295898438e+00,7.441683292388916016e+00,5.841218948364257812e+00,4.172038555145263672e+00,2.509129524230957031e+00,9.204238653182983398e-01,-5.361448526382446289e-01,-1.814763307571411133e+00,-2.882961511611938477e+00,-3.721926689147949219e+00,-4.325954914093017578e+00,-4.701142311096191406e+00,-4.863461971282958984e+00,-4.836406707763671875e+00,-4.648395538330078125e+00,-4.330153465270996094e+00,-3.912251949310302734e+00,-3.422997236251831055e+00,-2.886789083480834961e+00,-2.323060274124145508e+00,-1.745837330818176270e+00,-1.163919448852539062e+00,-5.816239118576049805e-01,-1.427961176766242429e-15
0.000000000000000000e+00,3.052224636077880859e+00,5.968898296356201172e+00,8.621140480041503906e+00,1.089306640625000000e+01,1.268744182586669922e+01,1.393036937713623047e+01,1.457477760314941406e+01,1.460253429412841797e+01,1.402508449554443359e+01,1.288258838653564453e+01,1.124162864685058594e+01,9.191601753234863281e+00,6.840020179748535156e+00,4.306958198547363281e+00,1.718954086303710938e+00,-7.973074316978454590e-01,-3.121210575103759766e+00,-5.143993854522705078e+00,-6.773819923400878906e+00,-7.939879894256591797e+00,-8.595343589782714844e+00,-8.719029426574707031e+00,-8.315735816955566406e+00,-7.415267467498779297e+00,-6.070218086242675781e+00,-4.352692127227783203e+00,-2.350146293640136719e+00,-1.606077849864959717e-01,2.112462759017944336e+00,4.365380764007568359e+00,6.499247074127197266e+00,8.424501419067382812e+00,1.006479644775390625e+01,1.136003017425537109e+01,1.226839923858642578e+01,1.276742649078369141e+01,1.285396003723144531e+01,1.254318237304687500e+01,1.186676692962646484e+01,1.087030220031738281e+01,9.610190391540527344e+00,8.150212287902832031e+00,6.557966232299804688e+00,4.901403903961181641e+00,3.245626449584960938e+00,1.650115728378295898e+00,1.665176600217819214e-01,-1.162942409515380859e+00,-2.306378364562988281e+00,-3.242503881454467773e+00,-3.960287570953369141e+00,-4.458087444305419922e+00,-4.742381095886230469e+00,-4.826220989227294922e+00,-4.727557659149169922e+00,-4.467566013336181641e+00,-4.069100379943847656e+00,-3.555384635925292969e+00,-2.949007511138916016e+00,-2.271273612976074219e+00,-1.541916489601135254e+00,-7.791492938995361328e-01,-1.920122894504775607e-15
0.000000000000000000e+00,2.775356292724609375e+00,5.435569286346435547e+00,7.870931148529052734e+00,9.982330322265625000e+00,1.168589115142822266e+01,1.291685295104980469e+01,1.363250637054443359e+01,1.381404113769531250e+01,1.346722602844238281e+01,1.262189579010009766e+01,1.133027458190917969e+01,9.664243698120117188e+00,7.711692810058593750e+00,5.572148799896240234e+00,3.351913690567016602e+00,1.158955454826354980e+00,-9.021922945976257324e-01,-2.735264301300048828e+00,-4.256603717803955078e+00,-5.398800849914550781e+00,-6.113470077514648438e+00,-6.373049259185791016e+00,-6.171553134918212891e+00,-5.524281501770019531e+00,-4.466518878936767578e+00,-3.051325798034667969e+00,-1.346558094024658203e+00,5.687134861946105957e-01,2.608184576034545898e+00,4.682489395141601562e+00,6.703352928161621094e+00,8.587518692016601562e+00,1.026026821136474609e+01,1.165839099884033203e+01,1.273246002197265625e+01,1.344837570190429688e+01,1.378810214996337891e+01,1.374963474273681641e+01,1.334623527526855469e+01,1.260501670837402344e+01,1.156498813629150391e+01,1.027470207214355469e+01,8.789631843566894531e+00,7.169447422027587891e+00,5.475304603576660156e+00,3.767304182052612305e+00,2.102210760116577148e+00,5.315227508544921875e-01,-9.000459313392639160e-01,-2.155650377273559570e+00,-3.206957817077636719e+00,-4.034378051757812500e+00,-4.626922130584716797e+00,-4.981754779815673828e+00,-5.103508472442626953e+00,-5.003435134887695312e+00,-4.698472023010253906e+00,-4.210281372070312500e+00,-3.564326524734497070e+00,-2.789017200469970703e+00,-1.914949655532836914e+00,-9.742486476898193359e-01,-2.406375498645025972e-15
0.000000000000000000e+00,2.443191528320312500e+00,4.793793201446533203e+00,6.963308811187744141e+00,8.871238708496093750e+00,1.044861412048339844e+01,1.164099311828613281e+01,1.241079139709472656e+01,1.273883152008056641e+01,1.262505626678466797e+01,1.208837032318115234e+01,1.116562461853027344e+01,9.909808158874511719e+00,8.387524604797363281e+00,6.675890445709228516e+00,4.859003067016601562e+00,3.024134874343872070e+00,1.257849931716918945e+00,-3.577900230884552002e-01,-1.748756527900695801e+00,-2.852162837982177734e+00,-3.618821144104003906e+00,-4.015140533447265625e+00,-4.024299144744873047e+00,-3.646648883819580078e+00,-2.899360656738281250e+00,-1.815338850021362305e+00,-4.414803385734558105e-01,1.163630604743957520e+00,2.932468891143798828e+00,4.791621208190917969e+00,6.665004253387451172e+00,8.477093696594238281e+00,1.015603065490722656e+01,1.163647270202636719e+01,1.286207199096679688e+01,1.378749561309814453e+01,1.437992191314697266e+01,1.461996078491210938e+01,1.450200462341308594e+01,1.403400135040283203e+01,1.323670387268066406e+01,1.214244556427001953e+01,1.079351234436035156e+01,9.240207672119140625e+00,7.538695812225341797e+00,5.748722076416015625e+00,3.931307077407836914e+00,2.146502017974853516e+00,4.512802660465240479e-01,-1.102358341217041016e+00,-2.469025135040283203e+00,-3.611276149749755859e+00,-4.500620365142822266e+00,-5.118186473846435547e+00,-5.455055236816406250e+00,-5.512259960174560547e+00,-5.300483226776123047e+00,-4.839473724365234375e+00,-4.157210826873779297e+00,-3.288858890533447266e+00,-2.275542497634887695e+00,-1.162977695465087891e+00,-2.876860796230374349e-15
0.000000000000000000e+00,2.061663150787353516e+00,4.054950714111328125e+00,5.914164543151855469e+00,7.578857421875000000e+00,8.996196746826171875e+00,1.012302494049072266e+01,1.092754173278808594e+01,1.139053058624267578e+01,1.150609016418457031e+01,1.128183746337890625e+01,1.073857402801513672e+01,9.909434318542480469e+00,8.838540077209472656e+00,7.579224586486816406e+00,6.191890239715576172e+00,4.741585731506347656e+00,3.295404195785522461e+00,1.919797182083129883e+00,6.779173612594604492e-01,-3.729075789451599121e-01,-1.183467864990234375e+00,-1.714641809463500977e+00,-1.938965201377868652e+00,-1.841735482215881348e+00,-1.421609401702880859e+00,-6.906698942184448242e-01,3.260426819324493408e-01,1.591513037681579590e+00,3.058210849761962891e+00,4.669968605041503906e+00,6.364205360412597656e+00,8.074402809143066406e+00,9.732742309570312500e+00,1.127279567718505859e+01,1.263216114044189453e+01,1.375493526458740234e+01,1.459394550323486328e+01,1.511261558532714844e+01,1.528643512725830078e+01,1.510393238067626953e+01,1.456714630126953125e+01,1.369155693054199219e+01,1.250548362731933594e+01,1.104898166656494141e+01,9.372270584106445312e+00,7.533758163452148438e+00,5.597748279571533203e+00,3.631910562515258789e+00,1.704618811607360840e+00,-1.177345439791679382e-01,-1.773347973823547363e+00,-3.207434654235839844e+00,-4.374368667602539062e+00,-5.239465236663818359e+00,-5.780329227447509766e+00,-5.987711906433105469e+00,-5.865847587585449219e+00,-5.432255744934082031e+00,-4.717013835906982422e+00,-3.761532783508300781e+00,-2.616882562637329102e+00,-1.341734290122985840e+00,-3.322570803625008069e-15
0.000000000000000000e+00,1.638378977775573730e+00,3.233721256256103516e+00,4.744210243225097656e+00,6.130446910858154297e+00,7.356608390808105469e+00,8.391541481018066406e+00,9.209761619567871094e+00,9.792344093322753906e+00,1.012765693664550781e+01,1.021192646026611328e+01,1.004958915710449219e+01,9.653406143188476562e+00,9.044324874877929688e+00,8.251047134399414062e+00,7.309324264526367188e+00,6.260946750640869141e+00,5.152466773986816406e+00,4.033667564392089844e+00,2.955819606781005859e+00,1.969778656959533691e+00,1.123993158340454102e+00,4.624949097633361816e-01,2.295705676078796387e-02,-1.650913357734680176e-01,-8.180728554725646973e-02,2.817510068416595459e-01,9.228097200393676758e-01,1.826525688171386719e+00,2.966135263442993164e+00,4.303626537322998047e+00,5.790933609008789062e+00,7.371619701385498047e+00,8.983002662658691406e+00,1.055864048004150391e+01,1.203107929229736328e+01,1.333475017547607422e+01,1.440888214111328125e+01,1.520030212402343750e+01,1.566598510742187500e+01,1.577521800994873047e+01,1.551128482818603516e+01,1.487255096435546875e+01,1.387290573120117188e+01,1.254149723052978516e+01,1.092177486419677734e+01,9.069855690002441406e+00,7.052273273468017578e+00,4.943208694458007812e+00,2.821317911148071289e+00,7.662969827651977539e-01,-1.144653797149658203e+00,-2.840306520462036133e+00,-4.258655071258544922e+00,-5.349779605865478516e+00,-6.078189373016357422e+00,-6.424521923065185547e+00,-6.386514663696289062e+00,-5.979195594787597656e+00,-5.234273910522460938e+00,-4.198759078979492188e+00,-2.932862520217895508e+00,-1.507283687591552734e+00,-3.735410638710254597e-15
0.000000000000000000e+00,1.182439327239990234e+00,2.347732782363891602e+00,3.478485107421875000e+00,4.556866168975830078e+00,5.564552783966064453e+00,6.482836723327636719e+00,7.292943954467773438e+00,7.976561069488525391e+00,8.516571044921875000e+00,8.897961616516113281e+00,9.108855247497558594e+00,9.141587257385253906e+00,8.993757247924804688e+00,8.669154167175292969e+00,8.178477287292480469e+00,7.539752006530761719e+00,6.778394222259521484e+00,5.926840782165527344e+00,5.023748397827148438e+00,4.112741470336914062e+00,3.240749359130859375e+00,2.455989360809326172e+00,1.805686712265014648e+00,1.333639979362487793e+00,1.077766180038452148e+00,1.067763209342956543e+00,1.323034167289733887e+00,1.851010799407958984e+00,2.645997762680053711e+00,3.688636302947998047e+00,4.946055412292480469e+00,6.372740268707275391e+00,7.912116527557373047e+00,9.498790740966796875e+00,1.106136894226074219e+01,1.252572059631347656e+01,1.381853485107421875e+01,1.487099170684814453e+01,1.562234783172607422e+01,1.602325820922851562e+01,1.603862571716308594e+01,1.564983177185058594e+01,1.485618686676025391e+01,1.367552566528320312e+01,1.214386272430419922e+01,1.031412506103515625e+01,8.253982543945312500e+00,6.042883872985839844e+00,3.768424987792968750e+00,1.522230029106140137e+00,-6.044540405273437500e-01,-2.525221109390258789e+00,-4.162799835205078125e+00,-5.452950954437255859e+00,-6.347759723663330078e+00,-6.818143844604492188e+00,-6.855442523956298828e+00,-6.471989154815673828e+00,-5.700627803802490234e+00,-4.593200683593750000e+00,-3.218061685562133789e+00,-1.656751990318298340e+00,-4.108187297698030413e-15
0.000000000000000000e+00,7.041831016540527344e-01,1.417066216468811035e+00,2.145653724670410156e+00,2.893707752227783203e+00,3.660485982894897461e+00,4.439885139465332031e+00,5.220069408416748047e+00,5.983644008636474609e+00,6.708371162414550781e+00,7.368408679962158203e+00,7.935988426208496094e+00,8.383428573608398438e+00,8.685348510742187500e+00,8.820908546447753906e+00,8.775935173034667969e+00,8.544736862182617188e+00,8.131479263305664062e+00,7.550988197326660156e+00,6.828873157501220703e+00,6.000946521759033203e+00,5.111907958984375000e+00,4.213354587554931641e+00,3.361200332641601562e+00,2.612643480300903320e+00,2.022845745086669922e+00,1.641525745391845703e+00,1.509671807289123535e+00,1.656586170196533203e+00,2.097459554672241211e+00,2.831651449203491211e+00,3.841808557510375977e+00,5.093918323516845703e+00,6.538327693939208984e+00,8.111714363098144531e+00,9.739924430847167969e+00,1.134154796600341797e+01,1.283205699920654297e+01,1.412827110290527344e+01,1.515292167663574219e+01,1.583904647827148438e+01,1.613395881652832031e+01,1.600255966186523438e+01,1.542977619171142578e+01,1.442197990417480469e+01,1.300726795196533203e+01,1.123456287384033203e+01,9.171570777893066406e+00,6.901662826538085938e+00,4.519854545593261719e+00,2.128070592880249023e+00,-1.700434833765029907e-01,-2.274490594863891602e+00,-4.094179630279541016e+00,-5.551777839660644531e+00,-6.587888717651367188e+00,-7.164322853088378906e+00,-7.266263484954833984e+00,-6.903211116790771484e+00,-6.108633995056152344e+00,-4.938344478607177734e+00,-3.467672824859619141e+00,-1.787592172622680664e+00,-4.434525375352589213e-15
0.000000000000000000e+00,2.148706763982772827e-01,4.636406600475311279e-01,7.771243453025817871e-01,1.180193901062011719e+00,1.689362049102783203e+00,2.310987710952758789e+00,3.040241718292236328e+00,3.860923290252685547e+00,4.746153354644775391e+00,5.659911155700683594e+00,6.559324264526367188e+00,7.397565841674804688e+00,8.127166748046875000e+00,8.703517913818359375e+00,9.088326454162597656e+00,9.252782821655273438e+00,9.180197715759277344e+00,8.867927551269531250e+00,8.328422546386718750e+00,7.589294433593750000e+00,6.692372322082519531e+00,5.691764831542968750e+00,4.651029586791992188e+00,3.639598369598388672e+00,2.728664398193359375e+00,1.986780762672424316e+00,1.475437879562377930e+00,1.244901895523071289e+00,1.330584526062011719e+00,1.750189304351806641e+00,2.501836299896240234e+00,3.563311100006103516e+00,4.892520904541015625e+00,6.429163455963134766e+00,8.097544670104980469e+00,9.810401916503906250e+00,1.147354316711425781e+01,1.299102687835693359e+01,1.427060794830322266e+01,1.522911262512207031e+01,1.579744720458984375e+01,1.592491245269775391e+01,1.558257579803466797e+01,1.476547145843505859e+01,1.349348354339599609e+01,1.181083297729492188e+01,9.784180641174316406e+00,7.499414443969726562e+00,5.057302474975585938e+00,2.568240165710449219e+00,1.463674604892730713e-01,-2.096600055694580078e+00,-4.057487964630126953e+00,-5.647376537322998047e+00,-6.796582221984863281e+00,-7.458615779876708984e+00,-7.612888813018798828e+00,-7.266002178192138672e+00,-6.451533317565917969e+00,-5.228328704833984375e+00,-3.677392482757568359e+00,-1.897529482841491699e+00,-4.708737468949591998e-15
0.000000000000000000e+00,-2.736818790435791016e-01,-4.895003736019134521e-01,-5.939779877662658691e-01,-5.421077609062194824e-01,-3.008553683757781982e-01,1.481646746397018433e-01,8.070271015167236328e-01,1.660969734191894531e+00,2.679049968719482422e+00,3.815950870513916016e+00,5.014828681945800781e+00,6.211019515991210938e+00,7.336371421813964844e+00,8.323911666870117188e+00,9.112548828125000000e+00,9.651489257812500000e+00,9.904071807861328125e+00,9.850749015808105469e+00,9.491011619567871094e+00,8.844088554382324219e+00,7.948378562927246094e+00,6.859592437744140625e+00,5.647724628448486328e+00,4.393007278442382812e+00,3.181094646453857422e+00,2.097762107849121094e+00,1.223452091217041016e+00,6.280056834220886230e-01,3.659204542636871338e-01,4.724403321743011475e-01,9.607429504394531250e-01,1.820422053337097168e+00,3.017387151718139648e+00,4.495215415954589844e+00,6.177900791168212891e+00,7.973866462707519531e+00,9.781007766723632812e+00,1.149249267578125000e+01,1.300296878814697266e+01,1.421482086181640625e+01,1.504409599304199219e+01,1.542573261260986328e+01,1.531777763366699219e+01,1.470432186126708984e+01,1.359694671630859375e+01,1.203460025787353516e+01,1.008186340332031250e+01,7.825702190399169922e+00,5.370873928070068359e+00,2.834245443344116211e+00,3.383373618125915527e-01,-1.995528817176818848e+00,-4.054085731506347656e+00,-5.738579273223876953e+00,-6.970450878143310547e+00,-7.695905685424804688e+00,-7.889096260070800781e+00,-7.553726673126220703e+00,-6.722976684570312500e+00,-5.457742214202880859e+00,-3.843286991119384766e+00,-1.984496355056762695e+00,-4.925660912675523806e-15
0.000000000000000000e+00,-7.495006322860717773e-01,-1.418967008590698242e+00,-1.933933138847351074e+00,-2.230702877044677734e+00,-2.260840177536010742e+00,-1.994651675224304199e+00,-1.423426866531372070e+00,-5.602849125862121582e-01,5.604354739189147949e-01,1.885212898254394531e+00,3.344680547714233398e+00,4.858056068420410156e+00,6.338383674621582031e+00,7.698249816894531250e+00,8.855607986450195312e+00,9.739333152770996094e+00,1.029413986206054688e+01,1.048453807830810547e+01,1.029756450653076172e+01,9.744092941284179688e+00,8.858621597290039062e+00,7.697530269622802734e+00,6.335907459259033203e+00,4.863117694854736328e+00,3.377380609512329102e+00,1.979693055152893066e+00,7.674674391746520996e-01,-1.717174351215362549e-01,-7.658551931381225586e-01,-9.633753895759582520e-01,-7.368136048316955566e-01,-8.504360914230346680e-02,9.660886526107788086e-01,2.364789962768554688e+00,4.035963058471679688e+00,5.885327339172363281e+00,7.804783821105957031e+00,9.678708076477050781e+00,1.139080238342285156e+01,1.283109474182128906e+01,1.390265178680419922e+01,1.452761363983154297e+01,1.465215206146240234e+01,1.425006103515625000e+01,1.332473564147949219e+01,1.190941047668457031e+01,1.006562423706054688e+01,7.879979133605957031e+00,5.459389686584472656e+00,2.925074815750122070e+00,4.056532084941864014e-01,-1.970256447792053223e+00,-4.081494331359863281e+00,-5.821431636810302734e+00,-7.104238986968994141e+00,-7.869967460632324219e+00,-8.088140487670898438e+00,-7.759640693664550781e+00,-6.916759014129638672e+00,-5.621419906616210938e+00,-3.961656808853149414e+00,-2.046563148498535156e+00,-5.080490488620610992e-15
0.000000000000000000e+00,-1.200867176055908203e+00,-2.301831960678100586e+00,-3.209597349166870117e+00,-3.843653440475463867e+00,-4.141638278961181641e+00,-4.063531398773193359e+00,-3.594409942626953125e+00,-2.745588302612304688e+00,-1.554060459136962891e+00,-8.027803152799606323e-02,1.595600605010986328e+00,3.378757238388061523e+00,5.165737628936767578e+00,6.851075172424316406e+00,8.334091186523437500e+00,9.525444030761718750e+00,1.035299777984619141e+01,1.076664924621582031e+01,1.074178123474121094e+01,1.028112888336181641e+01,9.414915084838867188e+00,8.199251174926757812e+00,6.712865352630615234e+00,5.052381992340087891e+00,3.326411247253417969e+00,1.648828387260437012e+00,1.316494494676589966e-01,-1.122050523757934570e+00,-2.024733304977416992e+00,-2.510090589523315430e+00,-2.537473440170288086e+00,-2.094768285751342773e+00,-1.199531078338623047e+00,1.017103716731071472e-01,1.735953092575073242e+00,3.607878923416137695e+00,5.605433940887451172e+00,7.606492996215820312e+00,9.486213684082031250e+00,1.112462329864501953e+01,1.241398715972900391e+01,1.326549339294433594e+01,1.361485385894775391e+01,1.342645549774169922e+01,1.269581127166748047e+01,1.145014667510986328e+01,9.747072219848632812e+00,7.671410083770751953e+00,5.330362796783447266e+00,2.847298622131347656e+00,3.545293211936950684e-01,-2.014490365982055664e+00,-4.133073806762695312e+00,-5.888847827911376953e+00,-7.190470695495605469e+00,-7.973125457763671875e+00,-8.202442169189453125e+00,-7.876615524291992188e+00,-7.026586532592773438e+00,-5.714267253875732422e+00,-4.028915882110595703e+00,-2.081877231597900391e+00,-5.168628078430683587e-15
0.000000000000000000e+00,-1.616727828979492188e+00,-3.116432905197143555e+00,-4.389566898345947266e+00,-5.341058731079101562e+00,-5.896408557891845703e+00,-6.006481647491455078e+00,-5.650708198547363281e+00,-4.838476657867431641e+00,-3.608639478683471680e+00,-2.027151584625244141e+00,-1.829929053783416748e-01,1.817374825477600098e+00,3.856671571731567383e+00,5.814165592193603516e+00,7.573282241821289062e+00,9.028979301452636719e+00,1.009442234039306641e+01,1.070654487609863281e+01,1.083013153076171875e+01,1.046017742156982422e+01,9.622352600097656250e+00,8.371557235717773438e+00,6.788628578186035156e+00,4.975412845611572266e+00,3.048503160476684570e+00,1.132021188735961914e+00,-6.501061320304870605e-01,-2.181895017623901367e+00,-3.362598180770874023e+00,-4.113088130950927734e+00,-4.380926132202148438e+00,-4.143801689147949219e+00,-3.411118745803833008e+00,-2.223620414733886719e+00,-6.510748267173767090e-01,1.211851596832275391e+00,3.251280546188354492e+00,5.341024875640869141e+00,7.350286483764648438e+00,9.151679039001464844e+00,1.062907791137695312e+01,1.168482112884521484e+01,1.224580574035644531e+01,1.226811218261718750e+01,1.173985385894775391e+01,1.068208312988281250e+01,9.147688865661621094e+00,7.218333244323730469e+00,4.999633312225341797e+00,2.614856243133544922e+00,1.975208222866058350e-01,-2.116650342941284180e+00,-4.197933197021484375e+00,-5.930462837219238281e+00,-7.219269752502441406e+00,-7.996060371398925781e+00,-8.223388671875000000e+00,-7.896957874298095703e+00,-7.045919418334960938e+00,-5.731132030487060547e+00,-4.041503429412841797e+00,-2.088619470596313477e+00,-5.185571701991084984e-15
0.000000000000000000e+00,-1.987080931663513184e+00,-3.843133211135864258e+00,-5.445284366607666016e+00,-6.686467170715332031e+00,-7.482090473175048828e+00,-7.775315284729003906e+00,-7.540607452392578125e+00,-6.785351753234863281e+00,-5.549420356750488281e+00,-3.902726888656616211e+00,-1.940915465354919434e+00,2.205509692430496216e-01,2.453531742095947266e+00,4.625141143798828125e+00,6.605980396270751953e+00,8.278155326843261719e+00,9.542591094970703125e+00,1.032517623901367188e+01,1.058137226104736328e+01,1.029898452758789062e+01,9.498938560485839844e+00,8.234001159667968750e+00,6.585524559020996094e+00,4.658421516418457031e+00,2.574679374694824219e+00,4.658067226409912109e-01,-1.535310506820678711e+00,-3.302646160125732422e+00,-4.724850177764892578e+00,-5.712164878845214844e+00,-6.202003479003906250e+00,-6.162858009338378906e+00,-5.596281051635742188e+00,-4.536823749542236328e+00,-3.049932479858398438e+00,-1.227931380271911621e+00,8.156621456146240234e-01,2.953137397766113281e+00,5.050474643707275391e+00,6.975625991821289062e+00,8.606681823730468750e+00,9.839419364929199219e+00,1.059376239776611328e+01,1.081875896453857422e+01,1.049575901031494141e+01,9.639604568481445312e+00,8.297752380371093750e+00,6.547383785247802734e+00,4.490674972534179688e+00,2.248528003692626953e+00,-4.686068743467330933e-02,-2.260130882263183594e+00,-4.261087894439697266e+00,-5.932715892791748047e+00,-7.178381919860839844e+00,-7.927787303924560547e+00,-8.141290664672851562e+00,-7.812348842620849609e+00,-6.967911720275878906e+00,-5.666755199432373047e+00,-3.995847463607788086e+00,-2.064982652664184570e+00,-5.126866389515731190e-15
0.000000000000000000e+00,-2.303323745727539062e+00,-4.465004444122314453e+00,-6.352035522460937500e+00,-7.848155021667480469e+00,-8.860927581787109375e+00,-9.327365875244140625e+00,-9.217755317687988281e+00,-8.537431716918945312e+00,-7.326429367065429688e+00,-5.656994342803955078e+00,-3.629142999649047852e+00,-1.364520072937011719e+00,1.001052141189575195e+00,3.325883626937866211e+00,5.471070289611816406e+00,7.308963298797607422e+00,8.730932235717773438e+00,9.653949737548828125e+00,1.002559280395507812e+01,9.827158927917480469e+00,9.074709892272949219e+00,7.817975997924804688e+00,6.137206077575683594e+00,4.138143062591552734e+00,1.945456743240356445e+00,-3.049746155738830566e-01,-2.474445819854736328e+00,-4.429958343505859375e+00,-6.052375793457031250e+00,-7.243702888488769531e+00,-7.933038711547851562e+00,-8.080843925476074219e+00,-7.681256771087646484e+00,-6.762327194213867188e+00,-5.384154319763183594e+00,-3.635047435760498047e+00,-1.625958323478698730e+00,5.164745450019836426e-01,2.657828807830810547e+00,4.664261341094970703e+00,6.410810947418212891e+00,7.789124965667724609e+00,8.714135169982910156e+00,9.129265785217285156e+00,9.009864807128906250e+00,8.364629745483398438e+00,7.234969139099121094e+00,5.692318439483642578e+00,3.833600521087646484e+00,1.775104522705078125e+00,-3.548273742198944092e-01,-2.423849344253540039e+00,-4.303895950317382812e+00,-5.879182815551757812e+00,-7.053428173065185547e+00,-7.755842208862304688e+00,-7.945516109466552734e+00,-7.613937854766845703e+00,-6.785475730895996094e+00,-5.515806674957275391e+00,-3.888386487960815430e+00,-2.009182691574096680e+00,-4.988127474953160320e-15
0.000000000000000000e+00,-2.558544874191284180e+00,-4.968402385711669922e+00,-7.089793205261230469e+00,-8.800215721130371094e+00,-1.000176620483398438e+01,-1.062697410583496094e+01,-1.064278793334960938e+01,-1.005248928070068359e+01,-8.895406723022460938e+00,-7.244452953338623047e+00,-5.201649665832519531e+00,-2.891900539398193359e+00,-4.554021358489990234e-01,1.960844278335571289e+00,4.211903572082519531e+00,6.163620948791503906e+00,7.700649738311767578e+00,8.733304977416992188e+00,9.202839851379394531e+00,9.084811210632324219e+00,8.390357971191406250e+00,7.165307998657226562e+00,5.487178802490234375e+00,3.460275650024414062e+00,1.209176063537597656e+00,-1.128977775573730469e+00,-3.412909269332885742e+00,-5.505839824676513672e+00,-7.283793926239013672e+00,-8.643067359924316406e+00,-9.506404876708984375e+00,-9.827521324157714844e+00,-9.593682289123535156e+00,-8.826210975646972656e+00,-7.578894138336181641e+00,-5.934393882751464844e+00,-3.998903274536132812e+00,-1.895383358001708984e+00,2.441937625408172607e-01,2.287108182907104492e+00,4.108147144317626953e+00,5.597340106964111328e+00,6.666692256927490234e+00,7.255510330200195312e+00,7.333986759185791016e+00,6.904832363128662109e+00,6.002862930297851562e+00,4.692579746246337891e+00,3.063893556594848633e+00,1.226278543472290039e+00,-6.982755661010742188e-01,-2.583068370819091797e+00,-4.304755210876464844e+00,-5.751166343688964844e+00,-6.828392028808593750e+00,-7.466684341430664062e+00,-7.624812602996826172e+00,-7.292598724365234375e+00,-6.491473674774169922e+00,-5.273029804229736328e+00,-3.715661048889160156e+00,-1.919503688812255859e+00,-4.765152404335570163e-15
0.000000000000000000e+00,-2.747747898101806641e+00,-5.343410491943359375e+00,-7.643870353698730469e+00,-9.523408889770507812e+00,-1.088109397888183594e+01,-1.164667797088623047e+01,-1.178466606140136719e+01,-1.129629993438720703e+01,-1.021934795379638672e+01,-8.625725746154785156e+00,-6.617076873779296875e+00,-4.318613529205322266e+00,-1.871561169624328613e+00,5.753082633018493652e-01,2.874557733535766602e+00,4.888836383819580078e+00,6.498980522155761719e+00,7.610973358154296875e+00,8.161356925964355469e+00,8.120771408081054688e+00,7.495421409606933594e+00,6.326394557952880859e+00,4.686882495880126953e+00,2.677490711212158203e+00,4.199306666851043701e-01,-1.950512290000915527e+00,-4.293264865875244141e+00,-6.471001625061035156e+00,-8.357903480529785156e+00,-9.847142219543457031e+00,-1.085713481903076172e+01,-1.133620071411132812e+01,-1.126534271240234375e+01,-1.065900039672851562e+01,-9.563743591308593750e+00,-8.055009841918945312e+00,-6.232088565826416016e+00,-4.211690425872802734e+00,-2.120508193969726562e+00,-8.722962439060211182e-02,1.765486836433410645e+00,3.328581333160400391e+00,4.513234615325927734e+00,5.256180763244628906e+00,5.523362159729003906e+00,5.311718940734863281e+00,4.649005413055419922e+00,3.591667413711547852e+00,2.220921993255615234e+00,6.372995972633361816e-01,-1.045994520187377930e+00,-2.710475683212280273e+00,-4.240057945251464844e+00,-5.528528690338134766e+00,-6.486342430114746094e+00,-7.046309947967529297e+00,-7.167822837829589844e+00,-6.839348793029785156e+00,-6.079049587249755859e+00,-4.933482646942138672e+00,-3.474474668502807617e+00,-1.794377088546752930e+00,-4.454113435774318536e-15
0.000000000000000000e+00,-2.867999315261840820e+00,-5.584134101867675781e+00,-8.005358695983886719e+00,-1.000574207305908203e+01,-1.148374843597412109e+01,-1.236806583404541016e+01,-1.262165069580078125e+01,-1.224374103546142578e+01,-1.126972484588623047e+01,-9.768887519836425781e+00,-7.840164184570312500e+00,-5.606171607971191406e+00,-3.205871582031250000e+00,-7.863135337829589844e-01,1.506047964096069336e+00,3.533941268920898438e+00,5.177260398864746094e+00,6.339967250823974609e+00,6.955513477325439453e+00,6.990458011627197266e+00,6.446089744567871094e+00,5.357962608337402344e+00,3.793393373489379883e+00,1.847087740898132324e+00,-3.648256361484527588e-01,-2.711979389190673828e+00,-5.057724952697753906e+00,-7.267375946044921875e+00,-9.216234207153320312e+00,-1.079691219329833984e+01,-1.192552375793457031e+01,-1.254636096954345703e+01,-1.263480377197265625e+01,-1.219829845428466797e+01,-1.127536010742187500e+01,-9.932691574096679688e+00,-8.260611534118652344e+00,-6.367092609405517578e+00,-4.370793819427490234e+00,-2.393532276153564453e+00,-5.526644587516784668e-01,1.046147227287292480e+00,2.315334796905517578e+00,3.190601825714111328e+00,3.634564876556396484e+00,3.638649702072143555e+00,3.223136425018310547e+00,2.435373544692993164e+00,1.346290349960327148e+00,4.544202238321304321e-02,-1.365079164505004883e+00,-2.777473449707031250e+00,-4.085359573364257812e+00,-5.190740585327148438e+00,-6.010362148284912109e+00,-6.481062412261962891e+00,-6.563773155212402344e+00,-6.245920658111572266e+00,-5.542085647583007812e+00,-4.492879867553710938e+00,-3.162120103836059570e+00,-1.632495403289794922e+00,-4.051837583848990829e-15
0.000000000000000000e+00,-2.918493032455444336e+00,-5.688832283020019531e+00,-8.171333312988281250e+00,-1.024275398254394531e+01,-1.180329895019531250e+01,-1.278224945068359375e+01,-1.314189052581787109e+01,-1.287950420379638672e+01,-1.202732467651367188e+01,-1.065045452117919922e+01,-8.842888832092285156e+00,-6.721874237060546875e+00,-4.420950889587402344e+00,-2.082097530364990234e+00,1.525595933198928833e-01,2.148975133895874023e+00,3.788867235183715820e+00,4.976405143737792969e+00,5.643513679504394531e+00,5.753490447998046875e+00,5.302740097045898438e+00,4.320537090301513672e+00,2.866851568222045898e+00,1.028390288352966309e+00,-1.086895704269409180e+00,-3.356487989425659180e+00,-5.650750637054443359e+00,-7.840694904327392578e+00,-9.805593490600585938e+00,-1.143997669219970703e+01,-1.265960884094238281e+01,-1.340608787536621094e+01,-1.364981269836425781e+01,-1.339115524291992188e+01,-1.265979766845703125e+01,-1.151229095458984375e+01,-1.002802753448486328e+01,-8.303874969482421875e+00,-6.447838306427001953e+00,-4.572156429290771484e+00,-2.786256313323974609e+00,-1.190018653869628906e+00,1.322365999221801758e-01,1.116675853729248047e+00,1.723495364189147949e+00,1.938879489898681641e+00,1.775270938873291016e+00,1.269958138465881348e+00,4.820930957794189453e-01,-5.116510391235351562e-01,-1.622488379478454590e+00,-2.755633592605590820e+00,-3.816719770431518555e+00,-4.718102455139160156e+00,-5.384642601013183594e+00,-5.758597373962402344e+00,-5.803309917449951172e+00,-5.505463123321533203e+00,-4.875762939453125000e+00,-3.948014736175537109e+00,-2.776661872863769531e+00,-1.432953238487243652e+00,-3.556153479599300643e-15
0.000000000000000000e+00,-2.900531053543090820e+00,-5.659886360168457031e+00,-8.144822120666503906e+00,-1.023750114440917969e+01,-1.184206867218017578e+01,-1.288995456695556641e+01,-1.334360313415527344e+01,-1.319839668273925781e+01,-1.248269939422607422e+01,-1.125599861145019531e+01,-9.605274200439453125e+00,-7.639822006225585938e+00,-5.484822750091552734e+00,-3.274065732955932617e+00,-1.142231464385986328e+00,7.827932238578796387e-01,2.387130737304687500e+00,3.577235937118530273e+00,4.284969806671142578e+00,4.471135616302490234e+00,4.127286434173583984e+00,3.275726079940795898e+00,1.967710733413696289e+00,2.799939215183258057e-01,-1.690068125724792480e+00,-3.830537080764770508e+00,-6.021668910980224609e+00,-8.143028259277343750e+00,-1.008051967620849609e+01,-1.173290157318115234e+01,-1.301742362976074219e+01,-1.387424182891845703e+01,-1.426937961578369141e+01,-1.419607448577880859e+01,-1.367445755004882812e+01,-1.274962234497070312e+01,-1.148821735382080078e+01,-9.973810195922851562e+00,-8.301318168640136719e+00,-6.570879459381103516e+00,-4.881544113159179688e+00,-3.325186729431152344e+00,-1.981012940406799316e+00,-9.109933376312255859e-01,-1.564962863922119141e-01,2.636907100677490234e-01,3.538506925106048584e-01,1.403330862522125244e-01,-3.308542370796203613e-01,-9.976775050163269043e-01,-1.786680459976196289e+00,-2.618243455886840820e+00,-3.412148714065551758e+00,-4.093079090118408203e+00,-4.595696449279785156e+00,-4.868962764739990234e+00,-4.879437446594238281e+00,-4.613330364227294922e+00,-4.077198505401611328e+00,-3.297241926193237305e+00,-2.317259311676025391e+00,-1.195409297943115234e+00,-2.966288417219115243e-15
0.000000000000000000e+00,-2.817425251007080078e+00,-5.503610610961914062e+00,-7.934543609619140625e+00,-1.000025272369384766e+01,-1.161081695556640625e+01,-1.270123195648193359e+01,-1.323485279083251953e+01,-1.320522594451904297e+01,-1.263620948791503906e+01,-1.158038139343261719e+01,-1.011584758758544922e+01,-8.341624259948730469e+00,-6.371891498565673828e+00,-4.329436302185058594e+00,-2.338687181472778320e+00,-5.187293291091918945e-01,1.023287415504455566e+00,2.197976350784301758e+00,2.938450098037719727e+00,3.203703641891479492e+00,2.980467796325683594e+00,2.283445596694946289e+00,1.153941750526428223e+00,-3.430111706256866455e-01,-2.122836828231811523e+00,-4.086646080017089844e+00,-6.127188682556152344e+00,-8.135163307189941406e+00,-1.000550842285156250e+01,-1.164330291748046875e+01,-1.296893787384033203e+01,-1.392225933074951172e+01,-1.446546173095703125e+01,-1.458459186553955078e+01,-1.428958797454833984e+01,-1.361290073394775391e+01,-1.260680007934570312e+01,-1.133956527709960938e+01,-9.890824317932128906e+00,-8.346337318420410156e+00,-6.792565822601318359e+00,-5.311366081237792969e+00,-3.975140333175659180e+00,-2.842726707458496094e+00,-1.956280469894409180e+00,-1.339312314987182617e+00,-9.959830045700073242e-01,-9.116693735122680664e-01,-1.054735302925109863e+00,-1.379365444183349609e+00,-1.829252481460571289e+00,-2.341877698898315430e+00,-2.853091001510620117e+00,-3.301678657531738281e+00,-3.633616685867309570e+00,-3.805727005004882812e+00,-3.788501501083374023e+00,-3.567916870117187500e+00,-3.146124362945556641e+00,-2.540987730026245117e+00,-1.784508466720581055e+00,-9.202580451965332031e-01,-2.283291235255372267e-15
0.000000000000000000e+00,-2.674321651458740234e+00,-5.229917049407958984e+00,-7.554433822631835938e+00,-9.547911643981933594e+00,-1.112810516357421875e+01,-1.223480701446533203e+01,-1.283295059204101562e+01,-1.291430282592773438e+01,-1.249766921997070312e+01,-1.162760829925537109e+01,-1.037173557281494141e+01,-8.816779136657714844e+00,-7.063624858856201172e+00,-5.221627235412597656e+00,-3.402529239654541016e+00,-1.714327216148376465e+00,-2.554334402084350586e-01,8.905414342880249023e-01,1.659095525741577148e+00,2.008004903793334961e+00,1.919191479682922363e+00,1.399204254150390625e+00,4.783124923706054688e-01,-7.917141318321228027e-01,-2.340984344482421875e+00,-4.085808277130126953e+00,-5.933693408966064453e+00,-7.788714885711669922e+00,-9.556937217712402344e+00,-1.115157604217529297e+01,-1.249759674072265625e+01,-1.353551483154296875e+01,-1.422417163848876953e+01,-1.454236698150634766e+01,-1.448928165435791016e+01,-1.408368492126464844e+01,-1.336203670501708984e+01,-1.237560176849365234e+01,-1.118679618835449219e+01,-9.865017890930175781e+00,-8.482209205627441406e+00,-7.108457088470458984e+00,-5.807887077331542969e+00,-4.635100841522216797e+00,-3.632362604141235352e+00,-2.827689409255981445e+00,-2.233932256698608398e+00,-1.848878264427185059e+00,-1.656330466270446777e+00,-1.628064274787902832e+00,-1.726501941680908203e+00,-1.907906413078308105e+00,-2.125861406326293945e+00,-2.334796190261840820e+00,-2.493312597274780273e+00,-2.567087650299072266e+00,-2.531164169311523438e+00,-2.371480941772460938e+00,-2.085551023483276367e+00,-1.682255506515502930e+00,-1.180783033370971680e+00,-6.088007092475891113e-01,-1.510452127312562638e-15
0.000000000000000000e+00,-2.477964162826538086e+00,-4.851852416992187500e+00,-7.022989749908447266e+00,-8.903208732604980469e+00,-1.041937923431396484e+01,-1.151712512969970703e+01,-1.216351127624511719e+01,-1.234858131408691406e+01,-1.208564472198486328e+01,-1.141032409667968750e+01,-1.037842369079589844e+01,-9.062726974487304688e+00,-7.548940181732177734e+00,-5.930981636047363281e+00,-4.305909156799316406e+00,-2.768748521804809570e+00,-1.407521843910217285e+00,-2.987368404865264893e-01,4.964178502559661865e-01,9.349760413169860840e-01,9.940526485443115234e-01,6.715754866600036621e-01,-1.412587147206068039e-02,-1.025827646255493164e+00,-2.309904813766479492e+00,-3.799649000167846680e+00,-5.419202327728271484e+00,-7.087872982025146484e+00,-8.724579811096191406e+00,-1.025217247009277344e+01,-1.160137939453125000e+01,-1.271419143676757812e+01,-1.354647827148437500e+01,-1.406974506378173828e+01,-1.427193450927734375e+01,-1.415727519989013672e+01,-1.374522590637207031e+01,-1.306859302520751953e+01,-1.217099094390869141e+01,-1.110380363464355469e+01,-9.922854423522949219e+00,-8.685007095336914062e+00,-7.444890022277832031e+00,-6.251951217651367188e+00,-5.148001670837402344e+00,-4.165385246276855469e+00,-3.325846910476684570e+00,-2.640150785446166992e+00,-2.108422517776489258e+00,-1.721163630485534668e+00,-1.460834145545959473e+00,-1.303867101669311523e+00,-1.222956418991088867e+00,-1.189445137977600098e+00,-1.175640106201171875e+00,-1.156891226768493652e+00,-1.113293170928955078e+00,-1.030900597572326660e+00,-9.023830294609069824e-01,-7.270907759666442871e-01,-5.105437636375427246e-01,-2.634005546569824219e-01,-6.536859774009223367e-16
0.000000000000000000e+00,-2.236402750015258789e+00,-4.385035991668701172e+00,-6.362463474273681641e+00,-8.093690872192382812e+00,-9.515828132629394531e+00,-1.058112907409667969e+01,-1.125922966003417969e+01,-1.153850078582763672e+01,-1.142642402648925781e+01,-1.094899559020996094e+01,-1.014919281005859375e+01,-9.084592819213867188e+00,-7.824277877807617188e+00,-6.445198059082031250e+00,-5.028193950653076172e+00,-3.653880119323730469e+00,-2.398625135421752930e+00,-1.330819487571716309e+00,-5.076322555541992188e-01,2.758795395493507385e-02,2.471439987421035767e-01,1.399765014648437500e-01,-2.882268130779266357e-01,-1.015780925750732422e+00,-2.006549358367919922e+00,-3.212181329727172852e+00,-4.574900150299072266e+00,-6.030681133270263672e+00,-7.512629508972167969e+00,-8.954383850097656250e+00,-1.029335021972656250e+01,-1.147361087799072266e+01,-1.244836235046386719e+01,-1.318177318572998047e+01,-1.365017795562744141e+01,-1.384260082244873047e+01,-1.376057338714599609e+01,-1.341733646392822266e+01,-1.283646869659423828e+01,-1.205006504058837891e+01,-1.109659671783447266e+01,-1.001857662200927734e+01,-8.860193252563476562e+00,-7.665029048919677734e+00,-6.474005222320556641e+00,-5.323646068572998047e+00,-4.244744777679443359e+00,-3.261471509933471680e+00,-2.390948534011840820e+00,-1.643271565437316895e+00,-1.021938443183898926e+00,-5.246149301528930664e-01,-1.441569924354553223e-01,1.302089691162109375e-01,3.116479516029357910e-01,4.145171344280242920e-01,4.532934129238128662e-01,4.416988790035247803e-01,3.920758068561553955e-01,3.150385916233062744e-01,2.194054126739501953e-01,1.123885437846183777e-01,2.781540261148466881e-16
0.000000000000000000e+00,-1.958668351173400879e+00,-3.847021818161010742e+00,-5.597948074340820312e+00,-7.150585651397705078e+00,-8.453069686889648438e+00,-9.464845657348632812e+00,-1.015843677520751953e+01,-1.052059268951416016e+01,-1.055275249481201172e+01,-1.027082443237304688e+01,-9.704284667968750000e+00,-8.894644737243652344e+00,-7.893390655517578125e+00,-6.759462833404541016e+00,-5.556443214416503906e+00,-4.349557399749755859e+00,-3.202659845352172852e+00,-2.175332069396972656e+00,-1.320241808891296387e+00,-6.808746457099914551e-01,-2.897419333457946777e-01,-1.671395152807235718e-01,-3.204999566078186035e-01,-7.443547844886779785e-01,-1.420890808105468750e+00,-2.321056127548217773e+00,-3.406147718429565430e+00,-4.629787445068359375e+00,-5.940185070037841797e+00,-7.282562732696533203e+00,-8.601634025573730469e+00,-9.844009399414062500e+00,-1.096042251586914062e+01,-1.190768337249755859e+01,-1.265028381347656250e+01,-1.316158771514892578e+01,-1.342458820343017578e+01,-1.343220424652099609e+01,-1.318714046478271484e+01,-1.270133972167968750e+01,-1.199507045745849609e+01,-1.109572696685791016e+01,-1.003640174865722656e+01,-8.854317665100097656e+00,-7.589192867279052734e+00,-6.281618595123291016e+00,-4.971518516540527344e+00,-3.696742057800292969e+00,-2.491846323013305664e+00,-1.387090802192687988e+00,-4.076699018478393555e-01,4.268152713775634766e-01,1.102650046348571777e+00,1.612082481384277344e+00,1.953205585479736328e+00,2.129675388336181641e+00,2.150295495986938477e+00,2.028501510620117188e+00,1.781769037246704102e+00,1.430977225303649902e+00,9.997418522834777832e-01,5.137351155281066895e-01,1.273060979449177916e-15
0.000000000000000000e+00,-1.654422998428344727e+00,-3.256619215011596680e+00,-4.756400108337402344e+00,-6.107570648193359375e+00,-7.269731521606445312e+00,-8.209844589233398438e+00,-8.903513908386230469e+00,-9.335917472839355469e+00,-9.502367973327636719e+00,-9.408462524414062500e+00,-9.069836616516113281e+00,-8.511507987976074219e+00,-7.766859531402587891e+00,-6.876287460327148438e+00,-5.885570526123046875e+00,-4.844031333923339844e+00,-3.802552700042724609e+00,-2.811537742614746094e+00,-1.918887495994567871e+00,-1.168081641197204590e+00,-5.964325666427612305e-01,-2.335876226425170898e-01,-1.003362983465194702e-01,-2.077695876359939575e-01,-5.568258762359619141e-01,-1.138240814208984375e+00,-1.932903289794921875e+00,-2.912603378295898438e+00,-4.041143417358398438e+00,-5.275764942169189453e+00,-6.568842411041259766e+00,-7.869765281677246094e+00,-9.126946449279785156e+00,-1.028986358642578125e+01,-1.131107044219970703e+01,-1.214807510375976562e+01,-1.276503467559814453e+01,-1.313418006896972656e+01,-1.323692989349365234e+01,-1.306463050842285156e+01,-1.261891746520996094e+01,-1.191165637969970703e+01,-1.096449375152587891e+01,-9.808012008666992188e+00,-8.480529785156250000e+00,-7.026609897613525391e+00,-5.495302677154541016e+00,-3.938230037689208984e+00,-2.407556533813476562e+00,-9.539461731910705566e-01,3.754216432571411133e-01,1.538697481155395508e+00,2.500994443893432617e+00,3.235742807388305664e+00,3.725716114044189453e+00,3.963683843612670898e+00,3.952667474746704102e+00,3.705790758132934570e+00,3.245726823806762695e+00,2.603768110275268555e+00,1.818551182746887207e+00,9.344940185546875000e-01,2.315787654276783500e-15
0.000000000000000000e+00,-1.333607673645019531e+00,-2.633203268051147461e+00,-3.865643978118896484e+00,-4.999518871307373047e+00,-6.005997180938720703e+00,-6.859650135040283203e+00,-7.539236545562744141e+00,-8.028424263000488281e+00,-8.316436767578125000e+00,-8.398582458496093750e+00,-8.276659011840820312e+00,-7.959171772003173828e+00,-7.461375236511230469e+00,-6.805073738098144531e+00,-6.018189907073974609e+00,-5.134079456329345703e+00,-4.190589427947998047e+00,-3.228876352310180664e+00,-2.292013406753540039e+00,-1.423416495323181152e+00,-6.651521325111389160e-01,-5.618467181921005249e-02,3.693604171276092529e-01,5.838375687599182129e-01,5.675451755523681641e-01,3.099322319030761719e-01,-1.895261108875274658e-01,-9.208462238311767578e-01,-1.863494038581848145e+00,-2.986812114715576172e+00,-4.250922203063964844e+00,-5.608086109161376953e+00,-7.004485130310058594e+00,-8.382354736328125000e+00,-9.682390213012695312e+00,-1.084631347656250000e+01,-1.181950283050537109e+01,-1.255354595184326172e+01,-1.300859165191650391e+01,-1.315539836883544922e+01,-1.297694873809814453e+01,-1.246954822540283203e+01,-1.164334106445312500e+01,-1.052219486236572266e+01,-9.142947196960449219e+00,-7.554026603698730469e+00,-5.813506126403808594e+00,-3.986663103103637695e+00,-2.143153429031372070e+00,-3.539306223392486572e-01,1.311951398849487305e+00,2.790496826171875000e+00,4.025736331939697266e+00,4.972359657287597656e+00,5.597881317138671875e+00,5.884227275848388672e+00,5.828663825988769531e+00,5.444011688232421875e+00,4.758134365081787109e+00,3.812713861465454102e+00,2.661373615264892578e+00,1.367231726646423340e+00,3.387909442868547102e-15
0.000000000000000000e+00,-1.006098270416259766e+00,-1.996042609214782715e+00,-2.953404903411865234e+00,-3.861274719238281250e+00,-4.702178001403808594e+00,-5.458168983459472656e+00,-6.111130237579345703e+00,-6.643289566040039062e+00,-7.037948608398437500e+00,-7.280386924743652344e+00,-7.358895301818847656e+00,-7.265860557556152344e+00,-6.998826026916503906e+00,-6.561434745788574219e+00,-5.964164257049560547e+00,-5.224767684936523438e+00,-4.368354320526123047e+00,-3.427047967910766602e+00,-2.439205884933471680e+00,-1.448188662528991699e+00,-5.007168650627136230e-01,3.551291227340698242e-01,1.072176218032836914e+00,1.606583595275878906e+00,1.920292973518371582e+00,1.983366131782531738e+00,1.776064872741699219e+00,1.290536642074584961e+00,5.319826006889343262e-01,-4.807883799076080322e-01,-1.715491652488708496e+00,-3.127214908599853516e+00,-4.659976005554199219e+00,-6.248943805694580078e+00,-7.823230743408203125e+00,-9.309137344360351562e+00,-1.063368606567382812e+01,-1.172828006744384766e+01,-1.253227615356445312e+01,-1.299629306793212891e+01,-1.308506393432617188e+01,-1.277966308593750000e+01,-1.207896518707275391e+01,-1.100024986267089844e+01,-9.578870773315429688e+00,-7.867005348205566406e+00,-5.931508064270019531e+00,-3.850967645645141602e+00,-1.712100505828857422e+00,3.943457007408142090e-01,2.377972126007080078e+00,4.153172016143798828e+00,5.643403530120849609e+00,6.785072326660156250e+00,7.530808925628662109e+00,7.851971626281738281e+00,7.740229129791259766e+00,7.208134174346923828e+00,6.288647174835205078e+00,5.033631801605224609e+00,3.511382102966308594e+00,1.803317785263061523e+00,4.468051362921388048e-15
0.000000000000000000e+00,-6.813872456550598145e-01,-1.363675594329833984e+00,-2.046401500701904297e+00,-2.726507186889648438e+00,-3.397372245788574219e+00,-4.048209190368652344e+00,-4.663899898529052734e+00,-5.225320816040039062e+00,-5.710146427154541016e+00,-6.094112396240234375e+00,-6.352651596069335938e+00,-6.462798595428466797e+00,-6.405233860015869141e+00,-6.166306018829345703e+00,-5.739884376525878906e+00,-5.128877162933349609e+00,-4.346279621124267578e+00,-3.415641307830810547e+00,-2.370862245559692383e+00,-1.255292892456054688e+00,-1.201354563236236572e-01,9.777926206588745117e-01,1.978834152221679688e+00,2.823664665222167969e+00,3.456685781478881836e+00,3.829442501068115234e+00,3.903852224349975586e+00,3.655038833618164062e+00,3.073576927185058594e+00,2.166980266571044922e+00,9.603050947189331055e-01,-5.042088031768798828e-01,-2.168486118316650391e+00,-3.960918903350830078e+00,-5.799533367156982422e+00,-7.595874786376953125e+00,-9.259417533874511719e+00,-1.070226860046386719e+01,-1.184391021728515625e+01,-1.261571788787841797e+01,-1.296498966217041016e+01,-1.285824584960937500e+01,-1.228360176086425781e+01,-1.125204181671142578e+01,-9.797508239746093750e+00,-7.975760936737060547e+00,-5.862045288085937500e+00,-3.547665834426879883e+00,-1.135633230209350586e+00,1.264401912689208984e+00,3.541660308837890625e+00,5.589903831481933594e+00,7.312956333160400391e+00,8.629778861999511719e+00,9.478810310363769531e+00,9.821344375610351562e+00,9.643736839294433594e+00,8.958319664001464844e+00,7.802965641021728516e+00,6.239305973052978516e+00,4.349696636199951172e+00,2.233085632324218750e+00,5.532285580708319606e-15
0.000000000000000000e+00,-3.683001399040222168e-01,-7.533556818962097168e-01,-1.169544577598571777e+00,-1.626688838005065918e+00,-2.128262042999267578e+00,-2.670138359069824219e+00,-3.240001678466796875e+00,-3.817485094070434570e+00,-4.375054836273193359e+00,-4.879599571228027344e+00,-5.294629573822021484e+00,-5.582945823669433594e+00,-5.709591865539550781e+00,-5.644887447357177734e+00,-5.367311954498291016e+00,-4.866025924682617188e+00,-4.142820835113525391e+00,-3.213330030441284180e+00,-2.107367277145385742e+00,-8.683280944824218750e-01,4.483673572540283203e-01,1.777732610702514648e+00,3.048464298248291016e+00,4.186810016632080078e+00,5.120841026306152344e+00,5.784872055053710938e+00,6.123761177062988281e+00,6.096810340881347656e+00,5.681010723114013672e+00,4.873398780822753906e+00,3.692342042922973633e+00,2.177634716033935547e+00,3.893423676490783691e-01,-1.594579100608825684e+00,-3.681799411773681641e+00,-5.770097732543945312e+00,-7.752583980560302734e+00,-9.523385047912597656e+00,-1.098346805572509766e+01,-1.204628849029541016e+01,-1.264291191101074219e+01,-1.272631835937500000e+01,-1.227461147308349609e+01,-1.129293251037597656e+01,-9.813923835754394531e+00,-7.896696090698242188e+00,-5.624322414398193359e+00,-3.099959373474121094e+00,-4.417977631092071533e-01,2.222906112670898438e+00,4.764397144317626953e+00,7.057234287261962891e+00,8.986971855163574219e+00,1.045634460449218750e+01,1.139060306549072266e+01,1.174169731140136719e+01,1.149107265472412109e+01,1.065089797973632812e+01,9.263662338256835938e+00,7.400140285491943359e+00,5.155831336975097656e+00,2.646060705184936523e+00,6.554697970241043711e-15
0.000000000000000000e+00,-7.475891709327697754e-02,-1.805859953165054321e-01,-3.452583253383636475e-01,-5.902286171913146973e-01,-9.280892610549926758e-01,-1.360738396644592285e+00,-1.878403186798095703e+00,-2.459614753723144531e+00,-3.072161674499511719e+00,-3.674974918365478516e+00,-4.220838069915771484e+00,-4.659739971160888672e+00,-4.942653656005859375e+00,-5.025472640991210938e+00,-4.872833251953125000e+00,-4.461534976959228516e+00,-3.783303976058959961e+00,-2.846675872802734375e+00,-1.677822232246398926e+00,-3.202211856842041016e-01,1.166861176490783691e+00,2.711031436920166016e+00,4.230445861816406250e+00,5.638309001922607422e+00,6.847936153411865234e+00,7.778082370758056641e+00,8.358206748962402344e+00,8.533337593078613281e+00,8.268217086791992188e+00,7.550441741943359375e+00,6.392366886138916016e+00,4.831605434417724609e+00,2.930048942565917969e+00,7.714146375656127930e-01,-1.542587995529174805e+00,-3.897280931472778320e+00,-6.170976161956787109e+00,-8.241542816162109375e+00,-9.993216514587402344e+00,-1.132325839996337891e+01,-1.214806842803955078e+01,-1.240839672088623047e+01,-1.207330894470214844e+01,-1.114267158508300781e+01,-9.647958755493164062e+00,-7.651314258575439453e+00,-5.242887020111083984e+00,-2.536542654037475586e+00,3.358151316642761230e-01,3.231029510498046875e+00,6.002210617065429688e+00,8.506580352783203125e+00,1.061320495605468750e+01,1.221018218994140625e+01,1.321086978912353516e+01,1.355881023406982422e+01,1.323104000091552734e+01,1.223961734771728516e+01,1.063123989105224609e+01,8.484984397888183594e+00,5.908267974853515625e+00,3.031252622604370117e+00,7.508104279626854477e-15
0.000000000000000000e+00,1.924033313989639282e-01,3.412454128265380859e-01,4.070512950420379639e-01,3.582103550434112549e-01,1.741590946912765503e-01,-1.522772759199142456e-01,-6.135718822479248047e-01,-1.187327980995178223e+00,-1.837291359901428223e+00,-2.515495538711547852e+00,-3.165412187576293945e+00,-3.725903749465942383e+00,-4.135715484619140625e+00,-4.338205337524414062e+00,-4.285975933074951172e+00,-3.945081710815429688e+00,-3.298500537872314453e+00,-2.348599433898925781e+00,-1.118387222290039062e+00,3.485795259475708008e-01,1.989682555198669434e+00,3.726077318191528320e+00,5.466742515563964844e+00,7.113523960113525391e+00,8.566891670227050781e+00,9.732049942016601562e+00,1.052505016326904297e+01,1.087848663330078125e+01,1.074643230438232422e+01,1.010825634002685547e+01,8.971067428588867188e+00,7.370566844940185547e+00,5.370222568511962891e+00,3.058752059936523438e+00,5.460157394409179688e-01,-2.042477607727050781e+00,-4.572168827056884766e+00,-6.906785011291503906e+00,-8.916000366210937500e+00,-1.048297882080078125e+01,-1.151135349273681641e+01,-1.193121814727783203e+01,-1.170375728607177734e+01,-1.082422447204589844e+01,-9.323051452636718750e+00,-7.264995574951171875e+00,-4.746327877044677734e+00,-1.890200376510620117e+00,1.159587621688842773e+00,4.246079921722412109e+00,7.207513809204101562e+00,9.886062622070312500e+00,1.213647937774658203e+01,1.383415985107421875e+01,1.488214778900146484e+01,1.521669292449951172e+01,1.481102657318115234e+01,1.367713165283203125e+01,1.186539173126220703e+01,9.462123870849609375e+00,6.585129737854003906e+00,3.377497911453247070e+00,8.364903516762996899e-15
0.000000000000000000e+00,4.275724291801452637e-01,8.011220097541809082e-01,1.071374177932739258e+00,1.198201060295104980e+00,1.154342770576477051e+00,9.281720519065856934e-01,5.252885818481445312e-01,-3.119347430765628815e-02,-7.017055749893188477e-01,-1.432584524154663086e+00,-2.159588575363159180e+00,-2.812346458435058594e+00,-3.319445848464965820e+00,-3.613816499710083008e+00,-3.638040304183959961e+00,-3.349211454391479492e+00,-2.722996950149536133e+00,-1.756590008735656738e+00,-4.703179299831390381e-01,1.092253446578979492e+00,2.865776538848876953e+00,4.766098499298095703e+00,6.694618225097656250e+00,8.543783187866210938e+00,1.020341110229492188e+01,1.156746387481689453e+01,1.254084491729736328e+01,1.304579830169677734e+01,1.302749252319335938e+01,1.245841026306152344e+01,1.134123134613037109e+01,9.709989547729492188e+00,7.629370212554931641e+00,5.192150115966796875e+00,2.514864683151245117e+00,-2.680754661560058594e-01,-3.011504888534545898e+00,-5.567477226257324219e+00,-7.793630123138427734e+00,-9.561458587646484375e+00,-1.076400756835937500e+01,-1.132251167297363281e+01,-1.119157981872558594e+01,-1.036258029937744141e+01,-8.865004539489746094e+00,-6.765678405761718750e+00,-4.165847778320312500e+00,-1.196247577667236328e+00,1.989575982093811035e+00,5.223343849182128906e+00,8.331075668334960938e+00,1.114257335662841797e+01,1.350082015991210938e+01,1.527075672149658203e+01,1.634693717956542969e+01,1.665961456298828125e+01,1.617888450622558594e+01,1.491667556762695312e+01,1.292640781402587891e+01,1.030037307739257812e+01,7.164936065673828125e+00,3.673845052719116211e+00,9.098024932171697166e-15
0.000000000000000000e+00,6.264276504516601562e-01,1.190547347068786621e+00,1.635317444801330566e+00,1.913845419883728027e+00,1.993531823158264160e+00,1.859166979789733887e+00,1.514745473861694336e+00,9.838510155677795410e-01,3.085604012012481689e-01,-4.530796408653259277e-01,-1.230852365493774414e+00,-1.947204113006591797e+00,-2.522794961929321289e+00,-2.882392168045043945e+00,-2.960707426071166992e+00,-2.707766771316528320e+00,-2.093432903289794922e+00,-1.110741853713989258e+00,2.222092449665069580e-01,1.861995697021484375e+00,3.741293191909790039e+00,5.771959304809570312e+00,7.849619865417480469e+00,9.859512329101562500e+00,1.168324565887451172e+01,1.320607280731201172e+01,1.432423305511474609e+01,1.495188236236572266e+01,1.502718925476074219e+01,1.451716327667236328e+01,1.342089080810546875e+01,1.177092361450195312e+01,9.632692337036132812e+00,7.101906776428222656e+00,4.300065994262695312e+00,1.368281245231628418e+00,-1.540245294570922852e+00,-4.268674373626708984e+00,-6.665435314178466797e+00,-8.593057632446289062e+00,-9.936413764953613281e+00,-1.060985946655273438e+01,-1.056284141540527344e+01,-9.783605575561523438e+00,-8.300752639770507812e+00,-6.182519912719726562e+00,-3.533777236938476562e+00,-4.908857643604278564e-01,2.785320758819580078e+00,6.118055820465087891e+00,9.324131011962890625e+00,1.222400283813476562e+01,1.465174293518066406e+01,1.646436691284179688e+01,1.754998397827148438e+01,1.783427429199218750e+01,1.728494071960449219e+01,1.591384029388427734e+01,1.377667808532714844e+01,1.097025394439697266e+01,7.627410888671875000e+00,3.909963607788085938e+00,9.681940646888605173e-15
0.000000000000000000e+00,7.859634757041931152e-01,1.503590583801269531e+00,2.090177536010742188e+00,2.493879079818725586e+00,2.678152322769165039e+00,2.625089883804321289e+00,2.337393522262573242e+00,1.838830828666687012e+00,1.173120379447937012e+00,4.012971520423889160e-01,-4.022810757160186768e-01,-1.155032515525817871e+00,-1.772022843360900879e+00,-2.172215700149536133e+00,-2.284677505493164062e+00,-2.054309368133544922e+00,-1.446694493293762207e+00,-4.517107009887695312e-01,9.143764376640319824e-01,2.608525991439819336e+00,4.562315940856933594e+00,6.685085773468017578e+00,8.868671417236328125e+00,1.099347591400146484e+01,1.293552589416503906e+01,1.457408332824707031e+01,1.579935550689697266e+01,1.651979827880859375e+01,1.666856384277343750e+01,1.620863533020019531e+01,1.513631820678710938e+01,1.348280334472656250e+01,1.131365966796875000e+01,8.726239204406738281e+00,5.845077991485595703e+00,2.815544843673706055e+00,-2.039434313774108887e-01,-3.050694942474365234e+00,-5.567004203796386719e+00,-7.609362602233886719e+00,-9.057065010070800781e+00,-9.819695472717285156e+00,-9.843028068542480469e+00,-9.112953186035156250e+00,-7.657181739807128906e+00,-5.544573783874511719e+00,-2.882095813751220703e+00,1.904549747705459595e-01,3.507684469223022461e+00,6.887408256530761719e+00,1.014053916931152344e+01,1.308150577545166016e+01,1.553859901428222656e+01,1.736366653442382812e+01,1.844058609008789062e+01,1.869201469421386719e+01,1.808403205871582031e+01,1.662839317321777344e+01,1.438222026824951172e+01,1.144518661499023438e+01,7.954295158386230469e+00,4.076560020446777344e+00,1.009368929177955135e-14
0.000000000000000000e+00,9.044639468193054199e-01,1.736838698387145996e+00,2.430878639221191406e+00,2.931606769561767578e+00,3.199932336807250977e+00,3.216123580932617188e+00,2.981878757476806641e+00,2.520830631256103516e+00,1.877429604530334473e+00,1.114254355430603027e+00,3.079178035259246826e-01,-4.561746418476104736e-01,-1.089871525764465332e+00,-1.508722901344299316e+00,-1.638393163681030273e+00,-1.420597076416015625e+00,-8.181384205818176270e-01,1.813128143548965454e-01,1.562998533248901367e+00,3.284597873687744141e+00,5.277584075927734375e+00,7.450377464294433594e+00,9.693140983581542969e+00,1.188395690917968750e+01,1.389602279663085938e+01,1.560544204711914062e+01,1.689911460876464844e+01,1.768224716186523438e+01,1.788498687744140625e+01,1.746773338317871094e+01,1.642477607727050781e+01,1.478597545623779297e+01,1.261631488800048828e+01,1.001333522796630859e+01,7.102514266967773438e+00,4.030838489532470703e+00,9.589148163795471191e-01,-1.947946786880493164e+00,-4.529162883758544922e+00,-6.638265609741210938e+00,-8.151694297790527344e+00,-8.976450920104980469e+00,-9.056158065795898438e+00,-8.375103950500488281e+00,-6.960041522979736328e+00,-4.879553794860839844e+00,-2.241017580032348633e+00,8.147147297859191895e-01,4.120635509490966797e+00,7.492504596710205078e+00,1.073888492584228516e+01,1.367172145843505859e+01,1.611685943603515625e+01,1.792390632629394531e+01,1.897485733032226562e+01,1.919096946716308594e+01,1.853750801086425781e+01,1.702603912353515625e+01,1.471416091918945312e+01,1.170264339447021484e+01,8.130142211914062500e+00,4.165779590606689453e+00,1.031387296531946496e-14
0.000000000000000000e+00,9.814366698265075684e-01,1.889270067214965820e+00,2.655796766281127930e+00,3.224691867828369141e+00,3.555676937103271484e+00,3.628035545349121094e+00,3.442719936370849609e+00,3.022881269454956055e+00,2.412767887115478516e+00,1.675041198730468750e+00,8.866742253303527832e-01,1.336922645568847656e-01,-4.949011206626892090e-01,-9.136090278625488281e-01,-1.046898722648620605e+00,-8.351873755455017090e-01,-2.399362623691558838e-01,7.525172233581542969e-01,2.128681659698486328e+00,3.847383975982666016e+00,5.841079235076904297e+00,8.018961906433105469e+00,1.027172851562500000e+01,1.247773361206054688e+01,1.451016902923583984e+01,1.624485778808593750e+01,1.756814956665039062e+01,1.838445663452148438e+01,1.862291717529296875e+01,1.824274063110351562e+01,1.723690605163574219e+01,1.563386917114257812e+01,1.349720096588134766e+01,1.092305564880371094e+01,8.035614967346191406e+00,4.980708599090576172e+00,1.917973756790161133e+00,-9.880237579345703125e-01,-3.577188491821289062e+00,-5.703263282775878906e+00,-7.242611885070800781e+00,-8.101878166198730469e+00,-8.224048614501953125e+00,-7.592533588409423828e+00,-6.232985019683837891e+00,-4.212715625762939453e+00,-1.637703180313110352e+00,1.352672934532165527e+00,4.592895030975341797e+00,7.900174617767333984e+00,1.108443260192871094e+01,1.395882797241210938e+01,1.635023117065429688e+01,1.810904884338378906e+01,1.911781692504882812e+01,1.929806518554687500e+01,1.861504745483398438e+01,1.708004379272460938e+01,1.475010585784912109e+01,1.172521591186523438e+01,8.143047332763671875e+00,4.171577930450439453e+00,1.032757287620835601e-14
0.000000000000000000e+00,1.017515301704406738e+00,1.962065935134887695e+00,2.766491413116455078e+00,3.374828577041625977e+00,3.746905565261840820e+00,3.861808061599731445e+00,3.719962358474731445e+00,3.343670368194580078e+00,2.776042461395263672e+00,2.078375816345214844e+00,1.326141476631164551e+00,6.038298010826110840e-01,-1.005384838208556175e-03,-4.041111171245574951e-01,-5.308772921562194824e-01,-3.222220242023468018e-01,2.603932023048400879e-01,1.231180191040039062e+00,2.577761173248291016e+00,4.260618686676025391e+00,6.214345455169677734e+00,8.350657463073730469e+00,1.056303310394287109e+01,1.273270988464355469e+01,1.473570346832275391e+01,1.645041847229003906e+01,1.776538467407226562e+01,1.858662414550781250e+01,1.884419441223144531e+01,1.849744606018066406e+01,1.753864669799804688e+01,1.599471187591552734e+01,1.392686843872070312e+01,1.142822170257568359e+01,8.619335174560546875e+00,5.642032146453857422e+00,2.651755571365356445e+00,-1.910846680402755737e-01,-2.730281352996826172e+00,-4.822975158691406250e+00,-6.348235607147216797e+00,-7.214547634124755859e+00,-7.365750789642333984e+00,-6.785041332244873047e+00,-5.496772766113281250e+00,-3.565913438796997070e+00,-1.095149755477905273e+00,1.780224204063415527e+00,4.899373054504394531e+00,8.084550857543945312e+00,1.115082645416259766e+01,1.391633605957031250e+01,1.621250534057617188e+01,1.789361572265625000e+01,1.884520149230957031e+01,1.899073600769042969e+01,1.829626274108886719e+01,1.677264213562011719e+01,1.447531032562255859e+01,1.150152969360351562e+01,7.985271930694580078e+00,4.090038776397705078e+00,1.012513115478163098e-14
0.000000000000000000e+00,1.014339447021484375e+00,1.958377003669738770e+00,2.767375469207763672e+00,3.387332916259765625e+00,3.779388904571533203e+00,3.923152208328247070e+00,3.818703413009643555e+00,3.487115621566772461e+00,2.969442844390869141e+00,2.324218034744262695e+00,1.623618483543395996e+00,9.485384225845336914e-01,3.828898370265960693e-01,7.511964999139308929e-03,-1.059023216366767883e-01,9.955425560474395752e-02,6.611929535865783691e-01,1.593094706535339355e+00,2.883926868438720703e+00,4.496397972106933594e+00,6.368430137634277344e+00,8.416023254394531250e+00,1.053766727447509766e+01,1.262005996704101562e+01,1.454480838775634766e+01,1.619568824768066406e+01,1.746603775024414062e+01,1.826580047607421875e+01,1.852778816223144531e+01,1.821270561218261719e+01,1.731264495849609375e+01,1.585274696350097656e+01,1.389090538024902344e+01,1.151546573638916016e+01,8.841031074523925781e+00,6.002558231353759766e+00,3.148085832595825195e+00,4.304850995540618896e-01,-2.001280546188354492e+00,-4.010881423950195312e+00,-5.482809066772460938e+00,-6.329528331756591797e+00,-6.497148513793945312e+00,-5.969258308410644531e+00,-4.768656253814697266e+00,-2.956847906112670898e+00,-6.313030719757080078e-01,2.079406023025512695e+00,5.022327423095703125e+00,8.028349876403808594e+00,1.092146205902099609e+01,1.352852916717529297e+01,1.568902683258056641e+01,1.726416778564453125e+01,1.814489746093750000e+01,1.825828933715820312e+01,1.757193946838378906e+01,1.609613418579101562e+01,1.388361549377441406e+01,1.102696514129638672e+01,7.653739929199218750e+00,3.919625520706176758e+00,9.702776810358113707e-15
0.000000000000000000e+00,9.744212031364440918e-01,1.883064866065979004e+00,2.665343284606933594e+00,3.270680427551269531e+00,3.662624120712280273e+00,3.821950197219848633e+00,3.748533487319946289e+00,3.461839675903320312e+00,2.999985933303833008e+00,2.417415857315063477e+00,1.781329393386840820e+00,1.167095422744750977e+00,6.529433131217956543e-01,3.142883479595184326e-01,2.180713713169097900e-01,4.175011515617370605e-01,9.475669264793395996e-01,1.821644783020019531e+00,3.029454231262207031e+00,4.536538600921630859e+00,6.285346984863281250e+00,8.197885513305664062e+00,1.017982101440429688e+01,1.212579059600830078e+01,1.392563438415527344e+01,1.547114944458007812e+01,1.666297149658203125e+01,1.741713333129882812e+01,1.767089271545410156e+01,1.738742065429687500e+01,1.655905914306640625e+01,1.520888805389404297e+01,1.339044380187988281e+01,1.118561363220214844e+01,8.700725555419921875e+00,6.061082839965820312e+00,3.404198884963989258e+00,8.721370697021484375e-01,-1.396616220474243164e+00,-3.275264501571655273e+00,-4.656316280364990234e+00,-5.458238124847412109e+00,-5.630737304687500000e+00,-5.158329486846923828e+00,-4.061959266662597656e+00,-2.398543357849121094e+00,-2.584252357482910156e-01,2.239132881164550781e+00,4.952192306518554688e+00,7.723773956298828125e+00,1.039045810699462891e+01,1.279147243499755859e+01,1.477773094177246094e+01,1.622032356262207031e+01,1.701794815063476562e+01,1.710284614562988281e+01,1.644490051269531250e+01,1.505364799499511719e+01,1.297806739807128906e+01,1.030414581298828125e+01,7.150366783142089844e+00,3.661347150802612305e+00,9.063028071889991238e-15
0.000000000000000000e+00,9.010077714920043945e-01,1.742433309555053711e+00,2.469386100769042969e+00,3.036026000976562500e+00,3.409281969070434570e+00,3.571658611297607422e+00,3.522929906845092773e+00,3.280585527420043945e+00,2.878984689712524414e+00,2.367258310317993164e+00,1.806084990501403809e+00,1.263547301292419434e+00,8.103369474411010742e-01,5.146274566650390625e-01,4.369595646858215332e-01,6.254888772964477539e-01,1.111929059028625488e+00,1.908481717109680176e+00,3.005985498428344727e+00,4.373441696166992188e+00,5.958984851837158203e+00,7.692273616790771484e+00,9.488187789916992188e+00,1.125162601470947266e+01,1.288312435150146484e+01,1.428495693206787109e+01,1.536734962463378906e+01,1.605440330505371094e+01,1.628935623168945312e+01,1.603882217407226562e+01,1.529574394226074219e+01,1.408079433441162109e+01,1.244215297698974609e+01,1.045359230041503906e+01,8.210964202880859375e+00,5.827265739440917969e+00,3.426540136337280273e+00,1.136965632438659668e+00,-9.164797067642211914e-01,-2.619338989257812500e+00,-3.874550104141235352e+00,-4.608452796936035156e+00,-4.775557994842529297e+00,-4.361772537231445312e+00,-3.385865688323974609e+00,-1.899060368537902832e+00,1.725814677774906158e-02,2.255606889724731445e+00,4.688034534454345703e+00,7.173007011413574219e+00,9.563168525695800781e+00,1.171353626251220703e+01,1.348965835571289062e+01,1.477527523040771484e+01,1.547901821136474609e+01,1.553977680206298828e+01,1.493039035797119141e+01,1.365946769714355469e+01,1.177119541168212891e+01,9.343144416809082031e+00,6.482202529907226562e+00,3.318831682205200195e+00,8.214882970375946003e-15
0.000000000000000000e+00,7.979470491409301758e-01,1.543966650962829590e+00,2.190215349197387695e+00,2.696728944778442383e+00,3.034657955169677734e+00,3.188713312149047852e+00,3.158640146255493164e+00,2.959607839584350586e+00,2.621474266052246094e+00,2.186961412429809570e+00,1.708849787712097168e+00,1.246373057365417480e+00,8.610458374023437500e-01,6.122010350227355957e-01,5.525385737419128418e-01,7.239888310432434082e-01,1.154181122779846191e+00,1.853769898414611816e+00,2.814823150634765625e+00,4.010406494140625000e+00,5.395425796508789062e+00,6.908705711364746094e+00,8.476204872131347656e+00,1.001518630981445312e+01,1.143910980224609375e+01,1.266293430328369141e+01,1.360852813720703125e+01,1.420981884002685547e+01,1.441737461090087891e+01,1.420209789276123047e+01,1.355778694152832031e+01,1.250236606597900391e+01,1.107768917083740234e+01,9.347874641418457031e+00,7.396259784698486328e+00,5.321102142333984375e+00,3.230279684066772461e+00,1.235277891159057617e+00,-5.551888346672058105e-01,-2.041546106338500977e+00,-3.139338493347167969e+00,-3.784456491470336914e+00,-3.937285423278808594e+00,-3.585512638092041016e+00,-2.745404243469238281e+00,-1.461451053619384766e+00,1.956217139959335327e-01,2.132388830184936523e+00,4.237619876861572266e+00,6.388267040252685547e+00,8.456214904785156250e+00,1.031540489196777344e+01,1.184893703460693359e+01,1.295572471618652344e+01,1.355632877349853516e+01,1.359761714935302734e+01,1.305598926544189453e+01,1.193894577026367188e+01,1.028492832183837891e+01,8.161417007446289062e+00,5.661381244659423828e+00,2.898299217224121094e+00,7.173740564797061181e-15
0.000000000000000000e+00,6.695621013641357422e-01,1.296084165573120117e+00,1.839909076690673828e+00,2.267906427383422852e+00,2.556152582168579102e+00,2.691956996917724609e+00,2.675082445144653320e+00,2.518069028854370117e+00,2.245625019073486328e+00,1.893114805221557617e+00,1.504237413406372070e+00,1.128038406372070312e+00,8.154553771018981934e-01,6.156212687492370605e-01,5.721774697303771973e-01,7.198477983474731445e-01,1.081512570381164551e+00,1.665994763374328613e+00,2.466723442077636719e+00,3.461390256881713867e+00,4.612645626068115234e+00,5.869820594787597656e+00,7.171589374542236328e+00,8.449423789978027344e+00,9.631641387939453125e+00,1.064780426025390625e+01,1.143319034576416016e+01,1.193306732177734375e+01,1.210648250579833984e+01,1.192932415008544922e+01,1.139644145965576172e+01,1.052266502380371094e+01,9.342645645141601562e+00,7.909475803375244141e+00,6.292164802551269531e+00,4.572082519531250000e+00,2.838568687438964844e+00,1.183953642845153809e+00,-3.017234802246093750e-01,-1.535989999771118164e+00,-2.448891878128051758e+00,-2.987321138381958008e+00,-3.118453979492187500e+00,-2.832074165344238281e+00,-2.141632556915283203e+00,-1.083952784538269043e+00,2.824159562587738037e-01,1.880125522613525391e+00,3.617082595825195312e+00,5.391407012939453125e+00,7.097020626068115234e+00,8.629549980163574219e+00,9.892203330993652344e+00,1.080128574371337891e+01,1.129102706909179688e+01,1.131744575500488281e+01,1.086101245880126953e+01,9.927956581115722656e+00,8.550128936767578125e+00,6.783428668975830078e+00,4.704865932464599609e+00,2.408430337905883789e+00,5.961086692893389355e-15
0.000000000000000000e+00,5.205386877059936523e-01,1.007920026779174805e+00,1.431591987609863281e+00,1.766029119491577148e+00,1.992797374725341797e+00,2.102113008499145508e+00,2.093784332275390625e+00,1.977459669113159180e+00,1.772158861160278320e+00,1.505108833312988281e+00,1.209954619407653809e+00,9.244590997695922852e-01,6.878416538238525391e-01,5.379313230514526367e-01,5.083273053169250488e-01,6.257600784301757812e-01,9.078384041786193848e-01,1.361343979835510254e+00,1.981202602386474609e+00,2.750219583511352539e+00,3.639616489410400391e+00,4.610357284545898438e+00,5.615198135375976562e+00,6.601351261138916016e+00,7.513600349426269531e+00,8.297687530517578125e+00,8.903761863708496094e+00,9.289666175842285156e+00,9.423860549926757812e+00,9.287774085998535156e+00,8.877445220947265625e+00,8.204300880432128906e+00,7.295034885406494141e+00,6.190547466278076172e+00,4.943997859954833984e+00,3.618064403533935547e+00,2.281566381454467773e+00,1.005624651908874512e+00,-1.404047310352325439e-01,-1.092993855476379395e+00,-1.798257708549499512e+00,-2.215286970138549805e+00,-2.318796396255493164e+00,-2.100913763046264648e+00,-1.571996688842773438e+00,-7.604045867919921875e-01,2.887689471244812012e-01,1.515951395034790039e+00,2.850213289260864258e+00,4.213088035583496094e+00,5.522875785827636719e+00,6.699191570281982422e+00,7.667490482330322266e+00,8.363315582275390625e+00,8.736019134521484375e+00,8.751734733581542969e+00,8.395434379577636719e+00,7.671927452087402344e+00,6.605762004852294922e+00,5.240007400512695312e+00,3.633995771408081055e+00,1.860137462615966797e+00,4.603920529858661348e-15
0.000000000000000000e+00,3.558283448219299316e-01,6.891328692436218262e-01,9.791594743728637695e-01,1.208568334579467773e+00,1.364835858345031738e+00,1.441314697265625000e+00,1.437871932983398438e+00,1.361058712005615234e+00,1.223790884017944336e+00,1.044558525085449219e+00,8.462104797363281250e-01,6.543918251991271973e-01,4.957360029220581055e-01,3.959312140941619873e-01,3.777914643287658691e-01,4.594643414020538330e-01,6.529005765914916992e-01,9.626960158348083496e-01,1.385392904281616211e+00,1.909300088882446289e+00,2.514858484268188477e+00,3.175542116165161133e+00,3.859250307083129883e+00,4.530117988586425781e+00,5.150631427764892578e+00,5.683931350708007812e+00,6.096151828765869141e+00,6.358656883239746094e+00,6.450023651123046875e+00,6.357642173767089844e+00,6.078825950622558594e+00,5.621345520019531250e+00,5.003343105316162109e+00,4.252610683441162109e+00,3.405268430709838867e+00,2.503904104232788086e+00,1.595275402069091797e+00,7.277032732963562012e-01,-5.169143155217170715e-02,-6.997483968734741211e-01,-1.179859042167663574e+00,-1.464231133460998535e+00,-1.535687327384948730e+00,-1.388881325721740723e+00,-1.030850887298583984e+00,-4.808650016784667969e-01,2.304395884275436401e-01,1.062589526176452637e+00,1.967396497726440430e+00,2.891551971435546875e+00,3.779552221298217773e+00,4.576786994934082031e+00,5.232615470886230469e+00,5.703250408172607422e+00,5.954287528991699219e+00,5.962725639343261719e+00,5.718360424041748047e+00,5.224466800689697266e+00,4.497730731964111328e+00,3.567421913146972656e+00,2.473857641220092773e+00,1.266241908073425293e+00,3.133959436161051250e-15
0.000000000000000000e+00,1.805658489465713501e-01,3.497439026832580566e-01,4.970411658287048340e-01,6.136907339096069336e-01,6.933608055114746094e-01,7.326902747154235840e-01,7.316117882728576660e-01,6.934369206428527832e-01,6.246951818466186523e-01,5.347340106964111328e-01,4.351042211055755615e-01,3.387701213359832764e-01,2.591952681541442871e-01,2.093648016452789307e-01,2.008103877305984497e-01,2.427038699388504028e-01,3.410837352275848389e-01,4.982694387435913086e-01,7.125084996223449707e-01,9.778856039047241211e-01,1.284507393836975098e+00,1.618958115577697754e+00,1.965004324913024902e+00,2.304509162902832031e+00,2.618503332138061523e+00,2.888348579406738281e+00,3.096921920776367188e+00,3.229744434356689453e+00,3.275985717773437500e+00,3.229271650314331055e+00,3.088247060775756836e+00,2.856843709945678711e+00,2.544238328933715820e+00,2.164487123489379883e+00,1.735857367515563965e+00,1.279886126518249512e+00,8.202190399169921875e-01,3.812915384769439697e-01,-1.306810975074768066e-02,-3.410348296165466309e-01,-5.840969681739807129e-01,-7.282013893127441406e-01,-7.646628022193908691e-01,-6.907787322998046875e-01,-5.101093053817749023e-01,-2.323991805315017700e-01,1.268582493066787720e-01,5.471959114074707031e-01,1.004245519638061523e+00,1.471050262451171875e+00,1.919543147087097168e+00,2.322109699249267578e+00,2.653142690658569336e+00,2.890501499176025391e+00,3.016790390014648438e+00,3.020379781723022461e+00,2.896111488342285156e+00,2.645644664764404297e+00,2.277419567108154297e+00,1.806239724159240723e+00,1.252495884895324707e+00,6.410725116729736328e-01,1.586646658445468004e-15
0.000000000000000000e+00,4.456173631660277808e-16,8.631650073721137094e-16,1.226778569815610911e-15,1.514848545946167677e-15,1.711767612556794674e-15,1.809251152148634405e-15,1.807132722747551400e-15,1.713575286745353757e-15,1.544672999535465219e-15,1.323465686678794787e-15,1.078424454873164445e-15,8.415038867515386902e-16,6.458888803027688919e-16,5.235847871970956014e-16,5.030135862214000532e-16,6.067803103368537773e-16,8.497658990586163391e-16,1.237684119011510028e-15,1.766211184637156862e-15,2.420762141495903449e-15,3.176946781750680619e-15,4.001692386338588994e-15,4.854980671908362341e-15,5.692102486646840112e-15,6.466297800217322284e-15,7.131621851494841097e-15,7.645867412234188393e-15,7.973343902169856973e-15,8.087356230936180307e-15,7.972195325493380141e-15,7.624520487897485516e-15,7.054029398361610914e-15,6.283344612841024190e-15,5.347117402174951517e-15,4.290381120037115026e-15,3.166228215077887889e-15,2.032947259562574785e-15,9.507751074142836885e-16,-2.154942642246198385e-17,-8.302258548170844948e-16,-1.429621784859334485e-15,-1.785095890075309895e-15,-1.875239253904480673e-15,-1.693390915128757408e-15,-1.248327935026707566e-15,-5.640733855923247848e-16,3.211796734755597129e-16,1.356977062929253484e-15,2.483248397289563626e-15,3.633542221308716166e-15,4.738671613305558972e-15,5.730564135199289755e-15,6.546096350661676291e-15,7.130690962285808621e-15,7.441467350633411415e-15,7.449759803187031015e-15,7.142853508375433119e-15,6.524841752916224133e-15,5.616531901158705944e-15,4.454418367635330084e-15,3.088769381392087073e-15,1.580930033084448731e-15,3.912771561005832934e-30
