0.000000000000000000e+00,0.000000000000000000e+00,0.000000000000000000e+00,0.000000000000000000e+00,0.000000000000000000e+00,0.000000000000000000e+00,0.000000000000000000e+00,0.000000000000000000e+00,0.000000000000000000e+00,0.000000000000000000e+00,0.000000000000000000e+00,0.000000000000000000e+00,0.000000000000000000e+00,0.000000000000000000e+00,0.000000000000000000e+00,0.000000000000000000e+00,0.000000000000000000e+00,0.000000000000000000e+00,0.000000000000000000e+00,0.000000000000000000e+00,0.000000000000000000e+00,0.000000000000000000e+00,0.000000000000000000e+00,0.000000000000000000e+00,0.000000000000000000e+00,0.000000000000000000e+00,0.000000000000000000e+00,0.000000000000000000e+00,0.000000000000000000e+00,0.000000000000000000e+00,0.000000000000000000e+00,0.000000000000000000e+00,0.000000000000000000e+00,0.000000000000000000e+00,0.000000000000000000e+00,0.000000000000000000e+00,0.000000000000000000e+00,0.000000000000000000e+00,0.000000000000000000e+00,0.000000000000000000e+00,0.000000000000000000e+00,0.000000000000000000e+00,0.000000000000000000e+00,0.000000000000000000e+00,0.000000000000000000e+00,0.000000000000000000e+00,0.000000000000000000e+00,0.000000000000000000e+00,0.000000000000000000e+00,0.000000000000000000e+00,0.000000000000000000e+00,0.000000000000000000e+00,0.000000000000000000e+00,0.000000000000000000e+00,0.000000000000000000e+00,0.000000000000000000e+00,0.000000000000000000e+00,0.000000000000000000e+00,0.000000000000000000e+00,0.000000000000000000e+00,0.000000000000000000e+00,0.000000000000000000e+00,0.000000000000000000e+00,0.000000000000000000e+00
0.000000000000000000e+00,-6.404100060462951660e-01,-1.248641252517700195e+00,-1.794119954109191895e+00,-2.249422073364257812e+00,-2.591696739196777344e+00,-2.803906917572021484e+00,-2.875833988189697266e+00,-2.804785728454589844e+00,-2.595964193344116211e+00,-2.262453079223632812e+00,-1.824799656867980957e+00,-1.310180425643920898e+00,-7.511684298515319824e-01,-1.841308623552322388e-01,3.526772260665893555e-01,8.212411403656005859e-01,1.186028957366943359e+00,1.416222929954528809e+00,1.487803936004638672e+00,1.385350346565246582e+00,1.103415012359619141e+00,6.473683714866638184e-01,3.361178189516067505e-02,-7.108908295631408691e-01,-1.549777626991271973e+00,-2.439116477966308594e+00,-3.329813718795776367e+00,-4.170477867126464844e+00,-4.910571098327636719e+00,-5.503650665283203125e+00,-5.910490036010742188e+00,-6.101858139038085938e+00,-6.060750484466552734e+00,-5.783901691436767578e+00,-5.282440662384033203e+00,-4.581605434417724609e+00,-3.719510316848754883e+00,-2.745004653930664062e+00,-1.714749932289123535e+00,-6.896821856498718262e-01,2.689074575901031494e-01,1.103415012359619141e+00,1.763811230659484863e+00,2.211097955703735352e+00,2.420082092285156250e+00,2.381256103515625000e+00,2.101634979248046875e+00,1.604469180107116699e+00,9.278319478034973145e-01,1.221625208854675293e-01,-7.530806660652160645e-01,-1.633431673049926758e+00,-2.453821182250976562e+00,-3.153064012527465820e+00,-3.678116559982299805e+00,-3.987796783447265625e+00,-4.055698871612548828e+00,-3.872090578079223633e+00,-3.444649219512939453e+00,-2.797979116439819336e+00,-1.971935153007507324e+00,-1.018870949745178223e+00,-2.529509525220330866e-15
0.000000000000000000e+00,-1.216543674468994141e+00,-2.372358560562133789e+00,-3.409712076187133789e+00,-4.276755809783935547e+00,-4.930193424224853516e+00,-5.337622642517089844e+00,-5.479437828063964844e+00,-5.350199699401855469e+00,-4.959368228912353516e+00,-4.331330776214599609e+00,-3.504666328430175781e+00,-2.530627012252807617e+00,-1.470850110054016113e+00,-3.943645656108856201e-01,6.260024309158325195e-01,1.517659187316894531e+00,2.212524652481079102e+00,2.651307344436645508e+00,2.787527084350585938e+00,2.591008424758911133e+00,2.050588369369506836e+00,1.175806879997253418e+00,-2.601924352347850800e-03,-1.433528780937194824e+00,-3.047654628753662109e+00,-4.760903358459472656e+00,-6.479029178619384766e+00,-8.103105545043945312e+00,-9.535584449768066406e+00,-1.068656539916992188e+01,-1.147983837127685547e+01,-1.185829925537109375e+01,-1.178831958770751953e+01,-1.126273727416992188e+01,-1.030219173431396484e+01,-8.954649925231933594e+00,-7.293088912963867188e+00,-5.411409378051757812e+00,-3.418822526931762695e+00,-1.433032631874084473e+00,4.273391962051391602e-01,2.050588369369506836e+00,3.339476108551025391e+00,4.217957973480224609e+00,4.636600971221923828e+00,4.576279163360595703e+00,4.049844741821289062e+00,3.101623296737670898e+00,1.804721713066101074e+00,2.563029825687408447e-01,-1.428871989250183105e+00,-3.126205205917358398e+00,-4.709791660308837891e+00,-6.061122894287109375e+00,-7.077353000640869141e+00,-7.678524017333984375e+00,-7.813243389129638672e+00,-7.462379455566406250e+00,-6.640510559082031250e+00,-5.395005702972412109e+00,-3.802789211273193359e+00,-1.965011477470397949e+00,-4.878587903664813319e-15
0.000000000000000000e+00,-1.668225049972534180e+00,-3.254187107086181641e+00,-4.679598331451416016e+00,-5.873985767364501953e+00,-6.778264045715332031e+00,-7.347896099090576172e+00,-7.555507183074951172e+00,-7.392807483673095703e+00,-6.871695041656494141e+00,-6.024424552917480469e+00,-4.902749538421630859e+00,-3.576001405715942383e+00,-2.128100395202636719e+00,-6.535685062408447266e-01,7.473205327987670898e-01,1.974052667617797852e+00,2.931776523590087891e+00,3.537271976470947266e+00,3.724622011184692383e+00,3.450204372406005859e+00,2.696631431579589844e+00,1.475300192832946777e+00,-1.727151274681091309e-01,-2.177608489990234375e+00,-4.443689823150634766e+00,-6.854070186614990234e+00,-9.276988983154296875e+00,-1.157345390319824219e+01,-1.360575580596923828e+01,-1.524631977081298828e+01,-1.638631629943847656e+01,-1.694341659545898438e+01,-1.686811828613281250e+01,-1.614814949035644531e+01,-1.481053924560546875e+01,-1.292113780975341797e+01,-1.058148288726806641e+01,-7.923170089721679688e+00,-5.099988937377929688e+00,-2.278329133987426758e+00,3.735452294349670410e-01,2.696631431579589844e+00,4.551959514617919922e+00,5.830235958099365234e+00,6.459651947021484375e+00,6.411256313323974609e+00,5.701465606689453125e+00,4.391469001770019531e+00,2.583517074584960938e+00,4.142931997776031494e-01,-1.954202771186828613e+00,-4.345649719238281250e+00,-6.581524372100830078e+00,-8.493494033813476562e+00,-9.935200691223144531e+00,-1.079259300231933594e+01,-1.099204444885253906e+01,-1.050567722320556641e+01,-9.353466033935546875e+00,-7.601978778839111328e+00,-5.359801292419433594e+00,-2.769979953765869141e+00,-6.877444628199244278e-15
0.000000000000000000e+00,-1.943224668502807617e+00,-3.792588233947753906e+00,-5.458598136901855469e+00,-6.860376358032226562e+00,-7.929645061492919922e+00,-8.614319801330566406e+00,-8.881555557250976562e+00,-8.720082283020019531e+00,-8.141672134399414062e+00,-7.181591033935546875e+00,-5.897902488708496094e+00,-4.369531631469726562e+00,-2.693076610565185547e+00,-9.783962965011596680e-01,6.568946838378906250e-01,2.093805074691772461e+00,3.218923330307006836e+00,3.931568861007690430e+00,4.150705814361572266e+00,3.821149110794067383e+00,2.918595552444458008e+00,1.453050136566162109e+00,-5.297131538391113281e-01,-2.948903799057006836e+00,-5.691795349121093750e+00,-8.619091033935546875e+00,-1.157236099243164062e+01,-1.438317298889160156e+01,-1.688339996337890625e+01,-1.891604804992675781e+01,-2.034589576721191406e+01,-2.106918907165527344e+01,-2.102166175842285156e+01,-2.018424034118652344e+01,-1.858594703674316406e+01,-1.630363273620605469e+01,-1.345846652984619141e+01,-1.020927524566650391e+01,-6.743089199066162109e+00,-3.263474702835083008e+00,2.261940948665142059e-02,2.918595552444458008e+00,5.251579761505126953e+00,6.884467124938964844e+00,7.725754261016845703e+00,7.736402988433837891e+00,6.933180809020996094e+00,5.388166427612304688e+00,3.224377632141113281e+00,6.077645421028137207e-01,-2.263917446136474609e+00,-5.174608230590820312e+00,-7.904885292053222656e+00,-1.024728584289550781e+01,-1.202092361450195312e+01,-1.308432960510253906e+01,-1.334559154510498047e+01,-1.276902008056640625e+01,-1.137785625457763672e+01,-9.252783775329589844e+00,-6.526349544525146484e+00,-3.373655319213867188e+00,-8.376929690548113455e-15
0.000000000000000000e+00,-2.000614166259765625e+00,-3.907959938049316406e+00,-5.632817745208740234e+00,-7.093991756439208984e+00,-8.222119331359863281e+00,-8.963214874267578125e+00,-9.281804084777832031e+00,-9.163499832153320312e+00,-8.616831779479980469e+00,-7.674147605895996094e+00,-6.391409397125244141e+00,-4.846740245819091797e+00,-3.137632369995117188e+00,-1.376805782318115234e+00,3.132087290287017822e-01,1.806571602821350098e+00,2.981436014175415039e+00,3.727657556533813477e+00,3.954443931579589844e+00,3.597421407699584961e+00,2.624582052230834961e+00,1.040595531463623047e+00,-1.110956192016601562e+00,-3.747752904891967773e+00,-6.751503467559814453e+00,-9.973308563232421875e+00,-1.324143981933593750e+01,-1.637114524841308594e+01,-1.917593002319335938e+01,-2.147961425781250000e+01,-2.312833213806152344e+01,-2.400166320800781250e+01,-2.402200698852539062e+01,-2.316148376464843750e+01,-2.144572448730468750e+01,-1.895414733886718750e+01,-1.581654357910156250e+01,-1.220606899261474609e+01,-8.328988075256347656e+00,-4.411797523498535156e+00,-6.865575909614562988e-01,2.624582052230834961e+00,5.324574470520019531e+00,7.255284786224365234e+00,8.308892250061035156e+00,8.436001777648925781e+00,7.649806499481201172e+00,6.025915145874023438e+00,3.697773456573486328e+00,8.479209542274475098e-01,-2.304346561431884766e+00,-5.518078327178955078e+00,-8.547478675842285156e+00,-1.115922546386718750e+01,-1.314905261993408203e+01,-1.435638332366943359e+01,-1.467592144012451172e+01,-1.406535434722900391e+01,-1.254855728149414062e+01,-1.021405315399169922e+01,-7.208801269531250000e+00,-3.727767467498779297e+00,-9.257291690210976004e-15
0.000000000000000000e+00,-1.813421010971069336e+00,-3.547793626785278320e+00,-5.127003669738769531e+00,-6.480824470520019531e+00,-7.547890663146972656e+00,-8.278649330139160156e+00,-8.638213157653808594e+00,-8.608965873718261719e+00,-8.192751884460449219e+00,-7.412409782409667969e+00,-6.312436103820800781e+00,-4.958545207977294922e+00,-3.435954332351684570e+00,-1.846278071403503418e+00,-3.030324280261993408e-01,1.074158430099487305e+00,2.166414260864257812e+00,2.863163232803344727e+00,3.069954633712768555e+00,2.715985059738159180e+00,1.760751366615295410e+00,1.992540210485458374e-01,-1.934775114059448242e+00,-4.568044185638427734e+00,-7.589544773101806641e+00,-1.085515785217285156e+01,-1.419490432739257812e+01,-1.742251014709472656e+01,-2.034674644470214844e+01,-2.278384399414062500e+01,-2.457013130187988281e+01,-2.557398986816406250e+01,-2.570622444152832031e+01,-2.492798042297363281e+01,-2.325553703308105469e+01,-2.076143264770507812e+01,-1.757172393798828125e+01,-1.385935115814208984e+01,-9.833991050720214844e+00,-5.728960514068603516e+00,-1.786039710044860840e+00,1.760751366615295410e+00,4.701278686523437500e+00,6.864140033721923828e+00,8.129110336303710938e+00,8.436220169067382812e+00,7.790724277496337891e+00,6.263496398925781250e+00,3.986748695373535156e+00,1.145280718803405762e+00,-2.036165237426757812e+00,-5.308576583862304688e+00,-8.416268348693847656e+00,-1.111513137817382812e+01,-1.319020080566406250e+01,-1.447123908996582031e+01,-1.484517860412597656e+01,-1.426445674896240234e+01,-1.275063133239746094e+01,-1.039295101165771484e+01,-7.341979026794433594e+00,-3.798714637756347656e+00,-9.435172844299115347e-15
0.000000000000000000e+00,-1.370417118072509766e+00,-2.690148115158081055e+00,-3.909506082534790039e+00,-4.980963706970214844e+00,-5.860600948333740234e+00,-6.509916782379150391e+00,-6.897995948791503906e+00,-7.003942966461181641e+00,-6.819406032562255859e+00,-6.350937366485595703e+00,-5.621895790100097656e+00,-4.673573493957519531e+00,-3.565242528915405273e+00,-2.372892141342163086e+00,-1.186499714851379395e+00,-1.058205664157867432e-01,7.651910781860351562e-01,1.325059890747070312e+00,1.482164382934570312e+00,1.162288427352905273e+00,3.157539665699005127e-01,-1.076494812965393066e+00,-2.998455286026000977e+00,-5.396802902221679688e+00,-8.181185722351074219e+00,-1.122728824615478516e+01,-1.438265132904052734e+01,-1.747504043579101562e+01,-2.032287216186523438e+01,-2.274709129333496094e+01,-2.458362960815429688e+01,-2.569559288024902344e+01,-2.598417663574218750e+01,-2.539745140075683594e+01,-2.393621444702148438e+01,-2.165631675720214844e+01,-1.866714668273925781e+01,-1.512617588043212891e+01,-1.122982978820800781e+01,-7.201229095458984375e+00,-3.275581121444702148e+00,3.157539665699005127e-01,3.361374616622924805e+00,5.684938430786132812e+00,7.158086776733398438e+00,7.710180759429931641e+00,7.334039211273193359e+00,6.087165832519531250e+00,4.088282108306884766e+00,1.509336709976196289e+00,-1.436487674713134766e+00,-4.509932994842529297e+00,-7.462900161743164062e+00,-1.005649185180664062e+01,-1.207852268218994141e+01,-1.335916996002197266e+01,-1.378358268737792969e+01,-1.330046081542968750e+01,-1.192595291137695312e+01,-9.742532730102539062e+00,-6.892921924591064453e+00,-3.569503307342529297e+00,-8.868411240830001430e-15
0.000000000000000000e+00,-6.769337058067321777e-01,-1.345234513282775879e+00,-1.994547963142395020e+00,-2.611420869827270508e+00,-3.178568601608276367e+00,-3.675005435943603516e+00,-4.077144622802734375e+00,-4.360846996307373047e+00,-4.504260540008544922e+00,-4.491175651550292969e+00,-4.314520359039306641e+00,-3.979571580886840820e+00,-3.506428480148315430e+00,-2.931349992752075195e+00,-2.306623697280883789e+00,-1.698777079582214355e+00,-1.185080170631408691e+00,-8.484792113304138184e-01,-7.712606787681579590e-01,-1.027907848358154297e+00,-1.677731752395629883e+00,-2.757933139801025391e+00,-4.277767658233642578e+00,-6.214444160461425781e+00,-8.511271476745605469e+00,-1.107842254638671875e+01,-1.379645252227783203e+01,-1.652251625061035156e+01,-1.909894561767578125e+01,-2.136366081237792969e+01,-2.316168975830078125e+01,-2.435691642761230469e+01,-2.484314155578613281e+01,-2.455351066589355469e+01,-2.346750640869140625e+01,-2.161477279663085938e+01,-1.907538223266601562e+01,-1.597630500793457031e+01,-1.248425006866455078e+01,-8.795247077941894531e+00,-5.121687889099121094e+00,-1.677731752395629883e+00,1.335846900939941406e+00,3.746218681335449219e+00,5.421327114105224609e+00,6.279953002929687500e+00,6.298182487487792969e+00,5.511696815490722656e+00,4.013639926910400391e+00,1.948137402534484863e+00,-5.000914931297302246e-01,-3.119293212890625000e+00,-5.686402797698974609e+00,-7.983740806579589844e+00,-9.815412521362304688e+00,-1.102213382720947266e+01,-1.149332618713378906e+01,-1.117552852630615234e+01,-1.007645416259765625e+01,-8.264354705810546875e+00,-5.862713813781738281e+00,-3.040688514709472656e+00,-7.558379920211133474e-15
0.000000000000000000e+00,2.453537881374359131e-01,4.449958205223083496e-01,5.583520531654357910e-01,5.545585751533508301e-01,4.159610271453857422e-01,1.401440203189849854e-01,-2.597539722919464111e-01,-7.565068602561950684e-01,-1.311926364898681641e+00,-1.881347298622131348e+00,-2.419020652770996094e+00,-2.883857488632202148e+00,-3.244908809661865234e+00,-3.485979795455932617e+00,-3.608833312988281250e+00,-3.634578227996826172e+00,-3.602989435195922852e+00,-3.569718837738037109e+00,-3.601558208465576172e+00,-3.770120859146118164e+00,-4.144479751586914062e+00,-4.783429145812988281e+00,-5.728104114532470703e+00,-6.995696544647216797e+00,-8.574935913085937500e+00,-1.042386531829833984e+01,-1.247027778625488281e+01,-1.461491012573242188e+01,-1.673728752136230469e+01,-1.870384597778320312e+01,-2.037773132324218750e+01,-2.162952423095703125e+01,-2.234799385070800781e+01,-2.244999313354492188e+01,-2.188857460021972656e+01,-2.065860557556152344e+01,-1.879928588867187500e+01,-1.639325523376464844e+01,-1.356222534179687500e+01,-1.045937538146972656e+01,-7.259049892425537109e+00,-4.144479751586914062e+00,-1.294499993324279785e+00,1.129713773727416992e+00,2.996809959411621094e+00,4.215331077575683594e+00,4.740842342376708984e+00,4.579493999481201172e+00,3.787685632705688477e+00,2.467797517776489258e+00,7.602911591529846191e-01,-1.167228817939758301e+00,-3.133139133453369141e+00,-4.956074714660644531e+00,-6.469213485717773438e+00,-7.533419609069824219e+00,-8.048183441162109375e+00,-7.959459304809570312e+00,-7.263761997222900391e+00,-6.008176803588867188e+00,-4.286276340484619141e+00,-2.230267047882080078e+00,-5.549723024476970260e-15
0.000000000000000000e+00,1.359654784202575684e+00,2.609231948852539062e+00,3.647760152816772461e+00,4.391665935516357422e+00,4.781507968902587891e+00,4.786555290222167969e+00,4.406805515289306641e+00,3.672269105911254883e+00,2.639600992202758789e+00,1.386392354965209961e+00,3.658192465081810951e-03,-1.412787079811096191e+00,-2.771267890930175781e+00,-3.992673397064208984e+00,-5.017593860626220703e+00,-5.811502933502197266e+00,-6.367506980895996094e+00,-6.706398963928222656e+00,-6.874006271362304688e+00,-6.936071395874023438e+00,-6.971138477325439453e+00,-7.062092781066894531e+00,-7.287154674530029297e+00,-7.711156368255615234e+00,-8.377945899963378906e+00,-9.304636955261230469e+00,-1.047829151153564453e+01,-1.185537433624267578e+01,-1.336411285400390625e+01,-1.490958404541015625e+01,-1.638113784790039062e+01,-1.766153144836425781e+01,-1.863699722290039062e+01,-1.920734786987304688e+01,-1.929523468017578125e+01,-1.885371208190917969e+01,-1.787142562866210938e+01,-1.637490463256835938e+01,-1.442772197723388672e+01,-1.212652969360351562e+01,-9.594278335571289062e+00,-6.971138477325439453e+00,-4.403885841369628906e+00,-2.034630775451660156e+00,1.016650628298521042e-02,1.629452347755432129e+00,2.755285501480102539e+00,3.357826709747314453e+00,3.447186231613159180e+00,3.071966886520385742e+00,2.314625740051269531e+00,1.284052014350891113e+00,1.059985533356666565e-01,-1.087811827659606934e+00,-2.170965671539306641e+00,-3.033054113388061523e+00,-3.588865041732788086e+00,-3.785280227661132812e+00,-3.605293512344360352e+00,-3.068805456161499023e+00,-2.230143547058105469e+00,-1.172530889511108398e+00,-2.927503202080814458e-15
0.000000000000000000e+00,2.616234302520751953e+00,5.051011085510253906e+00,7.136313438415527344e+00,8.729922294616699219e+00,9.725705146789550781e+00,1.006100749969482422e+01,9.720582008361816406e+00,8.736758232116699219e+00,7.185884952545166016e+00,5.181359291076660156e+00,2.863877773284912109e+00,3.897163271903991699e-01,-2.081950187683105469e+00,-4.401645660400390625e+00,-6.441065311431884766e+00,-8.102492332458496094e+00,-9.325419425964355469e+00,-1.008987712860107422e+01,-1.041624355316162109e+01,-1.036165046691894531e+01,-1.001332759857177734e+01,-9.479547500610351562e+00,-8.878973007202148438e+00,-8.329370498657226562e+00,-7.936663150787353516e+00,-7.785285472869873047e+00,-7.930633544921875000e+00,-8.394246101379394531e+00,-9.162084579467773438e+00,-1.018601417541503906e+01,-1.138830184936523438e+01,-1.266869544982910156e+01,-1.391342735290527344e+01,-1.500531959533691406e+01,-1.583410549163818359e+01,-1.630605316162109375e+01,-1.635207366943359375e+01,-1.593362236022949219e+01,-1.504593658447265625e+01,-1.371834850311279297e+01,-1.201173305511474609e+01,-1.001332759857177734e+01,-7.829464435577392578e+00,-5.576868057250976562e+00,-3.373311281204223633e+00,-1.328460335731506348e+00,4.642962813377380371e-01,1.934355258941650391e+00,3.038213968276977539e+00,3.761284589767456055e+00,4.117128849029541016e+00,4.144271373748779297e+00,3.900965690612792969e+00,3.458472013473510742e+00,2.893523693084716797e+00,2.280721902847290039e+00,1.685587048530578613e+00,1.158917069435119629e+00,7.329632043838500977e-01,4.197476804256439209e-01,2.116355746984481812e-01,8.404859900474548340e-02,1.880412216462260693e-16
0.000000000000000000e+00,3.955391645431518555e+00,7.654494762420654297e+00,1.085894012451171875e+01,1.336484718322753906e+01,1.501679420471191406e+01,1.571815872192382812e+01,1.543706321716308594e+01,1.420752143859863281e+01,1.212574958801269531e+01,9.341974258422851562e+00,6.048427581787109375e+00,2.464489221572875977e+00,-1.179839611053466797e+00,-4.660843849182128906e+00,-7.777090549468994141e+00,-1.036330223083496094e+01,-1.230109882354736328e+01,-1.352585697174072266e+01,-1.402925491333007812e+01,-1.385742092132568359e+01,-1.310496139526367188e+01,-1.190543937683105469e+01,-1.041916084289550781e+01,-8.819316864013671875e+00,-7.277606487274169922e+00,-5.950507164001464844e+00,-4.967249393463134766e+00,-4.420393466949462891e+00,-4.359666824340820312e+00,-4.789434432983398438e+00,-5.669882774353027344e+00,-6.921674251556396484e+00,-8.433583259582519531e+00,-1.007237339019775391e+01,-1.169405937194824219e+01,-1.315557670593261719e+01,-1.432592773437500000e+01,-1.509592723846435547e+01,-1.538584613800048828e+01,-1.515043354034423828e+01,-1.438106060028076172e+01,-1.310496139526367188e+01,-1.138179969787597656e+01,-9.297982215881347656e+00,-6.959328174591064453e+00,-4.482778072357177734e+00,-1.987881660461425781e+00,4.112367630004882812e-01,2.612821578979492188e+00,4.532866954803466797e+00,6.108637809753417969e+00,7.300219535827636719e+00,8.090182304382324219e+00,8.481600761413574219e+00,8.494814872741699219e+00,8.163397789001464844e+00,7.529831409454345703e+00,6.641373634338378906e+00,5.546526432037353516e+00,4.292411804199218750e+00,2.923223018646240234e+00,1.479770779609680176e+00,3.648818036995973846e-15
0.000000000000000000e+00,5.311065673828125000e+00,1.029146003723144531e+01,1.463281822204589844e+01,1.806977462768554688e+01,2.039756202697753906e+01,2.148526763916015625e+01,2.128380012512207031e+01,1.982805061340332031e+01,1.723315238952636719e+01,1.368516445159912109e+01,9.426924705505371094e+00,4.740174770355224609e+00,-7.469518482685089111e-02,-4.719782352447509766e+00,-8.920129776000976562e+00,-1.244204235076904297e+01,-1.510798358917236328e+01,-1.680703926086425781e+01,-1.750031852722167969e+01,-1.722099876403808594e+01,-1.606920814514160156e+01,-1.420221519470214844e+01,-1.182082843780517578e+01,-9.153100013732910156e+00,-6.436620712280273438e+00,-3.900751590728759766e+00,-1.750106215476989746e+00,-1.504440009593963623e-01,7.820739150047302246e-01,9.876057505607604980e-01,4.649924933910369873e-01,-7.302345633506774902e-01,-2.491874217987060547e+00,-4.672492027282714844e+00,-7.095433712005615234e+00,-9.568427085876464844e+00,-1.189771080017089844e+01,-1.390165424346923828e+01,-1.542290687561035156e+01,-1.633830833435058594e+01,-1.656596946716308594e+01,-1.606920814514160156e+01,-1.485724449157714844e+01,-1.298283863067626953e+01,-1.053723335266113281e+01,-7.642950057983398438e+00,-4.445083141326904297e+00,-1.101808905601501465e+00,2.225207328796386719e+00,5.379870891571044922e+00,8.219655036926269531e+00,1.062215137481689453e+01,1.248993778228759766e+01,1.375367259979248047e+01,1.437348461151123047e+01,1.433880996704101562e+01,1.366694736480712891e+01,1.240060234069824219e+01,1.060474014282226562e+01,8.363012313842773438e+00,5.773981094360351562e+00,2.947310924530029297e+00,7.287824891363901131e-15
0.000000000000000000e+00,6.614843845367431641e+00,1.282907962799072266e+01,1.826845169067382812e+01,2.260956764221191406e+01,2.560087394714355469e+01,2.707861137390136719e+01,2.697673034667968750e+01,2.533004379272460938e+01,2.227051162719726562e+01,1.801697349548339844e+01,1.285910892486572266e+01,7.136826038360595703e+00,1.216605067253112793e+00,-4.533540725708007812e+00,-9.768683433532714844e+00,-1.418948364257812500e+01,-1.756104278564453125e+01,-1.972687149047851562e+01,-2.061709976196289062e+01,-2.025050544738769531e+01,-1.873036384582519531e+01,-1.623457908630371094e+01,-1.300093460083007812e+01,-9.308660507202148438e+00,-5.457674980163574219e+00,-1.747056245803833008e+00,1.545740604400634766e+00,4.183498382568359375e+00,5.984457969665527344e+00,6.833203315734863281e+00,6.686614513397216797e+00,5.574651718139648438e+00,3.596117734909057617e+00,9.098785519599914551e-01,-2.277675867080688477e+00,-5.727924823760986328e+00,-9.186916351318359375e+00,-1.240266513824462891e+01,-1.514168739318847656e+01,-1.720370864868164062e+01,-1.843366432189941406e+01,-1.873036384582519531e+01,-1.805142021179199219e+01,-1.641432571411132812e+01,-1.389384460449218750e+01,-1.061605358123779297e+01,-6.749623775482177734e+00,-2.495018243789672852e+00,1.927633404731750488e+00,6.291184425354003906e+00,1.037391185760498047e+01,1.397107124328613281e+01,1.690501213073730469e+01,1.903342628479003906e+01,2.025546455383300781e+01,2.051555633544921875e+01,1.980494689941406250e+01,1.816101264953613281e+01,1.566457843780517578e+01,1.243542480468750000e+01,8.626305580139160156e+00,4.415757656097412109e+00,1.092916616853446127e-14
0.000000000000000000e+00,7.800132274627685547e+00,1.513800621032714844e+01,2.158119392395019531e+01,2.675489997863769531e+01,3.036583709716796875e+01,3.222059249877929688e+01,3.223722457885742188e+01,3.044937324523925781e+01,2.700267410278320312e+01,2.214374351501464844e+01,1.620261764526367188e+01,9.569868087768554688e+00,2.670056819915771484e+00,-4.066649913787841797e+00,-1.023272132873535156e+01,-1.546946048736572266e+01,-1.948940658569335938e+01,-2.209350395202636719e+01,-2.318196296691894531e+01,-2.275822257995605469e+01,-2.092588424682617188e+01,-1.787900733947753906e+01,-1.388657283782958984e+01,-9.272294998168945312e+00,-4.391313552856445312e+00,3.946228623390197754e-01,4.741734504699707031e+00,8.346913337707519531e+00,1.096708011627197266e+01,1.243398666381835938e+01,1.266362190246582031e+01,1.165976333618164062e+01,9.511606216430664062e+00,6.385845184326171875e+00,2.513886690139770508e+00,-1.824794411659240723e+00,-6.321942806243896484e+00,-1.066112041473388672e+01,-1.453824234008789062e+01,-1.768075752258300781e+01,-1.986430168151855469e+01,-2.092588424682617188e+01,-2.077292823791503906e+01,-1.938777923583984375e+01,-1.682755661010742188e+01,-1.321960067749023438e+01,-8.752894401550292969e+00,-3.666192770004272461e+00,1.766376972198486328e+00,7.251291751861572266e+00,1.249224853515625000e+01,1.720647621154785156e+01,2.113988494873046875e+01,2.408029365539550781e+01,2.586813926696777344e+01,2.640419769287109375e+01,2.565406417846679688e+01,2.364927291870117188e+01,2.048509216308593750e+01,1.631524658203125000e+01,1.134382057189941406e+01,5.814838886260986328e+00,1.439853519345692806e-14
0.000000000000000000e+00,8.806225776672363281e+00,1.710027885437011719e+01,2.440251541137695312e+01,3.029619216918945312e+01,3.445363616943359375e+01,3.665650177001953125e+01,3.680878448486328125e+01,3.494178390502929688e+01,3.121069908142089844e+01,2.588319969177246094e+01,1.932077980041503906e+01,1.195420837402343750e+01,4.254797935485839844e+00,-3.296579122543334961e+00,-1.024059963226318359e+01,-1.616868019104003906e+01,-2.074833679199218750e+01,-2.374306869506835938e+01,-2.502558135986328125e+01,-2.458355903625488281e+01,-2.251775550842285156e+01,-1.903269767761230469e+01,-1.442075634002685547e+01,-9.040774345397949219e+00,-3.292809724807739258e+00,2.409275770187377930e+00,7.665510177612304688e+00,1.211596298217773438e+01,1.546367359161376953e+01,1.749293518066406250e+01,1.808185768127441406e+01,1.720852661132812500e+01,1.495054244995117188e+01,1.147811985015869141e+01,7.041383266448974609e+00,1.952803492546081543e+00,-3.433959007263183594e+00,-8.747375488281250000e+00,-1.362200927734375000e+01,-1.772159767150878906e+01,-2.075985145568847656e+01,-2.251775550842285156e+01,-2.285640525817871094e+01,-2.172474098205566406e+01,-1.916183280944824219e+01,-1.529377079010009766e+01,-1.032544612884521484e+01,-4.527892589569091797e+00,1.778000235557556152e+00,8.240351676940917969e+00,1.449660205841064453e+01,2.019411087036132812e+01,2.500986862182617188e+01,2.866830635070800781e+01,3.095623207092285156e+01,3.173420524597167969e+01,3.094379425048828125e+01,2.861040115356445312e+01,2.484162712097167969e+01,1.982127952575683594e+01,1.379943656921386719e+01,7.079072952270507812e+00,1.753351424552823667e-14
0.000000000000000000e+00,9.582033157348632812e+00,1.861654472351074219e+01,2.659030342102050781e+01,3.305641555786132812e+01,3.766202163696289062e+01,4.016989135742187500e+01,4.047243499755859375e+01,3.859737014770507812e+01,3.470462417602539062e+01,2.907480049133300781e+01,2.208999061584472656e+01,1.420828247070312500e+01,5.933677196502685547e+00,-2.216567993164062500e+00,-9.745001792907714844e+00,-1.620528793334960938e+01,-2.122974586486816406e+01,-2.455136108398437500e+01,-2.601893424987792969e+01,-2.560447311401367188e+01,-2.340247726440429688e+01,-1.962130165100097656e+01,-1.456729507446289062e+01,-8.622873306274414062e+00,-2.220076799392700195e+00,4.188599586486816406e+00,1.016015625000000000e+01,1.528986454010009766e+01,1.923702049255371094e+01,2.174610519409179688e+01,2.266204643249511719e+01,2.193875312805175781e+01,1.964049148559570312e+01,1.593617916107177734e+01,1.108709049224853516e+01,5.428884983062744141e+00,-6.507761478424072266e-01,-6.737556457519531250e+00,-1.241705799102783203e+01,-1.730105590820312500e+01,-2.105173301696777344e+01,-2.340247726440429688e+01,-2.417404365539550781e+01,-2.328517341613769531e+01,-2.075717735290527344e+01,-1.671226692199707031e+01,-1.136591339111328125e+01,-5.013729572296142578e+00,1.986205935478210449e+00,9.234518051147460938e+00,1.631389617919921875e+01,2.281328392028808594e+01,2.835150527954101562e+01,3.259901046752929688e+01,3.529652786254882812e+01,3.626966094970703125e+01,3.543861770629882812e+01,3.282264709472656250e+01,2.853893470764160156e+01,2.279611778259277344e+01,1.588278293609619141e+01,8.151602745056152344e+00,2.019308419749180766e-14
0.000000000000000000e+00,1.008922481536865234e+01,1.961218261718750000e+01,2.803759193420410156e+01,3.490189361572265625e+01,3.983763504028320312e+01,4.259566879272460938e+01,4.305980300903320312e+01,4.125295257568359375e+01,3.733443832397460938e+01,3.158871841430664062e+01,2.440624237060546875e+01,1.625782394409179688e+01,7.664138317108154297e+00,-8.375730514526367188e-01,-8.727478027343750000e+00,-1.553558158874511719e+01,-2.087056159973144531e+01,-2.444318962097167969e+01,-2.608290672302246094e+01,-2.574657630920410156e+01,-2.351895141601562500e+01,-1.960496139526367188e+01,-1.431440448760986328e+01,-8.040160179138183594e+00,-1.231407761573791504e+00,5.636357307434082031e+00,1.209253406524658203e+01,1.770184898376464844e+01,2.209206962585449219e+01,2.497727394104003906e+01,2.617527770996093750e+01,2.561817741394042969e+01,2.335547447204589844e+01,1.954967498779296875e+01,1.446476364135742188e+01,8.448385238647460938e+00,1.908944368362426758e+00,-4.710887908935546875e+00,-1.096254062652587891e+01,-1.642001914978027344e+01,-2.070671653747558594e+01,-2.351895141601562500e+01,-2.464482116699218750e+01,-2.397729301452636719e+01,-2.152080917358398438e+01,-1.739108085632324219e+01,-1.180816841125488281e+01,-5.083329200744628906e+00,2.399512767791748047e+00,1.020653152465820312e+01,1.787962150573730469e+01,2.496334266662597656e+01,3.103161811828613281e+01,3.571264266967773438e+01,3.871055984497070312e+01,3.982271957397460938e+01,3.895151901245117188e+01,3.611022186279296875e+01,3.142241477966308594e+01,2.511521148681640625e+01,1.750656890869140625e+01,8.987469673156738281e+00,2.226574840843466296e-14
0.000000000000000000e+00,1.030461215972900391e+01,2.004191398620605469e+01,2.867915916442871094e+01,3.575053787231445312e+01,4.088533401489257812e+01,4.383004760742187500e+01,4.446316909790039062e+01,4.280163955688476562e+01,3.899864959716796875e+01,3.333295822143554688e+01,2.619045257568359375e+01,1.803917121887207031e+01,9.399411201477050781e+00,8.108446002006530762e-01,-7.201239109039306641e+00,-1.415842056274414062e+01,-1.965833282470703125e+01,-2.339870643615722656e+01,-2.519481658935546875e+01,-2.498929023742675781e+01,-2.285373115539550781e+01,-1.898215866088867188e+01,-1.367675685882568359e+01,-7.326940536499023438e+00,-3.831232488155364990e-01,6.673063755035400391e+00,1.336019420623779297e+01,1.922808265686035156e+01,2.388648986816406250e+01,2.702968788146972656e+01,2.845539474487304688e+01,2.807693290710449219e+01,2.592793273925781250e+01,2.215933799743652344e+01,1.702899742126464844e+01,1.088457298278808594e+01,4.140878200531005859e+00,-2.746877908706665039e+00,-9.312233924865722656e+00,-1.510718727111816406e+01,-1.973062515258789062e+01,-2.285373115539550781e+01,-2.424082183837890625e+01,-2.376438522338867188e+01,-2.141341209411621094e+01,-1.729457855224609375e+01,-1.162623500823974609e+01,-4.725618362426757812e+00,3.009930849075317383e+00,1.112656497955322266e+01,1.914092636108398438e+01,2.656891250610351562e+01,3.295449829101562500e+01,3.789689636230468750e+01,4.107448959350585938e+01,4.226408386230468750e+01,4.135442733764648438e+01,3.835314941406250000e+01,3.338678359985351562e+01,2.669386482238769531e+01,1.861148262023925781e+01,9.556144714355468750e+00,2.367579907353121321e-14
0.000000000000000000e+00,1.022161006927490234e+01,1.989265823364257812e+01,2.849560546875000000e+01,3.557691192626953125e+01,4.077404022216796875e+01,4.383681488037109375e+01,4.464181518554687500e+01,4.319896316528320312e+01,3.964988708496093750e+01,3.425818634033203125e+01,2.739228820800781250e+01,1.950196266174316406e+01,1.108999061584472656e+01,2.680798530578613281e+00,-5.211981773376464844e+00,-1.211699199676513672e+01,-1.763370513916015625e+01,-2.145630455017089844e+01,-2.339141273498535156e+01,-2.336863136291503906e+01,-2.144326400756835938e+01,-1.779111671447753906e+01,-1.269579029083251953e+01,-6.529283523559570312e+00,2.727862596511840820e-01,7.239769935607910156e+00,1.389653587341308594e+01,1.979405784606933594e+01,2.453810310363769531e+01,2.781423950195312500e+01,2.940760803222656250e+01,2.921623992919921875e+01,2.725714111328125000e+01,2.366477203369140625e+01,1.868209457397460938e+01,1.264474391937255859e+01,5.959375858306884766e+00,-9.224407672882080078e-01,-7.533142566680908203e+00,-1.341908454895019531e+01,-1.816957855224609375e+01,-2.144326400756835938e+01,-2.299017143249511719e+01,-2.266811752319335938e+01,-2.045244407653808594e+01,-1.643847846984863281e+01,-1.083659839630126953e+01,-3.960189819335937500e+00,3.792761325836181641e+00,1.196332168579101562e+01,2.005906295776367188e+01,2.758365631103515625e+01,3.406681823730468750e+01,3.909278869628906250e+01,4.232563400268554688e+01,4.352985000610351562e+01,4.258502197265625000e+01,3.949364852905273438e+01,3.438168716430664062e+01,2.749174690246582031e+01,1.916936492919921875e+01,9.843149185180664062e+00,2.438735757120166076e-14
0.000000000000000000e+00,9.850694656372070312e+00,1.918442153930664062e+01,2.751465415954589844e+01,3.441389465332031250e+01,3.953868103027343750e+01,4.264949035644531250e+01,4.362433624267578125e+01,4.246525573730468750e+01,3.929727554321289062e+01,3.436000442504882812e+01,2.799230766296386719e+01,2.061106681823730469e+01,1.268534946441650391e+01,4.707561492919921875e+00,-2.836631536483764648e+00,-9.497749328613281250e+00,-1.488951778411865234e+01,-1.871180915832519531e+01,-2.076809501647949219e+01,-2.097637367248535156e+01,-1.937290954589843750e+01,-1.610860061645507812e+01,-1.143820571899414062e+01,-5.703163623809814453e+00,6.909315586090087891e-01,7.300758838653564453e+00,1.367393493652343750e+01,1.937812423706054688e+01,2.402875900268554688e+01,2.731363677978515625e+01,2.901285934448242188e+01,2.901285934448242188e+01,2.731363677978515625e+01,2.402875900268554688e+01,1.937812423706054688e+01,1.367393493652343750e+01,7.300758838653564453e+00,6.909315586090087891e-01,-5.703163623809814453e+00,-1.143820571899414062e+01,-1.610860061645507812e+01,-1.937290954589843750e+01,-2.097637367248535156e+01,-2.076809501647949219e+01,-1.871180915832519531e+01,-1.488951778411865234e+01,-9.497749328613281250e+00,-2.836631536483764648e+00,4.707561492919921875e+00,1.268534946441650391e+01,2.061106681823730469e+01,2.799230766296386719e+01,3.436000442504882812e+01,3.929727554321289062e+01,4.246525573730468750e+01,4.362433624267578125e+01,4.264949035644531250e+01,3.953868103027343750e+01,3.441389465332031250e+01,2.751465415954589844e+01,1.918442153930664062e+01,9.850694656372070312e+00,2.440593469780084207e-14
0.000000000000000000e+00,9.218820571899414062e+00,1.796918869018554688e+01,2.580959129333496094e+01,3.235079956054687500e+01,3.727812957763671875e+01,4.036929702758789062e+01,4.150679397583007812e+01,4.068412017822265625e+01,3.800541305541992188e+01,3.367857742309570312e+01,2.800229644775390625e+01,2.134770774841308594e+01,1.413584709167480469e+01,6.812209606170654297e+00,-1.800320148468017578e-01,-6.426553726196289062e+00,-1.156653881072998047e+01,-1.531398200988769531e+01,-1.747434997558593750e+01,-1.795558166503906250e+01,-1.677274894714355469e+01,-1.404611968994140625e+01,-9.992689132690429688e+00,-4.911758422851562500e+00,8.346154689788818359e-01,6.845045566558837891e+00,1.270469570159912109e+01,1.801199150085449219e+01,2.240450096130371094e+01,2.558235359191894531e+01,2.732771682739257812e+01,2.751908493041992188e+01,2.613945388793945312e+01,2.327783203125000000e+01,1.912395477294921875e+01,1.395648765563964844e+01,8.125439643859863281e+00,2.029842615127563477e+00,-3.907899141311645508e+00,-9.269395828247070312e+00,-1.366765785217285156e+01,-1.677274894714355469e+01,-1.833404159545898438e+01,-1.819764518737792969e+01,-1.631784057617187500e+01,-1.276176548004150391e+01,-7.706947803497314453e+00,-1.431823968887329102e+00,5.700246810913085938e+00,1.326251602172851562e+01,2.079060745239257812e+01,2.781092834472656250e+01,3.386994552612304688e+01,3.856251144409179688e+01,4.155744934082031250e+01,4.261875534057617188e+01,4.162108612060546875e+01,3.855852508544921875e+01,3.354602813720703125e+01,2.681344985961914062e+01,1.869248390197753906e+01,9.597281455993652344e+00,2.377745657972888532e-14
0.000000000000000000e+00,8.367848396301269531e+00,1.632787322998046875e+01,2.349495124816894531e+01,2.952808761596679688e+01,3.414931106567382812e+01,3.715900039672851562e+01,3.844675445556640625e+01,3.799713897705078125e+01,3.589005661010742188e+01,3.229560852050781250e+01,2.746381950378417969e+01,2.170971870422363281e+01,1.539472579956054688e+01,8.905314445495605469e+00,2.630267143249511719e+00,-3.062197685241699219e+00,-7.846048355102539062e+00,-1.145654010772705078e+01,-1.370562934875488281e+01,-1.449276924133300781e+01,-1.381039810180664062e+01,-1.174376010894775391e+01,-8.465027809143066406e+00,-4.222045421600341797e+00,6.776537895202636719e-01,5.886616706848144531e+00,1.103981399536132812e+01,1.577820491790771484e+01,1.977203750610351562e+01,2.274243927001953125e+01,2.447987937927246094e+01,2.485834121704101562e+01,2.384419250488281250e+01,2.149919128417968750e+01,1.797729110717773438e+01,1.351543521881103516e+01,8.418802261352539062e+00,3.041408538818359375e+00,-2.236751794815063477e+00,-7.034596443176269531e+00,-1.099529170989990234e+01,-1.381039810180664062e+01,-1.524123668670654297e+01,-1.513605976104736328e+01,-1.344183349609375000e+01,-1.020980358123779297e+01,-5.594383239746093750e+00,1.546462476253509521e-01,6.706228256225585938e+00,1.366757202148437500e+01,2.060796356201171875e+01,2.708535766601562500e+01,3.267407226562500000e+01,3.699180984497070312e+01,3.972429275512695312e+01,4.064583969116210938e+01,3.963462448120117188e+01,3.668149566650390625e+01,3.189184188842773438e+01,2.548024559020996094e+01,1.775830268859863281e+01,9.116316795349121094e+00,2.258481047307230732e-14
0.000000000000000000e+00,7.352058887481689453e+00,1.436550617218017578e+01,2.071969604492187500e+01,2.612896537780761719e+01,3.035776138305664062e+01,3.323310852050781250e+01,3.465369796752929688e+01,3.459509658813476562e+01,3.311079406738281250e+01,3.032896232604980469e+01,2.644511032104492188e+01,2.171095466613769531e+01,1.642013359069824219e+01,1.089148139953613281e+01,5.450837612152099609e+00,4.123376905918121338e-01,-3.939683198928833008e+00,-7.367159366607666016e+00,-9.692131042480468750e+00,-1.080709838867187500e+01,-1.068122768402099609e+01,-9.361961364746093750e+00,-6.971875667572021484e+00,-3.700877428054809570e+00,2.058405131101608276e-01,4.463425636291503906e+00,8.765655517578125000e+00,1.280479240417480469e+01,1.629177093505859375e+01,1.897543716430664062e+01,2.065959548950195312e+01,2.121669578552246094e+01,2.059723663330078125e+01,1.883416366577148438e+01,1.604187774658203125e+01,1.240980339050292969e+01,8.190837860107421875e+00,3.685320615768432617e+00,-7.784972190856933594e-01,-4.866261482238769531e+00,-8.260206222534179688e+00,-1.068122768402099609e+01,-1.190885353088378906e+01,-1.179774475097656250e+01,-1.028953933715820312e+01,-7.419163227081298828e+00,-3.315075159072875977e+00,1.806688904762268066e+00,7.654396057128906250e+00,1.387773895263671875e+01,2.008915710449218750e+01,2.588801002502441406e+01,3.088606262207031250e+01,3.473258972167968750e+01,3.713748931884765625e+01,3.789078521728515625e+01,3.687725830078125000e+01,3.408517456054687500e+01,2.960844612121582031e+01,2.364207649230957031e+01,1.647111892700195312e+01,8.453813552856445312e+00,2.094216286659383169e-14
0.000000000000000000e+00,6.234917163848876953e+00,1.220497989654541016e+01,1.765831947326660156e+01,2.236842536926269531e+01,2.614530372619628906e+01,2.884490585327148438e+01,3.037630844116210938e+01,3.070631027221679688e+01,2.986114120483398438e+01,2.792514991760253906e+01,2.503648948669433594e+01,2.137991905212402344e+01,1.717705535888671875e+01,1.267449760437011719e+01,8.130429267883300781e+00,3.800370931625366211e+00,-7.713472098112106323e-02,-3.294106483459472656e+00,-5.685164451599121094e+00,-7.137280464172363281e+00,-7.596586704254150391e+00,-7.071745395660400391e+00,-5.633561611175537109e+00,-3.410753250122070312e+00,-5.820158123970031738e-01,2.635224342346191406e+00,5.998757839202880859e+00,9.257421493530273438e+00,1.216783809661865234e+01,1.451099395751953125e+01,1.610755157470703125e+01,1.683084487915039062e+01,1.661660766601562500e+01,1.546867942810058594e+01,1.346019554138183594e+01,1.073003005981445312e+01,7.474599838256835938e+00,3.935463666915893555e+00,3.834322094917297363e-01,-2.899800300598144531e+00,-5.641314506530761719e+00,-7.596586704254150391e+00,-8.567710876464843750e+00,-8.418926239013671875e+00,-7.088292121887207031e+00,-4.594614028930664062e+00,-1.039004564285278320e+00,3.399157285690307617e+00,8.471723556518554688e+00,1.387621498107910156e+01,1.927430534362792969e+01,2.431319427490234375e+01,2.864844322204589844e+01,3.196675491333007812e+01,3.400715255737304688e+01,3.457908248901367188e+01,3.357617568969726562e+01,3.098468017578125000e+01,2.688590431213378906e+01,2.145250511169433594e+01,1.493874168395996094e+01,7.665348052978515625e+00,1.898737853685446286e-14
0.000000000000000000e+00,5.085286140441894531e+00,9.979700088500976562e+00,1.450040626525878906e+01,1.848036003112792969e+01,2.177551841735839844e+01,2.427121162414550781e+01,2.588743591308593750e+01,2.658276557922363281e+01,2.635671424865722656e+01,2.525028038024902344e+01,2.334461784362792969e+01,2.075769996643066406e+01,1.763907051086425781e+01,1.416277980804443359e+01,1.051878070831298828e+01,6.903141021728515625e+00,3.507555723190307617e+00,5.087075829505920410e-01,-1.941893100738525391e+00,-3.726955652236938477e+00,-4.770720481872558594e+00,-5.043975830078125000e+00,-4.566346168518066406e+00,-3.405551910400390625e+00,-1.673545837402343750e+00,4.803668260574340820e-01,2.879107713699340820e+00,5.329566955566406250e+00,7.635797977447509766e+00,9.612808227539062500e+00,1.110000514984130859e+01,1.197333621978759766e+01,1.215520191192626953e+01,1.162135124206542969e+01,1.040414619445800781e+01,8.591814041137695312e+00,6.323601722717285156e+00,3.781020164489746094e+00,1.175683140754699707e+00,-1.265505313873291016e+00,-3.316822767257690430e+00,-4.770720481872558594e+00,-5.454108715057373047e+00,-5.242734432220458984e+00,-4.072527408599853516e+00,-1.947010159492492676e+00,1.059906244277954102e+00,4.806073665618896484e+00,9.088200569152832031e+00,1.365351676940917969e+01,1.821530532836914062e+01,2.247128677368164062e+01,2.612361145019531250e+01,2.889910697937011719e+01,3.056831932067871094e+01,3.096201515197753906e+01,2.998391914367675781e+01,2.761875343322753906e+01,2.393492698669433594e+01,1.908164215087890625e+01,1.328054141998291016e+01,6.812438964843750000e+00,1.687305724556564107e-14
0.000000000000000000e+00,3.973308086395263672e+00,7.825611114501953125e+00,1.143929576873779297e+01,1.470356941223144531e+01,1.751795005798339844e+01,1.979577827453613281e+01,2.146769332885742188e+01,2.248492050170898438e+01,2.282217025756835938e+01,2.247994613647460938e+01,2.148594284057617188e+01,1.989535522460937500e+01,1.778980445861816406e+01,1.527480220794677734e+01,1.247564601898193359e+01,9.531847953796386719e+00,6.590274810791015625e+00,3.797322273254394531e+00,1.290584802627563477e+00,-8.094685673713684082e-01,-2.407204151153564453e+00,-3.438329696655273438e+00,-3.874634027481079102e+00,-3.726491689682006836e+00,-3.042805671691894531e+00,-1.908230423927307129e+00,-4.377290308475494385e-01,1.231276631355285645e+00,2.948696136474609375e+00,4.562852859497070312e+00,5.932075977325439453e+00,6.935935497283935547e+00,7.485232830047607422e+00,7.529931068420410156e+00,7.064303398132324219e+00,6.128799915313720703e+00,4.808335304260253906e+00,3.227000713348388672e+00,1.539455413818359375e+00,-8.044847846031188965e-02,-1.453035831451416016e+00,-2.407204151153564453e+00,-2.794762372970581055e+00,-2.503600835800170898e+00,-1.468624830245971680e+00,3.204683065414428711e-01,2.815282583236694336e+00,5.909117221832275391e+00,9.441775321960449219e+00,1.320856952667236328e+01,1.697297477722167969e+01,2.048208427429199219e+01,2.348380470275878906e+01,2.574455070495605469e+01,2.706615447998046875e+01,2.730072021484375000e+01,2.636230659484863281e+01,2.423451614379882812e+01,2.097337532043457031e+01,1.670524215698242188e+01,1.161979675292968750e+01,5.958601951599121094e+00,1.475673865058719364e-14
0.000000000000000000e+00,2.966219186782836914e+00,5.873076915740966797e+00,8.660528182983398438e+00,1.126747512817382812e+01,1.363198471069335938e+01,1.569228744506835938e+01,1.738865089416503906e+01,1.866608619689941406e+01,1.947774314880371094e+01,1.978868484497070312e+01,1.957973480224609375e+01,1.885090637207031250e+01,1.762403297424316406e+01,1.594417572021484375e+01,1.387949371337890625e+01,1.151937675476074219e+01,8.970803260803222656e+00,6.353017807006835938e+00,3.790841102600097656e+00,1.407030344009399414e+00,-6.857429146766662598e-01,-2.392662286758422852e+00,-3.643628835678100586e+00,-4.398591518402099609e+00,-4.650819778442382812e+00,-4.427739620208740234e+00,-3.789140224456787109e+00,-2.822778224945068359e+00,-1.637626290321350098e+00,-3.552260398864746094e-01,9.002099037170410156e-01,2.012172698974609375e+00,2.881859540939331055e+00,3.436953067779541016e+00,3.638396024703979492e+00,3.484525203704833984e+00,3.012120008468627930e+00,2.294169664382934570e+00,1.434435248374938965e+00,5.591450333595275879e-01,-1.935760974884033203e-01,-6.857429146766662598e-01,-7.920559048652648926e-01,-4.119328260421752930e-01,5.199909806251525879e-01,2.025813579559326172e+00,4.079517364501953125e+00,6.605827808380126953e+00,9.483001708984375000e+00,1.254945373535156250e+01,1.561382102966308594e+01,1.846777153015136719e+01,2.090064811706542969e+01,2.271482849121093750e+01,2.374066543579101562e+01,2.384982490539550781e+01,2.296595382690429688e+01,2.107184410095214844e+01,1.821246528625488281e+01,1.449355506896972656e+01,1.007585144042968750e+01,5.165305614471435547e+00,1.279086920066710778e-14
0.000000000000000000e+00,2.124341011047363281e+00,4.239114284515380859e+00,6.330790042877197266e+00,8.378454208374023438e+00,1.035138988494873047e+01,1.220805358886718750e+01,1.389664936065673828e+01,1.535737037658691406e+01,1.652615737915039062e+01,1.733968544006347656e+01,1.774112510681152344e+01,1.768610954284667969e+01,1.714831161499023438e+01,1.612404251098632812e+01,1.463531398773193359e+01,1.273096179962158203e+01,1.048559856414794922e+01,7.996335029602050781e+00,5.377425193786621094e+00,2.753201246261596680e+00,2.498283386230468750e-01,-2.013462543487548828e+00,-3.932923555374145508e+00,-5.427880287170410156e+00,-6.446680068969726562e+00,-6.970436096191406250e+00,-7.014181613922119141e+00,-6.625275135040283203e+00,-5.879117965698242188e+00,-4.872504711151123047e+00,-3.715118885040283203e+00,-2.519891977310180664e+00,-1.393024444580078125e+00,-4.245522916316986084e-01,3.197146058082580566e-01,8.041389584541320801e-01,1.026523590087890625e+00,1.018353343009948730e+00,8.419262170791625977e-01,5.845560431480407715e-01,3.502921164035797119e-01,2.498283386230468750e-01,3.894466459751129150e-01,8.599457144737243652e-01,1.726528644561767578e+00,3.020565032958984375e+00,4.734002113342285156e+00,6.816993713378906250e+00,9.179053306579589844e+00,1.169374465942382812e+01,1.420662879943847656e+01,1.654589843750000000e+01,1.853491401672363281e+01,2.000563812255859375e+01,2.081193733215332031e+01,2.084163856506347656e+01,2.002637481689453125e+01,1.834834861755371094e+01,1.584348678588867188e+01,1.260059642791748047e+01,8.756593704223632812e+00,4.488095760345458984e+00,1.111318915852314154e-14
0.000000000000000000e+00,1.497498750686645508e+00,3.020440340042114258e+00,4.588013648986816406e+00,6.207585811614990234e+00,7.870449066162109375e+00,9.549365997314453125e+00,1.119824504852294922e+01,1.275403499603271484e+01,1.414075660705566406e+01,1.527530956268310547e+01,1.607458305358886719e+01,1.646318817138671875e+01,1.638110733032226562e+01,1.579050922393798828e+01,1.468105506896972656e+01,1.307312107086181641e+01,1.101857662200927734e+01,8.598937034606933594e+00,5.920958518981933594e+00,3.109987020492553711e+00,3.015656173229217529e-01,-2.368017435073852539e+00,-4.771451950073242188e+00,-6.799573421478271484e+00,-8.369178771972656250e+00,-9.428809165954589844e+00,-9.961976051330566406e+00,-9.987532615661621094e+00,-9.557138442993164062e+00,-8.750014305114746094e+00,-7.665443897247314453e+00,-6.413651943206787109e+00,-5.105865478515625000e+00,-3.844431400299072266e+00,-2.713867425918579102e+00,-1.773648619651794434e+00,-1.053388357162475586e+00,-5.508577823638916016e-01,-2.330445647239685059e-01,-4.018025845289230347e-02,1.076033413410186768e-01,3.015656173229217529e-01,6.343662142753601074e-01,1.189686655998229980e+00,2.032408237457275391e+00,3.200256109237670898e+00,4.697700023651123047e+00,6.492727279663085938e+00,8.516843795776367188e+00,1.066839981079101562e+01,1.281903934478759766e+01,1.482279109954833984e+01,1.652710151672363281e+01,1.778490447998046875e+01,1.846674156188964844e+01,1.847191047668457031e+01,1.773769378662109375e+01,1.624586868286132812e+01,1.402590656280517578e+01,1.115454196929931641e+01,7.751712322235107422e+00,3.973119497299194336e+00,9.838107264340933272e-15
0.000000000000000000e+00,1.122079491615295410e+00,2.287769556045532227e+00,3.533245325088500977e+00,4.880579471588134766e+00,6.332536220550537109e+00,7.869389057159423828e+00,9.448120117187500000e+00,1.100415325164794922e+01,1.245550060272216797e+01,1.370901298522949219e+01,1.466816711425781250e+01,1.524171352386474609e+01,1.535238838195800781e+01,1.494486904144287109e+01,1.399223613739013672e+01,1.250027656555175781e+01,1.050920295715332031e+01,8.092544555664062500e+00,5.353237152099609375e+00,2.417184352874755859e+00,-5.752056241035461426e-01,-3.478822231292724609e+00,-6.154177665710449219e+00,-8.477382659912109375e+00,-1.034892749786376953e+01,-1.170051097869873047e+01,-1.249933433532714844e+01,-1.274948787689208984e+01,-1.249031829833984375e+01,-1.179191780090332031e+01,-1.074813747406005859e+01,-9.467742919921875000e+00,-8.064505577087402344e+00,-6.647083759307861328e+00,-5.309628009796142578e+00,-4.123913764953613281e+00,-3.133723020553588867e+00,-2.351968526840209961e+00,-1.760817170143127441e+00,-1.314802050590515137e+00,-9.466365575790405273e-01,-5.752056241035461426e-01,-1.150013729929924011e-01,5.138615369796752930e-01,1.375978827476501465e+00,2.512243270874023438e+00,3.933487892150878906e+00,5.616815567016601562e+00,7.505009651184082031e+00,9.509153366088867188e+00,1.151430130004882812e+01,1.338777256011962891e+01,1.498940658569335938e+01,1.618291282653808594e+01,1.684738731384277344e+01,1.688797950744628906e+01,1.624481010437011719e+01,1.489932441711425781e+01,1.287753868103027344e+01,1.024981117248535156e+01,7.127145290374755859e+00,3.654265165328979492e+00,9.049609375939588612e-15
0.000000000000000000e+00,1.018911004066467285e+00,2.081688880920410156e+00,3.224765062332153320e+00,4.470466136932373047e+00,5.821809768676757812e+00,7.259319305419921875e+00,8.740223884582519531e+00,1.020018959045410156e+01,1.155746936798095703e+01,1.271914672851562500e+01,1.358892631530761719e+01,1.407578182220458984e+01,1.410266399383544922e+01,1.361445903778076172e+01,1.258444786071777344e+01,1.101861000061035156e+01,8.957342147827148438e+00,6.474348068237304688e+00,3.672727823257446289e+00,6.785401701927185059e-01,-2.367662191390991211e+00,-5.320634841918945312e+00,-8.040767669677734375e+00,-1.040405941009521484e+01,-1.231090068817138672e+01,-1.369290351867675781e+01,-1.451719188690185547e+01,-1.478779411315917969e+01,-1.454400634765625000e+01,-1.385588073730468750e+01,-1.281724452972412109e+01,-1.153685092926025391e+01,-1.012846851348876953e+01,-8.700771331787109375e+00,-7.347934246063232422e+00,-6.141771316528320312e+00,-5.126115322113037109e+00,-4.313941478729248047e+00,-3.687493801116943359e+00,-3.201391935348510742e+00,-2.788449287414550781e+00,-2.367662191390991211e+00,-1.853645563125610352e+00,-1.166647672653198242e+00,-2.422174066305160522e-01,9.603830575942993164e-01,2.451822042465209961e+00,4.209027767181396484e+00,6.174599647521972656e+00,8.259428977966308594e+00,1.034836864471435547e+01,1.230853176116943359e+01,1.399954032897949219e+01,1.528488254547119141e+01,1.604342460632324219e+01,1.618008422851562500e+01,1.563473987579345703e+01,1.438859844207763672e+01,1.246742534637451172e+01,9.941330909729003906e+00,6.921064376831054688e+00,3.551096677780151367e+00,8.796138154605528253e-15
0.000000000000000000e+00,1.192084193229675293e+00,2.410370826721191406e+00,3.674805402755737305e+00,4.993509292602539062e+00,6.358522891998291016e+00,7.743349552154541016e+00,9.102626800537109375e+00,1.037402725219726562e+01,1.148227405548095703e+01,1.234496307373046875e+01,1.287965774536132812e+01,1.301162624359130859e+01,1.268149089813232422e+01,1.185203647613525391e+01,1.051351642608642578e+01,8.686878204345703125e+00,6.424535274505615234e+00,3.808518171310424805e+00,9.460716247558593750e-01,-2.036999464035034180e+00,-5.004724502563476562e+00,-7.820418357849121094e+00,-1.035640907287597656e+01,-1.250320053100585938e+01,-1.417729568481445312e+01,-1.532697677612304688e+01,-1.593553066253662109e+01,-1.602162361145019531e+01,-1.563676166534423828e+01,-1.486005687713623047e+01,-1.379071521759033203e+01,-1.253892326354980469e+01,-1.121590805053710938e+01,-9.924055099487304688e+00,-8.747957229614257812e+00,-7.747203350067138672e+00,-6.951556205749511719e+00,-6.358975410461425781e+00,-5.936671733856201172e+00,-5.625136852264404297e+00,-5.344797611236572266e+00,-5.004724502563476562e+00,-4.512620449066162109e+00,-3.785200357437133789e+00,-2.758010625839233398e+00,-1.393785238265991211e+00,3.114581406116485596e-01,2.325189590454101562e+00,4.578371047973632812e+00,6.968784332275390625e+00,9.367477416992187500e+00,1.162786579132080078e+01,1.359675502777099609e+01,1.512642288208007812e+01,1.608673286437988281e+01,1.637629318237304688e+01,1.593167686462402344e+01,1.473394298553466797e+01,1.281183052062988281e+01,1.024133396148681641e+01,7.141642570495605469e+00,3.667705059051513672e+00,9.087744493290871722e-15
0.000000000000000000e+00,1.628791809082031250e+00,3.249247550964355469e+00,4.849067211151123047e+00,6.408558845520019531e+00,7.898219585418701172e+00,9.277707099914550781e+00,1.049641323089599609e+01,1.149569606781005859e+01,1.221264648437500000e+01,1.258506298065185547e+01,1.255721092224121094e+01,1.208579063415527344e+01,1.114551258087158203e+01,9.733688354492187500e+00,7.873290061950683594e+00,5.614079952239990234e+00,3.031552791595458984e+00,2.236574590206146240e-01,-2.694560289382934570e+00,-5.598023414611816406e+00,-8.359873771667480469e+00,-1.086023712158203125e+01,-1.299477481842041016e+01,-1.468228054046630859e+01,-1.587062072753906250e+01,-1.654048728942871094e+01,-1.670655250549316406e+01,-1.641586685180664062e+01,-1.574359130859375000e+01,-1.478633308410644531e+01,-1.365365695953369141e+01,-1.245842933654785156e+01,-1.130685329437255859e+01,-1.028902530670166016e+01,-9.470877647399902344e+00,-8.888231277465820312e+00,-8.543528556823730469e+00,-8.405587196350097656e+00,-8.412473678588867188e+00,-8.477295875549316406e+00,-8.496481895446777344e+00,-8.359873771667480469e+00,-7.961778163909912109e+00,-7.212039470672607422e+00,-6.046148777008056641e+00,-4.433480739593505859e+00,-2.382879734039306641e+00,5.496967956423759460e-02,2.788698434829711914e+00,5.690946578979492188e+00,8.606310844421386719e+00,1.136198425292968750e+01,1.378029060363769531e+01,1.569212627410888672e+01,1.695026206970214844e+01,1.744140243530273438e+01,1.709602737426757812e+01,1.589517879486083984e+01,1.387359237670898438e+01,1.111887359619140625e+01,7.766726970672607422e+00,3.992546558380126953e+00,9.895691105194122372e-15
0.000000000000000000e+00,2.300186157226562500e+00,4.542666912078857422e+00,6.669048786163330078e+00,8.619877815246582031e+00,1.033485126495361328e+01,1.175381469726562500e+01,1.281863117218017578e+01,1.347588157653808594e+01,1.368025493621826172e+01,1.339832973480224609e+01,1.261239910125732422e+01,1.132391166687011719e+01,9.556093215942382812e+00,7.355348110198974609e+00,4.791131496429443359e+00,1.954075813293457031e+00,-1.047656297683715820e+00,-4.093692779541015625e+00,-7.058147907257080078e+00,-9.817265510559082031e+00,-1.225743961334228516e+01,-1.428299045562744141e+01,-1.582302761077880859e+01,-1.683678245544433594e+01,-1.731687736511230469e+01,-1.729017448425292969e+01,-1.681597518920898438e+01,-1.598162555694580078e+01,-1.489577198028564453e+01,-1.367970752716064453e+01,-1.245748138427734375e+01,-1.134551811218261719e+01,-1.044262218475341797e+01,-9.821192741394042969e+00,-9.520451545715332031e+00,-9.542309761047363281e+00,-9.850315093994140625e+00,-1.037188720703125000e+01,-1.100375461578369141e+01,-1.162025451660156250e+01,-1.208390426635742188e+01,-1.225743961334228516e+01,-1.201635169982910156e+01,-1.126092147827148438e+01,-9.926719665527343750e+00,-7.992646217346191406e+00,-5.485784053802490234e+00,-2.482534170150756836e+00,8.941739797592163086e-01,4.481513500213623047e+00,8.086826324462890625e+00,1.150043582916259766e+01,1.451029300689697266e+01,1.691734123229980469e+01,1.855046081542968750e+01,1.927980422973632812e+01,1.902748107910156250e+01,1.777470970153808594e+01,1.556486701965332031e+01,1.250207614898681641e+01,8.745441436767578125e+00,4.499272346496582031e+00,1.115451504898673160e-14
0.000000000000000000e+00,3.163203001022338867e+00,6.207415103912353516e+00,9.017031669616699219e+00,1.148326015472412109e+01,1.350759983062744141e+01,1.500535869598388672e+01,1.590911483764648438e+01,1.617200088500976562e+01,1.577060699462890625e+01,1.470726776123046875e+01,1.301147651672363281e+01,1.074016666412353516e+01,7.976656913757324219e+00,4.828091621398925781e+00,1.421345114707946777e+00,-2.102560043334960938e+00,-5.595316410064697266e+00,-8.909156799316406250e+00,-1.190519142150878906e+01,-1.446173477172851562e+01,-1.648201942443847656e+01,-1.790070152282714844e+01,-1.868860626220703125e+01,-1.885523414611816406e+01,-1.844870758056640625e+01,-1.755298805236816406e+01,-1.628244972229003906e+01,-1.477401256561279297e+01,-1.317737007141113281e+01,-1.164389896392822266e+01,-1.031506824493408203e+01,-9.311209678649902344e+00,-8.721518516540527344e+00,-8.596135139465332031e+00,-8.940985679626464844e+00,-9.715920448303222656e+00,-1.083642292022705078e+01,-1.217890071868896484e+01,-1.358928775787353516e+01,-1.489442062377929688e+01,-1.591540718078613281e+01,-1.648201942443847656e+01,-1.644702911376953125e+01,-1.569937610626220703e+01,-1.417510318756103516e+01,-1.186512279510498047e+01,-8.819126129150390625e+00,-5.145183563232421875e+00,-1.004935026168823242e+00,3.395422220230102539e+00,7.817786693572998047e+00,1.200761699676513672e+01,1.571112728118896484e+01,1.869298744201660156e+01,2.075323677062988281e+01,2.174214172363281250e+01,2.157188796997070312e+01,2.022416687011718750e+01,1.775306701660156250e+01,1.428297901153564453e+01,1.000160026550292969e+01,5.148496627807617188e+00,1.276641790057871789e-14
0.000000000000000000e+00,4.163233280181884766e+00,8.137887954711914062e+00,1.174341297149658203e+01,1.481503963470458984e+01,1.721098327636718750e+01,1.881881141662597656e+01,1.956072425842285156e+01,1.939747238159179688e+01,1.833070373535156250e+01,1.640350723266601562e+01,1.369907474517822266e+01,1.033736705780029297e+01,6.469855308532714844e+00,2.272451162338256836e+00,-2.063100814819335938e+00,-6.339012145996093750e+00,-1.036194705963134766e+01,-1.395366382598876953e+01,-1.696117591857910156e+01,-1.926581192016601562e+01,-2.079051589965820312e+01,-2.150488471984863281e+01,-2.142744255065917969e+01,-2.062491607666015625e+01,-1.920837020874023438e+01,-1.732632064819335938e+01,-1.515517425537109375e+01,-1.288747310638427734e+01,-1.071870994567871094e+01,-8.833534240722656250e+00,-7.392312049865722656e+00,-6.518980979919433594e+00,-6.291141033172607422e+00,-6.733156204223632812e+00,-7.812893867492675781e+00,-9.442467689514160156e+00,-1.148308658599853516e+01,-1.375380325317382812e+01,-1.604368209838867188e+01,-1.812660217285156250e+01,-1.977773094177246094e+01,-2.079051589965820312e+01,-2.099296569824218750e+01,-2.026201820373535156e+01,-1.853489875793457031e+01,-1.581651306152343750e+01,-1.218224716186523438e+01,-7.775807380676269531e+00,-2.802128314971923828e+00,2.484302043914794922e+00,7.794973850250244141e+00,1.282574367523193359e+01,1.727683830261230469e+01,2.087309646606445312e+01,2.338302612304687500e+01,2.463530349731445312e+01,2.453151702880859375e+01,2.305421829223632812e+01,2.026960563659667969e+01,1.632464790344238281e+01,1.143872928619384766e+01,5.890386581420898438e+00,1.460769642725422146e-14
0.000000000000000000e+00,5.237481117248535156e+00,1.021258831024169922e+01,1.467592525482177734e+01,1.840344238281250000e+01,2.120759010314941406e+01,2.294673728942871094e+01,2.353234863281250000e+01,2.293357658386230469e+01,2.117895507812500000e+01,1.835509872436523438e+01,1.460236358642578125e+01,1.010766124725341797e+01,5.094689846038818359e+00,-1.879371702671051025e-01,-5.480097293853759766e+00,-1.052440834045410156e+01,-1.508055400848388672e+01,-1.893886375427246094e+01,-2.193236541748046875e+01,-2.394653320312500000e+01,-2.492609786987304688e+01,-2.487843322753906250e+01,-2.387315559387207031e+01,-2.203790664672851562e+01,-1.955041885375976562e+01,-1.662726974487304688e+01,-1.350993633270263672e+01,-1.044897270202636719e+01,-7.687262058258056641e+00,-5.443449974060058594e+00,-3.896625518798828125e+00,-3.173331499099731445e+00,-3.337835788726806641e+00,-4.386420726776123047e+00,-6.246198177337646484e+00,-8.778664588928222656e+00,-1.178789329528808594e+01,-1.503293895721435547e+01,-1.824372100830078125e+01,-2.113939476013183594e+01,-2.344800186157226562e+01,-2.492609786987304688e+01,-2.537696266174316406e+01,-2.466612815856933594e+01,-2.273304939270019531e+01,-1.959803390502929688e+01,-1.536378383636474609e+01,-1.021136856079101562e+01,-4.390711307525634766e+00,1.793848752975463867e+00,8.002047538757324219e+00,1.387907028198242188e+01,1.907839202880859375e+01,2.328456878662109375e+01,2.623441696166992188e+01,2.773512268066406250e+01,2.767800903320312500e+01,2.604696655273437500e+01,2.292092132568359375e+01,1.847010993957519531e+01,1.294634914398193359e+01,6.667912006378173828e+00,1.653681057649410147e-14
0.000000000000000000e+00,6.318792819976806641e+00,1.230154228210449219e+01,1.763016891479492188e+01,2.202155113220214844e+01,2.524267578125000000e+01,2.712306785583496094e+01,2.756389045715332031e+01,2.654314994812011719e+01,2.411672401428222656e+01,2.041513252258300781e+01,1.563616847991943359e+01,1.003377342224121094e+01,3.903742074966430664e+00,-2.432999849319458008e+00,-8.648608207702636719e+00,-1.442701911926269531e+01,-1.948205757141113281e+01,-2.357391166687011719e+01,-2.652296829223632812e+01,-2.822017478942871094e+01,-2.863325309753417969e+01,-2.780830383300781250e+01,-2.586667442321777344e+01,-2.299715805053710938e+01,-1.944394874572753906e+01,-1.549101829528808594e+01,-1.144383335113525391e+01,-7.609498023986816406e+00,-4.276567935943603516e+00,-1.695812463760375977e+00,-6.317450106143951416e-02,4.939253032207489014e-01,-7.401379197835922241e-02,-1.734174489974975586e+00,-4.372412681579589844e+00,-7.799685001373291016e+00,-1.176360511779785156e+01,-1.596446800231933594e+01,-2.007477760314941406e+01,-2.376106071472167969e+01,-2.670654869079589844e+01,-2.863325309753417969e+01,-2.932192993164062500e+01,-2.862858200073242188e+01,-2.649629211425781250e+01,-2.296153831481933594e+01,-1.815443229675292969e+01,-1.229275703430175781e+01,-5.670085430145263672e+00,1.361348628997802734e+00,8.411974906921386719e+00,1.507906913757324219e+01,2.097223281860351562e+01,2.573852348327636719e+01,2.908554267883300781e+01,3.080097579956054688e+01,3.076721572875976562e+01,2.897008705139160156e+01,2.550103187561035156e+01,2.055254745483398438e+01,1.440715694427490234e+01,7.420547485351562500e+00,1.840356616015711988e-14
0.000000000000000000e+00,7.339726924896240234e+00,1.427418518066406250e+01,2.042080497741699219e+01,2.544112205505371094e+01,2.905969047546386719e+01,3.107937812805175781e+01,3.139224052429199219e+01,2.998527717590332031e+01,2.694076347351074219e+01,2.243113708496093750e+01,1.670869064331054688e+01,1.009067249298095703e+01,2.940647840499877930e+00,-4.352830886840820312e+00,-1.139898490905761719e+01,-1.782767677307128906e+01,-2.331104469299316406e+01,-2.758260536193847656e+01,-3.045267295837402344e+01,-3.181915473937988281e+01,-3.167304801940917969e+01,-3.009826660156250000e+01,-2.726575851440429688e+01,-2.342226028442382812e+01,-1.887430763244628906e+01,-1.396848392486572266e+01,-9.069061279296875000e+00,-4.534452915191650391e+00,-6.939011216163635254e-01,2.174100160598754883e+00,3.860278129577636719e+00,4.238739013671875000e+00,3.275855064392089844e+00,1.033252000808715820e+00,-2.335366725921630859e+00,-6.593440532684326172e+00,-1.143629741668701172e+01,-1.651055335998535156e+01,-2.143696594238281250e+01,-2.583532905578613281e+01,-2.934980010986328125e+01,-3.167304801940917969e+01,-3.256762313842773438e+01,-3.188310432434082031e+01,-2.956789970397949219e+01,-2.567480087280273438e+01,-2.035986137390136719e+01,-1.387460517883300781e+01,-6.551917076110839844e+00,1.213494777679443359e+00,8.988917350769042969e+00,1.633022880554199219e+01,2.280959892272949219e+01,2.804251861572265625e+01,3.171243095397949219e+01,3.359132766723632812e+01,3.355500030517578125e+01,3.159187507629394531e+01,2.780487823486328125e+01,2.240609741210937500e+01,1.570461559295654297e+01,8.088194847106933594e+00,2.005885319227452418e-14
0.000000000000000000e+00,8.236613273620605469e+00,1.600721549987792969e+01,2.287273025512695312e+01,2.844635391235351562e+01,3.241580581665039062e+01,3.456117630004882812e+01,3.476732635498046875e+01,3.303005599975585938e+01,2.945578193664550781e+01,2.425463485717773438e+01,1.772747421264648438e+01,1.024755001068115234e+01,2.237949371337890625e+00,-5.853847503662109375e+00,-1.358275890350341797e+01,-2.053262901306152344e+01,-2.634089279174804688e+01,-3.071988296508789062e+01,-3.347349929809570312e+01,-3.450819778442382812e+01,-3.383768463134765625e+01,-3.158094215393066406e+01,-2.795380973815917969e+01,-2.325452041625976562e+01,-1.784418678283691406e+01,-1.212335681915283203e+01,-6.506149291992187500e+00,-1.393534660339355469e+00,2.852539062500000000e+00,5.932565212249755859e+00,7.628954410552978516e+00,7.820322513580322266e+00,6.489665031433105469e+00,3.725869894027709961e+00,-2.815718054771423340e-01,-5.254357337951660156e+00,-1.084296321868896484e+01,-1.664895820617675781e+01,-2.225066184997558594e+01,-2.723051643371582031e+01,-3.120248222351074219e+01,-3.383768463134765625e+01,-3.488665771484375000e+01,-3.419679260253906250e+01,-3.172374343872070312e+01,-2.753611946105957031e+01,-2.181302261352539062e+01,-1.483455085754394531e+01,-6.965810298919677734e+00,1.364618301391601562e+00,9.690449714660644531e+00,1.753610610961914062e+01,2.444600296020507812e+01,3.001288032531738281e+01,3.390338516235351562e+01,3.587928771972656250e+01,3.581296920776367188e+01,3.369619750976562500e+01,2.964158058166503906e+01,2.387658882141113281e+01,1.673051071166992188e+01,8.615074157714843750e+00,2.136430375871464088e-14
0.000000000000000000e+00,8.953351020812988281e+00,1.739196586608886719e+01,2.483154106140136719e+01,3.084679603576660156e+01,3.509646606445312500e+01,3.734320068359375000e+01,3.746716690063476562e+01,3.547251129150390625e+01,3.148634147644042969e+01,2.575030326843261719e+01,1.860524177551269531e+01,1.046997451782226562e+01,1.815443158149719238e+00,-6.864135265350341797e+00,-1.508134841918945312e+01,-2.238504409790039062e+01,-2.838735198974609375e+01,-3.278662490844726562e+01,-3.538489913940429688e+01,-3.609882736206054688e+01,-3.496341323852539062e+01,-3.212839508056640625e+01,-2.784746551513671875e+01,-2.246109199523925781e+01,-1.637400054931640625e+01,-1.002875328063964844e+01,-3.877071857452392578e+00,1.649256825447082520e+00,6.166107177734375000e+00,9.361610412597656250e+00,1.101609134674072266e+01,1.101609134674072266e+01,9.361610412597656250e+00,6.166107177734375000e+00,1.649256825447082520e+00,-3.877071857452392578e+00,-1.002875328063964844e+01,-1.637400054931640625e+01,-2.246109199523925781e+01,-2.784746551513671875e+01,-3.212839508056640625e+01,-3.496341323852539062e+01,-3.609882736206054688e+01,-3.538489913940429688e+01,-3.278662490844726562e+01,-2.838735198974609375e+01,-2.238504409790039062e+01,-1.508134841918945312e+01,-6.864135265350341797e+00,1.815443158149719238e+00,1.046997451782226562e+01,1.860524177551269531e+01,2.575030326843261719e+01,3.148634147644042969e+01,3.547251129150390625e+01,3.746716690063476562e+01,3.734320068359375000e+01,3.509646606445312500e+01,3.084679603576660156e+01,2.483154106140136719e+01,1.739196586608886719e+01,8.953351020812988281e+00,2.220128073081913816e-14
0.000000000000000000e+00,9.444714546203613281e+00,1.834079742431640625e+01,2.617263984680175781e+01,3.248861694335937500e+01,3.692809295654296875e+01,3.924277114868164062e+01,3.931110382080078125e+01,3.714483642578125000e+01,3.288739395141601562e+01,2.680414009094238281e+01,1.926522254943847656e+01,1.072208023071289062e+01,1.679121255874633789e+00,-7.337660789489746094e+00,-1.581312465667724609e+01,-2.327446174621582031e+01,-2.931976318359375000e+01,-3.364189529418945312e+01,-3.604624176025390625e+01,-3.646123886108398438e+01,-3.494109725952148438e+01,-3.166061973571777344e+01,-2.690248107910156250e+01,-2.103784179687500000e+01,-1.450156784057617188e+01,-7.763649463653564453e+00,-1.298647522926330566e+00,4.444887638092041016e+00,9.073106765747070312e+00,1.227186584472656250e+01,1.382649612426757812e+01,1.363512897491455078e+01,1.171476554870605469e+01,8.199775695800781250e+00,3.332924842834472656e+00,-2.550439357757568359e+00,-9.044043540954589844e+00,-1.569679450988769531e+01,-2.204170036315917969e+01,-2.762577438354492188e+01,-3.203908157348632812e+01,-3.494109725952148438e+01,-3.608277893066406250e+01,-3.532294845581054688e+01,-3.263803482055664062e+01,-2.812453460693359375e+01,-2.199406814575195312e+01,-1.456133270263671875e+01,-6.225697994232177734e+00,2.552452325820922852e+00,1.127918052673339844e+01,1.945659065246582031e+01,2.661277198791503906e+01,3.233029556274414062e+01,3.627150726318359375e+01,3.819913864135742188e+01,3.799098205566406250e+01,3.564769744873046875e+01,3.129338836669921875e+01,2.516877937316894531e+01,1.761750411987304688e+01,9.066253662109375000e+00,2.247862811687040274e-14
0.000000000000000000e+00,9.678972244262695312e+00,1.879218864440917969e+01,2.680845642089843750e+01,3.326351165771484375e+01,3.778816223144531250e+01,4.013043212890625000e+01,4.017030715942382812e+01,3.792620849609375000e+01,3.355276489257812500e+01,2.733016014099121094e+01,1.964566421508789062e+01,1.096866703033447266e+01,1.820768356323242188e+00,-7.257095813751220703e+00,-1.573841857910156250e+01,-2.314361381530761719e+01,-2.906920242309570312e+01,-3.321185302734375000e+01,-3.538584518432617188e+01,-3.553286361694335938e+01,-3.372363662719726562e+01,-3.015137290954589844e+01,-2.511751174926757812e+01,-1.901078987121582031e+01,-1.228102111816406250e+01,-5.409301757812500000e+00,1.123399138450622559e+00,6.867281436920166016e+00,1.143241310119628906e+01,1.451329708099365234e+01,1.590780830383300781e+01,1.552934741973876953e+01,1.341154289245605469e+01,9.705260276794433594e+00,4.668195247650146484e+00,-1.352221727371215820e+00,-7.941487312316894531e+00,-1.464477539062500000e+01,-2.099608421325683594e+01,-2.654794120788574219e+01,-3.089983940124511719e+01,-3.372363662719726562e+01,-3.478439712524414062e+01,-3.395541381835937500e+01,-3.122656059265136719e+01,-2.670544815063476562e+01,-2.061142921447753906e+01,-1.326279735565185547e+01,-5.058009624481201172e+00,3.547921419143676758e+00,1.207042217254638672e+01,2.002412605285644531e+01,2.695169830322265625e+01,3.245101165771484375e+01,3.619905471801757812e+01,3.797122192382812500e+01,3.765481185913085938e+01,3.525597763061523438e+01,3.089975547790527344e+01,2.482316207885742188e+01,1.736175918579101562e+01,8.930504798889160156e+00,2.213868499601704537e-14
0.000000000000000000e+00,9.639650344848632812e+00,1.871415138244628906e+01,2.669333648681640625e+01,3.311475753784179688e+01,3.761205673217773438e+01,3.993718719482421875e+01,3.997502517700195312e+01,3.774954605102539062e+01,3.342111587524414062e+01,2.727520751953125000e+01,1.970326805114746094e+01,1.117707729339599609e+01,2.218252182006835938e+00,-6.635059833526611328e+00,-1.486215209960937500e+01,-2.199219131469726562e+01,-2.763305473327636719e+01,-3.149475288391113281e+01,-3.340600967407226562e+01,-3.332301330566406250e+01,-3.132988357543945312e+01,-2.763097190856933594e+01,-2.253553962707519531e+01,-1.643597984313964844e+01,-9.781038284301757812e+00,-3.045828580856323242e+00,3.299378156661987305e+00,8.819583892822265625e+00,1.314277744293212891e+01,1.598320484161376953e+01,1.715879249572753906e+01,1.660169219970703125e+01,1.436140632629394531e+01,1.060038375854492188e+01,5.582498550415039062e+00,-3.447704315185546875e-01,-6.773241519927978516e+00,-1.326051807403564453e+01,-1.935836029052734375e+01,-2.464115333557128906e+01,-2.873272705078125000e+01,-3.132988357543945312e+01,-3.222125625610351562e+01,-3.130039596557617188e+01,-2.857237434387207031e+01,-2.415357398986816406e+01,-1.826477813720703125e+01,-1.121800327301025391e+01,-3.397974252700805664e+00,4.760645866394042969e+00,1.279887580871582031e+01,2.026036834716796875e+01,2.671810722351074219e+01,3.179931831359863281e+01,3.520715332031250000e+01,3.673794174194335938e+01,3.629303741455078125e+01,3.388464736938476562e+01,2.963527679443359375e+01,2.377095603942871094e+01,1.660853767395019531e+01,8.537895202636718750e+00,2.116120389268789925e-14
0.000000000000000000e+00,9.326352119445800781e+00,1.810581779479980469e+01,2.582580184936523438e+01,3.204003906250000000e+01,3.639629745483398438e+01,3.865796661376953125e+01,3.871806716918945312e+01,3.660491943359375000e+01,3.247904586791992188e+01,2.662162971496582031e+01,1.941532516479492188e+01,1.131877231597900391e+01,2.836504936218261719e+00,-5.513701915740966797e+00,-1.323390007019042969e+01,-1.987727737426757812e+01,-2.507569694519042969e+01,-2.856171226501464844e+01,-3.018371391296386719e+01,-2.991332817077636719e+01,-2.784469413757324219e+01,-2.418583679199218750e+01,-1.924279975891113281e+01,-1.339772415161132812e+01,-7.082403659820556641e+00,-7.491140365600585938e-01,5.159332275390625000e+00,1.023836231231689453e+01,1.414739894866943359e+01,1.663101768493652344e+01,1.753421211242675781e+01,1.681091690063476562e+01,1.452540397644042969e+01,1.084655857086181641e+01,6.035587787628173828e+00,4.280605614185333252e-01,-5.588489532470703125e+00,-1.159988307952880859e+01,-1.719190979003906250e+01,-2.197656250000000000e+01,-2.561626815795898438e+01,-2.784469413757324219e+01,-2.848289680480957031e+01,-2.744995307922363281e+01,-2.476752662658691406e+01,-2.055821800231933594e+01,-1.503790187835693359e+01,-8.502627372741699219e+00,-1.310927867889404297e+00,6.137345790863037109e+00,1.342438602447509766e+01,2.013861846923828125e+01,2.589833641052246094e+01,3.037343406677246094e+01,3.330407714843750000e+01,3.451529312133789062e+01,3.392669296264648438e+01,3.155692291259765625e+01,2.752255821228027344e+01,2.203161621093750000e+01,1.537205696105957031e+01,7.895921230316162109e+00,1.956491101128086246e-14
0.000000000000000000e+00,8.754577636718750000e+00,1.699711036682128906e+01,2.424808311462402344e+01,3.009088134765625000e+01,3.419795608520507812e+01,3.635108566284179688e+01,3.645439529418945312e+01,3.453930282592773438e+01,3.076112556457519531e+01,2.538765144348144531e+01,1.878048706054687500e+01,1.137051677703857422e+01,3.629157781600952148e+00,-3.962612152099609375e+00,-1.094536876678466797e+01,-1.691043663024902344e+01,-2.152523231506347656e+01,-2.455317306518554688e+01,-2.586688232421875000e+01,-2.545396232604980469e+01,-2.341509819030761719e+01,-1.995475006103515625e+01,-1.536522483825683594e+01,-1.000531196594238281e+01,-4.275017261505126953e+00,1.411839723587036133e+00,6.655325412750244141e+00,1.109554100036621094e+01,1.443555164337158203e+01,1.645966911315917969e+01,1.704601669311523438e+01,1.617268562316894531e+01,1.391727638244628906e+01,1.044999790191650391e+01,6.020961761474609375e+00,9.426189661026000977e-01,-4.431395053863525391e+00,-9.729582786560058594e+00,-1.458654689788818359e+01,-1.866606521606445312e+01,-2.168190383911132812e+01,-2.341509819030761719e+01,-2.372681045532226562e+01,-2.256604194641113281e+01,-1.997193908691406250e+01,-1.607066726684570312e+01,-1.106720066070556641e+01,-5.232662677764892578e+00,1.111967206001281738e+00,7.614711284637451172e+00,1.391291046142578125e+01,1.965381813049316406e+01,2.451432037353515625e+01,2.821873092651367188e+01,3.055374908447265625e+01,3.137981796264648438e+01,3.063838005065917969e+01,2.835472106933593750e+01,2.463631439208984375e+01,1.966684913635253906e+01,1.369626808166503906e+01,7.027424335479736328e+00,1.740662193376596445e-14
0.000000000000000000e+00,7.954564571380615234e+00,1.544648647308349609e+01,2.204295539855957031e+01,2.736879348754882812e+01,3.113034057617187500e+01,3.313380050659179688e+01,3.329686737060546875e+01,3.165281867980957031e+01,2.834692955017089844e+01,2.362546539306640625e+01,1.781812286376953125e+01,1.131514167785644531e+01,4.540759086608886719e+00,-2.075170278549194336e+00,-8.125415802001953125e+00,-1.325156688690185547e+01,-1.716644096374511719e+01,-1.967123985290527344e+01,-2.066642379760742188e+01,-2.015566062927246094e+01,-1.824277114868164062e+01,-1.512201404571533203e+01,-1.106255245208740234e+01,-6.388269424438476562e+00,-1.454452633857727051e+00,3.377017736434936523e+00,7.762248516082763672e+00,1.139803695678710938e+01,1.404122829437255859e+01,1.552351570129394531e+01,1.576085090637207031e+01,1.475699234008789062e+01,1.260113525390625000e+01,9.459993362426757812e+00,5.565010547637939453e+00,1.195719599723815918e+00,-3.339547872543334961e+00,-7.724258899688720703e+00,-1.165421676635742188e+01,-1.485673809051513672e+01,-1.710730743408203125e+01,-1.824277114868164062e+01,-1.817036628723144531e+01,-1.687223815917968750e+01,-1.440529346466064453e+01,-1.089663410186767578e+01,-6.535001277923583984e+00,-1.558886885643005371e+00,3.757856369018554688e+00,9.121994018554687500e+00,1.423752212524414062e+01,1.882198333740234375e+01,2.262160682678222656e+01,2.542454910278320312e+01,2.707158470153808594e+01,2.746384048461914062e+01,2.656727218627929688e+01,2.441377449035644531e+01,2.109898757934570312e+01,1.677700805664062500e+01,1.165230083465576172e+01,5.969270706176757812e+00,1.477795343778412485e-14
0.000000000000000000e+00,6.969232559204101562e+00,1.353697586059570312e+01,1.932809448242187500e+01,2.401832580566406250e+01,2.735524177551269531e+01,2.917423057556152344e+01,2.940838813781738281e+01,2.809169387817382812e+01,2.535528945922851562e+01,2.141721153259277344e+01,1.656635093688964844e+01,1.114185619354248047e+01,5.509466648101806641e+00,3.647898137569427490e-02,-4.932867050170898438e+00,-9.099893569946289062e+00,-1.223033237457275391e+01,-1.416829299926757812e+01,-1.484447288513183594e+01,-1.427818298339843750e+01,-1.257319355010986328e+01,-9.907866477966308594e+00,-6.520411968231201172e+00,-2.690438270568847656e+00,1.281793355941772461e+00,5.096902370452880859e+00,8.477174758911132812e+00,1.118517494201660156e+01,1.303896999359130859e+01,1.392301177978515625e+01,1.379409313201904297e+01,1.268213081359863281e+01,1.068592643737792969e+01,7.964390277862548828e+00,4.724000930786132812e+00,1.203509092330932617e+00,-2.342957019805908203e+00,-5.663196086883544922e+00,-8.523465156555175781e+00,-1.072318553924560547e+01,-1.210695266723632812e+01,-1.257319355010986328e+01,-1.207909679412841797e+01,-1.064169883728027344e+01,-8.335266113281250000e+00,-5.285342216491699219e+00,-1.660033464431762695e+00,2.340798377990722656e+00,6.497653007507324219e+00,1.058404541015625000e+01,1.437894248962402344e+01,1.767831420898437500e+01,2.030524826049804688e+01,2.211820411682128906e+01,2.301711463928222656e+01,2.294721412658691406e+01,2.190056419372558594e+01,1.991538238525390625e+01,1.707333564758300781e+01,1.349506855010986328e+01,9.334201812744140625e+00,4.770146369934082031e+00,1.179985251084083794e-14
0.000000000000000000e+00,5.851357460021972656e+00,1.137070083618164062e+01,1.624832534790039062e+01,2.021752929687500000e+01,2.307222747802734375e+01,2.468019294738769531e+01,2.499104118347167969e+01,2.403839302062988281e+01,2.193612670898437500e+01,1.886907958984375000e+01,1.507889080047607422e+01,1.084614181518554688e+01,6.470091819763183594e+00,2.247553586959838867e+00,-1.547566890716552734e+00,-4.682582378387451172e+00,-6.980916976928710938e+00,-8.332572937011718750e+00,-8.699519157409667969e+00,-8.115747451782226562e+00,-6.682142257690429688e+00,-4.556671619415283203e+00,-1.940788149833679199e+00,9.368733167648315430e-01,3.838201045989990234e+00,6.533373832702636719e+00,8.817381858825683594e+00,1.052413368225097656e+01,1.153720283508300781e+01,1.179654788970947266e+01,1.130087375640869141e+01,1.010564708709716797e+01,8.317067146301269531e+00,6.082637310028076172e+00,3.579144239425659180e+00,9.990609288215637207e-01,-1.463585853576660156e+00,-3.626832246780395508e+00,-5.332932949066162109e+00,-6.458267688751220703e+00,-6.920426368713378906e+00,-6.682142257690429688e+00,-5.751993179321289062e+00,-4.182039260864257812e+00,-2.062766551971435547e+00,4.841162860393524170e-01,3.314377069473266602e+00,6.270753860473632812e+00,9.192543029785156250e+00,1.192465782165527344e+01,1.432562160491943359e+01,1.627411842346191406e+01,1.767385292053222656e+01,1.845664787292480469e+01,1.858382606506347656e+01,1.804605293273925781e+01,1.686187362670898438e+01,1.507526779174804688e+01,1.275249671936035156e+01,9.978518486022949219e+00,6.853221893310546875e+00,3.487602949142456055e+00,8.615250033554636144e-15
0.000000000000000000e+00,4.660161495208740234e+00,9.062282562255859375e+00,1.296624660491943359e+01,1.616643142700195312e+01,1.850569343566894531e+01,1.988569641113281250e+01,2.027287864685058594e+01,1.969959449768066406e+01,1.826042366027832031e+01,1.610399818420410156e+01,1.342098999023437500e+01,1.042926120758056641e+01,7.357339859008789062e+00,4.427517890930175781e+00,1.839859127998352051e+00,-2.416739314794540405e-01,-1.699956178665161133e+00,-2.471556186676025391e+00,-2.549278020858764648e+00,-1.980309844017028809e+00,-8.602445721626281738e-01,6.764416694641113281e-01,2.468603134155273438e+00,4.342289447784423828e+00,6.125120639801025391e+00,7.660019397735595703e+00,8.817238807678222656e+00,9.503785133361816406e+00,9.669585227966308594e+00,9.310011863708496094e+00,8.464704513549804688e+00,7.212912559509277344e+00,5.665863037109375000e+00,3.956878423690795898e+00,2.230119466781616211e+00,6.289110183715820312e-01,-7.154009938240051270e-01,-1.693199992179870605e+00,-2.224239349365234375e+00,-2.262668848037719727e+00,-1.799179196357727051e+00,-8.602445721626281738e-01,4.953109920024871826e-01,2.181993961334228516e+00,4.094972610473632812e+00,6.118364334106445312e+00,8.133746147155761719e+00,1.002818679809570312e+01,1.170118331909179688e+01,1.307004642486572266e+01,1.407340908050537109e+01,1.467278194427490234e+01,1.485220623016357422e+01,1.461627483367919922e+01,1.398688697814941406e+01,1.299921417236328125e+01,1.169736957550048828e+01,1.013027191162109375e+01,8.348111152648925781e+00,6.399717807769775391e+00,4.331010818481445312e+00,2.184540748596191406e+00,5.380343963596895956e-15
0.000000000000000000e+00,3.457534790039062500e+00,6.731520175933837891e+00,9.651853561401367188e+00,1.207423973083496094e+01,1.389048480987548828e+01,1.503589439392089844e+01,1.549320793151855469e+01,1.529277324676513672e+01,1.450898742675781250e+01,1.325334453582763672e+01,1.166467666625976562e+01,9.897449493408203125e+00,8.109079360961914062e+00,6.447343349456787109e+00,5.038911342620849609e+00,3.979930639266967773e+00,3.329410314559936523e+00,3.105898857116699219e+00,3.287670850753784180e+00,3.816333293914794922e+00,4.603476047515869141e+00,5.539736270904541016e+00,6.505450248718261719e+00,7.381945133209228516e+00,8.062483787536621094e+00,8.461915969848632812e+00,8.524230003356933594e+00,8.227369308471679688e+00,7.584959506988525391e+00,6.644822120666503906e+00,5.484483242034912109e+00,4.204089164733886719e+00,2.917409420013427734e+00,1.741724610328674316e+00,7.875100970268249512e-01,1.488094925880432129e-01,-1.048721745610237122e-01,6.552416831254959106e-02,6.653796434402465820e-01,1.666074872016906738e+00,3.007550716400146484e+00,4.603476047515869141e+00,6.348518848419189453e+00,8.127046585083007812e+00,9.822464942932128906e+00,1.132637023925781250e+01,1.254671859741210938e+01,1.341433143615722656e+01,1.388720321655273438e+01,1.395231437683105469e+01,1.362486267089843750e+01,1.294507122039794922e+01,1.197295093536376953e+01,1.078157520294189453e+01,9.449538230895996094e+00,8.053348541259765625e+00,6.660473823547363281e+00,5.323696136474609375e+00,4.077280044555664062e+00,2.935287714004516602e+00,1.892144799232482910e+00,9.253489971160888672e-01,2.255003934707104467e-15
0.000000000000000000e+00,2.304123640060424805e+00,4.495821952819824219e+00,6.471780300140380859e+00,8.146096229553222656e+00,9.457013130187988281e+00,1.037151241302490234e+01,1.088732814788818359e+01,1.103224658966064453e+01,1.086073493957519531e+01,1.044824409484863281e+01,9.883698463439941406e+00,9.260878562927246094e+00,8.669486045837402344e+00,8.186725616455078125e+00,7.870170593261718750e+00,7.752585887908935547e+00,7.839183330535888672e+00,8.107572555541992188e+00,8.510417938232421875e+00,8.980555534362792969e+00,9.438121795654296875e+00,9.799003601074218750e+00,9.983859062194824219e+00,9.926836013793945312e+00,9.583174705505371094e+00,8.934956550598144531e+00,7.994430065155029297e+00,6.804547786712646484e+00,5.436618328094482422e+00,3.985215425491333008e+00,2.560755252838134766e+00,1.280361294746398926e+00,2.578025460243225098e-01,-4.066164791584014893e-01,-6.353119611740112305e-01,-3.809905350208282471e-01,3.681683242321014404e-01,1.586215019226074219e+00,3.210270404815673828e+00,5.144483566284179688e+00,7.266818046569824219e+00,9.438121795654296875e+00,1.151274204254150391e+01,1.334979343414306641e+01,1.482413864135742188e+01,1.583614253997802734e+01,1.631937408447265625e+01,1.624559020996093750e+01,1.562658500671386719e+01,1.451272106170654297e+01,1.298829078674316406e+01,1.116409206390380859e+01,9.167850494384765625e+00,7.133322238922119141e+00,5.189012050628662109e+00,3.447468757629394531e+00,1.996091604232788086e+00,8.902249336242675781e-01,1.491363346576690674e-01,-2.447852045297622681e-01,-3.435538411140441895e-01,-2.280619442462921143e-01,-6.070691485718674937e-16
0.000000000000000000e+00,1.255538344383239746e+00,2.462853431701660156e+00,3.578866004943847656e+00,4.570219516754150391e+00,5.416785240173339844e+00,6.113698959350585938e+00,6.671679973602294922e+00,7.115573883056640625e+00,7.481229782104492188e+00,7.811022758483886719e+00,8.148467063903808594e+00,8.532475471496582031e+00,8.991886138916015625e+00,9.540855407714843750e+00,1.017565441131591797e+01,1.087329196929931641e+01,1.159219455718994141e+01,1.227500057220458984e+01,1.285330486297607422e+01,1.325397682189941406e+01,1.340652751922607422e+01,1.325085353851318359e+01,1.274461746215820312e+01,1.186953735351562500e+01,1.063590908050537109e+01,9.084828376770019531e+00,7.287764549255371094e+00,5.343358993530273438e+00,3.371588468551635742e+00,1.505643248558044434e+00,-1.178733631968498230e-01,-1.369665265083312988e+00,-2.138505220413208008e+00,-2.341118097305297852e+00,-1.930306434631347656e+00,-9.005630612373352051e-01,7.094083428382873535e-01,2.817588567733764648e+00,5.303008556365966797e+00,8.013344764709472656e+00,1.077523231506347656e+01,1.340652751922607422e+01,1.572959709167480469e+01,1.758457756042480469e+01,1.884152984619140625e+01,1.941051483154296875e+01,1.924871253967285156e+01,1.836398124694824219e+01,1.681451988220214844e+01,1.470459270477294922e+01,1.217662429809570312e+01,9.400259017944335938e+00,6.559231281280517578e+00,3.837081193923950195e+00,1.402867317199707031e+00,-6.019854545593261719e-01,-2.074628591537475586e+00,-2.958635091781616211e+00,-3.248101234436035156e+00,-2.987662553787231445e+00,-2.268418550491333008e+00,-1.220082521438598633e+00,-3.067834538584223412e-15
0.000000000000000000e+00,3.589075803756713867e-01,7.238728404045104980e-01,1.102681279182434082e+00,1.506229996681213379e+00,1.949266791343688965e+00,2.450266122817993164e+00,3.030334472656250000e+00,3.711169242858886719e+00,4.512224674224853516e+00,5.447361946105957031e+00,6.521360874176025391e+00,7.726714134216308594e+00,9.041157722473144531e+00,1.042634105682373047e+01,1.182796287536621094e+01,1.317756462097167969e+01,1.439603137969970703e+01,1.539866542816162109e+01,1.610152435302734375e+01,1.642856788635253906e+01,1.631903648376464844e+01,1.573438453674316406e+01,1.466412448883056641e+01,1.312992954254150391e+01,1.118749046325683594e+01,8.925754547119140625e+00,6.463405609130859375e+00,3.942653417587280273e+00,1.520656704902648926e+00,-6.408902406692504883e-01,-2.387270927429199219e+00,-3.582497835159301758e+00,-4.120370388031005859e+00,-3.933909177780151367e+00,-3.002336263656616211e+00,-1.354915142059326172e+00,9.287954568862915039e-01,3.722457408905029297e+00,6.860123634338378906e+00,1.014664459228515625e+01,1.337062931060791016e+01,1.631903648376464844e+01,1.879232406616210938e+01,2.061900329589843750e+01,2.166847229003906250e+01,2.186106491088867188e+01,2.117452430725097656e+01,1.964628410339355469e+01,1.737133026123046875e+01,1.449572277069091797e+01,1.120619392395019531e+01,7.716588020324707031e+00,4.252135276794433594e+00,1.032744526863098145e+00,-1.743396639823913574e+00,-3.914655208587646484e+00,-5.368054389953613281e+00,-6.047692775726318359e+00,-5.958803653717041016e+00,-5.167125225067138672e+00,-3.793606519699096680e+00,-2.004847049713134766e+00,-5.013456724691379290e-15
0.000000000000000000e+00,-3.499954640865325928e-01,-6.518416404724121094e-01,-8.583824634552001953e-01,-9.246083498001098633e-01,-8.090987801551818848e-01,-4.758265316486358643e-01,1.036806926131248474e-01,9.479125142097473145e-01,2.062859058380126953e+00,3.439654827117919922e+00,5.052681922912597656e+00,6.858451843261718750e+00,8.795558929443359375e+00,1.078595542907714844e+01,1.273767852783203125e+01,1.454907131195068359e+01,1.611436080932617188e+01,1.733034896850585938e+01,1.810378074645996094e+01,1.835890579223632812e+01,1.804462051391601562e+01,1.714054489135742188e+01,1.566146659851074219e+01,1.365960979461669922e+01,1.122433948516845703e+01,8.479105949401855469e+00,5.575617313385009766e+00,2.685484647750854492e+00,-1.021526008844375610e-02,-2.332800865173339844e+00,-4.118460178375244141e+00,-5.230422973632812500e+00,-5.569886684417724609e+00,-5.084794521331787109e+00,-3.775689601898193359e+00,-1.698047995567321777e+00,1.039246439933776855e+00,4.279349803924560547e+00,7.826582431793212891e+00,1.145869255065917969e+01,1.494145870208740234e+01,1.804462051391601562e+01,2.055799293518066406e+01,2.230655479431152344e+01,2.316337585449218750e+01,2.305935096740722656e+01,2.198893165588378906e+01,2.001134490966796875e+01,1.724712944030761719e+01,1.387013816833496094e+01,1.009553718566894531e+01,6.164644718170166016e+00,2.327692031860351562e+00,-1.174226522445678711e+00,-4.126666545867919922e+00,-6.357493400573730469e+00,-7.749492168426513672e+00,-8.248958587646484375e+00,-7.869597911834716797e+00,-6.691409111022949219e+00,-4.854615688323974609e+00,-2.549081563949584961e+00,-6.361371170359722202e-15
0.000000000000000000e+00,-8.488837480545043945e-01,-1.621116995811462402e+00,-2.242977857589721680e+00,-2.646619796752929688e+00,-2.773039340972900391e+00,-2.575022459030151367e+00,-2.019990205764770508e+00,-1.092601537704467773e+00,2.030672430992126465e-01,1.841990590095520020e+00,3.777537822723388672e+00,5.941916465759277344e+00,8.247895240783691406e+00,1.059191226959228516e+01,1.285857391357421875e+01,1.492646026611328125e+01,1.667497253417968750e+01,1.799190521240234375e+01,1.878127098083496094e+01,1.897081375122070312e+01,1.851867866516113281e+01,1.741861915588378906e+01,1.570321750640869141e+01,1.344472408294677734e+01,1.075321769714355469e+01,7.771995067596435547e+00,4.670329570770263672e+00,1.633903264999389648e+00,-1.146531939506530762e+00,-3.487563371658325195e+00,-5.225757122039794922e+00,-6.229616165161132812e+00,-6.409943580627441406e+00,-5.727766990661621094e+00,-4.199123382568359375e+00,-1.896198987960815430e+00,1.055429577827453613e+00,4.483411312103271484e+00,8.178776741027832031e+00,1.190903186798095703e+01,1.543332576751708984e+01,1.851867866516113281e+01,2.095610618591308594e+01,2.257545661926269531e+01,2.325785255432128906e+01,2.294477844238281250e+01,2.164302635192871094e+01,1.942510223388671875e+01,1.642493820190429688e+01,1.282913017272949219e+01,8.864296913146972656e+00,4.781396865844726562e+00,8.381314873695373535e-01,-2.719312906265258789e+00,-5.673836708068847656e+00,-7.853016853332519531e+00,-9.141551017761230469e+00,-9.489604949951171875e+00,-8.916426658630371094e+00,-7.508924961090087891e+00,-5.415302276611328125e+00,-2.834177494049072266e+00,-7.065433426446969187e-15
0.000000000000000000e+00,-1.130210161209106445e+00,-2.169315814971923828e+00,-3.030256271362304688e+00,-3.633982896804809570e+00,-3.913265705108642578e+00,-3.816228389739990234e+00,-3.309480905532836914e+00,-2.380688428878784180e+00,-1.040395379066467285e+00,6.770774126052856445e-01,2.713841915130615234e+00,4.989900588989257812e+00,7.405941963195800781e+00,9.847489356994628906e+00,1.219032001495361328e+01,1.430696964263916016e+01,1.607404327392578125e+01,1.737992286682128906e+01,1.813242721557617188e+01,1.826587295532226562e+01,1.774703407287597656e+01,1.657945060729980469e+01,1.480567169189453125e+01,1.250707530975341797e+01,9.801113128662109375e+00,6.835943222045898438e+00,3.782657384872436523e+00,8.254731297492980957e-01,-1.849545121192932129e+00,-4.066536903381347656e+00,-5.671855926513671875e+00,-6.545186996459960938e+00,-6.608930587768554688e+00,-5.835098743438720703e+00,-4.249105930328369141e+00,-1.930049180984497070e+00,9.927085041999816895e-01,4.346547126770019531e+00,7.925839900970458984e+00,1.150483036041259766e+01,1.485229873657226562e+01,1.774703407287597656e+01,1.999302673339843750e+01,2.143326759338378906e+01,2.196115875244140625e+01,2.152860832214355469e+01,2.015020370483398438e+01,1.790302658081054688e+01,1.492206859588623047e+01,1.139149570465087891e+01,7.532294273376464844e+00,3.587172985076904297e+00,-1.962535232305526733e-01,-3.582788944244384766e+00,-6.366241931915283203e+00,-8.384059906005859375e+00,-9.528934478759765625e+00,-9.756500244140625000e+00,-9.088548660278320312e+00,-7.611491203308105469e+00,-5.470157146453857422e+00,-2.857363224029541016e+00,-7.118825724760670381e-15
0.000000000000000000e+00,-1.201469659805297852e+00,-2.310922384262084961e+00,-3.240705251693725586e+00,-3.911770105361938477e+00,-4.257656097412109375e+00,-4.228077888488769531e+00,-3.791965484619140625e+00,-2.939796686172485352e+00,-1.685062050819396973e+00,-6.470955163240432739e-02,1.861557722091674805e+00,4.013216018676757812e+00,6.292117118835449219e+00,8.586904525756835938e+00,1.077852249145507812e+01,1.274659633636474609e+01,1.437639236450195312e+01,1.556597709655761719e+01,1.623312759399414062e+01,1.632154655456542969e+01,1.580589103698730469e+01,1.469520282745361328e+01,1.303437519073486328e+01,1.090339756011962891e+01,8.414279937744140625e+00,5.705688476562500000e+00,2.935508966445922852e+00,2.717185020446777344e-01,-2.117920637130737305e+00,-4.076690196990966797e+00,-5.469553947448730469e+00,-6.192847728729248047e+00,-6.182304382324218750e+00,-5.418761730194091797e+00,-3.931055545806884766e+00,-1.795762896537780762e+00,8.663126826286315918e-01,3.896800756454467773e+00,7.109212398529052734e+00,1.030061435699462891e+01,1.326477241516113281e+01,1.580589103698730469e+01,1.775197792053222656e+01,1.896689033508300781e+01,1.936016273498535156e+01,1.889387130737304688e+01,1.758597183227539062e+01,1.550979423522949219e+01,1.278967857360839844e+01,9.592958450317382812e+00,6.118829727172851562e+00,2.584851741790771484e+00,-7.880035042762756348e-01,-3.790676116943359375e+00,-6.240637779235839844e+00,-7.994739532470703125e+00,-8.959349632263183594e+00,-9.097031593322753906e+00,-8.429249763488769531e+00,-7.034890651702880859e+00,-5.044683933258056641e+00,-2.631900548934936523e+00,-6.554536610464591767e-15
0.000000000000000000e+00,-1.084533452987670898e+00,-2.088255167007446289e+00,-2.934324502944946289e+00,-3.553709506988525391e+00,-3.888753414154052734e+00,-3.896335124969482422e+00,-3.550477027893066406e+00,-2.844264984130859375e+00,-1.790949106216430664e+00,-4.241061210632324219e-01,1.203217864036560059e+00,3.020434379577636719e+00,4.942404270172119141e+00,6.873426437377929688e+00,8.712092399597167969e+00,1.035680007934570312e+01,1.171165847778320312e+01,1.269246006011962891e+01,1.323235511779785156e+01,1.328684520721435547e+01,1.283772373199462891e+01,1.189563274383544922e+01,1.050094985961914062e+01,8.722853660583496094e+00,6.656468391418457031e+00,4.418187618255615234e+00,2.139343738555908203e+00,-4.142889007925987244e-02,-1.986708521842956543e+00,-3.569137811660766602e+00,-4.680031299591064453e+00,-5.237131118774414062e+00,-5.190936565399169922e+00,-4.529101848602294922e+00,-3.278514623641967773e+00,-1.504804730415344238e+00,6.907746791839599609e-01,3.176988363265991211e+00,5.800473213195800781e+00,8.395336151123046875e+00,1.079387760162353516e+01,1.283772373199462891e+01,1.438860034942626953e+01,1.533796977996826172e+01,1.561484050750732422e+01,1.519113826751708984e+01,1.408421230316162109e+01,1.235624122619628906e+01,1.011051177978515625e+01,7.484797477722167969e+00,4.642232894897460938e+00,1.760317683219909668e+00,-9.812059402465820312e-01,-3.412747859954833984e+00,-5.386658668518066406e+00,-6.787562847137451172e+00,-7.540483474731445312e+00,-7.616166114807128906e+00,-7.033189296722412109e+00,-5.856704711914062500e+00,-4.193869113922119141e+00,-2.186288356781005859e+00,-5.443392437509296175e-15
0.000000000000000000e+00,-8.140618205070495605e-01,-1.568395376205444336e+00,-2.206266403198242188e+00,-2.676819562911987305e+00,-2.937744617462158203e+00,-2.957614183425903320e+00,-2.717787504196166992e+00,-2.213772773742675781e+00,-1.455962657928466797e+00,-4.696564972400665283e-01,7.056757807731628418e-01,2.017915487289428711e+00,3.404584169387817383e+00,4.795840740203857422e+00,6.118074893951416016e+00,7.297944545745849609e+00,8.266652107238769531e+00,8.964225769042968750e+00,9.343541145324707031e+00,9.373819351196289062e+00,9.043333053588867188e+00,8.361100196838378906e+00,7.357375621795654297e+00,6.082835197448730469e+00,4.606409072875976562e+00,3.011831283569335938e+00,1.393051505088806152e+00,-1.512494385242462158e-01,-1.523723244667053223e+00,-2.634617328643798828e+00,-3.407822132110595703e+00,-3.786283016204833984e+00,-3.736372232437133789e+00,-3.250876426696777344e+00,-2.350335597991943359e+00,-1.082569360733032227e+00,4.796455502510070801e-01,2.242654323577880859e+00,4.097541809082031250e+00,5.926944732666015625e+00,7.612632274627685547e+00,9.043333053588867188e+00,1.012228679656982422e+01,1.077397251129150391e+01,1.094952011108398438e+01,1.063040733337402344e+01,9.830130577087402344e+00,8.593695640563964844e+00,6.994926929473876953e+00,5.131737232208251953e+00,3.119670391082763672e+00,1.084136724472045898e+00,-8.481174707412719727e-01,-2.557717561721801758e+00,-3.940926074981689453e+00,-4.916873455047607422e+00,-5.433235168457031250e+00,-5.469930171966552734e+00,-5.040574550628662109e+00,-4.191560268402099609e+00,-2.998826265335083008e+00,-1.562529563903808594e+00,-3.889743853348250763e-15
0.000000000000000000e+00,-4.350982606410980225e-01,-8.385280966758728027e-01,-1.180225133895874023e+00,-1.433271884918212891e+00,-1.575320005416870117e+00,-1.589830756187438965e+00,-1.467076659202575684e+00,-1.204849600791931152e+00,-8.088269233703613281e-01,-2.925580143928527832e-01,3.229560554027557373e-01,1.010096073150634766e+00,1.735860347747802734e+00,2.463467121124267578e+00,3.154261827468872070e+00,3.769847393035888672e+00,4.274325847625732422e+00,4.636532783508300781e+00,4.832120895385742188e+00,4.845359325408935547e+00,4.670514106750488281e+00,4.312688827514648438e+00,3.788041591644287109e+00,3.123313903808593750e+00,2.354669809341430664e+00,1.525866508483886719e+00,6.858471632003784180e-01,-1.141226887702941895e-01,-8.236060142517089844e-01,-1.396236777305603027e+00,-1.792839288711547852e+00,-1.984207153320312500e+00,-1.953336596488952637e+00,-1.696936964988708496e+00,-1.226085543632507324e+00,-5.659447312355041504e-01,2.454727292060852051e-01,1.159442782402038574e+00,2.119454860687255859e+00,3.064747571945190430e+00,3.934228181838989258e+00,4.670514106750488281e+00,5.223820209503173828e+00,5.555414676666259766e+00,5.640391826629638672e+00,5.469552993774414062e+00,5.050240993499755859e+00,4.406053543090820312e+00,3.575429916381835938e+00,2.609191179275512695e+00,1.567195892333984375e+00,5.143239498138427734e-01,-4.839259088039398193e-01,-1.365926742553710938e+00,-2.078180551528930664e+00,-2.579039573669433594e+00,-2.841622591018676758e+00,-2.855713844299316406e+00,-2.628498792648315430e+00,-2.184084177017211914e+00,-1.561822056770324707e+00,-8.135592341423034668e-01,-2.025085946779107623e-15
0.000000000000000000e+00,-1.091825151373437917e-15,-2.104380512619845323e-15,-2.962424252913741125e-15,-3.598615241245158719e-15,-3.957079584523178623e-15,-3.996516167997917965e-15,-3.692699002344956502e-15,-3.040235875822073358e-15,-2.053470232599836041e-15,-7.664233627629503387e-16,7.682783649174372564e-16,2.481511767989455497e-15,4.290767790577536614e-15,6.104171733508322040e-15,7.825261367166123916e-15,9.358305451368734845e-15,1.061390389369819970e-14,1.151454301508538294e-14,1.199977854441421771e-14,1.203069863512078869e-14,1.159332893764129443e-14,1.070069766573745335e-14,9.393339581100119962e-15,7.738095747663025631e-15,5.825187456286488527e-15,3.763643517391661308e-15,1.675292573903011586e-15,-3.123689691071184892e-16,-2.074014593219015469e-15,-3.494542208840154159e-15,-4.476814342277207412e-15,-4.948542237196177848e-15,-4.867811526993370483e-15,-4.226803674049154497e-15,-3.053393473866484846e-15,-1.410415206901224818e-15,6.074310963381410969e-16,2.878913792336281960e-15,5.263550402148263127e-15,7.610396213502020057e-15,9.767778965763355969e-15,1.159332893764129443e-14,1.296361733509488606e-14,1.378272191201231761e-14,1.398908793708367182e-14,1.356017755764840627e-14,1.251451792536181426e-14,1.091096935972859713e-14,8.845196608844602820e-15,6.443557083165912455e-15,3.854780874384435008e-15,1.240006471594644506e-15,-1.238151469440157589e-15,-3.426739338994815552e-15,-5.193025168410449199e-15,-6.433723454164763655e-15,-7.082224160560391182e-15,-7.113292058516258037e-15,-6.544888905195365286e-15,-5.436969810186740443e-15,-3.887323880217945227e-15,-2.024743745468416886e-15,-5.039785515534671201e-30
