0.000000000000000000e+00,0.000000000000000000e+00,0.000000000000000000e+00,0.000000000000000000e+00,0.000000000000000000e+00,0.000000000000000000e+00,0.000000000000000000e+00,0.000000000000000000e+00,0.000000000000000000e+00,0.000000000000000000e+00,0.000000000000000000e+00,0.000000000000000000e+00,0.000000000000000000e+00,0.000000000000000000e+00,0.000000000000000000e+00,0.000000000000000000e+00,0.000000000000000000e+00,0.000000000000000000e+00,0.000000000000000000e+00,0.000000000000000000e+00,0.000000000000000000e+00,0.000000000000000000e+00,0.000000000000000000e+00,0.000000000000000000e+00,0.000000000000000000e+00,0.000000000000000000e+00,0.000000000000000000e+00,0.000000000000000000e+00,0.000000000000000000e+00,0.000000000000000000e+00,0.000000000000000000e+00,0.000000000000000000e+00,0.000000000000000000e+00,0.000000000000000000e+00,0.000000000000000000e+00,0.000000000000000000e+00,0.000000000000000000e+00,0.000000000000000000e+00,0.000000000000000000e+00,0.000000000000000000e+00,0.000000000000000000e+00,0.000000000000000000e+00,0.000000000000000000e+00,0.000000000000000000e+00,0.000000000000000000e+00,0.000000000000000000e+00,0.000000000000000000e+00,0.000000000000000000e+00,0.000000000000000000e+00,0.000000000000000000e+00,0.000000000000000000e+00,0.000000000000000000e+00,0.000000000000000000e+00,0.000000000000000000e+00,0.000000000000000000e+00,0.000000000000000000e+00,0.000000000000000000e+00,0.000000000000000000e+00,0.000000000000000000e+00,0.000000000000000000e+00,0.000000000000000000e+00,0.000000000000000000e+00,0.000000000000000000e+00,0.000000000000000000e+00
0.000000000000000000e+00,4.492576117627322674e-04,8.802883676253259182e-04,1.275734859518706799e-03,1.619996386580169201e-03,1.900144037790596485e-03,2.106857253238558769e-03,2.235351828858256340e-03,2.286249306052923203e-03,2.266313647851347923e-03,2.188965212553739548e-03,2.074476331472396851e-03,1.949751982465386391e-03,1.847622683271765709e-03,1.805597566999495029e-03,1.864073798060417175e-03,2.064039930701255798e-03,2.444368321448564529e-03,3.038840135559439659e-03,3.873095382004976273e-03,4.961728118360042572e-03,6.305775605142116547e-03,7.890833541750907898e-03,9.686022996902465820e-03,1.164398156106472015e-02,1.370198465883731842e-02,1.578423008322715759e-02,1.780524477362632751e-02,1.967423036694526672e-02,2.130016870796680450e-02,2.259730733931064606e-02,2.349073998630046844e-02,2.392162010073661804e-02,2.385166287422180176e-02,2.326654456555843353e-02,2.217790670692920685e-02,2.062375657260417938e-02,1.866714283823966980e-02,1.639313623309135437e-02,1.390425302088260651e-02,1.131457835435867310e-02,8.742968551814556122e-03,6.305775605142116547e-03,4.109592642635107040e-03,2.244539791718125343e-03,7.785690831951797009e-04,-2.467832819093018770e-04,-8.188714273273944855e-04,-9.544381173327565193e-04,-6.980777252465486526e-04,-1.187534944619983435e-04,6.953961565159261227e-04,1.643595751374959946e-03,2.619845559820532799e-03,3.520669415593147278e-03,4.252625629305839539e-03,4.739027470350265503e-03,4.925369285047054291e-03,4.783055279403924942e-03,4.311148077249526978e-03,3.536005970090627670e-03,2.508844016119837761e-03,1.301393378525972366e-03,3.235108545573719693e-18
0.000000000000000000e+00,7.562101818621158600e-04,1.483165659010410309e-03,2.152929082512855530e-03,2.740259282290935516e-03,3.224090905860066414e-03,3.589123720303177834e-03,3.827479667961597443e-03,3.940337337553501129e-03,3.939403221011161804e-03,3.848039312288165092e-03,3.701854264363646507e-03,3.548550186678767204e-03,3.446865594014525414e-03,3.464492503553628922e-03,3.674930892884731293e-03,4.153337329626083374e-03,4.971526563167572021e-03,6.192390341311693192e-03,7.864096201956272125e-03,1.001448556780815125e-02,1.264615543186664581e-02,1.573268324136734009e-02,1.921644248068332672e-02,2.300834655761718750e-02,2.698977664113044739e-02,3.101675026118755341e-02,3.492626175284385681e-02,3.854452073574066162e-02,4.169663414359092712e-02,4.421718791127204895e-02,4.596096277236938477e-02,4.681310057640075684e-02,4.669788107275962830e-02,4.558546096086502075e-02,4.349594190716743469e-02,4.050032421946525574e-02,3.671817481517791748e-02,3.231196478009223938e-02,2.747839875519275665e-02,2.243717387318611145e-02,1.741792075335979462e-02,1.264615543186664581e-02,8.329248987138271332e-03,4.643364343792200089e-03,1.722339075058698654e-03,-3.506607608869671822e-04,-1.548085943795740604e-03,-1.899132155813276768e-03,-1.486930181272327900e-03,-4.419609613250941038e-04,1.067858887836337090e-03,2.849718555808067322e-03,4.700175020843744278e-03,6.420094519853591919e-03,7.829164154827594757e-03,8.778902702033519745e-03,9.163186885416507721e-03,8.925514295697212219e-03,8.062446489930152893e-03,6.622980348765850067e-03,4.703897517174482346e-03,2.441446529701352119e-03,6.070303389118877308e-18
0.000000000000000000e+00,7.874679868109524250e-04,1.548561966046690941e-03,2.257861895486712456e-03,2.892004093155264854e-03,3.431051038205623627e-03,3.860186319798231125e-03,4.171714652329683304e-03,4.367257934063673019e-03,4.459958057850599289e-03,4.476410802453756332e-03,4.458031617105007172e-03,4.461524076759815216e-03,4.558159969747066498e-03,4.831652622669935226e-03,5.374500062316656113e-03,6.282829679548740387e-03,7.649916689842939377e-03,9.558713063597679138e-03,1.207386888563632965e-02,1.523384358733892441e-02,1.904378086328506470e-02,2.346983179450035095e-02,2.843558602035045624e-02,3.382113948464393616e-02,3.946518525481224060e-02,4.517029970884323120e-02,5.071134492754936218e-02,5.584663152694702148e-02,6.033128872513771057e-02,6.393201649188995361e-02,6.644225120544433594e-02,6.769660115242004395e-02,6.758363544940948486e-02,6.605569273233413696e-02,6.313519179821014404e-02,5.891644582152366638e-02,5.356287583708763123e-02,4.729951918125152588e-02,4.040111601352691650e-02,3.317654877901077271e-02,2.595052309334278107e-02,1.904378086328506470e-02,1.275315228849649429e-02,7.332906126976013184e-03,2.978734672069549561e-03,-1.844175567384809256e-04,-2.109745517373085022e-03,-2.830598736181855202e-03,-2.456910675391554832e-03,-1.166247064247727394e-03,8.099114638753235340e-04,3.203675849363207817e-03,5.730766803026199341e-03,8.111570961773395538e-03,1.009166520088911057e-02,1.146027818322181702e-02,1.206528488546609879e-02,1.182362623512744904e-02,1.072633825242519379e-02,8.837840519845485687e-03,6.289524491876363754e-03,3.268159460276365280e-03,8.128827956650485915e-18
0.000000000000000000e+00,4.269323253538459539e-04,8.500438998453319073e-04,1.264957478269934654e-03,1.666485797613859177e-03,2.048935508355498314e-03,2.407135209068655968e-03,2.738231327384710312e-03,3.044160781428217888e-03,3.334569046273827553e-03,3.629825543612241745e-03,3.963699098676443100e-03,4.385223612189292908e-03,4.959288984537124634e-03,5.765582900494337082e-03,6.895619444549083710e-03,8.447785861790180206e-03,1.052051968872547150e-02,1.320395991206169128e-02,1.657061837613582611e-02,2.066578343510627747e-02,2.549847587943077087e-02,3.103387355804443359e-02,3.718802332878112793e-02,4.382562264800071716e-02,5.076139792799949646e-02,5.776539444923400879e-02,6.457219272851943970e-02,7.089368253946304321e-02,7.643477618694305420e-02,8.091111481189727783e-02,8.406754583120346069e-02,8.569610118865966797e-02,8.565207570791244507e-02,8.386689424514770508e-02,8.035656809806823730e-02,7.522504031658172607e-02,6.866164505481719971e-02,6.093287095427513123e-02,5.236854404211044312e-02,4.334331303834915161e-02,3.425460681319236755e-02,2.549847587943077087e-02,1.744505204260349274e-02,1.041533146053552628e-02,4.661040380597114563e-03,3.490445669740438461e-04,-2.448464278131723404e-03,-3.757226513698697090e-03,-3.697306849062442780e-03,-2.472824882715940475e-03,-3.557388263288885355e-04,2.335143508389592171e-03,5.258380901068449020e-03,8.075531572103500366e-03,1.047627441585063934e-02,1.220112107694149017e-02,1.305998116731643677e-02,1.294518541544675827e-02,1.183796022087335587e-02,9.807876311242580414e-03,7.005331572145223618e-03,3.647664329037070274e-03,9.078878804572752874e-18
0.000000000000000000e+00,-4.168736340943723917e-04,-7.909233681857585907e-04,-1.082791015505790710e-03,-1.259514596313238144e-03,-1.296455622650682926e-03,-1.177884405478835106e-03,-8.960582199506461620e-04,-4.488301055971533060e-04,1.639705005800351501e-04,9.449540521018207073e-04,1.903810421936213970e-03,3.061510622501373291e-03,4.453397355973720551e-03,6.130555178970098495e-03,8.158986456692218781e-03,1.061633415520191193e-02,1.358612161129713058e-02,1.714978553354740143e-02,2.137700654566287994e-02,2.631511911749839783e-02,3.197854384779930115e-02,3.833929449319839478e-02,4.531960189342498779e-02,5.278765782713890076e-02,6.055719032883644104e-02,6.839144229888916016e-02,7.601165026426315308e-02,8.310978859663009644e-02,8.936499059200286865e-02,9.446267783641815186e-02,9.811503440141677856e-02,1.000814065337181091e-01,1.001870855689048767e-01,9.833879023790359497e-02,9.453561902046203613e-02,8.887428045272827148e-02,8.154796808958053589e-02,7.283858954906463623e-02,6.310268491506576538e-02,5.275171622633934021e-02,4.222812131047248840e-02,3.197854384779930115e-02,2.242629230022430420e-02,1.394489314407110214e-02,6.834760773926973343e-03,1.304720412008464336e-03,-2.540187444537878036e-03,-4.703639540821313858e-03,-5.295275244861841202e-03,-4.520402289927005768e-03,-2.662896644324064255e-03,-6.256577034946531057e-05,2.911330200731754303e-03,5.888377781957387924e-03,8.524969220161437988e-03,1.052977237850427628e-02,1.168474182486534119e-02,1.186006609350442886e-02,1.102188695222139359e-02,9.232234209775924683e-03,6.641190499067306519e-03,3.471953095868229866e-03,8.652762502280348538e-18
0.000000000000000000e+00,-1.804962987080216408e-03,-3.493603784590959549e-03,-4.957526922225952148e-03,-6.103336345404386520e-03,-6.858089007437229156e-03,-7.172547280788421631e-03,-7.021881174296140671e-03,-6.403758656233549118e-03,-5.334055051207542419e-03,-3.840684890747070312e-03,-1.956287305802106857e-03,2.893562777899205685e-04,2.876218408346176147e-03,5.799336824566125870e-03,9.071764536201953888e-03,1.272461377084255219e-02,1.680393703281879425e-02,2.136453613638877869e-02,2.646111324429512024e-02,3.213751316070556641e-02,3.841505572199821472e-02,4.528116062283515930e-02,5.267946794629096985e-02,6.050271913409233093e-02,6.858936697244644165e-02,7.672471553087234497e-02,8.464693278074264526e-02,9.205797314643859863e-02,9.863884001970291138e-02,1.040683686733245850e-01,1.080442219972610474e-01,1.103044897317886353e-01,1.106483489274978638e-01,1.089538633823394775e-01,1.051915064454078674e-01,9.943200647830963135e-02,9.184761345386505127e-02,8.270635455846786499e-02,7.235942780971527100e-02,6.122238934040069580e-02,4.975121095776557922e-02,3.841505572199821472e-02,2.766746096312999725e-02,1.791819371283054352e-02,9.507824666798114777e-03,2.686954336240887642e-03,-2.398284152150154114e-03,-5.713311955332756042e-03,-7.334200665354728699e-03,-7.438807282596826553e-03,-6.290622055530548096e-03,-4.216558299958705902e-03,-1.580413896590471268e-03,1.245923456735908985e-03,3.911267034709453583e-03,6.111656315624713898e-03,7.612529676407575607e-03,8.264808915555477142e-03,8.013646118342876434e-03,6.899184081703424454e-03,5.049315281212329865e-03,2.665088512003421783e-03,6.662292565285315177e-18
0.000000000000000000e+00,-3.763884538784623146e-03,-7.310196757316589355e-03,-1.043534558266401291e-02,-1.296243630349636078e-02,-1.475158892571926117e-02,-1.570693776011466980e-02,-1.577974110841751099e-02,-1.496737170964479446e-02,-1.330839935690164566e-02,-1.087432820349931717e-02,-7.758879102766513824e-03,-4.065980203449726105e-03,1.022834621835500002e-04,4.656470380723476410e-03,9.528179652988910675e-03,1.467512547969818115e-02,2.008229680359363556e-02,2.575901150703430176e-02,3.173210471868515015e-02,3.803586959838867188e-02,4.469980299472808838e-02,5.173536390066146851e-02,5.912323296070098877e-02,6.680248677730560303e-02,7.466302067041397095e-02,8.254230022430419922e-02,9.022715687751770020e-02,9.746092557907104492e-02,1.039556264877319336e-01,1.094086021184921265e-01,1.135223135352134705e-01,1.160259917378425598e-01,1.166971623897552490e-01,1.153814569115638733e-01,1.120087876915931702e-01,1.066044121980667114e-01,9.929375350475311279e-02,9.030023962259292603e-02,7.993602752685546875e-02,6.858612596988677979e-02,5.668678507208824158e-02,4.469980299472808838e-02,3.308444842696189880e-02,2.226921357214450836e-02,1.262547448277473450e-02,4.445084370672702789e-03,-2.076327335089445114e-03,-6.849073339253664017e-03,-9.891392663121223450e-03,-1.132354699075222015e-02,-1.135454420000314713e-02,-1.026255451142787933e-02,-8.370652794837951660e-03,-6.019836291670799255e-03,-3.541540587320923805e-03,-1.231878646649420261e-03,6.703148828819394112e-04,1.999864354729652405e-03,2.674776595085859299e-03,2.698192140087485313e-03,2.152692759409546852e-03,1.187538146041333675e-03,3.009532049832293143e-18
0.000000000000000000e+00,-6.283804774284362793e-03,-1.222209073603153229e-02,-1.749088987708091736e-02,-2.180757559835910797e-02,-2.494731731712818146e-02,-2.675487659871578217e-02,-2.715085633099079132e-02,-2.613203972578048706e-02,-2.376588620245456696e-02,-2.017986401915550232e-02,-1.554667390882968903e-02,-1.006680913269519806e-02,-3.950091544538736343e-03,2.602098276838660240e-03,9.412272833287715912e-03,1.633858680725097656e-02,2.328186295926570892e-02,3.018733859062194824e-02,3.704108297824859619e-02,4.386155679821968079e-02,5.068723112344741821e-02,5.756162852048873901e-02,6.451734900474548340e-02,7.156076282262802124e-02,7.865913957357406616e-02,8.573147654533386230e-02,9.264439344406127930e-02,9.921356290578842163e-02,1.052109301090240479e-01,1.103773415088653564e-01,1.144396066665649414e-01,1.171307638287544250e-01,1.182116717100143433e-01,1.174923330545425415e-01,1.148507744073867798e-01,1.102479845285415649e-01,1.037372872233390808e-01,9.546726942062377930e-02,8.567774295806884766e-02,7.468882203102111816e-02,6.288381665945053101e-02,5.068723112344741821e-02,3.853937238454818726e-02,2.686960995197296143e-02,1.607035659253597260e-02,6.473728455603122711e-03,-1.667222240939736366e-03,-8.191315457224845886e-03,-1.303511392325162888e-02,-1.623149216175079346e-02,-1.790114305913448334e-02,-1.823782548308372498e-02,-1.748871244490146637e-02,-1.593155227601528168e-02,-1.385063771158456802e-02,-1.151364389806985855e-02,-9.151286445558071136e-03,-6.941509433090686798e-03,-4.999441560357809067e-03,-3.373907180503010750e-03,-2.050616312772035599e-03,-9.616175084374845028e-04,-2.307737335686431647e-18
0.000000000000000000e+00,-9.318787604570388794e-03,-1.814038679003715515e-02,-2.599804848432540894e-02,-3.248359635472297668e-02,-3.727111220359802246e-02,-4.013447090983390808e-02,-4.095740616321563721e-02,-3.973556682467460632e-02,-3.657051920890808105e-02,-3.165643662214279175e-02,-2.526069246232509613e-02,-1.770015992224216461e-02,-9.315224364399909973e-03,-4.437617317307740450e-04,8.602792397141456604e-03,1.755933277308940887e-02,2.622141316533088684e-02,3.445300832390785217e-02,4.218727350234985352e-02,4.942056909203529358e-02,5.620048195123672485e-02,6.260930001735687256e-02,6.874453276395797729e-02,7.469854503870010376e-02,8.053930103778839111e-02,8.629405498504638672e-02,9.193769097328186035e-02,9.738679975271224976e-02,1.025001630187034607e-01,1.070856451988220215e-01,1.109130159020423889e-01,1.137315258383750916e-01,1.152907386422157288e-01,1.153627857565879822e-01,1.137640550732612610e-01,1.103743836283683777e-01,1.051519960165023804e-01,9.814289212226867676e-02,8.948362618684768677e-02,7.939738035202026367e-02,6.818336248397827148e-02,5.620048195123672485e-02,4.384650662541389465e-02,3.153442963957786560e-02,1.966793090105056763e-02,8.617824874818325043e-03,-1.298612100072205067e-03,-9.833896532654762268e-03,-1.682101562619209290e-02,-2.217785082757472992e-02,-2.590525895357131958e-02,-2.807920426130294800e-02,-2.883792482316493988e-02,-2.836542204022407532e-02,-2.687294036149978638e-02,-2.458015456795692444e-02,-2.169778198003768921e-02,-1.841316744685173035e-02,-1.488000620156526566e-02,-1.121297199279069901e-02,-7.487541064620018005e-03,-3.744724905118346214e-03,-9.196118421512343698e-18
0.000000000000000000e+00,-1.278925593942403793e-02,-2.491066046059131622e-02,-3.573671728372573853e-02,-4.471772909164428711e-02,-5.141361430287361145e-02,-5.551787465810775757e-02,-5.687206238508224487e-02,-5.546987056732177734e-02,-5.145074799656867981e-02,-4.508379474282264709e-02,-3.674333915114402771e-02,-2.687833644449710846e-02,-1.597803272306919098e-02,-4.536672960966825485e-03,6.980013102293014526e-03,1.816404238343238831e-02,2.868799120187759399e-02,3.831986710429191589e-02,4.692921042442321777e-02,5.448430404067039490e-02,6.104116514325141907e-02,6.672558188438415527e-02,7.171010226011276245e-02,7.618808001279830933e-02,8.034730702638626099e-02,8.434552699327468872e-02,8.828992396593093872e-02,9.222240000963211060e-02,9.611184149980545044e-02,9.985381364822387695e-02,1.032777354121208191e-01,1.061606481671333313e-01,1.082463935017585754e-01,1.092683598399162292e-01,1.089738532900810242e-01,1.071478649973869324e-01,1.036343574523925781e-01,9.835311770439147949e-02,9.131097793579101562e-02,8.260635286569595337e-02,7.242700457572937012e-02,6.104116514325141907e-02,4.878288134932518005e-02,3.603295981884002686e-02,2.319697104394435883e-02,1.068218238651752472e-02,-1.124782604165375233e-03,-1.187793165445327759e-02,-2.128812670707702637e-02,-2.913455292582511902e-02,-3.527091071009635925e-02,-3.962625190615653992e-02,-4.220088198781013489e-02,-4.305817559361457825e-02,-4.231334850192070007e-02,-4.012060910463333130e-02,-3.665992990136146545e-02,-3.212478756904602051e-02,-2.671191841363906860e-02,-2.061381936073303223e-02,-1.401440985500812531e-02,-7.087832782417535782e-03,-1.747224491138198491e-17
0.000000000000000000e+00,-1.658648066222667694e-02,-3.232166916131973267e-02,-4.640518873929977417e-02,-5.813494697213172913e-02,-6.694762408733367920e-02,-7.244960963726043701e-02,-7.443618774414062500e-02,-7.289797812700271606e-02,-6.801426410675048828e-02,-6.013403832912445068e-02,-4.974643886089324951e-02,-3.744282200932502747e-02,-2.387363649904727936e-02,-9.703212417662143707e-03,4.434096626937389374e-03,1.797327212989330292e-02,3.045077808201313019e-02,4.152737930417060852e-02,5.100032314658164978e-02,5.880440399050712585e-02,6.500236690044403076e-02,6.976584345102310181e-02,7.334873080253601074e-02,7.605557143688201904e-02,7.820755988359451294e-02,8.010911196470260620e-02,8.201768994331359863e-02,8.411922305822372437e-02,8.651092648506164551e-02,8.919271081686019897e-02,9.206753224134445190e-02,9.495044499635696411e-02,9.758528321981430054e-02,9.966745227575302124e-02,1.008706763386726379e-01,1.008756384253501892e-01,9.939794242382049561e-02,9.621337056159973145e-02,9.117846935987472534e-02,8.424498140811920166e-02,7.546726614236831665e-02,6.500236690044403076e-02,5.310298129916191101e-02,4.010407254099845886e-02,2.640448324382305145e-02,1.244497019797563553e-02,-1.315552974119782448e-03,-1.442384812980890274e-02,-2.645466476678848267e-02,-3.703015670180320740e-02,-4.583539813756942749e-02,-5.262934789061546326e-02,-5.725112929940223694e-02,-5.962168425321578979e-02,-5.974145606160163879e-02,-5.768473818898200989e-02,-5.359166488051414490e-02,-4.765880107879638672e-02,-4.012913629412651062e-02,-3.128229081630706787e-02,-2.142541855573654175e-02,-1.088505703955888748e-02,-2.687361083110649881e-17
0.000000000000000000e+00,-2.057882957160472870e-02,-4.011748731136322021e-02,-5.763746425509452820e-02,-7.227940112352371216e-02,-8.335246145725250244e-02,-9.037239104509353638e-02,-9.308566153049468994e-02,-9.147836267948150635e-02,-8.576946705579757690e-02,-7.638908177614212036e-02,-6.394375860691070557e-02,-4.917130246758460999e-02,-3.288867697119712830e-02,-1.593669690191745758e-02,8.744461811147630215e-04,1.681505516171455383e-02,3.127784654498100281e-02,4.380919411778450012e-02,5.412790179252624512e-02,6.213061511516571045e-02,6.788405776023864746e-02,7.160518318414688110e-02,7.363124936819076538e-02,7.438246905803680420e-02,7.432032376527786255e-02,7.390496879816055298e-02,7.355485856533050537e-02,7.361171394586563110e-02,7.431322336196899414e-02,7.577529549598693848e-02,7.798485457897186279e-02,8.080336451530456543e-02,8.398039638996124268e-02,8.717585355043411255e-02,8.998896926641464233e-02,9.199155122041702271e-02,9.276291728019714355e-02,9.192391484975814819e-02,8.916754275560379028e-02,8.428409695625305176e-02,7.717924565076828003e-02,6.788405776023864746e-02,5.655655264854431152e-02,4.347505420446395874e-02,2.902411669492721558e-02,1.367425639182329178e-02,-2.042889595031738281e-03,-1.756224408745765686e-02,-3.231395035982131958e-02,-4.575130343437194824e-02,-5.737640336155891418e-02,-6.676226854324340820e-02,-7.357057183980941772e-02,-7.756436616182327271e-02,-7.861573994159698486e-02,-7.670840620994567871e-02,-7.193569839000701904e-02,-6.449452042579650879e-02,-5.467581003904342651e-02,-4.285238683223724365e-02,-2.946464158594608307e-02,-1.500476710498332977e-02,-3.707391079982657960e-17
0.000000000000000000e+00,-2.461940422654151917e-02,-4.801231995224952698e-02,-6.902438402175903320e-02,-8.664067089557647705e-02,-1.000437885522842407e-01,-1.086588650941848755e-01,-1.121826916933059692e-01,-1.105951145291328430e-01,-1.041523516178131104e-01,-9.336278587579727173e-02,-7.894735783338546753e-02,-6.178749352693557739e-02,-4.286431521177291870e-02,-2.319354750216007233e-02,-3.760613268241286278e-03,1.453963760286569595e-02,3.095460869371891022e-02,4.491375014185905457e-02,5.605413019657135010e-02,6.423049420118331909e-02,6.950971484184265137e-02,7.215058058500289917e-02,7.257091999053955078e-02,7.130490988492965698e-02,6.895398348569869995e-02,6.613516062498092651e-02,6.343055516481399536e-02,6.134178861975669861e-02,6.025228276848793030e-02,6.040005385875701904e-02,6.186243891716003418e-02,6.455358862876892090e-02,6.823438405990600586e-02,7.253368943929672241e-02,7.697899639606475830e-02,8.103414624929428101e-02,8.414097130298614502e-02,8.576212078332901001e-02,8.542189747095108032e-02,8.274240046739578247e-02,7.747276872396469116e-02,6.950971484184265137e-02,5.890830606222152710e-02,4.588265344500541687e-02,3.079677000641822815e-02,1.414647512137889862e-02,-3.466171445325016975e-03,-2.136420272290706635e-02,-3.883076086640357971e-02,-5.514571815729141235e-02,-6.962183117866516113e-02,-8.163850754499435425e-02,-9.067162871360778809e-02,-9.631802141666412354e-02,-9.831371903419494629e-02,-9.654548019170761108e-02,-9.105528146028518677e-02,-8.203797787427902222e-02,-6.983254104852676392e-02,-5.490740016102790833e-02,-3.784084692597389221e-02,-1.929721608757972717e-02,-4.770196736999375738e-17
0.000000000000000000e+00,-2.855457924306392670e-02,-5.570711940526962280e-02,-8.013736456632614136e-02,-1.006832793354988098e-01,-1.164072081446647644e-01,-1.266474127769470215e-01,-1.310518682003021240e-01,-1.295922100543975830e-01,-1.225572153925895691e-01,-1.105265542864799500e-01,-9.432682394981384277e-02,-7.497323304414749146e-02,-5.360088497400283813e-02,-3.139065951108932495e-02,-9.494575671851634979e-03,1.103427726775407791e-02,2.930271998047828674e-02,4.462553560733795166e-02,5.655776336789131165e-02,6.490955501794815063e-02,6.974308937788009644e-02,7.135248929262161255e-02,7.022856920957565308e-02,6.701143085956573486e-02,6.243462488055229187e-02,5.726503953337669373e-02,5.224282294511795044e-02,4.802559316158294678e-02,4.514066129922866821e-02,4.394833743572235107e-02,4.461861029267311096e-02,4.712228477001190186e-02,5.123690143227577209e-02,5.656649172306060791e-02,6.257345527410507202e-02,6.862007826566696167e-02,7.401649653911590576e-02,7.807184010744094849e-02,8.014496415853500366e-02,7.969146221876144409e-02,7.630391418933868408e-02,6.974308937788009644e-02,5.995813012123107910e-02,4.709487408399581909e-02,3.149199858307838440e-02,1.366550661623477936e-02,-5.717175547033548355e-03,-2.587183006107807159e-02,-4.593852162361145020e-02,-6.502671539783477783e-02,-8.226179331541061401e-02,-9.683050215244293213e-02,-1.080228760838508606e-01,-1.152686551213264465e-01,-1.181663796305656433e-01,-1.165040060877799988e-01,-1.102701574563980103e-01,-9.965575486421585083e-02,-8.504606783390045166e-02,-6.700382381677627563e-02,-4.624423012137413025e-02,-2.360315620899200439e-02,-5.836308469488345457e-17
0.000000000000000000e+00,-3.223296999931335449e-02,-6.290698051452636719e-02,-9.055326133966445923e-02,-1.138776019215583801e-01,-1.318335533142089844e-01,-1.436797976493835449e-01,-1.490181535482406616e-01,-1.478098332881927490e-01,-1.403694003820419312e-01,-1.273368895053863525e-01,-1.096303686499595642e-01,-8.838228881359100342e-02,-6.486407667398452759e-02,-4.040413722395896912e-02,-1.630468852818012238e-02,6.236989982426166534e-03,2.619797550141811371e-02,4.278534650802612305e-02,5.547484010457992554e-02,6.403037160634994507e-02,6.850373744964599609e-02,6.921508163213729858e-02,6.671603769063949585e-02,6.173853576183319092e-02,5.513323470950126648e-02,4.780200868844985962e-02,4.062930122017860413e-02,3.441707417368888855e-02,2.982761338353157043e-02,2.733797207474708557e-02,2.720875665545463562e-02,2.946902625262737274e-02,3.391795232892036438e-02,4.014263674616813660e-02,4.755061119794845581e-02,5.541437864303588867e-02,6.292490661144256592e-02,6.925021857023239136e-02,7.359524816274642944e-02,7.525895535945892334e-02,7.368513196706771851e-02,6.850373744964599609e-02,5.956031754612922668e-02,4.693192243576049805e-02,3.092863596975803375e-02,1.208099257200956345e-02,-8.885907009243965149e-03,-3.108976595103740692e-02,-5.353767424821853638e-02,-7.517910748720169067e-02,-9.496226906776428223e-02,-1.118906438350677490e-01,-1.250766217708587646e-01,-1.337894201278686523e-01,-1.374948173761367798e-01,-1.358846127986907959e-01,-1.288947314023971558e-01,-1.167106553912162781e-01,-9.976061433553695679e-02,-7.869654893875122070e-02,-5.436406284570693970e-02,-2.776291966438293457e-02,-6.866158258284215548e-17
0.000000000000000000e+00,-3.551425039768218994e-02,-6.933832168579101562e-02,-9.987891465425491333e-02,-1.257304251194000244e-01,-1.457537710666656494e-01,-1.591385900974273682e-01,-1.654447317123413086e-01,-1.646207273006439209e-01,-1.569982618093490601e-01,-1.432634294033050537e-01,-1.244066879153251648e-01,-1.016552597284317017e-01,-7.639250904321670532e-02,-5.006966739892959595e-02,-2.411581575870513916e-02,1.481252838857471943e-04,2.158589661121368408e-02,3.930816426873207092e-02,5.271686241030693054e-02,6.152917072176933289e-02,6.578010320663452148e-02,6.580410897731781006e-02,6.219743192195892334e-02,5.576432868838310242e-02,4.745107889175415039e-02,3.827253729104995728e-02,2.923637256026268005e-02,2.127007022500038147e-02,1.515556313097476959e-02,1.147565431892871857e-02,1.057558692991733551e-02,1.254196371883153915e-02,1.720006205141544342e-02,2.412936277687549591e-02,3.269590064883232117e-02,4.209899902343750000e-02,5.142905563116073608e-02,5.973247811198234558e-02,6.607935577630996704e-02,6.962954252958297729e-02,6.969293206930160522e-02,6.578010320663452148e-02,5.764034390449523926e-02,4.528474807739257812e-02,2.899313904345035553e-02,9.304494597017765045e-03,-1.300839614123106003e-02,-3.697844222187995911e-02,-6.149549782276153564e-02,-8.536630868911743164e-02,-1.073796674609184265e-01,-1.263730674982070923e-01,-1.412970572710037231e-01,-1.512738615274429321e-01,-1.556469202041625977e-01,-1.540189087390899658e-01,-1.462759673595428467e-01,-1.325972378253936768e-01,-1.134490147233009338e-01,-8.956389129161834717e-02,-6.190620362758636475e-02,-3.162542358040809631e-02,-7.822309563224061086e-17
0.000000000000000000e+00,-3.827730938792228699e-02,-7.476470619440078735e-02,-1.077738627791404724e-01,-1.358132958412170410e-01,-1.576713770627975464e-01,-1.724819093942642212e-01,-1.797683686017990112e-01,-1.794642806053161621e-01,-1.719084233045578003e-01,-1.578158289194107056e-01,-1.382263749837875366e-01,-1.144347637891769409e-01,-8.790638297796249390e-02,-6.018482893705368042e-02,-3.279689326882362366e-02,-7.161218207329511642e-03,1.549370214343070984e-02,3.419708460569381714e-02,4.828502610325813293e-02,5.742852017283439636e-02,6.163899600505828857e-02,6.125158816576004028e-02,5.688773468136787415e-02,4.940009489655494690e-02,3.980375453829765320e-02,2.919862791895866394e-02,1.868835091590881348e-02,9.301108308136463165e-03,1.917598769068717957e-03,-2.789254533126950264e-03,-4.399056546390056610e-03,-2.770500723272562027e-03,1.951707876287400723e-03,9.349713101983070374e-03,1.876399852335453033e-02,2.934119664132595062e-02,4.009487852454185486e-02,4.997523128986358643e-02,5.794301629066467285e-02,6.304302066564559937e-02,6.447231769561767578e-02,6.163899600505828857e-02,5.420778691768646240e-02,4.212974011898040771e-02,2.565416507422924042e-02,5.322227254509925842e-03,-1.805746927857398987e-02,-4.344974085688591003e-02,-6.964772194623947144e-02,-9.533849358558654785e-02,-1.191757246851921082e-01,-1.398549377918243408e-01,-1.561872661113739014e-01,-1.671674549579620361e-01,-1.720321625471115112e-01,-1.703054904937744141e-01,-1.618290543556213379e-01,-1.467751264572143555e-01,-1.256418228149414062e-01,-9.923094511032104492e-02,-6.860941648483276367e-02,-3.505657613277435303e-02,-8.671543472652242521e-17
0.000000000000000000e+00,-4.042726382613182068e-02,-7.900054007768630981e-02,-1.139698922634124756e-01,-1.437870264053344727e-01,-1.671905517578125000e-01,-1.832737177610397339e-01,-1.915303319692611694e-01,-1.918766498565673828e-01,-1.846475750207901001e-01,-1.705681234598159790e-01,-1.507019102573394775e-01,-1.263803392648696899e-01,-9.911708533763885498e-02,-7.051341980695724487e-02,-4.216050356626510620e-02,-1.554478518664836884e-02,8.037601597607135773e-03,2.755222283303737640e-02,4.227926582098007202e-02,5.184504389762878418e-02,5.623049288988113403e-02,5.575664713978767395e-02,5.104849487543106079e-02,4.298005625605583191e-02,3.260456398129463196e-02,2.107470296323299408e-02,9.558232501149177551e-03,-8.453628397546708584e-04,-9.181735105812549591e-03,-1.470713689923286438e-02,-1.693833991885185242e-02,-1.568398438394069672e-02,-1.105552446097135544e-02,-3.457328304648399353e-03,6.443200632929801941e-03,1.776333153247833252e-02,2.946727909147739410e-02,4.043889790773391724e-02,4.956003278493881226e-02,5.578945949673652649e-02,5.823733657598495483e-02,5.623049288988113403e-02,4.936435446143150330e-02,3.753830492496490479e-02,2.097224444150924683e-02,2.032679185504093766e-04,-2.393735945224761963e-02,-5.036560073494911194e-02,-7.780198752880096436e-02,-1.048414930701255798e-01,-1.300319582223892212e-01,-1.519562602043151855e-01,-1.693137586116790771e-01,-1.809959709644317627e-01,-1.861522495746612549e-01,-1.842417716979980469e-01,-1.750686168670654297e-01,-1.587979793548583984e-01,-1.359526813030242920e-01,-1.073899120092391968e-01,-7.425957918167114258e-02,-3.794657066464424133e-02,-9.386664273261486431e-17
0.000000000000000000e+00,-4.190088808536529541e-02,-8.192165940999984741e-02,-1.182862892746925354e-01,-1.494206637144088745e-01,-1.740381121635437012e-01,-1.912077069282531738e-01,-2.004010230302810669e-01,-2.015149891376495361e-01,-1.948693245649337769e-01,-1.811792254447937012e-01,-1.615050137042999268e-01,-1.371823549270629883e-01,-1.097372993826866150e-01,-8.079186081886291504e-02,-5.196586996316909790e-02,-2.478135935962200165e-02,-5.753696314059197903e-04,1.957361400127410889e-02,3.490116447210311890e-02,4.499125108122825623e-02,4.978765174746513367e-02,4.958210512995719910e-02,4.498048499226570129e-02,3.684950619935989380e-02,2.624778822064399719e-02,1.434598956257104874e-02,2.341392682865262032e-03,-8.627437986433506012e-03,-1.756034605205059052e-02,-2.366450242698192596e-02,-2.640818245708942413e-02,-2.555604651570320129e-02,-2.118381112813949585e-02,-1.367151923477649689e-02,-3.676015418022871017e-03,7.915455847978591919e-03,2.004741318523883820e-02,3.156997635960578918e-02,4.131955653429031372e-02,4.820121824741363525e-02,5.126734077930450439e-02,4.978765174746513367e-02,4.330601543188095093e-02,3.168043121695518494e-02,1.510356180369853973e-02,-5.897556897252798080e-03,-3.048278391361236572e-02,-5.753993242979049683e-02,-8.574328571557998657e-02,-1.136261224746704102e-01,-1.396630406379699707e-01,-1.623571515083312988e-01,-1.803270876407623291e-01,-1.923886388540267944e-01,-1.976261585950851440e-01,-1.954496055841445923e-01,-1.856336444616317749e-01,-1.683366894721984863e-01,-1.440984755754470825e-01,-1.138162389397621155e-01,-7.870092988014221191e-02,-4.021565243601799011e-02,-9.947932126913827363e-17
0.000000000000000000e+00,-4.267018288373947144e-02,-8.347224444150924683e-02,-1.206398606300354004e-01,-1.526042819023132324e-01,-1.780782788991928101e-01,-1.961234807968139648e-01,-2.061969339847564697e-01,-2.081745266914367676e-01,-2.023497819900512695e-01,-1.894084811210632324e-01,-1.703808009624481201e-01,-1.465742290019989014e-01,-1.194912940263748169e-01,-9.073756635189056396e-02,-6.192545592784881592e-02,-3.457988426089286804e-02,-1.005144137889146805e-02,1.055760867893695831e-02,2.645022235810756683e-02,3.717105463147163391e-02,4.262062162160873413e-02,4.304663091897964478e-02,3.901340812444686890e-02,3.135173395276069641e-02,2.109259366989135742e-02,9.389347396790981293e-03,-2.566518262028694153e-03,-1.363049726933240891e-02,-2.278551459312438965e-02,-2.921251580119132996e-02,-3.234670311212539673e-02,-3.191582113504409790e-02,-2.795816026628017426e-02,-2.081913873553276062e-02,-1.112682186067104340e-02,2.519937697798013687e-04,1.227225828915834427e-02,2.378374524414539337e-02,3.361200541257858276e-02,4.064196348190307617e-02,4.389876872301101685e-02,4.262062162160873413e-02,3.631892055273056030e-02,2.482166700065135956e-02,8.297338150441646576e-03,-1.274259295314550400e-02,-3.746279329061508179e-02,-6.474396586418151855e-02,-9.324123710393905640e-02,-1.214576736092567444e-01,-1.478285789489746094e-01,-1.708116829395294189e-01,-1.889775991439819336e-01,-2.010954320430755615e-01,-2.062081545591354370e-01,-2.036932557821273804e-01,-1.933049708604812622e-01,-1.751953661441802979e-01,-1.499131321907043457e-01,-1.183795928955078125e-01,-8.184368908405303955e-02,-4.181804880499839783e-02,-1.034403120282953990e-16
0.000000000000000000e+00,-4.274381697177886963e-02,-8.366772532463073730e-02,-1.210491359233856201e-01,-1.533543765544891357e-01,-1.793192774057388306e-01,-1.980141401290893555e-01,-2.088890820741653442e-01,-2.117976695299148560e-01,-2.069970816373825073e-01,-1.951254904270172119e-01,-1.771577596664428711e-01,-1.543426364660263062e-01,-1.281251162290573120e-01,-1.000590398907661438e-01,-7.171502709388732910e-02,-4.458948597311973572e-02,-2.002018690109252930e-02,8.866538992151618004e-04,1.731338724493980408e-02,2.876887097954750061e-02,3.510520607233047485e-02,3.651260212063789368e-02,3.349294513463973999e-02,2.681411616504192352e-02,1.744814030826091766e-02,6.497364025563001633e-03,-4.886483307927846909e-03,-1.558504905551671982e-02,-2.459255047142505646e-02,-3.108629770576953888e-02,-3.448396548628807068e-02,-3.448396548628807068e-02,-3.108629770576953888e-02,-2.459255047142505646e-02,-1.558504905551671982e-02,-4.886483307927846909e-03,6.497364025563001633e-03,1.744814030826091766e-02,2.681411616504192352e-02,3.349294513463973999e-02,3.651260212063789368e-02,3.510520607233047485e-02,2.876887097954750061e-02,1.731338724493980408e-02,8.866538992151618004e-04,-2.002018690109252930e-02,-4.458948597311973572e-02,-7.171502709388732910e-02,-1.000590398907661438e-01,-1.281251162290573120e-01,-1.543426364660263062e-01,-1.771577596664428711e-01,-1.951254904270172119e-01,-2.069970816373825073e-01,-2.117976695299148560e-01,-2.088890820741653442e-01,-1.980141401290893555e-01,-1.793192774057388306e-01,-1.533543765544891357e-01,-1.210491359233856201e-01,-8.366772532463073730e-02,-4.274381697177886963e-02,-1.057252959000771814e-16
0.000000000000000000e+00,-4.216639697551727295e-02,-8.259342610836029053e-02,-1.196325793862342834e-01,-1.518118679523468018e-01,-1.779114454984664917e-01,-1.970248371362686157e-01,-2.086023688316345215e-01,-2.124744504690170288e-01,-2.088533937931060791e-01,-1.983139067888259888e-01,-1.817534267902374268e-01,-1.603350192308425903e-01,-1.354161053895950317e-01,-1.084673479199409485e-01,-8.098679035902023315e-02,-5.441410839557647705e-02,-3.005026653409004211e-02,-8.987229317426681519e-03,7.948124781250953674e-03,2.023268677294254303e-02,2.766624093055725098e-02,3.037010133266448975e-02,2.876560203731060028e-02,2.353399433195590973e-02,1.556052640080451965e-02,5.866370163857936859e-03,-4.467124585062265396e-03,-1.437691319733858109e-02,-2.289437688887119293e-02,-2.921414747834205627e-02,-3.275112807750701904e-02,-3.318201005458831787e-02,-3.046850301325321198e-02,-2.486075274646282196e-02,-1.688058860599994659e-02,-7.285636849701404572e-03,2.983458805829286575e-03,1.286937482655048370e-02,2.127372287213802338e-02,2.713704481720924377e-02,2.951796539127826691e-02,2.766624093055725098e-02,2.108482271432876587e-02,9.576680138707160950e-03,-6.726958323270082474e-03,-2.735911495983600616e-02,-5.153119936585426331e-02,-7.816828042268753052e-02,-1.059636697173118591e-01,-1.334497183561325073e-01,-1.590806692838668823e-01,-1.813225448131561279e-01,-1.987447887659072876e-01,-2.101077586412429810e-01,-2.144408226013183594e-01,-2.111060321331024170e-01,-1.998433470726013184e-01,-1.807943582534790039e-01,-1.545030176639556885e-01,-1.218928471207618713e-01,-8.422198146581649780e-02,-4.301853105425834656e-02,-1.063980054963196064e-16
0.000000000000000000e+00,-4.101564362645149231e-02,-8.039907366037368774e-02,-1.166009083390235901e-01,-1.482328474521636963e-01,-1.741370260715484619e-01,-1.934424936771392822e-01,-2.056060433387756348e-01,-2.104347348213195801e-01,-2.080894261598587036e-01,-1.990688294172286987e-01,-1.841752976179122925e-01,-1.644644588232040405e-01,-1.411816030740737915e-01,-1.156884878873825073e-01,-8.938516676425933838e-02,-6.363105773925781250e-02,-3.967014700174331665e-02,-1.856450736522674561e-02,-1.140140811912715435e-03,1.205185800790786743e-02,2.075656317174434662e-02,2.501779608428478241e-02,2.516204677522182465e-02,2.176487632095813751e-02,1.560209225863218307e-02,7.588837295770645142e-03,-1.289398875087499619e-03,-1.004939712584018707e-02,-1.778172142803668976e-02,-2.371644601225852966e-02,-2.727879211306571960e-02,-2.813092805445194244e-02,-2.619713731110095978e-02,-2.167054824531078339e-02,-1.500082015991210938e-02,-6.863461807370185852e-03,1.887414022348821163e-03,1.027990505099296570e-02,1.729482598602771759e-02,2.194131538271903992e-02,2.333256043493747711e-02,2.075656317174434662e-02,1.373709365725517273e-02,2.080591162666678429e-03,-1.409445516765117645e-02,-3.434795886278152466e-02,-5.792963877320289612e-02,-8.381110429763793945e-02,-1.107370629906654358e-01,-1.372927725315093994e-01,-1.619837731122970581e-01,-1.833231598138809204e-01,-1.999209672212600708e-01,-2.105701267719268799e-01,-2.143235653638839722e-01,-2.105574607849121094e-01,-1.990165561437606812e-01,-1.798384487628936768e-01,-1.535550355911254883e-01,-1.210709586739540100e-01,-8.361980319023132324e-02,-4.270087927579879761e-02,-1.056042231281790198e-16
0.000000000000000000e+00,-3.939760103821754456e-02,-7.728957384824752808e-02,-1.122440174221992493e-01,-1.429725289344787598e-01,-1.683923304080963135e-01,-1.876774281263351440e-01,-2.002960443496704102e-01,-2.060324102640151978e-01,-2.049918025732040405e-01,-1.975884586572647095e-01,-1.845173984766006470e-01,-1.667114496231079102e-01,-1.452862322330474854e-01,-1.214760243892669678e-01,-9.656424820423126221e-02,-7.181257754564285278e-02,-4.839269071817398071e-02,-2.732459083199501038e-02,-9.425060823559761047e-03,4.730787593871355057e-03,1.483265496790409088e-02,2.084160782396793365e-02,2.297973819077014923e-02,2.170364931225776672e-02,1.766353286802768707e-02,1.165042538195848465e-02,4.535087384283542633e-03,-2.797558670863509178e-03,-9.514163248240947723e-03,-1.489451527595520020e-02,-1.838483475148677826e-02,-1.963919028639793396e-02,-1.854612678289413452e-02,-1.523857098072767258e-02,-1.008612196892499924e-02,-3.670011181384325027e-03,3.257850185036659241e-03,9.829198941588401794e-03,1.512367185205221176e-02,1.823877543210983276e-02,1.836091652512550354e-02,1.483265496790409088e-02,7.211478892713785172e-03,-4.684098064899444580e-03,-2.074461244046688080e-02,-4.055835679173469543e-02,-6.341999769210815430e-02,-8.835914731025695801e-02,-1.141874641180038452e-01,-1.395618319511413574e-01,-1.630598306655883789e-01,-1.832630485296249390e-01,-1.988428235054016113e-01,-2.086434215307235718e-01,-2.117568254470825195e-01,-2.075846046209335327e-01,-1.958825290203094482e-01,-1.767849028110504150e-01,-1.508068591356277466e-01,-1.188239902257919312e-01,-8.203053474426269531e-02,-4.187829047441482544e-02,-1.035609546662750330e-16
0.000000000000000000e+00,-3.744019195437431335e-02,-7.351256161928176880e-02,-1.069133207201957703e-01,-1.364635080099105835e-01,-1.611633747816085815e-01,-1.802378147840499878e-01,-1.931701302528381348e-01,-1.997228562831878662e-01,-1.999442577362060547e-01,-1.941602826118469238e-01,-1.829524338245391846e-01,-1.671227365732192993e-01,-1.476476490497589111e-01,-1.256234347820281982e-01,-1.022061556577682495e-01,-7.854918390512466431e-02,-5.574228614568710327e-02,-3.475521877408027649e-02,-1.638936623930931091e-02,-1.240036566741764545e-03,1.032829470932483673e-02,1.819240301847457886e-02,2.246577851474285126e-02,2.347941696643829346e-02,2.174917235970497131e-02,1.793171465396881104e-02,1.277189608663320541e-02,7.044949568808078766e-03,1.497264485806226730e-03,-3.210296388715505600e-03,-6.552712991833686829e-03,-8.181268349289894104e-03,-7.951258681714534760e-03,-5.934849381446838379e-03,-2.417940180748701096e-03,2.119049662724137306e-03,7.035463582724332809e-03,1.157769747078418732e-02,1.493649743497371674e-02,1.631049066781997681e-02,1.497167162597179413e-02,1.032829470932483673e-02,1.980695407837629318e-03,-1.023407932370901108e-02,-2.621230110526084900e-02,-4.557080939412117004e-02,-6.765293329954147339e-02,-9.155330806970596313e-02,-1.161605492234230042e-01,-1.402155309915542603e-01,-1.623817831277847290e-01,-1.813238859176635742e-01,-1.957888305187225342e-01,-2.046852111816406250e-01,-2.071549594402313232e-01,-2.026330083608627319e-01,-1.908906549215316772e-01,-1.720596253871917725e-01,-1.466349810361862183e-01,-1.154562383890151978e-01,-7.966785132884979248e-02,-4.066092148423194885e-02,-1.005414741152155646e-16
0.000000000000000000e+00,-3.528555482625961304e-02,-6.934351474046707153e-02,-1.010006219148635864e-01,-1.291897296905517578e-01,-1.529965102672576904e-01,-1.716989278793334961e-01,-1.847975105047225952e-01,-1.920348852872848511e-01,-1.934037655591964722e-01,-1.891427934169769287e-01,-1.797203719615936279e-01,-1.658074259757995605e-01,-1.482402533292770386e-01,-1.279754340648651123e-01,-1.060391739010810852e-01,-8.347356319427490234e-02,-6.128293648362159729e-02,-4.038304463028907776e-02,-2.155607193708419800e-02,-5.413945764303207397e-03,7.627780549228191376e-03,1.736397854983806610e-02,2.380099706351757050e-02,2.714461833238601685e-02,2.777562476694583893e-02,2.621445059776306152e-02,2.307715639472007751e-02,1.902556046843528748e-02,1.471479050815105438e-02,1.074179541319608688e-02,7.598370313644409180e-03,5.631993990391492844e-03,5.017388612031936646e-03,5.740990396589040756e-03,7.599730510264635086e-03,1.021452993154525757e-02,1.305792853236198425e-02,1.549422275274991989e-02,1.682959310710430145e-02,1.636888273060321808e-02,1.347515266388654709e-02,7.627780549228191376e-03,-1.525118947029113770e-03,-1.412395667284727097e-02,-3.006801940500736237e-02,-4.900153353810310364e-02,-7.031704485416412354e-02,-9.317655116319656372e-02,-1.165496110916137695e-01,-1.392664462327957153e-01,-1.600830107927322388e-01,-1.777539998292922974e-01,-1.911091655492782593e-01,-1.991281807422637939e-01,-2.010086774826049805e-01,-1.962233334779739380e-01,-1.845615655183792114e-01,-1.661530286073684692e-01,-1.414711326360702515e-01,-1.113156452775001526e-01,-7.677562534809112549e-02,-3.917438164353370667e-02,-9.685728445879828396e-17
0.000000000000000000e+00,-3.308156505227088928e-02,-6.506933271884918213e-02,-9.491471946239471436e-02,-1.216575875878334045e-01,-1.444657444953918457e-01,-1.626687496900558472e-01,-1.757847964763641357e-01,-1.835391074419021606e-01,-1.858731508255004883e-01,-1.829440444707870483e-01,-1.751140058040618896e-01,-1.629304140806198120e-01,-1.470969617366790771e-01,-1.284375786781311035e-01,-1.078546345233917236e-01,-8.628342300653457642e-02,-6.464557349681854248e-02,-4.380354285240173340e-02,-2.451896108686923981e-02,-7.417099550366401672e-03,7.040375843644142151e-03,1.857270486652851105e-02,2.708622254431247711e-02,3.266896679997444153e-02,3.557393699884414673e-02,3.619194030761718750e-02,3.501574322581291199e-02,3.259780257940292358e-02,2.950437553226947784e-02,2.626913227140903473e-02,2.334956638514995575e-02,2.108929492533206940e-02,1.968915387988090515e-02,1.918935030698776245e-02,1.946426741778850555e-02,2.023066580295562744e-02,2.106904238462448120e-02,2.145695500075817108e-02,2.081225626170635223e-02,1.854330301284790039e-02,1.410265266895294189e-02,7.040375843644142151e-03,-2.947048051282763481e-03,-1.597604155540466309e-02,-3.194683417677879333e-02,-5.052859336137771606e-02,-7.116052508354187012e-02,-9.306955337524414062e-02,-1.153040453791618347e-01,-1.367819309234619141e-01,-1.563504338264465332e-01,-1.728537380695343018e-01,-1.852043122053146362e-01,-1.924531310796737671e-01,-1.938541382551193237e-01,-1.889183372259140015e-01,-1.774538308382034302e-01,-1.595886349678039551e-01,-1.357745677232742310e-01,-1.067714244127273560e-01,-7.361225783824920654e-02,-3.755161911249160767e-02,-9.283802709729292333e-17
0.000000000000000000e+00,-3.097311407327651978e-02,-6.097143143415451050e-02,-8.905731141567230225e-02,-1.143660619854927063e-01,-1.361389160156250000e-01,-1.537520736455917358e-01,-1.667402982711791992e-01,-1.748144477605819702e-01,-1.778716892004013062e-01,-1.759979724884033203e-01,-1.694624423980712891e-01,-1.587037295103073120e-01,-1.443085819482803345e-01,-1.269836276769638062e-01,-1.075213477015495300e-01,-8.676195144653320312e-02,-6.555292755365371704e-02,-4.470839723944664001e-02,-2.497045323252677917e-02,-6.974755786359310150e-03,8.777604438364505768e-03,2.194016054272651672e-02,3.233170509338378906e-02,3.993668034672737122e-02,4.489518329501152039e-02,4.748303815722465515e-02,4.808318987488746643e-02,4.715018346905708313e-02,4.517018049955368042e-02,4.261919111013412476e-02,3.992260247468948364e-02,3.741892799735069275e-02,3.533062711358070374e-02,3.374435007572174072e-02,3.260232135653495789e-02,3.170593455433845520e-02,3.073158673942089081e-02,2.925797179341316223e-02,2.680314332246780396e-02,2.286881394684314728e-02,1.698873750865459442e-02,8.777604438364505768e-03,-2.023332985118031502e-03,-1.550756301730871201e-02,-3.157485648989677429e-02,-4.991571605205535889e-02,-7.001049816608428955e-02,-9.114409983158111572e-02,-1.124357730150222778e-01,-1.328827589750289917e-01,-1.514151692390441895e-01,-1.669587641954421997e-01,-1.785016506910324097e-01,-1.851602494716644287e-01,-1.862402856349945068e-01,-1.812881529331207275e-01,-1.701293289661407471e-01,-1.528903692960739136e-01,-1.300032734870910645e-01,-1.021908521652221680e-01,-7.043431699275970459e-02,-3.592453524470329285e-02,-8.881061042622533964e-17
0.000000000000000000e+00,-2.909361384809017181e-02,-5.730922147631645203e-02,-8.379950374364852905e-02,-1.077775359153747559e-01,-1.285446435213088989e-01,-1.455153971910476685e-01,-1.582387983798980713e-01,-1.664148271083831787e-01,-1.699056178331375122e-01,-1.687403023242950439e-01,-1.631133705377578735e-01,-1.533760875463485718e-01,-1.400209963321685791e-01,-1.236600354313850403e-01,-1.049968451261520386e-01,-8.479452133178710938e-02,-6.384024024009704590e-02,-4.290849715471267700e-02,-2.272497117519378662e-02,-3.933045081794261932e-03,1.293495483696460724e-02,2.747999317944049835e-02,3.945048525929450989e-02,4.874733462929725647e-02,5.541932582855224609e-02,5.964905768632888794e-02,6.173016875982284546e-02,6.203733012080192566e-02,6.099105253815650940e-02,5.901973694562911987e-02,5.652179196476936340e-02,5.383063852787017822e-02,5.118540301918983459e-02,4.870964959263801575e-02,4.640011861920356750e-02,4.412658140063285828e-02,4.164325073361396790e-02,3.861119225621223450e-02,3.463035076856613159e-02,2.927901037037372589e-02,2.215780504047870636e-02,1.293495483696460724e-02,1.389142358675599098e-03,-1.255349535495042801e-02,-2.879151515662670135e-02,-4.703210666775703430e-02,-6.678871065378189087e-02,-8.739325404167175293e-02,-1.080228239297866821e-01,-1.277395933866500854e-01,-1.455417424440383911e-01,-1.604222208261489868e-01,-1.714314520359039307e-01,-1.777399480342864990e-01,-1.786962300539016724e-01,-1.738760024309158325e-01,-1.631189882755279541e-01,-1.465504616498947144e-01,-1.245856657624244690e-01,-9.791648387908935547e-02,-6.748069822788238525e-02,-3.441580012440681458e-02,-8.507895383753731611e-17
0.000000000000000000e+00,-2.755729481577873230e-02,-5.430517718195915222e-02,-7.946037501096725464e-02,-1.022912263870239258e-01,-1.221419200301170349e-01,-1.384546309709548950e-01,-1.507890075445175171e-01,-1.588381379842758179e-01,-1.624401658773422241e-01,-1.615849435329437256e-01,-1.564151793718338013e-01,-1.472212523221969604e-01,-1.344299912452697754e-01,-1.185871809720993042e-01,-1.003343015909194946e-01,-8.038044720888137817e-02,-5.947047844529151917e-02,-3.835104778409004211e-02,-1.773622445762157440e-02,1.725282869301736355e-03,1.947931945323944092e-02,3.509000316262245178e-02,4.825634881854057312e-02,5.882051959633827209e-02,6.676703691482543945e-02,7.221276313066482544e-02,7.538827508687973022e-02,7.661172747611999512e-02,7.625702768564224243e-02,7.471862435340881348e-02,7.237547636032104492e-02,6.955695897340774536e-02,6.651352345943450928e-02,6.339439749717712402e-02,6.023447215557098389e-02,5.695158988237380981e-02,5.335481837391853333e-02,4.916344583034515381e-02,4.403544589877128601e-02,3.760350123047828674e-02,2.951594069600105286e-02,1.947931945323944092e-02,7.299345917999744415e-03,-7.083378266543149948e-03,-2.356597036123275757e-02,-4.186688736081123352e-02,-6.152250245213508606e-02,-8.189760893583297729e-02,-1.022099256515502930e-01,-1.215673685073852539e-01,-1.390161514282226562e-01,-1.535966694355010986e-01,-1.644034683704376221e-01,-1.706452518701553345e-01,-1.717007756233215332e-01,-1.671662628650665283e-01,-1.568913161754608154e-01,-1.409998685121536255e-01,-1.198948174715042114e-01,-9.424544870853424072e-02,-6.495802104473114014e-02,-3.313135728240013123e-02,-8.190542578664087225e-17
0.000000000000000000e+00,-2.645270153880119324e-02,-5.213215947151184082e-02,-7.628891617059707642e-02,-9.822062402963638306e-02,-1.172943413257598877e-01,-1.329672932624816895e-01,-1.448054462671279907e-01,-1.524990499019622803e-01,-1.558746844530105591e-01,-1.549027413129806519e-01,-1.496998667716979980e-01,-1.405258029699325562e-01,-1.277741342782974243e-01,-1.119571328163146973e-01,-9.368477761745452881e-02,-7.363883405923843384e-02,-5.254280567169189453e-02,-3.112940117716789246e-02,-1.010707858949899673e-02,9.872364811599254608e-03,2.824320085346698761e-02,4.455025121569633484e-02,5.846676230430603027e-02,6.980433315038681030e-02,7.851406186819076538e-02,8.467863500118255615e-02,8.849582821130752563e-02,9.025436639785766602e-02,9.030388295650482178e-02,8.902107179164886475e-02,8.677463978528976440e-02,8.389172703027725220e-02,8.062849193811416626e-02,7.714735716581344604e-02,7.350291311740875244e-02,6.963787972927093506e-02,6.538980454206466675e-02,6.050825119018554688e-02,5.468143895268440247e-02,4.757051169872283936e-02,3.884882852435112000e-02,2.824320085346698761e-02,1.557378843426704407e-02,7.891714340075850487e-04,-1.600650511682033539e-02,-3.453699871897697449e-02,-5.435001105070114136e-02,-7.482683658599853516e-02,-9.520567953586578369e-02,-1.146176159381866455e-01,-1.321332305669784546e-01,-1.468169540166854858e-01,-1.577856391668319702e-01,-1.642672568559646606e-01,-1.656555682420730591e-01,-1.615568995475769043e-01,-1.518252342939376831e-01,-1.365831643342971802e-01,-1.162264347076416016e-01,-9.141181409358978271e-02,-6.302841007709503174e-02,-3.215412423014640808e-02,-7.949521338756346191e-17
0.000000000000000000e+00,-2.583781071007251740e-02,-5.090390518307685852e-02,-7.445035129785537720e-02,-9.577631950378417969e-02,-1.142503768205642700e-01,-1.293312460184097290e-01,-1.405863314867019653e-01,-1.477073729038238525e-01,-1.505223512649536133e-01,-1.490030586719512939e-01,-1.432675272226333618e-01,-1.335767805576324463e-01,-1.203256919980049133e-01,-1.040277928113937378e-01,-8.529426902532577515e-02,-6.480800360441207886e-02,-4.329361394047737122e-02,-2.148484066128730774e-02,-9.112709813052788377e-05,2.023480460047721863e-02,3.892636671662330627e-02,5.552758276462554932e-02,6.971096992492675781e-02,8.128745853900909424e-02,9.020755439996719360e-02,9.655342996120452881e-02,1.005223989486694336e-01,1.024028137326240540e-01,1.025440022349357605e-01,1.013224348425865173e-01,9.910666197538375854e-02,9.622374922037124634e-02,9.292985498905181885e-02,8.938748389482498169e-02,8.565136045217514038e-02,8.166445046663284302e-02,7.726459950208663940e-02,7.220174372196197510e-02,6.616456061601638794e-02,5.881471931934356689e-02,4.982616007328033447e-02,3.892636671662330627e-02,2.593622915446758270e-02,1.080512348562479019e-02,-6.361942738294601440e-03,-2.528780326247215271e-02,-4.551917687058448792e-02,-6.643632054328918457e-02,-8.727633953094482422e-02,-1.071691736578941345e-01,-1.251841932535171509e-01,-1.403846144676208496e-01,-1.518859714269638062e-01,-1.589149236679077148e-01,-1.608638912439346313e-01,-1.573377847671508789e-01,-1.481891870498657227e-01,-1.335391998291015625e-01,-1.137821301817893982e-01,-8.957324922084808350e-02,-6.180015578866004944e-02,-3.153923526406288147e-02,-7.798451027380071598e-17
0.000000000000000000e+00,-2.573700249195098877e-02,-5.066911876201629639e-02,-7.401758432388305664e-02,-9.505525231361389160e-02,-1.131307333707809448e-01,-1.276906430721282959e-01,-1.382989883422851562e-01,-1.446531265974044800e-01,-1.465954184532165527e-01,-1.441198885440826416e-01,-1.373732089996337891e-01,-1.266497075557708740e-01,-1.123800277709960938e-01,-9.511360526084899902e-02,-7.549548894166946411e-02,-5.423813685774803162e-02,-3.208967298269271851e-02,-9.799817577004432678e-03,1.191444788128137589e-02,3.240168094635009766e-02,5.110517516732215881e-02,6.758669018745422363e-02,8.154308050870895386e-02,9.281453490257263184e-02,1.013838201761245728e-01,1.073662564158439636e-01,1.109910830855369568e-01,1.125753223896026611e-01,1.124920099973678589e-01,1.111349090933799744e-01,1.088825166225433350e-01,1.060640066862106323e-01,1.029298081994056702e-01,9.962937980890274048e-02,9.619807451963424683e-02,9.255439043045043945e-02,8.850831538438796997e-02,8.378022909164428711e-02,7.802946120500564575e-02,7.089023292064666748e-02,6.201263144612312317e-02,5.110517516732215881e-02,3.797574341297149658e-02,2.256729453802108765e-02,4.985259845852851868e-03,-1.448608282953500748e-02,-3.538019210100173950e-02,-5.705879628658294678e-02,-7.873635739088058472e-02,-9.951739758253097534e-02,-1.184446066617965698e-01,-1.345546841621398926e-01,-1.469383984804153442e-01,-1.548005193471908569e-01,-1.575157493352890015e-01,-1.546762436628341675e-01,-1.461273282766342163e-01,-1.319886744022369385e-01,-1.126588359475135803e-01,-8.880266547203063965e-02,-6.132196635007858276e-02,-3.131106495857238770e-02,-7.743321755659127452e-17
0.000000000000000000e+00,-2.614010497927665710e-02,-5.140955001115798950e-02,-7.496833056211471558e-02,-9.603682160377502441e-02,-1.139235869050025940e-01,-1.280503422021865845e-01,-1.379731446504592896e-01,-1.433989852666854858e-01,-1.441967934370040894e-01,-1.404024064540863037e-01,-1.322168707847595215e-01,-1.199977919459342957e-01,-1.042438969016075134e-01,-8.557307720184326172e-02,-6.469471007585525513e-02,-4.237741231918334961e-02,-1.941361092031002045e-02,3.417201340198516846e-03,2.538462355732917786e-02,4.584083706140518188e-02,6.424938142299652100e-02,8.020738512277603149e-02,9.345975518226623535e-02,1.039042025804519653e-01,1.115866675972938538e-01,1.166872307658195496e-01,1.194973737001419067e-01,1.203899383544921875e-01,1.197839975357055664e-01,1.181068494915962219e-01,1.157561689615249634e-01,1.130650117993354797e-01,1.102725118398666382e-01,1.075025945901870728e-01,1.047527268528938293e-01,1.018937826156616211e-01,9.868142753839492798e-02,9.477853775024414062e-02,8.978722244501113892e-02,8.328828215599060059e-02,7.488519698381423950e-02,6.424938142299652100e-02,5.116302520036697388e-02,3.555610030889511108e-02,1.753418333828449249e-02,-2.605476416647434235e-03,-2.437160350382328033e-02,-4.709112271666526794e-02,-6.993585824966430664e-02,-9.196249395608901978e-02,-1.121634617447853088e-01,-1.295257210731506348e-01,-1.430935561656951904e-01,-1.520311236381530762e-01,-1.556803882122039795e-01,-1.536103636026382446e-01,-1.456539183855056763e-01,-1.319293975830078125e-01,-1.128449589014053345e-01,-8.908531069755554199e-02,-6.158102303743362427e-02,-3.146229311823844910e-02,-7.782258139708733528e-17
0.000000000000000000e+00,-2.700351178646087646e-02,-5.304209142923355103e-02,-7.718795537948608398e-02,-9.858619421720504761e-02,-1.164877787232398987e-01,-1.302784979343414307e-01,-1.395026594400405884e-01,-1.438804566860198975e-01,-1.433182656764984131e-01,-1.379110217094421387e-01,-1.279366314411163330e-01,-1.138423159718513489e-01,-9.622310101985931396e-02,-7.579361647367477417e-02,-5.335407704114913940e-02,-2.975209057331085205e-02,-5.842211190611124039e-03,1.755472645163536072e-02,3.969027847051620483e-02,5.992282554507255554e-02,7.774572074413299561e-02,9.280734509229660034e-02,1.049217730760574341e-01,1.140691563487052917e-01,1.203857660293579102e-01,1.241440474987030029e-01,1.257240325212478638e-01,1.255778372287750244e-01,1.241896525025367737e-01,1.220340281724929810e-01,1.195353716611862183e-01,1.170316934585571289e-01,1.147454679012298584e-01,1.127638220787048340e-01,1.110299676656723022e-01,1.093467772006988525e-01,1.073925942182540894e-01,1.047485545277595520e-01,1.009356230497360229e-01,9.545888006687164307e-02,8.785592019557952881e-02,7.774572074413299561e-02,6.487424671649932861e-02,4.915316775441169739e-02,3.068826347589492798e-02,9.795001707971096039e-03,-1.300063636153936386e-02,-3.697682544589042664e-02,-6.124575808644294739e-02,-8.479727059602737427e-02,-1.065537482500076294e-01,-1.254329681396484375e-01,-1.404146850109100342e-01,-1.506068259477615356e-01,-1.553062945604324341e-01,-1.540505141019821167e-01,-1.466557532548904419e-01,-1.332392245531082153e-01,-1.142234057188034058e-01,-9.032149612903594971e-02,-6.250498443841934204e-02,-3.195493295788764954e-02,-7.905782674942502257e-17
0.000000000000000000e+00,-2.825328335165977478e-02,-5.542477220296859741e-02,-8.047785609960556030e-02,-1.024643182754516602e-01,-1.205637753009796143e-01,-1.341175138950347900e-01,-1.426552832126617432e-01,-1.459136754274368286e-01,-1.438453495502471924e-01,-1.366183459758758545e-01,-1.246055960655212402e-01,-1.083648577332496643e-01,-8.860991150140762329e-02,-6.617446243762969971e-02,-4.197022691369056702e-02,-1.694153994321823120e-02,7.981397211551666260e-03,3.192795440554618835e-02,5.412878096103668213e-02,7.395135611295700073e-02,9.092725068330764771e-02,1.047694459557533264e-01,1.153785288333892822e-01,1.228373274207115173e-01,1.273941844701766968e-01,1.294357925653457642e-01,1.294513791799545288e-01,1.279904395341873169e-01,1.256168484687805176e-01,1.228625029325485229e-01,1.201836839318275452e-01,1.179234087467193604e-01,1.162825226783752441e-01,1.153018251061439514e-01,1.148569062352180481e-01,1.146662980318069458e-01,1.143128871917724609e-01,1.132771968841552734e-01,1.109806150197982788e-01,1.068356037139892578e-01,1.002993956208229065e-01,9.092725068330764771e-02,7.842140644788742065e-02,6.267169862985610962e-02,4.378466308116912842e-02,2.209837920963764191e-02,-1.818642136640846729e-03,-2.718515135347843170e-02,-5.304092541337013245e-02,-7.829488813877105713e-02,-1.017848774790763855e-01,-1.223453283309936523e-01,-1.388786137104034424e-01,-1.504253298044204712e-01,-1.562287062406539917e-01,-1.557888239622116089e-01,-1.489025950431823730e-01,-1.356866806745529175e-01,-1.165812984108924866e-01,-9.233456850051879883e-02,-6.396768987178802490e-02,-3.272333368659019470e-02,-8.097557551645776278e-17
0.000000000000000000e+00,-2.979005686938762665e-02,-5.836617946624755859e-02,-8.456874638795852661e-02,-1.073441579937934875e-01,-1.257915645837783813e-01,-1.392022520303726196e-01,-1.470898687839508057e-01,-1.492100358009338379e-01,-1.455681920051574707e-01,-1.364154070615768433e-01,-1.222322657704353333e-01,-1.037015169858932495e-01,-8.167095482349395752e-02,-5.710825324058532715e-02,-3.105028904974460602e-02,-4.549411591142416000e-03,2.138026803731918335e-02,4.581369459629058838e-02,6.795990467071533203e-02,8.719871938228607178e-02,1.031068786978721619e-01,1.154721379280090332e-01,1.242943033576011658e-01,1.297732293605804443e-01,1.322843879461288452e-01,1.323435455560684204e-01,1.305627375841140747e-01,1.276003867387771606e-01,1.241089329123497009e-01,1.206832826137542725e-01,1.178138703107833862e-01,1.158474981784820557e-01,1.149588748812675476e-01,1.151351332664489746e-01,1.161745563149452209e-01,1.177001073956489563e-01,1.191870272159576416e-01,1.200029924511909485e-01,1.194582059979438782e-01,1.168621927499771118e-01,1.115833148360252380e-01,1.031068786978721619e-01,9.108754247426986694e-02,7.539202272891998291e-02,5.612872168421745300e-02,3.366167098283767700e-02,8.607110008597373962e-03,-1.818766258656978607e-02,-4.568242281675338745e-02,-7.269715517759323120e-02,-9.797710925340652466e-02,-1.202658861875534058e-01,-1.383817791938781738e-01,-1.512925922870635986e-01,-1.581838279962539673e-01,-1.585156917572021484e-01,-1.520648747682571411e-01,-1.389480829238891602e-01,-1.196255609393119812e-01,-9.488376975059509277e-02,-6.579829007387161255e-02,-3.367888182401657104e-02,-8.335558589700963698e-17
0.000000000000000000e+00,-3.149540349841117859e-02,-6.163776665925979614e-02,-8.913803845643997192e-02,-1.128319278359413147e-01,-1.317342668771743774e-01,-1.450843214988708496e-01,-1.523796468973159790e-01,-1.533968150615692139e-01,-1.481978148221969604e-01,-1.371221095323562622e-01,-1.207643225789070129e-01,-9.993929415941238403e-02,-7.563590258359909058e-02,-4.896243289113044739e-02,-2.108646742999553680e-02,6.827500648796558380e-03,3.367913886904716492e-02,5.848862603306770325e-02,8.044508844614028931e-02,9.894427657127380371e-02,1.136133894324302673e-01,1.243215054273605347e-01,1.311750262975692749e-01,1.344985514879226685e-01,1.348021775484085083e-01,1.327375173568725586e-01,1.290450692176818848e-01,1.244964301586151123e-01,1.198350414633750916e-01,1.157195791602134705e-01,1.126735731959342957e-01,1.110450178384780884e-01,1.109786182641983032e-01,1.124029308557510376e-01,1.150335371494293213e-01,1.183922290802001953e-01,1.218412667512893677e-01,1.246306970715522766e-01,1.259556263685226440e-01,1.250197440385818481e-01,1.211007684469223022e-01,1.136133894324302673e-01,1.021650061011314392e-01,8.660037070512771606e-02,6.703154742717742920e-02,4.385061562061309814e-02,1.772375032305717468e-02,-1.043362170457839966e-02,-3.949954360723495483e-02,-6.820378452539443970e-02,-9.519833326339721680e-02,-1.191357672214508057e-01,-1.387506574392318726e-01,-1.529387831687927246e-01,-1.608289331197738647e-01,-1.618425399065017700e-01,-1.557371616363525391e-01,-1.426305174827575684e-01,-1.230034008622169495e-01,-9.768096357583999634e-02,-6.779305636882781982e-02,-3.471613675355911255e-02,-8.593592618703205363e-17
0.000000000000000000e+00,-3.323926404118537903e-02,-6.498821079730987549e-02,-9.383020550012588501e-02,-1.184920519590377808e-01,-1.379060596227645874e-01,-1.512611359357833862e-01,-1.580402851104736328e-01,-1.580422371625900269e-01,-1.513865292072296143e-01,-1.385013461112976074e-01,-1.200953498482704163e-01,-9.711463004350662231e-02,-7.068767398595809937e-02,-4.206118732690811157e-02,-1.253056619316339493e-02,1.663102582097053528e-02,4.424094781279563904e-02,6.926877796649932861e-02,9.088789671659469604e-02,1.085139364004135132e-01,1.218279749155044556e-01,1.307830959558486938e-01,1.355940550565719604e-01,1.367108225822448730e-01,1.347776353359222412e-01,1.305803060531616211e-01,1.249850466847419739e-01,1.188730299472808838e-01,1.130745634436607361e-01,1.083075776696205139e-01,1.051243171095848083e-01,1.038699671626091003e-01,1.046559661626815796e-01,1.073501557111740112e-01,1.115844696760177612e-01,1.167799532413482666e-01,1.221877261996269226e-01,1.269433051347732544e-01,1.301308423280715942e-01,1.308531016111373901e-01,1.283024102449417114e-01,1.218279749155044556e-01,1.109946295619010925e-01,9.562885761260986328e-02,7.584875822067260742e-02,5.207528173923492432e-02,2.502360008656978607e-02,-4.325467627495527267e-03,-3.477262333035469055e-02,-6.496326625347137451e-02,-9.346301853656768799e-02,-1.188409999012947083e-01,-1.397557109594345093e-01,-1.550381332635879517e-01,-1.637666523456573486e-01,-1.653288453817367554e-01,-1.594662368297576904e-01,-1.462986320257186890e-01,-1.263263821601867676e-01,-1.004101857542991638e-01,-6.972917169332504272e-02,-3.571995347738265991e-02,-8.843074261916138764e-17
0.000000000000000000e+00,-3.488796576857566833e-02,-6.815894693136215210e-02,-9.827876836061477661e-02,-1.238742545247077942e-01,-1.438025236129760742e-01,-1.572075188159942627e-01,-1.635606586933135986e-01,-1.626834869384765625e-01,-1.547510325908660889e-01,-1.402758806943893433e-01,-1.200739741325378418e-01,-9.521413594484329224e-02,-6.695443391799926758e-02,-3.666901588439941406e-02,-5.769849289208650589e-03,2.437222190201282501e-02,5.250231176614761353e-02,7.754796743392944336e-02,9.867340326309204102e-02,1.153183206915855408e-01,1.272192150354385376e-01,1.344119459390640259e-01,1.372157186269760132e-01,1.361994892358779907e-01,1.321331411600112915e-01,1.259266138076782227e-01,1.185609027743339539e-01,1.110154539346694946e-01,1.041966974735260010e-01,9.887228161096572876e-02,9.561546891927719116e-02,9.476333856582641602e-02,9.639158844947814941e-02,1.003078743815422058e-01,1.060640364885330200e-01,1.129868403077125549e-01,1.202251911163330078e-01,1.268109530210494995e-01,1.317294389009475708e-01,1.339949816465377808e-01,1.327266991138458252e-01,1.272192150354385376e-01,1.170035600662231445e-01,1.018941402435302734e-01,8.201802521944046021e-02,5.782449990510940552e-02,3.007364459335803986e-02,-1.957862696144729853e-04,-3.171759471297264099e-02,-6.306560337543487549e-02,-9.273344278335571289e-02,-1.192218437790870667e-01,-1.411280184984207153e-01,-1.572317183017730713e-01,-1.665723025798797607e-01,-1.685120761394500732e-01,-1.627815812826156616e-01,-1.495039463043212891e-01,-1.291964501142501831e-01,-1.027488261461257935e-01,-7.137968391180038452e-02,-3.657320141792297363e-02,-9.054933745636690339e-17
0.000000000000000000e+00,-3.631237149238586426e-02,-7.089992612600326538e-02,-1.021286845207214355e-01,-1.285410970449447632e-01,-1.489316374063491821e-01,-1.624080538749694824e-01,-1.684346646070480347e-01,-1.668556928634643555e-01,-1.578970104455947876e-01,-1.421465575695037842e-01,-1.205147653818130493e-01,-9.417730569839477539e-02,-6.450380384922027588e-02,-3.297676518559455872e-02,-1.105603645555675030e-03,2.965908311307430267e-02,5.800591409206390381e-02,8.283301442861557007e-02,1.033041551709175110e-01,1.188874319195747375e-01,1.293744295835494995e-01,1.348788738250732422e-01,1.358151286840438843e-01,1.328581273555755615e-01,1.268874853849411011e-01,1.189193725585937500e-01,1.100308448076248169e-01,1.012813746929168701e-01,9.363667666912078857e-02,8.789996057748794556e-02,8.465486764907836914e-02,8.422398567199707031e-02,8.664560317993164062e-02,9.167029708623886108e-02,9.877769649028778076e-02,1.072123348712921143e-01,1.160364598035812378e-01,1.241963356733322144e-01,1.305978596210479736e-01,1.341865658760070801e-01,1.340267360210418701e-01,1.293744295835494995e-01,1.197395697236061096e-01,1.049327105283737183e-01,8.509328216314315796e-02,6.069706380367279053e-02,3.254199400544166565e-02,1.712908269837498665e-03,-3.047308884561061859e-02,-6.253742426633834839e-02,-9.292294830083847046e-02,-1.200838834047317505e-01,-1.425774395465850830e-01,-1.591513603925704956e-01,-1.688220649957656860e-01,-1.709383428096771240e-01,-1.652265638113021851e-01,-1.518145501613616943e-01,-1.312322467565536499e-01,-1.043889522552490234e-01,-7.252848148345947266e-02,-3.716450557112693787e-02,-9.201544560894569049e-17
0.000000000000000000e+00,-3.739558532834053040e-02,-7.298456132411956787e-02,-1.050575971603393555e-01,-1.320942193269729614e-01,-1.528433710336685181e-01,-1.663882732391357422e-01,-1.721919178962707520e-01,-1.701204180717468262e-01,-1.604433804750442505e-01,-1.438110768795013428e-01,-1.212101951241493225e-01,-9.390100836753845215e-02,-6.333971023559570312e-02,-3.109091892838478088e-02,1.264342688955366611e-03,3.221969306468963623e-02,6.042784452438354492e-02,8.477353304624557495e-02,1.044305562973022461e-01,1.188997402787208557e-01,1.280256956815719604e-01,1.319916993379592896e-01,1.312932819128036499e-01,1.266925334930419922e-01,1.191563308238983154e-01,1.097824648022651672e-01,9.971874207258224487e-02,9.008023887872695923e-02,8.187009394168853760e-02,7.590902596712112427e-02,7.277803122997283936e-02,7.277803122997283936e-02,7.590902596712112427e-02,8.187009394168853760e-02,9.008023887872695923e-02,9.971874207258224487e-02,1.097824648022651672e-01,1.191563308238983154e-01,1.266925334930419922e-01,1.312932819128036499e-01,1.319916993379592896e-01,1.280256956815719604e-01,1.188997402787208557e-01,1.044305562973022461e-01,8.477353304624557495e-02,6.042784452438354492e-02,3.221969306468963623e-02,1.264342688955366611e-03,-3.109091892838478088e-02,-6.333971023559570312e-02,-9.390100836753845215e-02,-1.212101951241493225e-01,-1.438110768795013428e-01,-1.604433804750442505e-01,-1.701204180717468262e-01,-1.721919178962707520e-01,-1.663882732391357422e-01,-1.528433710336685181e-01,-1.320942193269729614e-01,-1.050575971603393555e-01,-7.298456132411956787e-02,-3.739558532834053040e-02,-9.258540613821922868e-17
0.000000000000000000e+00,-3.803983330726623535e-02,-7.422304898500442505e-02,-1.067948192358016968e-01,-1.341978162527084351e-01,-1.551561504602432251e-01,-1.687426716089248657e-01,-1.744255274534225464e-01,-1.720915138721466064e-01,-1.620448529720306396e-01,-1.449818462133407593e-01,-1.219429224729537964e-01,-9.424552321434020996e-02,-6.340186297893524170e-02,-3.102684766054153442e-02,1.258090487681329250e-03,3.191941231489181519e-02,5.959827080368995667e-02,8.318457752466201782e-02,1.018738895654678345e-01,1.152039095759391785e-01,1.230686530470848083e-01,1.257098317146301270e-01,1.236862689256668091e-01,1.178237423300743103e-01,1.091487705707550049e-01,9.881076961755752563e-02,8.799783140420913696e-02,7.785163074731826782e-02,6.938694417476654053e-02,6.342112272977828979e-02,6.051781028509140015e-02,6.094868853688240051e-02,6.467547267675399780e-02,7.135332375764846802e-02,8.035530149936676025e-02,9.081634879112243652e-02,1.016936823725700378e-01,1.118399277329444885e-01,1.200840175151824951e-01,1.253148317337036133e-01,1.265619695186614990e-01,1.230686530470848083e-01,1.143517717719078064e-01,1.002453342080116272e-01,8.092430979013442993e-02,5.690712109208106995e-02,2.903649955987930298e-02,-1.560421427711844444e-03,-3.353052213788032532e-02,-6.536823511123657227e-02,-9.549988061189651489e-02,-1.223738044500350952e-01,-1.445509642362594604e-01,-1.607905030250549316e-01,-1.701251268386840820e-01,-1.719218492507934570e-01,-1.659241616725921631e-01,-1.522732377052307129e-01,-1.315066665410995483e-01,-1.045345515012741089e-01,-7.259449362754821777e-02,-3.718769550323486328e-02,-9.206415000341281276e-17
0.000000000000000000e+00,-3.817202895879745483e-02,-7.447321712970733643e-02,-1.071367785334587097e-01,-1.345977932214736938e-01,-1.555787473917007446e-01,-1.691577285528182983e-01,-1.748152673244476318e-01,-1.724570542573928833e-01,-1.624114662408828735e-01,-1.454021334648132324e-01,-1.224976256489753723e-01,-9.504164755344390869e-02,-6.456805765628814697e-02,-3.270637616515159607e-02,-1.083685667254030704e-03,2.877101860940456390e-02,5.551406368613243103e-02,7.806065678596496582e-02,9.564040601253509521e-02,1.078316941857337952e-01,1.145730540156364441e-01,1.161513999104499817e-01,1.131681725382804871e-01,1.064860671758651733e-01,9.716008603572845459e-02,8.635772764682769775e-02,7.527354359626770020e-02,6.504379957914352417e-02,5.666682496666908264e-02,5.093405768275260925e-02,4.837630316615104675e-02,4.922844097018241882e-02,5.341474711894989014e-02,6.055565178394317627e-02,6.999522447586059570e-02,8.084760606288909912e-02,9.205915778875350952e-02,1.024822741746902466e-01,1.109561175107955933e-01,1.163889095187187195e-01,1.178366392850875854e-01,1.145730540156364441e-01,1.061464548110961914e-01,9.241967648267745972e-02,7.359060645103454590e-02,5.019187927246093750e-02,2.306959591805934906e-02,-6.657748483121395111e-03,-3.765779733657836914e-02,-6.845688074827194214e-02,-9.752234071493148804e-02,-1.233497634530067444e-01,-1.445499956607818604e-01,-1.599307805299758911e-01,-1.685682386159896851e-01,-1.698638498783111572e-01,-1.635836660861968994e-01,-1.498773247003555298e-01,-1.292756050825119019e-01,-1.026667281985282898e-01,-7.125248014926910400e-02,-3.648679330945014954e-02,-9.031801143498277389e-17
0.000000000000000000e+00,-3.774776682257652283e-02,-7.364821434020996094e-02,-1.059580370783805847e-01,-1.331355571746826172e-01,-1.539259701967239380e-01,-1.674289703369140625e-01,-1.731448471546173096e-01,-1.709961146116256714e-01,-1.613239049911499023e-01,-1.448592990636825562e-01,-1.226718500256538391e-01,-9.609873592853546143e-02,-6.665922701358795166e-02,-3.595999628305435181e-02,-5.597418639808893204e-03,2.293705753982067108e-02,4.834252968430519104e-02,6.958003342151641846e-02,8.592547476291656494e-02,9.700112789869308472e-02,1.027841940522193909e-01,1.035922244191169739e-01,1.000470295548439026e-01,9.301972389221191406e-02,8.356095850467681885e-02,7.282113283872604370e-02,6.196605414152145386e-02,5.209355801343917847e-02,4.415666684508323669e-02,3.889814019203186035e-02,3.680053725838661194e-02,3.805489465594291687e-02,4.254975169897079468e-02,4.988107457756996155e-02,5.938211828470230103e-02,7.017115503549575806e-02,8.121371269226074219e-02,9.139528870582580566e-02,9.959969669580459595e-02,1.047879904508590698e-01,1.060729175806045532e-01,1.027841940522193909e-01,9.452044218778610229e-02,8.118450641632080078e-02,6.300005316734313965e-02,4.050819575786590576e-02,1.454448327422142029e-02,-1.380251720547676086e-02,-4.324856027960777283e-02,-7.238363474607467651e-02,-9.975034743547439575e-02,-1.239262074232101440e-01,-1.436049491167068481e-01,-1.576722860336303711e-01,-1.652716994285583496e-01,-1.658562868833541870e-01,-1.592238843441009521e-01,-1.455333977937698364e-01,-1.253012269735336304e-01,-9.937805682420730591e-02,-6.890725344419479370e-02,-3.526707738637924194e-02,-8.728348281421974080e-17
0.000000000000000000e+00,-3.675343468785285950e-02,-7.172074168920516968e-02,-1.032173782587051392e-01,-1.297556310892105103e-01,-1.501275748014450073e-01,-1.634707301855087280e-01,-1.693122237920761108e-01,-1.675891429185867310e-01,-1.586438417434692383e-01,-1.431947648525238037e-01,-1.222851872444152832e-01,-9.721307456493377686e-02,-6.944701820611953735e-02,-4.053368046879768372e-02,-1.200281828641891479e-02,1.472408976405858994e-02,3.841583058238029480e-02,5.809904634952545166e-02,7.310739904642105103e-02,8.310958743095397949e-02,8.811491727828979492e-02,8.845653384923934937e-02,8.475407212972640991e-02,7.785854488611221313e-02,6.878355890512466431e-02,5.862774327397346497e-02,4.849361255764961243e-02,3.940841183066368103e-02,3.225209563970565796e-02,2.769701927900314331e-02,2.616319991648197174e-02,2.779175527393817902e-02,3.243798017501831055e-02,3.968420997262001038e-02,4.887130111455917358e-02,5.914645642042160034e-02,6.952399760484695435e-02,7.895503938198089600e-02,8.640146255493164062e-02,9.090936183929443359e-02,9.167726337909698486e-02,8.811491727828979492e-02,7.988885790109634399e-02,6.695210933685302734e-02,4.955612868070602417e-02,2.824435755610466003e-02,3.827839856967329979e-03,-2.265566401183605194e-02,-4.999656975269317627e-02,-7.687913626432418823e-02,-1.019540429115295410e-01,-1.239137426018714905e-01,-1.415662020444869995e-01,-1.539028733968734741e-01,-1.601570248603820801e-01,-1.598493307828903198e-01,-1.528178751468658447e-01,-1.392313241958618164e-01,-1.195841506123542786e-01,-9.467446058988571167e-02,-6.556545197963714600e-02,-3.353270143270492554e-02,-8.297147630776451305e-17
0.000000000000000000e+00,-3.520642220973968506e-02,-6.872342526912689209e-02,-9.895849227905273438e-02,-1.245067492127418518e-01,-1.442298889160156250e-01,-1.573182940483093262e-01,-1.633325517177581787e-01,-1.622219085693359375e-01,-1.543187648057937622e-01,-1.403099298477172852e-01,-1.211865097284317017e-01,-9.817641973495483398e-02,-7.266364991664886475e-02,-4.610006138682365417e-02,-1.991533674299716949e-02,4.569036420434713364e-03,2.621624991297721863e-02,4.413644596934318542e-02,5.773106962442398071e-02,6.671683490276336670e-02,7.112833857536315918e-02,7.129960507154464722e-02,6.782653182744979858e-02,6.151304021477699280e-02,5.330510437488555908e-02,4.421732202172279358e-02,3.525714203715324402e-02,2.735185623168945312e-02,2.128324098885059357e-02,1.763399131596088409e-02,1.674927398562431335e-02,1.871564984321594238e-02,2.335839904844760895e-02,3.025704063475131989e-02,3.877768665552139282e-02,4.811976850032806396e-02,5.737384408712387085e-02,6.558650732040405273e-02,7.182806730270385742e-02,7.525864243507385254e-02,7.518843561410903931e-02,7.112833857536315918e-02,6.282801181077957153e-02,5.029895529150962830e-02,3.382142260670661926e-02,1.393484789878129959e-02,-8.587484247982501984e-03,-3.277796506881713867e-02,-5.752589553594589233e-02,-8.163744956254959106e-02,-1.039008274674415588e-01,-1.231528893113136292e-01,-1.383435428142547607e-01,-1.485943645238876343e-01,-1.532481014728546143e-01,-1.519067287445068359e-01,-1.444556713104248047e-01,-1.310733705759048462e-01,-1.122253462672233582e-01,-8.864346146583557129e-02,-6.129131466150283813e-02,-3.131759539246559143e-02,-7.746680108946092744e-17
0.000000000000000000e+00,-3.315339609980583191e-02,-6.474554538726806641e-02,-9.330539405345916748e-02,-1.175364553928375244e-01,-1.363900303840637207e-01,-1.491225957870483398e-01,-1.553337126970291138e-01,-1.549824625253677368e-01,-1.483812630176544189e-01,-1.361680626869201660e-01,-1.192589029669761658e-01,-9.878424555063247681e-02,-7.601359486579895020e-02,-5.227349326014518738e-02,-2.886437810957431793e-02,-6.981806829571723938e-03,1.235293410718441010e-02,2.834848500788211823e-02,4.048204794526100159e-02,4.851892217993736267e-02,5.251219496130943298e-02,5.278320610523223877e-02,4.988468065857887268e-02,4.454954341053962708e-02,3.762933984398841858e-02,3.002672642469406128e-02,2.262682840228080750e-02,1.623216271400451660e-02,1.150547806173563004e-02,8.924164809286594391e-03,8.749054744839668274e-03,1.100932527333498001e-02,1.550414320081472397e-02,2.182050421833992004e-02,2.936570160090923309e-02,3.741190582513809204e-02,4.514962434768676758e-02,5.174631997942924500e-02,5.640625208616256714e-02,5.842759832739830017e-02,5.725325644016265869e-02,5.251219496130943298e-02,4.404887184500694275e-02,3.193912655115127563e-02,1.649177260696887970e-02,-1.764048123732209206e-03,-2.210470475256443024e-02,-4.364945366978645325e-02,-6.540703028440475464e-02,-8.632861822843551636e-02,-1.053642258048057556e-01,-1.215191707015037537e-01,-1.339077949523925781e-01,-1.418012827634811401e-01,-1.446674317121505737e-01,-1.422001719474792480e-01,-1.343375146389007568e-01,-1.212671399116516113e-01,-1.034194752573966980e-01,-8.144868165254592896e-02,-5.620262771844863892e-02,-2.868334576487541199e-02,-7.092294879377432381e-17
0.000000000000000000e+00,-3.066676110029220581e-02,-5.992623046040534973e-02,-8.645291626453399658e-02,-1.090795770287513733e-01,-1.268633604049682617e-01,-1.391374319791793823e-01,-1.455447077751159668e-01,-1.460518389940261841e-01,-1.409427076578140259e-01,-1.307922005653381348e-01,-1.164222434163093567e-01,-9.884349256753921509e-02,-7.918664067983627319e-02,-5.862829834222793579e-02,-3.831638023257255554e-02,-1.930003613233566284e-02,-2.468689111992716789e-03,1.149601954966783524e-02,2.215250767767429352e-02,2.931409142911434174e-02,3.304591774940490723e-02,3.364484757184982300e-02,3.160420060157775879e-02,2.756636217236518860e-02,2.226692624390125275e-02,1.647456921637058258e-02,1.093099452555179596e-02,6.295114755630493164e-03,3.095277352258563042e-03,1.692586345598101616e-03,2.257541753351688385e-03,4.761217162013053894e-03,8.981149643659591675e-03,1.452110800892114639e-02,2.084297686815261841e-02,2.730824798345565796e-02,3.322602435946464539e-02,3.790413960814476013e-02,4.069989919662475586e-02,4.106709361076354980e-02,3.859627246856689453e-02,3.304591774940490723e-02,2.436266839504241943e-02,1.268961932510137558e-02,-1.637518056668341160e-03,-1.810590177774429321e-02,-3.605148941278457642e-02,-5.469363182783126831e-02,-7.317616045475006104e-02,-9.061247110366821289e-02,-1.061320528388023376e-01,-1.189259216189384460e-01,-1.282885223627090454e-01,-1.336541473865509033e-01,-1.346260011196136475e-01,-1.309968531131744385e-01,-1.227601841092109680e-01,-1.101119145750999451e-01,-9.344236552715301514e-02,-7.331937551498413086e-02,-5.046334117650985718e-02,-2.571533806622028351e-02,-6.355243204623692559e-17
0.000000000000000000e+00,-2.783958241343498230e-02,-5.444467067718505859e-02,-7.865291833877563477e-02,-9.944144636392593384e-02,-1.159849837422370911e-01,-1.277008503675460815e-01,-1.342781037092208862e-01,-1.356890499591827393e-01,-1.321824043989181519e-01,-1.242592781782150269e-01,-1.126334741711616516e-01,-9.817948192358016968e-02,-8.187170326709747314e-02,-6.471935659646987915e-02,-4.770160093903541565e-02,-3.170728310942649841e-02,-1.748327165842056274e-02,-5.594663321971893311e-03,3.600751981139183044e-03,9.962559677660465240e-03,1.356214564293622971e-02,1.466247159987688065e-02,1.368519570678472519e-02,1.116796582937240601e-02,7.715331856161355972e-03,3.947045654058456421e-03,4.475929017644375563e-04,-2.279440639540553093e-03,-3.849035361781716347e-03,-4.021991975605487823e-03,-2.720169723033905029e-03,-2.901823063439223915e-05,3.812341950833797455e-03,8.432365953922271729e-03,1.335777249187231064e-02,1.805118098855018616e-02,2.195285446941852570e-02,2.452346496284008026e-02,2.528494782745838165e-02,2.385666966438293457e-02,1.998465880751609802e-02,1.356214564293622971e-02,4.640372935682535172e-03,-6.570722907781600952e-03,-1.971164532005786896e-02,-3.429140523076057434e-02,-4.971309378743171692e-02,-6.530518829822540283e-02,-8.035656809806823730e-02,-9.415310621261596680e-02,-1.060138195753097534e-01,-1.153246238827705383e-01,-1.215681210160255432e-01,-1.243480741977691650e-01,-1.234076470136642456e-01,-1.186408996582031250e-01,-1.100972518324851990e-01,-9.797917306423187256e-02,-8.263331651687622070e-02,-6.453593075275421143e-02,-4.427319765090942383e-02,-2.251739427447319031e-02,-5.561351648642248930e-17
0.000000000000000000e+00,-2.477930858731269836e-02,-4.850799962878227234e-02,-7.019715011119842529e-02,-8.897703886032104492e-02,-1.041465401649475098e-01,-1.152112036943435669e-01,-1.219074577093124390e-01,-1.242114976048469543e-01,-1.223325505852699280e-01,-1.166912168264389038e-01,-1.078847423195838928e-01,-9.664189815521240234e-02,-8.377086371183395386e-02,-7.010396569967269897e-02,-5.644324421882629395e-02,-4.351055249571800232e-02,-3.190570324659347534e-02,-2.207520976662635803e-02,-1.429355796426534653e-02,-8.657792583107948303e-03,-5.095307249575853348e-03,-3.383701900020241737e-03,-3.180721541866660118e-03,-4.061625804752111435e-03,-5.560862366110086441e-03,-7.214714307337999344e-03,-8.601645007729530334e-03,-9.377357549965381622e-03,-9.302092716097831726e-03,-8.258385583758354187e-03,-6.258266046643257141e-03,-3.439754247665405273e-03,-5.328682527760975063e-05,3.560533514246344566e-03,6.999895907938480377e-03,9.835043922066688538e-03,1.164323091506958008e-02,1.204272639006376266e-02,1.072345115244388580e-02,7.472124416381120682e-03,2.190361032262444496e-03,-5.095307249575853348e-03,-1.423185504972934723e-02,-2.494640462100505829e-02,-3.686028718948364258e-02,-4.950929060578346252e-02,-6.236849725246429443e-02,-7.487992942333221436e-02,-8.648122102022171021e-02,-9.663348644971847534e-02,-1.048469990491867065e-01,-1.107032522559165955e-01,-1.138726994395256042e-01,-1.141274496912956238e-01,-1.113488748669624329e-01,-1.055302098393440247e-01,-9.677451848983764648e-02,-8.528859168291091919e-02,-7.137344777584075928e-02,-5.541207641363143921e-02,-3.785515576601028442e-02,-1.920524612069129944e-02,-4.739392530987900987e-17
0.000000000000000000e+00,-2.160068973898887634e-02,-4.233761876821517944e-02,-6.139798462390899658e-02,-7.806730270385742188e-02,-9.177000075578689575e-02,-1.021002829074859619e-01,-1.088414490222930908e-01,-1.119722798466682434e-01,-1.116604655981063843e-01,-1.082436367869377136e-01,-1.021998152136802673e-01,-9.410957247018814087e-02,-8.461288362741470337e-02,-7.436393946409225464e-02,-6.398735940456390381e-02,-5.403880774974822998e-02,-4.497288912534713745e-02,-3.712036088109016418e-02,-3.067596256732940674e-02,-2.569736354053020477e-02,-2.211479656398296356e-02,-1.975013688206672668e-02,-1.834350824356079102e-02,-1.758496277034282684e-02,-1.714846678078174591e-02,-1.672533899545669556e-02,-1.605444028973579407e-02,-1.494676433503627777e-02,-1.330262050032615662e-02,-1.112024486064910889e-02,-8.495438843965530396e-03,-5.612527485936880112e-03,-2.727670129388570786e-03,-1.460987987229600549e-04,1.804688363336026669e-03,2.803504467010498047e-03,2.563486341387033463e-03,8.573426166549324989e-04,-2.462064381688833237e-03,-7.447257172316312790e-03,-1.404871325939893723e-02,-2.211479656398296356e-02,-3.139878809452056885e-02,-4.157221317291259766e-02,-5.224325880408287048e-02,-6.297869980335235596e-02,-7.332763075828552246e-02,-8.284530788660049438e-02,-9.111539274454116821e-02,-9.776940196752548218e-02,-1.025021523237228394e-01,-1.050827279686927795e-01,-1.053607240319252014e-01,-1.032678931951522827e-01,-9.881576150655746460e-02,-9.208999574184417725e-02,-8.324233442544937134e-02,-7.248117029666900635e-02,-6.006149575114250183e-02,-4.627508670091629028e-02,-3.144137188792228699e-02,-1.589926518499851227e-02,-3.919285305288936763e-17
0.000000000000000000e+00,-1.841835677623748779e-02,-3.615486621856689453e-02,-5.256807431578636169e-02,-6.709439307451248169e-02,-7.927995175123214722e-02,-8.880460262298583984e-02,-9.549643099308013916e-02,-9.933584928512573242e-02,-1.004492789506912231e-01,-9.909306466579437256e-02,-9.562906622886657715e-02,-9.049412608146667480e-02,-8.416572213172912598e-02,-7.712674140930175781e-02,-6.983195990324020386e-02,-6.267886608839035034e-02,-5.598487332463264465e-02,-4.997243732213973999e-02,-4.476302862167358398e-02,-4.037990421056747437e-02,-3.675916790962219238e-02,-3.376772627234458923e-02,-3.122634254395961761e-02,-2.893558517098426819e-02,-2.670221775770187378e-02,-2.436371892690658569e-02,-2.180878259241580963e-02,-1.899203471839427948e-02,-1.594182848930358887e-02,-1.276050508022308350e-02,-9.617260657250881195e-03,-6.734349299222230911e-03,-4.367930348962545395e-03,-2.785307355225086212e-03,-2.240582136437296867e-03,-2.950837835669517517e-03,-5.074894521385431290e-03,-8.696408011019229889e-03,-1.381268724799156189e-02,-2.033009193837642670e-02,-2.806630171835422516e-02,-3.675916790962219238e-02,-4.608132690191268921e-02,-5.565927550196647644e-02,-6.509533524513244629e-02,-7.399068027734756470e-02,-8.196769654750823975e-02,-8.868990093469619751e-02,-9.387819468975067139e-02,-9.732224047183990479e-02,-9.888669848442077637e-02,-9.851197898387908936e-02,-9.621015191078186035e-02,-9.205670654773712158e-02,-8.617932349443435669e-02,-7.874497771263122559e-02,-6.994666159152984619e-02,-5.999112501740455627e-02,-4.908858239650726318e-02,-3.744517639279365540e-02,-2.525861561298370361e-02,-1.271693315356969833e-02,-3.130219190128882476e-17
0.000000000000000000e+00,-1.533955801278352737e-02,-3.016695939004421234e-02,-4.400052130222320557e-02,-5.641721189022064209e-02,-6.707637012004852295e-02,-7.573727518320083618e-02,-8.226923644542694092e-02,-8.665371686220169067e-02,-8.897834271192550659e-02,-8.942364156246185303e-02,-8.824365586042404175e-02,-8.574229478836059570e-02,-8.224737644195556641e-02,-7.808460295200347900e-02,-7.355371117591857910e-02,-6.890858709812164307e-02,-6.434293836355209351e-02,-5.998262390494346619e-02,-5.588485673069953918e-02,-5.204423889517784119e-02,-4.840474203228950500e-02,-4.487627372145652771e-02,-4.135417193174362183e-02,-3.773956000804901123e-02,-3.395867347717285156e-02,-2.997912280261516571e-02,-2.582161687314510345e-02,-2.156586945056915283e-02,-1.735013909637928009e-02,-1.336431782692670822e-02,-9.837148711085319519e-03,-7.018636912107467651e-03,-5.159219261258840561e-03,-4.487512167543172836e-03,-5.188615992665290833e-03,-7.384927477687597275e-03,-1.112117804586887360e-02,-1.635508239269256592e-02,-2.295448444783687592e-02,-3.070132434368133545e-02,-3.930221125483512878e-02,-4.840474203228950500e-02,-5.761830136179924011e-02,-6.653770059347152710e-02,-7.476770132780075073e-02,-8.194652944803237915e-02,-8.776652812957763672e-02,-9.199040383100509644e-02,-9.446185827255249023e-02,-9.510999917984008789e-02,-9.394739568233489990e-02,-9.106216579675674438e-02,-8.660512417554855347e-02,-8.077324181795120239e-02,-7.379108667373657227e-02,-6.589198112487792969e-02,-5.730058252811431885e-02,-4.821842908859252930e-02,-3.881362453103065491e-02,-2.921544574201107025e-02,-1.951411366462707520e-02,-9.765495546162128448e-03,-2.398834695187865957e-17
0.000000000000000000e+00,-1.245749089866876602e-02,-2.455411478877067566e-02,-3.595058992505073547e-02,-4.634905979037284851e-02,-5.550957471132278442e-02,-6.326191872358322144e-02,-6.951192766427993774e-02,-7.424181699752807617e-02,-7.750476896762847900e-02,-7.941424101591110229e-02,-8.012928068637847900e-02,-7.983708381652832031e-02,-7.873457670211791992e-02,-7.701066881418228149e-02,-7.483084499835968018e-02,-7.232544571161270142e-02,-6.958264857530593872e-02,-6.664677709341049194e-02,-6.352188438177108765e-02,-6.018025800585746765e-02,-5.657476186752319336e-02,-5.265387147665023804e-02,-4.837765172123908997e-02,-4.373305290937423706e-02,-3.874685987830162048e-02,-3.349481523036956787e-02,-2.810577116906642914e-02,-2.276027388870716095e-02,-1.768333278596401215e-02,-1.313181780278682709e-02,-9.377375245094299316e-03,-6.686223670840263367e-03,-5.297483410686254501e-03,-5.401932168751955032e-03,-7.123061921447515488e-03,-1.050218194723129272e-02,-1.548900455236434937e-02,-2.193872816860675812e-02,-2.961606904864311218e-02,-3.820617496967315674e-02,-4.733168333768844604e-02,-5.657476186752319336e-02,-6.550244241952896118e-02,-7.369336485862731934e-02,-8.076375722885131836e-02,-8.639078587293624878e-02,-9.033125638961791992e-02,-9.243443608283996582e-02,-9.264788031578063965e-02,-9.101597964763641357e-02,-8.767142146825790405e-02,-8.282043039798736572e-02,-7.672309130430221558e-02,-6.967043131589889526e-02,-6.196041777729988098e-02,-5.387471243739128113e-02,-4.565833136439323425e-02,-3.750376403331756592e-02,-2.954092808067798615e-02,-2.183360792696475983e-02,-1.438263989984989166e-02,-7.135303691029548645e-03,-1.747565951295060381e-17
0.000000000000000000e+00,-9.845668449997901917e-03,-1.945864595472812653e-02,-2.862025424838066101e-02,-3.713859617710113525e-02,-4.485889524221420288e-02,-5.167053639888763428e-02,-5.751021951436996460e-02,-6.236098334193229675e-02,-6.624732166528701782e-02,-6.922693550586700439e-02,-7.138010859489440918e-02,-7.279765605926513672e-02,-7.356895506381988525e-02,-7.377117872238159180e-02,-7.346089184284210205e-02,-7.266905158758163452e-02,-7.139983028173446655e-02,-6.963362544775009155e-02,-6.733388453722000122e-02,-6.445717066526412964e-02,-6.096548214554786682e-02,-5.683946236968040466e-02,-5.209119990468025208e-02,-4.677505418658256531e-02,-4.099526256322860718e-02,-3.490918129682540894e-02,-2.872551418840885162e-02,-2.269720472395420074e-02,-1.710922457277774811e-02,-1.226199232041835785e-02,-8.451522327959537506e-03,-5.947846919298171997e-03,-4.973429255187511444e-03,-5.683394614607095718e-03,-8.149341680109500885e-03,-1.234826166182756424e-02,-1.815772801637649536e-02,-2.535804919898509979e-02,-3.364151716232299805e-02,-4.262831062078475952e-02,-5.188804119825363159e-02,-6.096548214554786682e-02,-6.940859556198120117e-02,-7.679677009582519531e-02,-8.276715874671936035e-02,-8.703704178333282471e-02,-8.942050486803054810e-02,-8.983814716339111328e-02,-8.831904083490371704e-02,-8.499478548765182495e-02,-8.008621633052825928e-02,-7.388377934694290161e-02,-6.672326475381851196e-02,-5.895875394344329834e-02,-5.093515291810035706e-02,-4.296235740184783936e-02,-3.529328480362892151e-02,-2.810744009912014008e-02,-2.150138281285762787e-02,-1.548671722412109375e-02,-9.995755739510059357e-03,-4.894246347248554230e-03,-1.193259897832149496e-17
0.000000000000000000e+00,-7.553671952337026596e-03,-1.497672963887453079e-02,-2.214652113616466522e-02,-2.895546332001686096e-02,-3.531653806567192078e-02,-4.116656258702278137e-02,-4.646695032715797424e-02,-5.120181292295455933e-02,-5.537372082471847534e-02,-5.899755656719207764e-02,-6.209323182702064514e-02,-6.467815488576889038e-02,-6.676033884286880493e-02,-6.833314150571823120e-02,-6.937232613563537598e-02,-6.983606517314910889e-02,-6.966807693243026733e-02,-6.880382448434829712e-02,-6.717941910028457642e-02,-6.474239379167556763e-02,-6.146335974335670471e-02,-5.734745413064956665e-02,-5.244419351220130920e-02,-4.685463383793830872e-02,-4.073477163910865784e-02,-3.429441526532173157e-02,-2.779117412865161896e-02,-2.151957526803016663e-02,-1.579577475786209106e-02,-1.093880739063024521e-02,-7.249596063047647476e-03,-4.989325068891048431e-03,-4.358828533440828323e-03,-5.480749998241662979e-03,-8.386037312448024750e-03,-1.300609670579433441e-02,-1.917151547968387604e-02,-2.661778964102268219e-02,-3.499792516231536865e-02,-4.390127584338188171e-02,-5.287740379571914673e-02,-6.146335974335670471e-02,-6.921244412660598755e-02,-7.572234421968460083e-02,-8.066053688526153564e-02,-8.378505706787109375e-02,-8.495896309614181519e-02,-8.415740728378295898e-02,-8.146667480468750000e-02,-7.707536220550537109e-02,-7.125813513994216919e-02,-6.435350328683853149e-02,-5.673728510737419128e-02,-4.879374057054519653e-02,-4.088678583502769470e-02,-3.333340957760810852e-02,-2.638148516416549683e-02,-2.019363828003406525e-02,-1.483848132193088531e-02,-1.028980966657400131e-02,-6.433810573071241379e-03,-3.083620686084032059e-03,-7.461517368266194452e-18
0.000000000000000000e+00,-5.604542326182126999e-03,-1.115336362272500992e-02,-1.659424044191837311e-02,-2.188140898942947388e-02,-2.697752602398395538e-02,-3.185428306460380554e-02,-3.649151697754859924e-02,-4.087485745549201965e-02,-4.499211534857749939e-02,-4.882892966270446777e-02,-5.236412212252616882e-02,-5.556555092334747314e-02,-5.838704109191894531e-02,-6.076702848076820374e-02,-6.262942403554916382e-02,-6.388691067695617676e-02,-6.444673240184783936e-02,-6.421867012977600098e-02,-6.312476098537445068e-02,-6.110987439751625061e-02,-5.815232545137405396e-02,-5.427337065339088440e-02,-4.954460635781288147e-02,-4.409224912524223328e-02,-3.809755668044090271e-02,-3.179286792874336243e-02,-2.545315399765968323e-02,-1.938325539231300354e-02,-1.390147302299737930e-02,-9.320469573140144348e-03,-5.926780868321657181e-03,-3.960405010730028152e-03,-3.596062073484063148e-03,-4.927672911435365677e-03,-7.957425899803638458e-03,-1.259052846580743790e-02,-1.863634586334228516e-02,-2.581615373492240906e-02,-3.377722203731536865e-02,-4.211249202489852905e-02,-5.038454383611679077e-02,-5.815232545137405396e-02,-6.499870121479034424e-02,-7.055687159299850464e-02,-7.453369349241256714e-02,-7.672812789678573608e-02,-7.704342901706695557e-02,-7.549204677343368530e-02,-7.219285517930984497e-02,-6.736084073781967163e-02,-6.128995865583419800e-02,-5.433049798011779785e-02,-4.686255380511283875e-02,-3.926770761609077454e-02,-3.190105780959129333e-02,-2.506568841636180878e-02,-1.899165660142898560e-02,-1.382100395858287811e-02,-9.600006975233554840e-03,-6.279214750975370407e-03,-3.721249522641301155e-03,-1.715715741738677025e-03,-4.092646479812290345e-18
0.000000000000000000e+00,-3.993979189544916153e-03,-7.980788126587867737e-03,-1.195383910089731216e-02,-1.590741239488124847e-02,-1.983637362718582153e-02,-2.373517304658889771e-02,-2.759608253836631775e-02,-3.140674158930778503e-02,-3.514727205038070679e-02,-3.878728672862052917e-02,-4.228322207927703857e-02,-4.557653516530990601e-02,-4.859308898448944092e-02,-5.124427750706672668e-02,-5.342998728156089783e-02,-5.504358932375907898e-02,-5.597877502441406250e-02,-5.613792687654495239e-02,-5.544146150350570679e-02,-5.383745953440666199e-02,-5.131070315837860107e-02,-4.789027944207191467e-02,-4.365488886833190918e-02,-3.873505815863609314e-02,-3.331179544329643250e-02,-2.761128917336463928e-02,-2.189572341740131378e-02,-1.645049266517162323e-02,-1.156850531697273254e-02,-7.532485760748386383e-03,-4.596490412950515747e-03,-2.967934589833021164e-03,-2.791523002088069916e-03,-4.136391449719667435e-03,-6.987603846937417984e-03,-1.124287769198417664e-02,-1.671503856778144836e-02,-2.314032055437564850e-02,-3.019213862717151642e-02,-3.749959915876388550e-02,-4.466954991221427917e-02,-5.131070315837860107e-02,-5.705819278955459595e-02,-6.159674748778343201e-02,-6.468084454536437988e-02,-6.615024805068969727e-02,-6.593984365463256836e-02,-6.408283114433288574e-02,-6.070716679096221924e-02,-5.602520331740379333e-02,-5.031749606132507324e-02,-4.391177743673324585e-02,-3.715872764587402344e-02,-3.040631115436553955e-02,-2.397462911903858185e-02,-1.813319325447082520e-02,-1.308232638984918594e-02,-8.940123021602630615e-03,-5.735937971621751785e-03,-3.410920267924666405e-03,-1.825499930419027805e-03,-7.732470403425395489e-04,-1.782709257286773921e-18
0.000000000000000000e+00,-2.691374626010656357e-03,-5.400474183261394501e-03,-8.144091814756393433e-03,-1.093700528144836426e-02,-1.379063352942466736e-02,-1.671135798096656799e-02,-1.969854533672332764e-02,-2.274237200617790222e-02,-2.582164295017719269e-02,-2.890187688171863556e-02,-3.193395957350730896e-02,-3.485369309782981873e-02,-3.758253902196884155e-02,-4.002976045012474060e-02,-4.209609329700469971e-02,-4.367892816662788391e-02,-4.467878863215446472e-02,-4.500684514641761780e-02,-4.459288343787193298e-02,-4.339322075247764587e-02,-4.139783978462219238e-02,-3.863607347011566162e-02,-3.518020361661911011e-02,-3.114637359976768494e-02,-2.669253200292587280e-02,-2.201314084231853485e-02,-1.733079366385936737e-02,-1.288504060357809067e-02,-8.919038809835910797e-03,-5.664797034114599228e-03,-3.328028833493590355e-03,-2.073672832921147346e-03,-2.013184595853090286e-03,-3.194631775841116905e-03,-5.596477538347244263e-03,-9.125694632530212402e-03,-1.362056564539670944e-02,-1.885819807648658752e-02,-2.456639520823955536e-02,-3.043924085795879364e-02,-3.615538403391838074e-02,-4.139783978462219238e-02,-4.587391018867492676e-02,-4.933384433388710022e-02,-5.158682540059089661e-02,-5.251312255859375000e-02,-5.207150429487228394e-02,-5.030119419097900391e-02,-4.731832444667816162e-02,-4.330694675445556641e-02,-3.850530460476875305e-02,-3.318831324577331543e-02,-2.764751948416233063e-02,-2.217002958059310913e-02,-1.701796427369117737e-02,-1.240998134016990662e-02,-8.506258949637413025e-03,-5.398058798164129257e-03,-3.102671355009078979e-03,-1.564113073982298374e-03,-6.595115992240607738e-04,-2.106831234414130449e-04,-4.182229829959053535e-19
0.000000000000000000e+00,-1.642609946429729462e-03,-3.308510873466730118e-03,-5.019690841436386108e-03,-6.795471534132957458e-03,-8.651044219732284546e-03,-1.059589162468910217e-02,-1.263214927166700363e-02,-1.475298497825860977e-02,-1.694113761186599731e-02,-1.916780695319175720e-02,-2.139207720756530762e-02,-2.356107905507087708e-02,-2.561106160283088684e-02,-2.746949158608913422e-02,-2.905820310115814209e-02,-3.029756620526313782e-02,-3.111149556934833527e-02,-3.143304213881492615e-02,-3.121020644903182983e-02,-3.041154146194458008e-02,-2.903108857572078705e-02,-2.709216251969337463e-02,-2.464953623712062836e-02,-2.178970724344253540e-02,-1.862897723913192749e-02,-1.530928723514080048e-02,-1.199188642203807831e-02,-8.849093690514564514e-03,-6.054614670574665070e-03,-3.772981464862823486e-03,-2.148814266547560692e-03,-1.296678557991981506e-03,-1.292290166020393372e-03,-2.165788318961858749e-03,-3.897670656442642212e-03,-6.417823024094104767e-03,-9.607863612473011017e-03,-1.330678910017013550e-02,-1.731965504586696625e-02,-2.142880484461784363e-02,-2.540692687034606934e-02,-2.903108857572078705e-02,-3.209677711129188538e-02,-3.443093970417976379e-02,-3.590309619903564453e-02,-3.643368184566497803e-02,-3.599898889660835266e-02,-3.463226556777954102e-02,-3.242091462016105652e-02,-2.949988842010498047e-02,-2.604177035391330719e-02,-2.224421314895153046e-02,-1.831567101180553436e-02,-1.446044631302356720e-02,-1.086415816098451614e-02,-7.680726703256368637e-03,-5.021828226745128632e-03,-2.949620597064495087e-03,-1.473284442909061909e-03,-5.496392841450870037e-04,-8.777881885180249810e-05,4.262639413354918361e-05,1.767230278182857399e-19
0.000000000000000000e+00,-7.744148606434464455e-04,-1.564014237374067307e-03,-2.383121056482195854e-03,-3.244316438212990761e-03,-4.157532006502151489e-03,-5.129121709614992142e-03,-6.160940509289503098e-03,-7.249481510370969772e-03,-8.385148830711841583e-03,-9.551747702062129974e-03,-1.072629727423191071e-02,-1.187925785779953003e-02,-1.297524198889732361e-02,-1.397426985204219818e-02,-1.483356580138206482e-02,-1.550985872745513916e-02,-1.596209779381752014e-02,-1.615443080663681030e-02,-1.605926454067230225e-02,-1.566016487777233124e-02,-1.495438255369663239e-02,-1.395473349839448929e-02,-1.269064005464315414e-02,-1.120814587920904160e-02,-9.568793699145317078e-03,-7.847343571484088898e-03,-6.128374487161636353e-03,-4.501928575336933136e-03,-3.058427479118108749e-03,-1.883164863102138042e-03,-1.050746650435030460e-03,-6.198661285452544689e-04,-6.288089789450168610e-04,-1.092051388695836067e-03,-1.998253399506211281e-03,-3.309862688183784485e-03,-4.964432679116725922e-03,-6.877642590552568436e-03,-8.947874419391155243e-03,-1.106208469718694687e-02,-1.310259755700826645e-02,-1.495438255369663239e-02,-1.651230081915855408e-02,-1.768781989812850952e-02,-1.841470226645469666e-02,-1.865324936807155609e-02,-1.839276961982250214e-02,-1.765207760035991669e-02,-1.647794619202613831e-02,-1.494161784648895264e-02,-1.313361339271068573e-02,-1.115717738866806030e-02,-9.120866656303405762e-03,-7.130792830139398575e-03,-5.283105652779340744e-03,-3.657264867797493935e-03,-2.310609677806496620e-03,-1.274620532058179379e-03,-5.531647475436329842e-04,-1.228499313583597541e-04,6.454136746469885111e-05,7.772096432745456696e-05,2.287088477754058702e-19
0.000000000000000000e+00,-1.862879809050566502e-18,-3.765987892831424398e-18,-5.747261649366399474e-18,-7.840021981680659068e-18,-1.007059887585237860e-17,-1.245593299082664408e-17,-1.500123308292070193e-17,-1.769781210134152024e-17,-2.052129882370144916e-17,-2.343043348104634368e-17,-2.636668642759317665e-17,-2.925493312010988211e-17,-3.200535167024055189e-17,-3.451668193611889454e-17,-3.668080148551687873e-17,-3.838858534330405882e-17,-3.953671865097256165e-17,-4.003519092298681698e-17,-3.981490941714149550e-17,-3.883493200183767255e-17,-3.708869417173412731e-17,-3.460863795045518952e-17,-3.146871328476309986e-17,-2.778430856138655548e-17,-2.370938690774005141e-17,-1.943067938402375834e-17,-1.515918487524892767e-17,-1.111925213433280412e-17,-7.535897448946962701e-18,-4.621098672357611329e-18,-2.559977998473505044e-18,-1.497843557164843421e-18,-1.529070659264485907e-18,-2.688716046313042368e-18,-4.947611261960361667e-18,-8.211461645483308274e-18,-1.232420944136124974e-17,-1.707561015330158303e-17,-2.221266810941312697e-17,-2.745427011442279786e-17,-3.250809550293803105e-17,-3.708869417173412731e-17,-4.093547444935483103e-17,-4.382935258748179750e-17,-4.560683468368269570e-17,-4.617049540541103003e-17,-4.549505611314717997e-17,-4.362852636964372323e-17,-4.068832280849133700e-17,-3.685253410685023791e-17,-3.234696071961270126e-17,-2.742882107569699141e-17,-2.236829883294252892e-17,-1.742927122419863002e-17,-1.285063049191244677e-17,-8.829591383367646923e-18,-5.508208933880412135e-18,-2.964127899214104315e-18,-1.206245640832496967e-18,-1.756198144503843526e-19,2.484547088222064743e-19,2.376626901653802605e-19,6.780943396006504810e-34
