0.000000000000000000e+00,0.000000000000000000e+00,0.000000000000000000e+00,0.000000000000000000e+00,0.000000000000000000e+00,0.000000000000000000e+00,0.000000000000000000e+00,0.000000000000000000e+00,0.000000000000000000e+00,0.000000000000000000e+00,0.000000000000000000e+00,0.000000000000000000e+00,0.000000000000000000e+00,0.000000000000000000e+00,0.000000000000000000e+00,0.000000000000000000e+00,0.000000000000000000e+00,0.000000000000000000e+00,0.000000000000000000e+00,0.000000000000000000e+00,0.000000000000000000e+00,0.000000000000000000e+00,0.000000000000000000e+00,0.000000000000000000e+00,0.000000000000000000e+00,0.000000000000000000e+00,0.000000000000000000e+00,0.000000000000000000e+00,0.000000000000000000e+00,0.000000000000000000e+00,0.000000000000000000e+00,0.000000000000000000e+00,0.000000000000000000e+00,0.000000000000000000e+00,0.000000000000000000e+00,0.000000000000000000e+00,0.000000000000000000e+00,0.000000000000000000e+00,0.000000000000000000e+00,0.000000000000000000e+00,0.000000000000000000e+00,0.000000000000000000e+00,0.000000000000000000e+00,0.000000000000000000e+00,0.000000000000000000e+00,0.000000000000000000e+00,0.000000000000000000e+00,0.000000000000000000e+00,0.000000000000000000e+00,0.000000000000000000e+00,0.000000000000000000e+00,0.000000000000000000e+00,0.000000000000000000e+00,0.000000000000000000e+00,0.000000000000000000e+00,0.000000000000000000e+00,0.000000000000000000e+00,0.000000000000000000e+00,0.000000000000000000e+00,0.000000000000000000e+00,0.000000000000000000e+00,0.000000000000000000e+00,0.000000000000000000e+00,0.000000000000000000e+00
0.000000000000000000e+00,-2.829084992408752441e-01,-5.598199367523193359e-01,-8.248679637908935547e-01,-1.072444915771484375e+00,-1.297323942184448242e+00,-1.494772553443908691e+00,-1.660655736923217773e+00,-1.791525483131408691e+00,-1.884695291519165039e+00,-1.938297390937805176e+00,-1.951323151588439941e+00,-1.923642992973327637e+00,-1.856008291244506836e+00,-1.750032544136047363e+00,-1.608155131340026855e+00,-1.433585524559020996e+00,-1.230231285095214844e+00,-1.002610921859741211e+00,-7.557529807090759277e-01,-4.950843453407287598e-01,-2.263099700212478638e-01,4.471357911825180054e-02,3.121073544025421143e-01,5.700995922088623047e-01,8.131527900695800781e-01,1.036084890365600586e+00,1.234182953834533691e+00,1.403305530548095703e+00,1.539972305297851562e+00,1.641439080238342285e+00,1.705755829811096191e+00,1.731807351112365723e+00,1.719334602355957031e+00,1.668937683105468750e+00,1.582059144973754883e+00,1.460948228836059570e+00,1.308608055114746094e+00,1.128725409507751465e+00,9.255853891372680664e-01,7.039733529090881348e-01,4.690652489662170410e-01,2.263099700212478638e-01,-1.869448274374008179e-02,-2.603277266025543213e-01,-4.930740892887115479e-01,-7.116469144821166992e-01,-9.111074805259704590e-01,-1.086976051330566406e+00,-1.235332131385803223e+00,-1.352901816368103027e+00,-1.437130689620971680e+00,-1.486240029335021973e+00,-1.499265789985656738e+00,-1.476078391075134277e+00,-1.417384505271911621e+00,-1.324708938598632812e+00,-1.200358629226684570e+00,-1.047369003295898438e+00,-8.694332242012023926e-01,-6.708170175552368164e-01,-4.562607407569885254e-01,-2.308703213930130005e-01,-5.692357867080437284e-16
0.000000000000000000e+00,-5.544794201850891113e-01,-1.097148537635803223e+00,-1.616455197334289551e+00,-2.101357460021972656e+00,-2.541565418243408203e+00,-2.927765130996704102e+00,-3.251821041107177734e+00,-3.506954193115234375e+00,-3.687887907028198242e+00,-3.790961980819702148e+00,-3.814210414886474609e+00,-3.757402181625366211e+00,-3.622043371200561523e+00,-3.411341428756713867e+00,-3.130131244659423828e+00,-2.784766435623168945e+00,-2.382975816726684570e+00,-1.933692216873168945e+00,-1.446851491928100586e+00,-9.331727027893066406e-01,-4.039199650287628174e-01,1.293471008539199829e-01,6.550289988517761230e-01,1.161742329597473145e+00,1.638570666313171387e+00,2.075303792953491211e+00,2.462662696838378906e+00,2.792500257492065430e+00,3.057979822158813477e+00,3.253722429275512695e+00,3.375920057296752930e+00,3.422416925430297852e+00,3.392750978469848633e+00,3.288158416748046875e+00,3.111541032791137695e+00,2.867395162582397461e+00,2.561705589294433594e+00,2.201807260513305664e+00,1.796216487884521484e+00,1.354434847831726074e+00,8.867335915565490723e-01,4.039199650287628174e-01,-8.290800452232360840e-02,-5.626123547554016113e-01,-1.024266600608825684e+00,-1.457402110099792480e+00,-1.852243065834045410e+00,-2.199926376342773438e+00,-2.492699861526489258e+00,-2.724094867706298828e+00,-2.889070987701416016e+00,-2.984126329421997070e+00,-3.007374763488769531e+00,-2.958585262298583984e+00,-2.839184284210205078e+00,-2.652220249176025391e+00,-2.402292728424072266e+00,-2.095443964004516602e+00,-1.739020466804504395e+00,-1.341503620147705078e+00,-9.123152494430541992e-01,-4.616012573242187500e-01,-1.138099302435769192e-15
0.000000000000000000e+00,-8.042042255401611328e-01,-1.591142773628234863e+00,-2.343928575515747070e+00,-3.046423912048339844e+00,-3.683593511581420898e+00,-4.241834640502929688e+00,-4.709274291992187500e+00,-5.076028347015380859e+00,-5.334416866302490234e+00,-5.479131698608398438e+00,-5.507347583770751953e+00,-5.418784618377685547e+00,-5.215708732604980469e+00,-4.902879714965820312e+00,-4.487440586090087891e+00,-3.978759050369262695e+00,-3.388215541839599609e+00,-2.728949546813964844e+00,-2.015566587448120117e+00,-1.263812780380249023e+00,-4.902254343032836914e-01,2.882339656352996826e-01,1.054555654525756836e+00,1.792057394981384277e+00,2.484753370285034180e+00,3.117705821990966797e+00,3.677353858947753906e+00,4.151810646057128906e+00,4.531121730804443359e+00,4.807483196258544922e+00,4.975407600402832031e+00,5.031839370727539062e+00,4.976218223571777344e+00,4.810482501983642578e+00,4.539021015167236328e+00,4.168565273284912109e+00,3.708036899566650391e+00,3.168336629867553711e+00,2.562099456787109375e+00,1.903403282165527344e+00,1.207450985908508301e+00,4.902254343032836914e-01,-2.318722307682037354e-01,-9.423922896385192871e-01,-1.625207185745239258e+00,-2.264874458312988281e+00,-2.846983671188354492e+00,-3.358479022979736328e+00,-3.787951946258544922e+00,-4.125895500183105469e+00,-4.364917278289794922e+00,-4.499899387359619141e+00,-4.528115272521972656e+00,-4.449284553527832031e+00,-4.265575885772705078e+00,-3.981557130813598633e+00,-3.604084730148315430e+00,-3.142149209976196289e+00,-2.606666326522827148e+00,-2.010228157043457031e+00,-1.366816163063049316e+00,-6.914807558059692383e-01,-1.704810507444521478e-15
0.000000000000000000e+00,-1.023154497146606445e+00,-2.024101018905639648e+00,-2.981120824813842773e+00,-3.873464107513427734e+00,-4.681806564331054688e+00,-5.388675212860107422e+00,-5.978832721710205078e+00,-6.439612865447998047e+00,-6.761198043823242188e+00,-6.936832904815673828e+00,-6.962973117828369141e+00,-6.839358806610107422e+00,-6.569017410278320312e+00,-6.158195018768310547e+00,-5.616212844848632812e+00,-4.955257892608642578e+00,-4.190111637115478516e+00,-3.337817668914794922e+00,-2.417301893234252930e+00,-1.448951840400695801e+00,-4.541618227958679199e-01,5.451418161392211914e-01,1.526988029479980469e+00,2.469848155975341797e+00,3.353113174438476562e+00,4.157548427581787109e+00,4.865720272064208984e+00,5.462378978729248047e+00,5.934792518615722656e+00,6.273028373718261719e+00,6.470165729522705078e+00,6.522446155548095703e+00,6.429349899291992188e+00,6.193602085113525391e+00,5.821104049682617188e+00,5.320796012878417969e+00,4.704451560974121094e+00,3.986408472061157227e+00,3.183241844177246094e+00,2.313390016555786133e+00,1.396736383438110352e+00,4.541618227958679199e-01,-4.929263591766357422e-01,-1.423076033592224121e+00,-2.315272569656372070e+00,-3.149409770965576172e+00,-3.906742095947265625e+00,-4.570303440093994141e+00,-5.125287532806396484e+00,-5.559377193450927734e+00,-5.863019466400146484e+00,-6.029638290405273438e+00,-6.055778503417968750e+00,-5.941180229187011719e+00,-5.688781738281250000e+00,-5.304649829864501953e+00,-4.797841548919677734e+00,-4.180193901062011719e+00,-3.466057538986206055e+00,-2.671969175338745117e+00,-1.816277027130126953e+00,-9.187236428260803223e-01,-2.264950430848474902e-15
0.000000000000000000e+00,-1.204585671424865723e+00,-2.382662773132324219e+00,-3.508310556411743164e+00,-4.556771755218505859e+00,-5.505002021789550781e+00,-6.332180023193359375e+00,-7.020168781280517578e+00,-7.553919792175292969e+00,-7.921802520751953125e+00,-8.115864753723144531e+00,-8.132004737854003906e+00,-7.970061302185058594e+00,-7.633817672729492188e+00,-7.130911827087402344e+00,-6.472667694091796875e+00,-5.673838138580322266e+00,-4.752278804779052734e+00,-3.728544712066650391e+00,-2.625435352325439453e+00,-1.467484235763549805e+00,-2.804116010665893555e-01,9.094479084014892578e-01,2.075731992721557617e+00,3.192637205123901367e+00,4.235493183135986328e+00,5.181311130523681641e+00,6.009294033050537109e+00,6.701296329498291016e+00,7.242230415344238281e+00,7.620393753051757812e+00,7.827731609344482422e+00,7.860011100769042969e+00,7.716910839080810547e+00,7.402026176452636719e+00,6.922782897949218750e+00,6.290269374847412109e+00,5.518983840942382812e+00,4.626506805419921875e+00,3.633105516433715820e+00,2.561277389526367188e+00,1.435245037078857422e+00,2.804116010665893555e-01,-8.772087097167968750e-01,-2.011574029922485352e+00,-3.097198009490966797e+00,-4.109721660614013672e+00,-5.026456832885742188e+00,-5.826895713806152344e+00,-6.493167400360107422e+00,-7.010438442230224609e+00,-7.367243289947509766e+00,-7.555738449096679688e+00,-7.571878433227539062e+00,-7.415502071380615234e+00,-7.090336799621582031e+00,-6.603910446166992188e+00,-5.967383384704589844e+00,-5.195292949676513672e+00,-4.305228233337402344e+00,-3.317432165145874023e+00,-2.254346609115600586e+00,-1.140107274055480957e+00,-2.810566280305858838e-15
0.000000000000000000e+00,-1.344336152076721191e+00,-2.658601999282836914e+00,-3.913399457931518555e+00,-5.080659389495849609e+00,-6.134269714355468750e+00,-7.050658226013183594e+00,-7.809319972991943359e+00,-8.393276214599609375e+00,-8.789452552795410156e+00,-8.988971710205078125e+00,-8.987355232238769531e+00,-8.784618377685546875e+00,-8.385272979736328125e+00,-7.798226833343505859e+00,-7.036585330963134766e+00,-6.117357254028320312e+00,-5.061075210571289062e+00,-3.891338348388671875e+00,-2.634283304214477539e+00,-1.318001389503479004e+00,2.808910608291625977e-02,1.373900413513183594e+00,2.689347743988037109e+00,3.945020914077758789e+00,5.112842082977294922e+00,6.166694164276123047e+00,7.083002090454101562e+00,7.841261863708496094e+00,8.424498558044433594e+00,8.819644927978515625e+00,9.017834663391113281e+00,9.014600753784179688e+00,8.809976577758789062e+00,8.408491134643554688e+00,7.819075107574462891e+00,7.054856300354003906e+00,6.132869243621826172e+00,5.073674201965332031e+00,3.900898694992065430e+00,2.640710115432739258e+00,1.321230769157409668e+00,-2.808910608291625977e-02,-1.377129912376403809e+00,-2.695774316787719727e+00,-3.954581022262573242e+00,-5.125441074371337891e+00,-6.182206153869628906e+00,-7.101273059844970703e+00,-7.862110137939453125e+00,-8.447716712951660156e+00,-8.845003128051757812e+00,-9.045080184936523438e+00,-9.043463706970214844e+00,-8.840168952941894531e+00,-8.439713478088378906e+00,-7.851016998291015625e+00,-7.087200164794921875e+00,-6.165293693542480469e+00,-5.105856895446777344e+00,-3.932519912719726562e+00,-2.671455621719360352e+00,-1.350795030593872070e+00,-3.329737337633489891e-15
0.000000000000000000e+00,-1.440986990928649902e+00,-2.849143743515014648e+00,-4.192379474639892578e+00,-5.440066814422607422e+00,-6.563731670379638672e+00,-7.537693977355957031e+00,-8.339650154113769531e+00,-8.951174736022949219e+00,-9.358135223388671875e+00,-9.551017761230468750e+00,-9.525137901306152344e+00,-9.280753135681152344e+00,-8.823059082031250000e+00,-8.162074089050292969e+00,-7.312422752380371094e+00,-6.293003559112548828e+00,-5.126573085784912109e+00,-3.839235544204711914e+00,-2.459859132766723633e+00,-1.019430756568908691e+00,4.496382176876068115e-01,1.914238572120666504e+00,3.341305255889892578e+00,4.698559761047363281e+00,5.955235004425048828e+00,7.082767486572265625e+00,8.055439949035644531e+00,8.850959777832031250e+00,9.450966835021972656e+00,9.841443061828613281e+00,1.001303672790527344e+01,9.961277008056640625e+00,9.686677932739257812e+00,9.194734573364257812e+00,8.495808601379394531e+00,7.604897022247314453e+00,6.541311740875244141e+00,5.328247547149658203e+00,3.992271661758422852e+00,2.562736034393310547e+00,1.071126222610473633e+00,-4.496382176876068115e-01,-1.965933918952941895e+00,-3.444182157516479492e+00,-4.851595878601074219e+00,-6.156909465789794922e+00,-7.331075668334960938e+00,-8.347913742065429688e+00,-9.184694290161132812e+00,-9.822643280029296875e+00,-1.024736785888671875e+01,-1.044917583465576172e+01,-1.042329597473144531e+01,-1.016998577117919922e+01,-9.694526672363281250e+00,-9.007118225097656250e+00,-8.122642517089843750e+00,-7.060348033905029297e+00,-5.843415737152099609e+00,-4.498451709747314453e+00,-3.054897546768188477e+00,-1.544377684593200684e+00,-3.806677449793389664e-15
0.000000000000000000e+00,-1.495767951011657715e+00,-2.956775188446044922e+00,-4.349050998687744141e+00,-5.640186309814453125e+00,-6.800071716308593750e+00,-7.801581382751464844e+00,-8.621191978454589844e+00,-9.239518165588378906e+00,-9.641759872436523438e+00,-9.818037033081054688e+00,-9.763626098632812500e+00,-9.479066848754882812e+00,-8.970160484313964844e+00,-8.247846603393554688e+00,-7.327959060668945312e+00,-6.230879306793212891e+00,-4.981081008911132812e+00,-3.606582641601562500e+00,-2.138323068618774414e+00,-6.094661951065063477e-01,9.453429579734802246e-01,2.490756750106811523e+00,3.991521358489990234e+00,5.413270473480224609e+00,6.723302841186523438e+00,7.891320705413818359e+00,8.890116691589355469e+00,9.696195602416992188e+00,1.029030704498291016e+01,1.065789031982421875e+01,1.078941059112548828e+01,1.068058872222900391e+01,1.033250427246093750e+01,9.751592636108398438e+00,8.949505805969238281e+00,7.942872524261474609e+00,6.752935886383056641e+00,5.405091762542724609e+00,3.928333759307861328e+00,2.354617118835449219e+00,7.181532382965087891e-01,-9.453429579734802246e-01,-2.599443912506103516e+00,-4.207815170288085938e+00,-5.735022068023681641e+00,-7.147313594818115234e+00,-8.413376808166503906e+00,-9.505030632019042969e+00,-1.039785480499267578e+01,-1.107173919677734375e+01,-1.151132774353027344e+01,-1.170637321472167969e+01,-1.165196132659912109e+01,-1.134863567352294922e+01,-1.080238151550292969e+01,-1.002451038360595703e+01,-9.031408309936523438e+00,-7.844184398651123047e+00,-6.488207817077636719e+00,-4.992553234100341797e+00,-3.389363050460815430e+00,-1.713142156600952148e+00,-4.222395714591643118e-15
0.000000000000000000e+00,-1.512222766876220703e+00,-2.988579750061035156e+00,-4.394027233123779297e+00,-5.695146083831787109e+00,-6.860910415649414062e+00,-7.863397121429443359e+00,-8.678431510925292969e+00,-9.286141395568847656e+00,-9.671422958374023438e+00,-9.824287414550781250e+00,-9.740099906921386719e+00,-9.419699668884277344e+00,-8.869383811950683594e+00,-8.100779533386230469e+00,-7.130593776702880859e+00,-5.980237960815429688e+00,-4.675357341766357422e+00,-3.245256662368774414e+00,-1.722244739532470703e+00,-1.409087181091308594e-01,1.462664365768432617e+00,3.051700830459594727e+00,4.589571475982666016e+00,6.040621280670166016e+00,7.370977878570556641e+00,8.549324989318847656e+00,9.547614097595214844e+00,1.034171199798583984e+01,1.091195583343505859e+01,1.124361228942871094e+01,1.132722663879394531e+01,1.115885353088378906e+01,1.074016571044921875e+01,1.007843875885009766e+01,9.186408996582031250e+00,8.082007408142089844e+00,6.787980079650878906e+00,5.331399917602539062e+00,3.743080139160156250e+00,2.056901693344116211e+00,3.090727627277374268e-01,-1.462664365768432617e+00,-3.219864845275878906e+00,-4.924228191375732422e+00,-6.538444995880126953e+00,-8.027020454406738281e+00,-9.357067108154296875e+00,-1.049902725219726562e+01,-1.142734146118164062e+01,-1.212101173400878906e+01,-1.256407833099365234e+01,-1.274597930908203125e+01,-1.266179275512695312e+01,-1.231235504150390625e+01,-1.170425319671630859e+01,-1.084968948364257812e+01,-9.766223907470703125e+00,-8.476394653320312500e+00,-7.007231712341308594e+00,-5.389674186706542969e+00,-3.657893419265747070e+00,-1.848550915718078613e+00,-4.555878938672765568e-15
0.000000000000000000e+00,-1.495667457580566406e+00,-2.955157756805419922e+00,-4.343128681182861328e+00,-5.625891685485839844e+00,-6.772188186645507812e+00,-7.753916263580322266e+00,-8.546782493591308594e+00,-9.130867004394531250e+00,-9.491092681884765625e+00,-9.617578506469726562e+00,-9.505882263183593750e+00,-9.157114982604980469e+00,-8.577927589416503906e+00,-7.780375480651855469e+00,-6.781659126281738281e+00,-5.603743076324462891e+00,-4.272871494293212891e+00,-2.818980932235717773e+00,-1.275029420852661133e+00,3.237432837486267090e-01,1.940611124038696289e+00,3.538192272186279297e+00,5.079296588897705078e+00,6.527771472930908203e+00,7.849325656890869141e+00,9.012316703796386719e+00,9.988474845886230469e+00,1.075356388092041016e+01,1.128794002532958984e+01,1.157701778411865234e+01,1.161162471771240234e+01,1.138823318481445312e+01,1.090906238555908203e+01,1.018205928802490234e+01,9.220749855041503906e+00,8.043960571289062500e+00,6.675426483154296875e+00,5.143285751342773438e+00,3.479475498199462891e+00,1.719040155410766602e+00,-1.006291806697845459e-01,-1.940611124038696289e+00,-3.761306524276733398e+00,-5.523307323455810547e+00,-7.188265800476074219e+00,-8.719739913940429688e+00,-1.008399963378906250e+01,-1.125077724456787109e+01,-1.219393825531005859e+01,-1.289207172393798828e+01,-1.332896518707275391e+01,-1.349397563934326172e+01,-1.338228034973144531e+01,-1.299498748779296875e+01,-1.233913135528564453e+01,-1.142753124237060547e+01,-1.027851963043212891e+01,-8.915555000305175781e+00,-7.366720199584960938e+00,-5.664118289947509766e+00,-3.843179225921630859e+00,-1.941895723342895508e+00,-4.785696341438275964e-15
0.000000000000000000e+00,-1.452498555183410645e+00,-2.869248867034912109e+00,-4.215333938598632812e+00,-5.457480430603027344e+00,-6.564834594726562500e+00,-7.509681701660156250e+00,-8.268094062805175781e+00,-8.820493698120117188e+00,-9.152119636535644531e+00,-9.253374099731445312e+00,-9.120066642761230469e+00,-8.753521919250488281e+00,-8.160569190979003906e+00,-7.353399276733398438e+00,-6.349308013916015625e+00,-5.170314788818359375e+00,-3.842673301696777344e+00,-2.396288156509399414e+00,-8.640430569648742676e-01,7.189385890960693359e-01,2.316087722778320312e+00,3.890218734741210938e+00,5.404374122619628906e+00,6.822669029235839844e+00,8.111112594604492188e+00,9.238390922546386719e+00,1.017659091949462891e+01,1.090185165405273438e+01,1.139492416381835938e+01,1.164163684844970703e+01,1.163323688507080078e+01,1.136662197113037109e+01,1.084444332122802734e+01,1.007507419586181641e+01,9.072462081909179688e+00,7.855844497680664062e+00,6.449351310729980469e+00,4.881498813629150391e+00,3.184577703475952148e+00,1.393962621688842773e+00,-4.526555538177490234e-01,-2.316087722778320312e+00,-4.156501770019531250e+00,-5.934293746948242188e+00,-7.610958576202392578e+00,-9.149938583374023438e+00,-1.051742839813232422e+01,-1.168312740325927734e+01,-1.262091445922851562e+01,-1.330943012237548828e+01,-1.373255729675292969e+01,-1.387979125976562500e+01,-1.374648475646972656e+01,-1.333396053314208984e+01,-1.264950466156005859e+01,-1.170622062683105469e+01,-1.052275466918945312e+01,-9.122907638549804688e+00,-7.535130977630615234e+00,-5.791913032531738281e+00,-3.929088115692138672e+00,-1.985064625740051270e+00,-4.891888862035547597e-15
0.000000000000000000e+00,-1.389420747756958008e+00,-2.744196176528930664e+00,-4.030490875244140625e+00,-5.216070175170898438e+00,-6.271055698394775391e+00,-7.168625831604003906e+00,-7.885648727416992188e+00,-8.403226852416992188e+00,-8.707150459289550781e+00,-8.788240432739257812e+00,-8.642576217651367188e+00,-8.271606445312500000e+00,-7.682130336761474609e+00,-6.886166572570800781e+00,-5.900691986083984375e+00,-4.747270584106445312e+00,-3.451578617095947266e+00,-2.042828798294067383e+00,-5.531182289123535156e-01,9.832974076271057129e-01,2.530777215957641602e+00,4.053104877471923828e+00,5.514314651489257812e+00,6.879512786865234375e+00,8.115680694580078125e+00,9.192437171936035156e+00,1.008274459838867188e+01,1.076354217529296875e+01,1.121629428863525391e+01,1.142743396759033203e+01,1.138870429992675781e+01,1.109737586975097656e+01,1.055634403228759766e+01,9.774100303649902344e+00,8.764578819274902344e+00,7.546876430511474609e+00,6.144867420196533203e+00,4.586697578430175781e+00,2.904188871383666992e+00,1.132158637046813965e+00,-6.923313140869140625e-01,-2.530777215957641602e+00,-4.344070911407470703e+00,-6.093355178833007812e+00,-7.740872859954833984e+00,-9.250799179077148438e+00,-1.059003353118896484e+01,-1.172892856597900391e+01,-1.264195442199707031e+01,-1.330826473236083984e+01,-1.371217155456542969e+01,-1.384350299835205078e+01,-1.369783878326416016e+01,-1.327662658691406250e+01,-1.258716773986816406e+01,-1.164247226715087891e+01,-1.046099472045898438e+01,-9.066248893737792969e+00,-7.486308097839355469e+00,-5.753211021423339844e+00,-3.902276992797851562e+00,-1.971352934837341309e+00,-4.857962651399171106e-15
0.000000000000000000e+00,-1.312674045562744141e+00,-2.592406988143920898e+00,-3.807029724121093750e+00,-4.925899028778076172e+00,-5.920617103576660156e+00,-6.765699863433837891e+00,-7.439178466796875000e+00,-7.923120498657226562e+00,-8.204060554504394531e+00,-8.273324966430664062e+00,-8.127252578735351562e+00,-7.767295837402343750e+00,-7.200004100799560547e+00,-6.436897277832031250e+00,-5.494214534759521484e+00,-4.392564773559570312e+00,-3.156465768814086914e+00,-1.813801050186157227e+00,-3.951925039291381836e-01,1.066689372062683105e+00,2.537865161895751953e+00,3.983818531036376953e+00,5.370283603668212891e+00,6.664031028747558594e+00,7.833630561828613281e+00,8.850180625915527344e+00,9.687979698181152344e+00,1.032513236999511719e+01,1.074406623840332031e+01,1.093196201324462891e+01,1.088107109069824219e+01,1.058892726898193359e+01,1.005843257904052734e+01,9.297833442687988281e+00,8.320569992065429688e+00,7.145009517669677734e+00,5.794075489044189453e+00,4.294764041900634766e+00,2.677573442459106445e+00,9.758546948432922363e-01,-7.749084234237670898e-01,-2.537865161895751953e+00,-4.275599479675292969e+00,-5.950945854187011719e+00,-7.527803421020507812e+00,-8.971928596496582031e+00,-1.025169181823730469e+01,-1.133877468109130859e+01,-1.220880508422851562e+01,-1.284189510345458984e+01,-1.322309875488281250e+01,-1.334274578094482422e+01,-1.319667339324951172e+01,-1.278633403778076172e+01,-1.211877918243408203e+01,-1.120652294158935547e+01,-1.006728935241699219e+01,-8.723639488220214844e+00,-7.202495574951171875e+00,-5.534574508666992188e+00,-3.753731250762939453e+00,-1.896236062049865723e+00,-4.672793202316382136e-15
0.000000000000000000e+00,-1.227338790893554688e+00,-2.423970699310302734e+00,-3.559907436370849609e+00,-4.606581211090087891e+00,-5.537516117095947266e+00,-6.328947544097900391e+00,-6.960386276245117188e+00,-7.415100097656250000e+00,-7.680517196655273438e+00,-7.748528480529785156e+00,-7.615691661834716797e+00,-7.283326625823974609e+00,-6.757503509521484375e+00,-6.048919200897216797e+00,-5.172668457031250000e+00,-4.147916316986083984e+00,-2.997471570968627930e+00,-1.747279763221740723e+00,-4.258399903774261475e-01,9.364367723464965820e-01,2.307915925979614258e+00,3.656457901000976562e+00,4.950151443481445312e+00,6.158043384552001953e+00,7.250851154327392578e+00,8.201639175415039062e+00,8.986447334289550781e+00,9.584851264953613281e+00,9.980447769165039062e+00,1.016125106811523438e+01,1.011999416351318359e+01,9.854320526123046875e+00,9.366869926452636719e+00,8.665254592895507812e+00,7.761917114257812500e+00,6.673889160156250000e+00,5.422440052032470703e+00,4.032631874084472656e+00,2.532788038253784180e+00,9.538899064064025879e-01,-6.710932850837707520e-01,-2.307915925979614258e+00,-3.921801567077636719e+00,-5.478201389312744141e+00,-6.943551540374755859e+00,-8.286010742187500000e+00,-9.476162910461425781e+00,-1.048766803741455078e+01,-1.129784965515136719e+01,-1.188819789886474609e+01,-1.224479389190673828e+01,-1.235862255096435547e+01,-1.222578525543212891e+01,-1.184760379791259766e+01,-1.123060131072998047e+01,-1.038638210296630859e+01,-9.331389427185058594e+00,-8.086563110351562500e+00,-6.676901340484619141e+00,-5.130924224853515625e+00,-3.480070590972900391e+00,-1.758025884628295898e+00,-4.332235559059791768e-15
0.000000000000000000e+00,-1.136792778968811035e+00,-2.245577812194824219e+00,-3.298999309539794922e+00,-4.270989418029785156e+00,-5.137376785278320312e+00,-5.876450061798095703e+00,-6.469466209411621094e+00,-6.901093006134033203e+00,-7.159769535064697266e+00,-7.237986564636230469e+00,-7.132469177246093750e+00,-6.844265460968017578e+00,-6.378737926483154297e+00,-5.745451927185058594e+00,-4.957971572875976562e+00,-4.033563137054443359e+00,-2.992810249328613281e+00,-1.859157562255859375e+00,-6.583835482597351074e-01,5.819798707962036133e-01,1.833269000053405762e+00,3.066338300704956055e+00,4.252223014831542969e+00,5.362801551818847656e+00,6.371437549591064453e+00,7.253595829010009766e+00,7.987407684326171875e+00,8.554183006286621094e+00,8.938849449157714844e+00,9.130314826965332031e+00,9.121735572814941406e+00,8.910699844360351562e+00,8.499306678771972656e+00,7.894139766693115234e+00,7.106153964996337891e+00,6.150450706481933594e+00,5.045967578887939453e+00,3.815078735351562500e+00,2.483117818832397461e+00,1.077834486961364746e+00,-3.712069988250732422e-01,-1.833269000053405762e+00,-3.277111053466796875e+00,-4.671674251556396484e+00,-5.986762046813964844e+00,-7.193706035614013672e+00,-8.266000747680664062e+00,-9.179886817932128906e+00,-9.914884567260742188e+00,-1.045425128936767578e+01,-1.078535556793212891e+01,-1.089996719360351562e+01,-1.079444885253906250e+01,-1.046985149383544922e+01,-9.931896209716796875e+00,-9.190870285034179688e+00,-8.261407852172851562e+00,-7.162186145782470703e+00,-5.915526866912841797e+00,-4.546920299530029297e+00,-3.084479808807373047e+00,-1.558338522911071777e+00,-3.840278399778020504e-15
0.000000000000000000e+00,-1.042376637458801270e+00,-2.059856653213500977e+00,-3.028115749359130859e+00,-3.923960924148559570e+00,-4.725863933563232422e+00,-5.414457798004150391e+00,-5.972983837127685547e+00,-6.387679100036621094e+00,-6.648097038269042969e+00,-6.747352600097656250e+00,-6.682286739349365234e+00,-6.453546047210693359e+00,-6.065576553344726562e+00,-5.526531219482421875e+00,-4.848092079162597656e+00,-4.045213699340820312e+00,-3.135791063308715820e+00,-2.140259504318237305e+00,-1.081137776374816895e+00,1.747803390026092529e-02,1.130457043647766113e+00,2.232201099395751953e+00,3.297223567962646484e+00,4.300727844238281250e+00,5.219169616699218750e+00,6.030797481536865234e+00,6.716147422790527344e+00,7.258491992950439453e+00,7.644230365753173828e+00,7.863203048706054688e+00,7.908936977386474609e+00,7.778805732727050781e+00,7.474101543426513672e+00,7.000025749206542969e+00,6.365587234497070312e+00,5.583415985107421875e+00,4.669497489929199219e+00,3.642830371856689453e+00,2.525015115737915039e+00,1.339785695075988770e+00,1.124918013811111450e-01,-1.130457043647766113e+00,-2.362170934677124023e+00,-3.555871725082397461e+00,-4.685482978820800781e+00,-5.726209163665771484e+00,-6.655081272125244141e+00,-7.451470851898193359e+00,-8.097548484802246094e+00,-8.578679084777832031e+00,-8.883758544921875000e+00,-9.005455970764160156e+00,-8.940390586853027344e+00,-8.689208030700683594e+00,-8.256577491760253906e+00,-7.651095867156982422e+00,-6.885105609893798828e+00,-5.974431514739990234e+00,-4.938039302825927734e+00,-3.797626972198486328e+00,-2.577152729034423828e+00,-1.302316308021545410e+00,-3.209588255164309151e-15
0.000000000000000000e+00,-9.433088302612304688e-01,-1.865203142166137695e+00,-2.744750022888183594e+00,-3.561969518661499023e+00,-4.298284053802490234e+00,-4.936935901641845703e+00,-5.463366985321044922e+00,-5.865543365478515625e+00,-6.134229660034179688e+00,-6.263197422027587891e+00,-6.249364852905273438e+00,-6.092870235443115234e+00,-5.797067642211914062e+00,-5.368455886840820312e+00,-4.816532611846923828e+00,-4.153584957122802734e+00,-3.394412994384765625e+00,-2.556001186370849609e+00,-1.657137751579284668e+00,-7.179948687553405762e-01,2.403233349323272705e-01,1.196253061294555664e+00,2.128254413604736328e+00,3.015294075012207031e+00,3.837317466735839844e+00,4.575699329376220703e+00,5.213661670684814453e+00,5.736652374267578125e+00,6.132672786712646484e+00,6.392548561096191406e+00,6.510138034820556641e+00,6.482473373413085938e+00,6.309829711914062500e+00,5.995721817016601562e+00,5.546830177307128906e+00,4.972854614257812500e+00,4.286301136016845703e+00,3.502204179763793945e+00,2.637796163558959961e+00,1.712123632431030273e+00,7.456250786781311035e-01,-2.403233349323272705e-01,-1.223883271217346191e+00,-2.183240175247192383e+00,-3.097089052200317383e+00,-3.945108652114868164e+00,-4.708415508270263672e+00,-5.369983673095703125e+00,-5.915027141571044922e+00,-6.331326961517333984e+00,-6.609508037567138672e+00,-6.743246555328369141e+00,-6.729414463043212891e+00,-6.568148612976074219e+00,-6.262851238250732422e+00,-5.820116043090820312e+00,-5.249580383300781250e+00,-4.563716411590576172e+00,-3.777551889419555664e+00,-2.908339977264404297e+00,-1.975174784660339355e+00,-9.985693097114562988e-01,-2.461364665822538336e-15
0.000000000000000000e+00,-8.368613719940185547e-01,-1.656132459640502930e+00,-2.440604925155639648e+00,-3.173826217651367188e+00,-3.840455532073974609e+00,-4.426597595214843750e+00,-4.920101642608642578e+00,-5.310824871063232422e+00,-5.590848922729492188e+00,-5.754650592803955078e+00,-5.799215316772460938e+00,-5.724100589752197266e+00,-5.531438827514648438e+00,-5.225885391235351562e+00,-4.814512252807617188e+00,-4.306645870208740234e+00,-3.713658809661865234e+00,-3.048715114593505859e+00,-2.326476097106933594e+00,-1.562776446342468262e+00,-7.742720842361450195e-01,2.192736230790615082e-02,8.086357116699218750e-01,1.568968296051025391e+00,2.286712169647216797e+00,2.946681022644042969e+00,3.535044908523559570e+00,4.039631843566894531e+00,4.450188159942626953e+00,4.758599281311035156e+00,4.959058761596679688e+00,5.048188209533691406e+00,5.025102138519287109e+00,4.891416072845458984e+00,4.651199817657470703e+00,4.310874462127685547e+00,3.879061698913574219e+00,3.366377830505371094e+00,2.785188436508178711e+00,2.149323225021362305e+00,1.473757624626159668e+00,7.742720842361450195e-01,6.709150969982147217e-02,-6.314827203750610352e-01,-1.305441737174987793e+00,-1.939431190490722656e+00,-2.519096851348876953e+00,-3.031407356262207031e+00,-3.464946031570434570e+00,-3.810165643692016602e+00,-4.059600830078125000e+00,-4.208031177520751953e+00,-4.252596378326416016e+00,-4.192852497100830078e+00,-4.030779838562011719e+00,-3.770729780197143555e+00,-3.419322013854980469e+00,-2.985287189483642578e+00,-2.479264020919799805e+00,-1.913551807403564453e+00,-1.301826357841491699e+00,-6.588236093521118164e-01,-1.624476420419265939e-15
0.000000000000000000e+00,-7.187861204147338867e-01,-1.424128890037536621e+00,-2.102859497070312500e+00,-2.742351770401000977e+00,-3.330779314041137695e+00,-3.857354640960693359e+00,-4.312547683715820312e+00,-4.688276290893554688e+00,-4.978064537048339844e+00,-5.177171230316162109e+00,-5.282675266265869141e+00,-5.293528079986572266e+00,-5.210564136505126953e+00,-5.036468982696533203e+00,-4.775714874267578125e+00,-4.434451103210449219e+00,-4.020367145538330078e+00,-3.542516231536865234e+00,-3.011119127273559570e+00,-2.437337636947631836e+00,-1.833033204078674316e+00,-1.210511326789855957e+00,-5.822583436965942383e-01,3.932276368141174316e-02,6.421738862991333008e-01,1.214832663536071777e+00,1.746668577194213867e+00,2.228099346160888672e+00,2.650781393051147461e+00,3.007773160934448242e+00,3.293664455413818359e+00,3.504672527313232422e+00,3.638700246810913086e+00,3.695357084274291992e+00,3.675941944122314453e+00,3.583389043807983398e+00,3.422176837921142578e+00,3.198204040527343750e+00,2.918636083602905273e+00,2.591722249984741211e+00,2.226592063903808594e+00,1.833033204078674316e+00,1.421257019042968750e+00,1.001655340194702148e+00,5.845573544502258301e-01,1.799889653921127319e-01,-2.025581002235412598e-01,-5.543428063392639160e-01,-8.675721287727355957e-01,-1.135574340820312500e+00,-1.352945089340209961e+00,-1.515661716461181641e+00,-1.621165752410888672e+00,-1.668408632278442383e+00,-1.657862186431884766e+00,-1.591493487358093262e+00,-1.472703099250793457e+00,-1.306230187416076660e+00,-1.098026156425476074e+00,-8.550993204116821289e-01,-5.853348970413208008e-01,-2.972945868968963623e-01,-7.339174146208824953e-16
0.000000000000000000e+00,-5.839537382125854492e-01,-1.158918380737304688e+00,-1.716065645217895508e+00,-2.246884584426879883e+00,-2.743333578109741211e+00,-3.197981119155883789e+00,-3.604135751724243164e+00,-3.955961942672729492e+00,-4.248577117919921875e+00,-4.478131294250488281e+00,-4.641866683959960938e+00,-4.738156795501708984e+00,-4.766520023345947266e+00,-4.727616786956787109e+00,-4.623219013214111328e+00,-4.456163883209228516e+00,-4.230284690856933594e+00,-3.950323343276977539e+00,-3.621828556060791016e+00,-3.251039028167724609e+00,-2.844753503799438477e+00,-2.410195827484130859e+00,-1.954869866371154785e+00,-1.486415147781372070e+00,-1.012460947036743164e+00,-5.404839515686035156e-01,-7.767239212989807129e-02,3.692014217376708984e-01,7.938968539237976074e-01,1.190807104110717773e+00,1.555045843124389648e+00,1.882517218589782715e+00,2.169966697692871094e+00,2.415013313293457031e+00,2.616163253784179688e+00,2.772803544998168945e+00,2.885176897048950195e+00,2.954339027404785156e+00,2.982100009918212891e+00,2.970950603485107422e+00,2.923974514007568359e+00,2.844753503799438477e+00,2.737260103225708008e+00,2.605747938156127930e+00,2.454638242721557617e+00,2.288406372070312500e+00,2.111470937728881836e+00,1.928087830543518066e+00,1.742252111434936523e+00,1.557610154151916504e+00,1.377383112907409668e+00,1.204303622245788574e+00,1.040567874908447266e+00,8.878033161163330078e-01,7.470519542694091797e-01,6.187711358070373535e-01,5.028498172760009766e-01,3.986405730247497559e-01,3.050065040588378906e-01,2.203806489706039429e-01,1.428377330303192139e-01,7.017488032579421997e-02,1.713126121055292563e-16
0.000000000000000000e+00,-4.271453320980072021e-01,-8.500455021858215332e-01,-1.264497518539428711e+00,-1.666382431983947754e+00,-2.051706075668334961e+00,-2.416638851165771484e+00,-2.757554054260253906e+00,-3.071063518524169922e+00,-3.354051351547241211e+00,-3.603705167770385742e+00,-3.817543506622314453e+00,-3.993441581726074219e+00,-4.129651069641113281e+00,-4.224818229675292969e+00,-4.277997016906738281e+00,-4.288659095764160156e+00,-4.256699085235595703e+00,-4.182433605194091797e+00,-4.066601276397705078e+00,-3.910353422164916992e+00,-3.715242624282836914e+00,-3.483208179473876953e+00,-3.216555833816528320e+00,-2.917936086654663086e+00,-2.590316534042358398e+00,-2.236953258514404297e+00,-1.861358046531677246e+00,-1.467263936996459961e+00,-1.058587431907653809e+00,-6.393902301788330078e-01,-2.138384878635406494e-01,2.138384878635406494e-01,6.393902301788330078e-01,1.058587431907653809e+00,1.467263936996459961e+00,1.861358046531677246e+00,2.236953258514404297e+00,2.590316534042358398e+00,2.917936086654663086e+00,3.216555833816528320e+00,3.483208179473876953e+00,3.715242624282836914e+00,3.910353422164916992e+00,4.066601276397705078e+00,4.182433605194091797e+00,4.256699085235595703e+00,4.288659095764160156e+00,4.277997016906738281e+00,4.224818229675292969e+00,4.129651069641113281e+00,3.993441581726074219e+00,3.817543506622314453e+00,3.603705167770385742e+00,3.354051351547241211e+00,3.071063518524169922e+00,2.757554054260253906e+00,2.416638851165771484e+00,2.051706075668334961e+00,1.666382431983947754e+00,1.264497518539428711e+00,8.500455021858215332e-01,4.271453320980072021e-01,1.050745112222788418e-15
0.000000000000000000e+00,-2.439199686050415039e-01,-4.886011481285095215e-01,-7.347260713577270508e-01,-9.828220605850219727e-01,-1.233189940452575684e+00,-1.485838770866394043e+00,-1.740430355072021484e+00,-1.996233820915222168e+00,-2.252093076705932617e+00,-2.506406307220458984e+00,-2.757122755050659180e+00,-3.001750230789184570e+00,-3.237381696701049805e+00,-3.460733652114868164e+00,-3.668200492858886719e+00,-3.855920553207397461e+00,-4.019855976104736328e+00,-4.155879497528076172e+00,-4.259873390197753906e+00,-4.327830314636230469e+00,-4.355960845947265625e+00,-4.340799808502197266e+00,-4.279312610626220703e+00,-4.168995857238769531e+00,-4.007972717285156250e+00,-3.795077085494995117e+00,-3.529927253723144531e+00,-3.212985754013061523e+00,-2.845602989196777344e+00,-2.430044174194335938e+00,-1.969497919082641602e+00,-1.468065261840820312e+00,-9.307295083999633789e-01,-3.633071482181549072e-01,2.276209890842437744e-01,8.347960114479064941e-01,1.450384140014648438e+00,2.066094636917114258e+00,2.673310995101928711e+00,3.263231992721557617e+00,3.827021121978759766e+00,4.355960845947265625e+00,4.841609477996826172e+00,5.275954246520996094e+00,5.651564598083496094e+00,5.961734294891357422e+00,6.200613498687744141e+00,6.363331794738769531e+00,6.446098327636718750e+00,6.446291923522949219e+00,6.362524032592773438e+00,6.194685935974121094e+00,5.943969726562500000e+00,5.612866878509521484e+00,5.205143928527832031e+00,4.725795269012451172e+00,4.180970191955566406e+00,3.577883005142211914e+00,2.924700260162353516e+00,2.230411052703857422e+00,1.504681825637817383e+00,7.576987743377685547e-01,1.865193866666518298e-15
0.000000000000000000e+00,-3.147039562463760376e-02,-6.892767548561096191e-02,-1.181584969162940979e-01,-1.845541894435882568e-01,-2.729258537292480469e-01,-3.873342871665954590e-01,-5.309392809867858887e-01,-7.058723568916320801e-01,-9.131358861923217773e-01,-1.152531981468200684e+00,-1.422623157501220703e+00,-1.720724940299987793e+00,-2.042933225631713867e+00,-2.384183645248413086e+00,-2.738343715667724609e+00,-3.098335027694702148e+00,-3.456282854080200195e+00,-3.803690671920776367e+00,-4.131635189056396484e+00,-4.430975914001464844e+00,-4.692579269409179688e+00,-4.907545566558837891e+00,-5.067439079284667969e+00,-5.164511680603027344e+00,-5.191917419433593750e+00,-5.143913745880126953e+00,-5.016038417816162109e+00,-4.805264949798583984e+00,-4.510129928588867188e+00,-4.130825519561767578e+00,-3.669259548187255859e+00,-3.129077196121215820e+00,-2.515647649765014648e+00,-1.836008310317993164e+00,-1.098776340484619141e+00,-3.140194714069366455e-01,5.069043636322021484e-01,1.351539611816406250e+00,2.206552743911743164e+00,3.057975292205810547e+00,3.891464948654174805e+00,4.692579269409179688e+00,5.447056293487548828e+00,6.141098976135253906e+00,6.761649608612060547e+00,7.296660900115966797e+00,7.735344409942626953e+00,8.068401336669921875e+00,8.288225173950195312e+00,8.389071464538574219e+00,8.367197990417480469e+00,8.220959663391113281e+00,7.950869083404541016e+00,7.559608936309814453e+00,7.052010536193847656e+00,6.434980392456054688e+00,5.717391967773437500e+00,4.909935474395751953e+00,4.024932384490966797e+00,3.076117277145385742e+00,2.078391551971435547e+00,1.047551035881042480e+00,2.579491457130149434e-15
0.000000000000000000e+00,2.106219977140426636e-01,4.098775684833526611e-01,5.867204070091247559e-01,7.307365536689758301e-01,8.324415087699890137e-01,8.835539817810058594e-01,8.772410154342651367e-01,8.083269596099853516e-01,6.734618544578552246e-01,4.712451696395874023e-01,2.023005932569503784e-01,-1.306989639997482300e-01,-5.230579972267150879e-01,-9.681361317634582520e-01,-1.457475185394287109e+00,-1.980973601341247559e+00,-2.527103424072265625e+00,-3.083166599273681641e+00,-3.635583400726318359e+00,-4.170207500457763672e+00,-4.672658920288085938e+00,-5.128671646118164062e+00,-5.524440288543701172e+00,-5.846965312957763672e+00,-6.084384918212890625e+00,-6.226286411285400391e+00,-6.263988971710205078e+00,-6.190793037414550781e+00,-6.002187252044677734e+00,-5.696011543273925781e+00,-5.272568225860595703e+00,-4.734678745269775391e+00,-4.087689876556396484e+00,-3.339417219161987305e+00,-2.500038385391235352e+00,-1.581930518150329590e+00,-5.994562506675720215e-01,4.312948882579803467e-01,1.492808461189270020e+00,2.566481590270996094e+00,3.632986783981323242e+00,4.672658920288085938e+00,5.665892124176025391e+00,6.593542098999023438e+00,7.437323570251464844e+00,8.180193901062011719e+00,8.806715965270996094e+00,9.303394317626953125e+00,9.658967971801757812e+00,9.864662170410156250e+00,9.914400100708007812e+00,9.804945945739746094e+00,9.536002159118652344e+00,9.110239982604980469e+00,8.533277511596679688e+00,7.813590526580810547e+00,6.962365627288818359e+00,5.993301391601562500e+00,4.922353267669677734e+00,3.767436504364013672e+00,2.548081398010253906e+00,1.285063028335571289e+00,3.164977782689503728e-15
0.000000000000000000e+00,4.798166453838348389e-01,9.428251385688781738e-01,1.372653245925903320e+00,1.753790378570556641e+00,2.071992874145507812e+00,2.314659118652343750e+00,2.471165418624877930e+00,2.533154964447021484e+00,2.494773626327514648e+00,2.352843999862670898e+00,2.106976985931396484e+00,1.759616613388061523e+00,1.316014170646667480e+00,7.841371893882751465e-01,1.745100617408752441e-01,-5.000072717666625977e-01,-1.224499344825744629e+00,-1.982326388359069824e+00,-2.755501031875610352e+00,-3.525100469589233398e+00,-4.271705150604248047e+00,-4.975856304168701172e+00,-5.618515014648437500e+00,-6.181524753570556641e+00,-6.648050308227539062e+00,-7.003000259399414062e+00,-7.233407497406005859e+00,-7.328769683837890625e+00,-7.281338214874267578e+00,-7.086346149444580078e+00,-6.742172718048095703e+00,-6.250439167022705078e+00,-5.616032123565673828e+00,-4.847056388854980469e+00,-3.954713106155395508e+00,-2.953109025955200195e+00,-1.858999848365783691e+00,-6.914710402488708496e-01,5.284345149993896484e-01,1.778137207031250000e+00,3.033977985382080078e+00,4.271705150604248047e+00,5.466978549957275391e+00,6.595879077911376953e+00,7.635416507720947266e+00,8.564021110534667969e+00,9.362007141113281250e+00,1.001200675964355469e+01,1.049934577941894531e+01,1.081238079071044922e+01,1.094276142120361328e+01,1.088563442230224609e+01,1.063976764678955078e+01,1.020760440826416016e+01,9.595239639282226562e+00,8.812316894531250000e+00,7.871857166290283203e+00,6.790007114410400391e+00,5.585731029510498047e+00,4.280436992645263672e+00,2.897552967071533203e+00,1.462061524391174316e+00,3.601520564254240969e-15
0.000000000000000000e+00,7.702964544296264648e-01,1.518400430679321289e+00,2.222664594650268555e+00,2.862519741058349609e+00,3.418981790542602539e+00,3.875123262405395508e+00,4.216495513916015625e+00,4.431493282318115234e+00,4.511655807495117188e+00,4.451888561248779297e+00,4.250613212585449219e+00,3.909830331802368164e+00,3.435099363327026367e+00,2.835435152053833008e+00,2.123122453689575195e+00,1.313452482223510742e+00,4.243875443935394287e-01,-5.238390564918518066e-01,-1.509178757667541504e+00,-2.508268833160400391e+00,-3.496967554092407227e+00,-4.450911521911621094e+00,-5.346083641052246094e+00,-6.159375190734863281e+00,-6.869132041931152344e+00,-7.455677032470703125e+00,-7.901782512664794922e+00,-8.193099975585937500e+00,-8.318522453308105469e+00,-8.270477294921875000e+00,-8.045146942138671875e+00,-7.642596244812011719e+00,-7.066826820373535156e+00,-6.325734138488769531e+00,-5.430979251861572266e+00,-4.397780895233154297e+00,-3.244618177413940430e+00,-1.992867946624755859e+00,-6.663676500320434570e-01,7.090744972229003906e-01,2.106218814849853516e+00,3.496967554092407227e+00,4.852961540222167969e+00,6.146188259124755859e+00,7.349581718444824219e+00,8.437612533569335938e+00,9.386842727661132812e+00,1.017644119262695312e+01,1.078864479064941406e+01,1.120915699005126953e+01,1.142747402191162109e+01,1.143712902069091797e+01,1.123585414886474609e+01,1.082564926147460938e+01,1.021276283264160156e+01,9.407584190368652344e+00,8.424440383911132812e+00,7.281313419342041016e+00,5.999480247497558594e+00,4.603077888488769531e+00,3.118608951568603516e+00,1.574396491050720215e+00,3.878884890964450632e-15
0.000000000000000000e+00,1.072951555252075195e+00,2.118530035018920898e+00,3.110007286071777344e+00,4.021931648254394531e+00,4.830728530883789062e+00,5.515258789062500000e+00,6.057322025299072266e+00,6.442091464996337891e+00,6.658472537994384766e+00,6.699376106262207031e+00,6.561898231506347656e+00,6.247405052185058594e+00,5.761519432067871094e+00,5.114009857177734375e+00,4.318581581115722656e+00,3.392579078674316406e+00,2.356603145599365234e+00,1.234050273895263672e+00,5.058856308460235596e-02,-1.166422009468078613e+00,-2.388549804687500000e+00,-3.586939096450805664e+00,-4.732970237731933594e+00,-5.798916816711425781e+00,-6.758586883544921875e+00,-7.587931156158447266e+00,-8.265606880187988281e+00,-8.773480415344238281e+00,-9.097066879272460938e+00,-9.225877761840820312e+00,-9.153696060180664062e+00,-8.878740310668945312e+00,-8.403742790222167969e+00,-7.735923290252685547e+00,-6.886856555938720703e+00,-5.872251987457275391e+00,-4.711632251739501953e+00,-3.427929639816284180e+00,-2.047002553939819336e+00,-5.970874428749084473e-01,8.918079137802124023e-01,2.388549804687500000e+00,3.861553192138671875e+00,5.279469013214111328e+00,6.611869335174560547e+00,7.829913139343261719e+00,8.906984329223632812e+00,9.819276809692382812e+00,1.054632759094238281e+01,1.107147026062011719e+01,1.138221549987792969e+01,1.147053718566894531e+01,1.133305931091308594e+01,1.097114849090576172e+01,1.039089870452880859e+01,9.603014945983886719e+00,8.622599601745605469e+00,7.468834877014160156e+00,6.164584636688232422e+00,4.735912322998046875e+00,3.211527824401855469e+00,1.622179746627807617e+00,3.997322966880177686e-15
0.000000000000000000e+00,1.375684857368469238e+00,2.719188451766967773e+00,3.999062776565551758e+00,5.185309886932373047e+00,6.250065803527832031e+00,7.168237686157226562e+00,7.918074607849121094e+00,8.481669425964355469e+00,8.845367431640625000e+00,9.000082015991210938e+00,8.941510200500488281e+00,8.670234680175781250e+00,8.191716194152832031e+00,7.516182899475097656e+00,6.658401012420654297e+00,5.637351989746093750e+00,4.475807666778564453e+00,3.199823856353759766e+00,1.838155865669250488e+00,4.216147363185882568e-01,-1.017625689506530762e+00,-2.446752548217773438e+00,-3.833053350448608398e+00,-5.144654750823974609e+00,-6.351243495941162109e+00,-7.424753665924072266e+00,-8.340004920959472656e+00,-9.075276374816894531e+00,-9.612803459167480469e+00,-9.939192771911621094e+00,-1.004572868347167969e+01,-9.928585052490234375e+00,-9.588928222656250000e+00,-9.032897949218750000e+00,-8.271492004394531250e+00,-7.320332050323486328e+00,-6.199325561523437500e+00,-4.932239055633544922e+00,-3.546176671981811523e+00,-2.070987939834594727e+00,-5.386121869087219238e-01,1.017625689506530762e+00,2.563750028610229492e+00,4.065885543823242188e+00,5.491007804870605469e+00,6.807674884796142578e+00,7.986727237701416016e+00,9.001935958862304688e+00,9.830585479736328125e+00,1.045398521423339844e+01,1.085788631439208984e+01,1.103280353546142578e+01,1.097423171997070312e+01,1.068275356292724609e+01,1.016403198242187500e+01,9.428693771362304688e+00,8.492099761962890625e+00,7.374013423919677734e+00,6.098172664642333984e+00,4.691768646240234375e+00,3.184852838516235352e+00,1.609679818153381348e+00,3.967315554174273215e-15
0.000000000000000000e+00,1.664032697677612305e+00,3.291632413864135742e+00,4.847172737121582031e+00,6.296622276306152344e+00,7.608297824859619141e+00,8.753564834594726562e+00,9.707470893859863281e+00,1.044929790496826172e+01,1.096301651000976562e+01,1.123764038085937500e+01,1.126746559143066406e+01,1.105219745635986328e+01,1.059694862365722656e+01,9.912123680114746094e+00,9.013184547424316406e+00,7.920305252075195312e+00,6.657916545867919922e+00,5.254163265228271484e+00,3.740273952484130859e+00,2.149866580963134766e+00,5.181975960731506348e-01,-1.118621349334716797e+00,-2.724427700042724609e+00,-4.263812065124511719e+00,-5.702902793884277344e+00,-7.010120391845703125e+00,-8.156874656677246094e+00,-9.118198394775390625e+00,-9.873299598693847656e+00,-1.040601634979248047e+01,-1.070517349243164062e+01,-1.076482582092285156e+01,-1.058437919616699219e+01,-1.016860008239746094e+01,-9.527503013610839844e+00,-8.676115036010742188e+00,-7.634135723114013672e+00,-6.425491333007812500e+00,-5.077792644500732422e+00,-3.621710538864135742e+00,-2.090288639068603516e+00,-5.181975960731506348e-01,1.059043645858764648e+00,2.605864524841308594e+00,4.087441444396972656e+00,5.470478057861328125e+00,6.723950862884521484e+00,7.819804668426513672e+00,8.733578681945800781e+00,9.444951057434082031e+00,9.938197135925292969e+00,1.020253276824951172e+01,1.023235893249511719e+01,1.002737808227539062e+01,9.592601776123046875e+00,8.938230514526367188e+00,8.079424858093261719e+00,7.035958766937255859e+00,5.831772327423095703e+00,4.494431495666503906e+00,3.054505825042724609e+00,1.544877290725708008e+00,3.808477394806305052e-15
0.000000000000000000e+00,1.922062277793884277e+00,3.804185628890991211e+00,5.607293605804443359e+00,7.294014930725097656e+00,8.829491615295410156e+00,1.018212509155273438e+01,1.132426261901855469e+01,1.223278045654296875e+01,1.288958454132080078e+01,1.328198719024658203e+01,1.340297508239746094e+01,1.325134658813476562e+01,1.283172130584716797e+01,1.215442848205566406e+01,1.123526668548583984e+01,1.009514141082763672e+01,8.759594917297363281e+00,7.258238315582275391e+00,5.624087333679199219e+00,3.892833709716796875e+00,2.102054595947265625e+00,2.903845012187957764e-01,-1.503334999084472656e+00,-3.240905761718750000e+00,-4.885608673095703125e+00,-6.403001785278320312e+00,-7.761669158935546875e+00,-8.933894157409667969e+00,-9.896257400512695312e+00,-1.063012695312500000e+01,-1.112205219268798828e+01,-1.136402797698974609e+01,-1.135365104675292969e+01,-1.109413719177246094e+01,-1.059422683715820312e+01,-9.867952346801757812e+00,-8.934302330017089844e+00,-7.816769599914550781e+00,-6.542795658111572266e+00,-5.143138408660888672e+00,-3.651158094406127930e+00,-2.102054595947265625e+00,-5.320599079132080078e-01,1.022385954856872559e+00,2.525463104248046875e+00,3.942782878875732422e+00,5.242163181304931641e+00,6.394353866577148438e+00,7.373692035675048828e+00,8.158674240112304688e+00,8.732431411743164062e+00,9.083104133605957031e+00,9.204092025756835938e+00,9.094193458557128906e+00,8.757614135742187500e+00,8.203858375549316406e+00,7.447495460510253906e+00,6.507813453674316406e+00,5.408363342285156250e+00,4.176408290863037109e+00,2.842287540435791016e+00,1.438711404800415039e+00,3.547704961225149438e-15
0.000000000000000000e+00,2.133481502532958984e+00,4.224446773529052734e+00,6.231277942657470703e+00,8.114135742187500000e+00,9.835798263549804688e+00,1.136244487762451172e+01,1.266436576843261719e+01,1.371658325195312500e+01,1.449936580657958984e+01,1.499863529205322266e+01,1.520624256134033203e+01,1.512012672424316406e+01,1.474432659149169922e+01,1.408887863159179688e+01,1.316956901550292969e+01,1.200757408142089844e+01,1.062897968292236328e+01,9.064195632934570312e+00,7.347283363342285156e+00,5.515201091766357422e+00,3.606993675231933594e+00,1.662938117980957031e+00,-2.763316333293914795e-01,-2.170705795288085938e+00,-3.981462001800537109e+00,-5.672095298767089844e+00,-7.209093093872070312e+00,-8.562644004821777344e+00,-9.707255363464355469e+00,-1.062227916717529297e+01,-1.129232120513916016e+01,-1.170753765106201172e+01,-1.186380004882812500e+01,-1.176274299621582031e+01,-1.141166973114013672e+01,-1.082334232330322266e+01,-1.001564788818359375e+01,-9.011149406433105469e+00,-7.836541175842285156e+00,-6.522005081176757812e+00,-5.100501060485839844e+00,-3.606993675231933594e+00,-2.077637910842895508e+00,-5.489465594291687012e-01,9.430512189865112305e-01,2.363631963729858398e+00,3.680168628692626953e+00,4.862866878509521484e+00,5.885435104370117188e+00,6.725671768188476562e+00,7.365952968597412109e+00,7.793615341186523438e+00,8.001223564147949219e+00,7.986713886260986328e+00,7.753416061401367188e+00,7.309948444366455078e+00,6.669991493225097656e+00,5.851944923400878906e+00,4.878475666046142578e+00,3.775968790054321289e+00,2.573890209197998047e+00,1.304081797599792480e+00,3.216722390162558495e-15
0.000000000000000000e+00,2.282876014709472656e+00,4.521750926971435547e+00,6.673537731170654297e+00,8.696954727172851562e+00,1.055338478088378906e+01,1.220766735076904297e+01,1.362882328033447266e+01,1.479069137573242188e+01,1.567244911193847656e+01,1.625903511047363281e+01,1.654143333435058594e+01,1.651683807373046875e+01,1.618867683410644531e+01,1.556651401519775391e+01,1.466580390930175781e+01,1.350753784179687500e+01,1.211776542663574219e+01,1.052700710296630859e+01,8.769581794738769531e+00,6.882852077484130859e+00,4.906404495239257812e+00,2.881194591522216797e+00,8.486627936363220215e-01,-1.150153994560241699e+00,-3.075495481491088867e+00,-4.889718055725097656e+00,-6.558081150054931641e+00,-8.049466133117675781e+00,-9.337013244628906250e+00,-1.039865207672119141e+01,-1.121753120422363281e+01,-1.178232765197753906e+01,-1.208742809295654297e+01,-1.213298606872558594e+01,-1.192484760284423828e+01,-1.147435474395751953e+01,-1.079802513122558594e+01,-9.917116165161132812e+00,-8.857092857360839844e+00,-7.646999835968017578e+00,-6.318757534027099609e+00,-4.906404495239257812e+00,-3.445288896560668945e+00,-1.971245408058166504e+00,-5.197601318359375000e-01,8.748462796211242676e-01,2.180204629898071289e+00,3.366631984710693359e+00,4.407799720764160156e+00,5.281321525573730469e+00,5.969242095947265625e+00,6.458425045013427734e+00,6.740823268890380859e+00,6.813630104064941406e+00,6.679307460784912109e+00,6.345490455627441406e+00,5.824769020080566406e+00,5.134357929229736328e+00,4.295656681060791016e+00,3.333709239959716797e+00,2.276585817337036133e+00,1.154687166213989258e+00,2.849222958194413784e-15
0.000000000000000000e+00,2.356971740722656250e+00,4.669682025909423828e+00,6.894775390625000000e+00,8.990686416625976562e+00,1.091849040985107422e+01,1.264269161224365234e+01,1.413193988800048828e+01,1.535966587066650391e+01,1.630460166931152344e+01,1.695119667053222656e+01,1.728990936279296875e+01,1.731737518310546875e+01,1.703643608093261719e+01,1.645604133605957031e+01,1.559102439880371094e+01,1.446175479888916016e+01,1.309366703033447266e+01,1.151669502258300781e+01,9.764606475830078125e+00,7.874264717102050781e+00,5.884828567504882812e+00,3.836906194686889648e+00,1.771687626838684082e+00,-2.699309885501861572e-01,-2.248208522796630859e+00,-4.125388145446777344e+00,-5.866477489471435547e+00,-7.439960002899169922e+00,-8.818428039550781250e+00,-9.979114532470703125e+00,-1.090432643890380859e+01,-1.158175373077392578e+01,-1.200466346740722656e+01,-1.217196655273437500e+01,-1.208816051483154297e+01,-1.176314353942871094e+01,-1.121191596984863281e+01,-1.045416927337646484e+01,-9.513770103454589844e+00,-8.418160438537597656e+00,-7.197679996490478516e+00,-5.884828567504882812e+00,-4.513491153717041016e+00,-3.118133306503295898e+00,-1.732993721961975098e+00,-3.912893533706665039e-01,8.755496740341186523e-01,2.038596630096435547e+00,3.072080373764038086e+00,3.953958988189697266e+00,4.666401863098144531e+00,5.196169853210449219e+00,5.534883499145507812e+00,5.679176330566406250e+00,5.630728244781494141e+00,5.396180629730224609e+00,4.986929893493652344e+00,4.418813705444335938e+00,3.711691141128540039e+00,2.888926029205322266e+00,1.976791024208068848e+00,1.003801941871643066e+00,2.477860632470315835e-15
0.000000000000000000e+00,2.345813512802124023e+00,4.648417949676513672e+00,6.865478992462158203e+00,8.956390380859375000e+00,1.088309288024902344e+01,1.261084175109863281e+01,1.410889434814453125e+01,1.535112380981445312e+01,1.631652832031250000e+01,1.698963165283203125e+01,1.736077308654785156e+01,1.742626190185546875e+01,1.718842124938964844e+01,1.665549468994140625e+01,1.584143638610839844e+01,1.476557540893554688e+01,1.345217418670654297e+01,1.192988300323486328e+01,1.023111057281494141e+01,8.391309738159179688e+00,6.448218822479248047e+00,4.441041469573974609e+00,2.409622907638549805e+00,3.936017453670501709e-01,-1.568413615226745605e+00,-3.439646005630493164e+00,-5.185899734497070312e+00,-6.776250362396240234e+00,-8.183652877807617188e+00,-9.385463714599609375e+00,-1.036385917663574219e+01,-1.110614013671875000e+01,-1.160493087768554688e+01,-1.185824680328369141e+01,-1.186945152282714844e+01,-1.164708995819091797e+01,-1.120460987091064453e+01,-1.055998134613037109e+01,-9.735206604003906250e+00,-8.755761146545410156e+00,-7.649951934814453125e+00,-6.448218822479248047e+00,-5.182400226593017578e+00,-3.884971857070922852e+00,-2.588278532028198242e+00,-1.323779225349426270e+00,-1.213190704584121704e-01,9.915531277656555176e-01,1.990207195281982422e+00,2.853479385375976562e+00,3.564133405685424805e+00,4.109226226806640625e+00,4.480366706848144531e+00,4.673866748809814453e+00,4.690775871276855469e+00,4.536807537078857422e+00,4.222147941589355469e+00,3.761162996292114258e+00,3.172004461288452148e+00,2.476125478744506836e+00,1.697720289230346680e+00,8.630965948104858398e-01,2.131348347594527737e-15
0.000000000000000000e+00,2.243757724761962891e+00,4.446706771850585938e+00,6.568857669830322266e+00,8.571841239929199219e+00,1.041967773437500000e+01,1.207948970794677734e+01,1.352215671539306641e+01,1.472288608551025391e+01,1.566168975830078125e+01,1.632376861572265625e+01,1.669977188110351562e+01,1.678596878051757812e+01,1.658426475524902344e+01,1.610213470458984375e+01,1.535242748260498047e+01,1.435304641723632812e+01,1.312655067443847656e+01,1.169963932037353516e+01,1.010256958007812500e+01,8.368491172790527344e+00,6.532733917236328125e+00,4.632051467895507812e+00,2.703842401504516602e+00,7.853663563728332520e-01,-1.087032437324523926e+00,-2.878670692443847656e+00,-4.557230949401855469e+00,-6.093406200408935547e+00,-7.461472988128662109e+00,-8.639781951904296875e+00,-9.611151695251464844e+00,-1.036316204071044922e+01,-1.088833904266357422e+01,-1.118422889709472656e+01,-1.125336265563964844e+01,-1.110310649871826172e+01,-1.074540901184082031e+01,-1.019645023345947266e+01,-9.476197242736816406e+00,-8.607883453369140625e+00,-7.617415904998779297e+00,-6.532733917236328125e+00,-5.383126735687255859e+00,-4.198528289794921875e+00,-3.008808135986328125e+00,-1.843067765235900879e+00,-7.289670705795288086e-01,3.079097867012023926e-01,1.244633197784423828e+00,2.061437845230102539e+00,2.742152452468872070e+00,3.274541139602661133e+00,3.650546312332153320e+00,3.866430759429931641e+00,3.922815561294555664e+00,3.824611425399780273e+00,3.580847263336181641e+00,3.204401969909667969e+00,2.711641073226928711e+00,2.121973752975463867e+00,1.457334637641906738e+00,7.416070699691772461e-01,1.831922412498369380e-15
0.000000000000000000e+00,2.050184249877929688e+00,4.063282966613769531e+00,6.002953529357910156e+00,7.834319114685058594e+00,9.524667739868164062e+00,1.104409980773925781e+01,1.236611652374267578e+01,1.346813964843750000e+01,1.433194637298583984e+01,1.494401359558105469e+01,1.529576015472412109e+01,1.538369083404541016e+01,1.520942783355712891e+01,1.477964401245117188e+01,1.410587978363037109e+01,1.320427036285400391e+01,1.209517478942871094e+01,1.080271625518798828e+01,9.354250907897949219e+00,7.779772758483886719e+00,6.111266136169433594e+00,4.382022857666015625e+00,2.625938653945922852e+00,8.768030405044555664e-01,-8.324024081230163574e-01,-2.470179080963134766e+00,-4.007149696350097656e+00,-5.416641235351562500e+00,-6.675206184387207031e+00,-7.763066768646240234e+00,-8.664471626281738281e+00,-9.367964744567871094e+00,-9.866554260253906250e+00,-1.015778350830078125e+01,-1.024369621276855469e+01,-1.013070869445800781e+01,-9.829383850097656250e+00,-9.354113578796386719e+00,-8.722722053527832031e+00,-7.955996513366699219e+00,-7.077154159545898438e+00,-6.111266136169433594e+00,-5.084641456604003906e+00,-4.024193286895751953e+00,-2.956796646118164062e+00,-1.908658504486083984e+00,-9.047070741653442383e-01,3.197898343205451965e-02,8.806932568550109863e-01,1.623561501502990723e+00,2.245930433273315430e+00,2.736675500869750977e+00,3.088422060012817383e+00,3.297674179077148438e+00,3.364850044250488281e+00,3.294220685958862305e+00,3.093758583068847656e+00,2.774895429611206055e+00,2.352197408676147461e+00,1.842966198921203613e+00,1.266774535179138184e+00,6.449469923973083496e-01,1.593404499056899626e-15
0.000000000000000000e+00,1.769857764244079590e+00,3.507588863372802734e+00,5.181710720062255859e+00,6.762015342712402344e+00,8.220171928405761719e+00,9.530291557312011719e+00,1.066943836212158203e+01,1.161807823181152344e+01,1.236045932769775391e+01,1.288490581512451172e+01,1.318403339385986328e+01,1.325486850738525391e+01,1.309888076782226562e+01,1.272191619873046875e+01,1.213404750823974609e+01,1.134932899475097656e+01,1.038547325134277344e+01,9.263459205627441406e+00,8.007061004638671875e+00,6.642335414886474609e+00,5.197058677673339844e+00,3.700130939483642578e+00,2.180966854095458984e+00,6.688767075538635254e-01,-8.075419068336486816e-01,-2.220990896224975586e+00,-3.546025276184082031e+00,-4.759561061859130859e+00,-5.841325759887695312e+00,-6.774242877960205078e+00,-7.544744014739990234e+00,-8.142998695373535156e+00,-8.563061714172363281e+00,-8.802930831909179688e+00,-8.864518165588378906e+00,-8.753538131713867188e+00,-8.479304313659667969e+00,-8.054458618164062500e+00,-7.494619369506835938e+00,-6.817976474761962891e+00,-6.044824123382568359e+00,-5.197058677673339844e+00,-4.297642230987548828e+00,-3.370051145553588867e+00,-2.437716245651245117e+00,-1.523473262786865234e+00,-6.490334272384643555e-01,1.655155569314956665e-01,9.021629095077514648e-01,1.545375585556030273e+00,2.082435846328735352e+00,2.503709554672241211e+00,2.802836894989013672e+00,2.976845502853393555e+00,3.026178121566772461e+00,2.954641580581665039e+00,2.769271850585937500e+00,2.480123281478881836e+00,2.099984884262084961e+00,1.644031882286071777e+00,1.129420518875122070e+00,5.748352408409118652e-01,1.420039830522638619e-15
0.000000000000000000e+00,1.412891030311584473e+00,2.799700498580932617e+00,4.134875297546386719e+00,5.393907070159912109e+00,6.553826808929443359e+00,7.593667984008789062e+00,8.494883537292480469e+00,9.241716384887695312e+00,9.821505546569824219e+00,1.022492980957031250e+01,1.044618129730224609e+01,1.048305988311767578e+01,1.033699893951416016e+01,1.001300907135009766e+01,9.519548416137695312e+00,8.868322372436523438e+00,8.074014663696289062e+00,7.153959274291992188e+00,6.127755641937255859e+00,5.016841411590576172e+00,3.844028472900390625e+00,2.633011579513549805e+00,1.407866120338439941e+00,1.925388276576995850e-01,-9.896531105041503906e-01,-2.116504669189453125e+00,-3.167377710342407227e+00,-4.123615741729736328e+00,-4.968914985656738281e+00,-5.689634799957275391e+00,-6.275054931640625000e+00,-6.717556953430175781e+00,-7.012742996215820312e+00,-7.159479618072509766e+00,-7.159866809844970703e+00,-7.019138813018798828e+00,-6.745495319366455078e+00,-6.349868297576904297e+00,-5.845628738403320312e+00,-5.248244285583496094e+00,-4.574889659881591797e+00,-3.844028472900390625e+00,-3.074963569641113281e+00,-2.287377595901489258e+00,-1.500869154930114746e+00,-7.344930768013000488e-01,-6.321963388472795486e-03,6.669680476188659668e-01,1.270473480224609375e+00,1.791395425796508789e+00,2.219318151473999023e+00,2.546430349349975586e+00,2.767681360244750977e+00,2.880872249603271484e+00,2.886677980422973633e+00,2.788598775863647461e+00,2.592848539352416992e+00,2.308173418045043945e+00,1.945614576339721680e+00,1.518214702606201172e+00,1.040677428245544434e+00,5.289871096611022949e-01,1.306228142685696147e-15
0.000000000000000000e+00,9.943017959594726562e-01,1.969448566436767578e+00,2.906682968139648438e+00,3.788033723831176758e+00,4.596688747406005859e+00,5.317340373992919922e+00,5.936501502990722656e+00,6.442780017852783203e+00,6.827110290527343750e+00,7.082931041717529297e+00,7.206314086914062500e+00,7.196033000946044922e+00,7.053576469421386719e+00,6.783100605010986328e+00,6.391328334808349609e+00,5.887392044067382812e+00,5.282624721527099609e+00,4.590307712554931641e+00,3.825374364852905273e+00,3.004083871841430664e+00,2.143663883209228516e+00,1.261939525604248047e+00,3.769464492797851562e-01,-4.934536814689636230e-01,-1.331954002380371094e+00,-2.122168064117431641e+00,-2.848971605300903320e+00,-3.498816728591918945e+00,-4.060006141662597656e+00,-4.522927761077880859e+00,-4.880240440368652344e+00,-5.127006530761718750e+00,-5.260773658752441406e+00,-5.281598567962646484e+00,-5.192014694213867188e+00,-4.996947765350341797e+00,-4.703574657440185547e+00,-4.321135997772216797e+00,-3.860703229904174805e+00,-3.334905385971069336e+00,-2.757624387741088867e+00,-2.143663883209228516e+00,-1.508398771286010742e+00,-8.674156069755554199e-01,-2.361508458852767944e-01,3.704653084278106689e-01,9.383507370948791504e-01,1.454591155052185059e+00,1.907730937004089355e+00,2.288028001785278320e+00,2.587668418884277344e+00,2.800932645797729492e+00,2.924315690994262695e+00,2.956591129302978516e+00,2.898824214935302734e+00,2.754329919815063477e+00,2.528579235076904297e+00,2.229053974151611328e+00,1.865056276321411133e+00,1.447473883628845215e+00,9.885102510452270508e-01,5.013831853866577148e-01,1.237184898968222025e-15
0.000000000000000000e+00,5.331813693046569824e-01,1.054764151573181152e+00,1.553405642509460449e+00,2.018269300460815430e+00,2.439264535903930664e+00,2.807268142700195312e+00,3.114325523376464844e+00,3.353826761245727539e+00,3.520650386810302734e+00,3.611276388168334961e+00,3.623862504959106445e+00,3.558283805847167969e+00,3.416133403778076172e+00,3.200686216354370117e+00,2.916824340820312500e+00,2.570927858352661133e+00,2.170731067657470703e+00,1.725150346755981445e+00,1.244085073471069336e+00,7.381970286369323730e-01,2.186728268861770630e-01,-3.030246794223785400e-01,-8.154109120368957520e-01,-1.307234764099121094e+00,-1.767727375030517578e+00,-2.186841487884521484e+00,-2.555472373962402344e+00,-2.865659952163696289e+00,-3.110762596130371094e+00,-3.285603284835815430e+00,-3.386582136154174805e+00,-3.411754608154296875e+00,-3.360870122909545898e+00,-3.235375881195068359e+00,-3.038381338119506836e+00,-2.774585247039794922e+00,-2.450167894363403320e+00,-2.072650671005249023e+00,-1.650724172592163086e+00,-1.194052934646606445e+00,-7.130560278892517090e-01,-2.186728268861770630e-01,2.778836488723754883e-01,7.653787136077880859e-01,1.232808589935302734e+00,1.669646978378295898e+00,2.066081523895263672e+00,2.413233280181884766e+00,2.703355073928833008e+00,2.930005073547363281e+00,3.088189363479614258e+00,3.174474239349365234e+00,3.187060594558715820e+00,3.125822782516479492e+00,2.992311716079711914e+00,2.789715766906738281e+00,2.522789716720581055e+00,2.197744846343994141e+00,1.822108626365661621e+00,1.404553294181823730e+00,9.546996951103210449e-01,4.828993082046508789e-01,1.190490937201407837e-15
0.000000000000000000e+00,5.153202638030052185e-02,9.936650097370147705e-02,1.399137824773788452e-01,1.697973608970642090e-01,1.859538704156875610e-01,1.857253164052963257e-01,1.669412553310394287e-01,1.279889494180679321e-01,6.786955893039703369e-02,-1.376097928732633591e-02,-1.165674701333045959e-01,-2.395281791687011719e-01,-3.809449672698974609e-01,-5.384708642959594727e-01,-7.091542482376098633e-01,-8.894994854927062988e-01,-1.075541377067565918e+00,-1.262933611869812012e+00,-1.447047472000122070e+00,-1.623079538345336914e+00,-1.786166191101074219e+00,-1.931501030921936035e+00,-2.054454326629638672e+00,-2.150689840316772461e+00,-2.216277837753295898e+00,-2.247799873352050781e+00,-2.242445230484008789e+00,-2.198094367980957031e+00,-2.113389015197753906e+00,-1.987784624099731445e+00,-1.821588039398193359e+00,-1.615975141525268555e+00,-1.372989058494567871e+00,-1.095521092414855957e+00,-7.872702479362487793e-01,-4.526860415935516357e-01,-9.689315408468246460e-02,2.743996679782867432e-01,6.550049185752868652e-01,1.038373589515686035e+00,1.417722225189208984e+00,1.786166191101074219e+00,2.136858463287353516e+00,2.463128089904785156e+00,2.758618593215942383e+00,3.017419576644897461e+00,3.234192371368408203e+00,3.404285430908203125e+00,3.523835659027099609e+00,3.589854955673217773e+00,3.600301742553710938e+00,3.554130554199218750e+00,3.451324224472045898e+00,3.292904138565063477e+00,3.080921173095703125e+00,2.818423509597778320e+00,2.509405851364135742e+00,2.158739089965820312e+00,1.772080779075622559e+00,1.355771183967590332e+00,9.167141914367675781e-01,4.622468054294586182e-01,1.138404446055017553e-15
0.000000000000000000e+00,-4.271453320980072021e-01,-8.500455021858215332e-01,-1.264497518539428711e+00,-1.666382431983947754e+00,-2.051706075668334961e+00,-2.416638851165771484e+00,-2.757554054260253906e+00,-3.071063518524169922e+00,-3.354051351547241211e+00,-3.603705167770385742e+00,-3.817543506622314453e+00,-3.993441581726074219e+00,-4.129651069641113281e+00,-4.224818229675292969e+00,-4.277997016906738281e+00,-4.288659095764160156e+00,-4.256699085235595703e+00,-4.182433605194091797e+00,-4.066601276397705078e+00,-3.910353422164916992e+00,-3.715242624282836914e+00,-3.483208179473876953e+00,-3.216555833816528320e+00,-2.917936086654663086e+00,-2.590316534042358398e+00,-2.236953258514404297e+00,-1.861358046531677246e+00,-1.467263936996459961e+00,-1.058587431907653809e+00,-6.393902301788330078e-01,-2.138384878635406494e-01,2.138384878635406494e-01,6.393902301788330078e-01,1.058587431907653809e+00,1.467263936996459961e+00,1.861358046531677246e+00,2.236953258514404297e+00,2.590316534042358398e+00,2.917936086654663086e+00,3.216555833816528320e+00,3.483208179473876953e+00,3.715242624282836914e+00,3.910353422164916992e+00,4.066601276397705078e+00,4.182433605194091797e+00,4.256699085235595703e+00,4.288659095764160156e+00,4.277997016906738281e+00,4.224818229675292969e+00,4.129651069641113281e+00,3.993441581726074219e+00,3.817543506622314453e+00,3.603705167770385742e+00,3.354051351547241211e+00,3.071063518524169922e+00,2.757554054260253906e+00,2.416638851165771484e+00,2.051706075668334961e+00,1.666382431983947754e+00,1.264497518539428711e+00,8.500455021858215332e-01,4.271453320980072021e-01,1.050745112222788418e-15
0.000000000000000000e+00,-8.794057369232177734e-01,-1.746886134147644043e+00,-2.590705394744873047e+00,-3.399504184722900391e+00,-4.162477493286132812e+00,-4.869544982910156250e+00,-5.511507511138916016e+00,-6.080184936523437500e+00,-6.568539619445800781e+00,-6.970776557922363281e+00,-7.282422065734863281e+00,-7.500379085540771484e+00,-7.622956752777099609e+00,-7.649879455566406250e+00,-7.582265377044677734e+00,-7.422585010528564453e+00,-7.174599170684814453e+00,-6.843269348144531250e+00,-6.434654712677001953e+00,-5.955790042877197266e+00,-5.414548397064208984e+00,-4.819494724273681641e+00,-4.179728031158447266e+00,-3.504721164703369141e+00,-2.804156064987182617e+00,-2.087761163711547852e+00,-1.365154504776000977e+00,-6.456897854804992676e-01,6.168288737535476685e-02,7.485474944114685059e-01,1.407136082649230957e+00,2.030427217483520508e+00,2.612226247787475586e+00,3.147227287292480469e+00,3.631054401397705078e+00,4.060285568237304688e+00,4.432454109191894531e+00,4.746034145355224609e+00,5.000406265258789062e+00,5.195808887481689453e+00,5.333273410797119141e+00,5.414548397064208984e+00,5.442010879516601562e+00,5.418573856353759766e+00,5.347584247589111328e+00,5.232720851898193359e+00,5.077892303466796875e+00,4.887134075164794922e+00,4.664515018463134766e+00,4.414046764373779297e+00,4.139605045318603516e+00,3.844858884811401367e+00,3.533213376998901367e+00,3.207765817642211914e+00,2.871274709701538086e+00,2.526142835617065430e+00,2.174413919448852539e+00,1.817784428596496582e+00,1.457625985145568848e+00,1.095020532608032227e+00,7.308053970336914062e-01,3.656268715858459473e-01,8.981021518310382083e-16
0.000000000000000000e+00,-1.283437848091125488e+00,-2.547820806503295898e+00,-3.774423599243164062e+00,-4.945175647735595703e+00,-6.042969703674316406e+00,-7.051957130432128906e+00,-7.957812786102294922e+00,-8.747975349426269531e+00,-9.411850929260253906e+00,-9.940979003906250000e+00,-1.032916069030761719e+01,-1.057253646850585938e+01,-1.066963100433349609e+01,-1.062133884429931641e+01,-1.043088340759277344e+01,-1.010371398925781250e+01,-9.647380828857421875e+00,-9.071356773376464844e+00,-8.386838912963867188e+00,-7.606510639190673828e+00,-6.744285106658935547e+00,-5.815032482147216797e+00,-4.834286689758300781e+00,-3.817954063415527344e+00,-2.782016277313232422e+00,-1.742239713668823242e+00,-7.138971090316772461e-01,2.884943485260009766e-01,1.251413941383361816e+00,2.162550687789916992e+00,3.010987043380737305e+00,3.787349700927734375e+00,4.483922481536865234e+00,5.094724655151367188e+00,5.615546703338623047e+00,6.043954849243164062e+00,6.379249095916748047e+00,6.622394084930419922e+00,6.775912761688232422e+00,6.843750476837158203e+00,6.831112861633300781e+00,6.744285106658935547e+00,6.590429782867431641e+00,6.377375602722167969e+00,6.113398551940917969e+00,5.807002544403076172e+00,5.466704845428466797e+00,5.100825309753417969e+00,4.717297554016113281e+00,4.323492050170898438e+00,3.926063537597656250e+00,3.530823945999145508e+00,3.142642498016357422e+00,2.765377521514892578e+00,2.401836872100830078e+00,2.053771257400512695e+00,1.721899271011352539e+00,1.405960321426391602e+00,1.104797482490539551e+00,8.164647817611694336e-01,5.383569002151489258e-01,2.673572003841400146e-01,6.550832111869775085e-16
0.000000000000000000e+00,-1.620541214942932129e+00,-3.215703487396240234e+00,-4.760567665100097656e+00,-6.231123447418212891e+00,-7.604702472686767578e+00,-8.860383987426757812e+00,-9.979361534118652344e+00,-1.094527816772460938e+01,-1.174449729919433594e+01,-1.236633682250976562e+01,-1.280322933197021484e+01,-1.305083274841308594e+01,-1.310807323455810547e+01,-1.297712230682373047e+01,-1.266331577301025391e+01,-1.217501163482666016e+01,-1.152338695526123047e+01,-1.072218894958496094e+01,-9.787433624267578125e+00,-8.737067222595214844e+00,-7.590595245361328125e+00,-6.368683815002441406e+00,-5.092751026153564453e+00,-3.784543275833129883e+00,-2.465718746185302734e+00,-1.157437443733215332e+00,1.200276389718055725e-01,1.347655534744262695e+00,2.508007049560546875e+00,3.585515499114990234e+00,4.566730976104736328e+00,5.440515995025634766e+00,6.198185920715332031e+00,6.833597183227539062e+00,7.343175888061523438e+00,7.725891590118408203e+00,7.983180046081542969e+00,8.118808746337890625e+00,8.138700485229492188e+00,8.050709724426269531e+00,7.864368915557861328e+00,7.590595245361328125e+00,7.241382598876953125e+00,6.829474925994873047e+00,6.368032455444335938e+00,5.870296955108642578e+00,5.349268436431884766e+00,4.817396163940429688e+00,4.286290645599365234e+00,3.766468763351440430e+00,3.267131328582763672e+00,2.795982122421264648e+00,2.359089851379394531e+00,1.960796117782592773e+00,1.603673577308654785e+00,1.288530468940734863e+00,1.014464139938354492e+00,7.789598703384399414e-01,5.780332088470458984e-01,4.064106941223144531e-01,2.577446401119232178e-01,1.248561665415763855e-01,3.033164897717953662e-16
0.000000000000000000e+00,-1.876383304595947266e+00,-3.722078561782836914e+00,-5.506972312927246094e+00,-7.202085971832275391e+00,-8.780117988586425781e+00,-1.021594429016113281e+01,-1.148708534240722656e+01,-1.257410430908203125e+01,-1.346096229553222656e+01,-1.413528347015380859e+01,-1.458856964111328125e+01,-1.481631374359130859e+01,-1.481805229187011719e+01,-1.459732723236083984e+01,-1.416157054901123047e+01,-1.352191448211669922e+01,-1.269292640686035156e+01,-1.169228649139404297e+01,-1.054039478302001953e+01,-9.259937286376953125e+00,-7.875410556793212891e+00,-6.412614822387695312e+00,-4.898127079010009766e+00,-3.358769416809082031e+00,-1.821079969406127930e+00,-3.107964396476745605e-01,1.147632002830505371e+00,2.531498908996582031e+00,3.820249557495117188e+00,4.995837211608886719e+00,6.043020248413085938e+00,6.949591159820556641e+00,7.706540584564208984e+00,8.308144569396972656e+00,8.751983642578125000e+00,9.038884162902832031e+00,9.172796249389648438e+00,9.160601615905761719e+00,9.011859893798828125e+00,8.738504409790039062e+00,8.354493141174316406e+00,7.875410556793212891e+00,7.318058967590332031e+00,6.700016498565673828e+00,6.039196491241455078e+00,5.353405475616455078e+00,4.659914016723632812e+00,3.975054502487182617e+00,3.313844919204711914e+00,2.689657926559448242e+00,2.113935470581054688e+00,1.595957636833190918e+00,1.142672061920166016e+00,7.585837244987487793e-01,4.457102417945861816e-01,2.036025226116180420e-01,2.942835167050361633e-02,-8.188241720199584961e-02,-1.374354511499404907e-01,-1.461179256439208984e-01,-1.182993426918983459e-01,-6.549490243196487427e-02,-1.660723633680017222e-16
0.000000000000000000e+00,-2.041937828063964844e+00,-4.049045085906982422e+00,-5.987162113189697266e+00,-7.823456287384033203e+00,-9.527053833007812500e+00,-1.106962585449218750e+01,-1.242592620849609375e+01,-1.357426357269287109e+01,-1.449690055847167969e+01,-1.518036937713623047e+01,-1.561570644378662109e+01,-1.579858398437500000e+01,-1.572935771942138672e+01,-1.541301250457763672e+01,-1.485901737213134766e+01,-1.408108997344970703e+01,-1.309687709808349609e+01,-1.192755699157714844e+01,-1.059737682342529297e+01,-9.133126258850097656e+00,-7.563569068908691406e+00,-5.918841361999511719e+00,-4.229827404022216797e+00,-2.527523994445800781e+00,-8.424205780029296875e-01,7.961113452911376953e-01,2.360389947891235352e+00,3.824953079223632812e+00,5.167033672332763672e+00,6.366968154907226562e+00,7.408534526824951172e+00,8.279208183288574219e+00,8.970335960388183594e+00,9.477222442626953125e+00,9.799126625061035156e+00,9.939173698425292969e+00,9.904183387756347656e+00,9.704421043395996094e+00,9.353266716003417969e+00,8.866836547851562500e+00,8.263534545898437500e+00,7.563569068908691406e+00,6.788433074951171875e+00,5.960367679595947266e+00,5.101814746856689453e+00,4.234876632690429688e+00,3.380794763565063477e+00,2.559454202651977539e+00,1.788933396339416504e+00,1.085101842880249023e+00,4.612797796726226807e-01,-7.203622907400131226e-02,-5.073730945587158203e-01,-8.404042720794677734e-01,-1.069992542266845703e+00,-1.198153257369995117e+00,-1.229937434196472168e+00,-1.173241376876831055e+00,-1.038543820381164551e+00,-8.385807275772094727e-01,-5.879642367362976074e-01,-3.027550578117370605e-01,-7.507432476620563410e-16
0.000000000000000000e+00,-2.114025592803955078e+00,-4.190330982208251953e+00,-6.191945552825927734e+00,-8.083376884460449219e+00,-9.831315994262695312e+00,-1.140529060363769531e+01,-1.277826118469238281e+01,-1.392714118957519531e+01,-1.483324432373046875e+01,-1.548262405395507812e+01,-1.586633110046386719e+01,-1.598055076599121094e+01,-1.582664680480957031e+01,-1.541108608245849609e+01,-1.474526977539062500e+01,-1.384525394439697266e+01,-1.273138141632080078e+01,-1.142782306671142578e+01,-9.962045669555664062e+00,-8.364214897155761719e+00,-6.666546821594238281e+00,-4.902623653411865234e+00,-3.106685876846313477e+00,-1.312918305397033691e+00,4.452532231807708740e-01,2.135843753814697266e+00,3.728950738906860352e+00,5.197343349456787109e+00,6.516989707946777344e+00,7.667503356933593750e+00,8.632511138916015625e+00,9.399925231933593750e+00,9.962118148803710938e+00,1.031599998474121094e+01,1.046299362182617188e+01,1.040890789031982422e+01,1.016371917724609375e+01,9.741263389587402344e+00,9.158837318420410156e+00,8.436743736267089844e+00,7.597754955291748047e+00,6.666546821594238281e+00,5.669083595275878906e+00,4.631988048553466797e+00,3.581903934478759766e+00,2.544865608215332031e+00,1.545690894126892090e+00,6.074112653732299805e-01,-2.492511421442031860e-01,-1.006343126296997070e+00,-1.649069905281066895e+00,-2.166104555130004883e+00,-2.549811601638793945e+00,-2.796377182006835938e+00,-2.905848264694213867e+00,-2.882076025009155273e+00,-2.732567310333251953e+00,-2.468246936798095703e+00,-2.103139400482177734e+00,-1.653974175453186035e+00,-1.139726519584655762e+00,-5.811057686805725098e-01,-1.436359931954742444e-15
0.000000000000000000e+00,-2.095411539077758789e+00,-4.151488780975341797e+00,-6.129702091217041016e+00,-7.993113040924072266e+00,-9.707127571105957031e+00,-1.124020004272460938e+01,-1.256446838378906250e+01,-1.365631675720214844e+01,-1.449684047698974609e+01,-1.507221412658691406e+01,-1.537395381927490234e+01,-1.539906024932861328e+01,-1.515005111694335938e+01,-1.463487148284912109e+01,-1.386669445037841797e+01,-1.286361122131347656e+01,-1.164821434020996094e+01,-1.024709606170654297e+01,-8.690254211425781250e+00,-7.010439872741699219e+00,-5.242443561553955078e+00,-3.422345876693725586e+00,-1.586744308471679688e+00,2.280222326517105103e-01,1.986639857292175293e+00,3.655556440353393555e+00,5.203673839569091797e+00,6.602981567382812500e+00,7.829116821289062500e+00,8.861840248107910156e+00,9.685417175292968750e+00,1.028889656066894531e+01,1.066628074645996094e+01,1.081658458709716797e+01,1.074378681182861328e+01,1.045666313171386719e+01,9.968523025512695312e+00,9.296842575073242188e+00,8.462809562683105469e+00,7.490785598754882812e+00,6.407710552215576172e+00,5.242443561553955078e+00,4.025074958801269531e+00,2.786212682723999023e+00,1.556264281272888184e+00,3.647317290306091309e-01,-7.604686617851257324e-01,-1.793642520904541016e+00,-2.711897134780883789e+00,-3.495650529861450195e+00,-4.129060268402099609e+00,-4.600359916687011719e+00,-4.902100086212158203e+00,-5.031280517578125000e+00,-4.989384651184082031e+00,-4.782299995422363281e+00,-4.420137405395507812e+00,-3.916951894760131836e+00,-3.290369749069213867e+00,-2.561129093170166016e+00,-1.752552390098571777e+00,-8.899531364440917969e-01,-2.196842417383887934e-15
0.000000000000000000e+00,-1.994454741477966309e+00,-3.949192523956298828e+00,-5.825335979461669922e+00,-7.585666656494140625e+00,-9.195412635803222656e+00,-1.062297630310058594e+01,-1.184060096740722656e+01,-1.282494640350341797e+01,-1.355757236480712891e+01,-1.402531719207763672e+01,-1.422056007385253906e+01,-1.414135932922363281e+01,-1.379147624969482422e+01,-1.318026828765869141e+01,-1.232246685028076172e+01,-1.123783493041992188e+01,-9.950722694396972656e+00,-8.489521026611328125e+00,-6.886028766632080078e+00,-5.174754142761230469e+00,-3.392155885696411133e+00,-1.575844526290893555e+00,2.362330853939056396e-01,2.006617307662963867e+00,3.699141263961791992e+00,5.279706001281738281e+00,6.717005252838134766e+00,7.983183860778808594e+00,9.054419517517089844e+00,9.911410331726074219e+00,1.053975677490234375e+01,1.093024158477783203e+01,1.107898426055908203e+01,1.098748016357421875e+01,1.066251754760742188e+01,1.011598491668701172e+01,9.364550590515136719e+00,8.429253578186035156e+00,7.334987163543701172e+00,6.109905242919921875e+00,4.784754753112792969e+00,3.392155885696411133e+00,1.965844273567199707e+00,5.398903489112854004e-01,-8.520835041999816895e-01,-2.177671432495117188e+00,-3.406421422958374023e+00,-4.510523319244384766e+00,-5.465433597564697266e+00,-6.250423431396484375e+00,-6.849035263061523438e+00,-7.249439239501953125e+00,-7.444681644439697266e+00,-7.432822704315185547e+00,-7.216953754425048828e+00,-6.805100440979003906e+00,-6.210012912750244141e+00,-5.448843479156494141e+00,-4.542727470397949219e+00,-3.516268491744995117e+00,-2.396945714950561523e+00,-1.214455366134643555e+00,-2.995664155104604820e-15
0.000000000000000000e+00,-1.824330210685729980e+00,-3.609692811965942383e+00,-5.317972660064697266e+00,-6.912742137908935547e+00,-8.360054969787597656e+00,-9.629191398620605469e+00,-1.069332599639892578e+01,-1.153011226654052734e+01,-1.212216758728027344e+01,-1.245744991302490234e+01,-1.252951049804687500e+01,-1.233763599395751953e+01,-1.188684558868408203e+01,-1.118777847290039062e+01,-1.025644969940185547e+01,-9.113883972167968750e+00,-7.785650730133056641e+00,-6.301285743713378906e+00,-4.693637371063232422e+00,-2.998133897781372070e+00,-1.251996755599975586e+00,5.065832734107971191e-01,2.239291906356811523e+00,3.908537864685058594e+00,5.478280544281005859e+00,6.914823055267333984e+00,8.187552452087402344e+00,9.269608497619628906e+00,1.013846492767333984e+01,1.077642154693603516e+01,1.117097854614257812e+01,1.131510066986083984e+01,1.120735645294189453e+01,1.085192966461181641e+01,1.025851249694824219e+01,9.442068099975585938e+00,8.422481536865234375e+00,7.224097728729248047e+00,5.875163555145263672e+00,4.407181262969970703e+00,2.854190349578857422e+00,1.251996755599975586e+00,-3.626398742198944092e-01,-1.952835798263549805e+00,-3.482415676116943359e+00,-4.916727542877197266e+00,-6.223420143127441406e+00,-7.373171806335449219e+00,-8.340342521667480469e+00,-9.103549003601074219e+00,-9.646142005920410156e+00,-9.956568717956542969e+00,-1.002863025665283203e+01,-9.861609458923339844e+00,-9.460282325744628906e+00,-8.834794044494628906e+00,-8.000429153442382812e+00,-6.977249622344970703e+00,-5.789636135101318359e+00,-4.465728759765625000e+00,-3.036780357360839844e+00,-1.536443471908569336e+00,-3.788118534402574317e-15
0.000000000000000000e+00,-1.601893186569213867e+00,-3.166553258895874023e+00,-4.657593250274658203e+00,-6.040299892425537109e+00,-7.282421588897705078e+00,-8.354904174804687500e+00,-9.232551574707031250e+00,-9.894601821899414062e+00,-1.032520294189453125e+01,-1.051377487182617188e+01,-1.045525741577148438e+01,-1.015023326873779297e+01,-9.604919433593750000e+00,-8.831034660339355469e+00,-7.845542907714843750e+00,-6.670278549194335938e+00,-5.331459045410156250e+00,-3.859099388122558594e+00,-2.286341905593872070e+00,-6.487123966217041016e-01,1.016677021980285645e+00,2.671962261199951172e+00,4.279379844665527344e+00,5.802117347717285156e+00,7.205146312713623047e+00,8.456014633178710938e+00,9.525579452514648438e+00,1.038867378234863281e+01,1.102468204498291016e+01,1.141800880432128906e+01,1.155844593048095703e+01,1.144141197204589844e+01,1.106807041168212891e+01,1.044531631469726562e+01,9.585639953613281250e+00,8.506856918334960938e+00,7.231728553771972656e+00,5.787465095520019531e+00,4.205129623413085938e+00,2.518957138061523438e+00,7.656008005142211914e-01,-1.016677021980285645e+00,-2.788850784301757812e+00,-4.511994838714599609e+00,-6.148147583007812500e+00,-7.661152362823486328e+00,-9.017463684082031250e+00,-1.018689250946044922e+01,-1.114327907562255859e+01,-1.186507987976074219e+01,-1.233584594726562500e+01,-1.254460144042968750e+01,-1.248608398437500000e+01,-1.216087722778320312e+01,-1.157539653778076172e+01,-1.074176216125488281e+01,-9.677532196044921875e+00,-8.405321121215820312e+00,-6.952311992645263672e+00,-5.349653720855712891e+00,-3.631783485412597656e+00,-1.835669994354248047e+00,-4.524389218309166072e-15
0.000000000000000000e+00,-1.346272826194763184e+00,-2.657853126525878906e+00,-3.900869131088256836e+00,-5.043072223663330078e+00,-6.054601192474365234e+00,-6.908693790435791016e+00,-7.582324504852294922e+00,-8.056758880615234375e+00,-8.318008422851562500e+00,-8.357177734375000000e+00,-8.170691490173339844e+00,-7.760403633117675781e+00,-7.133576869964599609e+00,-6.302740097045898438e+00,-5.285424232482910156e+00,-4.103779315948486328e+00,-2.784085988998413086e+00,-1.356169462203979492e+00,1.472695171833038330e-01,1.691394209861755371e+00,3.240021944046020508e+00,4.756448745727539062e+00,6.204290866851806641e+00,7.548323154449462891e+00,8.755291938781738281e+00,9.794693946838378906e+00,1.063948726654052734e+01,1.126674175262451172e+01,1.165818214416503906e+01,1.180064487457275391e+01,1.168641567230224609e+01,1.131344318389892578e+01,1.068543434143066406e+01,9.811817169189453125e+00,8.707571983337402344e+00,7.392948150634765625e+00,5.893049240112304688e+00,4.237319469451904297e+00,2.458923816680908203e+00,5.940457582473754883e-01,-1.318885564804077148e+00,-3.240021944046020508e+00,-5.128957271575927734e+00,-6.945606231689453125e+00,-8.651077270507812500e+00,-1.020852565765380859e+01,-1.158396339416503906e+01,-1.274701118469238281e+01,-1.367157363891601562e+01,-1.433642196655273438e+01,-1.472567558288574219e+01,-1.482916641235351562e+01,-1.464268016815185547e+01,-1.416807079315185547e+01,-1.341323947906494141e+01,-1.239198970794677734e+01,-1.112374210357666016e+01,-9.633141517639160156e+00,-7.949539661407470703e+00,-6.106377601623535156e+00,-4.140483856201171875e+00,-2.091290235519409180e+00,-5.153195561648183862e-15
0.000000000000000000e+00,-1.077313303947448730e+00,-2.123083114624023438e+00,-3.106544971466064453e+00,-3.998474359512329102e+00,-4.771910667419433594e+00,-5.402831554412841797e+00,-5.870753288269042969e+00,-6.159255981445312500e+00,-6.256405830383300781e+00,-6.155077934265136719e+00,-5.853166103363037109e+00,-5.353670120239257812e+00,-4.664668560028076172e+00,-3.799168109893798828e+00,-2.774836540222167969e+00,-1.613624453544616699e+00,-3.412850797176361084e-01,1.013200283050537109e+00,2.418274402618408203e+00,3.840522527694702148e+00,5.245438098907470703e+00,6.598222732543945312e+00,7.864593982696533203e+00,9.011595726013183594e+00,1.000837802886962891e+01,1.082693862915039062e+01,1.144280529022216797e+01,1.183564567565917969e+01,1.198978519439697266e+01,1.189462471008300781e+01,1.154495143890380859e+01,1.094112777709960938e+01,1.008915328979492188e+01,9.000610351562500000e+00,7.692474842071533203e+00,6.186815738677978516e+00,4.510365962982177734e+00,2.693999767303466797e+00,7.721053957939147949e-01,-1.218120932579040527e+00,-3.237448930740356445e+00,-5.245438098907470703e+00,-7.201296329498291016e+00,-9.064747810363769531e+00,-1.079690170288085938e+01,-1.236109352111816406e+01,-1.372368049621582031e+01,-1.485478496551513672e+01,-1.572895240783691406e+01,-1.632572555541992188e+01,-1.663010787963867188e+01,-1.663291358947753906e+01,-1.633100128173828125e+01,-1.572737216949462891e+01,-1.483113861083984375e+01,-1.365736770629882812e+01,-1.222678947448730469e+01,-1.056539344787597656e+01,-8.703904151916503906e+00,-6.677156448364257812e+00,-4.523389816284179688e+00,-2.283460378646850586e+00,-5.625723479185835985e-15
0.000000000000000000e+00,-8.139872550964355469e-01,-1.599989652633666992e+00,-2.330744981765747070e+00,-2.980418682098388672e+00,-3.525276184082031250e+00,-3.944304466247558594e+00,-4.219768524169921875e+00,-4.337692737579345703e+00,-4.288247585296630859e+00,-4.066045284271240234e+00,-3.670319318771362305e+00,-3.105003356933593750e+00,-2.378689050674438477e+00,-1.504475474357604980e+00,-4.997073709964752197e-01,6.143907308578491211e-01,1.813176393508911133e+00,3.069137334823608398e+00,4.352513313293457031e+00,5.631977558135986328e+00,6.875363826751708984e+00,8.050419807434082031e+00,9.125572204589843750e+00,1.007068443298339844e+01,1.085779190063476562e+01,1.146179485321044922e+01,1.186109161376953125e+01,1.203814411163330078e+01,1.197995376586914062e+01,1.167844200134277344e+01,1.113072490692138672e+01,1.033927345275878906e+01,9.311952590942382812e+00,8.061945915222167969e+00,6.607557773590087891e+00,4.971897602081298828e+00,3.182461023330688477e+00,1.270602226257324219e+00,-7.290799021720886230e-01,-2.779433727264404297e+00,-4.841509819030761719e+00,-6.875363826751708984e+00,-8.840888023376464844e+00,-1.069865131378173828e+01,-1.241074180603027344e+01,-1.394157123565673828e+01,-1.525864696502685547e+01,-1.633328247070312500e+01,-1.714122581481933594e+01,-1.766320991516113281e+01,-1.788539123535156250e+01,-1.779967880249023438e+01,-1.740395355224609375e+01,-1.670214653015136719e+01,-1.570420742034912109e+01,-1.442593288421630859e+01,-1.288868522644042969e+01,-1.111898040771484375e+01,-9.147975921630859375e+00,-7.010859489440917969e+00,-4.746148586273193359e+00,-2.394922733306884766e+00,-5.899524761803420433e-15
0.000000000000000000e+00,-5.729142427444458008e-01,-1.121625423431396484e+00,-1.622584700584411621e+00,-2.053535223007202148e+00,-2.394119977951049805e+00,-2.626441955566406250e+00,-2.735568046569824219e+00,-2.709957838058471680e+00,-2.541812419891357422e+00,-2.227331876754760742e+00,-1.766875505447387695e+00,-1.165019273757934570e+00,-4.305112957954406738e-01,4.238777458667755127e-01,1.381603240966796875e+00,2.422690868377685547e+00,3.524169445037841797e+00,4.660580158233642578e+00,5.804554939270019531e+00,6.927445888519287109e+00,7.999998092651367188e+00,8.993041992187500000e+00,9.878200531005859375e+00,1.062858104705810547e+01,1.121944618225097656e+01,1.162885093688964844e+01,1.183821392059326172e+01,1.183283042907714844e+01,1.160229778289794922e+01,1.114085388183593750e+01,1.044761371612548828e+01,9.526700973510742188e+00,8.387267112731933594e+00,7.043404102325439453e+00,5.513938426971435547e+00,3.822123289108276367e+00,1.995228886604309082e+00,6.403654813766479492e-02,-1.937749266624450684e+00,-3.974159717559814453e+00,-6.007677555084228516e+00,-7.999998092651367188e+00,-9.912810325622558594e+00,-1.170859622955322266e+01,-1.335141181945800781e+01,-1.480765247344970703e+01,-1.604677009582519531e+01,-1.704194068908691406e+01,-1.777064704895019531e+01,-1.821519088745117188e+01,-1.836310195922851562e+01,-1.820743942260742188e+01,-1.774698257446289062e+01,-1.698630905151367188e+01,-1.593574333190917969e+01,-1.461120033264160156e+01,-1.303389453887939453e+01,-1.122995948791503906e+01,-9.229947090148925781e+00,-7.068246841430664062e+00,-4.782415866851806641e+00,-2.412450551986694336e+00,-5.942070379711056685e-15
0.000000000000000000e+00,-3.671034574508666992e-01,-7.138488292694091797e-01,-1.020453572273254395e+00,-1.268272280693054199e+00,-1.440330386161804199e+00,-1.521817207336425781e+00,-1.500525474548339844e+00,-1.367227673530578613e+00,-1.115978002548217773e+00,-7.443344593048095703e-01,-2.534932494163513184e-01,3.516674935817718506e-01,1.062635898590087891e+00,1.867407202720642090e+00,2.750712394714355469e+00,3.694334030151367188e+00,4.677496433258056641e+00,5.677327156066894531e+00,6.669378757476806641e+00,7.628193378448486328e+00,8.527904510498046875e+00,9.342862129211425781e+00,1.004825687408447266e+01,1.062074089050292969e+01,1.103902626037597656e+01,1.128444576263427734e+01,1.134145927429199219e+01,1.119810104370117188e+01,1.084635829925537109e+01,1.028245639801025391e+01,9.507059097290039062e+00,8.525376319885253906e+00,7.347165107727050781e+00,5.986631393432617188e+00,4.462235927581787109e+00,2.796399354934692383e+00,1.015117287635803223e+00,-8.525103330612182617e-01,-2.774821281433105469e+00,-4.718198776245117188e+00,-6.647731304168701172e+00,-8.527904510498046875e+00,-1.032332420349121094e+01,-1.199943637847900391e+01,-1.352324676513671875e+01,-1.486401271820068359e+01,-1.599389743804931641e+01,-1.688857078552246094e+01,-1.752774429321289062e+01,-1.789562606811523438e+01,-1.798128890991210938e+01,-1.777894210815429688e+01,-1.728810119628906250e+01,-1.651364326477050781e+01,-1.546576213836669922e+01,-1.415981101989746094e+01,-1.261604118347167969e+01,-1.085923290252685547e+01,-8.918244361877441406e+00,-6.825466156005859375e+00,-4.616209030151367188e+00,-2.328027725219726562e+00,-5.733655805456767951e-15
0.000000000000000000e+00,-2.050244510173797607e-01,-3.934742808341979980e-01,-5.492643713951110840e-01,-6.572763919830322266e-01,-7.038121223449707031e-01,-6.770117878913879395e-01,-5.672263503074645996e-01,-3.673349320888519287e-01,-7.299912720918655396e-02,3.171526789665222168e-01,8.014156818389892578e-01,1.374976992607116699e+00,2.029963731765747070e+00,2.755569458007812500e+00,3.538257598876953125e+00,4.362037658691406250e+00,5.208807468414306641e+00,6.058753013610839844e+00,6.890803813934326172e+00,7.683119773864746094e+00,8.413614273071289062e+00,9.060490608215332031e+00,9.602783203125000000e+00,1.002088928222656250e+01,1.029708385467529297e+01,1.041599750518798828e+01,1.036505126953125000e+01,1.013483524322509766e+01,9.719427108764648438e+00,9.116628646850585938e+00,8.328134536743164062e+00,7.359608650207519531e+00,6.220675945281982422e+00,4.924829483032226562e+00,3.489243984222412109e+00,1.934512138366699219e+00,2.842976748943328857e-01,-1.435083627700805664e+00,-3.195146322250366211e+00,-4.965773582458496094e+00,-6.715797901153564453e+00,-8.413614273071289062e+00,-1.002781295776367188e+01,-1.152781295776367188e+01,-1.288449573516845703e+01,-1.407080745697021484e+01,-1.506233310699462891e+01,-1.583782100677490234e+01,-1.637964820861816406e+01,-1.667421913146972656e+01,-1.671228218078613281e+01,-1.648915863037109375e+01,-1.600489616394042969e+01,-1.526430511474609375e+01,-1.427692127227783203e+01,-1.305685329437255859e+01,-1.162255191802978516e+01,-9.996482849121093750e+00,-8.204723358154296875e+00,-6.276478290557861328e+00,-4.243535041809082031e+00,-2.139668464660644531e+00,-5.269411023110315631e-15
0.000000000000000000e+00,-9.008013457059860229e-02,-1.672254800796508789e-01,-2.188986986875534058e-01,-2.333475351333618164e-01,-1.999725997447967529e-01,-1.096663028001785278e-01,4.488578811287879944e-02,2.689488232135772705e-01,5.655343532562255859e-01,9.352533817291259766e-01,1.376231074333190918e+00,1.884084582328796387e+00,2.451967477798461914e+00,3.070676803588867188e+00,3.728825569152832031e+00,4.413071632385253906e+00,5.108402252197265625e+00,5.798468112945556641e+00,6.465954780578613281e+00,7.092990398406982422e+00,7.661571979522705078e+00,8.154009819030761719e+00,8.553369522094726562e+00,8.843912124633789062e+00,9.011510848999023438e+00,9.044044494628906250e+00,8.931750297546386719e+00,8.667531967163085938e+00,8.247216224670410156e+00,7.669739246368408203e+00,6.937283515930175781e+00,6.055328369140625000e+00,5.032638549804687500e+00,3.881178617477416992e+00,2.615950345993041992e+00,1.254766345024108887e+00,-1.820439696311950684e-01,-1.671988964080810547e+00,-3.190821647644042969e+00,-4.712991237640380859e+00,-6.212131500244140625e+00,-7.661571979522705078e+00,-9.034868240356445312e+00,-1.030633258819580078e+01,-1.145155811309814453e+01,-1.244792366027832031e+01,-1.327507114410400391e+01,-1.391534233093261719e+01,-1.435415935516357422e+01,-1.458036231994628906e+01,-1.458646297454833984e+01,-1.436884307861328125e+01,-1.392786502838134766e+01,-1.326791286468505859e+01,-1.239734363555908203e+01,-1.132836818695068359e+01,-1.007684993743896484e+01,-8.662027359008789062e+00,-7.106173992156982422e+00,-5.434191226959228516e+00,-3.673152446746826172e+00,-1.851798057556152344e+00,-4.560242852417019724e-15
0.000000000000000000e+00,-2.052444033324718475e-02,-3.157172724604606628e-02,-2.396604605019092560e-02,1.087337080389261246e-02,8.065359294414520264e-02,1.919514983892440796e-01,3.499860167503356934e-01,5.584248900413513184e-01,8.192313909530639648e-01,1.132554531097412109e+00,1.496666073799133301e+00,1.907947659492492676e+00,2.360925674438476562e+00,2.848356962203979492e+00,3.361362934112548828e+00,3.889606475830078125e+00,4.421512603759765625e+00,4.944524765014648438e+00,5.445391178131103516e+00,5.910478115081787109e+00,6.326097488403320312e+00,6.678845405578613281e+00,6.955942153930664062e+00,7.145568847656250000e+00,7.237184047698974609e+00,7.221824169158935547e+00,7.092371463775634766e+00,6.843786716461181641e+00,6.473302841186523438e+00,5.980566978454589844e+00,5.367734909057617188e+00,4.639511585235595703e+00,3.803134441375732422e+00,2.868301630020141602e+00,1.847044587135314941e+00,7.535482048988342285e-01,-3.960815668106079102e-01,-1.584094166755676270e+00,-2.791412353515625000e+00,-3.997983455657958984e+00,-5.183160305023193359e+00,-6.326097488403320312e+00,-7.406163215637207031e+00,-8.403349876403808594e+00,-9.298681259155273438e+00,-1.007460308074951172e+01,-1.071534919738769531e+01,-1.120728206634521484e+01,-1.153918838500976562e+01,-1.170252990722656250e+01,-1.169164943695068359e+01,-1.150391292572021484e+01,-1.113980102539062500e+01,-1.060293292999267578e+01,-9.900029182434082031e+00,-9.040817260742187500e+00,-8.037871360778808594e+00,-6.906396389007568359e+00,-5.663963317871093750e+00,-4.330190658569335938e+00,-2.926387071609497070e+00,-1.475160598754882812e+00,-3.632603285286684774e-15
0.000000000000000000e+00,1.017234008759260178e-02,2.654323168098926544e-02,5.510889738798141479e-02,1.014660596847534180e-01,1.706249564886093140e-01,2.668373286724090576e-01,3.934438228607177734e-01,5.527448654174804688e-01,7.458982467651367188e-01,9.728463292121887207e-01,1.232275128364562988e+00,1.521606445312500000e+00,1.837023019790649414e+00,2.173528194427490234e+00,2.525036811828613281e+00,2.884496450424194336e+00,3.244037866592407227e+00,3.595148801803588867e+00,3.928868532180786133e+00,4.236000061035156250e+00,4.507332324981689453e+00,4.733868122100830078e+00,4.907057285308837891e+00,5.019019126892089844e+00,5.062760829925537109e+00,5.032376289367675781e+00,4.923228263854980469e+00,4.732105255126953125e+00,4.457347393035888672e+00,4.098944664001464844e+00,3.658597230911254883e+00,3.139739513397216797e+00,2.547528505325317383e+00,1.888790965080261230e+00,1.171936154365539551e+00,4.068293571472167969e-01,-3.953667581081390381e-01,-1.222382783889770508e+00,-2.061060428619384766e+00,-2.897593498229980469e+00,-3.717787504196166992e+00,-4.507332324981689453e+00,-5.252080917358398438e+00,-5.938332557678222656e+00,-6.553107738494873047e+00,-7.084415912628173828e+00,-7.521505832672119141e+00,-7.855094432830810547e+00,-8.077569961547851562e+00,-8.183161735534667969e+00,-8.168079376220703125e+00,-8.030611991882324219e+00,-7.771183013916015625e+00,-7.392371654510498047e+00,-6.898883342742919922e+00,-6.297485351562500000e+00,-5.596895217895507812e+00,-4.807634353637695312e+00,-3.941843986511230469e+00,-3.013067722320556641e+00,-2.036007165908813477e+00,-1.026252985000610352e+00,-2.527099928243629196e-15
0.000000000000000000e+00,1.254348643124103546e-02,2.814771421253681183e-02,4.977184534072875977e-02,8.017449080944061279e-02,1.218198761343955994e-01,1.767915338277816772e-01,2.467158287763595581e-01,3.326972723007202148e-01,4.352672994136810303e-01,5.543480515480041504e-01,6.892321705818176270e-01,8.385791182518005371e-01,1.000428557395935059e+00,1.172230243682861328e+00,1.350890994071960449e+00,1.532835602760314941e+00,1.714083194732666016e+00,1.890335083007812500e+00,2.057073116302490234e+00,2.209666490554809570e+00,2.343484878540039062e+00,2.454012393951416016e+00,2.536965608596801758e+00,2.588405609130859375e+00,2.604847908020019531e+00,2.583362340927124023e+00,2.521665096282958984e+00,2.418196678161621094e+00,2.272186279296875000e+00,2.083698749542236328e+00,1.853665709495544434e+00,1.583897471427917480e+00,1.277075052261352539e+00,9.367237687110900879e-01,5.671679377555847168e-01,1.734661459922790527e-01,-2.386692762374877930e-01,-6.629696488380432129e-01,-1.092720746994018555e+00,-1.520884990692138672e+00,-1.940233707427978516e+00,-2.343484878540039062e+00,-2.723445415496826172e+00,-3.073153734207153320e+00,-3.386019945144653320e+00,-3.655961513519287109e+00,-3.877528667449951172e+00,-4.046022415161132812e+00,-4.157595157623291016e+00,-4.209338665008544922e+00,-4.199352741241455078e+00,-4.126795291900634766e+00,-3.991911172866821289e+00,-3.796041011810302734e+00,-3.541607379913330078e+00,-3.232080459594726562e+00,-2.871922731399536133e+00,-2.466512918472290039e+00,-2.022052764892578125e+00,-1.545456886291503906e+00,-1.044228434562683105e+00,-5.263223052024841309e-01,-1.296025313198662880e-15
0.000000000000000000e+00,3.703498698892228433e-17,8.155401961009364482e-17,1.407913812728864462e-16,2.214881572182444362e-16,3.296615437720090561e-16,4.703927592358608453e-16,6.476388503717962764e-16,8.640740325431951838e-16,1.120963614154577882e-15,1.418075561117955897e-15,1.753630521908943959e-15,2.124293833693320296e-15,2.525207656639463089e-15,2.950067101004484951e-15,3.391232776637099350e-15,3.839884952974020882e-15,4.286208635738940342e-15,4.719612101442916333e-15,5.128968301774342736e-15,5.502879561394965688e-15,5.829952863647741221e-15,6.099085300660059966e-15,6.299750370479919107e-15,6.422276650915569041e-15,6.458116732496266624e-15,6.400095822642294305e-15,6.242633244780667126e-15,5.981938949988895721e-15,5.616167676991386595e-15,5.145538383805004987e-15,4.572407516089012358e-15,3.901297382748799419e-15,3.138878156485756972e-15,2.293900322919732379e-15,1.377082448723518371e-15,4.009530776292921086e-16,-6.203510487012885502e-16,-1.671324012786888375e-15,-2.735364365908017105e-15,-3.795078180613689275e-15,-4.832603755507798235e-15,-5.829952863647741221e-15,-6.769361106547227419e-15,-7.633640491640572567e-15,-8.406524174692231455e-15,-9.073001884843910625e-15,-9.619629515156789823e-15,-1.003481880787948297e-14,-1.030908807620042542e-14,-1.043527565655058206e-14,-1.040871016222584544e-14,-1.022733584426322936e-14,-9.891780354076649268e-15,-9.405380154445339841e-15,-8.774141555998281328e-15,-8.006660249084210368e-15,-7.113979002236481275e-15,-6.109405973605879989e-15,-5.008280929867181888e-15,-3.827703772159556789e-15,-2.586226004335531563e-15,-1.303516578463298319e-15,-3.209786818762109639e-30
