0.000000000000000000e+00,0.000000000000000000e+00,0.000000000000000000e+00,0.000000000000000000e+00,0.000000000000000000e+00,0.000000000000000000e+00,0.000000000000000000e+00,0.000000000000000000e+00,0.000000000000000000e+00,0.000000000000000000e+00,0.000000000000000000e+00,0.000000000000000000e+00,0.000000000000000000e+00,0.000000000000000000e+00,0.000000000000000000e+00,0.000000000000000000e+00,0.000000000000000000e+00,0.000000000000000000e+00,0.000000000000000000e+00,0.000000000000000000e+00,0.000000000000000000e+00,0.000000000000000000e+00,0.000000000000000000e+00,0.000000000000000000e+00,0.000000000000000000e+00,0.000000000000000000e+00,0.000000000000000000e+00,0.000000000000000000e+00,0.000000000000000000e+00,0.000000000000000000e+00,0.000000000000000000e+00,0.000000000000000000e+00,0.000000000000000000e+00,0.000000000000000000e+00,0.000000000000000000e+00,0.000000000000000000e+00,0.000000000000000000e+00,0.000000000000000000e+00,0.000000000000000000e+00,0.000000000000000000e+00,0.000000000000000000e+00,0.000000000000000000e+00,0.000000000000000000e+00,0.000000000000000000e+00,0.000000000000000000e+00,0.000000000000000000e+00,0.000000000000000000e+00,0.000000000000000000e+00,0.000000000000000000e+00,0.000000000000000000e+00,0.000000000000000000e+00,0.000000000000000000e+00,0.000000000000000000e+00,0.000000000000000000e+00,0.000000000000000000e+00,0.000000000000000000e+00,0.000000000000000000e+00,0.000000000000000000e+00,0.000000000000000000e+00,0.000000000000000000e+00,0.000000000000000000e+00,0.000000000000000000e+00,0.000000000000000000e+00,0.000000000000000000e+00
0.000000000000000000e+00,-8.980591297149658203e-01,-1.765258073806762695e+00,-2.571714162826538086e+00,-3.289466381072998047e+00,-3.893355131149291992e+00,-4.361808776855468750e+00,-4.677507877349853516e+00,-4.827909946441650391e+00,-4.805613994598388672e+00,-4.608555793762207031e+00,-4.240026950836181641e+00,-3.708521127700805664e+00,-3.027412891387939453e+00,-2.214480876922607422e+00,-1.291294574737548828e+00,-2.824890911579132080e-01,7.850507497787475586e-01,1.883063435554504395e+00,2.982812404632568359e+00,4.055985450744628906e+00,5.075559616088867188e+00,6.016606330871582031e+00,6.857005119323730469e+00,7.578049659729003906e+00,8.164922714233398438e+00,8.607032775878906250e+00,8.898193359375000000e+00,9.036665916442871094e+00,9.025032043457031250e+00,8.869950294494628906e+00,8.581766128540039062e+00,8.174025535583496094e+00,7.662898063659667969e+00,7.066534042358398438e+00,6.404385566711425781e+00,5.696515083312988281e+00,4.962917327880859375e+00,4.222879409790039062e+00,3.494399547576904297e+00,2.793685436248779297e+00,2.134748220443725586e+00,1.529098153114318848e+00,9.855554699897766113e-01,5.101723074913024902e-01,1.062656641006469727e-01,-2.254457026720046997e-01,-4.866130352020263672e-01,-6.809514760971069336e-01,-8.138737678527832031e-01,-8.920831680297851562e-01,-9.231450557708740234e-01,-9.150585532188415527e-01,-8.758470416069030762e-01,-8.131856322288513184e-01,-7.340815663337707520e-01,-6.446204781532287598e-01,-5.497866272926330566e-01,-4.533641636371612549e-01,-3.579192757606506348e-01,-2.648616135120391846e-01,-1.745783686637878418e-01,-8.663064241409301758e-02,-2.121878678062902269e-16
0.000000000000000000e+00,-1.711254835128784180e+00,-3.363579750061035156e+00,-4.899911403656005859e+00,-6.266855716705322266e+00,-7.416368961334228516e+00,-8.307257652282714844e+00,-8.906449317932128906e+00,-9.189994812011718750e+00,-9.143760681152343750e+00,-8.763806343078613281e+00,-8.056420326232910156e+00,-7.037825107574462891e+00,-5.733563899993896484e+00,-4.177591800689697266e+00,-2.411105155944824219e+00,-4.811558127403259277e-01,1.560906529426574707e+00,3.661100625991821289e+00,5.764536380767822266e+00,7.817131519317626953e+00,9.767264366149902344e+00,1.156730842590332031e+01,1.317500019073486328e+01,1.455459213256835938e+01,1.567776489257812500e+01,1.652426338195800781e+01,1.708225250244140625e+01,1.734838104248046875e+01,1.732755851745605469e+01,1.703247261047363281e+01,1.648286247253417969e+01,1.570457744598388672e+01,1.472848033905029297e+01,1.358922290802001953e+01,1.232394695281982422e+01,1.097096443176269531e+01,9.568463325500488281e+00,8.153285026550292969e+00,6.759817123413085938e+00,5.419031143188476562e+00,4.157709121704101562e+00,2.997862339019775391e+00,1.956367731094360352e+00,1.044819593429565430e+00,2.695910930633544922e-01,-3.679052889347076416e-01,-8.707827329635620117e-01,-1.246096611022949219e+00,-1.504145979881286621e+00,-1.657696723937988281e+00,-1.721165180206298828e+00,-1.709799885749816895e+00,-1.638900756835937500e+00,-1.523107886314392090e+00,-1.375792145729064941e+00,-1.208569765090942383e+00,-1.030959963798522949e+00,-8.501952886581420898e-01,-6.711878776550292969e-01,-4.966456890106201172e-01,-3.273279368877410889e-01,-1.624193489551544189e-01,-3.978112206696890951e-16
0.000000000000000000e+00,-2.362616539001464844e+00,-4.643565177917480469e+00,-6.763763904571533203e+00,-8.649217605590820312e+00,-1.023334312438964844e+01,-1.145905399322509766e+01,-1.228051662445068359e+01,-1.266453933715820312e+01,-1.259154033660888672e+01,-1.205605888366699219e+01,-1.106681442260742188e+01,-9.646296501159667969e+00,-7.829912662506103516e+00,-5.664733409881591797e+00,-3.207868337631225586e+00,-5.245450735092163086e-01,2.314046144485473633e+00,5.233063220977783203e+00,8.156398773193359375e+00,1.100905799865722656e+01,1.371945381164550781e+01,1.622152709960937500e+01,1.845664787292480469e+01,2.037521553039550781e+01,2.193791389465332031e+01,2.311660957336425781e+01,2.389483261108398438e+01,2.426787185668945312e+01,2.424247169494628906e+01,2.383615875244140625e+01,2.307623291015625000e+01,2.199847984313964844e+01,2.064563560485839844e+01,1.906570053100585938e+01,1.731013679504394531e+01,1.543204402923583984e+01,1.348435878753662109e+01,1.151816749572753906e+01,9.581169128417968750e+00,7.716340541839599609e+00,5.960864543914794922e+00,4.345323562622070312e+00,2.893192052841186523e+00,1.620630621910095215e+00,5.365698337554931641e-01,-3.569331467151641846e-01,-1.064092516899108887e+00,-1.594588279724121094e+00,-1.962600469589233398e+00,-2.185734987258911133e+00,-2.283893585205078125e+00,-2.278143405914306641e+00,-2.189634084701538086e+00,-2.038614988327026367e+00,-1.843590736389160156e+00,-1.620648860931396484e+00,-1.382984995841979980e+00,-1.140639662742614746e+00,-9.004503488540649414e-01,-6.662113070487976074e-01,-4.390252530574798584e-01,-2.178206741809844971e-01,-5.334842730098934230e-16
0.000000000000000000e+00,-2.790236234664916992e+00,-5.483463287353515625e+00,-7.985743045806884766e+00,-1.020917987823486328e+01,-1.207468318939208984e+01,-1.351443958282470703e+01,-1.447400760650634766e+01,-1.491396045684814453e+01,-1.481103706359863281e+01,-1.415875720977783203e+01,-1.296748256683349609e+01,-1.126393699645996094e+01,-9.090196609497070312e+00,-6.502194881439208984e+00,-3.567800045013427734e+00,-3.645301163196563721e-01,3.023003101348876953e+00,6.505840301513671875e+00,9.993508338928222656e+00,1.339684486389160156e+01,1.663072395324707031e+01,1.961657714843750000e+01,2.228465080261230469e+01,2.457590866088867188e+01,2.644353103637695312e+01,2.785396957397460938e+01,2.878753662109375000e+01,2.923851203918457031e+01,2.921478843688964844e+01,2.873707771301269531e+01,2.783770942687988281e+01,2.655911064147949219e+01,2.495198249816894531e+01,2.307329750061035156e+01,2.098416519165039062e+01,1.874765968322753906e+01,1.642669486999511719e+01,1.408200645446777344e+01,1.177033233642578125e+01,9.542826652526855469e+00,7.443782806396484375e+00,5.509671688079833984e+00,3.768541574478149414e+00,2.239763259887695312e+00,9.341290593147277832e-01,-1.457281857728958130e-01,-1.004625320434570312e+00,-1.653875946998596191e+00,-2.110148668289184570e+00,-2.394194364547729492e+00,-2.529509067535400391e+00,-2.540992736816406250e+00,-2.453668594360351562e+00,-2.291515827178955078e+00,-2.076467514038085938e+00,-1.827614426612854004e+00,-1.560639023780822754e+00,-1.287502765655517578e+00,-1.016386389732360840e+00,-7.518771886825561523e-01,-4.953836500644683838e-01,-2.457456737756729126e-01,-6.018438552598149183e-16
0.000000000000000000e+00,-2.953058481216430664e+00,-5.802567005157470703e+00,-8.448254585266113281e+00,-1.079629802703857422e+01,-1.276227283477783203e+01,-1.427379226684570312e+01,-1.527274036407470703e+01,-1.571702957153320312e+01,-1.558183193206787109e+01,-1.486022853851318359e+01,-1.356328964233398438e+01,-1.171955108642578125e+01,-9.373946189880371094e+00,-6.586210727691650391e+00,-3.428829193115234375e+00,1.539555564522743225e-02,3.656075477600097656e+00,7.398163795471191406e+00,1.114498043060302734e+01,1.480122470855712891e+01,1.827588653564453125e+01,2.148494148254394531e+01,2.435375595092773438e+01,2.681912231445312500e+01,2.883086395263671875e+01,3.035296821594238281e+01,3.136421012878417969e+01,3.185828399658203125e+01,3.184341621398925781e+01,3.134153366088867188e+01,3.038698577880859375e+01,2.902491760253906250e+01,2.730934524536132812e+01,2.530100440979003906e+01,2.306508827209472656e+01,2.066892623901367188e+01,1.817971420288085938e+01,1.566237354278564453e+01,1.317759037017822266e+01,1.078013896942138672e+01,8.517500877380371094e+00,6.428846836090087891e+00,4.544380187988281250e+00,2.885066509246826172e+00,1.462728381156921387e+00,2.804877460002899170e-01,-6.664853692054748535e-01,-1.389963269233703613e+00,-1.907449007034301758e+00,-2.240825653076171875e+00,-2.414935111999511719e+00,-2.456153392791748047e+00,-2.391026258468627930e+00,-2.245028734207153320e+00,-2.041498422622680664e+00,-1.800783395767211914e+00,-1.539641141891479492e+00,-1.270900249481201172e+00,-1.003394603729248047e+00,-7.421585321426391602e-01,-4.888633489608764648e-01,-2.424622625112533569e-01,-5.937568081959044859e-16
0.000000000000000000e+00,-2.834758043289184570e+00,-5.568844795227050781e+00,-8.104776382446289062e+00,-1.035133457183837891e+01,-1.222643852233886719e+01,-1.365970802307128906e+01,-1.459463500976562500e+01,-1.499029636383056641e+01,-1.482254409790039062e+01,-1.408465099334716797e+01,-1.278738021850585938e+01,-1.095848369598388672e+01,-8.641667366027832031e+00,-5.895042896270751953e+00,-2.789134025573730469e+00,5.954832434654235840e-01,4.170833587646484375e+00,7.844387054443359375e+00,1.152199554443359375e+01,1.511082553863525391e+01,1.852218627929687500e+01,2.167414665222167969e+01,2.449388694763183594e+01,2.691967201232910156e+01,2.890241622924804688e+01,3.040679550170898438e+01,3.141186332702636719e+01,3.191116905212402344e+01,3.191241645812988281e+01,3.143663787841796875e+01,3.051697731018066406e+01,2.919710731506347656e+01,2.752937126159667969e+01,2.557269477844238281e+01,2.339039611816406250e+01,2.104792785644531250e+01,1.861068153381347656e+01,1.614189720153808594e+01,1.370076656341552734e+01,1.134079360961914062e+01,9.108449935913085938e+00,7.042178153991699219e+00,5.171747684478759766e+00,3.517981529235839844e+00,2.092836618423461914e+00,8.998249769210815430e-01,-6.527233868837356567e-02,-8.134341835975646973e-01,-1.361233949661254883e+00,-1.729537963867187500e+00,-1.942133665084838867e+00,-2.024353265762329102e+00,-2.001756429672241211e+00,-1.898927927017211914e+00,-1.738445281982421875e+00,-1.540052294731140137e+00,-1.320072650909423828e+00,-1.091079235076904297e+00,-8.618240952491760254e-01,-6.374219059944152832e-01,-4.197646379470825195e-01,-2.081386595964431763e-01,-5.096513599125583778e-16
0.000000000000000000e+00,-2.445347070693969727e+00,-4.802096366882324219e+00,-6.984453678131103516e+00,-8.912137031555175781e+00,-1.051290130615234375e+01,-1.172479438781738281e+01,-1.249807071685791016e+01,-1.279669570922851562e+01,-1.259940052032470703e+01,-1.190024662017822266e+01,-1.070869636535644531e+01,-9.049175262451171875e+00,-6.960163116455078125e+00,-4.492836952209472656e+00,-1.709326624870300293e+00,1.319362759590148926e+00,4.515677452087402344e+00,7.798016071319580078e+00,1.108331108093261719e+01,1.428960895538330078e+01,1.733855628967285156e+01,2.015770912170410156e+01,2.268259811401367188e+01,2.485848045349121094e+01,2.664171981811523438e+01,2.800076866149902344e+01,2.891672515869140625e+01,2.938344955444335938e+01,2.940727233886718750e+01,2.900628280639648438e+01,2.820926856994628906e+01,2.705434036254882812e+01,2.558729553222656250e+01,2.385980606079101562e+01,2.192748832702636719e+01,1.984793663024902344e+01,1.767877578735351562e+01,1.547584152221679688e+01,1.329150009155273438e+01,1.117320346832275391e+01,9.162305831909179688e+00,7.293167591094970703e+00,5.592585563659667969e+00,4.079533100128173828e+00,2.765218257904052734e+00,1.653436064720153809e+00,7.411796450614929199e-01,1.947657950222492218e-02,-5.256032943725585938e-01,-9.118195772171020508e-01,-1.159569382667541504e+00,-1.290690422058105469e+00,-1.327311992645263672e+00,-1.290806531906127930e+00,-1.200886011123657227e+00,-1.074877023696899414e+00,-9.272034764289855957e-01,-7.690915465354919434e-01,-6.084998250007629395e-01,-4.502702355384826660e-01,-2.964797914028167725e-01,-1.469675898551940918e-01,-3.598213165293008943e-16
0.000000000000000000e+00,-1.820358633995056152e+00,-3.572341680526733398e+00,-5.189733982086181641e+00,-6.610569953918457031e+00,-7.779078483581542969e+00,-8.647425651550292969e+00,-9.177186965942382812e+00,-9.340516090393066406e+00,-9.120957374572753906e+00,-8.513888359069824219e+00,-7.526576995849609375e+00,-6.177852153778076172e+00,-4.497411251068115234e+00,-2.524778842926025391e+00,-3.079683780670166016e-01,2.098110914230346680e+00,4.633443832397460938e+00,7.234832286834716797e+00,9.837882995605468750e+00,1.237899780273437500e+01,1.479728507995605469e+01,1.703635406494140625e+01,1.904590606689453125e+01,2.078309440612792969e+01,2.221360015869140625e+01,2.331240272521972656e+01,2.406422805786132812e+01,2.446365356445312500e+01,2.451489067077636719e+01,2.423126983642578125e+01,2.363443946838378906e+01,2.275330734252929688e+01,2.162281608581542969e+01,2.028255081176757812e+01,1.877526092529296875e+01,1.714535903930664062e+01,1.543742465972900391e+01,1.369479274749755859e+01,1.195827388763427734e+01,1.026502037048339844e+01,8.647608757019042969e+00,7.133336544036865234e+00,5.743759632110595703e+00,4.494476318359375000e+00,3.395149469375610352e+00,2.449748039245605469e+00,1.656996369361877441e+00,1.010990977287292480e+00,5.019509196281433105e-01,1.170636862516403198e-01,-1.586190462112426758e-01,-3.412780761718750000e-01,-4.474575519561767578e-01,-4.932688176631927490e-01,-4.937010407447814941e-01,-4.620659947395324707e-01,-4.095969200134277344e-01,-3.452139496803283691e-01,-2.754590511322021484e-01,-2.045960873365402222e-01,-1.348623037338256836e-01,-6.685126572847366333e-02,-1.636523372981369827e-16
0.000000000000000000e+00,-1.017677068710327148e+00,-1.993572592735290527e+00,-2.887220144271850586e+00,-3.660739660263061523e+00,-4.280023574829101562e+00,-4.715798377990722656e+00,-4.944525241851806641e+00,-4.949113845825195312e+00,-4.719426155090332031e+00,-4.252551555633544922e+00,-3.552851200103759766e+00,-2.631767034530639648e+00,-1.507410168647766113e+00,-2.039395272731781006e-01,1.249243497848510742e+00,2.818454980850219727e+00,4.466810226440429688e+00,6.155386447906494141e+00,7.844431877136230469e+00,9.494572639465332031e+00,1.106798458099365234e+01,1.252948570251464844e+01,1.384751892089843750e+01,1.499499225616455078e+01,1.594995403289794922e+01,1.669608116149902344e+01,1.722297286987304688e+01,1.752624511718750000e+01,1.760742950439453125e+01,1.747368049621582031e+01,1.713731956481933594e+01,1.661522293090820312e+01,1.592809200286865234e+01,1.509963893890380859e+01,1.415569972991943359e+01,1.312333202362060547e+01,1.202991580963134766e+01,1.090230178833007812e+01,9.766016960144042969e+00,8.644576072692871094e+00,7.558898925781250000e+00,6.526862144470214844e+00,5.562992572784423828e+00,4.678300857543945312e+00,3.880257844924926758e+00,3.172904014587402344e+00,2.557081222534179688e+00,2.030766963958740234e+00,1.589489936828613281e+00,1.226806759834289551e+00,9.348118901252746582e-01,7.046569585800170898e-01,5.270540714263916016e-01,3.927419185638427734e-01,2.928934097290039062e-01,2.194492816925048828e-01,1.653655022382736206e-01,1.247671470046043396e-01,9.300617128610610962e-02,6.662578135728836060e-02,4.323848709464073181e-02,2.132939174771308899e-02,5.217094959565439830e-17
0.000000000000000000e+00,-1.122947782278060913e-01,-2.134256362915039062e-01,-2.925694286823272705e-01,-3.395738899707794189e-01,-3.452670574188232422e-01,-3.017359375953674316e-01,-2.025665789842605591e-01,-4.303770139813423157e-02,1.797376573085784912e-01,4.667262732982635498e-01,8.169471621513366699e-01,1.227502226829528809e+00,1.693664073944091797e+00,2.209017038345336914e+00,2.765645742416381836e+00,3.354367971420288086e+00,3.964997529983520508e+00,4.586636543273925781e+00,5.207980155944824219e+00,5.817629337310791016e+00,6.404398441314697266e+00,6.957612037658691406e+00,7.467377185821533203e+00,7.924826145172119141e+00,8.322326660156250000e+00,8.653644561767578125e+00,8.914068222045898438e+00,9.100476264953613281e+00,9.211367607116699219e+00,9.246834754943847656e+00,9.208501815795898438e+00,9.099414825439453125e+00,8.923899650573730469e+00,8.687390327453613281e+00,8.396235466003417969e+00,8.057490348815917969e+00,7.678698062896728516e+00,7.267671585083007812e+00,6.832285881042480469e+00,6.380275726318359375e+00,5.919059276580810547e+00,5.455577850341796875e+00,4.996166229248046875e+00,4.546449661254882812e+00,4.111271858215332031e+00,3.694649219512939453e+00,3.299756526947021484e+00,2.928937196731567383e+00,2.583735466003417969e+00,2.264950513839721680e+00,1.972702145576477051e+00,1.706509470939636230e+00,1.465375542640686035e+00,1.247872352600097656e+00,1.052225589752197266e+00,8.763925433158874512e-01,7.181329131126403809e-01,5.750685930252075195e-01,4.447325468063354492e-01,3.246061801910400391e-01,2.121450155973434448e-01,1.047948896884918213e-01,2.563145785890950370e-16
0.000000000000000000e+00,8.105301856994628906e-01,1.600294709205627441e+00,2.349204540252685547e+00,3.038499832153320312e+00,3.651356220245361328e+00,4.173422336578369141e+00,4.593272209167480469e+00,4.902752399444580078e+00,5.097219467163085938e+00,5.175652503967285156e+00,5.140641212463378906e+00,4.998252868652343750e+00,4.757779121398925781e+00,4.431375503540039062e+00,4.033609390258789062e+00,3.580929994583129883e+00,3.091079235076904297e+00,2.582472324371337891e+00,2.073560953140258789e+00,1.582210302352905273e+00,1.125106215476989746e+00,7.172167301177978516e-01,3.713250458240509033e-01,9.764967113733291626e-02,-9.643626213073730469e-02,-2.065778821706771851e-01,-2.314999699592590332e-01,-1.729568392038345337e-01,-3.557504713535308838e-02,1.734028309583663940e-01,4.444614648818969727e-01,7.662282586097717285e-01,1.125943422317504883e+00,1.509966492652893066e+00,1.904296994209289551e+00,2.295092582702636719e+00,2.669161558151245117e+00,3.014412403106689453e+00,3.320246696472167969e+00,3.577878236770629883e+00,3.780570268630981445e+00,3.923782825469970703e+00,4.005228042602539062e+00,4.024835586547851562e+00,3.984625339508056641e+00,3.888508796691894531e+00,3.742013692855834961e+00,3.551959514617919922e+00,3.326091766357421875e+00,3.072691679000854492e+00,2.800184249877929688e+00,2.516755342483520508e+00,2.229999780654907227e+00,1.946609854698181152e+00,1.672123312950134277e+00,1.410734415054321289e+00,1.165179848670959473e+00,9.367004632949829102e-01,7.250806689262390137e-01,5.287606716156005859e-01,3.450158536434173584e-01,1.701944917440414429e-01,4.160506722904915630e-16
0.000000000000000000e+00,1.663097262382507324e+00,3.275020837783813477e+00,4.786243915557861328e+00,6.150478363037109375e+00,7.326151847839355469e+00,8.277728080749511719e+00,8.976814270019531250e+00,9.403033256530761719e+00,9.544612884521484375e+00,9.398692131042480469e+00,8.971326828002929688e+00,8.277194976806640625e+00,7.339023113250732422e+00,6.186745643615722656e+00,4.856439590454101562e+00,3.389067173004150391e+00,1.829077601432800293e+00,2.229122817516326904e-01,-1.382526874542236328e+00,-2.941395998001098633e+00,-4.410359859466552734e+00,-5.749927997589111328e+00,-6.925627231597900391e+00,-7.908978939056396484e+00,-8.678242683410644531e+00,-9.218917846679687500e+00,-9.523971557617187500e+00,-9.593820571899414062e+00,-9.436039924621582031e+00,-9.064845085144042969e+00,-8.500357627868652344e+00,-7.767693996429443359e+00,-6.895907402038574219e+00,-5.916837692260742188e+00,-4.863908290863037109e+00,-3.770913839340209961e+00,-2.670851230621337891e+00,-1.594832539558410645e+00,-5.711168646812438965e-01,3.757029473781585693e-01,1.225336313247680664e+00,1.962234020233154297e+00,2.575822353363037109e+00,3.060530185699462891e+00,3.415618658065795898e+00,3.644826650619506836e+00,3.755855083465576172e+00,3.759721279144287109e+00,3.670011997222900391e+00,3.502074956893920898e+00,3.272186517715454102e+00,2.996731281280517578e+00,2.691432952880859375e+00,2.370666265487670898e+00,2.046882867813110352e+00,1.730168342590332031e+00,1.427951455116271973e+00,1.144873619079589844e+00,8.828167319297790527e-01,6.410885453224182129e-01,4.167475998401641846e-01,2.050512582063674927e-01,5.008014008609678377e-16
0.000000000000000000e+00,2.363357067108154297e+00,4.649356365203857422e+00,6.783126354217529297e+00,8.694680213928222656e+00,1.032115268707275391e+01,1.160878753662109375e+01,1.251462078094482422e+01,1.300779151916503906e+01,1.307045173645019531e+01,1.269823169708251953e+01,1.190025615692138672e+01,1.069872093200683594e+01,9.128031730651855469e+00,7.233554363250732422e+00,5.070018291473388672e+00,2.699633359909057617e+00,1.899870187044143677e-01,-2.388202190399169922e+00,-4.963391780853271484e+00,-7.465506076812744141e+00,-9.828130722045898438e+00,-1.199053382873535156e+01,-1.389945220947265625e+01,-1.551058387756347656e+01,-1.678973007202148438e+01,-1.771358299255371094e+01,-1.827010345458984375e+01,-1.845851135253906250e+01,-1.828890419006347656e+01,-1.778149795532226562e+01,-1.696556091308593750e+01,-1.587806987762451172e+01,-1.456214714050292969e+01,-1.306535720825195312e+01,-1.143790817260742188e+01,-9.730845451354980469e+00,-7.994297504425048828e+00,-6.275833606719970703e+00,-4.619004249572753906e+00,-3.062097072601318359e+00,-1.637157559394836426e+00,-3.692974150180816650e-01,7.236937880516052246e-01,1.631432175636291504e+00,2.350727796554565430e+00,2.885100841522216797e+00,3.244056224822998047e+00,3.442160606384277344e+00,3.497969150543212891e+00,3.432854175567626953e+00,3.269793272018432617e+00,3.032172203063964844e+00,2.742655277252197266e+00,2.422172546386718750e+00,2.089066505432128906e+00,1.758432388305664062e+00,1.441673278808593750e+00,1.146289110183715820e+00,8.758968710899353027e-01,6.304770112037658691e-01,4.068250358104705811e-01,1.991811096668243408e-01,4.856186529187897245e-16
0.000000000000000000e+00,2.842536449432373047e+00,5.588087081909179688e+00,8.142784118652343750e+00,1.041888713836669922e+01,1.233758831024169922e+01,1.383150768280029297e+01,1.484680461883544922e+01,1.534482955932617188e+01,1.530326080322265625e+01,1.471669960021972656e+01,1.359669494628906250e+01,1.197121334075927734e+01,9.883572578430175781e+00,7.390874862670898438e+00,4.562013626098632812e+00,1.475314497947692871e+00,-1.784096360206604004e+00,-5.127105712890625000e+00,-8.463506698608398438e+00,-1.170487308502197266e+01,-1.476730918884277344e+01,-1.757399940490722656e+01,-2.005744361877441406e+01,-2.216135025024414062e+01,-2.384207344055175781e+01,-2.506961250305175781e+01,-2.582810974121093750e+01,-2.611585426330566406e+01,-2.594481277465820312e+01,-2.533970642089843750e+01,-2.433668136596679688e+01,-2.298164939880371094e+01,-2.132834625244140625e+01,-1.943619537353515625e+01,-1.736807823181152344e+01,-1.518806743621826172e+01,-1.295923614501953125e+01,-1.074160003662109375e+01,-8.590279579162597656e+00,-6.553937435150146484e+00,-4.673537254333496094e+00,-2.981461524963378906e+00,-1.501006841659545898e+00,-2.462575137615203857e-01,7.776720523834228516e-01,1.574055790901184082e+00,2.153673410415649414e+00,2.533678770065307617e+00,2.736280202865600586e+00,2.787296056747436523e+00,2.714658021926879883e+00,2.546928882598876953e+00,2.311902284622192383e+00,2.035345315933227539e+00,1.739934921264648438e+00,1.444433450698852539e+00,1.163130760192871094e+00,9.055705070495605469e-01,6.765656471252441406e-01,4.764907360076904297e-01,3.018294274806976318e-01,1.459408104419708252e-01,3.542437898600885385e-16
0.000000000000000000e+00,3.051599025726318359e+00,5.994891643524169922e+00,8.725059509277343750e+00,1.114414024353027344e+01,1.316415977478027344e+01,1.470993232727050781e+01,1.572141742706298828e+01,1.615556716918945312e+01,1.598760986328125000e+01,1.521170139312744141e+01,1.384097194671630859e+01,1.190692234039306641e+01,9.458237648010253906e+00,6.559041500091552734e+00,3.286662578582763672e+00,-2.709991037845611572e-01,-4.018415451049804688e+00,-7.855576992034912109e+00,-1.168122863769531250e+01,-1.539608383178710938e+01,-1.890591049194335938e+01,-2.212437057495117188e+01,-2.497554588317871094e+01,-2.739603424072265625e+01,-2.933658981323242188e+01,-3.076322937011718750e+01,-3.165780258178710938e+01,-3.201800537109375000e+01,-3.185686683654785156e+01,-3.120171356201171875e+01,-3.009270668029785156e+01,-2.858098220825195312e+01,-2.672648620605468750e+01,-2.459560203552246094e+01,-2.225864982604980469e+01,-1.978736305236816406e+01,-1.725242805480957031e+01,-1.472119808197021484e+01,-1.225562667846679688e+01,-9.910513877868652344e+00,-7.732120037078857422e+00,-5.757165431976318359e+00,-4.012259006500244141e+00,-2.513749122619628906e+00,-1.267979979515075684e+00,-2.719319760799407959e-01,4.858041107654571533e-01,1.023774266242980957e+00,1.366196632385253906e+00,1.541358709335327148e+00,1.579952955245971680e+00,1.513428807258605957e+00,1.372433900833129883e+00,1.185413241386413574e+00,9.774246811866760254e-01,7.692168354988098145e-01,5.766049027442932129e-01,4.101623594760894775e-01,2.752324938774108887e-01,1.722491383552551270e-01,9.733988344669342041e-02,4.317338764667510986e-02,1.014247111035200858e-16
0.000000000000000000e+00,2.965942859649658203e+00,5.821583747863769531e+00,8.460182189941406250e+00,1.078200149536132812e+01,1.269750976562500000e+01,1.413023376464843750e+01,1.501917171478271484e+01,1.532068252563476562e+01,1.500978660583496094e+01,1.408084297180175781e+01,1.254758644104003906e+01,1.044251918792724609e+01,7.815692901611328125e+00,4.732924461364746094e+00,1.273518800735473633e+00,-2.472426891326904297e+00,-6.407028675079345703e+00,-1.042783069610595703e+01,-1.443111324310302734e+01,-1.831517601013183594e+01,-2.198349189758300781e+01,-2.534761047363281250e+01,-2.832973670959472656e+01,-3.086487770080566406e+01,-3.290251541137695312e+01,-3.440774536132812500e+01,-3.536185455322265625e+01,-3.576233673095703125e+01,-3.562237167358398438e+01,-3.496977615356445312e+01,-3.384550094604492188e+01,-3.230173110961914062e+01,-3.039968490600585938e+01,-2.820718383789062500e+01,-2.579610252380371094e+01,-2.323978614807128906e+01,-2.061054420471191406e+01,-1.797731018066406250e+01,-1.540352535247802734e+01,-1.294535923004150391e+01,-1.065027523040771484e+01,-8.556021690368652344e+00,-6.690038681030273438e+00,-5.069303035736083984e+00,-3.700590848922729492e+00,-2.581127643585205078e+00,-1.699581146240234375e+00,-1.037337779998779297e+00,-5.699972510337829590e-01,-2.690067589282989502e-01,-1.033589914441108704e-01,-4.127358645200729370e-02,-5.178750306367874146e-02,-1.061845049262046814e-01,-1.792042702436447144e-01,-2.499829381704330444e-01,-3.026904761791229248e-01,-3.268454968929290771e-01,-3.173035085201263428e-01,-2.739297449588775635e-01,-2.009837925434112549e-01,-1.062548682093620300e-01,-2.657686309507555035e-16
0.000000000000000000e+00,2.587899446487426758e+00,5.073014259338378906e+00,7.355895996093750000e+00,9.343652725219726562e+00,1.095294666290283203e+01,1.211266899108886719e+01,1.276619434356689453e+01,1.287314891815185547e+01,1.241062736511230469e+01,1.137382793426513672e+01,9.776079177856445312e+00,7.648268699645996094e+00,5.037702560424804688e+00,2.006429910659790039e+00,-1.370895266532897949e+00,-5.009539127349853516e+00,-8.817505836486816406e+00,-1.269855308532714844e+01,-1.655528831481933594e+01,-2.029224777221679688e+01,-2.381885147094726562e+01,-2.705212020874023438e+01,-2.991909027099609375e+01,-3.235882568359375000e+01,-3.432398223876953125e+01,-3.578186416625976562e+01,-3.671497344970703125e+01,-3.712100601196289062e+01,-3.701238250732421875e+01,-3.641522979736328125e+01,-3.536799240112304688e+01,-3.391965103149414062e+01,-3.212763214111328125e+01,-3.005555534362792969e+01,-2.777082443237304688e+01,-2.534221458435058594e+01,-2.283752250671386719e+01,-2.032136154174804688e+01,-1.785319900512695312e+01,-1.548567962646484375e+01,-1.326328277587890625e+01,-1.122138404846191406e+01,-9.385704040527343750e+00,-7.772166728973388672e+00,-6.387149333953857422e+00,-5.228098392486572266e+00,-4.284465789794921875e+00,-3.538909196853637695e+00,-2.968698501586914062e+00,-2.547251462936401367e+00,-2.245729684829711914e+00,-2.034616947174072266e+00,-1.885211586952209473e+00,-1.770968675613403320e+00,-1.668632268905639648e+00,-1.559116840362548828e+00,-1.428101778030395508e+00,-1.266324281692504883e+00,-1.069563031196594238e+00,-8.383278250694274902e-01,-5.772756338119506836e-01,-2.943943738937377930e-01,-7.277994544615422941e-16
0.000000000000000000e+00,1.946789383888244629e+00,3.807171344757080078e+00,5.497565746307373047e+00,6.939949512481689453e+00,8.064397811889648438e+00,8.811347961425781250e+00,9.133510589599609375e+00,8.997364044189453125e+00,8.384185791015625000e+00,7.290579795837402344e+00,5.728501319885253906e+00,3.724763393402099609e+00,1.320064663887023926e+00,-1.432437896728515625e+00,-4.468946933746337891e+00,-7.717170715332031250e+00,-1.109871959686279297e+01,-1.453166484832763672e+01,-1.793316841125488281e+01,-2.122209930419921875e+01,-2.432152748107910156e+01,-2.716104125976562500e+01,-2.967878913879394531e+01,-3.182317161560058594e+01,-3.355416870117187500e+01,-3.484423828125000000e+01,-3.567874908447265625e+01,-3.605599975585937500e+01,-3.598677825927734375e+01,-3.549350738525390625e+01,-3.460905456542968750e+01,-3.337520217895507812e+01,-3.184087753295898438e+01,-3.006021499633789062e+01,-2.809052276611328125e+01,-2.599022865295410156e+01,-2.381687355041503906e+01,-2.162524986267089844e+01,-1.946574020385742188e+01,-1.738287925720214844e+01,-1.541424846649169922e+01,-1.358966827392578125e+01,-1.193074798583984375e+01,-1.045077514648437500e+01,-9.154942512512207031e+00,-8.040882110595703125e+00,-7.099476337432861328e+00,-6.315890789031982422e+00,-5.670779705047607422e+00,-5.141603469848632812e+00,-4.703993320465087891e+00,-4.333101749420166016e+00,-4.004875659942626953e+00,-3.697201251983642578e+00,-3.390866279602050781e+00,-3.070308208465576172e+00,-2.724116086959838867e+00,-2.345272779464721680e+00,-1.931131601333618164e+00,-1.483142852783203125e+00,-1.006344556808471680e+00,-5.086538791656494141e-01,-1.253749792922082343e-15
0.000000000000000000e+00,1.096518993377685547e+00,2.130425214767456055e+00,3.041188240051269531e+00,3.772369861602783203e+00,4.273495197296142578e+00,4.501717567443847656e+00,4.423222541809082031e+00,4.014327049255371094e+00,3.262228012084960938e+00,2.165391445159912109e+00,7.335553765296936035e-01,-1.012637853622436523e+00,-3.042370557785034180e+00,-5.315709590911865234e+00,-7.784955501556396484e+00,-1.039623546600341797e+01,-1.309127426147460938e+01,-1.580928897857666016e+01,-1.848893165588378906e+01,-2.107022094726562500e+01,-2.349637794494628906e+01,-2.571553802490234375e+01,-2.768223953247070312e+01,-2.935868072509765625e+01,-3.071566963195800781e+01,-3.173328208923339844e+01,-3.240116882324218750e+01,-3.271854782104492188e+01,-3.269385910034179688e+01,-3.234412765502929688e+01,-3.169404983520507812e+01,-3.077486228942871094e+01,-2.962301635742187500e+01,-2.827872848510742188e+01,-2.678448104858398438e+01,-2.518348121643066406e+01,-2.351818847656250000e+01,-2.182894325256347656e+01,-2.015272331237792969e+01,-1.852211380004882812e+01,-1.696448898315429688e+01,-1.550142860412597656e+01,-1.414841175079345703e+01,-1.291474819183349609e+01,-1.180377388000488281e+01,-1.081326675415039062e+01,-9.936069488525390625e+00,-9.160880088806152344e+00,-8.473161697387695312e+00,-7.856141567230224609e+00,-7.291837215423583984e+00,-6.762071132659912109e+00,-6.249422550201416016e+00,-5.738083839416503906e+00,-5.214575290679931641e+00,-4.668297767639160156e+00,-4.091896533966064453e+00,-3.481432199478149414e+00,-2.836349248886108398e+00,-2.159254074096679688e+00,-1.455516099929809570e+00,-7.327209711074829102e-01,-1.803580054808530050e-15
0.000000000000000000e+00,1.109120398759841919e-01,1.883236020803451538e-01,1.999004334211349487e-01,1.156000941991806030e-01,-9.128212183713912964e-02,-4.431832432746887207e-01,-9.574906826019287109e-01,-1.645934700965881348e+00,-2.514176130294799805e+00,-3.561601877212524414e+00,-4.781334400177001953e+00,-6.160453319549560547e+00,-7.680419921875000000e+00,-9.317687034606933594e+00,-1.104447364807128906e+01,-1.282966899871826172e+01,-1.463984203338623047e+01,-1.644031906127929688e+01,-1.819627189636230469e+01,-1.987381935119628906e+01,-2.144104385375976562e+01,-2.286896133422851562e+01,-2.413233947753906250e+01,-2.521039390563964844e+01,-2.608730125427246094e+01,-2.675255393981933594e+01,-2.720109939575195312e+01,-2.743331146240234375e+01,-2.745476722717285156e+01,-2.727585983276367188e+01,-2.691124916076660156e+01,-2.637920379638671875e+01,-2.570082092285156250e+01,-2.489919471740722656e+01,-2.399854469299316406e+01,-2.302334594726562500e+01,-2.199748229980468750e+01,-2.094347381591796875e+01,-1.988178825378417969e+01,-1.883026313781738281e+01,-1.780366706848144531e+01,-1.681339645385742188e+01,-1.586732769012451172e+01,-1.496981620788574219e+01,-1.412184047698974609e+01,-1.332128238677978516e+01,-1.256331443786621094e+01,-1.184088802337646484e+01,-1.114528751373291016e+01,-1.046673297882080078e+01,-9.794987678527832031e+00,-9.119962692260742188e+00,-8.432275772094726562e+00,-7.723748683929443359e+00,-6.987820625305175781e+00,-6.219856739044189453e+00,-5.417350292205810547e+00,-4.579999923706054688e+00,-3.709667682647705078e+00,-2.810226440429687500e+00,-1.887295842170715332e+00,-9.478911161422729492e-01,-2.331391483472865407e-15
0.000000000000000000e+00,-9.228089451789855957e-01,-1.847261428833007812e+00,-2.774840831756591797e+00,-3.706716299057006836e+00,-4.643602848052978516e+00,-5.585638523101806641e+00,-6.532287120819091797e+00,-7.482266426086425781e+00,-8.433510780334472656e+00,-9.383163452148437500e+00,-1.032760143280029297e+01,-1.126249980926513672e+01,-1.218291568756103516e+01,-1.308340454101562500e+01,-1.395816326141357422e+01,-1.480118179321289062e+01,-1.560641098022460938e+01,-1.636793708801269531e+01,-1.708014678955078125e+01,-1.773789405822753906e+01,-1.833664131164550781e+01,-1.887258911132812500e+01,-1.934277915954589844e+01,-1.974516105651855469e+01,-2.007863616943359375e+01,-2.034306144714355469e+01,-2.053922653198242188e+01,-2.066878890991210938e+01,-2.073419380187988281e+01,-2.073854446411132812e+01,-2.068547821044921875e+01,-2.057900619506835938e+01,-2.042334938049316406e+01,-2.022277641296386719e+01,-1.998142814636230469e+01,-1.970317840576171875e+01,-1.939148139953613281e+01,-1.904925918579101562e+01,-1.867880630493164062e+01,-1.828173446655273438e+01,-1.785892868041992188e+01,-1.741056251525878906e+01,-1.693611907958984375e+01,-1.643447303771972656e+01,-1.590396595001220703e+01,-1.534254264831542969e+01,-1.474787902832031250e+01,-1.411754035949707031e+01,-1.344914150238037109e+01,-1.274050903320312500e+01,-1.198983860015869141e+01,-1.119584274291992188e+01,-1.035787677764892578e+01,-9.476044654846191406e+00,-8.551278114318847656e+00,-7.585385322570800781e+00,-6.581063270568847656e+00,-5.541879653930664062e+00,-4.472224235534667969e+00,-3.377223730087280273e+00,-2.262631893157958984e+00,-1.134695291519165039e+00,-2.789420314535892044e-15
0.000000000000000000e+00,-1.911819815635681152e+00,-3.793498039245605469e+00,-5.615740776062011719e+00,-7.350920677185058594e+00,-8.973841667175292969e+00,-1.046242904663085938e+01,-1.179831123352050781e+01,-1.296729183197021484e+01,-1.395968151092529297e+01,-1.477048683166503906e+01,-1.539945888519287109e+01,-1.585098266601562500e+01,-1.613383483886718750e+01,-1.626080131530761719e+01,-1.624818420410156250e+01,-1.611519813537597656e+01,-1.588330173492431641e+01,-1.557545757293701172e+01,-1.521537971496582031e+01,-1.482676410675048828e+01,-1.443254566192626953e+01,-1.405419635772705078e+01,-1.371110057830810547e+01,-1.342000293731689453e+01,-1.319457054138183594e+01,-1.304506301879882812e+01,-1.297812557220458984e+01,-1.299670982360839844e+01,-1.310011291503906250e+01,-1.328413963317871094e+01,-1.354137229919433594e+01,-1.386153125762939453e+01,-1.423192119598388672e+01,-1.463793182373046875e+01,-1.506358432769775391e+01,-1.549209403991699219e+01,-1.590643310546875000e+01,-1.628987503051757812e+01,-1.662649726867675781e+01,-1.690163230895996094e+01,-1.710224342346191406e+01,-1.721723747253417969e+01,-1.723767471313476562e+01,-1.715690422058105469e+01,-1.697060394287109375e+01,-1.667674636840820312e+01,-1.627547645568847656e+01,-1.576894092559814453e+01,-1.516104030609130859e+01,-1.445716667175292969e+01,-1.366389656066894531e+01,-1.278868293762207031e+01,-1.183955287933349609e+01,-1.082481384277343750e+01,-9.752805709838867188e+00,-8.631675720214843750e+00,-7.469216823577880859e+00,-6.272749900817871094e+00,-5.049060344696044922e+00,-3.804393053054809570e+00,-2.544491529464721680e+00,-1.274683594703674316e+00,-3.132412118724654457e-15
0.000000000000000000e+00,-2.766071557998657227e+00,-5.473099231719970703e+00,-8.063805580139160156e+00,-1.048439025878906250e+01,-1.268612003326416016e+01,-1.462675666809082031e+01,-1.627177047729492188e+01,-1.759529113769531250e+01,-1.858079147338867188e+01,-1.922145080566406250e+01,-1.952021598815917969e+01,-1.948955154418945312e+01,-1.915087127685546875e+01,-1.853372573852539062e+01,-1.767470359802246094e+01,-1.661615562438964844e+01,-1.540475082397460938e+01,-1.408991146087646484e+01,-1.272220611572265625e+01,-1.135173702239990234e+01,-1.002658271789550781e+01,-8.791342735290527344e+00,-7.685842037200927734e+00,-6.744016170501708984e+00,-5.993035316467285156e+00,-5.452665805816650391e+00,-5.134902477264404297e+00,-5.043868541717529297e+00,-5.175978183746337891e+00,-5.520348548889160156e+00,-6.059443473815917969e+00,-6.769908428192138672e+00,-7.623570442199707031e+00,-8.588553428649902344e+00,-9.630472183227539062e+00,-1.071365165710449219e+01,-1.180233573913574219e+01,-1.286182975769042969e+01,-1.385955238342285156e+01,-1.476595306396484375e+01,-1.555526828765869141e+01,-1.620609664916992188e+01,-1.670179176330566406e+01,-1.703064537048339844e+01,-1.718588447570800781e+01,-1.716548538208007812e+01,-1.697183036804199219e+01,-1.661121368408203125e+01,-1.609324455261230469e+01,-1.543017673492431641e+01,-1.463618564605712891e+01,-1.372664165496826172e+01,-1.271741104125976562e+01,-1.162420463562011719e+01,-1.046202087402343750e+01,-9.244686126708984375e+00,-7.984518051147460938e+00,-6.692124366760253906e+00,-5.376330375671386719e+00,-4.044241905212402344e+00,-2.701427221298217773e+00,-1.352202057838439941e+00,-3.321983809792560839e-15
0.000000000000000000e+00,-3.406496047973632812e+00,-6.730481624603271484e+00,-9.891963958740234375e+00,-1.281590652465820312e+01,-1.543449306488037109e+01,-1.768916320800781250e+01,-1.953232955932617188e+01,-2.092873764038085938e+01,-2.185641860961914062e+01,-2.230720710754394531e+01,-2.228680610656738281e+01,-2.181441879272460938e+01,-2.092193031311035156e+01,-1.965270996093750000e+01,-1.806005096435546875e+01,-1.620532798767089844e+01,-1.415591049194335938e+01,-1.198293781280517578e+01,-9.759008407592773438e+00,-7.555872917175292969e+00,-5.442215919494628906e+00,-3.481582403182983398e+00,-1.730531930923461914e+00,-2.370719015598297119e-01,9.605856537818908691e-01,1.834906220436096191e+00,2.369534492492675781e+00,2.559409141540527344e+00,2.410500049591064453e+00,1.939185023307800293e+00,1.171304702758789062e+00,1.409357786178588867e-01,-1.111062526702880859e+00,-2.538668394088745117e+00,-4.092420578002929688e+00,-5.721178531646728516e+00,-7.373852252960205078e+00,-9.001045227050781250e+00,-1.055654621124267578e+01,-1.199863052368164062e+01,-1.329112339019775391e+01,-1.440420246124267578e+01,-1.531491661071777344e+01,-1.600742340087890625e+01,-1.647294425964355469e+01,-1.670945739746093750e+01,-1.672115325927734375e+01,-1.651770019531250000e+01,-1.611334419250488281e+01,-1.552590560913085938e+01,-1.477571296691894531e+01,-1.388453960418701172e+01,-1.287456989288330078e+01,-1.176746463775634766e+01,-1.058354377746582031e+01,-9.341135025024414062e+00,-8.056100845336914062e+00,-6.741560459136962891e+00,-5.407822608947753906e+00,-4.062497138977050781e+00,-2.710798740386962891e+00,-1.355998516082763672e+00,-3.330558536075852935e-15
0.000000000000000000e+00,-3.772296190261840820e+00,-7.446120738983154297e+00,-1.092603874206542969e+01,-1.412258720397949219e+01,-1.695501136779785156e+01,-1.935370635986328125e+01,-2.126229667663574219e+01,-2.263926124572753906e+01,-2.345908546447753906e+01,-2.371286964416503906e+01,-2.340841102600097656e+01,-2.256973648071289062e+01,-2.123612213134765625e+01,-1.946062660217285156e+01,-1.730821037292480469e+01,-1.485349464416503906e+01,-1.217824745178222656e+01,-9.368684768676757812e+00,-6.512680530548095703e+00,-3.696985721588134766e+00,-1.004546165466308594e+00,1.487992644309997559e+00,3.712507724761962891e+00,5.611283779144287109e+00,7.138500690460205078e+00,8.261286735534667969e+00,8.960309982299804688e+00,9.229900360107421875e+00,9.077712059020996094e+00,8.523963928222656250e+00,7.600269317626953125e+00,6.348148822784423828e+00,4.817254543304443359e+00,3.063404560089111328e+00,1.146490812301635742e+00,-8.716521859169006348e-01,-2.929342269897460938e+00,-4.967030525207519531e+00,-6.929104804992675781e+00,-8.765448570251464844e+00,-1.043271732330322266e+01,-1.189529418945312500e+01,-1.312589836120605469e+01,-1.410585403442382812e+01,-1.482501220703125000e+01,-1.528135871887207031e+01,-1.548033428192138672e+01,-1.543392086029052734e+01,-1.515953350067138672e+01,-1.467878627777099609e+01,-1.401618957519531250e+01,-1.319784259796142578e+01,-1.225018024444580078e+01,-1.119882869720458984e+01,-1.006761837005615234e+01,-8.877795219421386719e+00,-7.647455215454101562e+00,-6.391220569610595703e+00,-5.120165824890136719e+00,-3.841977596282958984e+00,-2.561338663101196289e+00,-1.280499100685119629e+00,-3.144498855365499695e-15
0.000000000000000000e+00,-3.826658487319946289e+00,-7.547791481018066406e+00,-1.106114959716796875e+01,-1.427092552185058594e+01,-1.709070396423339844e+01,-1.944609832763671875e+01,-2.127698326110839844e+01,-2.253925895690917969e+01,-2.320607757568359375e+01,-2.326850128173828125e+01,-2.273558807373046875e+01,-2.163387489318847656e+01,-2.000632286071777344e+01,-1.791072082519531250e+01,-1.541765880584716797e+01,-1.260809516906738281e+01,-9.570642471313476562e+00,-6.398653030395507812e+00,-3.187205076217651367e+00,-3.009806759655475616e-02,2.983042478561401367e+00,5.769454002380371094e+00,8.255635261535644531e+00,1.037937450408935547e+01,1.209134960174560547e+01,1.335625743865966797e+01,1.415344238281250000e+01,1.447702026367187500e+01,1.433550834655761719e+01,1.375098133087158203e+01,1.275781440734863281e+01,1.140105724334716797e+01,9.734510421752929688e+00,7.818597316741943359e+00,5.718098163604736328e+00,3.499843358993530273e+00,1.230450987815856934e+00,-1.025815129280090332e+00,-3.208987236022949219e+00,-5.265076637268066406e+00,-7.147444248199462891e+00,-8.817821502685546875e+00,-1.024696540832519531e+01,-1.141492462158203125e+01,-1.231095409393310547e+01,-1.293307304382324219e+01,-1.328731822967529297e+01,-1.338673973083496094e+01,-1.325019550323486328e+01,-1.290100383758544922e+01,-1.236552524566650391e+01,-1.167174243927001953e+01,-1.084789848327636719e+01,-9.921256065368652344e+00,-8.917030334472656250e+00,-7.857535839080810547e+00,-6.761579990386962891e+00,-5.644120693206787109e+00,-4.516191482543945312e+00,-3.385088920593261719e+00,-2.254798650741577148e+00,-1.126627206802368164e+00,-2.766112932442769089e-15
0.000000000000000000e+00,-3.560359716415405273e+00,-7.017655372619628906e+00,-1.027203941345214844e+01,-1.322999000549316406e+01,-1.580720233917236328e+01,-1.793118286132812500e+01,-1.954343795776367188e+01,-2.060119628906250000e+01,-2.107862472534179688e+01,-2.096746063232421875e+01,-2.027710151672363281e+01,-1.903408241271972656e+01,-1.728104782104492188e+01,-1.507517719268798828e+01,-1.248618221282958984e+01,-9.593928337097167969e+00,-6.485756397247314453e+00,-3.253621101379394531e+00,8.872019127011299133e-03,3.209417581558227539e+00,6.259854316711425781e+00,9.078805923461914062e+00,1.159403514862060547e+01,1.374443149566650391e+01,1.548158359527587891e+01,1.677087593078613281e+01,1.759211540222167969e+01,1.793962860107421875e+01,1.782190895080566406e+01,1.726077461242675781e+01,1.629012680053710938e+01,1.495434379577636719e+01,1.330639934539794922e+01,1.140575218200683594e+01,9.316122055053710938e+00,7.103223800659179688e+00,4.832539081573486328e+00,2.567213296890258789e+00,3.661499619483947754e-01,-1.717642784118652344e+00,-3.638393163681030273e+00,-5.358565330505371094e+00,-6.849493503570556641e+00,-8.091644287109375000e+00,-9.074516296386718750e+00,-9.796203613281250000e+00,-1.026265048980712891e+01,-1.048666191101074219e+01,-1.048670482635498047e+01,-1.028558063507080078e+01,-9.909025192260742188e+00,-9.384306907653808594e+00,-8.738885879516601562e+00,-7.999190807342529297e+00,-7.189571380615234375e+00,-6.331458568572998047e+00,-5.442771911621093750e+00,-4.537587165832519531e+00,-3.626066684722900391e+00,-2.714653253555297852e+00,-1.806493759155273438e+00,-9.020715355873107910e-01,-2.214308660272745234e-15
0.000000000000000000e+00,-2.992924451828002930e+00,-5.894522190093994141e+00,-8.616331100463867188e+00,-1.107552051544189453e+01,-1.319747161865234375e+01,-1.491808032989501953e+01,-1.618570899963378906e+01,-1.696271896362304688e+01,-1.722655296325683594e+01,-1.697029495239257812e+01,-1.620274543762207031e+01,-1.494796276092529297e+01,-1.324432754516601562e+01,-1.114315700531005859e+01,-8.706907272338867188e+00,-6.007053375244140625e+00,-3.121703147888183594e+00,-1.330448091030120850e-01,2.875293493270874023e+00,5.820873737335205078e+00,8.624982833862304688e+00,1.121498298645019531e+01,1.352641105651855469e+01,1.550474834442138672e+01,1.710681343078613281e+01,1.830175018310546875e+01,1.907156562805175781e+01,1.941123008728027344e+01,1.932834815979003906e+01,1.884241104125976562e+01,1.798368453979492188e+01,1.679177856445312500e+01,1.531395721435546875e+01,1.360326766967773438e+01,1.171655082702636719e+01,9.712420463562011719e+00,7.649277687072753906e+00,5.583436489105224609e+00,3.567426204681396484e+00,1.648519635200500488e+00,-1.324605643749237061e-01,-1.742029786109924316e+00,-3.154603004455566406e+00,-4.352725028991699219e+00,-5.326977729797363281e+00,-6.075585365295410156e+00,-6.603748321533203125e+00,-6.922752857208251953e+00,-7.048903942108154297e+00,-7.002333641052246094e+00,-6.805754184722900391e+00,-6.483202934265136719e+00,-6.058846473693847656e+00,-5.555891036987304688e+00,-4.995645523071289062e+00,-4.396776676177978516e+00,-3.774782180786132812e+00,-3.141694068908691406e+00,-2.506025314331054688e+00,-1.872942090034484863e+00,-1.244648814201354980e+00,-6.209575533866882324e-01,-1.523786755242950274e-15
0.000000000000000000e+00,-2.171213150024414062e+00,-4.271045207977294922e+00,-6.230368137359619141e+00,-7.984483242034912109e+00,-9.475149154663085938e+00,-1.065239429473876953e+01,-1.147604751586914062e+01,-1.191695308685302734e+01,-1.195780277252197266e+01,-1.159359455108642578e+01,-1.083167457580566406e+01,-9.691385269165039062e+00,-8.203321456909179688e+00,-6.408239364624023438e+00,-4.355642795562744141e+00,-2.102110147476196289e+00,2.905823588371276855e-01,2.757470846176147461e+00,5.232482910156250000e+00,7.650507926940917969e+00,9.949391365051269531e+00,1.207178497314453125e+01,1.396680068969726562e+01,1.559139823913574219e+01,1.691148567199707031e+01,1.790269088745117188e+01,1.855078887939453125e+01,1.885177421569824219e+01,1.881160736083984375e+01,1.844561386108398438e+01,1.777761840820312500e+01,1.683881187438964844e+01,1.566642284393310547e+01,1.430224132537841797e+01,1.279105281829833984e+01,1.117904853820800781e+01,9.512259483337402344e+00,7.835085391998291016e+00,6.188954353332519531e+00,4.611166954040527344e+00,3.133959531784057617e+00,1.783802866935729980e+00,5.809642076492309570e-01,-4.606733620166778564e-01,-1.333535909652709961e+00,-2.036046028137207031e+00,-2.572097301483154297e+00,-2.950351953506469727e+00,-3.183396816253662109e+00,-3.286808490753173828e+00,-3.278166294097900391e+00,-3.176066637039184570e+00,-2.999180078506469727e+00,-2.765393733978271484e+00,-2.491074562072753906e+00,-2.190483808517456055e+00,-1.875363230705261230e+00,-1.554705381393432617e+00,-1.234711527824401855e+00,-9.189309477806091309e-01,-6.085676550865173340e-01,-3.029308915138244629e-01,-7.427879671610031556e-16
0.000000000000000000e+00,-1.165541291236877441e+00,-2.286056280136108398e+00,-3.317955493927001953e+00,-4.220476150512695312e+00,-4.956974506378173828e+00,-5.496082305908203125e+00,-5.812685012817382812e+00,-5.888691425323486328e+00,-5.713568687438964844e+00,-5.284631252288818359e+00,-4.607065200805664062e+00,-3.693704843521118164e+00,-2.564554929733276367e+00,-1.246091127395629883e+00,2.296424359083175659e-01,1.826103687286376953e+00,3.503451824188232422e+00,5.219833374023437500e+00,6.932709217071533203e+00,8.600179672241210938e+00,1.018225669860839844e+01,1.164204883575439453e+01,1.294681549072265625e+01,1.406885337829589844e+01,1.498620223999023438e+01,1.568313312530517578e+01,1.615042495727539062e+01,1.638541221618652344e+01,1.639181518554687500e+01,1.617936134338378906e+01,1.576323223114013672e+01,1.516333675384521484e+01,1.440346431732177734e+01,1.351034069061279297e+01,1.251262569427490234e+01,1.143990039825439453e+01,1.032166671752929688e+01,9.186403274536132812e+00,8.060712814331054688e+00,6.968586921691894531e+00,5.930799007415771484e+00,4.964464187622070312e+00,4.082756996154785156e+00,3.294795036315917969e+00,2.605689048767089844e+00,2.016741514205932617e+00,1.525782823562622070e+00,1.127620220184326172e+00,8.145759105682373047e-01,5.770856142044067383e-01,4.043272733688354492e-01,2.848508954048156738e-01,2.071801722049713135e-01,1.603595167398452759e-01,1.344233453273773193e-01,1.207690834999084473e-01,1.124201640486717224e-01,1.041711196303367615e-01,9.261268377304077148e-02,7.604074478149414062e-02,5.425854772329330444e-02,2.828670665621757507e-02,7.045183965642332264e-17
0.000000000000000000e+00,-6.365998089313507080e-02,-1.126840338110923767e-01,-1.329281032085418701e-01,-1.112152487039566040e-01,-3.577821329236030579e-02,1.033455729484558105e-01,3.139797449111938477e-01,6.015464067459106445e-01,9.688841104507446289e-01,1.416151165962219238e+00,1.940818190574645996e+00,2.537747859954833984e+00,3.199360132217407227e+00,3.915875196456909180e+00,4.675624370574951172e+00,5.465420722961425781e+00,6.270972728729248047e+00,7.077326297760009766e+00,7.869324684143066406e+00,8.632063865661621094e+00,9.351329803466796875e+00,1.001401138305664062e+01,1.060845565795898438e+01,1.112478351593017578e+01,1.155512619018554688e+01,1.189379310607910156e+01,1.213737392425537109e+01,1.228474998474121094e+01,1.233703613281250000e+01,1.229745674133300781e+01,1.217114734649658203e+01,1.196491241455078125e+01,1.168693161010742188e+01,1.134643077850341797e+01,1.095334625244140625e+01,1.051797008514404297e+01,1.005060482025146484e+01,9.561245918273925781e+00,9.059279441833496094e+00,8.553235054016113281e+00,8.050572395324707031e+00,7.557535171508789062e+00,7.079044818878173828e+00,6.618667125701904297e+00,6.178624629974365234e+00,5.759864807128906250e+00,5.362174987792968750e+00,4.984334945678710938e+00,4.624300003051757812e+00,4.279407024383544922e+00,3.946586847305297852e+00,3.622582197189331055e+00,3.304149627685546875e+00,2.988248586654663086e+00,2.672198772430419922e+00,2.353808164596557617e+00,2.031460762023925781e+00,1.704164147377014160e+00,1.371556997299194336e+00,1.033874511718750000e+00,6.918794512748718262e-01,3.467593491077423096e-01,8.522720577913050002e-16
0.000000000000000000e+00,1.036884784698486328e+00,2.056714057922363281e+00,3.042930126190185547e+00,3.979954481124877930e+00,4.853636264801025391e+00,5.651653766632080078e+00,6.363852500915527344e+00,6.982517242431640625e+00,7.502555370330810547e+00,7.921602725982666016e+00,8.240035057067871094e+00,8.460893630981445312e+00,8.589725494384765625e+00,8.634344100952148438e+00,8.604527473449707031e+00,8.511647224426269531e+00,8.368262290954589844e+00,8.187680244445800781e+00,7.983501434326171875e+00,7.769170284271240234e+00,7.557535171508789062e+00,7.360447406768798828e+00,7.188400268554687500e+00,7.050224304199218750e+00,6.952848434448242188e+00,6.901133060455322266e+00,6.897777080535888672e+00,6.943302154541015625e+00,7.036112308502197266e+00,7.172624588012695312e+00,7.347459793090820312e+00,7.553694248199462891e+00,7.783149719238281250e+00,8.026718139648437500e+00,8.274705886840820312e+00,8.517181396484375000e+00,8.744320869445800781e+00,8.946727752685546875e+00,9.115728378295898438e+00,9.243621826171875000e+00,9.323885917663574219e+00,9.351329803466796875e+00,9.322189331054687500e+00,9.234159469604492188e+00,9.086381912231445312e+00,8.879369735717773438e+00,8.614892959594726562e+00,8.295817375183105469e+00,7.925919532775878906e+00,7.509678363800048828e+00,7.052054405212402344e+00,6.558270931243896484e+00,6.033604145050048828e+00,5.483191013336181641e+00,4.911864757537841797e+00,4.324024200439453125e+00,3.723538398742675781e+00,3.113693952560424805e+00,2.497182130813598633e+00,1.876127362251281738e+00,1.252150535583496094e+00,6.264653801918029785e-01,1.538811108023991833e-15
0.000000000000000000e+00,2.037342309951782227e+00,4.027490615844726562e+00,5.924693584442138672e+00,7.686037540435791016e+00,9.272743225097656250e+00,1.065132904052734375e+01,1.179459285736083984e+01,1.268238735198974609e+01,1.330216407775878906e+01,1.364925861358642578e+01,1.372692871093750000e+01,1.354613113403320312e+01,1.312504959106445312e+01,1.248839950561523438e+01,1.166652870178222656e+01,1.069435501098632812e+01,9.610166549682617188e+00,8.454341888427734375e+00,7.268027305603027344e+00,6.091812610626220703e+00,4.964464187622070312e+00,3.921743392944335938e+00,2.995354890823364258e+00,2.212060213088989258e+00,1.592978000640869141e+00,1.153094410896301270e+00,9.009920954704284668e-01,8.388023972511291504e-01,9.623762965202331543e-01,1.261660456657409668e+00,1.721258759498596191e+00,2.321153879165649414e+00,3.037556648254394531e+00,3.843850612640380859e+00,4.711589813232421875e+00,5.611516952514648438e+00,6.514560699462890625e+00,7.392776966094970703e+00,8.220200538635253906e+00,8.973583221435546875e+00,9.632993698120117188e+00,1.018225669860839844e+01,1.060923480987548828e+01,1.090594100952148438e+01,1.106848621368408203e+01,1.109687709808349609e+01,1.099467563629150391e+01,1.076855087280273438e+01,1.042773246765136719e+01,9.983408927917480469e+00,9.448099136352539062e+00,8.835012435913085938e+00,8.157446861267089844e+00,7.428235054016113281e+00,6.659272670745849609e+00,5.861138343811035156e+00,5.042826175689697266e+00,4.211597442626953125e+00,3.372948884963989258e+00,2.530697584152221680e+00,1.687175750732421875e+00,8.435142040252685547e-01,2.071446389322940430e-15
0.000000000000000000e+00,2.846541404724121094e+00,5.620022773742675781e+00,8.249641418457031250e+00,1.066903209686279297e+01,1.281829929351806641e+01,1.464583301544189453e+01,1.610984802246093750e+01,1.717959403991699219e+01,1.783620071411132812e+01,1.807313537597656250e+01,1.789624786376953125e+01,1.732342910766601562e+01,1.638385963439941406e+01,1.511693477630615234e+01,1.357084465026855469e+01,1.180090713500976562e+01,9.867696762084960938e+00,7.835036277770996094e+00,5.767917156219482422e+00,3.730436325073242188e+00,1.783802866935729980e+00,-1.551273558288812637e-02,-1.617423295974731445e+00,-2.979618072509765625e+00,-4.068657875061035156e+00,-4.860744476318359375e+00,-5.342147827148437500e+00,-5.509278774261474609e+00,-5.368427276611328125e+00,-4.935171604156494141e+00,-4.233503818511962891e+00,-3.294697523117065430e+00,-2.155981540679931641e+00,-8.590617775917053223e-01,5.514426827430725098e-01,2.029592037200927734e+00,3.529686689376831055e+00,5.007742404937744141e+00,6.422826290130615234e+00,7.738210678100585938e+00,8.922312736511230469e+00,9.949391365051269531e+00,1.079998016357421875e+01,1.146107387542724609e+01,1.192604351043701172e+01,1.219432544708251953e+01,1.227089405059814453e+01,1.216555309295654297e+01,1.189209270477294922e+01,1.146734714508056641e+01,1.091020965576171875e+01,1.024064064025878906e+01,9.478720664978027344e+00,8.643792152404785156e+00,7.753715515136718750e+00,6.824284076690673828e+00,5.868802070617675781e+00,4.897854804992675781e+00,3.919259786605834961e+00,2.938204050064086914e+00,1.957545280456542969e+00,9.782591462135314941e-01,2.401979185890539339e-15
0.000000000000000000e+00,3.389086961746215820e+00,6.685862541198730469e+00,9.800881385803222656e+00,1.265033626556396484e+01,1.515863800048828125e+01,1.726072120666503906e+01,1.890399932861328125e+01,2.004990196228027344e+01,2.067495155334472656e+01,2.077133941650390625e+01,2.034698295593261719e+01,1.942508888244628906e+01,1.804321289062500000e+01,1.625187110900878906e+01,1.411275005340576172e+01,1.169658374786376953e+01,9.080776214599609375e+00,6.346845626831054688e+00,3.577786207199096680e+00,8.554415106773376465e-01,-1.742029786109924316e+00,-4.142505168914794922e+00,-6.281991481781005859e+00,-8.106396675109863281e+00,-9.572924613952636719e+00,-1.065105438232421875e+01,-1.132308197021484375e+01,-1.158422470092773438e+01,-1.144227981567382812e+01,-1.091688537597656250e+01,-1.003840637207031250e+01,-8.846499443054199219e+00,-7.388432025909423828e+00,-5.717199325561523438e+00,-3.889545917510986328e+00,-1.963937997817993164e+00,1.418513711541891098e-03,1.950452208518981934e+00,3.830924749374389648e+00,5.595900535583496094e+00,7.204938411712646484e+00,8.624982833862304688e+00,9.830918312072753906e+00,1.080580520629882812e+01,1.154077816009521484e+01,1.203465843200683594e+01,1.229327869415283203e+01,1.232859516143798828e+01,1.215761852264404297e+01,1.180121994018554688e+01,1.128288078308105469e+01,1.062743949890136719e+01,9.859889030456542969e+00,9.004290580749511719e+00,8.082827568054199219e+00,7.115067005157470703e+00,6.117422103881835938e+00,5.102859973907470703e+00,4.080841064453125000e+00,3.057492494583129883e+00,2.035989046096801758e+00,1.017120122909545898e+00,2.497105221031933539e-15
0.000000000000000000e+00,3.612235069274902344e+00,7.121277332305908203e+00,1.042715072631835938e+01,1.343620395660400391e+01,1.606400680541992188e+01,1.823794174194335938e+01,1.989938354492187500e+01,2.100544738769531250e+01,2.153017425537109375e+01,2.146518898010253906e+01,2.081976890563964844e+01,1.962034034729003906e+01,1.790943908691406250e+01,1.574413776397705078e+01,1.319405078887939453e+01,1.033894443511962891e+01,7.266067504882812500e+00,4.067287445068359375e+00,8.361269831657409668e-01,-2.335186958312988281e+00,-5.358565330505371094e+00,-8.152699470520019531e+00,-1.064541435241699219e+01,-1.277565383911132812e+01,-1.449505710601806641e+01,-1.576905536651611328e+01,-1.657748985290527344e+01,-1.691472053527832031e+01,-1.678926849365234375e+01,-1.622296714782714844e+01,-1.524973106384277344e+01,-1.391394901275634766e+01,-1.226859092712402344e+01,-1.037310981750488281e+01,-8.291213989257812500e+00,-6.088598251342773438e+00,-3.830717802047729492e+00,-1.580687761306762695e+00,6.026276946067810059e-01,2.666263818740844727e+00,4.564499378204345703e+00,6.259854316711425781e+00,7.723724365234375000e+00,8.936643600463867188e+00,9.888182640075683594e+00,1.057651424407958984e+01,1.100766658782958984e+01,1.119453048706054688e+01,1.115566635131835938e+01,1.091397094726562500e+01,1.049528312683105469e+01,9.926974296569824219e+00,9.236613273620605469e+00,8.450741767883300781e+00,7.593822956085205078e+00,6.687405109405517578e+00,5.749529361724853516e+00,4.794392108917236328e+00,3.832281112670898438e+00,2.869764328002929688e+00,1.910115838050842285e+00,9.539470672607421875e-01,2.341760013780205298e-15
0.000000000000000000e+00,3.490825653076171875e+00,6.876960754394531250e+00,1.005698871612548828e+01,1.293593120574951172e+01,1.542819499969482422e+01,1.746020698547363281e+01,1.897264862060546875e+01,1.992221069335937500e+01,2.028281784057617188e+01,2.004630088806152344e+01,1.922245788574218750e+01,1.783854866027832031e+01,1.593823623657226562e+01,1.357998943328857422e+01,1.083504772186279297e+01,7.784996986389160156e+00,4.519049167633056641e+00,1.131123542785644531e+00,-2.283164739608764648e+00,-5.629511833190917969e+00,-8.817821502685546875e+00,-1.176489734649658203e+01,-1.439683628082275391e+01,-1.665106582641601562e+01,-1.847793769836425781e+01,-1.984186363220214844e+01,-2.072194480895996094e+01,-2.111208724975585938e+01,-2.102064323425292969e+01,-2.046956443786621094e+01,-1.949314308166503906e+01,-1.813638496398925781e+01,-1.645309448242187500e+01,-1.450373268127441406e+01,-1.235316467285156250e+01,-1.006834506988525391e+01,-7.716057777404785156e+00,-5.360772609710693359e+00,-3.062703132629394531e+00,-8.761240243911743164e-01,1.152001261711120605e+00,2.983042478561401367e+00,4.587355136871337891e+00,5.944554805755615234e+00,7.043425083160400391e+00,7.881480216979980469e+00,8.464220046997070312e+00,8.804128646850585938e+00,8.919464111328125000e+00,8.832918167114257812e+00,8.570199966430664062e+00,8.158613204956054688e+00,7.625699520111083984e+00,6.997998237609863281e+00,6.299981117248535156e+00,5.553201198577880859e+00,4.775689601898193359e+00,3.981611490249633789e+00,3.181196928024291992e+00,2.380928277969360352e+00,1.583968043327331543e+00,7.907943725585937500e-01,1.941016656214697433e-15
0.000000000000000000e+00,3.029819250106811523e+00,5.963012695312500000e+00,8.705986022949218750e+00,1.117111015319824219e+01,1.327944755554199219e+01,1.496319484710693359e+01,1.616775131225585938e+01,1.685334968566894531e+01,1.699619102478027344e+01,1.658905982971191406e+01,1.564139842987060547e+01,1.417883014678955078e+01,1.224218177795410156e+01,9.886013984680175781e+00,7.176729202270507812e+00,4.190334320068359375e+00,1.009917974472045898e+00,-2.277048349380493164e+00,-5.581503391265869141e+00,-8.815580368041992188e+00,-1.189529418945312500e+01,-1.474303531646728516e+01,-1.728979873657226562e+01,-1.947706985473632812e+01,-2.125830650329589844e+01,-2.260000991821289062e+01,-2.348230171203613281e+01,-2.389905738830566406e+01,-2.385756301879882812e+01,-2.337776565551757812e+01,-2.249109268188476562e+01,-2.123897171020507812e+01,-1.967105674743652344e+01,-1.784325599670410156e+01,-1.581564712524414062e+01,-1.365034008026123047e+01,-1.140938091278076172e+01,-9.152775764465332031e+00,-6.936680793762207031e+00,-4.811843395233154297e+00,-2.822325706481933594e+00,-1.004546165466308594e+00,6.133325099945068359e-01,2.011670589447021484e+00,3.179279088973999023e+00,4.113028526306152344e+00,4.817173957824707031e+00,5.302440643310546875e+00,5.584921360015869141e+00,5.684846401214599609e+00,5.625282287597656250e+00,5.430829524993896484e+00,5.126370906829833984e+00,4.735934257507324219e+00,4.281706333160400391e+00,3.783250808715820312e+00,3.256943702697753906e+00,2.715657711029052734e+00,2.168689489364624023e+00,1.621925711631774902e+00,1.078230500221252441e+00,5.380220413208007812e-01,1.320332194169545909e-15
0.000000000000000000e+00,2.264194488525390625e+00,4.448718070983886719e+00,6.476411819458007812e+00,8.275056838989257812e+00,9.779635429382324219e+00,1.093435668945312500e+01,1.169436740875244141e+01,1.202710628509521484e+01,1.191324806213378906e+01,1.134721755981445312e+01,1.033724880218505859e+01,8.904999732971191406e+00,7.084744453430175781e+00,4.922158241271972656e+00,2.472756862640380859e+00,-1.999569237232208252e-01,-3.026578187942504883e+00,-5.934036254882812500e+00,-8.847907066345214844e+00,-1.169472408294677734e+01,-1.440420246124267578e+01,-1.691131591796875000e+01,-1.915814781188964844e+01,-2.109545516967773438e+01,-2.268392372131347656e+01,-2.389504814147949219e+01,-2.471163558959960938e+01,-2.512792396545410156e+01,-2.514931869506835938e+01,-2.479177474975585938e+01,-2.408085250854492188e+01,-2.305048370361328125e+01,-2.174152755737304688e+01,-2.020014953613281250e+01,-1.847609329223632812e+01,-1.662092208862304688e+01,-1.468628978729248047e+01,-1.272229290008544922e+01,-1.077598094940185547e+01,-8.890048980712890625e+00,-7.101775169372558594e+00,-5.442215919494628906e+00,-3.935680150985717773e+00,-2.599491357803344727e+00,-1.444029211997985840e+00,-4.730313718318939209e-01,3.158687651157379150e-01,9.304062724113464355e-01,1.382793307304382324e+00,1.688719153404235840e+00,1.866293191909790039e+00,1.934980750083923340e+00,1.914581179618835449e+00,1.824294209480285645e+00,1.681912183761596680e+00,1.503172755241394043e+00,1.301293373107910156e+00,1.086702704429626465e+00,8.669726252555847168e-01,6.469445824623107910e-01,4.290352761745452881e-01,2.136968076229095459e-01,5.240758545482662820e-16
0.000000000000000000e+00,1.256195425987243652e+00,2.457100629806518555e+00,3.549182891845703125e+00,4.482367038726806641e+00,5.211618900299072266e+00,5.698360919952392578e+00,5.911675930023193359e+00,5.829255580902099609e+00,5.438066482543945312e+00,4.734711647033691406e+00,3.725480318069458008e+00,2.426084995269775391e+00,8.610993027687072754e-01,-9.368829727172851562e-01,-2.928334474563598633e+00,-5.068087577819824219e+00,-7.306788444519042969e+00,-9.592459678649902344e+00,-1.187211799621582031e+01,-1.409339523315429688e+01,-1.620609664916992188e+01,-1.816366577148437500e+01,-1.992448043823242188e+01,-2.145297813415527344e+01,-2.272052764892578125e+01,-2.370607948303222656e+01,-2.439653015136718750e+01,-2.478683471679687500e+01,-2.487982940673828125e+01,-2.468584060668945312e+01,-2.422203063964843750e+01,-2.351156616210937500e+01,-2.258261871337890625e+01,-2.146725463867187500e+01,-2.020022964477539062e+01,-1.881778144836425781e+01,-1.735640907287597656e+01,-1.585173320770263672e+01,-1.433744144439697266e+01,-1.284436988830566406e+01,-1.139974021911621094e+01,-1.002658271789550781e+01,-8.743339538574218750e+00,-7.563678741455078125e+00,-6.496486663818359375e+00,-5.546053886413574219e+00,-4.712412834167480469e+00,-3.991823911666870117e+00,-3.377363681793212891e+00,-2.859595537185668945e+00,-2.427279710769653320e+00,-2.068094015121459961e+00,-1.769327759742736816e+00,-1.518520236015319824e+00,-1.304014921188354492e+00,-1.115408539772033691e+00,-9.438782334327697754e-01,-7.823765873908996582e-01,-6.256924867630004883e-01,-4.703808426856994629e-01,-3.145714700222015381e-01,-1.576741188764572144e-01,-3.875802802767188250e-16
0.000000000000000000e+00,9.015093743801116943e-02,1.546894609928131104e-01,1.688389778137207031e-01,1.094671934843063354e-01,-4.415954276919364929e-02,-3.097003400325775146e-01,-7.011643648147583008e-01,-1.228454232215881348e+00,-1.897042989730834961e+00,-2.707792997360229492e+00,-3.656923532485961914e+00,-4.736124992370605469e+00,-5.932815074920654297e+00,-7.230528831481933594e+00,-8.609423637390136719e+00,-1.004688644409179688e+01,-1.151821899414062500e+01,-1.299737262725830078e+01,-1.445772361755371094e+01,-1.587284088134765625e+01,-1.721723747253417969e+01,-1.846707725524902344e+01,-1.960081291198730469e+01,-2.059972953796386719e+01,-2.144840240478515625e+01,-2.213502311706542969e+01,-2.265161132812500000e+01,-2.299409484863281250e+01,-2.316228294372558594e+01,-2.315969276428222656e+01,-2.299328994750976562e+01,-2.267313194274902344e+01,-2.221191024780273438e+01,-2.162446403503417969e+01,-2.092722129821777344e+01,-2.013764190673828125e+01,-1.927365303039550781e+01,-1.835309791564941406e+01,-1.739323425292968750e+01,-1.641028022766113281e+01,-1.541903114318847656e+01,-1.443254566192626953e+01,-1.346193027496337891e+01,-1.251619911193847656e+01,-1.160222530364990234e+01,-1.072477340698242188e+01,-9.886608123779296875e+00,-9.088666915893554688e+00,-8.330289840698242188e+00,-7.609482765197753906e+00,-6.923211097717285156e+00,-6.267699241638183594e+00,-5.638727664947509766e+00,-5.031910419464111328e+00,-4.442941188812255859e+00,-3.867799997329711914e+00,-3.302911996841430664e+00,-2.745251178741455078e+00,-2.192392826080322266e+00,-1.642508864402770996e+00,-1.094317317008972168e+00,-5.469852685928344727e-01,-1.343184613690874898e-15
0.000000000000000000e+00,-1.134695291519165039e+00,-2.262631893157958984e+00,-3.377223730087280273e+00,-4.472224235534667969e+00,-5.541879653930664062e+00,-6.581063270568847656e+00,-7.585385322570800781e+00,-8.551278114318847656e+00,-9.476044654846191406e+00,-1.035787677764892578e+01,-1.119584274291992188e+01,-1.198983860015869141e+01,-1.274050903320312500e+01,-1.344914150238037109e+01,-1.411754035949707031e+01,-1.474787902832031250e+01,-1.534254264831542969e+01,-1.590396595001220703e+01,-1.643447303771972656e+01,-1.693611907958984375e+01,-1.741056251525878906e+01,-1.785892868041992188e+01,-1.828173446655273438e+01,-1.867880630493164062e+01,-1.904925918579101562e+01,-1.939148139953613281e+01,-1.970317840576171875e+01,-1.998142814636230469e+01,-2.022277641296386719e+01,-2.042334938049316406e+01,-2.057900619506835938e+01,-2.068547821044921875e+01,-2.073854446411132812e+01,-2.073419380187988281e+01,-2.066878890991210938e+01,-2.053922653198242188e+01,-2.034306144714355469e+01,-2.007863616943359375e+01,-1.974516105651855469e+01,-1.934277915954589844e+01,-1.887258911132812500e+01,-1.833664131164550781e+01,-1.773789405822753906e+01,-1.708014678955078125e+01,-1.636793708801269531e+01,-1.560641098022460938e+01,-1.480118179321289062e+01,-1.395816326141357422e+01,-1.308340454101562500e+01,-1.218291568756103516e+01,-1.126249980926513672e+01,-1.032760143280029297e+01,-9.383163452148437500e+00,-8.433510780334472656e+00,-7.482266426086425781e+00,-6.532287120819091797e+00,-5.585638523101806641e+00,-4.643602848052978516e+00,-3.706716299057006836e+00,-2.774840831756591797e+00,-1.847261428833007812e+00,-9.228089451789855957e-01,-2.265592693580730475e-15
0.000000000000000000e+00,-2.312725543975830078e+00,-4.586476802825927734e+00,-6.783458709716796875e+00,-8.868195533752441406e+00,-1.080858993530273438e+01,-1.257686710357666016e+01,-1.415036773681640625e+01,-1.551217174530029297e+01,-1.665151977539062500e+01,-1.756403541564941406e+01,-1.825172233581542969e+01,-1.872275924682617188e+01,-1.899108505249023438e+01,-1.907579994201660156e+01,-1.900040435791015625e+01,-1.879190444946289062e+01,-1.847981071472167969e+01,-1.809507179260253906e+01,-1.766899681091308594e+01,-1.723216247558593750e+01,-1.681339645385742188e+01,-1.643883323669433594e+01,-1.613108253479003906e+01,-1.590855598449707031e+01,-1.578494644165039062e+01,-1.576889228820800781e+01,-1.586382961273193359e+01,-1.606803512573242188e+01,-1.637484359741210938e+01,-1.677305030822753906e+01,-1.724744415283203125e+01,-1.777948951721191406e+01,-1.834808731079101562e+01,-1.893041610717773438e+01,-1.950279998779296875e+01,-2.004158210754394531e+01,-2.052396392822265625e+01,-2.092877388000488281e+01,-2.123716163635253906e+01,-2.143315887451171875e+01,-2.150412750244140625e+01,-2.144104385375976562e+01,-2.123865318298339844e+01,-2.089545440673828125e+01,-2.041355133056640625e+01,-1.979837036132812500e+01,-1.905825805664062500e+01,-1.820399093627929688e+01,-1.724819946289062500e+01,-1.620477104187011719e+01,-1.508822441101074219e+01,-1.391309356689453125e+01,-1.269336128234863281e+01,-1.144194698333740234e+01,-1.017028617858886719e+01,-8.888001441955566406e+00,-7.602699756622314453e+00,-6.319872379302978516e+00,-5.042927742004394531e+00,-3.773331642150878906e+00,-2.510857343673706055e+00,-1.253922462463378906e+00,-3.078170246364857199e-15
0.000000000000000000e+00,-3.341118574142456055e+00,-6.614043712615966797e+00,-9.752678871154785156e+00,-1.269504642486572266e+01,-1.538517570495605469e+01,-1.777477455139160156e+01,-1.982465934753417969e+01,-2.150585174560546875e+01,-2.280035400390625000e+01,-2.370154571533203125e+01,-2.421419334411621094e+01,-2.435410881042480469e+01,-2.414741706848144531e+01,-2.362952232360839844e+01,-2.284375953674316406e+01,-2.183981323242187500e+01,-2.067196464538574219e+01,-1.939719772338867188e+01,-1.807327651977539062e+01,-1.675680923461914062e+01,-1.550142860412597656e+01,-1.435609149932861328e+01,-1.336358642578125000e+01,-1.255929756164550781e+01,-1.197024536132812500e+01,-1.161444568634033203e+01,-1.150060176849365234e+01,-1.162811946868896484e+01,-1.198745250701904297e+01,-1.256074428558349609e+01,-1.332274055480957031e+01,-1.424192810058593750e+01,-1.528185749053955078e+01,-1.640258407592773438e+01,-1.756218719482421875e+01,-1.871829223632812500e+01,-1.982953834533691406e+01,-2.085697174072265625e+01,-2.176525497436523438e+01,-2.252371215820312500e+01,-2.310713958740234375e+01,-2.349637794494628906e+01,-2.367861747741699219e+01,-2.364746093750000000e+01,-2.340271377563476562e+01,-2.294997215270996094e+01,-2.229997825622558594e+01,-2.146783447265625000e+01,-2.047207069396972656e+01,-1.933364677429199219e+01,-1.807490921020507812e+01,-1.671856689453125000e+01,-1.528673076629638672e+01,-1.380004310607910156e+01,-1.227694988250732422e+01,-1.073313903808593750e+01,-9.181160926818847656e+00,-7.630248069763183594e+00,-6.086327552795410156e+00,-4.552236557006835938e+00,-3.028102397918701172e+00,-1.511878490447998047e+00,-3.711100793124056177e-15
0.000000000000000000e+00,-4.128846645355224609e+00,-8.165861129760742188e+00,-1.202205181121826172e+01,-1.561401081085205078e+01,-1.886646842956542969e+01,-2.171457290649414062e+01,-2.410581016540527344e+01,-2.600151634216308594e+01,-2.737791442871093750e+01,-2.822666358947753906e+01,-2.855488967895507812e+01,-2.838470649719238281e+01,-2.775225257873535156e+01,-2.670628166198730469e+01,-2.530634880065917969e+01,-2.362067222595214844e+01,-2.172376060485839844e+01,-1.969385147094726562e+01,-1.761029243469238281e+01,-1.555094146728515625e+01,-1.358966827392578125e+01,-1.179405498504638672e+01,-1.022336196899414062e+01,-8.926830291748046875e+00,-7.942371845245361328e+00,-7.295676708221435547e+00,-6.999771595001220703e+00,-7.055020332336425781e+00,-7.449563980102539062e+00,-8.160163879394531250e+00,-9.153415679931640625e+00,-1.038726806640625000e+01,-1.181279468536376953e+01,-1.337612628936767578e+01,-1.502049732208251953e+01,-1.668829154968261719e+01,-1.832304191589355469e+01,-1.987129020690917969e+01,-2.128426170349121094e+01,-2.251927185058593750e+01,-2.354084968566894531e+01,-2.432152748107910156e+01,-2.484229087829589844e+01,-2.509268569946289062e+01,-2.507057380676269531e+01,-2.478159904479980469e+01,-2.423836708068847656e+01,-2.345940399169921875e+01,-2.246794128417968750e+01,-2.129058456420898438e+01,-1.995594978332519531e+01,-1.849328613281250000e+01,-1.693120765686035156e+01,-1.529652690887451172e+01,-1.361328601837158203e+01,-1.190199184417724609e+01,-1.017910957336425781e+01,-8.456798553466796875e+00,-6.742929458618164062e+00,-5.041342735290527344e+00,-3.352345228195190430e+00,-1.673403501510620117e+00,-4.107273772664416650e-15
0.000000000000000000e+00,-4.604712486267089844e+00,-9.101626396179199219e+00,-1.338629245758056641e+01,-1.736083984375000000e+01,-2.093699264526367188e+01,-2.403875160217285156e+01,-2.660466384887695312e+01,-2.858960151672363281e+01,-2.996598815917968750e+01,-3.072445297241210938e+01,-3.087385749816894531e+01,-3.044075012207031250e+01,-2.946821975708007812e+01,-2.801424598693847656e+01,-2.614955902099609375e+01,-2.395513343811035156e+01,-2.151937484741210938e+01,-1.893511390686035156e+01,-1.629651832580566406e+01,-1.369602298736572266e+01,-1.122138404846191406e+01,-8.952963829040527344e+00,-6.961328029632568359e+00,-5.305235385894775391e+00,-4.030084133148193359e+00,-3.166853189468383789e+00,-2.731565237045288086e+00,-2.725277662277221680e+00,-3.134587049484252930e+00,-3.932612180709838867e+00,-5.080409049987792969e+00,-6.528753280639648438e+00,-8.220210075378417969e+00,-1.009141349792480469e+01,-1.207546043395996094e+01,-1.410432243347167969e+01,-1.611119842529296875e+01,-1.803270721435546875e+01,-1.981086349487304688e+01,-2.139473915100097656e+01,-2.274180221557617188e+01,-2.381885147094726562e+01,-2.460256576538085938e+01,-2.507963943481445312e+01,-2.524651718139648438e+01,-2.510878181457519531e+01,-2.468020820617675781e+01,-2.398154640197753906e+01,-2.303911781311035156e+01,-2.188326644897460938e+01,-2.054675102233886719e+01,-1.906316184997558594e+01,-1.746541213989257812e+01,-1.578439235687255859e+01,-1.404782009124755859e+01,-1.227935314178466797e+01,-1.049798107147216797e+01,-8.717721939086914062e+00,-6.947623729705810547e+00,-5.192068099975585938e+00,-3.451336860656738281e+00,-1.722418904304504395e+00,-4.227241166566411343e-15
0.000000000000000000e+00,-4.723707675933837891e+00,-9.332743644714355469e+00,-1.371600818634033203e+01,-1.776942634582519531e+01,-2.139916038513183594e+01,-2.452447891235351562e+01,-2.708016777038574219e+01,-2.901844406127929688e+01,-3.031025886535644531e+01,-3.094598770141601562e+01,-3.093547439575195312e+01,-3.030743408203125000e+01,-2.910824775695800781e+01,-2.740018272399902344e+01,-2.525912475585937500e+01,-2.277189636230468750e+01,-2.003325080871582031e+01,-1.714266967773437500e+01,-1.420106315612792969e+01,-1.130749225616455078e+01,-8.556021690368652344e+00,-6.032822608947753906e+00,-3.813599348068237305e+00,-1.961447477340698242e+00,-5.251871347427368164e-01,4.617710113525390625e-01,9.820021390914916992e-01,1.034082412719726562e+00,6.320559382438659668e-01,-1.956099867820739746e-01,-1.407530665397644043e+00,-2.951300859451293945e+00,-4.765702247619628906e+00,-6.783131599426269531e+00,-8.932150840759277344e+00,-1.114006519317626953e+01,-1.333543014526367188e+01,-1.545039367675781250e+01,-1.742280006408691406e+01,-1.919797706604003906e+01,-2.073015785217285156e+01,-2.198349189758300781e+01,-2.293262863159179688e+01,-2.356287193298339844e+01,-2.386990928649902344e+01,-2.385915184020996094e+01,-2.354474258422851562e+01,-2.294826889038085938e+01,-2.209725952148437500e+01,-2.102354812622070312e+01,-1.976155471801757812e+01,-1.834661293029785156e+01,-1.681335639953613281e+01,-1.519428825378417969e+01,-1.351855754852294922e+01,-1.181101322174072266e+01,-1.009155368804931641e+01,-8.374805450439453125e+00,-6.670120716094970703e+00,-4.981895446777343750e+00,-3.310176134109497070e+00,-1.651510119438171387e+00,-4.052824800749015716e-15
0.000000000000000000e+00,-4.471133232116699219e+00,-8.830430984497070312e+00,-1.296955490112304688e+01,-1.678703880310058594e+01,-2.019143295288085938e+01,-2.310410881042480469e+01,-2.546162605285644531e+01,-2.721759414672851562e+01,-2.834395217895507812e+01,-2.883164024353027344e+01,-2.869064712524414062e+01,-2.794941329956054688e+01,-2.665366172790527344e+01,-2.486464691162109375e+01,-2.265693855285644531e+01,-2.011579132080078125e+01,-1.733420372009277344e+01,-1.440978431701660156e+01,-1.144152069091796875e+01,-8.526565551757812500e+00,-5.757165431976318359e+00,-3.217813491821289062e+00,-9.827429652214050293e-01,8.861778378486633301e-01,2.341072797775268555e+00,3.349166870117187500e+00,3.893350601196289062e+00,3.972192287445068359e+00,3.599416732788085938e+00,2.802879333496093750e+00,1.623092889785766602e+00,1.113679558038711548e-01,-1.672347784042358398e+00,-3.661847591400146484e+00,-5.787163257598876953e+00,-7.977088928222656250e+00,-1.016163444519042969e+01,-1.227431869506835938e+01,-1.425422954559326172e+01,-1.604777336120605469e+01,-1.761006355285644531e+01,-1.890591049194335938e+01,-1.991039085388183594e+01,-2.060899925231933594e+01,-2.099738121032714844e+01,-2.108068656921386719e+01,-2.087259292602539062e+01,-2.039405059814453125e+01,-1.967180252075195312e+01,-1.873678207397460938e+01,-1.762244415283203125e+01,-1.636310386657714844e+01,-1.499237346649169922e+01,-1.354175662994384766e+01,-1.203945159912109375e+01,-1.050942611694335938e+01,-8.970780372619628906e+00,-7.437434673309326172e+00,-5.918130874633789062e+00,-4.416744232177734375e+00,-2.932879447937011719e+00,-1.462707757949829102e+00,-3.589031063446976311e-15
0.000000000000000000e+00,-3.864103555679321289e+00,-7.628681659698486328e+00,-1.119733238220214844e+01,-1.447979640960693359e+01,-1.739476203918457031e+01,-1.987237167358398438e+01,-2.185634231567382812e+01,-2.330561256408691406e+01,-2.419549751281738281e+01,-2.451828193664550781e+01,-2.428325653076171875e+01,-2.351618576049804688e+01,-2.225825119018554688e+01,-2.056449508666992188e+01,-1.850182342529296875e+01,-1.614665794372558594e+01,-1.358230590820312500e+01,-1.089615154266357422e+01,-8.176768302917480469e+00,-5.511051177978515625e+00,-2.981461524963378906e+00,-6.634926199913024902e-01,1.376573920249938965e+00,3.083544015884399414e+00,4.414762020111083984e+00,5.341095447540283203e+00,5.847434997558593750e+00,5.932697296142578125e+00,5.609352111816406250e+00,4.902497291564941406e+00,3.848535537719726562e+00,2.493504285812377930e+00,8.911373615264892578e-01,-8.992660641670227051e-01,-2.815079450607299805e+00,-4.792607307434082031e+00,-6.769280910491943359e+00,-8.685711860656738281e+00,-1.048752689361572266e+01,-1.212693309783935547e+01,-1.356395435333251953e+01,-1.476730918884277344e+01,-1.571491718292236328e+01,-1.639401817321777344e+01,-1.680093002319335938e+01,-1.694045829772949219e+01,-1.682501792907714844e+01,-1.647348976135253906e+01,-1.590990066528320312e+01,-1.516197490692138672e+01,-1.425962924957275391e+01,-1.323349094390869141e+01,-1.211348533630371094e+01,-1.092758178710937500e+01,-9.700717926025390625e+00,-8.453970909118652344e+00,-7.203995227813720703e+00,-5.962743759155273438e+00,-4.737474918365478516e+00,-3.531039714813232422e+00,-2.342424154281616211e+00,-1.167508125305175781e+00,-2.864097915539383366e-15
0.000000000000000000e+00,-2.950291156768798828e+00,-5.821765422821044922e+00,-8.538095474243164062e+00,-1.102784633636474609e+01,-1.322671508789062500e+01,-1.507952308654785156e+01,-1.654189872741699219e+01,-1.758160209655761719e+01,-1.817942237854003906e+01,-1.832966041564941406e+01,-1.804014396667480469e+01,-1.733180046081542969e+01,-1.623781394958496094e+01,-1.480236244201660156e+01,-1.307903575897216797e+01,-1.112894821166992188e+01,-9.018642425537109375e+00,-6.817844390869140625e+00,-4.597158432006835938e+00,-2.425778388977050781e+00,-3.692974150180816650e-01,1.512314677238464355e+00,3.166493415832519531e+00,4.549567699432373047e+00,5.627909660339355469e+00,6.378706932067871094e+00,6.790350437164306641e+00,6.862423896789550781e+00,6.605311393737792969e+00,6.039447784423828125e+00,5.194245815277099609e+00,4.106753826141357422e+00,2.820096492767333984e+00,1.381764411926269531e+00,-1.581792831420898438e-01,-1.748906612396240234e+00,-3.340579509735107422e+00,-4.885987758636474609e+00,-6.342011451721191406e+00,-7.670862197875976562e+00,-8.841061592102050781e+00,-9.828130722045898438e+00,-1.061497879028320312e+01,-1.119198226928710938e+01,-1.155677413940429688e+01,-1.171375656127929688e+01,-1.167337036132812500e+01,-1.145117759704589844e+01,-1.106677722930908203e+01,-1.054263687133789062e+01,-9.902873039245605469e+00,-9.172059059143066406e+00,-8.374084472656250000e+00,-7.531142711639404297e+00,-6.662876605987548828e+00,-5.785711288452148438e+00,-4.912408351898193359e+00,-4.051851272583007812e+00,-3.209062814712524414e+00,-2.385446071624755859e+00,-1.579234004020690918e+00,-7.861151695251464844e-01,-1.927637347296342132e-15
0.000000000000000000e+00,-1.804004192352294922e+00,-3.556484460830688477e+00,-5.207564353942871094e+00,-6.710608005523681641e+00,-8.023698806762695312e+00,-9.110957145690917969e+00,-9.943655014038085938e+00,-1.050108146667480469e+01,-1.077113819122314453e+01,-1.075064468383789062e+01,-1.044534683227539062e+01,-9.869617462158203125e+00,-9.045888900756835938e+00,-8.003811836242675781e+00,-6.779187202453613281e+00,-5.412716865539550781e+00,-3.948598384857177734e+00,-2.433034420013427734e+00,-9.127018451690673828e-01,5.667667388916015625e-01,1.962234020233154297e+00,3.234391689300537109e+00,4.348935127258300781e+00,5.277536392211914062e+00,5.998592376708984375e+00,6.497720718383789062e+00,6.767994880676269531e+00,6.809915065765380859e+00,6.631126403808593750e+00,6.245896816253662109e+00,5.674384117126464844e+00,4.941720485687255859e+00,4.076959609985351562e+00,3.111924171447753906e+00,2.080002546310424805e+00,1.014936685562133789e+00,-5.034526064991950989e-02,-1.084818005561828613e+00,-2.060325622558593750e+00,-2.952395439147949219e+00,-3.740872383117675781e+00,-4.410359859466552734e+00,-4.950451374053955078e+00,-5.355759143829345703e+00,-5.625741004943847656e+00,-5.764347076416015625e+00,-5.779504776000976562e+00,-5.682469367980957031e+00,-5.487077713012695312e+00,-5.208940982818603516e+00,-4.864609241485595703e+00,-4.470751762390136719e+00,-4.043385982513427734e+00,-3.597191572189331055e+00,-3.144930839538574219e+00,-2.697008609771728516e+00,-2.261180877685546875e+00,-1.842420220375061035e+00,-1.442946672439575195e+00,-1.062409043312072754e+00,-6.982111930847167969e-01,-3.459582030773162842e-01,-8.469909661838520478e-16
0.000000000000000000e+00,-5.199308991432189941e-01,-1.019818663597106934e+00,-1.480294823646545410e+00,-1.883316755294799805e+00,-2.212771654129028320e+00,-2.455013036727905273e+00,-2.599309921264648438e+00,-2.638195037841796875e+00,-2.567696809768676758e+00,-2.387453317642211914e+00,-2.100697517395019531e+00,-1.714122533798217773e+00,-1.237626671791076660e+00,-6.839527487754821777e-01,-6.823328137397766113e-02,5.925413966178894043e-01,1.280111193656921387e+00,1.975569963455200195e+00,2.660000801086425781e+00,3.315102815628051758e+00,3.923782825469970703e+00,4.470695495605468750e+00,4.942712783813476562e+00,5.329302310943603516e+00,5.622809886932373047e+00,5.818633556365966797e+00,5.915285587310791016e+00,5.914341449737548828e+00,5.820284843444824219e+00,5.640250205993652344e+00,5.383681297302246094e+00,5.061914443969726562e+00,4.687709331512451172e+00,4.274743080139160156e+00,3.837087631225585938e+00,3.388692855834960938e+00,2.942894220352172852e+00,2.511961221694946289e+00,2.106705188751220703e+00,1.736159563064575195e+00,1.407342076301574707e+00,1.125106215476989746e+00,8.920848965644836426e-01,7.087264657020568848e-01,5.734167695045471191e-01,4.826817810535430908e-01,4.314577579498291016e-01,4.134166538715362549e-01,4.213309288024902344e-01,4.474607408046722412e-01,4.839462935924530029e-01,5.231882929801940918e-01,5.581993460655212402e-01,5.829126834869384766e-01,5.924339294433593750e-01,5.832275152206420898e-01,5.532295107841491699e-01,5.018839836120605469e-01,4.301023483276367188e-01,3.401490151882171631e-01,2.354601770639419556e-01,1.204047724604606628e-01,2.979128695545661589e-16
0.000000000000000000e+00,7.949202656745910645e-01,1.576979517936706543e+00,2.333661794662475586e+00,3.053130149841308594e+00,3.724540710449218750e+00,4.338325977325439453e+00,4.886436939239501953e+00,5.362544059753417969e+00,5.762178897857666016e+00,6.082828521728515625e+00,6.323962688446044922e+00,6.487008571624755859e+00,6.575268745422363281e+00,6.593780040740966797e+00,6.549129962921142578e+00,6.449228763580322266e+00,6.303046703338623047e+00,6.120327472686767578e+00,5.911284446716308594e+00,5.686291217803955078e+00,5.455577850341796875e+00,5.228933811187744141e+00,5.015441417694091797e+00,4.823230266571044922e+00,4.659274101257324219e+00,4.529225826263427734e+00,4.437297821044921875e+00,4.386191368103027344e+00,4.377071857452392578e+00,4.409593105316162109e+00,4.481962203979492188e+00,4.591049194335937500e+00,4.732528209686279297e+00,4.901048660278320312e+00,5.090431690216064453e+00,5.293875217437744141e+00,5.504172801971435547e+00,5.713929176330566406e+00,5.915770530700683594e+00,6.102542400360107422e+00,6.267486572265625000e+00,6.404398441314697266e+00,6.507754802703857422e+00,6.572814941406250000e+00,6.595692157745361328e+00,6.573395252227783203e+00,6.503839969635009766e+00,6.385838985443115234e+00,6.219061374664306641e+00,6.003982543945312500e+00,5.741808891296386719e+00,5.434400081634521484e+00,5.084179401397705078e+00,4.694044589996337891e+00,4.267280578613281250e+00,3.807477951049804688e+00,3.318456888198852539e+00,2.804205179214477539e+00,2.268823623657226562e+00,1.716486096382141113e+00,1.151408910751342773e+00,5.778306126594543457e-01,1.420805018911364473e-15
0.000000000000000000e+00,2.030384778976440430e+00,4.016470432281494141e+00,5.915278911590576172e+00,7.686430931091308594e+00,9.293339729309082031e+00,1.070427417755126953e+01,1.189327239990234375e+01,1.284085750579833984e+01,1.353454589843750000e+01,1.396913242340087891e+01,1.414673519134521484e+01,1.407661628723144531e+01,1.377477073669433594e+01,1.326331329345703125e+01,1.256967544555664062e+01,1.172565364837646484e+01,1.076632881164550781e+01,9.728910446166992188e+00,8.651533126831054688e+00,7.572048187255859375e+00,6.526862144470214844e+00,5.549843311309814453e+00,4.671344280242919922e+00,3.917364120483398438e+00,3.308876752853393555e+00,2.861343622207641602e+00,2.584422826766967773e+00,2.481876611709594727e+00,2.551675081253051758e+00,2.786288022994995117e+00,3.173144340515136719e+00,3.695241928100585938e+00,4.331877231597900391e+00,5.059465408325195312e+00,5.852421283721923828e+00,6.684063434600830078e+00,7.527508258819580078e+00,8.356528282165527344e+00,9.146338462829589844e+00,9.874286651611328125e+00,1.052043056488037109e+01,1.106798458099365234e+01,1.150362873077392578e+01,1.181766414642333984e+01,1.200403976440429688e+01,1.206023502349853516e+01,1.198702716827392578e+01,1.178815174102783203e+01,1.146988391876220703e+01,1.104055404663085938e+01,1.051003742218017578e+01,9.889226913452148438e+00,9.189526557922363281e+00,8.422378540039062500e+00,7.598850250244140625e+00,6.729298591613769531e+00,5.823110103607177734e+00,4.888548374176025391e+00,3.932685136795043945e+00,2.961432933807373047e+00,1.979659438133239746e+00,9.913784265518188477e-01,2.435916831471703764e-15
0.000000000000000000e+00,3.082620859146118164e+00,6.093728065490722656e+00,8.963975906372070312e+00,1.162828445434570312e+01,1.402779006958007812e+01,1.611159896850585938e+01,1.783826637268066406e+01,1.917696762084960938e+01,2.010832595825195312e+01,2.062485694885253906e+01,2.073103713989257812e+01,2.044297599792480469e+01,1.978773117065429688e+01,1.880228233337402344e+01,1.753218650817871094e+01,1.603000068664550781e+01,1.435349082946777344e+01,1.256372165679931641e+01,1.072306728363037109e+01,8.893231391906738281e+00,7.133336544036865234e+00,5.498136997222900391e+00,4.036430358886718750e+00,2.789701461791992188e+00,1.791049718856811523e+00,1.064419984817504883e+00,6.241636872291564941e-01,4.749298989772796631e-01,6.118816733360290527e-01,1.021220803260803223e+00,1.680991053581237793e+00,2.562123298645019531e+00,3.629676103591918945e+00,4.844221591949462891e+00,6.163321018218994141e+00,7.543032646179199219e+00,8.939398765563964844e+00,1.030985641479492188e+01,1.161452198028564453e+01,1.281731605529785156e+01,1.388688182830810547e+01,1.479728507995605469e+01,1.552847003936767578e+01,1.606647300720214844e+01,1.640340423583984375e+01,1.653718757629394531e+01,1.647111511230468750e+01,1.621322822570800781e+01,1.577555274963378906e+01,1.517325687408447266e+01,1.442374229431152344e+01,1.354573822021484375e+01,1.255842685699462891e+01,1.148063755035400391e+01,1.033015251159667969e+01,9.123145103454589844e+00,7.873770713806152344e+00,6.593925476074218750e+00,5.293173313140869141e+00,3.978838205337524414e+00,2.656248807907104492e+00,1.329113602638244629e+00,3.264862237170335774e-15
0.000000000000000000e+00,3.863076925277709961e+00,7.634031295776367188e+00,1.122355270385742188e+01,1.454786205291748047e+01,1.753124046325683594e+01,2.010829925537109375e+01,2.222589874267578125e+01,2.384466171264648438e+01,2.494003677368164062e+01,2.550287246704101562e+01,2.553949546813964844e+01,2.507127380371093750e+01,2.413372802734375000e+01,2.277517127990722656e+01,2.105497932434082031e+01,1.904151153564453125e+01,1.680979728698730469e+01,1.443904209136962891e+01,1.201004409790039062e+01,9.602630615234375000e+00,7.293167591094970703e+00,5.152260780334472656e+00,3.242692232131958008e+00,1.617676377296447754e+00,3.194800317287445068e-01,-6.215556263923645020e-01,-1.187566757202148438e+00,-1.373286724090576172e+00,-1.185742020606994629e+00,-6.435483098030090332e-01,2.241551131010055542e-01,1.379083871841430664e+00,2.775439500808715820e+00,4.361724376678466797e+00,6.082673549652099609e+00,7.881221294403076172e+00,9.700437545776367188e+00,1.148535823822021484e+01,1.318465709686279297e+01,1.475208663940429688e+01,1.614766311645507812e+01,1.733855628967285156e+01,1.829965400695800781e+01,1.901382255554199219e+01,1.947183990478515625e+01,1.967203903198242188e+01,1.961969375610351562e+01,1.932617568969726562e+01,1.880793762207031250e+01,1.808538436889648438e+01,1.718166732788085938e+01,1.612148857116699219e+01,1.492993831634521484e+01,1.363144302368164062e+01,1.224885082244873047e+01,1.080270481109619141e+01,9.310708045959472656e+00,7.787430763244628906e+00,6.244225025177001953e+00,4.689369678497314453e+00,3.128414869308471680e+00,1.564697504043579102e+00,3.842993987406917791e-15
0.000000000000000000e+00,4.306168079376220703e+00,8.508007049560546875e+00,1.250438213348388672e+01,1.620044708251953125e+01,1.951051521301269531e+01,2.236063957214355469e+01,2.469079017639160156e+01,2.645657348632812500e+01,2.763043785095214844e+01,2.820231819152832031e+01,2.817972183227539062e+01,2.758723258972167969e+01,2.646548080444335938e+01,2.486960983276367188e+01,2.286727905273437500e+01,2.053632164001464844e+01,1.796209526062011719e+01,1.523464107513427734e+01,1.244575309753417969e+01,9.686054229736328125e+00,7.042178153991699219e+00,4.594142913818359375e+00,2.413022041320800781e+00,5.589626431465148926e-01,-9.203737974166870117e-01,-1.990913391113281250e+00,-2.632785558700561523e+00,-2.840447664260864258e+00,-2.622323989868164062e+00,-1.999994516372680664e+00,-1.006967067718505859e+00,3.129014074802398682e-01,1.907271504402160645e+00,3.717396736145019531e+00,5.680326461791992188e+00,7.731149673461914062e+00,9.805201530456542969e+00,1.184014511108398438e+01,1.377786731719970703e+01,1.556611633300781250e+01,1.715983963012695312e+01,1.852218627929687500e+01,1.962513160705566406e+01,2.044976615905761719e+01,2.098619079589843750e+01,2.123310470581054688e+01,2.119707870483398438e+01,2.089157867431640625e+01,2.033580017089843750e+01,1.955335235595703125e+01,1.857088279724121094e+01,1.741669464111328125e+01,1.611942291259765625e+01,1.470682239532470703e+01,1.320472335815429688e+01,1.163620758056640625e+01,1.002100467681884766e+01,8.375156402587890625e+00,6.710936546325683594e+00,5.037027835845947266e+00,3.358926296234130859e+00,1.679548501968383789e+00,4.124708675334225541e-15
0.000000000000000000e+00,4.374990940093994141e+00,8.642896652221679688e+00,1.269991970062255859e+01,1.644872856140136719e+01,1.980141448974609375e+01,2.268214607238769531e+01,2.502940177917480469e+01,2.679774284362792969e+01,2.795904541015625000e+01,2.850317382812500000e+01,2.843804740905761719e+01,2.778914070129394531e+01,2.659841537475585938e+01,2.492273521423339844e+01,2.283182334899902344e+01,2.040583038330078125e+01,1.773261070251464844e+01,1.490480613708496094e+01,1.201682567596435547e+01,9.161832809448242188e+00,6.428846836090087891e+00,3.900048255920410156e+00,1.648379087448120117e+00,-2.644875347614288330e-01,-1.789749026298522949e+00,-2.892600536346435547e+00,-3.552861928939819336e+00,-3.765096664428710938e+00,-3.538235187530517578e+00,-2.894729137420654297e+00,-1.869282007217407227e+00,-5.072153806686401367e-01,1.137457728385925293e+00,3.004175662994384766e+00,5.028098583221435547e+00,7.142423152923583984e+00,9.280652999877929688e+00,1.137874221801757812e+01,1.337704467773437500e+01,1.522199630737304688e+01,1.686748886108398438e+01,1.827588653564453125e+01,1.941867828369140625e+01,2.027673912048339844e+01,2.084024238586425781e+01,2.110819816589355469e+01,2.108771133422851562e+01,2.079295921325683594e+01,2.024397468566894531e+01,1.946529388427734375e+01,1.848452377319335938e+01,1.733091163635253906e+01,1.603397178649902344e+01,1.462224388122558594e+01,1.312221050262451172e+01,1.155744457244873047e+01,9.947995185852050781e+00,8.310042381286621094e+00,6.655824184417724609e+00,4.993823051452636719e+00,3.329192399978637695e+00,1.664394378662109375e+00,4.087254148956061262e-15
0.000000000000000000e+00,4.064572811126708984e+00,8.028967857360839844e+00,1.179608726501464844e+01,1.527488994598388672e+01,1.838316535949707031e+01,2.105001068115234375e+01,2.321793365478515625e+01,2.484450149536132812e+01,2.590350341796875000e+01,2.638557243347167969e+01,2.629824829101562500e+01,2.566551017761230469e+01,2.452677345275878906e+01,2.293539810180664062e+01,2.095677375793457031e+01,1.866604232788085938e+01,1.614554786682128906e+01,1.348209285736083984e+01,1.076411437988281250e+01,8.078860282897949219e+00,5.509671688079833984e+00,3.133464336395263672e+00,1.018475770950317383e+00,-7.776318788528442383e-01,-2.209269523620605469e+00,-3.243973731994628906e+00,-3.862990856170654297e+00,-4.061382770538330078e+00,-3.847670793533325195e+00,-3.243036746978759766e+00,-2.280129671096801758e+00,-1.001530647277832031e+00,5.420573353767395020e-01,2.293820142745971680e+00,4.192964076995849609e+00,6.176886081695556641e+00,8.183300971984863281e+00,1.015225505828857422e+01,1.202794551849365234e+01,1.376030063629150391e+01,1.530625915527343750e+01,1.663072395324707031e+01,1.770716285705566406e+01,1.851785850524902344e+01,1.905380439758300781e+01,1.931427955627441406e+01,1.930613899230957031e+01,1.904285049438476562e+01,1.854335212707519531e+01,1.783077239990234375e+01,1.693108367919921875e+01,1.587175846099853516e+01,1.468048381805419922e+01,1.338398170471191406e+01,1.200700759887695312e+01,1.057153987884521484e+01,9.096210479736328125e+00,7.595985412597656250e+00,6.082097053527832031e+00,4.562221050262451172e+00,3.040888071060180664e+00,1.520081996917724609e+00,3.732717920970933176e-15
0.000000000000000000e+00,3.402372121810913086e+00,6.720491409301757812e+00,9.872697830200195312e+00,1.278242874145507812e+01,1.538055610656738281e+01,1.760747146606445312e+01,1.941485404968261719e+01,2.076705932617187500e+01,2.164209747314453125e+01,2.203215408325195312e+01,2.194364356994628906e+01,2.139682006835937500e+01,2.042491531372070312e+01,1.907290267944335938e+01,1.739586830139160156e+01,1.545710372924804688e+01,1.332594585418701172e+01,1.107547855377197266e+01,8.780147552490234375e+00,6.513384819030761719e+00,4.345323562622070312e+00,2.340671777725219727e+00,5.568239092826843262e-01,-9.577398300170898438e-01,-2.164710998535156250e+00,-3.036837816238403320e+00,-3.558413505554199219e+00,-3.725365400314331055e+00,-3.544949293136596680e+00,-3.035077333450317383e+00,-2.223308324813842773e+00,-1.145554780960083008e+00,1.554450690746307373e-01,1.631821513175964355e+00,3.232368946075439453e+00,4.904375076293945312e+00,6.595413208007812500e+00,8.255035400390625000e+00,9.836306571960449219e+00,1.129713153839111328e+01,1.260133457183837891e+01,1.371945381164550781e+01,1.462925148010253906e+01,1.531591510772705078e+01,1.577197170257568359e+01,1.599692535400390625e+01,1.599665069580078125e+01,1.578258895874023438e+01,1.537076950073242188e+01,1.478073692321777344e+01,1.403441619873046875e+01,1.315497303009033203e+01,1.216572856903076172e+01,1.108917331695556641e+01,9.946110725402832031e+00,8.754986763000488281e+00,7.531403541564941406e+00,6.287852764129638672e+00,5.033661365509033203e+00,3.775144577026367188e+00,2.515951633453369141e+00,1.257576346397399902e+00,3.088025051189687356e-15
0.000000000000000000e+00,2.445978164672851562e+00,4.831199645996093750e+00,7.096779346466064453e+00,9.187509536743164062e+00,1.105354785919189453e+01,1.265191936492919922e+01,1.394779205322265625e+01,1.491548442840576172e+01,1.553916263580322266e+01,1.581322193145751953e+01,1.574232292175292969e+01,1.534110546112060547e+01,1.463357925415039062e+01,1.365221595764160156e+01,1.243678188323974609e+01,1.103296089172363281e+01,9.490792274475097656e+00,7.863016128540039062e+00,6.203347206115722656e+00,4.564765453338623047e+00,2.997862339019775391e+00,1.549311637878417969e+00,2.605035603046417236e-01,-8.336077928543090820e-01,-1.705412149429321289e+00,-2.335279941558837891e+00,-2.711914777755737305e+00,-2.832414865493774414e+00,-2.702053308486938477e+00,-2.333790540695190430e+00,-1.747545361518859863e+00,-9.692600965499877930e-01,-2.979773096740245819e-02,1.036282062530517578e+00,2.192019462585449219e+00,3.399374246597290039e+00,4.620520591735839844e+00,5.819067478179931641e+00,6.961167335510253906e+00,8.016472816467285156e+00,8.958910942077636719e+00,9.767264366149902344e+00,1.042552947998046875e+01,1.092306423187255859e+01,1.125452518463134766e+01,1.141960430145263672e+01,1.142258739471435547e+01,1.127177333831787109e+01,1.097877025604248047e+01,1.055771255493164062e+01,1.002444553375244141e+01,9.395701408386230469e+00,8.688315391540527344e+00,7.918509960174560547e+00,7.101281642913818359e+00,6.249911785125732422e+00,5.375621318817138672e+00,4.487374305725097656e+00,3.591841936111450195e+00,2.693513631820678711e+00,1.794947862625122070e+00,8.971426486968994141e-01,2.202928137351673268e-15
0.000000000000000000e+00,1.278203845024108887e+00,2.524602413177490234e+00,3.708370447158813477e+00,4.800608634948730469e+00,5.775226116180419922e+00,6.609730243682861328e+00,7.285890579223632812e+00,7.790269374847412109e+00,8.114585876464843750e+00,8.255912780761718750e+00,8.216701507568359375e+00,8.004626274108886719e+00,7.632267951965332031e+00,7.116637229919433594e+00,6.478565216064453125e+00,5.741977214813232422e+00,4.933082103729248047e+00,4.079497814178466797e+00,3.209353208541870117e+00,2.350389957427978516e+00,1.529098153114318848e+00,7.699136137962341309e-01,9.450463205575942993e-02,-4.788325130939483643e-01,-9.356481432914733887e-01,-1.265673041343688965e+00,-1.463001728057861328e+00,-1.526125907897949219e+00,-1.457817316055297852e+00,-1.264873266220092773e+00,-9.577343463897705078e-01,-5.499939322471618652e-01,-5.782109498977661133e-02,5.006810426712036133e-01,1.106154322624206543e+00,1.738677144050598145e+00,2.378442049026489258e+00,3.006395339965820312e+00,3.604817867279052734e+00,4.157824516296386719e+00,4.651772022247314453e+00,5.075559616088867188e+00,5.420819759368896484e+00,5.681993007659912109e+00,5.856295585632324219e+00,5.943578243255615234e+00,5.946101188659667969e+00,5.868222236633300781e+00,5.716030597686767578e+00,5.496938228607177734e+00,5.219250202178955078e+00,4.891733169555664062e+00,4.523204326629638672e+00,4.122157573699951172e+00,3.696441411972045898e+00,3.253003597259521484e+00,2.797708034515380859e+00,2.335235118865966797e+00,1.869061350822448730e+00,1.401517868041992188e+00,9.339227676391601562e-01,4.667753875255584717e-01,1.146152679940026266e-15
0.000000000000000000e+00,3.185065169033639461e-15,6.290831960578278578e-15,9.240445898955982479e-15,1.196185518529974817e-14,1.439001065387576078e-14,1.646883448841104935e-14,1.815287828908773715e-14,1.940864190284191659e-14,2.021548483081489489e-14,2.056611750746260153e-14,2.046666059286189610e-14,1.993625533755483126e-14,1.900627753597360081e-14,1.771914998624848914e-14,1.612681952496870796e-14,1.428894776480706119e-14,1.227089007390779613e-14,1.014151192494858189e-14,7.970955269258599846e-15,5.828390087860057037e-15,3.779868433496317431e-15,1.886317386063382853e-15,2.017616201445288364e-16,-1.228182844563040135e-15,-2.367492874717790942e-15,-3.190569400883134718e-15,-3.682696390270830469e-15,-3.840120004616883950e-15,-3.669761350133310049e-15,-3.188577391149429417e-15,-2.422609520353865079e-15,-1.405759913823115183e-15,-1.783519323532453227e-16,1.214469592905229826e-15,2.724432135174279478e-15,4.301859263505358050e-15,5.897361863172606578e-15,7.463432609021609931e-15,8.955890262523583806e-15,1.033513349229554790e-14,1.156714884330755852e-14,1.262426544323871219e-14,1.348562849389466078e-14,1.413738561845600747e-14,1.457260554631537031e-14,1.479093167660195524e-14,1.479800609577742315e-14,1.460470640095041378e-14,1.422622497506288025e-14,1.368105254735338394e-14,1.298990246151408151e-14,1.217463748494655371e-14,1.125724659296152216e-14,1.025890730330623890e-14,9.199186077062278255e-15,8.095400502836254397e-15,6.962164863583619398e-15,5.811136873757434193e-15,4.650971516012743223e-15,3.487466519115265361e-15,2.323891218483165391e-15,1.161471906065830728e-15,2.851949599332249612e-30
