2.010526321828365326e-02,1.038512587547302246e-02,8.377843536436557770e-03,-1.000148430466651917e-02,-5.020364187657833099e-03,-2.432672539725899696e-03,1.242021215148270130e-03,2.924468601122498512e-03,3.734112950041890144e-03,2.239995403215289116e-03,3.085874486714601517e-03,4.077316727489233017e-03,2.504344563931226730e-03,1.938867266289889812e-03,4.118312208447605371e-04,1.084401505067944527e-03,-4.548147262539714575e-04,-6.936742574907839298e-04,-1.493195071816444397e-03,-4.316547885537147522e-03,-4.023944493383169174e-03,-3.695545718073844910e-03,-2.751506865024566650e-03,-4.653455689549446106e-03,-2.888286951929330826e-03,-2.253673505038022995e-03,-2.489359816536307335e-03,-3.276906674727797508e-03,-2.905748551711440086e-03,-2.062962856143712997e-03,-1.038879156112670898e-03,-1.414352678693830967e-03,9.642951044952496886e-05,-1.270617009140551090e-03,8.305636001750826836e-04,-1.727400667732581496e-04,2.300313441082835197e-03,-3.198604099452495575e-04,1.314930850639939308e-03,3.800118283834308386e-04,8.645287598483264446e-04,-5.424963310360908508e-04,-2.719434851314872503e-04,-5.604372126981616020e-04,-1.820326899178326130e-03,-1.549842883832752705e-03,-2.572915749624371529e-03,-1.842032652348279953e-03,-4.124779254198074341e-03,-2.754610730335116386e-03,-3.645507385954260826e-03,-1.970785204321146011e-03,-4.408558364957571030e-03,-3.562587313354015350e-03,-4.132121335715055466e-03,-3.026540391147136688e-03,-4.833976272493600845e-03,-4.195388872176408768e-03,-4.760454408824443817e-03,-3.387743607163429260e-03,-5.368739366531372070e-03,-1.356500783003866673e-03,-3.079287474974989891e-03,2.887474372982978821e-03
-4.250968806445598602e-03,4.953750874847173691e-03,1.009961031377315521e-02,2.201140159741044044e-03,5.077831447124481201e-03,5.119315814226865768e-03,9.052883833646774292e-03,8.803691715002059937e-03,1.096385437995195389e-02,9.272594004869461060e-03,8.285949937999248505e-03,7.285463623702526093e-03,5.330167245119810104e-03,-5.678417510353028774e-04,-2.676134230569005013e-03,-7.961941882967948914e-03,-8.966650813817977905e-03,-1.139031071215867996e-02,-1.225178595632314682e-02,-1.498735882341861725e-02,-1.627729274332523346e-02,-1.612366735935211182e-02,-1.694343239068984985e-02,-1.671896316111087799e-02,-1.780702732503414154e-02,-1.591495238244533539e-02,-1.670238189399242401e-02,-1.500536315143108368e-02,-1.322062127292156219e-02,-9.801943786442279816e-03,-6.734451279044151306e-03,-4.339870531111955643e-03,-1.344338641501963139e-03,1.402791705913841724e-03,3.294368041679263115e-03,5.306991282850503922e-03,7.167125586420297623e-03,9.311757981777191162e-03,1.043161097913980484e-02,1.066578738391399384e-02,1.201162114739418030e-02,1.156045496463775635e-02,1.163200568407773972e-02,1.103743351995944977e-02,1.090802904218435287e-02,1.072338502854108810e-02,1.046091597527265549e-02,9.413660503923892975e-03,8.874187245965003967e-03,8.743710815906524658e-03,8.550238795578479767e-03,7.853427901864051819e-03,7.731736171990633011e-03,7.392730098217725754e-03,6.934767123311758041e-03,5.842583719640970230e-03,5.810718983411788940e-03,5.092308856546878815e-03,4.606719594448804855e-03,3.078579204156994820e-03,3.326992271468043327e-03,1.252825022675096989e-03,-3.709164448082447052e-04,-1.293061184696853161e-03
-3.920272924005985260e-03,-1.184142165584489703e-04,1.624687202274799347e-02,1.969800330698490143e-02,2.225326001644134521e-02,2.536221407353878021e-02,2.603163756430149078e-02,3.002757579088211060e-02,2.684204839169979095e-02,2.451163530349731445e-02,2.111146226525306702e-02,1.578878425061702728e-02,9.752108715474605560e-03,-3.731184115167707205e-04,-6.316076498478651047e-03,-1.634776033461093903e-02,-2.296470850706100464e-02,-2.925435453653335571e-02,-3.270814195275306702e-02,-3.900511935353279114e-02,-4.131291806697845459e-02,-4.289311915636062622e-02,-4.286027699708938599e-02,-4.209451004862785339e-02,-3.898509964346885681e-02,-3.560449182987213135e-02,-3.176157921552658081e-02,-2.690376713871955872e-02,-2.214754745364189148e-02,-1.364087127149105072e-02,-9.355530142784118652e-03,-1.948509481735527515e-03,3.534972202032804489e-03,9.045601822435855865e-03,1.210399996489286423e-02,1.620773412287235260e-02,1.947860233485698700e-02,2.164828404784202576e-02,2.282591350376605988e-02,2.328657545149326324e-02,2.434417791664600372e-02,2.255173772573471069e-02,2.277748472988605499e-02,1.997964642941951752e-02,1.988034136593341827e-02,1.800127886235713959e-02,1.782899349927902222e-02,1.620114780962467194e-02,1.564103551208972931e-02,1.464341022074222565e-02,1.443127728998661041e-02,1.443881914019584656e-02,1.410931069403886795e-02,1.329109538346529007e-02,1.285243406891822815e-02,1.297899801284074783e-02,1.187164895236492157e-02,1.065790094435214996e-02,9.411560371518135071e-03,7.903051562607288361e-03,6.194629240781068802e-03,4.049814306199550629e-03,1.051613595336675644e-03,-3.064471762627363205e-03
-2.560400404036045074e-03,-9.451913065277040005e-04,1.424427703022956848e-02,1.981095038354396820e-02,2.501769736409187317e-02,2.967566996812820435e-02,3.502945601940155029e-02,3.685003519058227539e-02,3.674167767167091370e-02,3.211315721273422241e-02,2.662627026438713074e-02,1.656486652791500092e-02,1.081278827041387558e-02,2.971609355881810188e-04,-9.968562982976436615e-03,-1.923766359686851501e-02,-2.957504428923130035e-02,-3.732493892312049866e-02,-4.689991101622581482e-02,-5.126443877816200256e-02,-5.657186731696128845e-02,-5.983135476708412170e-02,-6.204429641366004944e-02,-6.052103638648986816e-02,-5.839812010526657104e-02,-5.376846343278884888e-02,-4.784088954329490662e-02,-3.992715850472450256e-02,-3.175316751003265381e-02,-2.117607742547988892e-02,-1.262219715863466263e-02,-5.359232891350984573e-03,2.749983454123139381e-03,9.376140311360359192e-03,1.651958189904689789e-02,2.043374441564083099e-02,2.564513310790061951e-02,2.815579995512962341e-02,3.091086260974407196e-02,3.158467635512351990e-02,3.336865082383155823e-02,3.224748373031616211e-02,3.170725703239440918e-02,3.057265467941761017e-02,2.956972084939479828e-02,2.788180299103260040e-02,2.606721036136150360e-02,2.577493526041507721e-02,2.441626600921154022e-02,2.352068014442920685e-02,2.214436233043670654e-02,2.270840480923652649e-02,2.161897718906402588e-02,2.066832967102527618e-02,1.952172629535198212e-02,1.882646791636943817e-02,1.774650253355503082e-02,1.597714237868785858e-02,1.370211131870746613e-02,1.141210831701755524e-02,8.898593485355377197e-03,5.369667429476976395e-03,1.970250625163316727e-03,-1.158479135483503342e-03
-1.419569947756826878e-03,4.460752010345458984e-03,2.012592554092407227e-02,2.922633104026317596e-02,3.428129851818084717e-02,3.979120776057243347e-02,4.130465164780616760e-02,4.513209313154220581e-02,4.126110672950744629e-02,4.006993398070335388e-02,3.157344833016395569e-02,2.309790253639221191e-02,1.097986195236444473e-02,1.971308120118919760e-05,-1.208315044641494751e-02,-2.457499317824840546e-02,-3.564802929759025574e-02,-4.832797870039939880e-02,-5.782866850495338440e-02,-6.596893817186355591e-02,-7.148730009794235229e-02,-7.359775155782699585e-02,-7.684528827667236328e-02,-7.315477728843688965e-02,-7.109860330820083618e-02,-6.353032588958740234e-02,-5.838885158300399780e-02,-4.933495074510574341e-02,-3.856898471713066101e-02,-2.607368677854537964e-02,-1.529888529330492020e-02,-5.403163842856884003e-03,3.761232364922761917e-03,1.244299020618200302e-02,1.947306841611862183e-02,2.445521019399166107e-02,2.947925217449665070e-02,3.432501852512359619e-02,3.811556473374366760e-02,3.950941935181617737e-02,4.083561152219772339e-02,4.030861333012580872e-02,4.069027304649353027e-02,3.822495043277740479e-02,3.707354143261909485e-02,3.486021980643272400e-02,3.389343619346618652e-02,3.256803750991821289e-02,3.130570054054260254e-02,3.026407398283481598e-02,2.911614440381526947e-02,2.878977172076702118e-02,2.785812132060527802e-02,2.680798806250095367e-02,2.561521157622337341e-02,2.421957999467849731e-02,2.238761447370052338e-02,2.023427747189998627e-02,1.749416813254356384e-02,1.392079517245292664e-02,1.018376927822828293e-02,7.025132421404123306e-03,1.717487117275595665e-03,-1.217621029354631901e-03
-6.568408571183681488e-03,1.456892583519220352e-03,1.752681285142898560e-02,2.718653529882431030e-02,3.408545255661010742e-02,3.669060766696929932e-02,4.290571436285972595e-02,4.534591734409332275e-02,4.329732432961463928e-02,3.819334134459495544e-02,3.142315521836280823e-02,2.012828178703784943e-02,1.094092056155204773e-02,-1.527134445495903492e-03,-1.437110360711812973e-02,-2.694952301681041718e-02,-4.079505056142807007e-02,-5.188143253326416016e-02,-6.355429440736770630e-02,-7.269632071256637573e-02,-7.928729057312011719e-02,-8.253687620162963867e-02,-8.407074958086013794e-02,-8.340197056531906128e-02,-7.949728518724441528e-02,-7.229250669479370117e-02,-6.451394408941268921e-02,-5.287184938788414001e-02,-4.483989998698234558e-02,-3.175453096628189087e-02,-2.079755067825317383e-02,-8.093926124274730682e-03,1.637580222450196743e-03,1.045942399650812149e-02,1.963101886212825775e-02,2.588269300758838654e-02,3.295417875051498413e-02,3.688085451722145081e-02,4.131175577640533447e-02,4.345649108290672302e-02,4.596765711903572083e-02,4.595818370580673218e-02,4.625647887587547302e-02,4.442146047949790955e-02,4.480273276567459106e-02,4.269060492515563965e-02,4.125146567821502686e-02,3.945681452751159668e-02,3.920637071132659912e-02,3.784970194101333618e-02,3.698780387639999390e-02,3.533522412180900574e-02,3.499045595526695251e-02,3.338340297341346741e-02,3.216706961393356323e-02,3.011360950767993927e-02,2.771775424480438232e-02,2.537008747458457947e-02,2.180953323841094971e-02,1.766753382980823517e-02,1.377901621162891388e-02,8.352213539183139801e-03,3.784789470955729485e-03,-7.589412271045148373e-04
-5.971604492515325546e-03,3.352336585521697998e-03,1.706905104219913483e-02,3.003389202058315277e-02,3.543009981513023376e-02,4.016491770744323730e-02,4.307197406888008118e-02,4.312984645366668701e-02,4.015976563096046448e-02,3.593464940786361694e-02,2.581190876662731171e-02,1.724872179329395294e-02,4.062842577695846558e-03,-6.350191775709390640e-03,-1.900623738765716553e-02,-3.234079107642173767e-02,-4.660662636160850525e-02,-5.751694366335868835e-02,-6.820547580718994141e-02,-7.650607824325561523e-02,-8.331136405467987061e-02,-8.554790169000625610e-02,-8.716866374015808105e-02,-8.542917668819427490e-02,-8.143856376409530640e-02,-7.371772825717926025e-02,-6.643201410770416260e-02,-5.630612745881080627e-02,-4.421579092741012573e-02,-3.291067853569984436e-02,-2.024183608591556549e-02,-7.995453663170337677e-03,1.658764202147722244e-03,1.238955184817314148e-02,2.080848999321460724e-02,2.772220596671104431e-02,3.410914912819862366e-02,3.885561227798461914e-02,4.336539283394813538e-02,4.583820328116416931e-02,4.818925261497497559e-02,4.927576333284378052e-02,4.976370558142662048e-02,4.856524616479873657e-02,4.852622374892234802e-02,4.708873853087425232e-02,4.717087000608444214e-02,4.431308060884475708e-02,4.469402879476547241e-02,4.315323755145072937e-02,4.346065595746040344e-02,4.048449173569679260e-02,4.045896232128143311e-02,3.831715136766433716e-02,3.766950964927673340e-02,3.417703136801719666e-02,3.269914165139198303e-02,2.839342504739761353e-02,2.579675242304801941e-02,1.979422941803932190e-02,1.532632764428853989e-02,1.031651627272367477e-02,4.448505584150552750e-03,-1.101082190871238708e-03
-3.044645301997661591e-03,4.584050038829445839e-04,1.371878292411565781e-02,2.416811883449554443e-02,3.095959685742855072e-02,3.204221278429031372e-02,3.449633345007896423e-02,3.502219170331954956e-02,3.323799371719360352e-02,2.757970988750457764e-02,2.106167189776897430e-02,1.224044058471918106e-02,1.569843268953263760e-03,-9.084970690310001373e-03,-2.264366112649440765e-02,-3.433942049741744995e-02,-4.832343012094497681e-02,-5.858187377452850342e-02,-6.613240391016006470e-02,-7.433172315359115601e-02,-8.020991832017898560e-02,-8.375258743762969971e-02,-8.529860526323318481e-02,-8.191145956516265869e-02,-8.015197515487670898e-02,-7.218394428491592407e-02,-6.591935455799102783e-02,-5.506828799843788147e-02,-4.576870054006576538e-02,-3.181570395827293396e-02,-2.268499881029129028e-02,-9.419406764209270477e-03,-9.408132173120975494e-04,9.554864838719367981e-03,1.796645671129226685e-02,2.483867481350898743e-02,3.205688297748565674e-02,3.698845207691192627e-02,4.182900488376617432e-02,4.519113153219223022e-02,4.769605770707130432e-02,4.917852580547332764e-02,4.999581724405288696e-02,5.040965974330902100e-02,5.028520151972770691e-02,4.969316348433494568e-02,4.958338290452957153e-02,4.798086732625961304e-02,4.816665500402450562e-02,4.711800813674926758e-02,4.679082706570625305e-02,4.542693495750427246e-02,4.498930275440216064e-02,4.276750236749649048e-02,4.158831015229225159e-02,3.861305862665176392e-02,3.599984198808670044e-02,3.242845088243484497e-02,2.811048552393913269e-02,2.274519391357898712e-02,1.723186485469341278e-02,1.074914820492267609e-02,5.111893173307180405e-03,-3.078744630329310894e-04
-1.360760536044836044e-03,2.369900234043598175e-03,7.978951558470726013e-03,1.876352354884147644e-02,2.070230618119239807e-02,2.296995930373668671e-02,2.495534345507621765e-02,2.416705712676048279e-02,2.093948982656002045e-02,1.657244563102722168e-02,9.662715718150138855e-03,2.751645864918828011e-03,-6.927815731614828110e-03,-1.510606240481138229e-02,-2.685339376330375671e-02,-3.714913502335548401e-02,-4.821995645761489868e-02,-5.613994225859642029e-02,-6.246685609221458435e-02,-6.790471076965332031e-02,-7.136987894773483276e-02,-7.490350306034088135e-02,-7.420141249895095825e-02,-7.441744953393936157e-02,-6.960774213075637817e-02,-6.418345123529434204e-02,-5.864273011684417725e-02,-5.213169008493423462e-02,-4.142186418175697327e-02,-3.161429986357688904e-02,-2.075355127453804016e-02,-1.213237456977367401e-02,-3.125816583633422852e-03,6.180243100970983505e-03,1.357737369835376740e-02,2.048367820680141449e-02,2.633823081851005554e-02,3.174990415573120117e-02,3.645794838666915894e-02,4.014252871274948120e-02,4.307227209210395813e-02,4.551514238119125366e-02,4.731786996126174927e-02,4.860553517937660217e-02,4.948549717664718628e-02,4.926017299294471741e-02,4.961747676134109497e-02,4.918415471911430359e-02,4.969981685280799866e-02,4.879593476653099060e-02,4.880965501070022583e-02,4.760298505425453186e-02,4.704842343926429749e-02,4.408227652311325073e-02,4.294394701719284058e-02,3.950737416744232178e-02,3.685048595070838928e-02,3.228408098220825195e-02,2.862706035375595093e-02,2.217150107026100159e-02,1.614809781312942505e-02,1.078594755381345749e-02,4.591951146721839905e-03,-7.032510475255548954e-04
-3.221062477678060532e-03,-2.846532734110951424e-03,3.830664092674851418e-03,7.959751412272453308e-03,5.255130585283041000e-03,6.714890711009502411e-03,5.571262445300817490e-03,6.168489810079336166e-03,3.662990173324942589e-03,9.352436754852533340e-04,-2.453277818858623505e-03,-7.224158849567174911e-03,-1.382265705615282059e-02,-2.173144184052944183e-02,-2.763769961893558502e-02,-3.636962547898292542e-02,-4.262156784534454346e-02,-4.917250946164131165e-02,-5.395919084548950195e-02,-5.841146409511566162e-02,-6.078903004527091980e-02,-6.096148490905761719e-02,-6.108731776475906372e-02,-5.913847684860229492e-02,-5.787296965718269348e-02,-5.312160030007362366e-02,-5.018821731209754944e-02,-4.386635124683380127e-02,-3.784065321087837219e-02,-2.893945574760437012e-02,-2.098682709038257599e-02,-1.320239435881376266e-02,-6.735437549650669098e-03,2.350702416151762009e-03,8.330877870321273804e-03,1.448183599859476089e-02,2.002485841512680054e-02,2.511081844568252563e-02,2.952643856406211853e-02,3.383661434054374695e-02,3.676653653383255005e-02,3.998937085270881653e-02,4.173767566680908203e-02,4.507971182465553284e-02,4.639505967497825623e-02,4.722820967435836792e-02,4.820575937628746033e-02,4.885790497064590454e-02,4.919943585991859436e-02,4.933970421552658081e-02,4.941268637776374817e-02,4.847661033272743225e-02,4.777228087186813354e-02,4.558398574590682983e-02,4.358546808362007141e-02,4.057306423783302307e-02,3.675568476319313049e-02,3.341885656118392944e-02,2.803147025406360626e-02,2.292701229453086853e-02,1.669507101178169250e-02,1.040683593600988388e-02,4.795006476342678070e-03,-4.335207922849804163e-04
-2.454032073728740215e-04,-4.195305053144693375e-03,-3.255121177062392235e-03,-2.327562076970934868e-03,-7.040304131805896759e-03,-7.262697909027338028e-03,-9.088021703064441681e-03,-1.019768696278333664e-02,-1.246661040931940079e-02,-1.506243646144866943e-02,-1.883671432733535767e-02,-2.282024547457695007e-02,-2.618514187633991241e-02,-2.925627864897251129e-02,-3.324091807007789612e-02,-3.647801280021667480e-02,-3.713632002472877502e-02,-3.942167013883590698e-02,-4.029741883277893066e-02,-4.415298625826835632e-02,-4.349030926823616028e-02,-4.507302492856979370e-02,-4.275651648640632629e-02,-4.397062584757804871e-02,-4.040799289941787720e-02,-3.967330604791641235e-02,-3.677036240696907043e-02,-3.216437622904777527e-02,-2.967604622244834900e-02,-2.289586141705513000e-02,-1.783626154065132141e-02,-1.251412369310855865e-02,-7.516128942370414734e-03,-1.956471940502524376e-03,4.357203841209411621e-03,9.087956510484218597e-03,1.280041225254535675e-02,1.773953065276145935e-02,2.247704379260540009e-02,2.631348744034767151e-02,2.985095232725143433e-02,3.329773247241973877e-02,3.717704862356185913e-02,3.904298692941665649e-02,4.224066063761711121e-02,4.309695214033126831e-02,4.564604535698890686e-02,4.602243378758430481e-02,4.708137735724449158e-02,4.729407653212547302e-02,4.769834131002426147e-02,4.650945961475372314e-02,4.594821482896804810e-02,4.361183568835258484e-02,4.172229766845703125e-02,3.810575976967811584e-02,3.471652790904045105e-02,3.094413876533508301e-02,2.667512185871601105e-02,2.114398963749408722e-02,1.517621800303459167e-02,1.038171257823705673e-02,4.012034274637699127e-03,-8.343558874912559986e-04
-2.634201198816299438e-03,-7.480883970856666565e-03,-1.169452164322137833e-02,-1.696247607469558716e-02,-2.101634070277214050e-02,-2.098414115607738495e-02,-2.474202029407024384e-02,-2.650146558880805969e-02,-2.821218408644199371e-02,-3.032400086522102356e-02,-3.142471611499786377e-02,-3.522142395377159119e-02,-3.446178883314132690e-02,-3.442875668406486511e-02,-3.550023213028907776e-02,-3.325742483139038086e-02,-3.230110555887222290e-02,-3.062936104834079742e-02,-3.136726096272468567e-02,-3.144359216094017029e-02,-2.977163344621658325e-02,-2.839930169284343719e-02,-2.802907861769199371e-02,-2.638825960457324982e-02,-2.557097189128398895e-02,-2.440922334790229797e-02,-2.264972962439060211e-02,-2.089530043303966522e-02,-2.051442861557006836e-02,-1.780005544424057007e-02,-1.538109127432107925e-02,-1.195325143635272980e-02,-8.967499248683452606e-03,-5.576432216912508011e-03,-9.910793742164969444e-04,2.702095312997698784e-03,7.151357829570770264e-03,1.041798572987318039e-02,1.489645335823297501e-02,1.833865605294704437e-02,2.280271053314208984e-02,2.691542170941829681e-02,2.953240089118480682e-02,3.346620127558708191e-02,3.630353882908821106e-02,3.826126828789710999e-02,3.932793438434600830e-02,4.190925881266593933e-02,4.278751090168952942e-02,4.388978332281112671e-02,4.274569824337959290e-02,4.318456351757049561e-02,4.168550670146942139e-02,3.984980285167694092e-02,3.651316836476325989e-02,3.457611426711082458e-02,3.114053793251514435e-02,2.829708158969879150e-02,2.286785654723644257e-02,1.853514835238456726e-02,1.370047591626644135e-02,8.107720874249935150e-03,3.554240334779024124e-03,-2.910544862970709801e-04
-9.384389850310981274e-04,-9.381631389260292053e-03,-1.772114261984825134e-02,-2.671483531594276428e-02,-3.310200572013854980e-02,-3.632564842700958252e-02,-4.187433049082756042e-02,-4.572080075740814209e-02,-4.726658761501312256e-02,-4.766679555177688599e-02,-4.646943509578704834e-02,-4.574962332844734192e-02,-4.470779374241828918e-02,-3.993281349539756775e-02,-3.599148988723754883e-02,-3.103757277131080627e-02,-2.695637010037899017e-02,-2.381493896245956421e-02,-2.028790488839149475e-02,-1.640687137842178345e-02,-1.260297745466232300e-02,-1.013395749032497406e-02,-9.591562673449516296e-03,-6.665490567684173584e-03,-7.216006517410278320e-03,-7.064727135002613068e-03,-7.670989260077476501e-03,-8.296070620417594910e-03,-9.214391000568866730e-03,-9.122689254581928253e-03,-1.052740588784217834e-02,-1.075061131268739700e-02,-1.015834324061870575e-02,-9.286178275942802429e-03,-7.010794244706630707e-03,-5.611723754554986954e-03,-1.599234994500875473e-03,1.416995422914624214e-03,5.437128711491823196e-03,8.365626446902751923e-03,1.380595564842224121e-02,1.812267489731311798e-02,2.181436307728290558e-02,2.430270612239837646e-02,2.794124931097030640e-02,2.979184500873088837e-02,3.200589120388031006e-02,3.344299271702766418e-02,3.517792746424674988e-02,3.620858490467071533e-02,3.606180101633071899e-02,3.548595309257507324e-02,3.451498597860336304e-02,3.243726491928100586e-02,3.057451918721199036e-02,2.764195017516613007e-02,2.493937499821186066e-02,2.137478999793529510e-02,1.873885653913021088e-02,1.405685208737850189e-02,9.751271456480026245e-03,6.269069388508796692e-03,3.143779700621962547e-03,-1.402043737471103668e-03
-3.322368953377008438e-03,-1.236152742058038712e-02,-2.599669620394706726e-02,-3.460617363452911377e-02,-4.446029663085937500e-02,-4.841409623622894287e-02,-5.515587702393531799e-02,-5.955845862627029419e-02,-6.149654835462570190e-02,-6.176817789673805237e-02,-5.910192430019378662e-02,-5.703798681497573853e-02,-5.151177570223808289e-02,-4.553817957639694214e-02,-3.694825619459152222e-02,-2.979777939617633820e-02,-2.035290934145450592e-02,-1.459286827594041824e-02,-5.601176060736179352e-03,-6.293343030847609043e-04,6.315747741609811783e-03,9.353489615023136139e-03,1.403660140931606293e-02,1.159749459475278854e-02,1.321564242243766785e-02,1.108807232230901718e-02,1.053473632782697678e-02,6.280781701207160950e-03,3.351396182551980019e-03,3.819917910732328892e-04,-2.304251305758953094e-03,-6.180891767144203186e-03,-8.145308122038841248e-03,-1.005622930824756622e-02,-8.881336078047752380e-03,-1.016694679856300354e-02,-7.719900459051132202e-03,-6.171426735818386078e-03,-1.772488933056592941e-03,2.821497619152069092e-04,5.013579037040472031e-03,9.599787183105945587e-03,1.357652060687541962e-02,1.673300750553607941e-02,1.949155144393444061e-02,2.203911356627941132e-02,2.302901819348335266e-02,2.492649294435977936e-02,2.539552934467792511e-02,2.720269560813903809e-02,2.668542042374610901e-02,2.650715783238410950e-02,2.469401434063911438e-02,2.366019412875175476e-02,2.093647606670856476e-02,1.909254305064678192e-02,1.603452116250991821e-02,1.463268883526325226e-02,1.149054057896137238e-02,8.252697065472602844e-03,5.307743791490793228e-03,2.537537598982453346e-03,8.024639682844281197e-04,-1.352020655758678913e-03
-3.356064902618527412e-03,-1.321183796972036362e-02,-3.062444739043712616e-02,-4.111671447753906250e-02,-5.440121144056320190e-02,-6.143154948949813843e-02,-7.118897885084152222e-02,-7.317213714122772217e-02,-7.482971251010894775e-02,-7.421523332595825195e-02,-7.008637487888336182e-02,-6.443788111209869385e-02,-5.750657618045806885e-02,-4.803099110722541809e-02,-3.657104074954986572e-02,-2.511743083596229553e-02,-1.474678050726652145e-02,-3.057857975363731384e-03,5.996400956064462662e-03,1.390226278454065323e-02,2.204511873424053192e-02,2.663509361445903778e-02,2.966558560729026794e-02,2.974467724561691284e-02,2.999715320765972137e-02,2.728042751550674438e-02,2.518799528479576111e-02,2.090825885534286499e-02,1.635626889765262604e-02,1.083590183407068253e-02,5.445107351988554001e-03,1.497276534792035818e-04,-5.497024394571781158e-03,-8.689776994287967682e-03,-1.206138450652360916e-02,-1.356229558587074280e-02,-1.332340575754642487e-02,-1.269488688558340073e-02,-1.060497201979160309e-02,-8.508872240781784058e-03,-4.719857592135667801e-03,-5.225555505603551865e-04,3.333086380735039711e-03,5.890566390007734299e-03,8.389486931264400482e-03,1.052002329379320145e-02,1.233330648392438889e-02,1.275695860385894775e-02,1.428470853716135025e-02,1.419775653630495071e-02,1.523964200168848038e-02,1.363635621964931488e-02,1.323930826038122177e-02,1.123164035379886627e-02,1.005763188004493713e-02,7.720822934061288834e-03,6.337650585919618607e-03,5.190200172364711761e-03,3.429885953664779663e-03,1.869694213382899761e-03,7.037487812340259552e-04,1.686251926003023982e-04,-7.917437469586730003e-04,-2.357054967433214188e-03
-3.698569722473621368e-03,-1.443581562489271164e-02,-3.234032168984413147e-02,-4.511034861207008362e-02,-5.982591584324836731e-02,-6.730201095342636108e-02,-7.698042690753936768e-02,-8.103372901678085327e-02,-8.396216481924057007e-02,-8.119274675846099854e-02,-7.653276622295379639e-02,-6.839808821678161621e-02,-6.003857403993606567e-02,-4.699331521987915039e-02,-3.577462211251258850e-02,-2.323489077389240265e-02,-9.853347204625606537e-03,3.141969908028841019e-03,1.438141986727714539e-02,2.108097262680530548e-02,3.099753335118293762e-02,3.651345893740653992e-02,4.153333976864814758e-02,4.308169335126876831e-02,4.380130395293235779e-02,4.007793217897415161e-02,3.744287416338920593e-02,3.233529627323150635e-02,2.712072245776653290e-02,2.154177986085414886e-02,1.507738977670669556e-02,8.945996873080730438e-03,1.541798585094511509e-03,-3.410517005249857903e-03,-8.110793307423591614e-03,-1.199939381331205368e-02,-1.304298080503940582e-02,-1.490409672260284424e-02,-1.386012602597475052e-02,-1.391128543764352798e-02,-1.205336023122072220e-02,-9.063065052032470703e-03,-7.093704771250486374e-03,-3.951340913772583008e-03,-3.204175736755132675e-03,-1.422280678525567055e-03,-8.745471714064478874e-04,1.006141887046396732e-03,5.190729862079024315e-04,1.081746537238359451e-03,3.926487115677446127e-04,3.838215488940477371e-04,-9.998277528211474419e-04,-1.206147950142621994e-03,-3.346911165863275528e-03,-3.440838074311614037e-03,-4.876269493252038956e-03,-4.398892167955636978e-03,-5.905828438699245453e-03,-5.143443588167428970e-03,-5.190044641494750977e-03,-4.176876973360776901e-03,-2.746612764894962311e-03,-1.310514402575790882e-03
-8.327165269292891026e-04,-1.448203995823860168e-02,-3.418550267815589905e-02,-4.953050240874290466e-02,-6.204298511147499084e-02,-6.857457756996154785e-02,-7.964795827865600586e-02,-8.317011594772338867e-02,-8.517417311668395996e-02,-8.270496129989624023e-02,-7.782160490751266479e-02,-7.035976648330688477e-02,-5.913271382451057434e-02,-4.674649611115455627e-02,-3.470636531710624695e-02,-2.018919587135314941e-02,-6.740211974829435349e-03,1.042435038834810257e-02,2.056220732629299164e-02,3.002828545868396759e-02,3.897270932793617249e-02,4.637600854039192200e-02,5.174515768885612488e-02,5.310780555009841919e-02,5.282378941774368286e-02,5.163937434554100037e-02,4.916646704077720642e-02,4.341182485222816467e-02,3.798702359199523926e-02,3.118854388594627380e-02,2.526477910578250885e-02,1.615441590547561646e-02,9.217504411935806274e-03,2.134134992957115173e-03,-4.396301694214344025e-03,-9.328053332865238190e-03,-1.290213130414485931e-02,-1.555574592202901840e-02,-1.664921827614307404e-02,-1.874422654509544373e-02,-1.781739667057991028e-02,-1.752983406186103821e-02,-1.539841759949922562e-02,-1.558458153158426285e-02,-1.439199689775705338e-02,-1.494131516665220261e-02,-1.347411423921585083e-02,-1.365065667778253555e-02,-1.345833111554384232e-02,-1.386265270411968231e-02,-1.399956550449132919e-02,-1.502486877143383026e-02,-1.602538116276264191e-02,-1.669491082429885864e-02,-1.685168035328388214e-02,-1.742653921246528625e-02,-1.735646091401576996e-02,-1.644583605229854584e-02,-1.390975713729858398e-02,-1.302139367908239365e-02,-1.010268647223711014e-02,-7.156666368246078491e-03,-3.221684368327260017e-03,-2.286368748173117638e-03
-8.780184434726834297e-04,-1.585505343973636627e-02,-3.298696875572204590e-02,-4.773433879017829895e-02,-5.816925689578056335e-02,-6.565839052200317383e-02,-7.566214352846145630e-02,-7.903555035591125488e-02,-8.253698796033859253e-02,-7.834516465663909912e-02,-7.406866550445556641e-02,-6.534113734960556030e-02,-5.704607069492340088e-02,-4.229319840669631958e-02,-3.174412623047828674e-02,-1.637056656181812286e-02,-1.671262085437774658e-03,1.370295602828264236e-02,2.473677322268486023e-02,3.381057083606719971e-02,4.545342177152633667e-02,5.074671283364295959e-02,5.685205757617950439e-02,5.926150828599929810e-02,6.133017316460609436e-02,5.947346240282058716e-02,5.621775612235069275e-02,5.193600431084632874e-02,4.654899612069129944e-02,3.855999559164047241e-02,3.237518668174743652e-02,2.472284249961376190e-02,1.744254678487777710e-02,1.058399863541126251e-02,3.153155557811260223e-03,-3.835784969851374626e-03,-8.275345899164676666e-03,-1.336920168250799179e-02,-1.567703858017921448e-02,-1.935052499175071716e-02,-2.137574926018714905e-02,-2.243046835064888000e-02,-2.292217314243316650e-02,-2.405277639627456665e-02,-2.603628300130367279e-02,-2.620109915733337402e-02,-2.842637524008750916e-02,-2.869848348200321198e-02,-3.014241904020309448e-02,-3.032044135034084320e-02,-3.134968504309654236e-02,-3.193474188446998596e-02,-3.282147273421287537e-02,-3.270492702722549438e-02,-3.282756730914115906e-02,-3.185253590345382690e-02,-3.090979531407356262e-02,-2.811631374061107635e-02,-2.565328404307365417e-02,-2.064169384539127350e-02,-1.758333481848239899e-02,-1.128928270190954208e-02,-6.547085940837860107e-03,-2.125489059835672379e-03
9.128603269346058369e-04,-1.403958909213542938e-02,-3.130201622843742371e-02,-4.568230360746383667e-02,-5.416735261678695679e-02,-5.904750525951385498e-02,-6.663041561841964722e-02,-7.079964876174926758e-02,-7.184323668479919434e-02,-6.931883096694946289e-02,-6.460522115230560303e-02,-5.826584622263908386e-02,-4.932275786995887756e-02,-3.621545806527137756e-02,-2.449890598654747009e-02,-1.129506342113018036e-02,4.437162424437701702e-04,1.624003797769546509e-02,2.733560465276241302e-02,3.751530498266220093e-02,4.639986902475357056e-02,5.410095304250717163e-02,5.968734622001647949e-02,6.233790516853332520e-02,6.399464607238769531e-02,6.336627155542373657e-02,6.231902167201042175e-02,5.766675248742103577e-02,5.333711951971054077e-02,4.606300964951515198e-02,4.015084728598594666e-02,3.260448947548866272e-02,2.707049623131752014e-02,1.952413469552993774e-02,1.202812511473894119e-02,5.113769788295030594e-03,-2.005268121138215065e-03,-6.745349615812301636e-03,-1.361384894698858261e-02,-1.775121688842773438e-02,-2.327280305325984955e-02,-2.532191015779972076e-02,-2.971817553043365479e-02,-3.237620368599891663e-02,-3.533432260155677795e-02,-3.732873499393463135e-02,-4.020772874355316162e-02,-4.275248944759368896e-02,-4.400591552257537842e-02,-4.568471014499664307e-02,-4.656450077891349792e-02,-4.799831658601760864e-02,-4.844704270362854004e-02,-4.809560999274253845e-02,-4.763247817754745483e-02,-4.663233831524848938e-02,-4.379899054765701294e-02,-4.016418009996414185e-02,-3.482021391391754150e-02,-2.954832278192043304e-02,-2.243197523057460785e-02,-1.529377512633800507e-02,-7.737215608358383179e-03,-3.043423406779766083e-03
-2.522172173485159874e-03,-1.327500957995653152e-02,-2.417932450771331787e-02,-3.992339223623275757e-02,-4.496631398797035217e-02,-4.892255365848541260e-02,-5.464470386505126953e-02,-5.577947571873664856e-02,-5.758345127105712891e-02,-5.545521527528762817e-02,-5.308267846703529358e-02,-4.685638099908828735e-02,-4.071801528334617615e-02,-2.908566035330295563e-02,-1.938933320343494415e-02,-7.727355230599641800e-03,2.269948134198784828e-03,1.471569389104843140e-02,2.515841834247112274e-02,3.437079116702079773e-02,4.413802549242973328e-02,5.030965805053710938e-02,5.729249864816665649e-02,6.012559682130813599e-02,6.394536793231964111e-02,6.501744687557220459e-02,6.422802060842514038e-02,6.143613159656524658e-02,5.894909799098968506e-02,5.302530899643898010e-02,4.807335138320922852e-02,4.041105136275291443e-02,3.604022786021232605e-02,2.926068566739559174e-02,2.284483611583709717e-02,1.432814262807369232e-02,7.056520786136388779e-03,-1.282855519093573093e-03,-7.697997149080038071e-03,-1.583644747734069824e-02,-2.255347743630409241e-02,-2.939036488533020020e-02,-3.396023809909820557e-02,-3.917210176587104797e-02,-4.429827630519866943e-02,-4.772341623902320862e-02,-5.215285718441009521e-02,-5.461546033620834351e-02,-5.832839757204055786e-02,-5.958888679742813110e-02,-6.160990521311759949e-02,-6.282469630241394043e-02,-6.279321759939193726e-02,-6.206086277961730957e-02,-6.087681278586387634e-02,-5.826200544834136963e-02,-5.490423366427421570e-02,-5.021835118532180786e-02,-4.557166248559951782e-02,-3.719888255000114441e-02,-3.002670779824256897e-02,-1.981456018984317780e-02,-1.101628039032220840e-02,-2.502179471775889397e-03
-2.354962984099984169e-03,-1.008642278611660004e-02,-1.809369586408138275e-02,-2.584245242178440094e-02,-3.148256242275238037e-02,-3.556221723556518555e-02,-3.796014189720153809e-02,-3.984385728836059570e-02,-3.840197250247001648e-02,-3.818709403276443481e-02,-3.519685566425323486e-02,-3.292757645249366760e-02,-2.832235768437385559e-02,-1.988544687628746033e-02,-1.300057210028171539e-02,-5.420663394033908844e-03,2.379384357482194901e-03,1.176720950752496719e-02,2.046644501388072968e-02,2.830934897065162659e-02,3.646998852491378784e-02,4.300567507743835449e-02,5.010909959673881531e-02,5.363077670335769653e-02,5.839636921882629395e-02,5.994256585836410522e-02,6.248010694980621338e-02,6.049573048949241638e-02,6.120441854000091553e-02,5.732594430446624756e-02,5.320682376623153687e-02,4.693534597754478455e-02,4.263711720705032349e-02,3.708324953913688660e-02,3.022610396146774292e-02,2.312659285962581635e-02,1.526733953505754471e-02,7.259911857545375824e-03,-2.599757397547364235e-03,-1.109251938760280609e-02,-2.141183055937290192e-02,-2.860597893595695496e-02,-3.786240890622138977e-02,-4.424330964684486389e-02,-5.112265795469284058e-02,-5.646330863237380981e-02,-6.133502721786499023e-02,-6.661687791347503662e-02,-7.018087059259414673e-02,-7.397662848234176636e-02,-7.514490932226181030e-02,-7.690045982599258423e-02,-7.760994136333465576e-02,-7.597949355840682983e-02,-7.242364436388015747e-02,-6.999924778938293457e-02,-6.471224874258041382e-02,-6.040288135409355164e-02,-5.136227607727050781e-02,-4.379959404468536377e-02,-3.301982954144477844e-02,-2.223605103790760040e-02,-1.129794493317604065e-02,-2.846105722710490227e-03
-2.291810931637883186e-03,-7.605713792145252228e-03,-7.402347866445779800e-03,-1.478267647325992584e-02,-1.587448641657829285e-02,-1.904130913317203522e-02,-2.128674276173114777e-02,-2.203012444078922272e-02,-2.297987230122089386e-02,-2.085372619330883026e-02,-2.001778222620487213e-02,-1.765895634889602661e-02,-1.539868395775556564e-02,-1.205405499786138535e-02,-7.681297138333320618e-03,-3.166006179526448250e-03,2.934213727712631226e-03,8.799482136964797974e-03,1.590110920369625092e-02,2.186542004346847534e-02,2.842916548252105713e-02,3.367686271667480469e-02,3.956948220729827881e-02,4.388476908206939697e-02,4.954870790243148804e-02,5.118291079998016357e-02,5.428324639797210693e-02,5.637199431657791138e-02,5.894538015127182007e-02,5.792737379670143127e-02,5.670518055558204651e-02,5.265149474143981934e-02,5.062756687402725220e-02,4.426280036568641663e-02,3.912573680281639099e-02,2.985597960650920868e-02,2.336250245571136475e-02,1.362863741815090179e-02,4.786340054124593735e-03,-6.516292691230773926e-03,-1.751435734331607819e-02,-2.833028323948383331e-02,-3.796188160777091980e-02,-4.674263671040534973e-02,-5.547830089926719666e-02,-6.310101598501205444e-02,-7.080805301666259766e-02,-7.538044452667236328e-02,-8.095041662454605103e-02,-8.519829064607620239e-02,-8.774090558290481567e-02,-8.951448649168014526e-02,-8.810736984014511108e-02,-8.736336231231689453e-02,-8.350001275539398193e-02,-8.052715659141540527e-02,-7.290679216384887695e-02,-6.709813326597213745e-02,-5.927176028490066528e-02,-4.842564091086387634e-02,-3.811615705490112305e-02,-2.527528069913387299e-02,-1.333605498075485229e-02,-2.894319593906402588e-03
-1.350768259726464748e-03,-4.965016152709722519e-03,-1.303112949244678020e-03,-4.760719370096921921e-03,-4.462496377527713776e-03,-3.876818576827645302e-03,-2.682937076315283775e-03,-2.345365704968571663e-03,-4.065710585564374924e-03,-1.943483366630971432e-03,-3.089264733716845512e-03,-1.758965896442532539e-03,-3.524550702422857285e-03,-1.828745473176240921e-03,-8.649732917547225952e-04,3.955061547458171844e-04,1.766416360624134541e-03,4.488874692469835281e-03,9.543010033667087555e-03,1.355192344635725021e-02,1.845472678542137146e-02,2.218489162623882294e-02,2.847720868885517120e-02,3.264361992478370667e-02,3.899986296892166138e-02,4.204383864998817444e-02,4.899074882268905640e-02,5.029052495956420898e-02,5.543173477053642273e-02,5.677577853202819824e-02,5.760708078742027283e-02,5.648477375507354736e-02,5.460887029767036438e-02,5.119234323501586914e-02,4.541440308094024658e-02,3.875291347503662109e-02,2.962663769721984863e-02,2.100580558180809021e-02,9.989168494939804077e-03,-9.985417127609252930e-04,-1.365230325609445572e-02,-2.450714632868766785e-02,-3.803618624806404114e-02,-4.695615544915199280e-02,-5.974825471639633179e-02,-6.741049885749816895e-02,-7.667425274848937988e-02,-8.345256000757217407e-02,-8.952542394399642944e-02,-9.388735145330429077e-02,-9.789903461933135986e-02,-9.845289587974548340e-02,-9.813198447227478027e-02,-9.569183737039566040e-02,-9.167346358299255371e-02,-8.644547313451766968e-02,-7.884431630373001099e-02,-7.165726274251937866e-02,-6.029812991619110107e-02,-5.106407403945922852e-02,-3.858760744333267212e-02,-2.631464414298534393e-02,-1.352063287049531937e-02,-2.689367625862360001e-03
-8.651110692881047726e-04,1.806296873837709427e-03,1.131166517734527588e-02,9.502154774963855743e-03,1.353980787098407745e-02,1.369808707386255264e-02,1.695069670677185059e-02,1.716297306120395660e-02,1.822537183761596680e-02,1.629703119397163391e-02,1.563526317477226257e-02,1.253967359662055969e-02,9.916095063090324402e-03,7.639895658940076828e-03,5.238302983343601227e-03,2.406512619927525520e-03,1.743537257425487041e-03,1.462733256630599499e-03,5.031078588217496872e-03,6.107347551733255386e-03,1.134385354816913605e-02,1.365504134446382523e-02,1.910692825913429260e-02,2.279605343937873840e-02,2.996210381388664246e-02,3.483469784259796143e-02,4.078376293182373047e-02,4.381414130330085754e-02,4.908885061740875244e-02,5.132488161325454712e-02,5.510981753468513489e-02,5.574195459485054016e-02,5.672039464116096497e-02,5.369708687067031860e-02,5.038999021053314209e-02,4.267276823520660400e-02,3.562661632895469666e-02,2.480718120932579041e-02,1.540808938443660736e-02,2.985996194183826447e-03,-9.015392512083053589e-03,-2.251352369785308838e-02,-3.504735603928565979e-02,-4.637119919061660767e-02,-5.951224267482757568e-02,-6.968953460454940796e-02,-7.945816218852996826e-02,-8.579264581203460693e-02,-9.378810971975326538e-02,-9.788559377193450928e-02,-1.020420268177986145e-01,-1.023453474044799805e-01,-1.021995618939399719e-01,-9.883008897304534912e-02,-9.441307187080383301e-02,-8.978874236345291138e-02,-8.148678392171859741e-02,-7.337578386068344116e-02,-6.355127692222595215e-02,-5.257347226142883301e-02,-4.120653495192527771e-02,-2.744227834045886993e-02,-1.507550477981567383e-02,-3.549081739038228989e-03
-8.492955821566283703e-04,2.365898806601762772e-03,1.363461837172508240e-02,2.094075269997119904e-02,2.620645985007286072e-02,3.072425536811351776e-02,3.363883867859840393e-02,3.560533747076988220e-02,3.425201401114463806e-02,3.401949629187583923e-02,3.099593706429004669e-02,2.694294415414333344e-02,2.310230396687984467e-02,1.753496192395687103e-02,1.290523540228605270e-02,6.659479811787605286e-03,2.935743657872080803e-03,-1.070564030669629574e-03,-9.919635485857725143e-04,-3.410666249692440033e-03,7.682145806029438972e-04,1.584219513460993767e-03,7.468818686902523041e-03,1.151603646576404572e-02,1.887895539402961731e-02,2.548997104167938232e-02,3.286065906286239624e-02,3.637004643678665161e-02,4.266948625445365906e-02,4.615219309926033020e-02,5.053615197539329529e-02,5.346785113215446472e-02,5.470560118556022644e-02,5.483918264508247375e-02,5.077175423502922058e-02,4.568744823336601257e-02,3.793653473258018494e-02,2.948151156306266785e-02,1.886684447526931763e-02,7.006331812590360641e-03,-7.018349133431911469e-03,-2.001874893903732300e-02,-3.164472803473472595e-02,-4.461599886417388916e-02,-5.785159394145011902e-02,-6.875337660312652588e-02,-7.769147306680679321e-02,-8.606882393360137939e-02,-9.299112856388092041e-02,-9.772375226020812988e-02,-1.011111140251159668e-01,-1.019269824028015137e-01,-1.017610132694244385e-01,-9.790544211864471436e-02,-9.371754527091979980e-02,-8.810319006443023682e-02,-8.106350153684616089e-02,-7.264418900012969971e-02,-6.126158684492111206e-02,-5.132378637790679932e-02,-3.879427537322044373e-02,-2.661257237195968628e-02,-1.459180098026990891e-02,-2.516145119443535805e-03
-1.116108964197337627e-03,4.700562916696071625e-03,1.997634023427963257e-02,2.877781167626380920e-02,3.570808097720146179e-02,3.862649574875831604e-02,4.526190087199211121e-02,4.861033335328102112e-02,4.945439472794532776e-02,4.748589918017387390e-02,4.363067075610160828e-02,3.776708990335464478e-02,3.301938250660896301e-02,2.544336207211017609e-02,1.887943968176841736e-02,1.156471297144889832e-02,4.790989682078361511e-03,-2.291423879796639085e-04,-4.177213646471500397e-03,-7.606954313814640045e-03,-5.921188276261091232e-03,-5.763120949268341064e-03,-1.062414958141744137e-03,1.960394205525517464e-03,9.186223149299621582e-03,1.562968641519546509e-02,2.378372102975845337e-02,2.992465160787105560e-02,3.661743178963661194e-02,4.067494720220565796e-02,4.503459483385086060e-02,4.717951267957687378e-02,5.063836276531219482e-02,5.061106756329536438e-02,4.880612343549728394e-02,4.486091062426567078e-02,3.927923366427421570e-02,3.088862635195255280e-02,2.171322703361511230e-02,9.564729407429695129e-03,-2.208141610026359558e-03,-1.660469733178615570e-02,-2.956664748489856720e-02,-4.036066681146621704e-02,-5.435851588845252991e-02,-6.372851133346557617e-02,-7.385976612567901611e-02,-8.081255108118057251e-02,-8.819893747568130493e-02,-9.147450327873229980e-02,-9.569022804498672485e-02,-9.439182281494140625e-02,-9.531818330287933350e-02,-9.152559936046600342e-02,-8.862961828708648682e-02,-8.184070140123367310e-02,-7.576081901788711548e-02,-6.593815237283706665e-02,-5.857283994555473328e-02,-4.594834148883819580e-02,-3.526104614138603210e-02,-2.412880770862102509e-02,-1.347553543746471405e-02,-2.660165540874004364e-03
-3.356623463332653046e-03,6.400399841368198395e-03,2.137505821883678436e-02,3.496003150939941406e-02,4.281483963131904602e-02,4.828625172376632690e-02,5.385927855968475342e-02,5.769114568829536438e-02,5.809796601533889771e-02,5.761054530739784241e-02,5.419036373496055603e-02,4.910443723201751709e-02,4.089381173253059387e-02,3.301041945815086365e-02,2.497820928692817688e-02,1.701556146144866943e-02,9.122430346906185150e-03,1.045960234478116035e-03,-5.298228934407234192e-03,-9.879406541585922241e-03,-1.120451930910348892e-02,-1.276823692023754120e-02,-9.206898510456085205e-03,-7.456761319190263748e-03,-9.793826611712574959e-04,5.813680589199066162e-03,1.206342689692974091e-02,1.922762580215930939e-02,2.526655979454517365e-02,3.218299150466918945e-02,3.689574450254440308e-02,3.967399895191192627e-02,4.330577328801155090e-02,4.497347027063369751e-02,4.394252225756645203e-02,3.949646279215812683e-02,3.434133902192115784e-02,2.829156070947647095e-02,1.982712000608444214e-02,9.874659590423107147e-03,-1.843173871748149395e-03,-1.412217225879430771e-02,-2.457966096699237823e-02,-3.594163805246353149e-02,-4.759484902024269104e-02,-5.678881332278251648e-02,-6.566383689641952515e-02,-7.145885378122329712e-02,-7.802447676658630371e-02,-8.128282427787780762e-02,-8.468282967805862427e-02,-8.351691812276840210e-02,-8.385177701711654663e-02,-8.026071637868881226e-02,-7.660038024187088013e-02,-7.095152139663696289e-02,-6.459750980138778687e-02,-5.807492136955261230e-02,-4.816964268684387207e-02,-3.902007639408111572e-02,-2.933162823319435120e-02,-2.016326040029525757e-02,-1.090543810278177261e-02,-1.977282343432307243e-03
-3.007964696735143661e-03,7.777624763548374176e-03,2.457402460277080536e-02,3.786195069551467896e-02,4.697940871119499207e-02,5.237958580255508423e-02,5.895370617508888245e-02,6.149544194340705872e-02,6.358069926500320435e-02,6.243601068854331970e-02,5.930471792817115784e-02,5.429221317172050476e-02,4.682666063308715820e-02,3.765497729182243347e-02,2.956586517393589020e-02,2.061589807271957397e-02,1.100726239383220673e-02,3.849872387945652008e-03,-3.958445042371749878e-03,-8.795773610472679138e-03,-1.135312858968973160e-02,-1.433648262172937393e-02,-1.298646628856658936e-02,-1.259228307753801346e-02,-8.082028478384017944e-03,-3.482419764623045921e-03,2.365433610975742340e-03,7.898579351603984833e-03,1.373151503503322601e-02,1.942670717835426331e-02,2.416441775858402252e-02,2.748045697808265686e-02,3.148793056607246399e-02,3.156725317239761353e-02,3.199410438537597656e-02,2.984243445098400116e-02,2.636572346091270447e-02,2.172363921999931335e-02,1.521760877221822739e-02,7.929096929728984833e-03,-2.210575767094269395e-04,-1.070116739720106125e-02,-2.025322057306766510e-02,-3.007812425494194031e-02,-3.958790376782417297e-02,-4.692383110523223877e-02,-5.349490046501159668e-02,-5.856185033917427063e-02,-6.329126656055450439e-02,-6.550640612840652466e-02,-6.811964511871337891e-02,-6.728770583868026733e-02,-6.742712110280990601e-02,-6.413286179304122925e-02,-6.137146055698394775e-02,-5.641257390379905701e-02,-5.250104516744613647e-02,-4.579950124025344849e-02,-3.859610855579376221e-02,-3.017088957130908966e-02,-2.321463264524936676e-02,-1.579417474567890167e-02,-8.652081713080406189e-03,-2.431210363283753395e-03
-9.702804381959140301e-04,1.046938728541135788e-02,2.414200454950332642e-02,3.994136676192283630e-02,4.751215875148773193e-02,5.456363037228584290e-02,6.120735779404640198e-02,6.366549432277679443e-02,6.441994011402130127e-02,6.319787353277206421e-02,6.083167344331741333e-02,5.584093928337097168e-02,4.938701912760734558e-02,4.163859412074089050e-02,3.334055468440055847e-02,2.420102059841156006e-02,1.659901998937129974e-02,7.637171074748039246e-03,-9.823674336075782776e-04,-6.301690358668565750e-03,-1.095983479171991348e-02,-1.369184162467718124e-02,-1.574967615306377411e-02,-1.711814478039741516e-02,-1.449426915496587753e-02,-1.127994433045387268e-02,-7.306430023163557053e-03,-3.502743551507592201e-03,4.024317895527929068e-04,5.366215948015451431e-03,1.054288540035486221e-02,1.384459063410758972e-02,1.741535216569900513e-02,1.863996870815753937e-02,2.010114304721355438e-02,1.845376193523406982e-02,1.660447753965854645e-02,1.288527436554431915e-02,9.363848716020584106e-03,4.668924491852521896e-03,-1.474619726650416851e-03,-8.849288336932659149e-03,-1.517766248434782028e-02,-2.249835617840290070e-02,-2.874958701431751251e-02,-3.494299575686454773e-02,-3.977534174919128418e-02,-4.395856708288192749e-02,-4.741577804088592529e-02,-4.776390641927719116e-02,-4.838388413190841675e-02,-4.779070615768432617e-02,-4.659258574247360229e-02,-4.457972943782806396e-02,-4.086898639798164368e-02,-3.913737088441848755e-02,-3.595019504427909851e-02,-2.985113486647605896e-02,-2.484955824911594391e-02,-1.916870288550853729e-02,-1.543353497982025146e-02,-9.662199765443801880e-03,-6.696497090160846710e-03,-1.218392513692378998e-03
-2.734774723649024963e-03,7.863950915634632111e-03,2.263550646603107452e-02,3.619771078228950500e-02,4.465867951512336731e-02,5.055888369679450989e-02,5.767186358571052551e-02,6.124639883637428284e-02,6.288628280162811279e-02,6.217170879244804382e-02,5.897282809019088745e-02,5.599497258663177490e-02,5.011837184429168701e-02,4.277411103248596191e-02,3.507008031010627747e-02,2.631502784788608551e-02,1.952790655195713043e-02,1.239692699164152145e-02,2.844061702489852905e-03,-2.891321666538715363e-03,-8.343310095369815826e-03,-1.222655642777681351e-02,-1.539153326302766800e-02,-1.820753701031208038e-02,-1.894171349704265594e-02,-1.752109825611114502e-02,-1.587118953466415405e-02,-1.429452840238809586e-02,-1.197679433971643448e-02,-8.329926989972591400e-03,-6.683649960905313492e-03,-3.785717533901333809e-03,-2.154556103050708771e-03,5.514041404239833355e-04,1.148999319411814213e-03,2.239229390397667885e-03,2.079416764900088310e-03,1.557606388814747334e-03,5.091277998872101307e-04,-1.110840123146772385e-03,-2.567730611190199852e-03,-6.801282986998558044e-03,-9.608509019017219543e-03,-1.454936619848012924e-02,-1.625193096697330475e-02,-2.030153013765811920e-02,-2.262621745467185974e-02,-2.619511447846889496e-02,-2.644433639943599701e-02,-2.653109282255172729e-02,-2.646565064787864685e-02,-2.571178041398525238e-02,-2.352287061512470245e-02,-2.266924642026424408e-02,-1.941978000104427338e-02,-1.874361187219619751e-02,-1.542248111218214035e-02,-1.268987078219652176e-02,-9.541509672999382019e-03,-7.225033361464738846e-03,-5.092625040560960770e-03,-4.126052372157573700e-03,-2.704231301322579384e-03,-5.250943358987569809e-04
-2.433760091662406921e-03,8.468267507851123810e-03,1.859871484339237213e-02,3.134943544864654541e-02,3.650630638003349304e-02,4.369396716356277466e-02,4.907261952757835388e-02,5.386018007993698120e-02,5.575387552380561829e-02,5.622017383575439453e-02,5.493839085102081299e-02,5.225001648068428040e-02,4.897768795490264893e-02,4.398680478334426880e-02,3.807429596781730652e-02,3.020037896931171417e-02,2.447868883609771729e-02,1.786075346171855927e-02,1.094729825854301453e-02,4.785522818565368652e-03,-2.650143112987279892e-03,-6.339449435472488403e-03,-1.197717804461717606e-02,-1.471160352230072021e-02,-2.014458552002906799e-02,-2.008326724171638489e-02,-2.235650271177291870e-02,-2.411574497818946838e-02,-2.426742017269134521e-02,-2.312202937901020050e-02,-2.172531187534332275e-02,-2.013804949820041656e-02,-1.843865588307380676e-02,-1.587037183344364166e-02,-1.427651289850473404e-02,-1.403723098337650299e-02,-1.337984390556812286e-02,-1.049316767603158951e-02,-9.352513588964939117e-03,-9.282704442739486694e-03,-7.984581403434276581e-03,-6.195474416017532349e-03,-5.168543197214603424e-03,-6.240542046725749969e-03,-3.850281005725264549e-03,-4.715184215456247330e-03,-3.419582732021808624e-03,-5.004453938454389572e-03,-3.195432014763355255e-03,-2.704767975956201553e-03,-2.847402123734354973e-03,-1.238445867784321308e-03,2.453965425956994295e-04,1.748548587784171104e-03,2.223733579739928246e-03,4.539039451628923416e-03,4.726263694465160370e-03,4.782724194228649139e-03,4.952352028340101242e-03,4.765230696648359299e-03,2.048397902399301529e-03,2.816497115418314934e-03,-2.275431033922359347e-04,-3.717880754265934229e-04
-3.408952616155147552e-03,4.561197012662887573e-03,1.412578672170639038e-02,2.373258396983146667e-02,2.719656005501747131e-02,3.317250311374664307e-02,3.783053904771804810e-02,4.165598750114440918e-02,4.562008008360862732e-02,4.599235206842422485e-02,4.721950367093086243e-02,4.514199495315551758e-02,4.488804936408996582e-02,4.117810353636741638e-02,3.740890324115753174e-02,3.342005610466003418e-02,2.952984906733036041e-02,2.302661724388599396e-02,1.813420839607715607e-02,1.097211427986621857e-02,5.267071537673473358e-03,-3.247140441089868546e-03,-7.624341640621423721e-03,-1.445914991199970245e-02,-2.073247358202934265e-02,-2.715354599058628082e-02,-3.004257008433341980e-02,-3.443518280982971191e-02,-3.648482263088226318e-02,-3.867533802986145020e-02,-3.875787556171417236e-02,-3.674708679318428040e-02,-3.623584285378456116e-02,-3.442587703466415405e-02,-3.267966210842132568e-02,-2.988335676491260529e-02,-2.728085592389106750e-02,-2.448577061295509338e-02,-2.170736342668533325e-02,-1.786185614764690399e-02,-1.161858998239040375e-02,-5.906915292143821716e-03,-1.065812073647975922e-03,1.121552544645965099e-03,7.375106681138277054e-03,1.116206310689449310e-02,1.505160611122846603e-02,1.728735119104385376e-02,2.135647460818290710e-02,2.459122426807880402e-02,2.623311057686805725e-02,2.854911796748638153e-02,2.961200475692749023e-02,3.074720874428749084e-02,3.041857108473777771e-02,2.967048250138759613e-02,2.731188014149665833e-02,2.543255127966403961e-02,2.197300642728805542e-02,1.934109255671501160e-02,1.317663770169019699e-02,1.016191951930522919e-02,5.011425353586673737e-03,-5.580224096775054932e-04
-1.953019760549068451e-03,4.460532218217849731e-03,1.079768873751163483e-02,1.531963329762220383e-02,1.709395088255405426e-02,2.177200652658939362e-02,2.642395719885826111e-02,2.966934256255626678e-02,3.250189870595932007e-02,3.474888950586318970e-02,3.663821890950202942e-02,3.741463646292686462e-02,3.910687938332557678e-02,3.777520731091499329e-02,3.689517080783843994e-02,3.407644852995872498e-02,3.174285590648651123e-02,2.738210000097751617e-02,2.060879953205585480e-02,1.693192124366760254e-02,9.652009233832359314e-03,3.500058781355619431e-03,-5.456173792481422424e-03,-1.200073026120662689e-02,-2.125092968344688416e-02,-2.749657630920410156e-02,-3.613224998116493225e-02,-4.117602854967117310e-02,-4.716379195451736450e-02,-5.104549974203109741e-02,-5.173861980438232422e-02,-5.363617092370986938e-02,-5.396358296275138855e-02,-5.322704091668128967e-02,-5.059806630015373230e-02,-4.689125344157218933e-02,-4.297511279582977295e-02,-3.763509541749954224e-02,-3.118252567946910858e-02,-2.350204437971115112e-02,-1.585303805768489838e-02,-3.858042415231466293e-03,4.115497227758169174e-03,1.033998467028141022e-02,1.896475628018379211e-02,2.719136886298656464e-02,3.465941175818443298e-02,4.081689938902854919e-02,4.671482369303703308e-02,5.214187130331993103e-02,5.543215572834014893e-02,5.679014325141906738e-02,5.932303518056869507e-02,5.750431120395660400e-02,5.708772316575050354e-02,5.200899019837379456e-02,4.966703802347183228e-02,4.236577823758125305e-02,3.745255246758460999e-02,3.042145818471908569e-02,2.284361235797405243e-02,1.592301391065120697e-02,7.006074301898479462e-03,4.157213261350989342e-04
-3.360507078468799591e-03,1.377466716803610325e-03,4.100059159100055695e-03,5.983854178339242935e-03,1.038407720625400543e-02,1.359296217560768127e-02,1.675371453166007996e-02,1.979841105639934540e-02,2.362612634897232056e-02,2.551730535924434662e-02,2.971170283854007721e-02,3.164386749267578125e-02,3.512819483876228333e-02,3.414029255509376526e-02,3.444304317235946655e-02,3.466402739286422729e-02,3.453605622053146362e-02,3.112153708934783936e-02,2.730768546462059021e-02,2.134617418050765991e-02,1.545744016766548157e-02,6.909274961799383163e-03,-5.321617936715483665e-04,-1.069559995085000992e-02,-1.989013142883777618e-02,-3.083848021924495697e-02,-3.933143615722656250e-02,-4.833000153303146362e-02,-5.630502849817276001e-02,-6.208815425634384155e-02,-6.689964979887008667e-02,-6.935058534145355225e-02,-7.055120915174484253e-02,-7.011479884386062622e-02,-6.877359747886657715e-02,-6.390585750341415405e-02,-5.808348953723907471e-02,-4.868073388934135437e-02,-4.113413766026496887e-02,-3.223217651247978210e-02,-1.897240616381168365e-02,-5.935186054557561874e-03,6.329461932182312012e-03,1.823498494923114777e-02,3.079175390303134918e-02,4.171126335859298706e-02,5.225631222128868103e-02,6.054034829139709473e-02,6.859369575977325439e-02,7.455726712942123413e-02,7.969550788402557373e-02,8.062586933374404907e-02,8.292783051729202271e-02,8.147289603948593140e-02,7.961259782314300537e-02,7.387117296457290649e-02,6.869676709175109863e-02,6.062988564372062683e-02,5.367536470293998718e-02,4.401466622948646545e-02,3.357779607176780701e-02,2.186964638531208038e-02,1.179251633584499359e-02,5.257061566226184368e-04
-1.493312418460845947e-03,-3.455345286056399345e-04,-1.370867830701172352e-03,-8.528840262442827225e-04,2.031673444435000420e-03,3.154510166496038437e-03,6.233799736946821213e-03,8.918397128582000732e-03,1.294303592294454575e-02,1.686181686818599701e-02,2.170777507126331329e-02,2.587370947003364563e-02,3.008263371884822845e-02,3.147913515567779541e-02,3.397966548800468445e-02,3.410226106643676758e-02,3.501488640904426575e-02,3.396283462643623352e-02,3.054467216134071350e-02,2.609130926430225372e-02,1.870906539261341095e-02,1.181997358798980713e-02,9.076315909624099731e-04,-8.390392176806926727e-03,-2.105226181447505951e-02,-3.164919093251228333e-02,-4.381436109542846680e-02,-5.299144238233566284e-02,-6.511296331882476807e-02,-7.265327125787734985e-02,-7.904867827892303467e-02,-8.437020331621170044e-02,-8.633983880281448364e-02,-8.609563857316970825e-02,-8.347402513027191162e-02,-7.832534611225128174e-02,-7.082318514585494995e-02,-6.037575006484985352e-02,-4.806599766016006470e-02,-3.602696955204010010e-02,-2.080642990767955780e-02,-4.864479415118694305e-03,1.023603044450283051e-02,2.480341866612434387e-02,4.065287485718727112e-02,5.400604754686355591e-02,6.764496862888336182e-02,7.778404653072357178e-02,8.743763715028762817e-02,9.510992467403411865e-02,9.981988370418548584e-02,1.032068356871604919e-01,1.038960143923759460e-01,1.015639454126358032e-01,9.778524935245513916e-02,9.191501885652542114e-02,8.505841344594955444e-02,7.536495476961135864e-02,6.499361991882324219e-02,5.374803766608238220e-02,4.017249122262001038e-02,2.827461436390876770e-02,1.286287885159254074e-02,1.535603078082203865e-03
-2.988052321597933769e-03,-5.548179615288972855e-04,-5.315493326634168625e-03,-5.724730435758829117e-03,-4.596485290676355362e-03,-3.720286767929792404e-03,-1.364500145427882671e-03,8.297621970996260643e-04,5.661626346409320831e-03,8.813332766294479370e-03,1.605149731040000916e-02,1.961634494364261627e-02,2.679356560111045837e-02,2.921320684254169464e-02,3.255142271518707275e-02,3.303642570972442627e-02,3.496212512254714966e-02,3.390059992671012878e-02,3.264586254954338074e-02,2.707618102431297302e-02,2.124833688139915466e-02,1.213843561708927155e-02,2.731872955337166786e-03,-1.000725198537111282e-02,-2.081781066954135895e-02,-3.664664551615715027e-02,-4.732855036854743958e-02,-6.018296629190444946e-02,-7.260282337665557861e-02,-8.310968428850173950e-02,-9.076531976461410522e-02,-9.390526264905929565e-02,-9.788551181554794312e-02,-9.719652682542800903e-02,-9.650310128927230835e-02,-8.754637092351913452e-02,-8.056832104921340942e-02,-6.709759682416915894e-02,-5.323127657175064087e-02,-3.781805187463760376e-02,-2.099838294088840485e-02,-1.444896799512207508e-03,1.425720006227493286e-02,3.237755224108695984e-02,4.917887225747108459e-02,6.621369719505310059e-02,8.171664178371429443e-02,9.291761368513107300e-02,1.058012321591377258e-01,1.137143298983573914e-01,1.212829202413558960e-01,1.227457895874977112e-01,1.249660328030586243e-01,1.201589033007621765e-01,1.174132525920867920e-01,1.079399958252906799e-01,1.017905697226524353e-01,8.944162726402282715e-02,7.879160344600677490e-02,6.343976408243179321e-02,4.986441507935523987e-02,3.190134465694427490e-02,1.693424396216869354e-02,1.373351085931062698e-03
-1.159038511104881763e-03,-8.826323319226503372e-04,-6.003460381180047989e-03,-9.844029322266578674e-03,-8.747086860239505768e-03,-9.249132126569747925e-03,-8.991657756268978119e-03,-7.121747825294733047e-03,-1.816950156353414059e-03,3.029167419299483299e-03,9.655465371906757355e-03,1.545803248882293701e-02,2.139221690595149994e-02,2.640605717897415161e-02,2.968397736549377441e-02,3.217381983995437622e-02,3.325553983449935913e-02,3.370263427495956421e-02,3.125447034835815430e-02,2.628724835813045502e-02,2.033625170588493347e-02,1.200045831501483917e-02,1.410697354003787041e-03,-9.763794019818305969e-03,-2.505004033446311951e-02,-3.813501819968223572e-02,-5.136595293879508972e-02,-6.348684430122375488e-02,-7.648926228284835815e-02,-8.836159110069274902e-02,-9.408934414386749268e-02,-1.012218818068504333e-01,-1.043788865208625793e-01,-1.045818701386451721e-01,-1.008659377694129944e-01,-9.474289417266845703e-02,-8.416766673326492310e-02,-7.116132974624633789e-02,-5.529743805527687073e-02,-3.901954367756843567e-02,-1.943343132734298706e-02,-9.169181794277392328e-06,1.739220134913921356e-02,3.834986686706542969e-02,5.730870738625526428e-02,7.529509812593460083e-02,9.162238240242004395e-02,1.057921126484870911e-01,1.190013736486434937e-01,1.279426068067550659e-01,1.342400759458541870e-01,1.363550573587417603e-01,1.372352093458175659e-01,1.328319609165191650e-01,1.277220100164413452e-01,1.192509159445762634e-01,1.096833199262619019e-01,9.777318686246871948e-02,8.464730530977249146e-02,6.918650120496749878e-02,5.193561315536499023e-02,3.451300784945487976e-02,1.740546524524688721e-02,9.594546863809227943e-04
-1.102928072214126587e-04,-7.800721796229481697e-04,-7.569489069283008575e-03,-1.083179563283920288e-02,-1.040680054575204849e-02,-8.719470351934432983e-03,-1.069035008549690247e-02,-8.493018336594104767e-03,-4.195775836706161499e-03,3.969472527387551963e-05,7.523535750806331635e-03,1.218014024198055267e-02,1.796518638730049133e-02,2.227305434644222260e-02,2.698520570993423462e-02,3.012733533978462219e-02,3.102558478713035583e-02,3.109367750585079193e-02,2.820522151887416840e-02,2.326397411525249481e-02,1.834059134125709534e-02,9.306610561907291412e-03,-6.871916120871901512e-04,-1.277291588485240936e-02,-2.451876364648342133e-02,-4.119025543332099915e-02,-5.482354015111923218e-02,-6.805284321308135986e-02,-8.023201674222946167e-02,-9.065166115760803223e-02,-9.931743144989013672e-02,-1.040824130177497864e-01,-1.073835715651512146e-01,-1.052032262086868286e-01,-1.039337664842605591e-01,-9.482649713754653931e-02,-8.520185202360153198e-02,-7.074974477291107178e-02,-5.549154803156852722e-02,-3.671834990382194519e-02,-1.702539436519145966e-02,3.664913820102810860e-03,2.147919125854969025e-02,4.588834568858146667e-02,6.345520913600921631e-02,8.300450444221496582e-02,9.892214089632034302e-02,1.130180880427360535e-01,1.260621547698974609e-01,1.346047669649124146e-01,1.411353200674057007e-01,1.432290077209472656e-01,1.432038247585296631e-01,1.406872570514678955e-01,1.340916603803634644e-01,1.252645850181579590e-01,1.150548383593559265e-01,1.026400253176689148e-01,8.764668554067611694e-02,7.155976444482803345e-02,5.492707714438438416e-02,3.583063185214996338e-02,1.874035038053989410e-02,4.935153992846608162e-04
2.311991062015295029e-03,-2.053533971775323153e-04,-7.195399142801761627e-03,-1.081926655024290085e-02,-9.464317932724952698e-03,-9.262757375836372375e-03,-8.627905510365962982e-03,-7.694342173635959625e-03,-4.051504656672477722e-03,7.612095214426517487e-04,7.443340960890054703e-03,1.161982584744691849e-02,1.404945552349090576e-02,1.926117762923240662e-02,2.164880931377410889e-02,2.526683360338211060e-02,2.610424906015396118e-02,2.704424038529396057e-02,2.403141558170318604e-02,1.827368326485157013e-02,1.230835169553756714e-02,4.784176126122474670e-03,-5.417630542069673538e-03,-1.706045866012573242e-02,-3.059327788650989532e-02,-4.382994025945663452e-02,-5.625066161155700684e-02,-6.925907731056213379e-02,-7.991436123847961426e-02,-9.049803763628005981e-02,-9.554154425859451294e-02,-1.015881597995758057e-01,-1.028333306312561035e-01,-1.037777736783027649e-01,-9.890694916248321533e-02,-9.146258980035781860e-02,-8.005001395940780640e-02,-6.730533391237258911e-02,-5.149319767951965332e-02,-3.272322192788124084e-02,-1.246749795973300934e-02,5.551933310925960541e-03,2.488468028604984283e-02,4.830604046583175659e-02,6.610191613435745239e-02,8.507256209850311279e-02,1.005635261535644531e-01,1.157715171575546265e-01,1.257914602756500244e-01,1.352639049291610718e-01,1.411366313695907593e-01,1.446990370750427246e-01,1.427221894264221191e-01,1.408629566431045532e-01,1.337950825691223145e-01,1.249894946813583374e-01,1.144329383969306946e-01,1.025353893637657166e-01,8.765510469675064087e-02,7.149279117584228516e-02,5.398704856634140015e-02,3.598374128341674805e-02,1.819320954382419586e-02,-9.929877705872058868e-05
1.015745801851153374e-03,-6.299000815488398075e-04,-3.260825062170624733e-03,-8.237734436988830566e-03,-5.176844540983438492e-03,-5.522373598068952560e-03,-3.586953971534967422e-03,-1.633440493606030941e-03,1.272027962841093540e-03,4.547342192381620407e-03,9.178902022540569305e-03,1.145113259553909302e-02,1.330690272152423859e-02,1.466082967817783356e-02,1.684745401144027710e-02,1.916187442839145660e-02,1.874798722565174103e-02,1.762377284467220306e-02,1.419848762452602386e-02,8.277224376797676086e-03,3.612772095948457718e-03,-4.076088313013315201e-03,-1.198765262961387634e-02,-2.288315072655677795e-02,-3.280406072735786438e-02,-4.742486029863357544e-02,-5.869472399353981018e-02,-6.950802356004714966e-02,-7.732122391462326050e-02,-8.600141853094100952e-02,-9.067263454198837280e-02,-9.567020833492279053e-02,-9.649515151977539062e-02,-9.344238787889480591e-02,-9.031553566455841064e-02,-8.244296908378601074e-02,-7.211791723966598511e-02,-5.972231924533843994e-02,-4.402865469455718994e-02,-2.560550346970558167e-02,-7.561997976154088974e-03,1.109567191451787949e-02,2.878162823617458344e-02,4.920406267046928406e-02,6.609322875738143921e-02,8.385685086250305176e-02,1.001793593168258667e-01,1.119421422481536865e-01,1.225411221385002136e-01,1.301360130310058594e-01,1.362998932600021362e-01,1.403517276048660278e-01,1.380501687526702881e-01,1.360031366348266602e-01,1.304623633623123169e-01,1.225239858031272888e-01,1.115191578865051270e-01,9.988433867692947388e-02,8.493042737245559692e-02,6.888599693775177002e-02,5.274327844381332397e-02,3.402564674615859985e-02,1.790565438568592072e-02,9.159840992651879787e-04
8.315853774547576904e-04,-5.109889898449182510e-04,-2.923237043432891369e-04,-3.139559645205736160e-03,1.601246418431401253e-03,1.021151430904865265e-03,2.788777695968747139e-03,4.774219356477260590e-03,6.285433657467365265e-03,9.732542559504508972e-03,1.021625567227602005e-02,1.181405968964099884e-02,1.158678159117698669e-02,1.130032725632190704e-02,1.199023798108100891e-02,1.139615103602409363e-02,1.094913855195045471e-02,7.374356500804424286e-03,5.043960176408290863e-03,-1.232221256941556931e-03,-7.182380650192499161e-03,-1.369029935449361801e-02,-2.264475263655185699e-02,-3.049060329794883728e-02,-4.223002865910530090e-02,-5.164963379502296448e-02,-6.107388064265251160e-02,-6.815593689680099487e-02,-7.380193471908569336e-02,-7.929632812738418579e-02,-8.279459923505783081e-02,-8.581711351871490479e-02,-8.484654128551483154e-02,-8.345197141170501709e-02,-7.551632821559906006e-02,-7.069347053766250610e-02,-5.789635330438613892e-02,-4.793116077780723572e-02,-3.175997734069824219e-02,-1.702619343996047974e-02,7.436058367602527142e-04,1.444768533110618591e-02,3.134759515523910522e-02,4.854194074869155884e-02,6.445638090372085571e-02,7.907454669475555420e-02,9.293536096811294556e-02,1.055088043212890625e-01,1.132640317082405090e-01,1.199003309011459351e-01,1.245080232620239258e-01,1.282480508089065552e-01,1.265439838171005249e-01,1.239836513996124268e-01,1.182507798075675964e-01,1.113889515399932861e-01,1.008356884121894836e-01,9.044991433620452881e-02,7.801260799169540405e-02,6.383065134286880493e-02,4.712578281760215759e-02,3.217798471450805664e-02,1.674448512494564056e-02,-7.920589414425194263e-04
2.992197114508599043e-04,-1.386961812386289239e-04,4.335138015449047089e-03,1.931939972564578056e-03,7.455517072230577469e-03,6.791266147047281265e-03,9.749756194651126862e-03,9.835282340645790100e-03,1.190495677292346954e-02,1.207613572478294373e-02,1.268634200096130371e-02,1.212877687066793442e-02,1.052471157163381577e-02,9.335385635495185852e-03,7.592324633151292801e-03,4.362381063401699066e-03,2.370077185332775116e-03,-2.167984610423445702e-03,-5.461717955768108368e-03,-1.279945950955152512e-02,-1.753843389451503754e-02,-2.463882602751255035e-02,-3.199265152215957642e-02,-3.999261930584907532e-02,-4.750443249940872192e-02,-5.391124263405799866e-02,-6.149305403232574463e-02,-6.517343223094940186e-02,-6.773056834936141968e-02,-7.223908603191375732e-02,-7.336258888244628906e-02,-7.366546243429183960e-02,-7.158111780881881714e-02,-6.583044677972793579e-02,-6.007134914398193359e-02,-5.085925012826919556e-02,-4.179534688591957092e-02,-3.153204172849655151e-02,-1.759681478142738342e-02,-4.869707860052585602e-03,6.953153293579816818e-03,1.974900253117084503e-02,3.198301419615745544e-02,4.761994630098342896e-02,6.007516384124755859e-02,7.350191473960876465e-02,8.577172458171844482e-02,9.316173940896987915e-02,1.015166118741035461e-01,1.058242321014404297e-01,1.106187105178833008e-01,1.114141047000885010e-01,1.109263151884078979e-01,1.091486737132072449e-01,1.041282191872596741e-01,9.650259464979171753e-02,8.843392133712768555e-02,7.894939929246902466e-02,6.658677756786346436e-02,5.506340414285659790e-02,4.220958426594734192e-02,2.821260876953601837e-02,1.444937568157911301e-02,3.161477798130363226e-04
-6.685708649456501007e-04,-1.952681850525550544e-05,7.087606471031904221e-03,6.159299053251743317e-03,1.067390758544206619e-02,1.325108855962753296e-02,1.687528006732463837e-02,1.793909072875976562e-02,1.704956032335758209e-02,1.810564659535884857e-02,1.732241362333297729e-02,1.533534284681081772e-02,1.236789207905530930e-02,9.307073429226875305e-03,5.680737085640430450e-03,1.887828693725168705e-04,-6.107841618359088898e-03,-1.057481672614812851e-02,-1.492399722337722778e-02,-2.118015289306640625e-02,-2.801323868334293365e-02,-3.258496522903442383e-02,-3.868775442242622375e-02,-4.524633288383483887e-02,-5.129146203398704529e-02,-5.411345884203910828e-02,-5.643489584326744080e-02,-6.017112731933593750e-02,-5.987278744578361511e-02,-6.123368814587593079e-02,-5.741037428379058838e-02,-5.731420218944549561e-02,-5.033771693706512451e-02,-4.710594564676284790e-02,-3.940210118889808655e-02,-3.358919546008110046e-02,-2.337084710597991943e-02,-1.526614557951688766e-02,-5.085214041173458099e-03,3.882506862282752991e-03,1.403860468417406082e-02,2.271765470504760742e-02,3.307932615280151367e-02,4.317691177129745483e-02,5.214987322688102722e-02,6.173716858029365540e-02,7.007256895303726196e-02,7.655983418226242065e-02,8.138860017061233521e-02,8.597931265830993652e-02,8.937224745750427246e-02,8.921139687299728394e-02,8.868302404880523682e-02,8.789037168025970459e-02,8.363328874111175537e-02,7.687521725893020630e-02,7.100846618413925171e-02,6.365074217319488525e-02,5.487317219376564026e-02,4.449845105409622192e-02,3.343900665640830994e-02,2.262805588543415070e-02,1.157694868743419647e-02,-8.604885078966617584e-04
4.891306525678373873e-05,3.727345028892159462e-03,1.403145492076873779e-02,1.396189257502555847e-02,2.055886946618556976e-02,2.132967300713062286e-02,2.537286467850208282e-02,2.578005567193031311e-02,2.587744034826755524e-02,2.382068336009979248e-02,2.067615650594234467e-02,1.692474260926246643e-02,1.265336386859416962e-02,5.801012739539146423e-03,-5.246161890681833029e-06,-8.543229661881923676e-03,-1.384647469967603683e-02,-2.017922885715961456e-02,-2.547653205692768097e-02,-2.988343872129917145e-02,-3.613623604178428650e-02,-3.991014882922172546e-02,-4.478187114000320435e-02,-4.864392057061195374e-02,-5.119606107473373413e-02,-5.123349279165267944e-02,-5.125260353088378906e-02,-5.166897177696228027e-02,-4.894017800688743591e-02,-4.639335349202156067e-02,-4.222923144698143005e-02,-3.865687549114227295e-02,-3.254859894514083862e-02,-2.627389505505561829e-02,-1.969524286687374115e-02,-1.375914085656404495e-02,-4.671028815209865570e-03,2.403375401627272367e-05,7.888061925768852234e-03,1.340833958238363266e-02,1.950506679713726044e-02,2.662844769656658173e-02,3.260004892945289612e-02,3.901063278317451477e-02,4.486853629350662231e-02,4.881627857685089111e-02,5.477045848965644836e-02,5.775061249732971191e-02,6.143669039011001587e-02,6.226237118244171143e-02,6.383131444454193115e-02,6.390257179737091064e-02,6.198916956782341003e-02,6.154964119195938110e-02,5.785899981856346130e-02,5.509135499596595764e-02,4.974774643778800964e-02,4.613744467496871948e-02,3.843420743942260742e-02,3.112942166626453400e-02,2.379156276583671570e-02,1.518717687577009201e-02,7.810709066689014435e-03,4.938237252645194530e-04
-9.385818266309797764e-04,1.139930216595530510e-03,1.231325045228004456e-02,1.755497790873050690e-02,2.346649393439292908e-02,2.751198038458824158e-02,2.972549013793468475e-02,3.189932182431221008e-02,2.861834689974784851e-02,2.833411470055580139e-02,2.311739884316921234e-02,1.945733837783336639e-02,1.170623861253261566e-02,4.107219632714986801e-03,-5.472312681376934052e-03,-1.279232650995254517e-02,-2.166094817221164703e-02,-2.778347209095954895e-02,-3.459390252828598022e-02,-4.006667807698249817e-02,-4.571151360869407654e-02,-4.834802821278572083e-02,-5.083292722702026367e-02,-5.095232650637626648e-02,-5.138079449534416199e-02,-4.825032874941825867e-02,-4.687981680035591125e-02,-4.247514531016349792e-02,-3.684662282466888428e-02,-3.104815818369388580e-02,-2.478146180510520935e-02,-1.920625753700733185e-02,-1.169531140476465225e-02,-3.758071921765804291e-03,1.751233474351465702e-03,8.241676725447177887e-03,1.390869636088609695e-02,1.730902120471000671e-02,2.192844077944755554e-02,2.265837974846363068e-02,2.737607993185520172e-02,2.836527302861213684e-02,3.047028928995132446e-02,3.251069039106369019e-02,3.405892848968505859e-02,3.325545042753219604e-02,3.486984223127365112e-02,3.401215374469757080e-02,3.687122836709022522e-02,3.482208773493766785e-02,3.637718409299850464e-02,3.390009701251983643e-02,3.552038595080375671e-02,3.354053944349288940e-02,3.247964754700660706e-02,3.048325143754482269e-02,2.905818819999694824e-02,2.551608532667160034e-02,2.275234274566173553e-02,1.808464899659156799e-02,1.293982472270727158e-02,9.168932214379310608e-03,5.220555700361728668e-03,-1.388955861330032349e-03
-1.574984518811106682e-03,1.964074559509754181e-03,1.513382047414779663e-02,2.006260864436626434e-02,2.595618739724159241e-02,2.805420570075511932e-02,3.264579176902770996e-02,3.313975408673286438e-02,3.190130367875099182e-02,2.954994514584541321e-02,2.493938058614730835e-02,1.705054193735122681e-02,1.011820323765277863e-02,-1.165204565040767193e-03,-9.447133168578147888e-03,-1.866882108151912689e-02,-2.787208929657936096e-02,-3.483342751860618591e-02,-4.290377721190452576e-02,-4.746132716536521912e-02,-5.228133872151374817e-02,-5.332173407077789307e-02,-5.244291573762893677e-02,-5.204258859157562256e-02,-4.690233245491981506e-02,-4.274553060531616211e-02,-3.710947558283805847e-02,-2.975327149033546448e-02,-2.010963484644889832e-02,-1.475440803915262222e-02,-4.295777995139360428e-03,3.078722395002841949e-03,1.155253220349550247e-02,1.796022616326808929e-02,2.423287555575370789e-02,2.858995646238327026e-02,3.108433075249195099e-02,3.275401890277862549e-02,3.234892338514328003e-02,3.197354078292846680e-02,3.079416416585445404e-02,2.929052896797657013e-02,2.716397680342197418e-02,2.393949776887893677e-02,2.169080264866352081e-02,1.789718307554721832e-02,1.593419350683689117e-02,1.226586941629648209e-02,1.019129715859889984e-02,1.063951756805181503e-02,8.794665336608886719e-03,8.073425851762294769e-03,6.705740466713905334e-03,8.590856567025184631e-03,7.768578827381134033e-03,7.193357218056917191e-03,6.728215608745813370e-03,7.607527542859315872e-03,5.920993164181709290e-03,5.001381505280733109e-03,1.847853302024304867e-03,1.810617512091994286e-03,1.608844177098944783e-04,-3.332218038849532604e-04
-4.024661611765623093e-03,1.538337324745953083e-03,1.400689128786325455e-02,2.158292941749095917e-02,2.623571455478668213e-02,2.908160910010337830e-02,3.219215571880340576e-02,3.103846125304698944e-02,2.899668924510478973e-02,2.661890909075737000e-02,1.941201649606227875e-02,1.435957290232181549e-02,3.296015551313757896e-03,-4.805255215615034103e-03,-1.450319401919841766e-02,-2.291336283087730408e-02,-3.305017948150634766e-02,-4.055519029498100281e-02,-4.685655981302261353e-02,-5.129309743642807007e-02,-5.315104126930236816e-02,-5.302055180072784424e-02,-5.064315348863601685e-02,-4.714822769165039062e-02,-4.174141585826873779e-02,-3.404993936419487000e-02,-2.471525222063064575e-02,-1.483799796551465988e-02,-4.661529790610074997e-03,5.293849855661392212e-03,1.346294116228818893e-02,2.498380281031131744e-02,3.284484148025512695e-02,3.867806121706962585e-02,4.188682511448860168e-02,4.498689621686935425e-02,4.572030901908874512e-02,4.448913410305976868e-02,4.211070016026496887e-02,3.890702128410339355e-02,3.395981341600418091e-02,2.859736606478691101e-02,2.283808402717113495e-02,1.585668884217739105e-02,8.832120336592197418e-03,2.243129536509513855e-03,-3.690796671435236931e-03,-8.964014239609241486e-03,-1.176270563155412674e-02,-1.523410249501466751e-02,-1.777667924761772156e-02,-1.913765445351600647e-02,-1.910287700593471527e-02,-1.937664300203323364e-02,-1.898898184299468994e-02,-1.898068562150001526e-02,-1.594286412000656128e-02,-1.429836545139551163e-02,-1.077417563647031784e-02,-1.012003514915704727e-02,-7.381448056548833847e-03,-4.010752774775028229e-03,-1.930671976879239082e-03,-1.504747895523905754e-03
-2.427437342703342438e-03,1.139676431193947792e-03,1.231887843459844589e-02,1.919801905751228333e-02,2.424420230090618134e-02,2.462859265506267548e-02,2.602237276732921600e-02,2.449893765151500702e-02,2.237317711114883423e-02,1.792909391224384308e-02,1.262651477009057999e-02,5.540620069950819016e-03,-1.629983657039701939e-03,-9.911943227052688599e-03,-1.875994727015495300e-02,-2.740369923412799835e-02,-3.645852580666542053e-02,-4.279457032680511475e-02,-4.732960462570190430e-02,-4.830066859722137451e-02,-4.853749275207519531e-02,-4.643807932734489441e-02,-4.321672767400741577e-02,-3.838681802153587341e-02,-3.032614663243293762e-02,-1.979027129709720612e-02,-8.212761953473091125e-03,1.198030658997595310e-03,1.276992075145244598e-02,2.286125160753726959e-02,3.471254929900169373e-02,4.330704733729362488e-02,5.033355951309204102e-02,5.458462610840797424e-02,5.790251120924949646e-02,5.797723308205604553e-02,5.590892210602760315e-02,5.281206965446472168e-02,4.833711311221122742e-02,4.091499373316764832e-02,3.347027674317359924e-02,2.452577650547027588e-02,1.576853543519973755e-02,3.495465964078903198e-03,-5.521744955331087112e-03,-1.532891858369112015e-02,-2.322515286505222321e-02,-3.008509241044521332e-02,-3.662256896495819092e-02,-3.860197961330413818e-02,-4.468743875622749329e-02,-4.622771218419075012e-02,-4.791058599948883057e-02,-4.599106311798095703e-02,-4.531633853912353516e-02,-4.252704605460166931e-02,-3.731610625982284546e-02,-3.434727713465690613e-02,-2.951434068381786346e-02,-2.452138252556324005e-02,-1.967415399849414825e-02,-1.229472737759351730e-02,-6.783136632293462753e-03,7.236224337248131633e-05
-1.288499217480421066e-03,-1.778252335498109460e-04,6.532120052725076675e-03,1.559528801590204239e-02,1.760465651750564575e-02,1.916705816984176636e-02,2.109828032553195953e-02,1.772526837885379791e-02,1.308655645698308945e-02,1.028795354068279266e-02,3.459017723798751831e-03,-9.470532531850039959e-04,-9.931282140314579010e-03,-1.547582354396581650e-02,-2.310453541576862335e-02,-3.189478442072868347e-02,-3.863818943500518799e-02,-4.276794567704200745e-02,-4.352637007832527161e-02,-4.425889626145362854e-02,-4.131924733519554138e-02,-3.885933011770248413e-02,-3.251237422227859497e-02,-2.681142091751098633e-02,-1.580006815493106842e-02,-2.163502853363752365e-03,9.893221780657768250e-03,1.961552910506725311e-02,3.108726628124713898e-02,4.275488480925559998e-02,5.152081698179244995e-02,6.008347868919372559e-02,6.541038304567337036e-02,6.912536919116973877e-02,7.111977785825729370e-02,6.926078349351882935e-02,6.494233757257461548e-02,5.915972590446472168e-02,5.061494559049606323e-02,4.191064834594726562e-02,3.061643242835998535e-02,1.968902163207530975e-02,5.113181192427873611e-03,-5.100653041154146194e-03,-1.932673528790473938e-02,-2.916527912020683289e-02,-3.987927734851837158e-02,-4.823464155197143555e-02,-5.586813762784004211e-02,-6.175566464662551880e-02,-6.649360060691833496e-02,-6.845983862876892090e-02,-7.001921534538269043e-02,-6.908012181520462036e-02,-6.620085984468460083e-02,-6.386492401361465454e-02,-5.765238404273986816e-02,-5.392777919769287109e-02,-4.457923397421836853e-02,-3.899713233113288879e-02,-2.931497618556022644e-02,-1.797575689852237701e-02,-8.875220082700252533e-03,-3.267104621045291424e-04
-3.441204316914081573e-03,-3.323648357763886452e-03,2.720222808420658112e-03,7.707041222602128983e-03,5.076120607554912567e-03,5.589598789811134338e-03,3.488078014925122261e-03,2.091572387143969536e-03,-7.256884127855300903e-04,-2.933960873633623123e-03,-7.298397365957498550e-03,-1.151979435235261917e-02,-1.659785024821758270e-02,-2.304188348352909088e-02,-2.826311625540256500e-02,-3.512775152921676636e-02,-3.867292776703834534e-02,-4.059608653187751770e-02,-3.988522291183471680e-02,-3.743292391300201416e-02,-3.152784332633018494e-02,-2.637086622416973114e-02,-1.784672588109970093e-02,-9.958706796169281006e-03,3.463974222540855408e-03,1.488429866731166840e-02,2.799559012055397034e-02,3.785049542784690857e-02,4.961929097771644592e-02,6.019614636898040771e-02,6.831388920545578003e-02,7.464455068111419678e-02,7.906395196914672852e-02,7.971984893083572388e-02,7.959873974323272705e-02,7.509187608957290649e-02,7.025592029094696045e-02,6.043240427970886230e-02,5.019373819231987000e-02,3.914152085781097412e-02,2.644847333431243896e-02,1.170928124338388443e-02,-2.029915805906057358e-03,-1.842667721211910248e-02,-3.225715085864067078e-02,-4.491565749049186707e-02,-5.614116042852401733e-02,-6.669597327709197998e-02,-7.514084875583648682e-02,-8.269432932138442993e-02,-8.549125492572784424e-02,-9.051775187253952026e-02,-9.038533270359039307e-02,-8.981127291917800903e-02,-8.587232977151870728e-02,-8.303800225257873535e-02,-7.495059818029403687e-02,-6.853609532117843628e-02,-5.825509876012802124e-02,-4.900601133704185486e-02,-4.037277773022651672e-02,-2.557633444666862488e-02,-1.462392229586839676e-02,-1.162349712103605270e-03
1.570756139699369669e-04,-5.076804198324680328e-03,-2.304671565070748329e-03,-4.221330982545623556e-06,-6.281509064137935638e-03,-8.462095633149147034e-03,-1.092167571187019348e-02,-1.206687651574611664e-02,-1.633999869227409363e-02,-1.792239956557750702e-02,-2.312439680099487305e-02,-2.604026719927787781e-02,-3.161614015698432922e-02,-3.263119235634803772e-02,-3.636872768402099609e-02,-3.846597298979759216e-02,-3.706685826182365417e-02,-3.599940240383148193e-02,-3.028016909956932068e-02,-2.745013497769832611e-02,-1.842211559414863586e-02,-1.229663472622632980e-02,-8.229485829360783100e-04,8.625432848930358887e-03,2.159217745065689087e-02,3.321721404790878296e-02,4.395047575235366821e-02,5.652910098433494568e-02,6.531345844268798828e-02,7.407031208276748657e-02,8.059707283973693848e-02,8.755336701869964600e-02,8.792094886302947998e-02,8.795373141765594482e-02,8.396975696086883545e-02,7.867601513862609863e-02,6.945946067571640015e-02,5.973773822188377380e-02,4.684430360794067383e-02,3.455016389489173889e-02,1.930957473814487457e-02,4.749263171106576920e-03,-1.350256614387035370e-02,-2.781418897211551666e-02,-4.445218294858932495e-02,-5.795366317033767700e-02,-7.218243181705474854e-02,-8.132532238960266113e-02,-9.114111214876174927e-02,-9.933339059352874756e-02,-1.050299182534217834e-01,-1.071456074714660645e-01,-1.072113662958145142e-01,-1.071960926055908203e-01,-1.036127433180809021e-01,-9.734588861465454102e-02,-8.899670839309692383e-02,-8.097620308399200439e-02,-6.823817640542984009e-02,-5.758553370833396912e-02,-4.463091120123863220e-02,-2.969740517437458038e-02,-1.584482379257678986e-02,-1.347335753962397575e-03
-1.246509258635342121e-03,-7.818924263119697571e-03,-1.081033889204263687e-02,-1.484292559325695038e-02,-2.179956436157226562e-02,-2.314448729157447815e-02,-2.687171101570129395e-02,-3.014203161001205444e-02,-3.253555297851562500e-02,-3.586080297827720642e-02,-3.696777299046516418e-02,-4.090934991836547852e-02,-4.078942537307739258e-02,-4.111368954181671143e-02,-3.978680446743965149e-02,-3.736714273691177368e-02,-3.193881362676620483e-02,-2.685423381626605988e-02,-2.082224749028682709e-02,-1.329843048006296158e-02,-1.853658701293170452e-03,7.613682188093662262e-03,2.042188122868537903e-02,2.975786663591861725e-02,4.210068657994270325e-02,5.222840979695320129e-02,6.370556354522705078e-02,7.349906861782073975e-02,8.110198378562927246e-02,8.840157091617584229e-02,9.291956573724746704e-02,9.455247223377227783e-02,9.399195015430450439e-02,8.950521796941757202e-02,8.595033735036849976e-02,7.579439878463745117e-02,6.703471392393112183e-02,5.482740700244903564e-02,4.256365820765495300e-02,2.717698365449905396e-02,1.230520848184823990e-02,-4.456531722098588943e-03,-2.172029577195644379e-02,-4.020133614540100098e-02,-5.576417222619056702e-02,-7.020939886569976807e-02,-8.267595618963241577e-02,-9.499654173851013184e-02,-1.043715551495552063e-01,-1.126346513628959656e-01,-1.190167441964149475e-01,-1.203016638755798340e-01,-1.222175434231758118e-01,-1.193411499261856079e-01,-1.154667511582374573e-01,-1.085276901721954346e-01,-9.907405078411102295e-02,-8.968067914247512817e-02,-7.667349278926849365e-02,-6.451340019702911377e-02,-5.181423574686050415e-02,-3.460887446999549866e-02,-1.895545981824398041e-02,-1.811986672692000866e-03
1.978176413103938103e-03,-8.991392329335212708e-03,-1.579384505748748779e-02,-2.312649972736835480e-02,-3.246930241584777832e-02,-3.601647540926933289e-02,-4.257613047957420349e-02,-4.762438312172889709e-02,-5.235893279314041138e-02,-5.357270687818527222e-02,-5.384043231606483459e-02,-5.253164097666740417e-02,-5.292258784174919128e-02,-4.782925173640251160e-02,-4.432106018066406250e-02,-3.609043732285499573e-02,-2.758139744400978088e-02,-1.967700757086277008e-02,-8.924786001443862915e-03,1.639726571738719940e-03,1.552012003958225250e-02,2.757726982235908508e-02,3.885422646999359131e-02,4.876596480607986450e-02,6.056113168597221375e-02,6.930090487003326416e-02,7.984913140535354614e-02,8.688024431467056274e-02,9.443669021129608154e-02,9.830027073621749878e-02,1.002341136336326599e-01,9.972026199102401733e-02,9.515389055013656616e-02,8.906227350234985352e-02,8.054766803979873657e-02,7.123107463121414185e-02,5.937416106462478638e-02,4.754896461963653564e-02,3.411139175295829773e-02,1.990938559174537659e-02,3.208929440006613731e-03,-1.419572904706001282e-02,-3.314318135380744934e-02,-5.015365034341812134e-02,-6.584589183330535889e-02,-7.870911806821823120e-02,-9.170497208833694458e-02,-1.035033762454986572e-01,-1.137331873178482056e-01,-1.220920607447624207e-01,-1.267763376235961914e-01,-1.297765374183654785e-01,-1.308327317237854004e-01,-1.279029101133346558e-01,-1.245617568492889404e-01,-1.180770471692085266e-01,-1.083578541874885559e-01,-9.763144701719284058e-02,-8.384168148040771484e-02,-7.057962566614151001e-02,-5.383616313338279724e-02,-3.641248866915702820e-02,-1.919472217559814453e-02,-1.204707892611622810e-03
-2.655530814081430435e-03,-1.515342295169830322e-02,-2.802211605012416840e-02,-3.669873997569084167e-02,-4.784231260418891907e-02,-5.175222456455230713e-02,-6.050184369087219238e-02,-6.424938887357711792e-02,-6.775986403226852417e-02,-6.727655231952667236e-02,-6.633278727531433105e-02,-6.488671153783798218e-02,-5.931463092565536499e-02,-5.555408820509910583e-02,-4.469470679759979248e-02,-3.500276803970336914e-02,-2.140389569103717804e-02,-1.155776437371969223e-02,4.193940665572881699e-03,1.926697790622711182e-02,3.335296362638473511e-02,4.538745805621147156e-02,5.977552011609077454e-02,6.813225895166397095e-02,7.859762012958526611e-02,8.701487630605697632e-02,9.693070501089096069e-02,1.006934121251106262e-01,1.060592755675315857e-01,1.048807725310325623e-01,1.050260365009307861e-01,9.845933318138122559e-02,9.558432549238204956e-02,8.469977229833602905e-02,7.625977694988250732e-02,6.380617618560791016e-02,5.326562374830245972e-02,3.952213749289512634e-02,2.527103014290332794e-02,9.431551210582256317e-03,-5.981533788144588470e-03,-2.472817339003086090e-02,-4.160469025373458862e-02,-5.758572369813919067e-02,-7.136069983243942261e-02,-8.514784276485443115e-02,-9.733821451663970947e-02,-1.098229661583900452e-01,-1.198454797267913818e-01,-1.271216720342636108e-01,-1.316862851381301880e-01,-1.340359300374984741e-01,-1.357263624668121338e-01,-1.319532990455627441e-01,-1.286574006080627441e-01,-1.208998337388038635e-01,-1.121614128351211548e-01,-1.007687598466873169e-01,-8.718045800924301147e-02,-7.182849198579788208e-02,-5.621325969696044922e-02,-3.851085528731346130e-02,-2.020667493343353271e-02,-1.185471192002296448e-03
-2.540016314014792442e-03,-1.781791448593139648e-02,-3.525893017649650574e-02,-4.635261371731758118e-02,-6.064299494028091431e-02,-6.976412981748580933e-02,-7.889861613512039185e-02,-8.222356438636779785e-02,-8.447296172380447388e-02,-8.500996977090835571e-02,-8.314992487430572510e-02,-7.686494290828704834e-02,-6.877806782722473145e-02,-5.907379090785980225e-02,-4.746791347861289978e-02,-3.097526356577873230e-02,-1.731567457318305969e-02,-1.886610290966928005e-03,1.258348580449819565e-02,3.118608146905899048e-02,4.637679457664489746e-02,5.969448387622833252e-02,7.118394225835800171e-02,8.299593627452850342e-02,9.299628436565399170e-02,1.015514284372329712e-01,1.089832410216331482e-01,1.123371347784996033e-01,1.115897670388221741e-01,1.081544160842895508e-01,1.047471463680267334e-01,9.847385436296463013e-02,8.836857974529266357e-02,7.984297722578048706e-02,6.913765519857406616e-02,5.850566551089286804e-02,4.438561573624610901e-02,3.204902261495590210e-02,1.647071912884712219e-02,6.126842345111072063e-04,-1.602755486965179443e-02,-3.280559927225112915e-02,-4.971783608198165894e-02,-6.272692978382110596e-02,-7.695151120424270630e-02,-8.876027166843414307e-02,-1.011941060423851013e-01,-1.107591465115547180e-01,-1.203467175364494324e-01,-1.282281130552291870e-01,-1.326934546232223511e-01,-1.340155303478240967e-01,-1.352804005146026611e-01,-1.336236149072647095e-01,-1.295211017131805420e-01,-1.209453940391540527e-01,-1.122520491480827332e-01,-1.005240529775619507e-01,-8.770506083965301514e-02,-7.266362011432647705e-02,-5.578932911157608032e-02,-3.780132904648780823e-02,-1.949924416840076447e-02,-7.771711098030209541e-04
-5.588611587882041931e-03,-1.668414473533630371e-02,-3.989158943295478821e-02,-5.234448984265327454e-02,-7.160984724760055542e-02,-8.170154690742492676e-02,-9.134913235902786255e-02,-9.617673605680465698e-02,-9.828299283981323242e-02,-9.729957580566406250e-02,-9.157843887805938721e-02,-8.543379604816436768e-02,-7.461400330066680908e-02,-6.162368506193161011e-02,-4.512454196810722351e-02,-2.830239944159984589e-02,-1.334119867533445358e-02,5.541691090911626816e-03,2.313438616693019867e-02,4.020101204514503479e-02,5.748937651515007019e-02,7.014212757349014282e-02,8.558128029108047485e-02,9.562570601701736450e-02,1.071087270975112915e-01,1.105925813317298889e-01,1.139821857213973999e-01,1.144236549735069275e-01,1.131067126989364624e-01,1.073474362492561340e-01,1.032526791095733643e-01,9.317034482955932617e-02,8.429173380136489868e-02,7.313857227563858032e-02,6.296417862176895142e-02,4.872174561023712158e-02,3.669058158993721008e-02,2.204812131822109222e-02,6.575505249202251434e-03,-8.373517543077468872e-03,-2.352938801050186157e-02,-3.711114823818206787e-02,-5.174412950873374939e-02,-6.477596610784530640e-02,-7.657013088464736938e-02,-8.850792050361633301e-02,-9.912664443254470825e-02,-1.085695996880531311e-01,-1.177879944443702698e-01,-1.235005706548690796e-01,-1.286544054746627808e-01,-1.305027455091476440e-01,-1.318184286355972290e-01,-1.292053759098052979e-01,-1.248579621315002441e-01,-1.188952028751373291e-01,-1.094934195280075073e-01,-9.906594455242156982e-02,-8.605231344699859619e-02,-7.244092971086502075e-02,-5.642492696642875671e-02,-3.769848123192787170e-02,-1.996777579188346863e-02,-1.776845194399356842e-03
-4.889679607003927231e-03,-1.818041875958442688e-02,-4.265052080154418945e-02,-6.012580171227455139e-02,-7.714581489562988281e-02,-9.003061801195144653e-02,-1.018378064036369324e-01,-1.060875430703163147e-01,-1.066338568925857544e-01,-1.058133170008659363e-01,-9.963081777095794678e-02,-9.248583018779754639e-02,-7.894111424684524536e-02,-6.346352398395538330e-02,-4.661853238940238953e-02,-2.630646713078022003e-02,-1.055639330297708511e-02,1.366819255053997040e-02,3.089512884616851807e-02,5.048226565122604370e-02,6.498143076896667480e-02,8.170817047357559204e-02,9.599969536066055298e-02,1.066190600395202637e-01,1.121348962187767029e-01,1.166800111532211304e-01,1.166329905390739441e-01,1.160123944282531738e-01,1.110823974013328552e-01,1.037296801805496216e-01,9.603570401668548584e-02,8.628327399492263794e-02,7.526662945747375488e-02,6.465481966733932495e-02,5.205001682043075562e-02,3.975624218583106995e-02,2.561071328818798065e-02,1.200178731232881546e-02,-2.508901525288820267e-03,-1.663964614272117615e-02,-2.988351508975028992e-02,-4.170284792780876160e-02,-5.468643084168434143e-02,-6.571519374847412109e-02,-7.743249833583831787e-02,-8.654623478651046753e-02,-9.695177525281906128e-02,-1.043303310871124268e-01,-1.109693571925163269e-01,-1.172906234860420227e-01,-1.209644600749015808e-01,-1.225260719656944275e-01,-1.224637106060981750e-01,-1.217856034636497498e-01,-1.185860782861709595e-01,-1.117680296301841736e-01,-1.028784513473510742e-01,-9.331225603818893433e-02,-8.211781829595565796e-02,-6.888360530138015747e-02,-5.190617591142654419e-02,-3.564916923642158508e-02,-1.798279024660587311e-02,-1.949544064700603485e-03
-3.226737317163497210e-04,-1.939935237169265747e-02,-4.330154135823249817e-02,-6.022598594427108765e-02,-7.624097168445587158e-02,-8.902828395366668701e-02,-1.003397926688194275e-01,-1.065271794795989990e-01,-1.098683476448059082e-01,-1.053270176053047180e-01,-9.979134052991867065e-02,-8.900218456983566284e-02,-7.739527523517608643e-02,-5.895029008388519287e-02,-4.285139217972755432e-02,-2.375675179064273834e-02,-6.072551477700471878e-03,1.764867827296257019e-02,3.390089422464370728e-02,5.149470642209053040e-02,6.907656788825988770e-02,8.432554453611373901e-02,9.696350246667861938e-02,1.039731577038764954e-01,1.098776906728744507e-01,1.138302534818649292e-01,1.131410896778106689e-01,1.098237410187721252e-01,1.050723865628242493e-01,9.805512428283691406e-02,8.939599990844726562e-02,7.941750437021255493e-02,6.934339553117752075e-02,5.684847012162208557e-02,4.525404050946235657e-02,3.132939711213111877e-02,1.840811967849731445e-02,5.160805303603410721e-03,-7.838767021894454956e-03,-1.942297443747520447e-02,-3.065599314868450165e-02,-4.069455713033676147e-02,-5.187091603875160217e-02,-6.036050617694854736e-02,-7.270786166191101074e-02,-7.956283539533615112e-02,-8.912223577499389648e-02,-9.431762993335723877e-02,-1.018939390778541565e-01,-1.059116274118423462e-01,-1.097080036997795105e-01,-1.099932864308357239e-01,-1.113225892186164856e-01,-1.102413237094879150e-01,-1.069269403815269470e-01,-1.014863401651382446e-01,-9.428774565458297729e-02,-8.533494174480438232e-02,-7.594743371009826660e-02,-6.240651383996009827e-02,-4.782958701252937317e-02,-3.327140584588050842e-02,-1.776478625833988190e-02,-8.027831790968775749e-04
-4.088183341082185507e-04,-1.894674077630043030e-02,-4.350288957357406616e-02,-5.996768921613693237e-02,-7.310916483402252197e-02,-8.310871571302413940e-02,-9.389352798461914062e-02,-1.008417606353759766e-01,-1.013855636119842529e-01,-1.005333513021469116e-01,-9.479109942913055420e-02,-8.550941199064254761e-02,-7.223843783140182495e-02,-5.514792352914810181e-02,-3.696266561746597290e-02,-1.814158633351325989e-02,-1.737823913572356105e-04,2.228974550962448120e-02,3.999921679496765137e-02,5.780012533068656921e-02,7.133048027753829956e-02,8.494763821363449097e-02,9.577961266040802002e-02,1.027572527527809143e-01,1.050599217414855957e-01,1.069714501500129700e-01,1.050019413232803345e-01,1.021159365773200989e-01,9.480927139520645142e-02,8.834691345691680908e-02,7.802340388298034668e-02,6.875321269035339355e-02,5.814636871218681335e-02,4.805711284279823303e-02,3.493286669254302979e-02,2.250099927186965942e-02,9.197335690259933472e-03,-1.234221505001187325e-03,-1.303715072572231293e-02,-2.129538916051387787e-02,-3.200602531433105469e-02,-3.920478001236915588e-02,-5.023249238729476929e-02,-5.655882135033607483e-02,-6.639446318149566650e-02,-7.274964451789855957e-02,-8.057919889688491821e-02,-8.384596556425094604e-02,-9.011755138635635376e-02,-9.392567723989486694e-02,-9.627567231655120850e-02,-9.728036820888519287e-02,-9.819189459085464478e-02,-9.759276360273361206e-02,-9.382074326276779175e-02,-9.085655957460403442e-02,-8.293998241424560547e-02,-7.793367654085159302e-02,-6.688107550144195557e-02,-5.629018694162368774e-02,-4.164288938045501709e-02,-2.879467047750949860e-02,-1.449691969901323318e-02,-6.640760111622512341e-04
3.891918575391173363e-03,-1.567429304122924805e-02,-3.747567161917686462e-02,-5.663021281361579895e-02,-6.417863816022872925e-02,-7.347100973129272461e-02,-8.304201066493988037e-02,-8.707246929407119751e-02,-8.943112194538116455e-02,-8.611647784709930420e-02,-8.189766108989715576e-02,-7.148063927888870239e-02,-6.208102032542228699e-02,-4.507606104016304016e-02,-3.094099648296833038e-02,-1.848421804606914520e-02,-4.384551662951707840e-03,1.694099791347980499e-02,3.509757295250892639e-02,5.018085613846778870e-02,6.199534609913825989e-02,7.250066846609115601e-02,8.191785216331481934e-02,8.813659101724624634e-02,9.073270857334136963e-02,9.209779649972915649e-02,9.014751762151718140e-02,8.844081312417984009e-02,8.059248328208923340e-02,7.395358383655548096e-02,6.564749032258987427e-02,5.735877156257629395e-02,4.753296822309494019e-02,3.717834502458572388e-02,2.633164823055267334e-02,1.648555137217044830e-02,5.542011465877294540e-03,-3.289629705250263214e-03,-1.268757972866296768e-02,-1.920526288449764252e-02,-2.609188854694366455e-02,-3.414317592978477478e-02,-4.212906956672668457e-02,-4.784837737679481506e-02,-5.512629076838493347e-02,-6.019659712910652161e-02,-6.760396808385848999e-02,-7.058937847614288330e-02,-7.548353075981140137e-02,-7.775017619132995605e-02,-8.158642798662185669e-02,-8.170741051435470581e-02,-8.305191993713378906e-02,-8.045037090778350830e-02,-7.981159538030624390e-02,-7.527309656143188477e-02,-7.088578492403030396e-02,-6.338616460561752319e-02,-5.635919421911239624e-02,-4.661162197589874268e-02,-3.617403656244277954e-02,-2.379412017762660980e-02,-1.177411153912544250e-02,7.475456804968416691e-04
1.061131153255701065e-02,-6.488255690783262253e-03,-2.818012051284313202e-02,-4.911094903945922852e-02,-5.838601291179656982e-02,-5.981204658746719360e-02,-6.679394096136093140e-02,-7.043498754501342773e-02,-6.929589807987213135e-02,-6.978810578584671021e-02,-6.279654055833816528e-02,-6.028210371732711792e-02,-4.968194290995597839e-02,-3.675475344061851501e-02,-2.366357669234275818e-02,-1.547465659677982330e-02,6.713215261697769165e-04,1.705061458051204681e-02,3.327778354287147522e-02,4.523392766714096069e-02,5.386805906891822815e-02,6.097512319684028625e-02,6.563995033502578735e-02,7.136202603578567505e-02,7.227353751659393311e-02,7.255767285823822021e-02,6.914744526147842407e-02,6.810759007930755615e-02,6.160002946853637695e-02,5.678965896368026733e-02,4.894117265939712524e-02,4.305123537778854370e-02,3.346579894423484802e-02,2.684044092893600464e-02,1.611736230552196503e-02,7.863906212151050568e-03,-9.023969178088009357e-04,-6.144039332866668701e-03,-1.172289624810218811e-02,-1.843740977346897125e-02,-2.403525821864604950e-02,-2.976110018789768219e-02,-3.443578630685806274e-02,-3.898996487259864807e-02,-4.358166828751564026e-02,-4.751849919557571411e-02,-5.281053856015205383e-02,-5.606795474886894226e-02,-5.906472727656364441e-02,-6.164381280541419983e-02,-6.403692811727523804e-02,-6.416057795286178589e-02,-6.457827240228652954e-02,-6.486954540014266968e-02,-6.300107389688491821e-02,-6.006426364183425903e-02,-5.528757348656654358e-02,-5.083990842103958130e-02,-4.422230273485183716e-02,-3.729291632771492004e-02,-2.770172059535980225e-02,-1.672023721039295197e-02,-7.977577857673168182e-03,2.031269483268260956e-03
8.272341452538967133e-03,-9.513669647276401520e-03,-1.873345114290714264e-02,-3.004288859665393829e-02,-3.992069512605667114e-02,-4.348746687173843384e-02,-4.926811158657073975e-02,-4.808348417282104492e-02,-4.866888374090194702e-02,-4.500430449843406677e-02,-4.356742650270462036e-02,-3.844059258699417114e-02,-3.439450263977050781e-02,-2.650016546249389648e-02,-1.827582530677318573e-02,-1.066602021455764771e-02,-2.018785336986184120e-03,8.274154737591743469e-03,1.859406009316444397e-02,2.939135022461414337e-02,3.592629730701446533e-02,4.059139639139175415e-02,4.552300274372100830e-02,4.934412240982055664e-02,5.083335936069488525e-02,5.209168791770935059e-02,4.870606958866119385e-02,4.775259643793106079e-02,4.313592240214347839e-02,4.071650654077529907e-02,3.363575041294097900e-02,2.860303968191146851e-02,2.400872111320495605e-02,1.855340227484703064e-02,1.179372146725654602e-02,4.266620613634586334e-03,-2.878881350625306368e-04,-5.886540748178958893e-03,-1.002651825547218323e-02,-1.453407388180494308e-02,-1.924845390021800995e-02,-2.176445722579956055e-02,-2.659303881227970123e-02,-2.861958555877208710e-02,-3.228243440389633179e-02,-3.360518813133239746e-02,-3.719757869839668274e-02,-3.886424377560615540e-02,-4.064561799168586731e-02,-4.188815876841545105e-02,-4.454396665096282959e-02,-4.434015601873397827e-02,-4.478865489363670349e-02,-4.327795282006263733e-02,-4.313841462135314941e-02,-4.025746136903762817e-02,-3.786838799715042114e-02,-3.319383785128593445e-02,-3.000197559595108032e-02,-2.531633712351322174e-02,-1.871686987578868866e-02,-1.195315178483724594e-02,-4.765403922647237778e-03,1.383473165333271027e-03
-1.484446320682764053e-02,-1.428949646651744843e-02,-1.237880066037178040e-02,-1.246385369449853897e-02,-2.266621589660644531e-02,-2.768069691956043243e-02,-3.164970502257347107e-02,-2.891660667955875397e-02,-2.798010222613811493e-02,-2.630712464451789856e-02,-2.291167527437210083e-02,-2.350869029760360718e-02,-2.067741192877292633e-02,-1.611322909593582153e-02,-9.109532460570335388e-03,-6.113521754741668701e-03,6.086588837206363678e-04,5.566352047026157379e-03,1.309713162481784821e-02,1.915627345442771912e-02,2.244130708277225494e-02,2.483684569597244263e-02,2.668587118387222290e-02,2.855024300515651703e-02,2.727594040334224701e-02,2.652353607118129730e-02,2.513781934976577759e-02,2.382792904973030090e-02,2.069811150431632996e-02,1.905397139489650726e-02,1.712436601519584656e-02,1.558774989098310471e-02,1.139702554792165756e-02,9.634778834879398346e-03,5.616214592009782791e-03,2.623903099447488785e-03,-5.125246389070525765e-05,-2.076576463878154755e-03,-5.879250820726156235e-03,-7.993260398507118225e-03,-1.054082810878753662e-02,-1.097387820482254028e-02,-1.510753296315670013e-02,-1.618548296391963959e-02,-1.645787805318832397e-02,-1.717203110456466675e-02,-1.926217041909694672e-02,-1.999046653509140015e-02,-2.048490196466445923e-02,-2.112673595547676086e-02,-2.278609015047550201e-02,-2.300422824919223785e-02,-2.249353192746639252e-02,-2.226397767663002014e-02,-2.153518795967102051e-02,-2.122178673744201660e-02,-1.826750859618186951e-02,-1.811880059540271759e-02,-1.426497008651494980e-02,-1.280197128653526306e-02,-7.053483277559280396e-03,-6.434014998376369476e-03,-5.170092917978763580e-03,-2.213689032942056656e-03
-1.513395179063081741e-02,-8.509136736392974854e-03,-7.561917416751384735e-03,1.920537441037595272e-03,4.707892891019582748e-03,4.913702141493558884e-03,1.639888272620737553e-03,1.560827135108411312e-03,-3.870802698656916618e-03,-1.103948685340583324e-03,-5.382541101425886154e-03,-5.071228835731744766e-03,-4.563843831419944763e-03,-3.916019573807716370e-03,-3.906592726707458496e-03,-3.457952057942748070e-03,-3.974949475377798080e-03,-3.185400972142815590e-03,-1.222672173753380775e-03,5.442953552119433880e-04,2.489645499736070633e-03,1.537163276225328445e-03,2.370291622355580330e-03,3.579161828383803368e-03,3.228390822187066078e-03,2.236764412373304367e-03,2.632819348946213722e-03,3.369807265698909760e-03,3.006717190146446228e-03,2.818428678438067436e-03,2.020155778154730797e-03,1.506800879724323750e-03,1.024555647745728493e-03,8.205220219679176807e-04,3.692063910420984030e-04,-8.474731002934277058e-04,4.865529263042844832e-05,4.833135171793401241e-04,1.043261494487524033e-03,-5.362456431612372398e-04,-3.393374499864876270e-04,-2.347229892620816827e-04,-1.187752583064138889e-03,-8.317148312926292419e-04,-1.972352853044867516e-03,-8.972221403382718563e-04,-1.157290418632328510e-03,-7.150860619731247425e-04,-2.462907694280147552e-03,-1.977885607630014420e-03,-3.263760823756456375e-03,-2.016544574871659279e-03,-3.443939378485083580e-03,-1.507800072431564331e-03,-2.696176990866661072e-03,-1.893201842904090881e-03,-2.852770499885082245e-03,-5.688436212949454784e-04,-4.576345963869243860e-04,1.965659204870462418e-03,2.726063365116715431e-03,3.199081402271986008e-03,3.106048330664634705e-03,2.728410298004746437e-03
