0.000000000000000000e+00,0.000000000000000000e+00,0.000000000000000000e+00,0.000000000000000000e+00,0.000000000000000000e+00,0.000000000000000000e+00,0.000000000000000000e+00,0.000000000000000000e+00,0.000000000000000000e+00,0.000000000000000000e+00,0.000000000000000000e+00,0.000000000000000000e+00,0.000000000000000000e+00,0.000000000000000000e+00,0.000000000000000000e+00,0.000000000000000000e+00,0.000000000000000000e+00,0.000000000000000000e+00,0.000000000000000000e+00,0.000000000000000000e+00,0.000000000000000000e+00,0.000000000000000000e+00,0.000000000000000000e+00,0.000000000000000000e+00,0.000000000000000000e+00,0.000000000000000000e+00,0.000000000000000000e+00,0.000000000000000000e+00,0.000000000000000000e+00,0.000000000000000000e+00,0.000000000000000000e+00,0.000000000000000000e+00,0.000000000000000000e+00,0.000000000000000000e+00,0.000000000000000000e+00,0.000000000000000000e+00,0.000000000000000000e+00,0.000000000000000000e+00,0.000000000000000000e+00,0.000000000000000000e+00,0.000000000000000000e+00,0.000000000000000000e+00,0.000000000000000000e+00,0.000000000000000000e+00,0.000000000000000000e+00,0.000000000000000000e+00,0.000000000000000000e+00,0.000000000000000000e+00,0.000000000000000000e+00,0.000000000000000000e+00,0.000000000000000000e+00,0.000000000000000000e+00,0.000000000000000000e+00,0.000000000000000000e+00,0.000000000000000000e+00,0.000000000000000000e+00,0.000000000000000000e+00,0.000000000000000000e+00,0.000000000000000000e+00,0.000000000000000000e+00,0.000000000000000000e+00,0.000000000000000000e+00,0.000000000000000000e+00,0.000000000000000000e+00
0.000000000000000000e+00,1.068523049354553223e+00,2.068710327148437500e+00,2.937002182006835938e+00,3.619029283523559570e+00,4.073325157165527344e+00,4.274065494537353516e+00,4.212629795074462891e+00,3.897884130477905273e+00,3.355181217193603516e+00,2.624175548553466797e+00,1.755646586418151855e+00,8.075961470603942871e-01,-1.590634137392044067e-01,-1.084882259368896484e+00,-1.915968418121337891e+00,-2.607495307922363281e+00,-3.126366376876831055e+00,-3.452861309051513672e+00,-3.581174135208129883e+00,-3.518850088119506836e+00,-3.285218000411987305e+00,-2.908998966217041016e+00,-2.425329208374023438e+00,-1.872483730316162109e+00,-1.288593411445617676e+00,-7.086445093154907227e-01,-1.620074957609176636e-01,3.293124437332153320e-01,7.515861392021179199e-01,1.099395155906677246e+00,1.374839186668395996e+00,1.586037158966064453e+00,1.745112299919128418e+00,1.865889668464660645e+00,1.961560726165771484e+00,2.042565345764160156e+00,2.114915132522583008e+00,2.179132938385009766e+00,2.229922056198120117e+00,2.256602525711059570e+00,2.244271516799926758e+00,2.175576448440551758e+00,2.032920598983764648e+00,1.800878524780273438e+00,1.468573212623596191e+00,1.031762957572937012e+00,4.944123625755310059e-01,-1.304368227720260620e-01,-8.206164240837097168e-01,-1.545649766921997070e+00,-2.268403291702270508e+00,-2.947460174560546875e+00,-3.540035009384155273e+00,-4.005192756652832031e+00,-4.307104587554931641e+00,-4.418058872222900391e+00,-4.320965290069580078e+00,-4.011127471923828125e+00,-3.497108221054077148e+00,-2.800603628158569336e+00,-1.955311655998229980e+00,-1.004867315292358398e+00,-2.490384861628417920e-15
0.000000000000000000e+00,2.068852186203002930e+00,4.004895210266113281e+00,5.684627056121826172e+00,7.002449035644531250e+00,7.877900123596191406e+00,8.260984420776367188e+00,8.135205268859863281e+00,7.518103122711181641e+00,6.459287643432617188e+00,5.036166667938232422e+00,3.347738981246948242e+00,1.506972551345825195e+00,-3.676043152809143066e-01,-2.160431146621704102e+00,-3.766892433166503906e+00,-5.100140094757080078e+00,-6.096269607543945312e+00,-6.717498302459716797e+00,-6.953183650970458984e+00,-6.818685531616210938e+00,-6.352275371551513672e+00,-5.610436439514160156e+00,-4.662028312683105469e+00,-3.581873655319213867e+00,-2.444344520568847656e+00,-1.317506074905395508e+00,-2.583064138889312744e-01,6.908159255981445312e-01,1.503678441047668457e+00,2.170385360717773438e+00,2.695736169815063477e+00,3.096259355545043945e+00,3.396234273910522461e+00,3.623160123825073242e+00,3.803167104721069336e+00,3.956860303878784180e+00,4.096035957336425781e+00,4.221612930297851562e+00,4.323001861572265625e+00,4.378976345062255859e+00,4.359972953796386719e+00,4.231588363647460938e+00,3.958930015563964844e+00,3.511369466781616211e+00,2.867223262786865234e+00,2.017859697341918945e+00,9.707896113395690918e-01,-2.486196756362915039e-01,-1.597044944763183594e+00,-3.014811992645263672e+00,-4.429139137268066406e+00,-5.758797645568847656e+00,-6.919837474822998047e+00,-7.831905841827392578e+00,-8.424644470214843750e+00,-8.643601417541503906e+00,-8.455150604248046875e+00,-7.849972724914550781e+00,-6.844757556915283203e+00,-5.481960773468017578e+00,-3.827584028244018555e+00,-1.967124342918395996e+00,-4.875220947699477475e-15
0.000000000000000000e+00,2.937084674835205078e+00,5.684381008148193359e+00,8.065460205078125000e+00,9.929586410522460938e+00,1.116209411621093750e+01,1.169201660156250000e+01,1.149641418457031250e+01,1.060111618041992188e+01,9.077854156494140625e+00,7.038088321685791016e+00,4.624058246612548828e+00,1.997803807258605957e+00,-6.709303855895996094e-01,-3.216948270797729492e+00,-5.491047382354736328e+00,-7.369788169860839844e+00,-8.762873649597167969e+00,-9.617653846740722656e+00,-9.920497894287109375e+00,-9.695079803466796875e+00,-8.997834205627441406e+00,-7.911123752593994141e+00,-6.534771442413330078e+00,-4.976788997650146484e+00,-3.344120979309082031e+00,-1.734220504760742188e+00,-2.281536012887954712e-01,1.114230394363403320e+00,2.256737470626831055e+00,3.186780929565429688e+00,3.912987232208251953e+00,4.460817813873291016e+00,4.866739273071289062e+00,5.171607017517089844e+00,5.413982868194580078e+00,5.624099254608154297e+00,5.819103717803955078e+00,6.000087738037109375e+00,6.151202201843261719e+00,6.240973472595214844e+00,6.225690364837646484e+00,6.054534912109375000e+00,5.675943374633789062e+00,5.044558048248291016e+00,4.128057956695556641e+00,2.913154602050781250e+00,1.410101294517517090e+00,-3.448039591312408447e-01,-2.289067745208740234e+00,-4.336331844329833984e+00,-6.381089210510253906e+00,-8.305463790893554688e+00,-9.987532615661621094e+00,-1.131052303314208984e+01,-1.217211341857910156e+01,-1.249303436279296875e+01,-1.222422504425048828e+01,-1.135189819335937500e+01,-9.900023460388183594e+00,-7.929981708526611328e+00,-5.537340164184570312e+00,-2.845980644226074219e+00,-7.053460615737529651e-15
0.000000000000000000e+00,3.617614746093750000e+00,6.999141216278076172e+00,9.925218582153320312e+00,1.220864963531494141e+01,1.370737743377685547e+01,1.433400535583496094e+01,1.406117248535156250e+01,1.292241668701171875e+01,1.100851821899414062e+01,8.459690093994140625e+00,5.454290866851806641e+00,2.195018053054809570e+00,-1.106292247772216797e+00,-4.244027137756347656e+00,-7.033119678497314453e+00,-9.321234703063964844e+00,-1.099792861938476562e+01,-1.200016880035400391e+01,-1.231390762329101562e+01,-1.197176647186279297e+01,-1.104717159271240234e+01,-9.645618438720703125e+00,-7.893921852111816406e+00,-5.928471088409423828e+00,-3.883554458618164062e+00,-1.880776524543762207e+00,-2.043665759265422821e-02,1.624445915222167969e+00,3.011062145233154297e+00,4.126585960388183594e+00,4.984979152679443359e+00,5.621288299560546875e+00,6.084129333496093750e+00,6.427196025848388672e+00,6.700717926025390625e+00,6.943776130676269531e+00,7.178272247314453125e+00,7.405192375183105469e+00,7.603552341461181641e+00,7.732149600982666016e+00,7.733965396881103516e+00,7.542783737182617188e+00,7.091374874114990234e+00,6.320423603057861328e+00,5.187292098999023438e+00,3.673706293106079102e+00,1.791537761688232422e+00,-4.139860868453979492e-01,-2.864075660705566406e+00,-5.449347019195556641e+00,-8.035834312438964844e+00,-1.047363662719726562e+01,-1.260753822326660156e+01,-1.428874111175537109e+01,-1.538672828674316406e+01,-1.580024242401123047e+01,-1.546642303466796875e+01,-1.436726665496826172e+01,-1.253281021118164062e+01,-1.004070091247558594e+01,-7.012102127075195312e+00,-3.604221582412719727e+00,-8.932900941302154840e-15
0.000000000000000000e+00,4.066589355468750000e+00,7.864022254943847656e+00,1.114238357543945312e+01,1.368875217437744141e+01,1.534209632873535156e+01,1.600418472290039062e+01,1.564568996429443359e+01,1.430709362030029297e+01,1.209435939788818359e+01,9.169830322265625000e+00,5.739120006561279297e+00,2.035123586654663086e+00,-1.699543356895446777e+00,-5.230258464813232422e+00,-8.346854209899902344e+00,-1.087756538391113281e+01,-1.269944381713867188e+01,-1.374451732635498047e+01,-1.400137710571289062e+01,-1.351224708557128906e+01,-1.236596584320068359e+01,-1.068766021728515625e+01,-8.626128196716308594e+00,-6.340131759643554688e+00,-3.984824180603027344e+00,-1.699510455131530762e+00,4.022455513477325439e-01,2.239387035369873047e+00,3.766546249389648438e+00,4.973524093627929688e+00,5.881305217742919922e+00,6.535158157348632812e+00,6.995647430419921875e+00,7.328543186187744141e+00,7.594723701477050781e+00,7.841126441955566406e+00,8.093694686889648438e+00,8.353051185607910156e+00,8.593358993530273438e+00,8.764501571655273438e+00,8.797387123107910156e+00,8.611870765686035156e+00,8.126502990722656250e+00,7.269149303436279297e+00,5.987397193908691406e+00,4.257676601409912109e+00,2.092123270034790039e+00,-4.576059877872467041e-01,-3.300068855285644531e+00,-6.307524681091308594e+00,-9.323015213012695312e+00,-1.217056083679199219e+01,-1.466767501831054688e+01,-1.663920211791992188e+01,-1.793130302429199219e+01,-1.842440986633300781e+01,-1.804399871826171875e+01,-1.676821708679199219e+01,-1.463166332244873047e+01,-1.172488117218017578e+01,-8.189579963684082031e+00,-4.209838390350341797e+00,-1.043421771239946144e-14
0.000000000000000000e+00,4.254589557647705078e+00,8.221958160400390625e+00,1.163566875457763672e+01,1.426922702789306641e+01,1.595214176177978516e+01,1.658163070678710938e+01,1.612912368774414062e+01,1.464108467102050781e+01,1.223419284820556641e+01,9.085323333740234375e+00,5.417221546173095703e+00,1.481072545051574707e+00,-2.462577104568481445e+00,-6.163006782531738281e+00,-9.397087097167968750e+00,-1.198425102233886719e+01,-1.379755496978759766e+01,-1.477007961273193359e+01,-1.489631843566894531e+01,-1.422863388061523438e+01,-1.286928462982177734e+01,-1.095888233184814453e+01,-8.662406921386718750e+00,-6.154106616973876953e+00,-3.602641344070434570e+00,-1.157762408256530762e+00,1.060342311859130859e+00,2.968210220336914062e+00,4.522276401519775391e+00,5.717947959899902344e+00,6.584863185882568359e+00,7.178961277008056641e+00,7.572283267974853516e+00,7.841621398925781250e+00,8.057221412658691406e+00,8.272708892822265625e+00,8.517303466796875000e+00,8.791095733642578125e+00,9.063919067382812500e+00,9.277927398681640625e+00,9.353667259216308594e+00,9.199049949645996094e+00,8.720367431640625000e+00,7.834239482879638672e+00,6.479323387145996094e+00,4.626556396484375000e+00,2.286869049072265625e+00,-4.845179021358489990e-01,-3.587765216827392578e+00,-6.882280349731445312e+00,-1.019459629058837891e+01,-1.332971954345703125e+01,-1.608508110046386719e+01,-1.826594161987304688e+01,-1.970098876953125000e+01,-2.025676918029785156e+01,-1.984970283508300781e+01,-1.845459747314453125e+01,-1.610888099670410156e+01,-1.291207218170166016e+01,-9.020482063293457031e+00,-4.637470722198486328e+00,-1.149453355577239461e-14
0.000000000000000000e+00,4.168361186981201172e+00,8.047338485717773438e+00,1.136883258819580078e+01,1.390563488006591797e+01,1.548781681060791016e+01,1.601463699340820312e+01,1.546104907989501953e+01,1.387837409973144531e+01,1.138913631439208984e+01,8.176568984985351562e+00,4.469705104827880859e+00,5.253282785415649414e-01,-3.391724586486816406e+00,-7.028288841247558594e+00,-1.016104602813720703e+01,-1.261172580718994141e+01,-1.425819873809814453e+01,-1.504068470001220703e+01,-1.496273994445800781e+01,-1.408712863922119141e+01,-1.252713298797607422e+01,-1.043420028686523438e+01,-7.983149528503417969e+00,-5.356307983398437500e+00,-2.728020906448364258e+00,-2.508807480335235596e-01,1.955161094665527344e+00,3.809937000274658203e+00,5.275966167449951172e+00,6.357032299041748047e+00,7.092747211456298828e+00,7.549795627593994141e+00,7.810845375061035156e+00,7.962311267852783203e+00,8.082260131835937500e+00,8.229701995849609375e+00,8.436366081237792969e+00,8.701807975769042969e+00,8.992365837097167969e+00,9.244093894958496094e+00,9.369416236877441406e+00,9.266875267028808594e+00,8.833029747009277344e+00,7.975337982177734375e+00,6.624750614166259766e+00,4.746729850769042969e+00,2.349542856216430664e+00,-5.110964775085449219e-01,-3.731632709503173828e+00,-7.164749145507812500e+00,-1.062773132324218750e+01,-1.391453266143798828e+01,-1.681061172485351562e+01,-1.910932731628417969e+01,-2.062853813171386719e+01,-2.122596549987792969e+01,-2.081199645996093750e+01,-1.935877037048339844e+01,-1.690469360351562500e+01,-1.355393981933593750e+01,-9.470843315124511719e+00,-4.869595527648925781e+00,-1.207036942320544384e-14
0.000000000000000000e+00,3.811491012573242188e+00,7.347321510314941406e+00,1.035256195068359375e+01,1.261208820343017578e+01,1.396648311614990234e+01,1.432351303100585938e+01,1.366429233551025391e+01,1.204369544982910156e+01,9.585046768188476562e+00,6.469595432281494141e+00,2.921690702438354492e+00,-8.090716600418090820e-01,-4.467230796813964844e+00,-7.810776710510253906e+00,-1.062883186340332031e+01,-1.275630187988281250e+01,-1.408437156677246094e+01,-1.456611728668212891e+01,-1.421691417694091797e+01,-1.310977554321289062e+01,-1.136620712280273438e+01,-9.143501281738281250e+00,-6.619707584381103516e+00,-3.977671146392822266e+00,-1.389577150344848633e+00,9.966408014297485352e-01,3.067884922027587891e+00,4.752618789672851562e+00,6.023266792297363281e+00,6.894227981567382812e+00,7.415851116180419922e+00,7.665102958679199219e+00,7.733938217163085938e+00,7.716604709625244141e+00,7.697189331054687500e+00,7.738667011260986328e+00,7.874571323394775391e+00,8.104135513305664062e+00,8.391407012939453125e+00,8.668455123901367188e+00,8.842405319213867188e+00,8.805614471435546875e+00,8.448046684265136719e+00,7.670629978179931641e+00,6.398286819458007812e+00,4.591332435607910156e+00,2.254060268402099609e+00,-5.604262948036193848e-01,-3.749747037887573242e+00,-7.166363239288330078e+00,-1.062608718872070312e+01,-1.392038154602050781e+01,-1.683149909973144531e+01,-1.914922523498535156e+01,-2.068782997131347656e+01,-2.130175971984863281e+01,-2.089874267578125000e+01,-1.944907951354980469e+01,-1.699030685424804688e+01,-1.362672615051269531e+01,-9.523744583129882812e+00,-4.897419452667236328e+00,-1.213984899476987234e-14
0.000000000000000000e+00,3.204000234603881836e+00,6.161035060882568359e+00,8.643304824829101562e+00,1.045978450775146484e+01,1.147084617614746094e+01,1.159872055053710938e+01,1.083296871185302734e+01,9.230571746826171875e+00,6.910662174224853516e+00,4.044411182403564453e+00,8.409368991851806641e-01,-2.469538688659667969e+00,-5.653865337371826172e+00,-8.493956565856933594e+00,-1.080311775207519531e+01,-1.243939876556396484e+01,-1.331492519378662109e+01,-1.340054607391357422e+01,-1.272551631927490234e+01,-1.137239933013916016e+01,-9.467753410339355469e+00,-7.169541358947753906e+00,-4.652451515197753906e+00,-2.092492818832397461e+00,3.477629125118255615e-01,2.531990766525268555e+00,4.359886646270751953e+00,5.773116588592529297e+00,6.757018089294433594e+00,7.338031291961669922e+00,7.577236175537109375e+00,7.560726642608642578e+00,7.387838363647460938e+00,7.158443450927734375e+00,6.960587978363037109e+00,6.859714031219482422e+00,6.890548229217529297e+00,7.052465438842773438e+00,7.308815956115722656e+00,7.590309143066406250e+00,7.802160739898681641e+00,7.834345817565917969e+00,7.573982238769531250e+00,6.918669700622558594e+00,5.789476394653320312e+00,4.142297744750976562e+00,1.976422548294067383e+00,-6.606119871139526367e-01,-3.672471523284912109e+00,-6.917997360229492188e+00,-1.021950435638427734e+01,-1.337481403350830078e+01,-1.617208099365234375e+01,-1.840620422363281250e+01,-1.989545059204101562e+01,-2.049687004089355469e+01,-2.011915016174316406e+01,-1.873177909851074219e+01,-1.636965560913085938e+01,-1.313269329071044922e+01,-9.180336952209472656e+00,-4.721405982971191406e+00,-1.170402005022143366e-14
0.000000000000000000e+00,2.380885601043701172e+00,4.556733608245849609e+00,6.339190959930419922e+00,7.571886062622070312e+00,8.143054008483886719e+00,7.994463920593261719e+00,7.125905036926269531e+00,5.594890117645263672e+00,3.511635541915893555e+00,1.029772162437438965e+00,-1.666395664215087891e+00,-4.376977920532226562e+00,-6.902645111083984375e+00,-9.060463905334472656e+00,-1.069809341430664062e+01,-1.170518302917480469e+01,-1.202104091644287109e+01,-1.163801765441894531e+01,-1.060038375854492188e+01,-8.998908996582031250e+00,-6.961704730987548828e+00,-4.642208576202392578e+00,-2.205437421798706055e+00,1.862426698207855225e-01,2.386559486389160156e+00,4.276805877685546875e+00,5.774359226226806641e+00,6.837552547454833984e+00,7.466545104980468750e+00,7.700206756591796875e+00,7.609407424926757812e+00,7.287427902221679688e+00,6.838460445404052734e+00,6.365356922149658203e+00,5.957820415496826172e+00,5.682204723358154297e+00,5.573921680450439453e+00,5.633211135864257812e+00,5.824698925018310547e+00,6.080819606781005859e+00,6.308808326721191406e+00,6.400617122650146484e+00,6.244834423065185547e+00,5.739482879638671875e+00,4.804463386535644531e+00,3.392437934875488281e+00,1.497057318687438965e+00,-8.423302769660949707e-01,-3.540045738220214844e+00,-6.467720985412597656e+00,-9.462024688720703125e+00,-1.233591747283935547e+01,-1.489254951477050781e+01,-1.694066047668457031e+01,-1.831019401550292969e+01,-1.886677742004394531e+01,-1.852384185791015625e+01,-1.725125312805175781e+01,-1.507970809936523438e+01,-1.210042476654052734e+01,-8.460092544555664062e+00,-4.351416110992431641e+00,-1.078720090547579877e-14
0.000000000000000000e+00,1.389729857444763184e+00,2.627142429351806641e+00,3.573345899581909180e+00,4.115137100219726562e+00,4.175042152404785156e+00,3.718263149261474609e+00,2.755944252014160156e+00,1.344469308853149414e+00,-4.191281199455261230e-01,-2.405241727828979492e+00,-4.462543487548828125e+00,-6.430660247802734375e+00,-8.153577804565429688e+00,-9.492607116699218750e+00,-1.033779811859130859e+01,-1.061683750152587891e+01,-1.030066871643066406e+01,-9.405392646789550781e+00,-7.990323066711425781e+00,-6.152403354644775391e+00,-4.017529010772705078e+00,-1.729565024375915527e+00,5.619381666183471680e-01,2.714230060577392578e+00,4.602939128875732422e+00,6.131729602813720703e+00,7.239203453063964844e+00,7.902469635009765625e+00,8.137117385864257812e+00,7.993649959564208984e+00,7.550765991210937500e+00,6.906158447265625000e+00,6.165728092193603516e+00,5.432244300842285156e+00,4.794540882110595703e+00,4.318278312683105469e+00,4.039154529571533203e+00,3.959218263626098633e+00,4.046660423278808594e+00,4.239113330841064453e+00,4.450183391571044922e+00,4.578616619110107422e+00,4.519259452819824219e+00,4.174789905548095703e+00,3.467115163803100586e+00,2.347343206405639648e+00,8.033513426780700684e-01,-1.135823607444763184e+00,-3.399267673492431641e+00,-5.877320289611816406e+00,-8.428382873535156250e+00,-1.088890361785888672e+01,-1.308574104309082031e+01,-1.484989166259765625e+01,-1.603042984008789062e+01,-1.650745391845703125e+01,-1.620293045043945312e+01,-1.508845424652099609e+01,-1.318924331665039062e+01,-1.058394336700439453e+01,-7.400217056274414062e+00,-3.806417703628540039e+00,-9.436273987130545937e-15
0.000000000000000000e+00,2.875522375106811523e-01,4.833178520202636719e-01,5.050722360610961914e-01,2.888314425945281982e-01,-2.041573077440261841e-01,-9.827637076377868652e-01,-2.024102687835693359e+00,-3.274631261825561523e+00,-4.654135227203369141e+00,-6.062264919281005859e+00,-7.387043476104736328e+00,-8.514601707458496094e+00,-9.339264869689941406e+00,-9.773088455200195312e+00,-9.753997802734375000e+00,-9.251779556274414062e+00,-8.271388053894042969e+00,-6.853258132934570312e+00,-5.070574760437011719e+00,-3.023733854293823242e+00,-8.324647545814514160e-01,1.373692750930786133e+00,3.465729475021362305e+00,5.325416564941406250e+00,6.854566574096679688e+00,7.982497215270996094e+00,8.671044349670410156e+00,8.916699409484863281e+00,8.749694824218750000e+00,8.230137825012207031e+00,7.441564559936523438e+00,6.482501983642578125e+00,5.456823825836181641e+00,4.463781356811523438e+00,3.588624715805053711e+00,2.894676446914672852e+00,2.417591810226440430e+00,2.162334442138671875e+00,2.103159666061401367e+00,2.186616182327270508e+00,2.337304115295410156e+00,2.465872764587402344e+00,2.478534460067749023e+00,2.287217617034912109e+00,1.819427490234375000e+00,1.026885747909545898e+00,-1.078724041581153870e-01,-1.567593693733215332e+00,-3.299512624740600586e+00,-5.217810630798339844e+00,-7.209186077117919922e+00,-9.141108512878417969e+00,-1.087209510803222656e+01,-1.226315498352050781e+01,-1.318942737579345703e+01,-1.355102443695068359e+01,-1.328212738037109375e+01,-1.235753726959228516e+01,-1.079608917236328125e+01,-8.660583496093750000e+00,-6.054219245910644531e+00,-3.113762855529785156e+00,-7.718907910308873965e-15
0.000000000000000000e+00,-8.628810644149780273e-01,-1.752539753913879395e+00,-2.690459251403808594e+00,-3.688102960586547852e+00,-4.743269443511962891e+00,-5.837939262390136719e+00,-6.937880992889404297e+00,-7.994106769561767578e+00,-8.946098327636718750e+00,-9.726538658142089844e+00,-1.026713943481445312e+01,-1.050503540039062500e+01,-1.038914585113525391e+01,-9.885907173156738281e+00,-8.983797073364257812e+00,-7.696190834045410156e+00,-6.062223434448242188e+00,-4.145504474639892578e+00,-2.030720949172973633e+00,1.816360801458358765e-01,2.382025480270385742e+00,4.459545135498046875e+00,6.309922695159912109e+00,7.843134403228759766e+00,8.989998817443847656e+00,9.707183837890625000e+00,9.980164527893066406e+00,9.823891639709472656e+00,9.281073570251464844e+00,8.418215751647949219e+00,7.319754123687744141e+00,6.080758571624755859e+00,4.798856258392333984e+00,3.566047430038452148e+00,2.461137533187866211e+00,1.543430924415588379e+00,8.482422828674316406e-01,3.846121430397033691e-01,1.354267746210098267e-01,5.992912128567695618e-02,9.839635342359542847e-02,1.785674840211868286e-01,2.232472300529479980e-01,1.584047526121139526e-01,-7.896173000335693359e-02,-5.339074730873107910e-01,-1.228205561637878418e+00,-2.157091140747070312e+00,-3.288406133651733398e+00,-4.564252376556396484e+00,-5.905044078826904297e+00,-7.215636730194091797e+00,-8.393024444580078125e+00,-9.334959983825683594e+00,-9.948751449584960938e+00,-1.015948867797851562e+01,-9.916977882385253906e+00,-9.200772285461425781e+00,-8.022848129272460938e+00,-6.427672863006591797e+00,-4.489637374877929688e+00,-2.308036088943481445e+00,-5.720712718506248615e-15
0.000000000000000000e+00,-1.997029185295104980e+00,-3.954824447631835938e+00,-5.833317279815673828e+00,-7.591000556945800781e+00,-9.184758186340332031e+00,-1.057028293609619141e+01,-1.170315837860107422e+01,-1.254061222076416016e+01,-1.304384708404541016e+01,-1.318078613281250000e+01,-1.292898845672607422e+01,-1.227847290039062500e+01,-1.123412418365478516e+01,-9.817417144775390625e+00,-8.067193031311035156e+00,-6.039300441741943359e+00,-3.805030822753906250e+00,-1.448326110839843750e+00,9.381043910980224609e-01,3.257546901702880859e+00,5.414618968963623047e+00,7.320800304412841797e+00,8.899759292602539062e+00,1.009204864501953125e+01,1.085881233215332031e+01,1.118417072296142578e+01,1.107609081268310547e+01,1.056561946868896484e+01,9.704522132873535156e+00,8.561478614807128906e+00,7.217107772827148438e+00,5.758192062377929688e+00,4.271549224853515625e+00,2.838013648986816406e+00,1.527003407478332520e+00,3.920909166336059570e-01,-5.320788621902465820e-01,-1.231289982795715332e+00,-1.711573243141174316e+00,-1.997374653816223145e+00,-2.128247737884521484e+00,-2.154360771179199219e+00,-2.131216049194335938e+00,-2.114031076431274414e+00,-2.152273178100585938e+00,-2.284809589385986328e+00,-2.536094188690185547e+00,-2.913710355758666992e+00,-3.407480716705322266e+00,-3.990215778350830078e+00,-4.620030403137207031e+00,-5.244026184082031250e+00,-5.803013801574707031e+00,-6.236867427825927734e+00,-6.490037441253662109e+00,-6.516745090484619141e+00,-6.285401821136474609e+00,-5.781866550445556641e+00,-5.011250019073486328e+00,-3.998109340667724609e+00,-2.784998893737792969e+00,-1.429504036903381348e+00,-3.541407271262313715e-15
0.000000000000000000e+00,-3.052564382553100586e+00,-6.002293586730957031e+00,-8.749955177307128906e+00,-1.120340728759765625e+01,-1.328086471557617188e+01,-1.491382122039794922e+01,-1.604954147338867188e+01,-1.665301513671875000e+01,-1.670829391479492188e+01,-1.621913337707519531e+01,-1.520892524719238281e+01,-1.371984481811523438e+01,-1.181127262115478516e+01,-9.557492256164550781e+00,-7.044756412506103516e+00,-4.367818832397460938e+00,-1.626065969467163086e+00,1.080575585365295410e+00,3.655786514282226562e+00,6.010851383209228516e+00,8.068314552307128906e+00,9.765106201171875000e+00,1.105497837066650391e+01,1.191011524200439453e+01,1.232183361053466797e+01,1.230033493041992188e+01,1.187351894378662109e+01,1.108492946624755859e+01,9.990956306457519531e+00,8.657457351684570312e+00,7.155994415283203125e+00,5.559920787811279297e+00,3.940538167953491211e+00,2.363558530807495117e+00,8.860700726509094238e-01,-4.458246231079101562e-01,-1.598575711250305176e+00,-2.551892518997192383e+00,-3.298582792282104492e+00,-3.843573570251464844e+00,-4.202224254608154297e+00,-4.398079872131347656e+00,-4.460251808166503906e+00,-4.420633316040039062e+00,-4.311163425445556641e+00,-4.161331176757812500e+00,-3.996099472045898438e+00,-3.834383726119995117e+00,-3.688166379928588867e+00,-3.562282800674438477e+00,-3.454858303070068359e+00,-3.358316898345947266e+00,-3.260849475860595703e+00,-3.148184537887573242e+00,-3.005491971969604492e+00,-2.819242477416992188e+00,-2.578853845596313477e+00,-2.277979612350463867e+00,-1.915334105491638184e+00,-1.494985938072204590e+00,-1.026108980178833008e+00,-5.222218632698059082e-01,-1.290140869434968848e-15
0.000000000000000000e+00,-3.973111867904663086e+00,-7.785351276397705078e+00,-1.128365993499755859e+01,-1.433015632629394531e+01,-1.680863189697265625e+01,-1.862980651855468750e+01,-1.973507690429687500e+01,-2.009856224060058594e+01,-1.972737503051757812e+01,-1.866016006469726562e+01,-1.696403312683105469e+01,-1.473016357421875000e+01,-1.206832218170166016e+01,-9.100729942321777344e+00,-5.955627918243408203e+00,-2.760930061340332031e+00,3.616700470447540283e-01,3.301834106445312500e+00,5.964720249176025391e+00,8.273966789245605469e+00,1.017345714569091797e+01,1.162786674499511719e+01,1.262209606170654297e+01,1.315974330902099609e+01,1.326081752777099609e+01,1.295893192291259766e+01,1.229820919036865234e+01,1.133015155792236328e+01,1.011064052581787109e+01,8.697274208068847656e+00,7.147109031677246094e+00,5.514897823333740234e+00,3.851812839508056641e+00,2.204619646072387695e+00,6.152302622795104980e-01,-8.794649839401245117e-01,-2.247593641281127930e+00,-3.462226390838623047e+00,-4.501318931579589844e+00,-5.347732543945312500e+00,-5.989361286163330078e+00,-6.419362545013427734e+00,-6.636456489562988281e+00,-6.645229339599609375e+00,-6.456366062164306641e+00,-6.086721420288085938e+00,-5.559149742126464844e+00,-4.902029037475585938e+00,-4.148435115814208984e+00,-3.334959983825683594e+00,-2.500202894210815430e+00,-1.682996153831481934e+00,-9.204643368721008301e-01,-2.460410445928573608e-01,3.124214708805084229e-01,7.343041896820068359e-01,1.007503509521484375e+00,1.129230856895446777e+00,1.106248974800109863e+00,9.545061588287353516e-01,6.981724500656127930e-01,3.681282103061676025e-01,9.198592518724489804e-16
0.000000000000000000e+00,-4.711505889892578125e+00,-9.212389945983886719e+00,-1.330364608764648438e+01,-1.680873489379882812e+01,-1.958296585083007812e+01,-2.152080154418945312e+01,-2.256064987182617188e+01,-2.268688964843750000e+01,-2.192903327941894531e+01,-2.035822296142578125e+01,-1.808133506774902344e+01,-1.523321151733398438e+01,-1.196762561798095703e+01,-8.447618484497070312e+00,-4.835933208465576172e+00,-1.286164045333862305e+00,2.064805269241333008e+00,5.102648258209228516e+00,7.739444732666015625e+00,9.915432929992675781e+00,1.159872150421142578e+01,1.278318023681640625e+01,1.348486614227294922e+01,1.373741531372070312e+01,1.358690357208251953e+01,1.308665847778320312e+01,1.229249763488769531e+01,1.125875091552734375e+01,1.003535461425781250e+01,8.666144371032714844e+00,7.188373565673828125e+00,5.633317947387695312e+00,4.027756690979003906e+00,2.396011590957641602e+00,7.621845602989196777e-01,-8.477600812911987305e-01,-2.404412508010864258e+00,-3.874095678329467773e+00,-5.218983173370361328e+00,-6.398217678070068359e+00,-7.369979858398437500e+00,-8.094333648681640625e+00,-8.536588668823242188e+00,-8.670835494995117188e+00,-8.483284950256347656e+00,-7.975028514862060547e+00,-7.163880348205566406e+00,-6.085037708282470703e+00,-4.790378093719482422e+00,-3.346359252929687500e+00,-1.830589532852172852e+00,-3.272792398929595947e-01,1.078113079071044922e+00,2.304640054702758789e+00,3.281576871871948242e+00,3.953620672225952148e+00,4.285141944885253906e+00,4.263113498687744141e+00,3.898450613021850586e+00,3.225614786148071289e+00,2.300475358963012695e+00,1.196565508842468262e+00,2.977052511912822892e-15
0.000000000000000000e+00,-5.232356548309326172e+00,-1.021478652954101562e+01,-1.471221828460693359e+01,-1.851824188232421875e+01,-2.146691894531250000e+01,-2.344175720214843750e+01,-2.438131332397460938e+01,-2.428103828430175781e+01,-2.319137954711914062e+01,-2.121233367919921875e+01,-1.848500442504882812e+01,-1.518081569671630859e+01,-1.148933124542236328e+01,-7.605556964874267578e+00,-3.717719793319702148e+00,3.604697063565254211e-03,3.414296388626098633e+00,6.402879714965820312e+00,8.893804550170898438e+00,1.084777641296386719e+01,1.225933265686035156e+01,1.315208721160888672e+01,1.357225036621093750e+01,1.358111476898193359e+01,1.324729442596435547e+01,1.263943099975585938e+01,1.182003879547119141e+01,1.084098052978515625e+01,9.740900993347167969e+00,8.544727325439453125e+00,7.265134334564208984e+00,5.905671119689941406e+00,4.465091228485107422e+00,2.942301988601684570e+00,1.341303825378417969e+00,-3.244976997375488281e-01,-2.029167175292968750e+00,-3.732718706130981445e+00,-5.381460189819335938e+00,-6.910260200500488281e+00,-8.246592521667480469e+00,-9.316032409667968750e+00,-1.004870223999023438e+01,-1.038605690002441406e+01,-1.028735160827636719e+01,-9.735119819641113281e+00,-8.739065170288085938e+00,-7.337915420532226562e+00,-5.598925590515136719e+00,-3.614954471588134766e+00,-1.499238252639770508e+00,6.217986345291137695e-01,2.617168188095092773e+00,4.360708713531494141e+00,5.740487098693847656e+00,6.667433738708496094e+00,7.082479000091552734e+00,6.961575031280517578e+00,6.318137645721435547e+00,5.202671527862548828e+00,3.699553251266479492e+00,1.921190738677978516e+00,4.777480968882856505e-15
0.000000000000000000e+00,-5.513787269592285156e+00,-1.075028324127197266e+01,-1.544960689544677734e+01,-1.938541793823242188e+01,-2.237858581542968750e+01,-2.430743408203125000e+01,-2.511383056640625000e+01,-2.480477333068847656e+01,-2.344944000244140625e+01,-2.117203903198242188e+01,-1.814113807678222656e+01,-1.455635166168212891e+01,-1.063353443145751953e+01,-6.589636325836181641e+00,-2.628423452377319336e+00,1.071889162063598633e+00,4.368198394775390625e+00,7.158674240112304688e+00,9.385213851928710938e+00,1.103221511840820312e+01,1.212201213836669922e+01,1.270758056640625000e+01,1.286334800720214844e+01,1.267505836486816406e+01,1.222970104217529297e+01,1.160645580291748047e+01,1.086946487426757812e+01,1.006306076049804688e+01,9.209773063659667969e+00,8.311220169067382812e+00,7.351626873016357422e+00,6.303519248962402344e+00,5.134885311126708984e+00,3.816983222961425781e+00,2.331900358200073242e+00,6.790022253990173340e-01,-1.120479345321655273e+00,-3.021286487579345703e+00,-4.954728126525878906e+00,-6.832077980041503906e+00,-8.550543785095214844e+00,-1.000132560729980469e+01,-1.107903385162353516e+01,-1.169161891937255859e+01,-1.176985740661621094e+01,-1.127547168731689453e+01,-1.020704460144042969e+01,-8.603085517883300781e+00,-6.541831016540527344e+00,-4.137644290924072266e+00,-1.534206151962280273e+00,1.105055809020996094e+00,3.608569145202636719e+00,5.809333801269531250e+00,7.557720661163330078e+00,8.733283042907714844e+00,9.254579544067382812e+00,9.086153030395507812e+00,8.242042541503906250e+00,6.785482883453369141e+00,4.824753284454345703e+00,2.505486011505126953e+00,6.230471969240463509e-15
0.000000000000000000e+00,-5.548255443572998047e+00,-1.080457782745361328e+01,-1.549623775482177734e+01,-1.938744926452636719e+01,-2.229430389404296875e+01,-2.409579086303710938e+01,-2.474010658264160156e+01,-2.424585342407226562e+01,-2.269813537597656250e+01,-2.023997116088867188e+01,-1.705981254577636719e+01,-1.337625503540039062e+01,-9.421230316162109375e+00,-5.423077106475830078e+00,-1.590835928916931152e+00,1.899016737937927246e+00,4.912409305572509766e+00,7.363445281982421875e+00,9.215813636779785156e+00,1.047994136810302734e+01,1.120636177062988281e+01,1.147608280181884766e+01,1.138898181915283203e+01,1.105141258239746094e+01,1.056421947479248047e+01,1.001229667663574219e+01,9.456649780273437500e+00,8.929631233215332031e+00,8.433748245239257812e+00,7.944023132324218750e+00,7.413599014282226562e+00,6.781923294067382812e+00,5.984622001647949219e+00,4.963998794555664062e+00,3.679034471511840820e+00,2.113816738128662109e+00,2.834678292274475098e-01,-1.763115406036376953e+00,-3.944095373153686523e+00,-6.149137973785400391e+00,-8.247157096862792969e+00,-1.009672069549560547e+01,-1.155821037292480469e+01,-1.250663471221923828e+01,-1.284391212463378906e+01,-1.250944900512695312e+01,-1.148796939849853516e+01,-9.813782691955566406e+00,-7.570962905883789062e+00,-4.889279365539550781e+00,-1.936090588569641113e+00,1.095228552818298340e+00,3.999432325363159180e+00,6.574993610382080078e+00,8.639850616455078125e+00,1.004599571228027344e+01,1.069166660308837891e+01,1.053006935119628906e+01,9.573884010314941406e+00,7.895083427429199219e+00,5.620061874389648438e+00,2.920401096343994141e+00,7.263814895441030733e-15
0.000000000000000000e+00,-5.342431545257568359e+00,-1.039108085632324219e+01,-1.487235832214355469e+01,-1.855147933959960938e+01,-2.124801826477050781e+01,-2.284724044799804688e+01,-2.330632400512695312e+01,-2.265510749816894531e+01,-2.099133300781250000e+01,-1.847094917297363281e+01,-1.529429149627685547e+01,-1.168941593170166016e+01,-7.893982887268066406e+00,-4.137225151062011719e+00,-6.234919428825378418e-01,2.481326103210449219e+00,5.059449195861816406e+00,7.046267986297607422e+00,8.430552482604980469e+00,9.249993324279785156e+00,9.582664489746093750e+00,9.535334587097167969e+00,9.229843139648437500e+00,8.788869857788085938e+00,8.322488784790039062e+00,7.916751861572265625e+00,7.625372886657714844e+00,7.465249538421630859e+00,7.416178226470947266e+00,7.424729347229003906e+00,7.411838531494140625e+00,7.283308982849121094e+00,6.942152500152587891e+00,6.301506042480468750e+00,5.296806335449218750e+00,3.895971775054931641e+00,2.106513977050781250e+00,-2.120587229728698730e-02,-2.395006179809570312e+00,-4.886226654052734375e+00,-7.338995456695556641e+00,-9.582664489746093750e+00,-1.144633293151855469e+01,-1.277416801452636719e+01,-1.344013214111328125e+01,-1.336073303222656250e+01,-1.250459194183349609e+01,-1.089785289764404297e+01,-8.624831199645996094e+00,-5.823701381683349609e+00,-2.677465677261352539e+00,5.991438627243041992e-01,3.775801420211791992e+00,6.624451160430908203e+00,8.937422752380371094e+00,1.054426860809326172e+01,1.132589530944824219e+01,1.122475337982177734e+01,1.025019645690917969e+01,8.478494644165039062e+00,6.047463893890380859e+00,3.146091938018798828e+00,7.828081986880480736e-15
0.000000000000000000e+00,-4.916192531585693359e+00,-9.548940658569335938e+00,-1.363518333435058594e+01,-1.695097351074218750e+01,-1.932704544067382812e+01,-2.065997123718261719e+01,-2.091805648803710938e+01,-2.014154052734375000e+01,-1.843718338012695312e+01,-1.596776580810546875e+01,-1.293748378753662109e+01,-9.574513435363769531e+00,-6.112278461456298828e+00,-2.771041870117187500e+00,2.586530447006225586e-01,2.829302549362182617e+00,4.845478534698486328e+00,6.267915725708007812e+00,7.112434387207031250e+00,7.443960666656494141e+00,7.366322994232177734e+00,7.008885383605957031e+00,6.511345863342285156e+00,6.008172035217285156e+00,5.614158153533935547e+00,5.412465572357177734e+00,5.446260929107666016e+00,5.714713573455810547e+00,6.173700332641601562e+00,6.741122722625732422e+00,7.306286811828613281e+00,7.742438316345214844e+00,7.921211719512939453e+00,7.727588653564453125e+00,7.073897838592529297e+00,5.911458015441894531e+00,4.238684654235839844e+00,2.104802846908569336e+00,-3.913062810897827148e-01,-3.107125997543334961e+00,-5.866961002349853516e+00,-8.475964546203613281e+00,-1.073654270172119141e+01,-1.246567630767822266e+01,-1.351163101196289062e+01,-1.376850318908691406e+01,-1.318726539611816406e+01,-1.178221893310546875e+01,-9.632195472717285156e+00,-6.876247882843017578e+00,-3.704120397567749023e+00,-3.421783149242401123e-01,2.964056968688964844e+00,5.969344139099121094e+00,8.448507308959960938e+00,1.021488952636718750e+01,1.113591098785400391e+01,1.114436340332031250e+01,1.024447345733642578e+01,8.512154579162597656e+00,6.089392662048339844e+00,3.173196315765380859e+00,7.899794337293871566e-15
0.000000000000000000e+00,-4.300822257995605469e+00,-8.339527130126953125e+00,-1.187380409240722656e+01,-1.469929981231689453e+01,-1.666459274291992188e+01,-1.768177032470703125e+01,-1.773173713684082031e+01,-1.686386489868164062e+01,-1.519008731842041016e+01,-1.287399101257324219e+01,-1.011592197418212891e+01,-7.135432720184326172e+00,-4.152626991271972656e+00,-1.370037436485290527e+00,1.043398618698120117e+00,2.964897871017456055e+00,4.325888156890869141e+00,5.114933013916015625e+00,5.375369071960449219e+00,5.197967052459716797e+00,4.709393501281738281e+00,4.057598114013671875e+00,3.395548582077026367e+00,2.864853858947753906e+00,2.580826520919799805e+00,2.620389938354492188e+00,3.013965368270874023e+00,3.742099523544311523e+00,4.737151145935058594e+00,5.889884948730468750e+00,7.060353755950927734e+00,8.092058181762695312e+00,8.828054428100585938e+00,9.127486228942871094e+00,8.880972862243652344e+00,8.023377418518066406e+00,6.542692184448242188e+00,4.484138011932373047e+00,1.948995113372802734e+00,-9.118326902389526367e-01,-3.909051895141601562e+00,-6.830080032348632812e+00,-9.456731796264648438e+00,-1.158395099639892578e+01,-1.303792953491210938e+01,-1.369199371337890625e+01,-1.347880077362060547e+01,-1.239769935607910156e+01,-1.051652812957763672e+01,-7.967587471008300781e+00,-4.938053607940673828e+00,-1.655553340911865234e+00,1.629903554916381836e+00,4.666148185729980469e+00,7.219524860382080078e+00,9.094252586364746094e+00,1.014881515502929688e+01,1.030796813964843750e+01,9.569294929504394531e+00,8.003749847412109375e+00,5.750070571899414062e+00,3.003540515899658203e+00,7.483200663944630793e-15
0.000000000000000000e+00,-3.536576032638549805e+00,-6.841670513153076172e+00,-9.702332496643066406e+00,-1.194107055664062500e+01,-1.342971420288085938e+01,-1.409902286529541016e+01,-1.394322776794433594e+01,-1.301914310455322266e+01,-1.143996047973632812e+01,-9.364319801330566406e+00,-6.981642723083496094e+00,-4.495078086853027344e+00,-2.103565931320190430e+00,1.535622403025627136e-02,1.720490336418151855e+00,2.918335437774658203e+00,3.569881916046142578e+00,3.692272424697875977e+00,3.355223178863525391e+00,2.672584056854248047e+00,1.789847970008850098e+00,8.687919974327087402e-01,7.069300115108489990e-02,-4.603117406368255615e-01,-6.121624708175659180e-01,-3.167100846767425537e-01,4.426745474338531494e-01,1.628448724746704102e+00,3.151484251022338867e+00,4.878692150115966797e+00,6.645018577575683594e+00,8.268742561340332031e+00,9.568692207336425781e+00,1.038180446624755859e+01,1.057941436767578125e+01,1.008075141906738281e+01,8.862366676330566406e+00,6.962547779083251953e+00,4.480262279510498047e+00,1.568599939346313477e+00,-1.576762437820434570e+00,-4.733147621154785156e+00,-7.669183254241943359e+00,-1.016425418853759766e+01,-1.202740573883056641e+01,-1.311402034759521484e+01,-1.333879470825195312e+01,-1.268382263183593750e+01,-1.120102119445800781e+01,-9.008640289306640625e+00,-6.282071590423583984e+00,-3.239718675613403320e+00,-1.250803470611572266e-01,2.813427448272705078e+00,5.343202114105224609e+00,7.266959190368652344e+00,8.439332962036132812e+00,8.779136657714843750e+00,8.276213645935058594e+00,6.992273807525634766e+00,5.055620193481445312e+00,2.650217294692993164e+00,6.610476783883633897e-15
0.000000000000000000e+00,-2.669805049896240234e+00,-5.146039009094238281e+00,-7.251780986785888672e+00,-8.841913223266601562e+00,-9.815418243408203125e+00,-1.012372016906738281e+01,-9.774315834045410156e+00,-8.829388618469238281e+00,-7.399529933929443359e+00,-5.633152484893798828e+00,-3.702560901641845703e+00,-1.787944912910461426e+00,-6.076851487159729004e-02,1.331943154335021973e+00,2.280973196029663086e+00,2.724719285964965820e+00,2.654532670974731445e+00,2.115093231201171875e+00,1.199777245521545410e+00,4.142666235566139221e-02,-1.200643539428710938e+00,-2.356220483779907227e+00,-3.260925292968750000e+00,-3.772566795349121094e+00,-3.785599708557128906e+00,-3.242336988449096680e+00,-2.139848709106445312e+00,-5.318613648414611816e-01,1.474576830863952637e+00,3.727431774139404297e+00,6.042331218719482422e+00,8.218434333801269531e+00,1.005614662170410156e+01,1.137509632110595703e+01,1.203078746795654297e+01,1.192840194702148438e+01,1.103249263763427734e+01,9.371662139892578125e+00,7.037721633911132812e+00,4.179355144500732422e+00,9.907693266868591309e-01,-2.303743839263916016e+00,-5.468019962310791016e+00,-8.273464202880859375e+00,-1.051804351806640625e+01,-1.204317951202392578e+01,-1.274707603454589844e+01,-1.259329223632812500e+01,-1.161380863189697266e+01,-9.906286239624023438e+00,-7.625733852386474609e+00,-4.971282482147216797e+00,-2.169193744659423828e+00,5.464440584182739258e-01,2.953661918640136719e+00,4.861483573913574219e+00,6.126089096069335938e+00,6.662869453430175781e+00,6.453328132629394531e+00,5.546225070953369141e+00,4.052875518798828125e+00,2.136996269226074219e+00,5.340287352004766466e-15
0.000000000000000000e+00,-1.749841570854187012e+00,-3.349057435989379883e+00,-4.661294937133789062e+00,-5.577408313751220703e+00,-6.025833129882812500e+00,-5.979425907135009766e+00,-5.458108425140380859e+00,-4.527054786682128906e+00,-3.290566682815551758e+00,-1.882186532020568848e+00,-4.519502520561218262e-01,8.480497598648071289e-01,1.878449916839599609e+00,2.526368856430053711e+00,2.716831922531127930e+00,2.420768737792968750e+00,1.658795595169067383e+00,5.003719925880432129e-01,-9.416628479957580566e-01,-2.520736694335937500e+00,-4.069555759429931641e+00,-5.415344238281250000e+00,-6.395953178405761719e+00,-6.875389099121093750e+00,-6.757346153259277344e+00,-5.995472431182861328e+00,-4.599402427673339844e+00,-2.635927438735961914e+00,-2.251175940036773682e-01,2.468348264694213867e+00,5.247962474822998047e+00,7.901221752166748047e+00,1.021717643737792969e+01,1.200418949127197266e+01,1.310637187957763672e+01,1.341724491119384766e+01,1.288943099975585938e+01,1.153948688507080078e+01,9.447422981262207031e+00,6.750905036926269531e+00,3.634584426879882812e+00,3.154610395431518555e-01,-2.974519491195678711e+00,-6.007143020629882812e+00,-8.576298713684082031e+00,-1.051447677612304688e+01,-1.170598506927490234e+01,-1.209576225280761719e+01,-1.169303035736083984e+01,-1.056950092315673828e+01,-8.852293968200683594e+00,-6.712211608886718750e+00,-4.348379135131835938e+00,-1.970628261566162109e+00,2.188625633716583252e-01,2.043054580688476562e+00,3.365141153335571289e+00,4.099937915802001953e+00,4.220583915710449219e+00,3.759990215301513672e+00,2.806921243667602539e+00,1.497079968452453613e+00,3.754717060677021864e-15
0.000000000000000000e+00,-8.258719444274902344e-01,-1.546792030334472656e+00,-2.069332599639892578e+00,-2.321970462799072266e+00,-2.263284683227539062e+00,-1.887143015861511230e+00,-1.224330186843872070e+00,-3.404126763343811035e-01,6.700100898742675781e-01,1.692165374755859375e+00,2.602273225784301758e+00,3.279984235763549805e+00,3.620910644531250000e+00,3.548053741455078125e+00,3.020999193191528320e+00,2.041952371597290039e+00,6.579498052597045898e-01,-1.041065692901611328e+00,-2.928252696990966797e+00,-4.849526405334472656e+00,-6.636087894439697266e+00,-8.118772506713867188e+00,-9.142986297607421875e+00,-9.582902908325195312e+00,-9.353650093078613281e+00,-8.420370101928710938e+00,-6.803258895874023438e+00,-4.578083515167236328e+00,-1.872007489204406738e+00,1.145002484321594238e+00,4.272544384002685547e+00,7.294940948486328125e+00,9.997951507568359375e+00,1.218565750122070312e+01,1.369609546661376953e+01,1.441432857513427734e+01,1.428183174133300781e+01,1.330139350891113281e+01,1.153708648681640625e+01,9.109310150146484375e+00,6.185292243957519531e+00,2.965853214263916016e+00,-3.304749131202697754e-01,-3.484628915786743164e+00,-6.294063091278076172e+00,-8.588236808776855469e+00,-1.024125576019287109e+01,-1.118062210083007812e+01,-1.139140605926513672e+01,-1.091552066802978516e+01,-9.846230506896972656e+00,-8.318431854248046875e+00,-6.495582580566406250e+00,-4.554481983184814453e+00,-2.669244766235351562e+00,-9.958969354629516602e-01,3.410541415214538574e-01,1.258907556533813477e+00,1.723027825355529785e+00,1.748556733131408691e+00,1.397465944290161133e+00,7.712564468383789062e-01,1.954708308532352758e-15
0.000000000000000000e+00,5.600133910775184631e-02,1.707876622676849365e-01,3.946142792701721191e-01,7.615945339202880859e-01,1.283833146095275879e+00,1.947963356971740723e+00,2.714511394500732422e+00,3.520232200622558594e+00,4.283268928527832031e+00,4.910697460174560547e+00,5.307779312133789062e+00,5.388050556182861328e+00,5.083277702331542969e+00,4.352289199829101562e+00,3.187766551971435547e+00,1.620252490043640137e+00,-2.811393439769744873e-01,-2.411531448364257812e+00,-4.636511802673339844e+00,-6.801369190216064453e+00,-8.742643356323242188e+00,-1.030105400085449219e+01,-1.133474254608154297e+01,-1.173167705535888672e+01,-1.142014026641845703e+01,-1.037633705139160156e+01,-8.628392219543457031e+00,-6.256301879882812500e+00,-3.387736082077026367e+00,-1.899462789297103882e-01,3.141649007797241211e+00,6.397323131561279297e+00,9.368258476257324219e+00,1.186191177368164062e+01,1.371628379821777344e+01,1.481193542480468750e+01,1.508077907562255859e+01,1.451092243194580078e+01,1.314716911315917969e+01,1.108716487884521484e+01,8.473488807678222656e+00,5.482385158538818359e+00,2.310050964355468750e+00,-8.423678874969482422e-01,-3.783837318420410156e+00,-6.347323894500732422e+00,-8.401391983032226562e+00,-9.858588218688964844e+00,-1.067999553680419922e+01,-1.087564945220947266e+01,-1.050088787078857422e+01,-9.649036407470703125e+00,-8.441169738769531250e+00,-7.013894081115722656e+00,-5.506294250488281250e+00,-4.047212600708007812e+00,-2.744002819061279297e+00,-1.673742175102233887e+00,-8.776476383209228516e-01,-3.591554164886474609e-01,-8.577048778533935547e-02,5.544681567698717117e-03,5.423628061885639950e-17
0.000000000000000000e+00,8.553217053413391113e-01,1.724817037582397461e+00,2.617245435714721680e+00,3.531205415725708008e+00,4.451654434204101562e+00,5.348166942596435547e+00,6.175224304199218750e+00,6.874613761901855469e+00,7.379805088043212891e+00,7.621941089630126953e+00,7.536917686462402344e+00,7.072871685028076172e+00,6.197334289550781250e+00,4.903307437896728516e+00,3.213573217391967773e+00,1.182697772979736328e+00,-1.103627562522888184e+00,-3.532031297683715820e+00,-5.967568874359130859e+00,-8.262118339538574219e+00,-1.026447772979736328e+01,-1.183138942718505859e+01,-1.283861827850341797e+01,-1.319117450714111328e+01,-1.283178520202636719e+01,-1.174688053131103516e+01,-9.969507217407226562e+00,-7.578838825225830078e+00,-4.696231842041015625e+00,-1.478030920028686523e+00,1.894370198249816895e+00,5.226502895355224609e+00,8.323930740356445312e+00,1.100549507141113281e+01,1.311568450927734375e+01,1.453516578674316406e+01,1.518868160247802734e+01,1.504969692230224609e+01,1.414147567749023438e+01,1.253451251983642578e+01,1.034057807922363281e+01,7.703885078430175781e+00,4.790105342864990234e+00,1.774139285087585449e+00,-1.172364950180053711e+00,-3.892764568328857422e+00,-6.255527496337890625e+00,-8.161938667297363281e+00,-9.550868988037109375e+00,-1.040032005310058594e+01,-1.072576427459716797e+01,-1.057552719116210938e+01,-1.002376270294189453e+01,-9.161718368530273438e+00,-8.088140487670898438e+00,-6.899729728698730469e+00,-5.682503700256347656e+00,-4.504838466644287109e+00,-3.412777662277221680e+00,-2.427975893020629883e+00,-1.548385381698608398e+00,-7.515345811843872070e-01,-1.826445709219659888e-15
0.000000000000000000e+00,1.539319038391113281e+00,3.051524162292480469e+00,4.507205009460449219e+00,5.872761726379394531e+00,7.109277248382568359e+00,8.172427177429199219e+00,9.013586997985839844e+00,9.582159042358398438e+00,9.828994750976562500e+00,9.710652351379394531e+00,9.194123268127441406e+00,8.261553764343261719e+00,6.914484024047851562e+00,5.177103996276855469e+00,3.098094701766967773e+00,7.507272958755493164e-01,-1.768980860710144043e+00,-4.346079349517822266e+00,-6.852330684661865234e+00,-9.153368949890136719e+00,-1.111692237854003906e+01,-1.262151145935058594e+01,-1.356497669219970703e+01,-1.387217330932617188e+01,-1.350120258331298828e+01,-1.244763660430908203e+01,-1.074634456634521484e+01,-8.470693588256835938e+00,-5.729101181030273438e+00,-2.659111738204956055e+00,5.806134939193725586e-01,3.819868803024291992e+00,6.887358665466308594e+00,9.621296882629394531e+00,1.187939357757568359e+01,1.354750537872314453e+01,1.454635524749755859e+01,1.483583259582519531e+01,1.441661548614501953e+01,1.332903194427490234e+01,1.164930534362792969e+01,9.483514785766601562e+00,6.959777832031250000e+00,4.219286441802978516e+00,1.406892061233520508e+00,-1.338047981262207031e+00,-3.889883279800415039e+00,-6.143384933471679688e+00,-8.018526077270507812e+00,-9.463080406188964844e+00,-1.045297431945800781e+01,-1.099052047729492188e+01,-1.110084152221679688e+01,-1.082691287994384766e+01,-1.022377300262451172e+01,-9.352483749389648438e+00,-8.274417877197265625e+00,-7.046390056610107422e+00,-5.717035293579101562e+00,-4.324711799621582031e+00,-2.897023677825927734e+00,-1.451898813247680664e+00,-3.568088597342587362e-15
0.000000000000000000e+00,2.084326028823852539e+00,4.104996204376220703e+00,5.999070167541503906e+00,7.705174922943115234e+00,9.164611816406250000e+00,1.032279491424560547e+01,1.113104248046875000e+01,1.154869461059570312e+01,1.154545307159423828e+01,1.110378456115722656e+01,1.022118759155273438e+01,8.912096977233886719e+00,7.209178447723388672e+00,5.163800716400146484e+00,2.845504999160766602e+00,3.403533697128295898e-01,-2.251877784729003906e+00,-4.821608066558837891e+00,-7.254315376281738281e+00,-9.436120986938476562e+00,-1.125977802276611328e+01,-1.263070297241210938e+01,-1.347265052795410156e+01,-1.373263645172119141e+01,-1.338474941253662109e+01,-1.243253707885742188e+01,-1.090976428985595703e+01,-8.879417419433593750e+00,-6.430970668792724609e+00,-3.676045894622802734e+00,-7.426916360855102539e-01,2.231361389160156250e+00,5.106063842773437500e+00,7.746565818786621094e+00,1.003041839599609375e+01,1.185400772094726562e+01,1.313782310485839844e+01,1.383025169372558594e+01,1.390967941284179688e+01,1.338482379913330078e+01,1.229331588745117188e+01,1.069869041442871094e+01,8.686033248901367188e+00,6.356622219085693359e+00,3.821951389312744141e+00,1.197542786598205566e+00,-1.403037667274475098e+00,-3.873608350753784180e+00,-6.119938373565673828e+00,-8.063237190246582031e+00,-9.642450332641601562e+00,-1.081533527374267578e+01,-1.155839633941650391e+01,-1.186582946777343750e+01,-1.174769020080566406e+01,-1.122754287719726562e+01,-1.033985328674316406e+01,-9.127370834350585938e+00,-7.638729572296142578e+00,-5.926405906677246094e+00,-4.045146942138671875e+00,-2.050869703292846680e+00,-5.059799167785082943e-15
0.000000000000000000e+00,2.476515531539916992e+00,4.858618259429931641e+00,7.055422306060791016e+00,8.982972145080566406e+00,1.056739902496337891e+01,1.174771308898925781e+01,1.247814083099365234e+01,1.272990417480468750e+01,1.249238586425781250e+01,1.177362251281738281e+01,1.060010814666748047e+01,9.015892982482910156e+00,7.081022739410400391e+00,4.869340419769287109e+00,2.465748310089111328e+00,-3.699037432670593262e-02,-2.541785955429077148e+00,-4.950967788696289062e+00,-7.170093536376953125e+00,-9.111679077148437500e+00,-1.069869041442871094e+01,-1.186767005920410156e+01,-1.257135295867919922e+01,-1.278066349029541016e+01,-1.248600864410400391e+01,-1.169779586791992188e+01,-1.044614696502685547e+01,-8.779820442199707031e+00,-6.764351367950439453e+00,-4.479506969451904297e+00,-2.016134500503540039e+00,5.274648070335388184e-01,3.049489259719848633e+00,5.448756694793701172e+00,7.628818988800048828e+00,9.501904487609863281e+00,1.099250888824462891e+01,1.204050636291503906e+01,1.260361957550048828e+01,1.265917873382568359e+01,1.220505714416503906e+01,1.125977802276611328e+01,9.861766815185546875e+00,8.067786216735839844e+00,5.950623989105224609e+00,3.596120834350585938e+00,1.099674701690673828e+00,-1.437644839286804199e+00,-3.913203239440917969e+00,-6.226964473724365234e+00,-8.285540580749511719e+00,-1.000596046447753906e+01,-1.131901073455810547e+01,-1.217200946807861328e+01,-1.253090858459472656e+01,-1.238164043426513672e+01,-1.173065567016601562e+01,-1.060464000701904297e+01,-9.049417495727539062e+00,-7.128086090087890625e+00,-4.918467521667480469e+00,-2.509971857070922852e+00,-6.205982129152973550e-15
0.000000000000000000e+00,2.711957693099975586e+00,5.305179119110107422e+00,7.666989326477050781e+00,9.696458816528320312e+00,1.130937004089355469e+01,1.244217014312744141e+01,1.305468463897705078e+01,1.313146591186523438e+01,1.268173694610595703e+01,1.173798751831054688e+01,1.035337448120117188e+01,8.598150253295898438e+00,6.555387496948242188e+00,4.316325664520263672e+00,1.975633263587951660e+00,-3.730963766574859619e-01,-2.641375303268432617e+00,-4.749169349670410156e+00,-6.627442359924316406e+00,-8.219836235046386719e+00,-9.483514785766601562e+00,-1.038924694061279297e+01,-1.092087650299072266e+01,-1.107433795928955078e+01,-1.085640907287597656e+01,-1.028337478637695312e+01,-9.379753112792968750e+00,-8.177192687988281250e+00,-6.713604450225830078e+00,-5.032534599304199219e+00,-3.182723283767700195e+00,-1.217759251594543457e+00,8.042877316474914551e-01,2.821408033370971680e+00,4.768493175506591797e+00,6.578592300415039062e+00,8.184656143188476562e+00,9.521779060363769531e+00,1.052989578247070312e+01,1.115682125091552734e+01,1.136145305633544922e+01,1.111692237854003906e+01,1.041342735290527344e+01,9.260485649108886719e+00,7.688356876373291016e+00,5.748404026031494141e+00,3.512252330780029297e+00,1.069657087326049805e+00,-1.474902868270874023e+00,-4.006790637969970703e+00,-6.406729698181152344e+00,-8.556977272033691406e+00,-1.034779834747314453e+01,-1.168381881713867188e+01,-1.248985195159912109e+01,-1.271578788757324219e+01,-1.234017944335937500e+01,-1.137225723266601562e+01,-9.852185249328613281e+00,-7.849482536315917969e+00,-5.459680080413818359e+00,-2.799377679824829102e+00,-6.932406902080681319e-15
0.000000000000000000e+00,2.796038389205932617e+00,5.455729961395263672e+00,7.850976467132568359e+00,9.869576454162597656e+00,1.142172145843505859e+01,1.244487476348876953e+01,1.290672302246093750e+01,1.280600738525390625e+01,1.217125701904296875e+01,1.105756187438964844e+01,9.541728973388671875e+00,7.716226100921630859e+00,5.682453155517578125e+00,3.543875694274902344e+00,1.399567842483520508e+00,-6.613554358482360840e-01,-2.564034700393676758e+00,-4.250635623931884766e+00,-5.681483745574951172e+00,-6.834609031677246094e+00,-7.703885078430175781e+00,-8.296073913574218750e+00,-8.627167701721191406e+00,-8.718475341796875000e+00,-8.592898368835449219e+00,-8.271798133850097656e+00,-7.772794723510742188e+00,-7.108691692352294922e+00,-6.287628173828125000e+00,-5.314392566680908203e+00,-4.192704200744628906e+00,-2.928168773651123047e+00,-1.531507372856140137e+00,-2.163560129702091217e-02,1.571845650672912598e+00,3.207135677337646484e+00,4.829998016357421875e+00,6.374986171722412109e+00,7.768174171447753906e+00,8.931274414062500000e+00,9.786885261535644531e+00,1.026447772979736328e+01,1.030662250518798828e+01,9.874913215637207031e+00,8.955032348632812500e+00,7.560426712036132812e+00,5.734185218811035156e+00,3.548797845840454102e+00,1.103685617446899414e+00,-1.479467034339904785e+00,-4.063333511352539062e+00,-6.503119468688964844e+00,-8.655739784240722656e+00,-1.038934326171875000e+01,-1.159248161315917969e+01,-1.218221759796142578e+01,-1.211053848266601562e+01,-1.136853694915771484e+01,-9.988004684448242188e+00,-8.040246009826660156e+00,-5.632161617279052734e+00,-2.899825572967529297e+00,-7.190978532306633447e-15
0.000000000000000000e+00,2.742329359054565430e+00,5.337357997894287109e+00,7.647830009460449219e+00,9.555778503417968750e+00,1.097023868560791016e+01,1.183283138275146484e+01,1.212079048156738281e+01,1.184724807739257812e+01,1.105880355834960938e+01,9.830625534057617188e+00,8.259579658508300781e+00,6.455978393554687500e+00,4.534695625305175781e+00,2.606417417526245117e+00,7.697593569755554199e-01,-8.951051831245422363e-01,-2.330806732177734375e+00,-3.504837274551391602e+00,-4.409219741821289062e+00,-5.057925224304199219e+00,-5.482385158538818359e+00,-5.725614547729492188e+00,-5.835577011108398438e+00,-5.858494758605957031e+00,-5.832791328430175781e+00,-5.784282207489013672e+00,-5.723106384277343750e+00,-5.642705440521240234e+00,-5.520957469940185547e+00,-5.323348999023437500e+00,-5.007866859436035156e+00,-4.531105041503906250e+00,-3.854962825775146484e+00,-2.953218221664428711e+00,-1.817276000976562500e+00,-4.604359269142150879e-01,1.079840421676635742e+00,2.742009401321411133e+00,4.443002223968505859e+00,6.083155155181884766e+00,7.553180217742919922e+00,8.742643356323242188e+00,9.549242973327636719e+00,9.888099670410156250e+00,9.700205802917480469e+00,8.959269523620605469e+00,7.676244258880615234e+00,5.901062011718750000e+00,3.721288442611694336e+00,1.257676362991333008e+00,-1.343141317367553711e+00,-3.918323278427124023e+00,-6.300153732299804688e+00,-8.328178405761718750e+00,-9.861186981201171875e+00,-1.078808879852294922e+01,-1.103679180145263672e+01,-1.058032989501953125e+01,-9.439724922180175781e+00,-7.683288574218750000e+00,-5.422375202178955078e+00,-2.803875446319580078e+00,-6.962864089281577823e-15
0.000000000000000000e+00,2.571021080017089844e+00,4.990112781524658203e+00,7.116759300231933594e+00,8.832303047180175781e+00,1.004855060577392578e+01,1.071381378173828125e+01,1.081590175628662109e+01,1.038183498382568359e+01,9.474361419677734375e+00,8.185597419738769531e+00,6.628417015075683594e+00,4.926351547241210938e+00,3.202929973602294922e+00,1.571401953697204590e+00,1.257542967796325684e-01,-1.066202402114868164e+00,-1.967093706130981445e+00,-2.571252822875976562e+00,-2.902950048446655273e+00,-3.011802434921264648e+00,-2.965853214263916016e+00,-2.843014717102050781e+00,-2.721730947494506836e+00,-2.671770572662353516e+00,-2.746062755584716797e+00,-2.974374055862426758e+00,-3.359460353851318359e+00,-3.876091003417968750e+00,-4.473067283630371094e+00,-5.078072547912597656e+00,-5.604926109313964844e+00,-5.962559223175048828e+00,-6.064881801605224609e+00,-5.840583324432373047e+00,-5.241920948028564453e+00,-4.251608848571777344e+00,-2.887087821960449219e+00,-1.201680183410644531e+00,7.175866365432739258e-01,2.755407810211181641e+00,4.776495456695556641e+00,6.636087894439697266e+00,8.191803932189941406e+00,9.315831184387207031e+00,9.906381607055664062e+00,9.897380828857421875e+00,9.265505790710449219e+00,8.033868789672851562e+00,6.271950721740722656e+00,4.091680049896240234e+00,1.639894962310791016e+00,-9.122585058212280273e-01,-3.382180213928222656e+00,-5.589889049530029297e+00,-7.372178077697753906e+00,-8.595674514770507812e+00,-9.167724609375000000e+00,-9.044173240661621094e+00,-8.233360290527343750e+00,-6.795983314514160156e+00,-4.840786933898925781e+00,-2.516405582427978516e+00,-6.259745004381098502e-15
0.000000000000000000e+00,2.307062625885009766e+00,4.463349342346191406e+00,6.330412864685058594e+00,7.793375015258789062e+00,8.770084381103515625e+00,9.217385292053222656e+00,9.133964538574218750e+00,8.559521675109863281e+00,7.570379257202148438e+00,6.271934986114501953e+00,4.788655757904052734e+00,3.252543210983276367e+00,1.791116476058959961e+00,5.160111784934997559e-01,-4.867645800113677979e-01,-1.164036512374877930e+00,-1.499482393264770508e+00,-1.514104247093200684e+00,-1.263127326965332031e+00,-8.296231031417846680e-01,-3.154610395431518555e-01,1.695581972599029541e-01,5.193656682968139648e-01,6.429795026779174805e-01,4.744722247123718262e-01,-1.940891146659851074e-02,-8.347181677818298340e-01,-1.929353117942810059e+00,-3.225805759429931641e+00,-4.617424964904785156e+00,-5.977665901184082031e+00,-7.171517848968505859e+00,-8.068099021911621094e+00,-8.553266525268554688e+00,-8.541091918945312500e+00,-7.983124256134033203e+00,-6.874549388885498047e+00,-5.256612777709960938e+00,-3.215013504028320312e+00,-8.743174076080322266e-01,1.611201763153076172e+00,4.069555759429931641e+00,6.324879169464111328e+00,8.211933135986328125e+00,9.590030670166015625e+00,1.035516357421875000e+01,1.044925308227539062e+01,9.865694999694824219e+00,8.650650024414062500e+00,6.899934291839599609e+00,4.751701354980468750e+00,2.375506162643432617e+00,-4.136933013796806335e-02,-2.309184551239013672e+00,-4.251328945159912109e+00,-5.718910217285156250e+00,-6.603100776672363281e+00,-6.844188690185546875e+00,-6.436550617218017578e+00,-5.429108142852783203e+00,-3.921213150024414062e+00,-2.054301023483276367e+00,-5.123065329164927517e-15
0.000000000000000000e+00,1.978158235549926758e+00,3.811783790588378906e+00,5.369129657745361328e+00,6.542845249176025391e+00,7.259354591369628906e+00,7.485136032104492188e+00,7.229324817657470703e+00,6.542408466339111328e+00,5.511120796203613281e+00,4.250011920928955078e+00,2.890464305877685547e+00,1.568168759346008301e+00,4.102157950401306152e-01,-4.769994616508483887e-01,-1.017932176589965820e+00,-1.175147891044616699e+00,-9.529932141304016113e-01,-3.973113894462585449e-01,4.088050723075866699e-01,1.352865576744079590e+00,2.303743839263916016e+00,3.124385118484497070e+00,3.685304164886474609e+00,3.877633333206176758e+00,3.624510765075683594e+00,2.889731407165527344e+00,1.682823181152343750e+00,6.002031266689300537e-02,-1.879026174545288086e+00,-3.998581409454345703e+00,-6.137616157531738281e+00,-8.123148918151855469e+00,-9.784996986389160156e+00,-1.097064685821533203e+01,-1.155894660949707031e+01,-1.147137641906738281e+01,-1.067988681793212891e+01,-9.210573196411132812e+00,-7.142787933349609375e+00,-4.603734016418457031e+00,-1.758934020996093750e+00,1.200643539428710938e+00,4.073727607727050781e+00,6.664882183074951172e+00,8.800261497497558594e+00,1.034164047241210938e+01,1.119750499725341797e+01,1.133025169372558594e+01,1.075886535644531250e+01,9.556838989257812500e+00,7.845510005950927734e+00,5.783379077911376953e+00,3.552334547042846680e+00,1.341964840888977051e+00,-6.666817665100097656e-01,-2.316492080688476562e+00,-3.487504482269287109e+00,-4.106805801391601562e+00,-4.154260158538818359e+00,-3.663573741912841797e+00,-2.718620300292968750e+00,-1.445349454879760742e+00,-3.621313606649205832e-15
0.000000000000000000e+00,1.612762451171875000e+00,3.091554641723632812e+00,4.315184593200683594e+00,5.186809539794921875e+00,5.643203735351562500e+00,5.660836696624755859e+00,5.258177280426025391e+00,4.493987560272216797e+00,3.461738348007202148e+00,2.280646085739135742e+00,1.084152936935424805e+00,6.905921734869480133e-03,-8.285495638847351074e-01,-1.324114680290222168e+00,-1.416346788406372070e+00,-1.083545804023742676e+00,-3.490037620067596436e-01,7.199473977088928223e-01,2.017079591751098633e+00,3.406203508377075195e+00,4.733147621154785156e+00,5.839742183685302734e+00,6.578575134277343750e+00,6.827195644378662109e+00,6.500475883483886719e+00,5.559974193572998047e+00,4.019417762756347656e+00,1.945722341537475586e+00,-5.446144342422485352e-01,-3.293526411056518555e+00,-6.113176822662353516e+00,-8.800583839416503906e+00,-1.115385818481445312e+01,-1.298867416381835938e+01,-1.415358543395996094e+01,-1.454284381866455078e+01,-1.410563087463378906e+01,-1.285086154937744141e+01,-1.084714603424072266e+01,-8.217867851257324219e+00,-5.131771564483642578e+00,-1.789847970008850098e+00,1.590395569801330566e+00,4.791951656341552734e+00,7.615185737609863281e+00,9.893141746520996094e+00,1.150400543212890625e+01,1.237967872619628906e+01,1.250977993011474609e+01,1.194075584411621094e+01,1.077024364471435547e+01,9.137207984924316406e+00,7.208753585815429688e+00,5.164794921875000000e+00,3.181953430175781250e+00,1.418091654777526855e+00,-1.146879047155380249e-03,-9.926269650459289551e-01,-1.521953463554382324e+00,-1.605125546455383301e+00,-1.305504560470581055e+00,-7.264036536216735840e-01,-1.845492303829856899e-15
0.000000000000000000e+00,1.238215923309326172e+00,2.356543302536010742e+00,3.247413873672485352e+00,3.826702594757080078e+00,4.042571067810058594e+00,3.881155967712402344e+00,3.368527173995971680e+00,2.568690061569213867e+00,1.577776432037353516e+00,5.149306654930114746e-01,-4.892809391021728516e-01,-1.305871129035949707e+00,-1.820627570152282715e+00,-1.946252107620239258e+00,-1.632272005081176758e+00,-8.717378377914428711e-01,2.959960103034973145e-01,1.786765575408935547e+00,3.477336645126342773e+00,5.214975833892822266e+00,6.830080032348632812e+00,8.150808334350585938e+00,9.018446922302246094e+00,9.302168846130371094e+00,8.911860466003417969e+00,7.807846546173095703e+00,6.006594181060791016e+00,3.581807136535644531e+00,6.607293486595153809e-01,-2.584129810333251953e+00,-5.947224140167236328e+00,-9.205187797546386719e+00,-1.213381004333496094e+01,-1.452536678314208984e+01,-1.620487976074218750e+01,-1.704393768310546875e+01,-1.697092819213867188e+01,-1.597682476043701172e+01,-1.411601734161376953e+01,-1.150216293334960938e+01,-8.299354553222656250e+00,-4.709393501281738281e+00,-9.562107324600219727e-01,2.731245279312133789e+00,6.136230468750000000e+00,9.070109367370605469e+00,1.138564109802246094e+01,1.298657321929931641e+01,1.383281707763671875e+01,1.394084262847900391e+01,1.337935733795166016e+01,1.226075649261474609e+01,1.072915649414062500e+01,8.946162223815917969e+00,7.075649738311767578e+00,5.268957138061523438e+00,3.651799440383911133e+00,2.314054250717163086e+00,1.303301811218261719e+00,6.226407885551452637e-01,2.329129278659820557e-01,5.906569585204124451e-02,9.693171747903825560e-17
0.000000000000000000e+00,8.791298866271972656e-01,1.655192732810974121e+00,2.236549615859985352e+00,2.553279638290405273e+00,2.565302848815917969e+00,2.267504215240478516e+00,1.691321611404418945e+00,9.025816917419433594e-01,-4.263457376509904861e-03,-9.150076508522033691e-01,-1.706870913505554199e+00,-2.260960340499877930e+00,-2.474840879440307617e+00,-2.274016380310058594e+00,-1.621195673942565918e+00,-5.224010944366455078e-01,9.707500934600830078e-01,2.762927055358886719e+00,4.721091270446777344e+00,6.684216499328613281e+00,8.475964546203613281e+00,9.919286727905273438e+00,1.085171127319335938e+01,1.114001083374023438e+01,1.069295024871826172e+01,9.470981597900390625e+00,7.491957187652587891e+00,4.832313537597656250e+00,1.623500227928161621e+00,-1.956130743026733398e+00,-5.693389415740966797e+00,-9.355336189270019531e+00,-1.270620346069335938e+01,-1.552478885650634766e+01,-1.762092399597167969e+01,-1.884967613220214844e+01,-1.912213134765625000e+01,-1.841191101074218750e+01,-1.675687599182128906e+01,-1.425593090057373047e+01,-1.106121158599853516e+01,-7.366322994232177734e+00,-3.391634702682495117e+00,6.321510672569274902e-01,4.480788707733154297e+00,7.952274799346923828e+00,1.088036346435546875e+01,1.314476203918457031e+01,1.467725276947021484e+01,1.546336746215820312e+01,1.553959369659423828e+01,1.498653316497802734e+01,1.391871643066406250e+01,1.247210121154785156e+01,1.079045200347900391e+01,9.011845588684082031e+00,7.256556987762451172e+00,5.617379188537597656e+00,4.153220653533935547e+00,2.886479377746582031e+00,1.804355502128601074e+00,8.638665080070495605e-01,2.089191094293207582e-15
0.000000000000000000e+00,5.561087727546691895e-01,1.027980804443359375e+00,1.341509819030761719e+00,1.441817641258239746e+00,1.300382733345031738e+00,9.194500446319580078e-01,3.332330882549285889e-01,-3.942780196666717529e-01,-1.174759864807128906e+00,-1.903792142868041992e+00,-2.471153020858764648e+00,-2.772225856781005859e+00,-2.719443321228027344e+00,-2.252671003341674805e+00,-1.347492575645446777e+00,-2.054456993937492371e-02,1.668718814849853516e+00,3.620127439498901367e+00,5.698723793029785156e+00,7.744132041931152344e+00,9.582664489746093750e+00,1.104119586944580078e+01,1.196167182922363281e+01,1.221501064300537109e+01,1.171321964263916016e+01,1.041862201690673828e+01,8.349373817443847656e+00,5.580695629119873047e+00,2.241638422012329102e+00,-1.492461204528808594e+00,-5.411299705505371094e+00,-9.283847808837890625e+00,-1.287442111968994141e+01,-1.595932292938232422e+01,-1.834275245666503906e+01,-1.987071800231933594e+01,-2.044188880920410156e+01,-2.001450347900390625e+01,-1.860887527465820312e+01,-1.630528831481933594e+01,-1.323753547668457031e+01,-9.582664489746093750e+00,-5.547792911529541016e+00,-1.355107307434082031e+00,2.773736715316772461e+00,6.632564544677734375e+00,1.004380989074707031e+01,1.286883735656738281e+01,1.501472663879394531e+01,1.643712806701660156e+01,1.713910675048828125e+01,1.716629981994628906e+01,1.659893989562988281e+01,1.554164218902587891e+01,1.411196231842041016e+01,1.242882251739501953e+01,1.060189437866210938e+01,8.722883224487304688e+00,6.859465599060058594e+00,5.052354335784912109e+00,3.315635442733764648e+00,1.640230655670166016e+00,4.013002817283275667e-15
0.000000000000000000e+00,2.848636209964752197e-01,5.056654810905456543e-01,6.068091392517089844e-01,5.487430095672607422e-01,3.138519823551177979e-01,-8.997965604066848755e-02,-6.285511851310729980e-01,-1.243428468704223633e+00,-1.856799125671386719e+00,-2.378697633743286133e+00,-2.715963125228881836e+00,-2.782103776931762695e+00,-2.507142305374145508e+00,-1.846481680870056152e+00,-7.879034876823425293e-01,6.440477967262268066e-01,2.386822223663330078e+00,4.342020034790039062e+00,6.380907058715820312e+00,8.352945327758789062e+00,1.009672069549560547e+01,1.145242118835449219e+01,1.227486515045166016e+01,1.244598770141601562e+01,1.188574218750000000e+01,1.056045436859130859e+01,8.487870216369628906e+00,5.738410472869873047e+00,2.432423114776611328e+00,-1.266427755355834961e+00,-5.161188602447509766e+00,-9.034333229064941406e+00,-1.266221714019775391e+01,-1.583016967773437500e+01,-1.834707641601562500e+01,-2.005833625793457031e+01,-2.085621833801269531e+01,-2.068684577941894531e+01,-1.955330467224121094e+01,-1.751470947265625000e+01,-1.468134784698486328e+01,-1.120636177062988281e+01,-7.274676322937011719e+00,-3.090085744857788086e+00,1.138447046279907227e+00,5.210217475891113281e+00,8.944905281066894531e+00,1.219252204895019531e+01,1.484052181243896484e+01,1.681765174865722656e+01,1.809444999694824219e+01,1.868054771423339844e+01,1.861923599243164062e+01,1.797994041442871094e+01,1.684943008422851562e+01,1.532266139984130859e+01,1.349410343170166016e+01,1.145038127899169922e+01,9.264821052551269531e+00,6.994344711303710938e+00,4.678850173950195312e+00,2.342990636825561523e+00,5.756434638990804223e-15
0.000000000000000000e+00,7.573749870061874390e-02,1.083406135439872742e-01,6.115473806858062744e-02,-9.021563827991485596e-02,-3.534613549709320068e-01,-7.169618010520935059e-01,-1.149344205856323242e+00,-1.601326823234558105e+00,-2.009736537933349609e+00,-2.303379535675048828e+00,-2.410245418548583984e+00,-2.265391111373901367e+00,-1.818749547004699707e+00,-1.042107820510864258e+00,6.546846032142639160e-02,1.474353075027465820e+00,3.123644351959228516e+00,4.923220157623291016e+00,6.758524417877197266e+00,8.497810363769531250e+00,1.000132560729980469e+01,1.113176727294921875e+01,1.176517200469970703e+01,1.180136585235595703e+01,1.117311382293701172e+01,9.853170394897460938e+00,7.858615398406982422e+00,5.252038478851318359e+00,2.139410734176635742e+00,-1.335288047790527344e+00,-4.998329639434814453e+00,-8.656816482543945312e+00,-1.211081695556640625e+01,-1.516616630554199219e+01,-1.764699935913085938e+01,-1.940708351135253906e+01,-2.033914756774902344e+01,-2.038152885437011719e+01,-1.952169609069824219e+01,-1.779644203186035156e+01,-1.528880405426025391e+01,-1.212201213836669922e+01,-8.450991630554199219e+00,-4.452119827270507812e+00,-3.120368421077728271e-01,3.783628940582275391e+00,7.660802364349365234e+00,1.116604042053222656e+01,1.417357540130615234e+01,1.658992767333984375e+01,1.835594940185546875e+01,1.944632911682128906e+01,1.986684989929199219e+01,1.964984321594238281e+01,1.884838104248046875e+01,1.752989196777343750e+01,1.576981639862060547e+01,1.364589405059814453e+01,1.123359012603759766e+01,8.602970123291015625e+00,5.817189693450927734e+00,2.932563781738281250e+00,7.221300617752442891e-15
0.000000000000000000e+00,-6.636673212051391602e-02,-1.547143757343292236e-01,-2.827925682067871094e-01,-4.603710770606994629e-01,-6.864091753959655762e-01,-9.474901556968688965e-01,-1.217742204666137695e+00,-1.460322380065917969e+00,-1.630381941795349121e+00,-1.679280757904052734e+00,-1.559686064720153809e+00,-1.231088638305664062e+00,-6.652105450630187988e-01,1.492339521646499634e-01,1.202926397323608398e+00,2.463899374008178711e+00,3.877352952957153320e+00,5.367472648620605469e+00,6.841217994689941406e+00,8.193878173828125000e+00,9.316032409667968750e+00,1.010141658782958984e+01,1.045509910583496094e+01,1.030133914947509766e+01,9.590485572814941406e+00,8.304332733154296875e+00,6.459486484527587891e+00,4.108387470245361328e+00,1.337862968444824219e+00,-1.734764456748962402e+00,-4.967783451080322266e+00,-8.203022003173828125e+00,-1.127505493164062500e+01,-1.402106666564941406e+01,-1.629067230224609375e+01,-1.795502853393554688e+01,-1.891459655761718750e+01,-1.910506057739257812e+01,-1.850099372863769531e+01,-1.711708831787109375e+01,-1.500691127777099609e+01,-1.225933265686035156e+01,-8.992952346801757812e+00,-5.348966121673583984e+00,-1.483000636100769043e+00,2.443470001220703125e+00,6.271561145782470703e+00,9.852708816528320312e+00,1.305524826049804688e+01,1.576949596405029297e+01,1.791114234924316406e+01,1.942289161682128906e+01,2.027444648742675781e+01,2.046105194091796875e+01,2.000087356567382812e+01,1.893162155151367188e+01,1.730676841735839844e+01,1.519175243377685547e+01,1.266047573089599609e+01,9.792338371276855469e+00,6.669947624206542969e+00,3.377532482147216797e+00,8.329558525939969454e-15
0.000000000000000000e+00,-1.416941136121749878e-01,-2.844624817371368408e-01,-4.275919795036315918e-01,-5.670345425605773926e-01,-6.943151950836181641e-01,-7.960647940635681152e-01,-8.542843461036682129e-01,-8.473709225654602051e-01,-7.518545985221862793e-01,-5.447198152542114258e-01,-2.061140239238739014e-01,2.778040766716003418e-01,9.121534824371337891e-01,1.691041827201843262e+00,2.595960378646850586e+00,3.595082283020019531e+00,4.643612384796142578e+00,5.685262203216552734e+00,6.654822826385498047e+00,7.481717586517333984e+00,8.094333648681640625e+00,8.424851417541503906e+00,8.414230346679687500e+00,8.017005920410156250e+00,7.205511569976806641e+00,5.973210811614990234e+00,4.336837291717529297e+00,2.337151765823364258e+00,3.819437697529792786e-02,-2.474971294403076172e+00,-5.099924564361572266e+00,-7.721766948699951172e+00,-1.021893024444580078e+01,-1.246956062316894531e+01,-1.435808753967285156e+01,-1.578157424926757812e+01,-1.665545654296875000e+01,-1.691831970214843750e+01,-1.653543853759765625e+01,-1.550087928771972656e+01,-1.383805179595947266e+01,-1.159872150421142578e+01,-8.860561370849609375e+00,-5.723431587219238281e+00,-2.304625272750854492e+00,1.266610622406005859e+00,4.854962348937988281e+00,8.325010299682617188e+00,1.154695510864257812e+01,1.440183162689208984e+01,1.678599739074707031e+01,1.861472702026367188e+01,1.982483100891113281e+01,2.037624931335449219e+01,2.025268363952636719e+01,1.946131324768066406e+01,1.803172302246093750e+01,1.601416778564453125e+01,1.347731971740722656e+01,1.050562381744384766e+01,7.196376800537109375e+00,3.656634330749511719e+00,9.028253981273413192e-15
0.000000000000000000e+00,-1.550403684377670288e-01,-2.909305691719055176e-01,-3.892954587936401367e-01,-4.332908391952514648e-01,-4.083206355571746826e-01,-3.026973009109497070e-01,-1.082270145416259766e-01,1.792969256639480591e-01,5.597093105316162109e-01,1.028211712837219238e+00,1.575248718261718750e+00,2.186534643173217773e+00,2.843241453170776367e+00,3.522357940673828125e+00,4.197222709655761719e+00,4.838239669799804688e+00,5.413763046264648438e+00,5.891155242919921875e+00,6.237987518310546875e+00,6.423368453979492188e+00,6.419362545013427734e+00,6.202449321746826172e+00,5.754974365234375000e+00,5.066529750823974609e+00,4.135184288024902344e+00,2.968503713607788086e+00,1.584271192550659180e+00,1.084686163812875748e-02,-1.712901234626770020e+00,-3.538144588470458984e+00,-5.407150745391845703e+00,-7.254856109619140625e+00,-9.010942459106445312e+00,-1.060235881805419922e+01,-1.195622825622558594e+01,-1.300301551818847656e+01,-1.367984199523925781e+01,-1.393377590179443359e+01,-1.372495365142822266e+01,-1.302933788299560547e+01,-1.184095478057861328e+01,-1.017345714569091797e+01,-8.060879707336425781e+00,-5.557478427886962891e+00,-2.736623525619506836e+00,3.112880289554595947e-01,3.481840133666992188e+00,6.660434246063232422e+00,9.726806640625000000e+00,1.256004047393798828e+01,1.504383182525634766e+01,1.707178115844726562e+01,1.855241394042968750e+01,1.941370773315429688e+01,1.960684394836425781e+01,1.910899925231933594e+01,1.792499923706054688e+01,1.608772087097167969e+01,1.365719890594482422e+01,1.071844959259033203e+01,7.378109455108642578e+00,3.760024070739746094e+00,9.292652774660001280e-15
0.000000000000000000e+00,-1.149239093065261841e-01,-1.915693134069442749e-01,-1.950288116931915283e-01,-9.685196727514266968e-02,1.224139109253883362e-01,4.714398682117462158e-01,9.472333192825317383e-01,1.535223722457885742e+00,2.210297107696533203e+00,2.938678264617919922e+00,3.680488109588623047e+00,4.392745494842529297e+00,5.032551288604736328e+00,5.560175418853759766e+00,5.941797733306884766e+00,6.151665210723876953e+00,6.173517227172851562e+00,6.001178264617919922e+00,5.638311386108398438e+00,5.097397327423095703e+00,4.398079872131347656e+00,3.565078735351562500e+00,2.625895261764526367e+00,1.608567953109741211e+00,5.397065281867980957e-01,-5.569900870323181152e-01,-1.661589384078979492e+00,-2.758079290390014648e+00,-3.833826780319213867e+00,-4.878425598144531250e+00,-5.882091999053955078e+00,-6.833823204040527344e+00,-7.719569683074951172e+00,-8.520688056945800781e+00,-9.212920188903808594e+00,-9.766104698181152344e+00,-1.014476966857910156e+01,-1.030964756011962891e+01,-1.022010040283203125e+01,-9.837300300598144531e+00,-9.127961158752441406e+00,-8.068314552307128906e+00,-6.647996902465820312e+00,-4.873464584350585938e+00,-2.770590305328369141e+00,-3.861200511455535889e-01,2.212253093719482422e+00,4.937342643737792969e+00,7.685482978820800781e+00,1.034100437164306641e+01,1.278195762634277344e+01,1.488675403594970703e+01,1.654130554199218750e+01,1.764618110656738281e+01,1.812328338623046875e+01,1.792155075073242188e+01,1.702123451232910156e+01,1.543642997741699219e+01,1.321559333801269531e+01,1.043997001647949219e+01,7.219971656799316406e+00,3.689709901809692383e+00,9.127348365772693789e-15
0.000000000000000000e+00,-3.260924294590950012e-02,-9.312515147030353546e-03,1.198866441845893860e-01,3.937131762504577637e-01,8.353037238121032715e-01,1.449337244033813477e+00,2.220884084701538086e+00,3.116086244583129883e+00,4.084616184234619141e+00,5.063699722290039062e+00,5.983340263366699219e+00,6.772281646728515625e+00,7.364167213439941406e+00,7.703341960906982422e+00,7.749774932861328125e+00,7.482656955718994141e+00,6.902346611022949219e+00,6.030495643615722656e+00,4.908342838287353516e+00,3.593329429626464844e+00,2.154360771179199219e+00,6.661343574523925781e-01,-7.969366908073425293e-01,-2.166649341583251953e+00,-3.386246919631958008e+00,-4.414483547210693359e+00,-5.228155612945556641e+00,-5.822864532470703125e+00,-6.211965084075927734e+00,-6.423800468444824219e+00,-6.497506141662597656e+00,-6.477793216705322266e+00,-6.409227371215820312e+00,-6.330570697784423828e+00,-6.269758224487304688e+00,-6.240025997161865234e+00,-6.237607955932617188e+00,-6.241274833679199219e+00,-6.213826179504394531e+00,-6.105447769165039062e+00,-5.858687400817871094e+00,-5.414618968963623047e+00,-4.719660282135009766e+00,-3.732415914535522461e+00,-2.429896593093872070e+00,-8.125059604644775391e-01,1.092737793922424316e+00,3.231127977371215820e+00,5.521556377410888672e+00,7.860172271728515625e+00,1.012622165679931641e+01,1.218967437744140625e+01,1.392010021209716797e+01,1.519609832763671875e+01,1.591456317901611328e+01,1.599901866912841797e+01,1.540634727478027344e+01,1.413132095336914062e+01,1.220853710174560547e+01,9.711540222167968750e+00,6.749135971069335938e+00,3.459142446517944336e+00,8.565253913842951067e-15
0.000000000000000000e+00,7.893541455268859863e-02,2.295015454292297363e-01,5.150331258773803711e-01,9.830687642097473145e-01,1.659369230270385742e+00,2.544037342071533203e+00,3.610128402709960938e+00,4.804911136627197266e+00,6.053692817687988281e+00,7.265885353088378906e+00,8.342776298522949219e+00,9.186311721801757812e+00,9.708092689514160156e+00,9.837766647338867188e+00,9.530032157897949219e+00,8.769609451293945312e+00,7.573686599731445312e+00,5.991601467132568359e+00,4.101731300354003906e+00,2.005853414535522461e+00,-1.785674840211868286e-01,-2.327497005462646484e+00,-4.320065021514892578e+00,-6.048066139221191406e+00,-7.424391269683837891e+00,-8.389645576477050781e+00,-8.916372299194335938e+00,-9.010498046875000000e+00,-8.709887504577636719e+00,-8.080123901367187500e+00,-7.207898139953613281e+00,-6.192614555358886719e+00,-5.136948585510253906e+00,-4.137232780456542969e+00,-3.274531126022338867e+00,-2.607223272323608398e+00,-2.165780067443847656e+00,-1.950219988822937012e+00,-1.930494666099548340e+00,-2.049786806106567383e+00,-2.230444431304931641e+00,-2.382025480270385742e+00,-2.410736799240112305e+00,-2.229415178298950195e+00,-1.767135262489318848e+00,-9.775555729866027832e-01,1.547874659299850464e-01,1.610856294631958008e+00,3.336547136306762695e+00,5.245305538177490234e+00,7.223767757415771484e+00,9.140000343322753906e+00,1.085367870330810547e+01,1.222736549377441406e+01,1.313794708251953125e+01,1.348724079132080078e+01,1.321088027954101562e+01,1.228467273712158203e+01,1.072788238525390625e+01,8.603098869323730469e+00,6.012675762176513672e+00,3.091981887817382812e+00,7.664572440808405107e-15
0.000000000000000000e+00,2.060698717832565308e-01,4.971945881843566895e-01,9.479926824569702148e-01,1.613229870796203613e+00,2.520347833633422852e+00,3.664684295654296875e+00,5.007880210876464844e+00,6.479677200317382812e+00,7.982989788055419922e+00,9.401826858520507812e+00,1.061137676239013672e+01,1.148935127258300781e+01,1.192756080627441406e+01,1.184265708923339844e+01,1.118503665924072266e+01,9.945062637329101562e+00,8.155973434448242188e+00,5.893163204193115234e+00,3.269807338714599609e+00,4.291586875915527344e-01,-2.465872764587402344e+00,-5.244997024536132812e+00,-7.743640899658203125e+00,-9.815750122070312500e+00,-1.134519290924072266e+01,-1.225478172302246094e+01,-1.251211929321289062e+01,-1.213176918029785156e+01,-1.117353153228759766e+01,-9.736988067626953125e+00,-7.952770233154296875e+00,-5.971296310424804688e+00,-3.949973106384277344e+00,-2.039944648742675781e+00,-3.735550940036773682e-01,9.463987350463867188e-01,1.854692459106445312e+00,2.328292131423950195e+00,2.387174367904663086e+00,2.091295480728149414e+00,1.534000396728515625e+00,8.324647545814514160e-01,1.160406917333602905e-01,-4.864501357078552246e-01,-8.593327403068542480e-01,-9.114709496498107910e-01,-5.854104757308959961e-01,1.365545690059661865e-01,1.229943752288818359e+00,2.629514455795288086e+00,4.234437465667724609e+00,5.916775226593017578e+00,7.532533168792724609e+00,8.934300422668457031e+00,9.984381675720214844e+00,1.056724739074707031e+01,1.060020732879638672e+01,1.004134750366210938e+01,8.894027709960937500e+00,7.207518577575683594e+00,5.073707103729248047e+00,2.620140790939331055e+00,6.503965778898194647e-15
0.000000000000000000e+00,3.354369103908538818e-01,7.666674852371215820e-01,1.377245068550109863e+00,2.227451086044311523e+00,3.345571756362915039e+00,4.722364425659179688e+00,6.309304237365722656e+00,8.020845413208007812e+00,9.740559577941894531e+00,1.133064746856689453e+01,1.264399719238281250e+01,1.353771495819091797e+01,1.388690471649169922e+01,1.359741783142089844e+01,1.261638927459716797e+01,1.093953037261962891e+01,8.614448547363281250e+00,5.739583492279052734e+00,2.458759784698486328e+00,-1.048278808593750000e+00,-4.578616619110107422e+00,-7.921164512634277344e+00,-1.087266349792480469e+01,-1.325335884094238281e+01,-1.492101001739501953e+01,-1.578203678131103516e+01,-1.579884433746337891e+01,-1.499269104003906250e+01,-1.344182872772216797e+01,-1.127506065368652344e+01,-8.661252021789550781e+00,-5.795672893524169922e+00,-2.884317874908447266e+00,-1.275329589843750000e-01,2.295680522918701172e+00,4.241362094879150391e+00,5.611152172088623047e+00,6.358852863311767578e+00,6.492468833923339844e+00,6.071611404418945312e+00,5.200545787811279297e+00,4.017529010772705078e+00,2.681422472000122070e+00,1.356773138046264648e+00,1.986940503120422363e-01,-6.611233949661254883e-01,-1.126044392585754395e+00,-1.142767310142517090e+00,-7.055435776710510254e-01,1.439932435750961304e-01,1.321327924728393555e+00,2.707449913024902344e+00,4.160335063934326172e+00,5.528460502624511719e+00,6.665115356445312500e+00,7.442205905914306641e+00,7.762302398681640625e+00,7.567840099334716797e+00,6.846654891967773438e+00,5.633352756500244141e+00,4.006407260894775391e+00,2.081250905990600586e+00,5.176294573636282259e-15
0.000000000000000000e+00,4.547893702983856201e-01,1.013071060180664062e+00,1.764710187911987305e+00,2.773673057556152344e+00,4.068343639373779297e+00,5.635416984558105469e+00,7.418029785156250000e+00,9.318394660949707031e+00,1.120477199554443359e+01,1.292222976684570312e+01,1.430623722076416016e+01,1.519791316986083984e+01,1.545951938629150391e+01,1.498879432678222656e+01,1.373075580596923828e+01,1.168585300445556641e+01,8.913597106933593750e+00,5.531251430511474609e+00,1.707538127899169922e+00,-2.348207950592041016e+00,-6.400617122650146484e+00,-1.020543479919433594e+01,-1.352784061431884766e+01,-1.616041374206542969e+01,-1.793924713134765625e+01,-1.875683212280273438e+01,-1.857063102722167969e+01,-1.740656852722167969e+01,-1.535715579986572266e+01,-1.257434940338134766e+01,-9.257747650146484375e+00,-5.639087200164794922e+00,-1.964317679405212402e+00,1.525253772735595703e+00,4.611195564270019531e+00,7.114066600799560547e+00,8.906104087829589844e+00,9.919475555419921875e+00,1.014947223663330078e+01,9.652458190917968750e+00,8.538835525512695312e+00,6.961704730987548828e+00,5.102282524108886719e+00,3.153362751007080078e+00,1.302302837371826172e+00,-2.849942147731781006e-01,-1.477727293968200684e+00,-2.190332174301147461e+00,-2.388284444808959961e+00,-2.089153766632080078e+00,-1.358911156654357910e+00,-3.039245903491973877e-01,9.405480027198791504e-01,2.224253416061401367e+00,3.396908998489379883e+00,4.322843074798583984e+00,4.893961906433105469e+00,5.039856433868408203e+00,4.734149456024169922e+00,3.996523618698120117e+00,2.890287637710571289e+00,1.515741229057312012e+00,3.781399022032005952e-15
0.000000000000000000e+00,5.536541938781738281e-01,1.215156197547912598e+00,2.077824831008911133e+00,3.207374572753906250e+00,4.631609916687011719e+00,6.333956241607666016e+00,8.251524925231933594e+00,1.027800750732421875e+01,1.227121448516845703e+01,1.406466674804687500e+01,1.548222827911376953e+01,1.635449409484863281e+01,1.653544044494628906e+01,1.591781711578369141e+01,1.444580650329589844e+01,1.212374687194824219e+01,9.019984245300292969e+00,5.265391349792480469e+00,1.046510696411132812e+00,-3.406230688095092773e+00,-7.834345817565917969e+00,-1.196991252899169922e+01,-1.555548954010009766e+01,-1.836368370056152344e+01,-2.021474838256835938e+01,-2.099071693420410156e+01,-2.064490890502929688e+01,-1.920593261718750000e+01,-1.677588653564453125e+01,-1.352282714843750000e+01,-9.668140411376953125e+00,-5.469822406768798828e+00,-1.203042387962341309e+00,2.860424995422363281e+00,6.472228527069091797e+00,9.425308227539062500e+00,1.156817913055419922e+01,1.281451892852783203e+01,1.314736080169677734e+01,1.261763191223144531e+01,1.133729267120361328e+01,9.467753410339355469e+00,7.204647541046142578e+00,4.760335445404052734e+00,2.345677614212036133e+00,1.526433229446411133e-01,-1.660770654678344727e+00,-2.982076883316040039e+00,-3.751389026641845703e+00,-3.963577985763549805e+00,-3.665450334548950195e+00,-2.948350906372070312e+00,-1.936997413635253906e+00,-7.756733894348144531e-01,3.868717551231384277e-01,1.412376523017883301e+00,2.186474561691284180e+00,2.629323005676269531e+00,2.702497720718383789e+00,2.411563634872436523e+00,1.804145693778991699e+00,9.637514352798461914e-01,2.418467529241791550e-15
0.000000000000000000e+00,6.238147020339965820e-01,1.356263518333435059e+00,2.291086196899414062e+00,3.493728637695312500e+00,4.990792751312255859e+00,6.763430595397949219e+00,8.745407104492187500e+00,1.082612228393554688e+01,1.285842037200927734e+01,1.467056083679199219e+01,1.608131980895996094e+01,1.691689300537109375e+01,1.702807044982910156e+01,1.630610084533691406e+01,1.469573879241943359e+01,1.220422649383544922e+01,8.905245780944824219e+00,4.937353610992431641e+00,4.968505799770355225e-01,-4.174442291259765625e+00,-8.805614471435546875e+00,-1.311600971221923828e+01,-1.683593559265136719e+01,-1.972704696655273438e+01,-2.160071372985839844e+01,-2.233285713195800781e+01,-2.187397956848144531e+01,-2.025354194641113281e+01,-1.757831192016601562e+01,-1.402474403381347656e+01,-9.826041221618652344e+00,-5.254912853240966797e+00,-6.034221053123474121e-01,3.838440418243408203e+00,7.803734302520751953e+00,1.106742668151855469e+01,1.346164512634277344e+01,1.488615512847900391e+01,1.531331157684326172e+01,1.478718852996826172e+01,1.341710567474365234e+01,1.136620712280273438e+01,8.836171150207519531e+00,6.049433231353759766e+00,3.230477094650268555e+00,5.877929925918579102e-01,-1.701984524726867676e+00,-3.506479978561401367e+00,-4.745576858520507812e+00,-5.394476890563964844e+00,-5.481733798980712891e+00,-5.082628726959228516e+00,-4.308657646179199219e+00,-3.294240951538085938e+00,-2.181987762451171875e+00,-1.107939243316650391e+00,-1.882010847330093384e-01,4.918034076690673828e-01,8.844905495643615723e-01,9.830783605575561523e-01,8.201589584350585938e-01,4.621134400367736816e-01,1.178565348578777729e-15
0.000000000000000000e+00,6.596082448959350586e-01,1.424944400787353516e+00,2.387042284011840820e+00,3.609025716781616211e+00,5.115709781646728516e+00,6.887104034423828125e+00,8.856526374816894531e+00,1.091363239288330078e+01,1.291216659545898438e+01,1.468184089660644531e+01,1.604330253601074219e+01,1.682489204406738281e+01,1.687965393066406250e+01,1.610107231140136719e+01,1.443598937988281250e+01,1.189351654052734375e+01,8.548937797546386719e+00,4.542146682739257812e+00,7.056116312742233276e-02,-4.623042106628417969e+00,-9.266875267028808594e+00,-1.357940292358398438e+01,-1.728999328613281250e+01,-2.015926361083984375e+01,-2.199747657775878906e+01,-2.267942619323730469e+01,-2.215459632873535156e+01,-2.045169830322265625e+01,-1.767721748352050781e+01,-1.400800609588623047e+01,-9.678565979003906250e+00,-4.963976860046386719e+00,-1.598719358444213867e-01,4.438939094543457031e+00,8.559501647949218750e+00,1.196973228454589844e+01,1.449394035339355469e+01,1.602368927001953125e+01,1.652320480346679688e+01,1.602904891967773438e+01,1.464418792724609375e+01,1.252713298797607422e+01,9.877140998840332031e+00,6.916840553283691406e+00,3.873787879943847656e+00,9.625313282012939453e-01,-1.631333827972412109e+00,-3.763847351074218750e+00,-5.341149806976318359e+00,-6.323181152343750000e+00,-6.722488880157470703e+00,-6.598475456237792969e+00,-6.047798156738281250e+00,-5.191976070404052734e+00,-4.163468837738037109e+00,-3.091609954833984375e+00,-2.089743375778198242e+00,-1.244757294654846191e+00,-6.099671125411987305e-01,-2.019354850053787231e-01,-1.439429586753249168e-03,4.162641614675521851e-02,1.378948594655217603e-16
0.000000000000000000e+00,6.580474376678466797e-01,1.415225148200988770e+00,2.356741666793823242e+00,3.541364431381225586e+00,4.991574287414550781e+00,6.687420368194580078e+00,8.564756393432617188e+00,1.051813030242919922e+01,1.240817451477050781e+01,1.407289505004882812e+01,1.534190559387207031e+01,1.605236244201660156e+01,1.606513977050781250e+01,1.527977943420410156e+01,1.364680004119873047e+01,1.117615509033203125e+01,7.940959930419921875e+00,4.076007366180419922e+00,-2.289821952581405640e-01,-4.740943908691406250e+00,-9.199049949645996094e+00,-1.333309078216552734e+01,-1.688318443298339844e+01,-1.961924934387207031e+01,-2.135861206054687500e+01,-2.198032760620117188e+01,-2.143499183654785156e+01,-1.974923515319824219e+01,-1.702448081970214844e+01,-1.343004989624023438e+01,-9.191147804260253906e+00,-4.572677135467529297e+00,1.398186236619949341e-01,4.660582542419433594e+00,8.723803520202636719e+00,1.210194015502929688e+01,1.462078571319580078e+01,1.617015838623046875e+01,1.670943832397460938e+01,1.626766395568847656e+01,1.493830585479736328e+01,1.286928462982177734e+01,1.024921035766601562e+01,7.291061401367187500e+00,4.214749336242675781e+00,1.230038404464721680e+00,-1.478772401809692383e+00,-3.765194416046142578e+00,-5.529006958007812500e+00,-6.720281600952148438e+00,-7.338839054107666016e+00,-7.429407596588134766e+00,-7.073137760162353516e+00,-6.376425743103027344e+00,-5.458225250244140625e+00,-4.437109470367431641e+00,-3.419349193572998047e+00,-2.489118099212646484e+00,-1.701710462570190430e+00,-1.080337643623352051e+00,-6.167013049125671387e-01,-2.751666009426116943e-01,-6.477108481723128919e-16
0.000000000000000000e+00,6.187838315963745117e-01,1.326551198959350586e+00,2.199689388275146484e+00,3.290662288665771484e+00,4.619106769561767578e+00,6.166278362274169922e+00,7.873468399047851562e+00,9.644637107849121094e+00,1.135311889648437500e+01,1.285186672210693359e+01,1.398636913299560547e+01,1.460909843444824219e+01,1.459419059753417969e+01,1.385101032257080078e+01,1.233532619476318359e+01,1.005698871612548828e+01,7.083323955535888672e+00,3.537795066833496094e+00,-4.061208963394165039e-01,-4.535448551177978516e+00,-8.611870765686035156e+00,-1.238844203948974609e+01,-1.562753009796142578e+01,-1.811855125427246094e+01,-1.969405174255371094e+01,-2.024280548095703125e+01,-1.971884727478027344e+01,-1.814566612243652344e+01,-1.561520862579345703e+01,-1.228173065185546875e+01,-8.350966453552246094e+00,-4.065496444702148438e+00,3.125587701797485352e-01,4.520119667053222656e+00,8.311554908752441406e+00,1.147547435760498047e+01,1.384862232208251953e+01,1.532582473754882812e+01,1.586532402038574219e+01,1.548915672302246094e+01,1.427871417999267578e+01,1.236596584320068359e+01,9.921192169189453125e+00,7.138348102569580078e+00,4.219324588775634766e+00,1.358443379402160645e+00,-1.271545767784118652e+00,-3.530866622924804688e+00,-5.320683479309082031e+00,-6.587122440338134766e+00,-7.321206569671630859e+00,-7.554928302764892578e+00,-7.354022026062011719e+00,-6.808276653289794922e+00,-6.020428180694580078e+00,-5.094748497009277344e+00,-4.126463413238525391e+00,-3.192985057830810547e+00,-2.347751379013061523e+00,-1.617191553115844727e+00,-1.000993847846984863e+00,-4.755347073078155518e-01,-1.146642264983539251e-15
0.000000000000000000e+00,5.439384579658508301e-01,1.163455843925476074e+00,1.923368453979492188e+00,2.868052959442138672e+00,4.013840675354003906e+00,5.344275951385498047e+00,6.808770656585693359e+00,8.324863433837890625e+00,9.783961296081542969e+00,1.106011295318603516e+01,1.202106094360351562e+01,1.254061317443847656e+01,1.251121139526367188e+01,1.185554790496826172e+01,1.053613376617431641e+01,8.561887741088867188e+00,5.991050720214843750e+00,2.930040121078491211e+00,-4.717769920825958252e-01,-4.031091690063476562e+00,-7.542783737182617188e+00,-1.079424858093261719e+01,-1.358079624176025391e+01,-1.572088432312011719e+01,-1.706995010375976562e+01,-1.753169822692871094e+01,-1.706592369079589844e+01,-1.569219017028808594e+01,-1.348906040191650391e+01,-1.058890914916992188e+01,-7.168713569641113281e+00,-3.437554121017456055e+00,3.781934380531311035e-01,4.050802230834960938e+00,7.367025852203369141e+00,1.014258384704589844e+01,1.223420238494873047e+01,1.354831123352050781e+01,1.404580307006835938e+01,1.374256896972656250e+01,1.270590114593505859e+01,1.104717159271240234e+01,8.911482810974121094e+00,6.465261459350585938e+00,3.882836580276489258e+00,1.333171844482421875e+00,-1.032191157341003418e+00,-3.089027643203735352e+00,-4.747444629669189453e+00,-5.955572128295898438e+00,-6.699797630310058594e+00,-7.001715660095214844e+00,-6.912264823913574219e+00,-6.503738880157470703e+00,-5.860552310943603516e+00,-5.069700717926025391e+00,-4.211857795715332031e+00,-3.353951692581176758e+00,-2.543892621994018555e+00,-1.807886242866516113e+00,-1.150494933128356934e+00,-5.573316216468811035e-01,-1.353431700649402204e-15
0.000000000000000000e+00,4.378248751163482666e-01,9.350038766860961914e-01,1.542402625083923340e+00,2.294766664505004883e+00,3.204723358154296875e+00,4.259044647216796875e+00,5.417589187622070312e+00,6.615088939666748047e+00,7.765684604644775391e+00,8.769853591918945312e+00,9.523141860961914062e+00,9.925928115844726562e+00,9.893357276916503906e+00,9.364512443542480469e+00,8.309984207153320312e+00,6.737073421478271484e+00,4.692102432250976562e+00,2.259521007537841797e+00,-4.422217011451721191e-01,-3.267787694931030273e+00,-6.054534912109375000e+00,-8.633846282958984375e+00,-1.084330940246582031e+01,-1.253878116607666016e+01,-1.360534477233886719e+01,-1.396627902984619141e+01,-1.358927917480468750e+01,-1.248942756652832031e+01,-1.072863197326660156e+01,-8.411578178405761719e+00,-5.678496360778808594e+00,-2.695308923721313477e+00,3.580579459667205811e-01,3.300287246704101562e+00,5.961214542388916016e+00,8.193334579467773438e+00,9.881395339965820312e+00,1.094937801361083984e+01,1.136436843872070312e+01,1.113710784912109375e+01,1.031927967071533203e+01,8.997834205627441406e+00,7.286923885345458984e+00,5.318161964416503906e+00,3.230074882507324219e+00,1.157616734504699707e+00,-7.773869037628173828e-01,-2.474133014678955078e+00,-3.858496665954589844e+00,-4.886094570159912109e+00,-5.542642593383789062e+00,-5.841736316680908203e+00,-5.820409774780273438e+00,-5.533014774322509766e+00,-5.044091224670410156e+00,-4.420969963073730469e+00,-3.726835727691650391e+00,-3.014919042587280273e+00,-2.324329137802124023e+00,-1.677881002426147461e+00,-1.082045078277587891e+00,-5.289290547370910645e-01,-1.288594822547992937e-15
0.000000000000000000e+00,3.065915107727050781e-01,6.540639400482177734e-01,1.077434897422790527e+00,1.600587010383605957e+00,2.232125282287597656e+00,2.962796449661254883e+00,3.764760017395019531e+00,4.592823028564453125e+00,5.387578487396240234e+00,6.080192565917968750e+00,6.598442077636718750e+00,6.873466491699218750e+00,6.846633434295654297e+00,6.475885868072509766e+00,5.740973949432373047e+00,4.647058010101318359e+00,3.226310968399047852e+00,1.537302851676940918e+00,-3.378493785858154297e-01,-2.298397064208984375e+00,-4.231588363647460938e+00,-6.020505428314208984e+00,-7.552496433258056641e+00,-8.727528572082519531e+00,-9.465784072875976562e+00,-9.713883399963378906e+00,-9.449213981628417969e+00,-8.682007789611816406e+00,-7.454981327056884766e+00,-5.840561866760253906e+00,-3.935904026031494141e+00,-1.856091618537902832e+00,2.739422917366027832e-01,2.328142881393432617e+00,4.188024997711181641e+00,5.750660419464111328e+00,6.935353755950927734e+00,7.688515186309814453e+00,7.986399650573730469e+00,7.835548400878906250e+00,7.270968914031982422e+00,6.352275371551513672e+00,5.158152580261230469e+00,3.779663562774658203e+00,2.312972545623779297e+00,8.520989418029785156e-01,-5.177074074745178223e-01,-1.725461840629577637e+00,-2.718409776687622070e+00,-3.464216947555541992e+00,-3.951300144195556641e+00,-4.187383651733398438e+00,-4.196522235870361328e+00,-4.014959812164306641e+00,-3.686281681060791016e+00,-3.256364583969116211e+00,-2.768630027770996094e+00,-2.260052442550659180e+00,-1.758278250694274902e+00,-1.280100941658020020e+00,-8.313752412796020508e-01,-4.083194434642791748e-01,-9.964193836012129844e-16
0.000000000000000000e+00,1.578057706356048584e-01,3.364537358283996582e-01,5.537918806076049805e-01,8.219817280769348145e-01,1.145383238792419434e+00,1.519237041473388672e+00,1.929292082786560059e+00,2.352437734603881836e+00,2.758306503295898438e+00,3.111720323562622070e+00,3.375774860382080078e+00,3.515289545059204102e+00,3.500316619873046875e+00,3.309382915496826172e+00,2.932165145874023438e+00,2.371331930160522461e+00,1.643363475799560547e+00,7.782385349273681641e-01,-1.820205897092819214e-01,-1.185858964920043945e+00,-2.175576448440551758e+00,-3.091332912445068359e+00,-3.875460386276245117e+00,-4.476733684539794922e+00,-4.854259490966796875e+00,-4.980659484863281250e+00,-4.844294071197509766e+00,-4.450327396392822266e+00,-3.820556640625000000e+00,-2.991998672485351562e+00,-2.014351844787597656e+00,-9.465245008468627930e-01,1.474912315607070923e-01,1.203080773353576660e+00,2.159454107284545898e+00,2.963735818862915039e+00,3.574388980865478516e+00,3.963719844818115234e+00,4.119295597076416016e+00,4.044187068939208984e+00,3.756060600280761719e+00,3.285218000411987305e+00,2.671788692474365234e+00,1.962316274642944336e+00,1.206049561500549316e+00,4.512398540973663330e-01,-2.582491636276245117e-01,-8.857600092887878418e-01,-1.403884291648864746e+00,-1.795603394508361816e+00,-2.054482698440551758e+00,-2.183961391448974609e+00,-2.195860862731933594e+00,-2.108294725418090820e+00,-1.943217277526855469e+00,-1.723863124847412109e+00,-1.472337126731872559e+00,-1.207580804824829102e+00,-9.439029097557067871e-01,-6.901905536651611328e-01,-4.498522877693176270e-01,-2.214615345001220703e-01,-5.408791353372194820e-16
0.000000000000000000e+00,3.912791143387007444e-16,8.340758313205921034e-16,1.372502435698595962e-15,2.036608559477081498e-15,2.837148715289540546e-15,3.762325110609259990e-15,4.776865599446676255e-15,5.823589105115019662e-15,6.827368040357570042e-15,7.701181204788735968e-15,8.353741316584079729e-15,8.698030563489798916e-15,8.659976761301452219e-15,8.186478567522720295e-15,7.252017420551672838e-15,5.863221353200574748e-15,4.060886436824508519e-15,1.919210216504109098e-15,-4.578104553813126375e-16,-2.942588435354939920e-15,-5.392325244635808035e-15,-7.658920189951377161e-15,-9.599638690568641081e-15,-1.108767991428363103e-14,-1.202179716587809324e-14,-1.233418630495726823e-14,-1.199598044867872942e-14,-1.101990372597613094e-14,-9.459846914052633116e-15,-7.407380203737056606e-15,-4.985479226443569750e-15,-2.339945669207186586e-15,3.708042368909757712e-16,2.986773697290223684e-15,5.357390641275725299e-15,7.351631036247620321e-15,8.866501181533942982e-15,9.833241907091904571e-15,1.022085350111789220e-14,1.003670938541775456e-14,9.324324183590786824e-15,8.158523939164486621e-15,6.638505527624752323e-15,4.879410796173070872e-15,3.003150867567148767e-15,1.129250560994040330e-15,-6.335409398768141083e-16,-2.194232073598686994e-15,-3.484655640279801965e-15,-4.462307632506056637e-15,-5.110848572966678743e-15,-5.438370802681499055e-15,-5.473729769548156196e-15,-5.261398514945763577e-15,-4.855422399590355459e-15,-4.313105743462527022e-15,-3.689057607704710265e-15,-3.030172700892218643e-15,-2.371992313733605785e-15,-1.736750637577823449e-15,-1.133220075022229201e-15,-5.582858212219729641e-16,-1.363855941756243121e-30
