1.690381090156733990e-03,2.436719136312603951e-03,1.481808722019195557e-03,2.716763410717248917e-03,7.675876258872449398e-04,4.192012129351496696e-04,-5.923000280745327473e-04,-1.769762486219406128e-03,-1.666139345616102219e-03,-5.999349523335695267e-04,-6.947038345970213413e-04,-4.878197505604475737e-04,-4.487939295358955860e-04,-3.621077048592269421e-04,-5.716504529118537903e-04,-4.284592869225889444e-04,-5.993204540573060513e-04,1.153391713160090148e-04,-4.065604589413851500e-04,-8.388733258470892906e-04,-8.666216162964701653e-04,-4.151706234551966190e-04,-6.715310155414044857e-04,-6.608735420741140842e-04,5.235416028881445527e-05,-1.047333935275673866e-04,3.823368169832974672e-04,1.952942693606019020e-04,1.495989970862865448e-03,3.179100458510220051e-04,5.605911137536168098e-04,-2.099088014801964164e-04,7.379974704235792160e-04,-1.009304309263825417e-03,-7.914945599623024464e-04,-1.065117772668600082e-03,-5.845115520060062408e-04,-8.875991334207355976e-04,-1.275082584470510483e-03,-1.148807932622730732e-03,-1.229051849804818630e-03,-1.270482433028519154e-03,-1.864378107711672783e-03,-1.186245703138411045e-03,-1.529833185486495495e-03,1.198605968966148794e-04,-5.428739823400974274e-04,7.092236191965639591e-04,-1.012989014270715415e-04,1.442174892872571945e-03,6.017131963744759560e-04,1.028960919938981533e-03,7.042377255856990814e-04,1.374356099404394627e-03,9.869890054687857628e-04,5.137005355209112167e-04,2.606642083264887333e-04,-1.497703051427379251e-04,-2.718663890846073627e-04,9.952102554962038994e-04,2.242478542029857635e-03,-1.684506773017346859e-03,-2.826117270160466433e-04,-1.065823249518871307e-03
3.466986585408449173e-03,-1.249659457243978977e-03,-5.474704317748546600e-03,-6.485482212156057358e-03,-1.061423216015100479e-02,-1.333693042397499084e-02,-1.734920404851436615e-02,-1.848036795854568481e-02,-2.247614786028862000e-02,-2.159372530877590179e-02,-2.482012286782264709e-02,-2.474117837846279144e-02,-2.673866227269172668e-02,-2.564462833106517792e-02,-2.721354179084300995e-02,-2.544852904975414276e-02,-2.526278048753738403e-02,-2.319396845996379852e-02,-2.165761776268482208e-02,-1.899278163909912109e-02,-1.572642289102077484e-02,-1.308964192867279053e-02,-9.804911911487579346e-03,-6.757021415978670120e-03,-3.128480631858110428e-03,-2.426435530651360750e-04,2.356687560677528381e-03,5.131353158503770828e-03,8.125667460262775421e-03,9.223267436027526855e-03,1.139685325324535370e-02,1.222649961709976196e-02,1.436904817819595337e-02,1.447394210845232010e-02,1.470781583338975906e-02,1.504767592996358871e-02,1.607022061944007874e-02,1.541318092495203018e-02,1.603612676262855530e-02,1.538832485675811768e-02,1.573420129716396332e-02,1.443935837596654892e-02,1.459856331348419189e-02,1.396705955266952515e-02,1.362320967018604279e-02,1.234702952206134796e-02,1.143603119999170303e-02,1.091070193797349930e-02,9.714287705719470978e-03,9.264118038117885590e-03,7.857708260416984558e-03,7.119092624634504318e-03,5.372780375182628632e-03,4.934500902891159058e-03,2.238424262031912804e-03,1.704271184280514717e-03,4.775227571371942759e-04,-1.381688169203698635e-03,-1.576652866788208485e-03,-1.624628901481628418e-03,-1.385055133141577244e-03,-1.079949201084673405e-03,9.207319817505776882e-04,1.549132575746625662e-04
2.119503449648618698e-03,-3.572221379727125168e-03,-1.066856924444437027e-02,-1.666640490293502808e-02,-2.283044345676898956e-02,-2.783675119280815125e-02,-3.347975760698318481e-02,-3.831633925437927246e-02,-4.322187975049018860e-02,-4.563476890325546265e-02,-4.934974759817123413e-02,-5.085274204611778259e-02,-5.270943790674209595e-02,-5.239244922995567322e-02,-5.277805402874946594e-02,-5.108011513948440552e-02,-4.907167702913284302e-02,-4.561552405357360840e-02,-4.263854399323463440e-02,-3.728194534778594971e-02,-3.116985410451889038e-02,-2.636748924851417542e-02,-1.989197172224521637e-02,-1.443385519087314606e-02,-7.184658199548721313e-03,-1.724801957607269287e-03,4.627221263945102692e-03,9.185607545077800751e-03,1.528402324765920639e-02,1.838635653257369995e-02,2.399110049009323120e-02,2.534432895481586456e-02,2.913145348429679871e-02,3.008142299950122833e-02,3.290220722556114197e-02,3.216576576232910156e-02,3.354442864656448364e-02,3.321572765707969666e-02,3.456879407167434692e-02,3.339570388197898865e-02,3.324359282851219177e-02,3.221123293042182922e-02,3.157810866832733154e-02,3.050198405981063843e-02,2.806043624877929688e-02,2.681716717779636383e-02,2.414548210799694061e-02,2.295634709298610687e-02,2.010609768331050873e-02,1.877808943390846252e-02,1.574328355491161346e-02,1.420292071998119354e-02,1.081207394599914551e-02,8.938102051615715027e-03,5.746455863118171692e-03,4.296165425330400467e-03,1.673239050433039665e-03,-4.897384860669262707e-05,-1.363563234917819500e-03,-1.475372817367315292e-03,-1.768349087797105312e-03,-2.030392643064260483e-03,-9.977750014513731003e-04,1.493026211392134428e-04
1.362501410767436028e-03,-6.241728551685810089e-03,-1.584313809871673584e-02,-2.353349514305591583e-02,-3.146986290812492371e-02,-4.011256247758865356e-02,-4.758008196949958801e-02,-5.460681393742561340e-02,-6.204910576343536377e-02,-6.631762534379959106e-02,-7.163310796022415161e-02,-7.351572066545486450e-02,-7.690224796533584595e-02,-7.698582857847213745e-02,-7.712499797344207764e-02,-7.442788034677505493e-02,-7.176920026540756226e-02,-6.686763465404510498e-02,-6.118153408169746399e-02,-5.449371039867401123e-02,-4.671369493007659912e-02,-3.935591876506805420e-02,-3.043478168547153473e-02,-2.256029658019542694e-02,-1.277896948158740997e-02,-4.171850159764289856e-03,4.432865884155035019e-03,1.150491647422313690e-02,1.936111226677894592e-02,2.448004111647605896e-02,3.039350174367427826e-02,3.445422276854515076e-02,3.927456215023994446e-02,4.244229942560195923e-02,4.461390152573585510e-02,4.623836278915405273e-02,4.760963097214698792e-02,4.862753674387931824e-02,4.874125495553016663e-02,4.927934333682060242e-02,4.897266626358032227e-02,4.867320880293846130e-02,4.769471660256385803e-02,4.671941325068473816e-02,4.499006643891334534e-02,4.275976121425628662e-02,3.998102247714996338e-02,3.700609132647514343e-02,3.376266360282897949e-02,3.027145564556121826e-02,2.739074639976024628e-02,2.320505864918231964e-02,2.044084481894969940e-02,1.681910641491413116e-02,1.354322768747806549e-02,9.414048865437507629e-03,6.286813411861658096e-03,3.515949938446283340e-03,1.990719698369503021e-03,1.183444983325898647e-03,-6.453648529713973403e-05,-9.400891140103340149e-04,-1.142003806307911873e-03,2.889675961341708899e-04
5.205398192629218102e-04,-8.992235176265239716e-03,-2.064693719148635864e-02,-3.086687996983528137e-02,-4.109744355082511902e-02,-5.126583948731422424e-02,-6.130732968449592590e-02,-6.997266411781311035e-02,-7.869500666856765747e-02,-8.489509671926498413e-02,-9.123060107231140137e-02,-9.496038407087326050e-02,-9.829337894916534424e-02,-9.949330240488052368e-02,-9.976597130298614502e-02,-9.789390861988067627e-02,-9.333961457014083862e-02,-8.787184953689575195e-02,-8.078826963901519775e-02,-7.275561243295669556e-02,-6.163192912936210632e-02,-5.239774659276008606e-02,-4.116227477788925171e-02,-3.073696233332157135e-02,-1.905817911028862000e-02,-8.683612570166587830e-03,2.260783454403281212e-03,1.150879915803670883e-02,2.056814357638359070e-02,2.864403463900089264e-02,3.669289499521255493e-02,4.235703125596046448e-02,4.824360460042953491e-02,5.242335796356201172e-02,5.599235370755195618e-02,5.877706035971641541e-02,6.081602349877357483e-02,6.286400556564331055e-02,6.446541100740432739e-02,6.500305980443954468e-02,6.503628194332122803e-02,6.471882015466690063e-02,6.381395459175109863e-02,6.325135380029678345e-02,6.063302606344223022e-02,5.865852907299995422e-02,5.516850203275680542e-02,5.161105096340179443e-02,4.691547900438308716e-02,4.312718287110328674e-02,3.828344121575355530e-02,3.377881646156311035e-02,2.864796854555606842e-02,2.452378533780574799e-02,1.946723461151123047e-02,1.454198546707630157e-02,1.080342102795839310e-02,7.277140393853187561e-03,5.252119619399309158e-03,3.535660915076732635e-03,2.803777111694216728e-03,1.334000844508409500e-04,-8.433048496954143047e-04,2.504703879822045565e-04
8.794582099653780460e-04,-1.104833092540502548e-02,-2.447809651494026184e-02,-3.579657152295112610e-02,-4.728889837861061096e-02,-5.946398153901100159e-02,-7.066357880830764771e-02,-8.175406605005264282e-02,-9.148779511451721191e-02,-9.985901415348052979e-02,-1.069396361708641052e-01,-1.121839433908462524e-01,-1.162323802709579468e-01,-1.186426430940628052e-01,-1.184921488165855408e-01,-1.168726384639739990e-01,-1.126107349991798401e-01,-1.066439375281333923e-01,-9.815908223390579224e-02,-8.911122381687164307e-02,-7.757755368947982788e-02,-6.596291810274124146e-02,-5.311016365885734558e-02,-4.083424434065818787e-02,-2.726200781762599945e-02,-1.424580626189708710e-02,-1.529014902189373970e-03,9.172248654067516327e-03,2.108078263700008392e-02,3.016377240419387817e-02,3.887037187814712524e-02,4.629589989781379700e-02,5.397447571158409119e-02,5.950667336583137512e-02,6.395446509122848511e-02,6.781172007322311401e-02,7.138633728027343750e-02,7.389621436595916748e-02,7.610128819942474365e-02,7.777358591556549072e-02,7.960829883813858032e-02,8.025478571653366089e-02,8.041116595268249512e-02,8.039350807666778564e-02,7.905119657516479492e-02,7.696252316236495972e-02,7.377108186483383179e-02,6.978561729192733765e-02,6.559358537197113037e-02,5.982747301459312439e-02,5.439864099025726318e-02,4.831394925713539124e-02,4.264762625098228455e-02,3.584134578704833984e-02,3.059829585254192352e-02,2.412033453583717346e-02,1.954642683267593384e-02,1.393814291805028915e-02,1.076707337051630020e-02,8.162016049027442932e-03,5.304123740643262863e-03,1.917762449011206627e-03,1.257301773875951767e-03,3.536733565852046013e-04
-2.669752866495400667e-04,-1.206088811159133911e-02,-2.625100314617156982e-02,-3.981725499033927917e-02,-5.214170739054679871e-02,-6.514154374599456787e-02,-7.800599932670593262e-02,-9.087648242712020874e-02,-1.022460013628005981e-01,-1.110145077109336853e-01,-1.197618693113327026e-01,-1.265333741903305054e-01,-1.315251886844635010e-01,-1.344742476940155029e-01,-1.353328526020050049e-01,-1.339766681194305420e-01,-1.290082633495330811e-01,-1.234022304415702820e-01,-1.141675040125846863e-01,-1.043012738227844238e-01,-9.204906970262527466e-02,-7.962336391210556030e-02,-6.546729058027267456e-02,-5.163719505071640015e-02,-3.678242117166519165e-02,-2.279473096132278442e-02,-8.870838209986686707e-03,3.938441164791584015e-03,1.635234057903289795e-02,2.666451223194599152e-02,3.713550418615341187e-02,4.630952328443527222e-02,5.488367006182670593e-02,6.152453646063804626e-02,6.736234575510025024e-02,7.324767857789993286e-02,7.781431823968887329e-02,8.209695667028427124e-02,8.611473441123962402e-02,8.939927816390991211e-02,9.193406254053115845e-02,9.418082982301712036e-02,9.563423693180084229e-02,9.653986990451812744e-02,9.567978233098983765e-02,9.493663907051086426e-02,9.247270971536636353e-02,8.931522071361541748e-02,8.397734910249710083e-02,7.871896773576736450e-02,7.211463153362274170e-02,6.497652828693389893e-02,5.743140354752540588e-02,5.068152397871017456e-02,4.331098869442939758e-02,3.616007044911384583e-02,2.993776649236679077e-02,2.303588017821311951e-02,1.876981556415557861e-02,1.396513450890779495e-02,1.067355647683143616e-02,5.330401472747325897e-03,2.579742809757590294e-03,4.441218334250152111e-04
5.669026722898706794e-05,-1.298248860985040665e-02,-2.708685211837291718e-02,-4.147409647703170776e-02,-5.517889559268951416e-02,-6.997873634099960327e-02,-8.232229948043823242e-02,-9.617889672517776489e-02,-1.079776734113693237e-01,-1.197534054517745972e-01,-1.281462609767913818e-01,-1.359290182590484619e-01,-1.418613046407699585e-01,-1.469196230173110962e-01,-1.480289548635482788e-01,-1.466730982065200806e-01,-1.428346186876296997e-01,-1.375259160995483398e-01,-1.290163695812225342e-01,-1.186854019761085510e-01,-1.061500310897827148e-01,-9.266283363103866577e-02,-7.844521105289459229e-02,-6.294325739145278931e-02,-4.770955815911293030e-02,-3.235152363777160645e-02,-1.734195649623870850e-02,-3.892494365572929382e-03,9.790604934096336365e-03,2.148874290287494659e-02,3.303916752338409424e-02,4.283594340085983276e-02,5.290066078305244446e-02,6.121133640408515930e-02,6.867267191410064697e-02,7.492724806070327759e-02,8.224396407604217529e-02,8.795367926359176636e-02,9.354980289936065674e-02,9.808138757944107056e-02,1.029135882854461670e-01,1.073237508535385132e-01,1.103862449526786804e-01,1.130919381976127625e-01,1.141484528779983521e-01,1.142049655318260193e-01,1.130193620920181274e-01,1.109150201082229614e-01,1.059212014079093933e-01,1.008980572223663330e-01,9.455540031194686890e-02,8.698590099811553955e-02,7.835962623357772827e-02,6.964613497257232666e-02,6.080237030982971191e-02,5.235447734594345093e-02,4.314408823847770691e-02,3.532963618636131287e-02,2.880560979247093201e-02,2.173247188329696655e-02,1.589512266218662262e-02,9.579389356076717377e-03,4.584688227623701096e-03,5.680752219632267952e-04
-3.559588221833109856e-04,-1.216683536767959595e-02,-2.671150304377079010e-02,-4.137922450900077820e-02,-5.513364821672439575e-02,-6.916630268096923828e-02,-8.356765657663345337e-02,-9.699869155883789062e-02,-1.110126599669456482e-01,-1.223980411887168884e-01,-1.322903633117675781e-01,-1.415763199329376221e-01,-1.490003317594528198e-01,-1.546107232570648193e-01,-1.566727310419082642e-01,-1.566338837146759033e-01,-1.536334156990051270e-01,-1.490951031446456909e-01,-1.410183012485504150e-01,-1.316577643156051636e-01,-1.187339201569557190e-01,-1.063941270112991333e-01,-9.128600358963012695e-02,-7.611880451440811157e-02,-6.008946150541305542e-02,-4.436305910348892212e-02,-2.908387966454029083e-02,-1.511853281408548355e-02,-6.445103790611028671e-04,1.210523582994937897e-02,2.419007010757923126e-02,3.605987504124641418e-02,4.667729884386062622e-02,5.670684948563575745e-02,6.564007699489593506e-02,7.460086792707443237e-02,8.281189203262329102e-02,9.128963202238082886e-02,9.906288236379623413e-02,1.066343709826469421e-01,1.128712370991706848e-01,1.194718331098556519e-01,1.251212209463119507e-01,1.302302330732345581e-01,1.330154687166213989e-01,1.347058117389678955e-01,1.349083483219146729e-01,1.334620118141174316e-01,1.295221447944641113e-01,1.241026967763900757e-01,1.179154962301254272e-01,1.105332151055335999e-01,1.012780889868736267e-01,9.219506382942199707e-02,8.140935003757476807e-02,7.173073291778564453e-02,6.070395931601524353e-02,5.103075131773948669e-02,4.165953397750854492e-02,3.288140147924423218e-02,2.436522953212261200e-02,1.511633209884166718e-02,7.545225322246551514e-03,6.663575186394155025e-04
2.903939457610249519e-04,-1.279051508754491806e-02,-2.613792195916175842e-02,-4.054368287324905396e-02,-5.405882373452186584e-02,-6.942196190357208252e-02,-8.228988945484161377e-02,-9.773991256952285767e-02,-1.108899414539337158e-01,-1.251092255115509033e-01,-1.359450370073318481e-01,-1.471531391143798828e-01,-1.543520838022232056e-01,-1.613850444555282593e-01,-1.647038012742996216e-01,-1.654862463474273682e-01,-1.633378118276596069e-01,-1.596787571907043457e-01,-1.529618203639984131e-01,-1.434897631406784058e-01,-1.323202848434448242e-01,-1.191541999578475952e-01,-1.052067577838897705e-01,-8.981990069150924683e-02,-7.476290315389633179e-02,-5.846944823861122131e-02,-4.326380789279937744e-02,-2.814496122300624847e-02,-1.351656951010227203e-02,-3.652321174740791321e-04,1.292246207594871521e-02,2.539023570716381073e-02,3.767779842019081116e-02,4.857324436306953430e-02,5.976366996765136719e-02,7.049010694026947021e-02,8.165572583675384521e-02,9.153157472610473633e-02,1.023273319005966187e-01,1.119043529033660889e-01,1.217067167162895203e-01,1.308995932340621948e-01,1.390277594327926636e-01,1.463039964437484741e-01,1.518405377864837646e-01,1.549930274486541748e-01,1.569700390100479126e-01,1.567000895738601685e-01,1.538001149892807007e-01,1.497234404087066650e-01,1.429672241210937500e-01,1.356604844331741333e-01,1.254747658967971802e-01,1.148132085800170898e-01,1.032702401280403137e-01,9.171902388334274292e-02,7.903276383876800537e-02,6.748148053884506226e-02,5.656129866838455200e-02,4.418054595589637756e-02,3.316187486052513123e-02,2.168843522667884827e-02,1.206828653812408447e-02,2.109066583216190338e-03
-8.180463337339460850e-04,-1.302644331008195877e-02,-2.625990658998489380e-02,-4.049263149499893188e-02,-5.287661403417587280e-02,-6.702157855033874512e-02,-8.095275610685348511e-02,-9.506479650735855103e-02,-1.093750074505805969e-01,-1.231177449226379395e-01,-1.348427087068557739e-01,-1.470836549997329712e-01,-1.560783535242080688e-01,-1.644437015056610107e-01,-1.687514632940292358e-01,-1.714069694280624390e-01,-1.707193404436111450e-01,-1.689979881048202515e-01,-1.630926132202148438e-01,-1.548839956521987915e-01,-1.442182362079620361e-01,-1.325560808181762695e-01,-1.188835352659225464e-01,-1.044752076268196106e-01,-8.844731003046035767e-02,-7.336858659982681274e-02,-5.763703212141990662e-02,-4.250521585345268250e-02,-2.687619812786579132e-02,-1.342680677771568298e-02,2.713509602472186089e-04,1.321448851376771927e-02,2.743986807763576508e-02,3.976768627762794495e-02,5.247078835964202881e-02,6.544253230094909668e-02,7.865448296070098877e-02,9.160807728767395020e-02,1.041975021362304688e-01,1.172548756003379822e-01,1.302847117185592651e-01,1.421085298061370850e-01,1.531875878572463989e-01,1.632094383239746094e-01,1.715237349271774292e-01,1.767038106918334961e-01,1.811992973089218140e-01,1.822208166122436523e-01,1.811164319515228271e-01,1.762708276510238647e-01,1.703397929668426514e-01,1.614286899566650391e-01,1.510176360607147217e-01,1.384097486734390259e-01,1.263856291770935059e-01,1.130966395139694214e-01,9.835091233253479004e-02,8.479646593332290649e-02,7.052630931138992310e-02,5.646795034408569336e-02,4.238207638263702393e-02,2.784353308379650116e-02,1.548390649259090424e-02,1.557291368953883648e-03
-1.251402660273015499e-03,-1.306719426065683365e-02,-2.558370865881443024e-02,-3.878602385520935059e-02,-5.136770009994506836e-02,-6.646084785461425781e-02,-7.981908321380615234e-02,-9.471558779478073120e-02,-1.093628630042076111e-01,-1.232526600360870361e-01,-1.360577642917633057e-01,-1.489965170621871948e-01,-1.599529534578323364e-01,-1.686581969261169434e-01,-1.742651462554931641e-01,-1.779542416334152222e-01,-1.793900877237319946e-01,-1.785621792078018188e-01,-1.735928505659103394e-01,-1.665458977222442627e-01,-1.578779071569442749e-01,-1.462127715349197388e-01,-1.332591176033020020e-01,-1.191479638218879700e-01,-1.043167561292648315e-01,-8.885498344898223877e-02,-7.294586300849914551e-02,-5.742445588111877441e-02,-4.268666729331016541e-02,-2.782333642244338989e-02,-1.362569071352481842e-02,3.685692208819091320e-04,1.508782245218753815e-02,2.991062961518764496e-02,4.477666690945625305e-02,5.854948610067367554e-02,7.408954203128814697e-02,8.993116021156311035e-02,1.052698418498039246e-01,1.211262345314025879e-01,1.365103870630264282e-01,1.522985398769378662e-01,1.656552404165267944e-01,1.780855059623718262e-01,1.892690658569335938e-01,1.971277445554733276e-01,2.021759003400802612e-01,2.058014124631881714e-01,2.055150419473648071e-01,2.022605985403060913e-01,1.964884251356124878e-01,1.875282675027847290e-01,1.773366034030914307e-01,1.634707897901535034e-01,1.495189666748046875e-01,1.333149820566177368e-01,1.168839931488037109e-01,1.001545414328575134e-01,8.388170599937438965e-02,6.653849780559539795e-02,4.991384223103523254e-02,3.336185216903686523e-02,1.763247139751911163e-02,1.510344096459448338e-03
-6.110501708462834358e-04,-1.296412199735641479e-02,-2.446725033223628998e-02,-3.764609619975090027e-02,-5.047107487916946411e-02,-6.529407948255538940e-02,-7.898772507905960083e-02,-9.470219910144805908e-02,-1.099354997277259827e-01,-1.235717386007308960e-01,-1.370929479598999023e-01,-1.503153145313262939e-01,-1.616154611110687256e-01,-1.721283048391342163e-01,-1.792290061712265015e-01,-1.853071153163909912e-01,-1.874329000711441040e-01,-1.875649690628051758e-01,-1.841058284044265747e-01,-1.784642487764358521e-01,-1.691020578145980835e-01,-1.594909578561782837e-01,-1.469660699367523193e-01,-1.338166594505310059e-01,-1.184290125966072083e-01,-1.037522330880165100e-01,-8.841284364461898804e-02,-7.246817648410797119e-02,-5.672618001699447632e-02,-4.177986830472946167e-02,-2.676103450357913971e-02,-1.153025310486555099e-02,4.180185962468385696e-03,2.034517191350460052e-02,3.662988543510437012e-02,5.377584323287010193e-02,7.074922323226928711e-02,8.918593823909759521e-02,1.070646867156028748e-01,1.256265044212341309e-01,1.436917185783386230e-01,1.614319533109664917e-01,1.781660318374633789e-01,1.934371143579483032e-01,2.062774151563644409e-01,2.166676670312881470e-01,2.249063998460769653e-01,2.291453033685684204e-01,2.304238528013229370e-01,2.270204573869705200e-01,2.220018506050109863e-01,2.131250500679016113e-01,2.022611349821090698e-01,1.874131709337234497e-01,1.721365600824356079e-01,1.537382900714874268e-01,1.353996247053146362e-01,1.165287047624588013e-01,9.731480479240417480e-02,7.772475481033325195e-02,5.881462618708610535e-02,3.914858400821685791e-02,1.985941082239151001e-02,8.056860533542931080e-04
-6.212716107256710529e-04,-1.361902710050344467e-02,-2.438781410455703735e-02,-3.692295774817466736e-02,-4.903885349631309509e-02,-6.493679434061050415e-02,-7.789438217878341675e-02,-9.272917360067367554e-02,-1.094340234994888306e-01,-1.244008913636207581e-01,-1.389351487159729004e-01,-1.536703407764434814e-01,-1.667118966579437256e-01,-1.770154982805252075e-01,-1.857414841651916504e-01,-1.916736364364624023e-01,-1.960727125406265259e-01,-1.966389715671539307e-01,-1.944848150014877319e-01,-1.887917816638946533e-01,-1.816570609807968140e-01,-1.709842234849929810e-01,-1.600971072912216187e-01,-1.469849944114685059e-01,-1.325062364339828491e-01,-1.174441426992416382e-01,-1.022941321134567261e-01,-8.612997084856033325e-02,-7.008365541696548462e-02,-5.421535670757293701e-02,-3.878056257963180542e-02,-2.296659536659717560e-02,-5.615310277789831161e-03,1.152375340461730957e-02,2.990532480180263519e-02,4.801893606781959534e-02,6.775920838117599487e-02,8.837660402059555054e-02,1.088110134005546570e-01,1.295792013406753540e-01,1.504697352647781372e-01,1.711390614509582520e-01,1.906850934028625488e-01,2.075876146554946899e-01,2.223129272460937500e-01,2.339242249727249146e-01,2.433495670557022095e-01,2.493342161178588867e-01,2.520219385623931885e-01,2.491874992847442627e-01,2.447732388973236084e-01,2.355306744575500488e-01,2.242159098386764526e-01,2.087749391794204712e-01,1.920934766530990601e-01,1.732128858566284180e-01,1.527814120054244995e-01,1.308420449495315552e-01,1.096653267741203308e-01,8.730723708868026733e-02,6.582148373126983643e-02,4.366987198591232300e-02,2.320963144302368164e-02,1.230651629157364368e-03
-1.528535271063446999e-03,-1.314183883368968964e-02,-2.489405497908592224e-02,-3.767032176256179810e-02,-5.006624013185501099e-02,-6.539554148912429810e-02,-7.924297451972961426e-02,-9.567975997924804688e-02,-1.115294322371482849e-01,-1.272675693035125732e-01,-1.423221528530120850e-01,-1.583553403615951538e-01,-1.718265414237976074e-01,-1.839877218008041382e-01,-1.936970651149749756e-01,-2.011800408363342285e-01,-2.053312808275222778e-01,-2.071963846683502197e-01,-2.057392299175262451e-01,-2.007192224264144897e-01,-1.929330527782440186e-01,-1.837910562753677368e-01,-1.723869144916534424e-01,-1.598488092422485352e-01,-1.450492739677429199e-01,-1.298923790454864502e-01,-1.146906539797782898e-01,-9.791593998670578003e-02,-8.165300637483596802e-02,-6.422581523656845093e-02,-4.882904142141342163e-02,-3.166378661990165710e-02,-1.377803832292556763e-02,4.798965528607368469e-03,2.375590614974498749e-02,4.460665211081504822e-02,6.574238091707229614e-02,8.868657052516937256e-02,1.101782694458961487e-01,1.336693614721298218e-01,1.564203798770904541e-01,1.796204596757888794e-01,2.009764462709426880e-01,2.201446890830993652e-01,2.373122125864028931e-01,2.505867481231689453e-01,2.620013356208801270e-01,2.691632509231567383e-01,2.721092104911804199e-01,2.700488865375518799e-01,2.649464309215545654e-01,2.556635737419128418e-01,2.430904805660247803e-01,2.272580415010452271e-01,2.098612189292907715e-01,1.889578849077224731e-01,1.673589944839477539e-01,1.435898393392562866e-01,1.200941130518913269e-01,9.569908678531646729e-02,7.189724594354629517e-02,4.793917760252952576e-02,2.483366243541240692e-02,7.789199007675051689e-04
-1.770842121914029121e-03,-1.397162675857543945e-02,-2.589069679379463196e-02,-3.872751817107200623e-02,-5.089054629206657410e-02,-6.785119324922561646e-02,-8.251226693391799927e-02,-9.973817318677902222e-02,-1.164650619029998779e-01,-1.329989731311798096e-01,-1.495125293731689453e-01,-1.662605851888656616e-01,-1.813585758209228516e-01,-1.938343048095703125e-01,-2.047136425971984863e-01,-2.116940915584564209e-01,-2.173194438219070435e-01,-2.195625156164169312e-01,-2.180497348308563232e-01,-2.130101621150970459e-01,-2.064906358718872070e-01,-1.958139985799789429e-01,-1.842949986457824707e-01,-1.707492619752883911e-01,-1.560094207525253296e-01,-1.399237811565399170e-01,-1.231575906276702881e-01,-1.063360124826431274e-01,-8.881892263889312744e-02,-7.170075923204421997e-02,-5.445202067494392395e-02,-3.720705583691596985e-02,-1.778068020939826965e-02,1.398855587467551231e-03,2.206454053521156311e-02,4.234636947512626648e-02,6.613228470087051392e-02,9.059080481529235840e-02,1.139268949627876282e-01,1.391358673572540283e-01,1.630621105432510376e-01,1.889536231756210327e-01,2.111728042364120483e-01,2.319500893354415894e-01,2.504288852214813232e-01,2.653767168521881104e-01,2.765893638134002686e-01,2.849789559841156006e-01,2.881795465946197510e-01,2.861392199993133545e-01,2.810460031032562256e-01,2.711843848228454590e-01,2.586092054843902588e-01,2.422459721565246582e-01,2.230936884880065918e-01,2.018152475357055664e-01,1.783073842525482178e-01,1.538147628307342529e-01,1.282379627227783203e-01,1.015439704060554504e-01,7.612092792987823486e-02,5.049759149551391602e-02,2.533886767923831940e-02,3.059840819332748652e-04
-1.553334761410951614e-03,-1.436716224998235703e-02,-2.731786109507083893e-02,-4.116174951195716858e-02,-5.476753041148185730e-02,-7.285749912261962891e-02,-8.721973747014999390e-02,-1.055502742528915405e-01,-1.233497187495231628e-01,-1.406753808259963989e-01,-1.587664783000946045e-01,-1.753965318202972412e-01,-1.919142007827758789e-01,-2.046037763357162476e-01,-2.164806276559829712e-01,-2.244224399328231812e-01,-2.304804623126983643e-01,-2.324469536542892456e-01,-2.308258414268493652e-01,-2.257499396800994873e-01,-2.181084305047988892e-01,-2.078861892223358154e-01,-1.952042579650878906e-01,-1.808534115552902222e-01,-1.649806946516036987e-01,-1.490961909294128418e-01,-1.315771937370300293e-01,-1.126807704567909241e-01,-9.510498493909835815e-02,-7.706268876791000366e-02,-5.860665068030357361e-02,-3.987771645188331604e-02,-2.038362808525562286e-02,1.114626211347058415e-04,2.133574336767196655e-02,4.438026249408721924e-02,6.855719536542892456e-02,9.403965622186660767e-02,1.187624707818031311e-01,1.448065340518951416e-01,1.697347611188888550e-01,1.966863423585891724e-01,2.206584513187408447e-01,2.417439222335815430e-01,2.615339457988739014e-01,2.767502069473266602e-01,2.897848188877105713e-01,2.981171607971191406e-01,3.017080724239349365e-01,2.992807924747467041e-01,2.933598756790161133e-01,2.831191718578338623e-01,2.695718705654144287e-01,2.526585459709167480e-01,2.321276515722274780e-01,2.100514024496078491e-01,1.864598840475082397e-01,1.599617749452590942e-01,1.341470628976821899e-01,1.059525385499000549e-01,7.989054918289184570e-02,5.234242975711822510e-02,2.663334459066390991e-02,-5.773280863650143147e-04
-9.424790623597800732e-04,-1.599167846143245697e-02,-3.013786301016807556e-02,-4.543304443359375000e-02,-6.034053862094879150e-02,-7.850802689790725708e-02,-9.631660580635070801e-02,-1.141947656869888306e-01,-1.345052570104598999e-01,-1.528438776731491089e-01,-1.729715764522552490e-01,-1.904030889272689819e-01,-2.059661895036697388e-01,-2.199372500181198120e-01,-2.321489155292510986e-01,-2.403689622879028320e-01,-2.458085268735885620e-01,-2.476548701524734497e-01,-2.453965097665786743e-01,-2.390676587820053101e-01,-2.308236360549926758e-01,-2.188821882009506226e-01,-2.060222625732421875e-01,-1.900763064622879028e-01,-1.727681159973144531e-01,-1.548451483249664307e-01,-1.367732584476470947e-01,-1.176171079277992249e-01,-9.733354300260543823e-02,-7.908529043197631836e-02,-5.958188697695732117e-02,-4.043235257267951965e-02,-1.891992241144180298e-02,2.200098009780049324e-03,2.410805597901344299e-02,4.809490218758583069e-02,7.282279431819915771e-02,1.002543866634368896e-01,1.256573498249053955e-01,1.518447697162628174e-01,1.777525842189788818e-01,2.045745998620986938e-01,2.291513234376907349e-01,2.507372498512268066e-01,2.706662714481353760e-01,2.867177128791809082e-01,2.991813123226165771e-01,3.064699470996856689e-01,3.106456398963928223e-01,3.076877892017364502e-01,3.016813695430755615e-01,2.901444435119628906e-01,2.763868868350982666e-01,2.582456469535827637e-01,2.364110201597213745e-01,2.137394994497299194e-01,1.890307217836380005e-01,1.626794040203094482e-01,1.359380781650543213e-01,1.070333346724510193e-01,8.031518757343292236e-02,5.350981280207633972e-02,2.724597044289112091e-02,5.625627090921625495e-05
-2.599490107968449593e-03,-1.718101650476455688e-02,-3.412315994501113892e-02,-5.054364353418350220e-02,-6.772552430629730225e-02,-8.648516982793807983e-02,-1.058111265301704407e-01,-1.249454393982887268e-01,-1.469802111387252808e-01,-1.671590507030487061e-01,-1.871462166309356689e-01,-2.047994434833526611e-01,-2.227223962545394897e-01,-2.368346303701400757e-01,-2.493074834346771240e-01,-2.572323679924011230e-01,-2.632421255111694336e-01,-2.635763585567474365e-01,-2.605453431606292725e-01,-2.534023225307464600e-01,-2.435091286897659302e-01,-2.310918569564819336e-01,-2.156095653772354126e-01,-1.984921395778656006e-01,-1.792820096015930176e-01,-1.598357111215591431e-01,-1.393016129732131958e-01,-1.178694218397140503e-01,-9.779670089483261108e-02,-7.695751637220382690e-02,-5.698396638035774231e-02,-3.586507588624954224e-02,-1.420281920582056046e-02,7.387959863990545273e-03,3.021441400051116943e-02,5.507254973053932190e-02,8.008430153131484985e-02,1.068305000662803650e-01,1.317172050476074219e-01,1.591520011425018311e-01,1.854844093322753906e-01,2.126576453447341919e-01,2.369591742753982544e-01,2.587113976478576660e-01,2.780981361865997314e-01,2.935562431812286377e-01,3.057447075843811035e-01,3.134337365627288818e-01,3.158161640167236328e-01,3.135017752647399902e-01,3.057280480861663818e-01,2.945286631584167480e-01,2.784806787967681885e-01,2.599347829818725586e-01,2.381423860788345337e-01,2.144033610820770264e-01,1.897107809782028198e-01,1.629902869462966919e-01,1.357527971267700195e-01,1.073496788740158081e-01,8.107931911945343018e-02,5.288632214069366455e-02,2.758603543043136597e-02,-7.508897688239812851e-04
-5.094184889458119869e-04,-1.862355135381221771e-02,-3.789024427533149719e-02,-5.702901259064674377e-02,-7.577900588512420654e-02,-9.755453467369079590e-02,-1.199758350849151611e-01,-1.418169736862182617e-01,-1.638401597738265991e-01,-1.845377683639526367e-01,-2.050448507070541382e-01,-2.250969856977462769e-01,-2.432222068309783936e-01,-2.572095096111297607e-01,-2.686847150325775146e-01,-2.771787643432617188e-01,-2.807821631431579590e-01,-2.810204029083251953e-01,-2.762296497821807861e-01,-2.671827375888824463e-01,-2.566537857055664062e-01,-2.419661581516265869e-01,-2.247516214847564697e-01,-2.056248188018798828e-01,-1.839921027421951294e-01,-1.616488099098205566e-01,-1.391960680484771729e-01,-1.168762743473052979e-01,-9.446002542972564697e-02,-7.249746471643447876e-02,-5.052261799573898315e-02,-2.810194343328475952e-02,-6.256001535803079605e-03,1.724543236196041107e-02,3.952395543456077576e-02,6.466494500637054443e-02,8.913131058216094971e-02,1.160067021846771240e-01,1.407935172319412231e-01,1.678947508335113525e-01,1.935590654611587524e-01,2.201491296291351318e-01,2.441153675317764282e-01,2.649586796760559082e-01,2.839400768280029297e-01,2.988885343074798584e-01,3.100284636020660400e-01,3.174633681774139404e-01,3.186469972133636475e-01,3.142404556274414062e-01,3.062278330326080322e-01,2.933757305145263672e-01,2.771233320236206055e-01,2.583786845207214355e-01,2.357568293809890747e-01,2.116323262453079224e-01,1.867239475250244141e-01,1.602893918752670288e-01,1.329653263092041016e-01,1.052272021770477295e-01,7.874427735805511475e-02,5.198238790035247803e-02,2.640039101243019104e-02,-4.646309389499947429e-05
-3.817363758571445942e-04,-1.981835998594760895e-02,-4.085693135857582092e-02,-6.281515210866928101e-02,-8.509851247072219849e-02,-1.092467978596687317e-01,-1.327599734067916870e-01,-1.562688052654266357e-01,-1.807067543268203735e-01,-2.029887288808822632e-01,-2.271219938993453979e-01,-2.467398196458816528e-01,-2.654827833175659180e-01,-2.788754105567932129e-01,-2.909095883369445801e-01,-2.980604171752929688e-01,-3.010204732418060303e-01,-2.991748154163360596e-01,-2.931308448314666748e-01,-2.832812070846557617e-01,-2.691679000854492188e-01,-2.533395886421203613e-01,-2.337654381990432739e-01,-2.115617841482162476e-01,-1.875502467155456543e-01,-1.642229706048965454e-01,-1.395577937364578247e-01,-1.151251569390296936e-01,-9.146718680858612061e-02,-6.688147038221359253e-02,-4.348577931523323059e-02,-1.979891583323478699e-02,2.768625272437930107e-03,2.633763663470745087e-02,4.905513301491737366e-02,7.456187903881072998e-02,9.863483905792236328e-02,1.253099441528320312e-01,1.491945683956146240e-01,1.759830564260482788e-01,2.011583596467971802e-01,2.277232110500335693e-01,2.501465976238250732e-01,2.710646390914916992e-01,2.884298563003540039e-01,3.026144504547119141e-01,3.124030530452728271e-01,3.187959194183349609e-01,3.186587393283843994e-01,3.139580786228179932e-01,3.041994273662567139e-01,2.912396192550659180e-01,2.738881111145019531e-01,2.551109194755554199e-01,2.317741215229034424e-01,2.082659304141998291e-01,1.834304034709930420e-01,1.562859266996383667e-01,1.299473345279693604e-01,1.021366044878959656e-01,7.745137065649032593e-02,4.975631088018417358e-02,2.577110007405281067e-02,-9.316009236499667168e-04
-2.200985763920471072e-04,-2.274002879858016968e-02,-4.706968739628791809e-02,-7.068698853254318237e-02,-9.491315484046936035e-02,-1.213370040059089661e-01,-1.471549123525619507e-01,-1.714294850826263428e-01,-1.984717249870300293e-01,-2.225741446018218994e-01,-2.474513947963714600e-01,-2.679482996463775635e-01,-2.866532206535339355e-01,-3.016232848167419434e-01,-3.123553991317749023e-01,-3.186523914337158203e-01,-3.200659751892089844e-01,-3.175297975540161133e-01,-3.091743886470794678e-01,-2.964995801448822021e-01,-2.809303700923919678e-01,-2.618423104286193848e-01,-2.399404495954513550e-01,-2.156483083963394165e-01,-1.888876855373382568e-01,-1.630954593420028687e-01,-1.362309753894805908e-01,-1.103224232792854309e-01,-8.383769541978836060e-02,-5.851956456899642944e-02,-3.489263355731964111e-02,-9.617199189960956573e-03,1.315721776336431503e-02,3.755081072449684143e-02,6.005667895078659058e-02,8.541875332593917847e-02,1.086610704660415649e-01,1.347084343433380127e-01,1.592844873666763306e-01,1.850742697715759277e-01,2.100813239812850952e-01,2.343449741601943970e-01,2.570127248764038086e-01,2.758786976337432861e-01,2.924426198005676270e-01,3.050916492938995361e-01,3.132003247737884521e-01,3.177400827407836914e-01,3.175566494464874268e-01,3.112340867519378662e-01,3.008615076541900635e-01,2.871648073196411133e-01,2.699384689331054688e-01,2.503819763660430908e-01,2.269325554370880127e-01,2.027572542428970337e-01,1.776828169822692871e-01,1.503614783287048340e-01,1.239785850048065186e-01,9.778314083814620972e-02,7.277812063694000244e-02,4.749083146452903748e-02,2.395384944975376129e-02,-1.849861582741141319e-04
-5.014598718844354153e-04,-2.475412748754024506e-02,-5.113567784428596497e-02,-7.761885970830917358e-02,-1.051884591579437256e-01,-1.333464831113815308e-01,-1.605583280324935913e-01,-1.875929087400436401e-01,-2.169435769319534302e-01,-2.423230409622192383e-01,-2.674938142299652100e-01,-2.895783483982086182e-01,-3.096798360347747803e-01,-3.238994479179382324e-01,-3.333943486213684082e-01,-3.383517265319824219e-01,-3.391723632812500000e-01,-3.342122137546539307e-01,-3.245566189289093018e-01,-3.102126419544219971e-01,-2.918396890163421631e-01,-2.718455195426940918e-01,-2.462654411792755127e-01,-2.197522968053817749e-01,-1.914431154727935791e-01,-1.628265082836151123e-01,-1.339541971683502197e-01,-1.060574501752853394e-01,-7.856735587120056152e-02,-5.220769345760345459e-02,-2.689842507243156433e-02,-9.186825482174754143e-04,2.280586026608943939e-02,4.669537022709846497e-02,7.051734626293182373e-02,9.541134536266326904e-02,1.197346970438957214e-01,1.446487307548522949e-01,1.686308681964874268e-01,1.939496397972106934e-01,2.177869081497192383e-01,2.417136430740356445e-01,2.622012197971343994e-01,2.801402807235717773e-01,2.951219677925109863e-01,3.066058158874511719e-01,3.137294054031372070e-01,3.170263767242431641e-01,3.142277002334594727e-01,3.085105717182159424e-01,2.974613904953002930e-01,2.836133539676666260e-01,2.651948928833007812e-01,2.453607171773910522e-01,2.219029068946838379e-01,1.971714943647384644e-01,1.718423664569854736e-01,1.441181153059005737e-01,1.197470277547836304e-01,9.417394548654556274e-02,7.075241208076477051e-02,4.477747902274131775e-02,2.405762113630771637e-02,-9.736765641719102859e-04
-8.276234439108520746e-05,-2.751793712377548218e-02,-5.763395130634307861e-02,-8.672261983156204224e-02,-1.142076402902603149e-01,-1.442397683858871460e-01,-1.718392521142959595e-01,-2.020906209945678711e-01,-2.310715913772583008e-01,-2.598087191581726074e-01,-2.859319746494293213e-01,-3.088378310203552246e-01,-3.290992677211761475e-01,-3.430795967578887939e-01,-3.520515859127044678e-01,-3.558589518070220947e-01,-3.559630811214447021e-01,-3.494426906108856201e-01,-3.391994237899780273e-01,-3.227157592773437500e-01,-3.028240203857421875e-01,-2.785194814205169678e-01,-2.513917684555053711e-01,-2.233801186084747314e-01,-1.927695572376251221e-01,-1.622902154922485352e-01,-1.304099112749099731e-01,-1.027150824666023254e-01,-7.229525595903396606e-02,-4.472500830888748169e-02,-1.862324588000774384e-02,8.480251766741275787e-03,3.225151449441909790e-02,5.712685734033584595e-02,8.016645908355712891e-02,1.044609174132347107e-01,1.287426054477691650e-01,1.536844521760940552e-01,1.774745285511016846e-01,2.023592293262481689e-01,2.255371510982513428e-01,2.479564100503921509e-01,2.678312957286834717e-01,2.842025458812713623e-01,2.985500991344451904e-01,3.082628250122070312e-01,3.143586814403533936e-01,3.154988586902618408e-01,3.123286962509155273e-01,3.053017258644104004e-01,2.944160997867584229e-01,2.791563570499420166e-01,2.605503201484680176e-01,2.395307570695877075e-01,2.155885547399520874e-01,1.907030791044235229e-01,1.657763272523880005e-01,1.396956592798233032e-01,1.148234605789184570e-01,8.998871594667434692e-02,6.663495302200317383e-02,4.283505678176879883e-02,2.157846651971340179e-02,-4.697248805314302444e-04
-4.969841684214770794e-04,-2.855471335351467133e-02,-5.924018844962120056e-02,-9.195452928543090820e-02,-1.219561845064163208e-01,-1.530167013406753540e-01,-1.838162094354629517e-01,-2.136928886175155640e-01,-2.453620433807373047e-01,-2.737541198730468750e-01,-3.018921911716461182e-01,-3.247351348400115967e-01,-3.459483683109283447e-01,-3.587156534194946289e-01,-3.684647977352142334e-01,-3.717109262943267822e-01,-3.710259199142456055e-01,-3.621448576450347900e-01,-3.513435423374176025e-01,-3.333263993263244629e-01,-3.107640147209167480e-01,-2.863110899925231934e-01,-2.575464546680450439e-01,-2.275583595037460327e-01,-1.950917094945907593e-01,-1.628764122724533081e-01,-1.297633200883865356e-01,-9.995818883180618286e-02,-6.925969570875167847e-02,-4.077667742967605591e-02,-1.312215160578489304e-02,1.369570288807153702e-02,3.912702947854995728e-02,6.369253247976303101e-02,8.855143189430236816e-02,1.126123443245887756e-01,1.365729570388793945e-01,1.615026593208312988e-01,1.845676600933074951e-01,2.087619304656982422e-01,2.309077829122543335e-01,2.528464198112487793e-01,2.712321281433105469e-01,2.872875630855560303e-01,3.002057373523712158e-01,3.096791207790374756e-01,3.144575953483581543e-01,3.151966929435729980e-01,3.106040954589843750e-01,3.030614554882049561e-01,2.916525006294250488e-01,2.753534913063049316e-01,2.561171948909759521e-01,2.352864742279052734e-01,2.109742313623428345e-01,1.866030991077423096e-01,1.620704680681228638e-01,1.353436112403869629e-01,1.122758314013481140e-01,8.780550211668014526e-02,6.590119004249572754e-02,4.121531918644905090e-02,2.131940983235836029e-02,-6.352490745484828949e-04
-3.395220574020640925e-06,-3.108890913426876068e-02,-6.351710110902786255e-02,-9.583220630884170532e-02,-1.258665174245834351e-01,-1.601446568965911865e-01,-1.897631585597991943e-01,-2.240261584520339966e-01,-2.539642155170440674e-01,-2.855148911476135254e-01,-3.124367296695709229e-01,-3.376916646957397461e-01,-3.566974401473999023e-01,-3.717206418514251709e-01,-3.796719312667846680e-01,-3.835670351982116699e-01,-3.814219534397125244e-01,-3.740452527999877930e-01,-3.612821996212005615e-01,-3.432207405567169189e-01,-3.197396695613861084e-01,-2.928485274314880371e-01,-2.629659771919250488e-01,-2.318677306175231934e-01,-1.982017010450363159e-01,-1.647427380084991455e-01,-1.301443278789520264e-01,-9.956657141447067261e-02,-6.715095788240432739e-02,-3.795010969042778015e-02,-9.381623938679695129e-03,1.803263090550899506e-02,4.371496662497520447e-02,6.920662522315979004e-02,9.345441311597824097e-02,1.186974868178367615e-01,1.416873484849929810e-01,1.658707112073898315e-01,1.897449642419815063e-01,2.129704356193542480e-01,2.355711311101913452e-01,2.559077739715576172e-01,2.751404643058776855e-01,2.902972996234893799e-01,3.033178448677062988e-01,3.113859295845031738e-01,3.168124258518218994e-01,3.158764243125915527e-01,3.119981288909912109e-01,3.030099570751190186e-01,2.915726006031036377e-01,2.740143835544586182e-01,2.543302476406097412e-01,2.319110035896301270e-01,2.081872969865798950e-01,1.823940724134445190e-01,1.579250693321228027e-01,1.319537460803985596e-01,1.099030971527099609e-01,8.607393503189086914e-02,6.314009428024291992e-02,4.029084742069244385e-02,2.036052756011486053e-02,-3.382827271707355976e-04
-1.504234620369970798e-03,-3.135147690773010254e-02,-6.442645192146301270e-02,-9.797934442758560181e-02,-1.299425214529037476e-01,-1.632354855537414551e-01,-1.963500827550888062e-01,-2.289497554302215576e-01,-2.617523372173309326e-01,-2.914776504039764404e-01,-3.200162351131439209e-01,-3.446644246578216553e-01,-3.655657172203063965e-01,-3.799315392971038818e-01,-3.893687427043914795e-01,-3.917971253395080566e-01,-3.905692696571350098e-01,-3.818413019180297852e-01,-3.690811693668365479e-01,-3.496957719326019287e-01,-3.258113861083984375e-01,-2.994680106639862061e-01,-2.694620192050933838e-01,-2.369228750467300415e-01,-2.026367336511611938e-01,-1.671890616416931152e-01,-1.327539980411529541e-01,-1.006892696022987366e-01,-6.744749844074249268e-02,-3.765714913606643677e-02,-8.855022490024566650e-03,1.930536516010761261e-02,4.534624144434928894e-02,7.079926878213882446e-02,9.607622027397155762e-02,1.204758808016777039e-01,1.442646831274032593e-01,1.689525246620178223e-01,1.921157091856002808e-01,2.162978202104568481e-01,2.383518517017364502e-01,2.598518729209899902e-01,2.777558267116546631e-01,2.932974398136138916e-01,3.060464560985565186e-01,3.146041929721832275e-01,3.190206885337829590e-01,3.185266256332397461e-01,3.140206933021545410e-01,3.052103817462921143e-01,2.921578586101531982e-01,2.746331393718719482e-01,2.556668221950531006e-01,2.332498282194137573e-01,2.096932381391525269e-01,1.840725392103195190e-01,1.585125923156738281e-01,1.319579184055328369e-01,1.087994724512100220e-01,8.598700165748596191e-02,6.444299221038818359e-02,4.043640941381454468e-02,2.115864120423793793e-02,-1.483095256844535470e-04
-8.551515638828277588e-04,-3.199420869350433350e-02,-6.562747061252593994e-02,-1.000750064849853516e-01,-1.315206438302993774e-01,-1.668587327003479004e-01,-1.976361572742462158e-01,-2.329532802104949951e-01,-2.624936103820800781e-01,-2.948819100856781006e-01,-3.226546645164489746e-01,-3.482992649078369141e-01,-3.678396344184875488e-01,-3.840023279190063477e-01,-3.916277587413787842e-01,-3.961645960807800293e-01,-3.933401703834533691e-01,-3.864886462688446045e-01,-3.730019330978393555e-01,-3.551133573055267334e-01,-3.313403427600860596e-01,-3.033348321914672852e-01,-2.722985744476318359e-01,-2.408374845981597900e-01,-2.052658349275588989e-01,-1.717546731233596802e-01,-1.354983001947402954e-01,-1.038760021328926086e-01,-7.097399979829788208e-02,-4.082005098462104797e-02,-1.185983419418334961e-02,1.697637513279914856e-02,4.357848688960075378e-02,6.936600804328918457e-02,9.425032883882522583e-02,1.189896315336227417e-01,1.430559307336807251e-01,1.685829013586044312e-01,1.921185851097106934e-01,2.163384407758712769e-01,2.393817752599716187e-01,2.611520588397979736e-01,2.806056737899780273e-01,2.960804998874664307e-01,3.099019527435302734e-01,3.183729946613311768e-01,3.239918351173400879e-01,3.227877616882324219e-01,3.186596930027008057e-01,3.083817660808563232e-01,2.971728146076202393e-01,2.784734368324279785e-01,2.594404220581054688e-01,2.363045662641525269e-01,2.126605212688446045e-01,1.859942823648452759e-01,1.603645384311676025e-01,1.335120052099227905e-01,1.098796054720878601e-01,8.591321855783462524e-02,6.342042237520217896e-02,4.062815383076667786e-02,2.066711150109767914e-02,-1.052697334671393037e-04
-7.853467250242829323e-04,-3.003767691552639008e-02,-6.290601193904876709e-02,-9.785000979900360107e-02,-1.300897747278213501e-01,-1.641086190938949585e-01,-1.973439455032348633e-01,-2.298858761787414551e-01,-2.616321444511413574e-01,-2.930117547512054443e-01,-3.215047717094421387e-01,-3.461346328258514404e-01,-3.681524693965911865e-01,-3.830085992813110352e-01,-3.937206268310546875e-01,-3.985540568828582764e-01,-3.976835012435913086e-01,-3.889049589633941650e-01,-3.769386112689971924e-01,-3.581961393356323242e-01,-3.344937860965728760e-01,-3.074159324169158936e-01,-2.784475088119506836e-01,-2.465233951807022095e-01,-2.117937952280044556e-01,-1.771749705076217651e-01,-1.418458074331283569e-01,-1.098746433854103088e-01,-7.685603201389312744e-02,-4.683529958128929138e-02,-1.810413785278797150e-02,1.119442377239465714e-02,3.781449422240257263e-02,6.455428153276443481e-02,9.000838547945022583e-02,1.154411733150482178e-01,1.401950716972351074e-01,1.661357134580612183e-01,1.903511881828308105e-01,2.156705260276794434e-01,2.391066402196884155e-01,2.620512545108795166e-01,2.820107340812683105e-01,2.993173003196716309e-01,3.130649328231811523e-01,3.229449689388275146e-01,3.289758861064910889e-01,3.286235928535461426e-01,3.245249390602111816e-01,3.145314157009124756e-01,3.028011918067932129e-01,2.842797636985778809e-01,2.654534578323364258e-01,2.426640838384628296e-01,2.185447365045547485e-01,1.930984407663345337e-01,1.669268161058425903e-01,1.403065621852874756e-01,1.151210963726043701e-01,9.070104360580444336e-02,6.831388920545578003e-02,4.313984513282775879e-02,2.133289538323879242e-02,-4.965767730027437210e-04
-3.479285223875194788e-04,-3.039076365530490875e-02,-6.196441128849983215e-02,-9.584461152553558350e-02,-1.269183605909347534e-01,-1.619484871625900269e-01,-1.932359784841537476e-01,-2.278495430946350098e-01,-2.581430673599243164e-01,-2.904172241687774658e-01,-3.169967234134674072e-01,-3.435709178447723389e-01,-3.629029691219329834e-01,-3.808848857879638672e-01,-3.896694481372833252e-01,-3.973013460636138916e-01,-3.955285251140594482e-01,-3.903393447399139404e-01,-3.775553405284881592e-01,-3.606050312519073486e-01,-3.382644951343536377e-01,-3.118628263473510742e-01,-2.820428013801574707e-01,-2.511707246303558350e-01,-2.173569947481155396e-01,-1.839614659547805786e-01,-1.491573005914688110e-01,-1.177904680371284485e-01,-8.518338948488235474e-02,-5.548834800720214844e-02,-2.581555582582950592e-02,3.089995589107275009e-03,3.080719523131847382e-02,5.654016137123107910e-02,8.286214619874954224e-02,1.094180941581726074e-01,1.348163485527038574e-01,1.611715555191040039e-01,1.866456866264343262e-01,2.125885188579559326e-01,2.383689731359481812e-01,2.615985274314880371e-01,2.836731374263763428e-01,3.011588156223297119e-01,3.167547881603240967e-01,3.266169726848602295e-01,3.335850238800048828e-01,3.342688977718353271e-01,3.320486843585968018e-01,3.223105669021606445e-01,3.115750253200531006e-01,2.932743132114410400e-01,2.737949788570404053e-01,2.498259991407394409e-01,2.262655347585678101e-01,1.998859643936157227e-01,1.736386120319366455e-01,1.453988403081893921e-01,1.204755902290344238e-01,9.462980180978775024e-02,7.059711217880249023e-02,4.487288743257522583e-02,2.334878034889698029e-02,3.312269982416182756e-04
-6.732502370141446590e-04,-2.840464003384113312e-02,-5.859299376606941223e-02,-9.061431139707565308e-02,-1.206931024789810181e-01,-1.534103006124496460e-01,-1.850488334894180298e-01,-2.179995477199554443e-01,-2.504484653472900391e-01,-2.812951803207397461e-01,-3.088597953319549561e-01,-3.341615796089172363e-01,-3.553323149681091309e-01,-3.721727728843688965e-01,-3.847832977771759033e-01,-3.909289836883544922e-01,-3.930710554122924805e-01,-3.873790800571441650e-01,-3.773358762264251709e-01,-3.595034480094909668e-01,-3.388118743896484375e-01,-3.150772154331207275e-01,-2.866488099098205566e-01,-2.563204169273376465e-01,-2.242628484964370728e-01,-1.917340755462646484e-01,-1.587628275156021118e-01,-1.270734667778015137e-01,-9.513431787490844727e-02,-6.576620787382125854e-02,-3.660920634865760803e-02,-7.968014106154441833e-03,2.000554464757442474e-02,4.654402658343315125e-02,7.387187331914901733e-02,1.006504446268081665e-01,1.277886480093002319e-01,1.553037464618682861e-01,1.816236823797225952e-01,2.088669091463088989e-01,2.357479333877563477e-01,2.616395056247711182e-01,2.840853929519653320e-01,3.036226630210876465e-01,3.208206593990325928e-01,3.332542181015014648e-01,3.405873179435729980e-01,3.436639308929443359e-01,3.408176004886627197e-01,3.335793912410736084e-01,3.224146366119384766e-01,3.046959638595581055e-01,2.858657836914062500e-01,2.608050704002380371e-01,2.380303889513015747e-01,2.109455168247222900e-01,1.841813474893569946e-01,1.551742851734161377e-01,1.279381662607192993e-01,1.022268384695053101e-01,7.616259157657623291e-02,4.958609119057655334e-02,2.598240412771701813e-02,6.370281334966421127e-04
-1.137889572419226170e-03,-2.772663347423076630e-02,-5.621383339166641235e-02,-8.595535904169082642e-02,-1.147523671388626099e-01,-1.478565484285354614e-01,-1.773793250322341919e-01,-2.094592452049255371e-01,-2.401519864797592163e-01,-2.714100182056427002e-01,-2.988881468772888184e-01,-3.242862224578857422e-01,-3.449724316596984863e-01,-3.623163700103759766e-01,-3.740905225276947021e-01,-3.821724057197570801e-01,-3.845593929290771484e-01,-3.817861676216125488e-01,-3.723974227905273438e-01,-3.581323623657226562e-01,-3.389495313167572021e-01,-3.156250715255737305e-01,-2.884071469306945801e-01,-2.604915499687194824e-01,-2.285245805978775024e-01,-1.979425549507141113e-01,-1.660378128290176392e-01,-1.355734318494796753e-01,-1.055097952485084534e-01,-7.629309594631195068e-02,-4.802976548671722412e-02,-1.949854753911495209e-02,8.961172774434089661e-03,3.573446348309516907e-02,6.353050470352172852e-02,8.998396247625350952e-02,1.182110607624053955e-01,1.475725471973419189e-01,1.752326637506484985e-01,2.041599452495574951e-01,2.322299927473068237e-01,2.598684430122375488e-01,2.840124368667602539e-01,3.047569990158081055e-01,3.235559463500976562e-01,3.378305137157440186e-01,3.467336893081665039e-01,3.505036532878875732e-01,3.495663404464721680e-01,3.431656062602996826e-01,3.339291810989379883e-01,3.169626891613006592e-01,2.986121773719787598e-01,2.742070853710174561e-01,2.498542219400405884e-01,2.215310037136077881e-01,1.939137130975723267e-01,1.644725054502487183e-01,1.367510259151458740e-01,1.069974526762962341e-01,8.015323430299758911e-02,5.205965414643287659e-02,2.703772112727165222e-02,5.366891855373978615e-04
-3.192678268533200026e-04,-2.570143342018127441e-02,-5.171454697847366333e-02,-8.059760928153991699e-02,-1.084666997194290161e-01,-1.387232989072799683e-01,-1.677539348602294922e-01,-1.979793310165405273e-01,-2.266447097063064575e-01,-2.561642527580261230e-01,-2.844952046871185303e-01,-3.103321492671966553e-01,-3.331677317619323730e-01,-3.505018055438995361e-01,-3.642583787441253662e-01,-3.728832006454467773e-01,-3.776008784770965576e-01,-3.742655515670776367e-01,-3.673537373542785645e-01,-3.534207642078399658e-01,-3.357052505016326904e-01,-3.153889179229736328e-01,-2.902208566665649414e-01,-2.636726796627044678e-01,-2.336023300886154175e-01,-2.054178267717361450e-01,-1.755255609750747681e-01,-1.450123190879821777e-01,-1.159583702683448792e-01,-8.777892589569091797e-02,-5.996808409690856934e-02,-3.127571567893028259e-02,-3.332511987537145615e-03,2.430680580437183380e-02,5.203953012824058533e-02,8.126536011695861816e-02,1.102915629744529724e-01,1.398781538009643555e-01,1.690539866685867310e-01,1.988962739706039429e-01,2.290435880422592163e-01,2.579841315746307373e-01,2.843870222568511963e-01,3.063746988773345947e-01,3.272211849689483643e-01,3.432101309299468994e-01,3.541614115238189697e-01,3.600746095180511475e-01,3.598449230194091797e-01,3.548855483531951904e-01,3.452343344688415527e-01,3.299985527992248535e-01,3.116357028484344482e-01,2.874360978603363037e-01,2.622551620006561279e-01,2.331138700246810913e-01,2.051281780004501343e-01,1.735481470823287964e-01,1.445543617010116577e-01,1.148215010762214661e-01,8.659849315881729126e-02,5.641302466392517090e-02,2.918968163430690765e-02,-2.324750239495187998e-04
1.598569360794499516e-04,-2.559711225330829620e-02,-4.919162765145301819e-02,-7.594291865825653076e-02,-1.016840487718582153e-01,-1.329705119132995605e-01,-1.593049317598342896e-01,-1.891665607690811157e-01,-2.181477844715118408e-01,-2.458252310752868652e-01,-2.726731896400451660e-01,-2.991169691085815430e-01,-3.214971721172332764e-01,-3.401442468166351318e-01,-3.543363511562347412e-01,-3.640916049480438232e-01,-3.689933121204376221e-01,-3.679034113883972168e-01,-3.617432713508605957e-01,-3.500438928604125977e-01,-3.342338800430297852e-01,-3.146473467350006104e-01,-2.923477292060852051e-01,-2.670671641826629639e-01,-2.390896975994110107e-01,-2.111237198114395142e-01,-1.830488592386245728e-01,-1.543315201997756958e-01,-1.256461292505264282e-01,-9.774301201105117798e-02,-7.090129703283309937e-02,-4.301764443516731262e-02,-1.495835930109024048e-02,1.211992744356393814e-02,4.140432551503181458e-02,7.012811303138732910e-02,1.007703840732574463e-01,1.316267997026443481e-01,1.628626585006713867e-01,1.944001168012619019e-01,2.259977608919143677e-01,2.559174597263336182e-01,2.845170795917510986e-01,3.079805672168731689e-01,3.301029801368713379e-01,3.465980589389801025e-01,3.600461483001708984e-01,3.658372461795806885e-01,3.681300878524780273e-01,3.630156815052032471e-01,3.556292057037353516e-01,3.401192426681518555e-01,3.225289583206176758e-01,2.984868884086608887e-01,2.733376026153564453e-01,2.437974959611892700e-01,2.140320241451263428e-01,1.819453090429306030e-01,1.523516625165939331e-01,1.200272589921951294e-01,9.027200937271118164e-02,5.953116714954376221e-02,3.114102967083454132e-02,3.872142406180500984e-04
-1.613461528904736042e-03,-2.359157428145408630e-02,-4.693642631173133850e-02,-7.212382555007934570e-02,-9.652528166770935059e-02,-1.241634935140609741e-01,-1.509530246257781982e-01,-1.780684888362884521e-01,-2.073278278112411499e-01,-2.348390519618988037e-01,-2.607226371765136719e-01,-2.845073044300079346e-01,-3.074399828910827637e-01,-3.271497786045074463e-01,-3.432347476482391357e-01,-3.522980809211730957e-01,-3.591323792934417725e-01,-3.587917387485504150e-01,-3.548803925514221191e-01,-3.438686430454254150e-01,-3.297638893127441406e-01,-3.132659792900085449e-01,-2.924136817455291748e-01,-2.686526477336883545e-01,-2.423496991395950317e-01,-2.163123339414596558e-01,-1.897000521421432495e-01,-1.618047952651977539e-01,-1.346370577812194824e-01,-1.061256006360054016e-01,-8.075186610221862793e-02,-5.258242785930633545e-02,-2.469506673514842987e-02,3.001597244292497635e-03,3.177456185221672058e-02,6.196360662579536438e-02,9.360647946596145630e-02,1.253382861614227295e-01,1.561173647642135620e-01,1.895499974489212036e-01,2.224832922220230103e-01,2.542453110218048096e-01,2.830601036548614502e-01,3.085674047470092773e-01,3.326016962528228760e-01,3.506307601928710938e-01,3.644509613513946533e-01,3.730290234088897705e-01,3.748269081115722656e-01,3.725042343139648438e-01,3.625240623950958252e-01,3.500736355781555176e-01,3.308301270008087158e-01,3.077151179313659668e-01,2.821286320686340332e-01,2.528637945652008057e-01,2.229016721248626709e-01,1.893989294767379761e-01,1.577633321285247803e-01,1.255077272653579712e-01,9.429920464754104614e-02,6.306193768978118896e-02,3.290141001343727112e-02,1.119573251344263554e-03
-1.278694719076156616e-03,-2.259450033307075500e-02,-4.432056471705436707e-02,-6.822977215051651001e-02,-8.974306285381317139e-02,-1.183934286236763000e-01,-1.430887132883071899e-01,-1.714801341295242310e-01,-1.991681009531021118e-01,-2.267851531505584717e-01,-2.538494765758514404e-01,-2.762856185436248779e-01,-2.986448705196380615e-01,-3.167984187602996826e-01,-3.336657583713531494e-01,-3.432700634002685547e-01,-3.501144051551818848e-01,-3.510666489601135254e-01,-3.483267724514007568e-01,-3.386663496494293213e-01,-3.265193402767181396e-01,-3.095937967300415039e-01,-2.897907495498657227e-01,-2.682782113552093506e-01,-2.429378330707550049e-01,-2.174867540597915649e-01,-1.911074221134185791e-01,-1.650049090385437012e-01,-1.383159160614013672e-01,-1.118739619851112366e-01,-8.553214371204376221e-02,-5.899053439497947693e-02,-3.099669702351093292e-02,-3.838435979560017586e-03,2.607483416795730591e-02,5.397059395909309387e-02,8.677993714809417725e-02,1.193053051829338074e-01,1.514118462800979614e-01,1.855716556310653687e-01,2.184780985116958618e-01,2.518080472946166992e-01,2.816899418830871582e-01,3.083337247371673584e-01,3.327818214893341064e-01,3.524835407733917236e-01,3.669534921646118164e-01,3.759656548500061035e-01,3.795097470283508301e-01,3.755804002285003662e-01,3.682025372982025146e-01,3.538805246353149414e-01,3.365187346935272217e-01,3.144326806068420410e-01,2.883242666721343994e-01,2.585513591766357422e-01,2.279804199934005737e-01,1.954969763755798340e-01,1.626695692539215088e-01,1.290774345397949219e-01,9.667855501174926758e-02,6.414862722158432007e-02,3.316450119018554688e-02,4.236638778820633888e-04
-5.443561240099370480e-04,-2.069695480167865753e-02,-4.129849746823310852e-02,-6.426467746496200562e-02,-8.651841431856155396e-02,-1.133381873369216919e-01,-1.361173838376998901e-01,-1.631996333599090576e-01,-1.903801411390304565e-01,-2.171336859464645386e-01,-2.448081821203231812e-01,-2.669151723384857178e-01,-2.887005805969238281e-01,-3.080492317676544189e-01,-3.241846263408660889e-01,-3.346347510814666748e-01,-3.415020108222961426e-01,-3.425954878330230713e-01,-3.405317664146423340e-01,-3.320591151714324951e-01,-3.193486034870147705e-01,-3.052924573421478271e-01,-2.860563695430755615e-01,-2.652779519557952881e-01,-2.405460029840469360e-01,-2.177495062351226807e-01,-1.925688982009887695e-01,-1.663532406091690063e-01,-1.402921080589294434e-01,-1.145870164036750793e-01,-8.872704207897186279e-02,-6.274045258760452271e-02,-3.516140952706336975e-02,-7.362654432654380798e-03,2.167189493775367737e-02,5.142098665237426758e-02,8.344712108373641968e-02,1.162542775273323059e-01,1.482942998409271240e-01,1.825079321861267090e-01,2.158100306987762451e-01,2.495362758636474609e-01,2.803734838962554932e-01,3.070497512817382812e-01,3.319721221923828125e-01,3.517001867294311523e-01,3.677321076393127441e-01,3.777091801166534424e-01,3.801136612892150879e-01,3.775871992111206055e-01,3.692376613616943359e-01,3.572286963462829590e-01,3.379296064376831055e-01,3.159299492835998535e-01,2.889226078987121582e-01,2.611808180809020996e-01,2.301293015480041504e-01,1.974215358495712280e-01,1.645814776420593262e-01,1.305838376283645630e-01,9.874006360769271851e-02,6.514886021614074707e-02,3.349500522017478943e-02,-2.315474412171170115e-04
-4.045144596602767706e-04,-2.088521607220172882e-02,-4.121389985084533691e-02,-6.334679573774337769e-02,-8.456444740295410156e-02,-1.102640107274055481e-01,-1.336209774017333984e-01,-1.586461365222930908e-01,-1.860593259334564209e-01,-2.131613492965698242e-01,-2.394064366817474365e-01,-2.627628743648529053e-01,-2.848920524120330811e-01,-3.026375770568847656e-01,-3.191173970699310303e-01,-3.296717405319213867e-01,-3.373925387859344482e-01,-3.386237621307373047e-01,-3.357038497924804688e-01,-3.268770575523376465e-01,-3.154685497283935547e-01,-2.990724444389343262e-01,-2.810808122158050537e-01,-2.604102194309234619e-01,-2.364491224288940430e-01,-2.132323831319808960e-01,-1.887848675251007080e-01,-1.644626706838607788e-01,-1.377056688070297241e-01,-1.129295751452445984e-01,-8.736560493707656860e-02,-6.236371397972106934e-02,-3.466478735208511353e-02,-7.584653794765472412e-03,2.122516371309757233e-02,5.014217644929885864e-02,8.175184577703475952e-02,1.157226487994194031e-01,1.478525251150131226e-01,1.810016483068466187e-01,2.142397314310073853e-01,2.478019297122955322e-01,2.782493531703948975e-01,3.052387237548828125e-01,3.299160003662109375e-01,3.498923778533935547e-01,3.653284311294555664e-01,3.752208054065704346e-01,3.792910575866699219e-01,3.755787909030914307e-01,3.684217035770416260e-01,3.547548353672027588e-01,3.370014727115631104e-01,3.145895898342132568e-01,2.878174781799316406e-01,2.602114081382751465e-01,2.285416424274444580e-01,1.965054571628570557e-01,1.631335765123367310e-01,1.295015364885330200e-01,9.702228009700775146e-02,6.462228298187255859e-02,3.307059779763221741e-02,1.745938220665266272e-06
-1.511438516899943352e-03,-2.046461962163448334e-02,-4.161195084452629089e-02,-6.256885826587677002e-02,-8.449584990739822388e-02,-1.085528507828712463e-01,-1.320341974496841431e-01,-1.560480296611785889e-01,-1.834360212087631226e-01,-2.102289497852325439e-01,-2.366522550582885742e-01,-2.584015727043151855e-01,-2.805521786212921143e-01,-2.983414530754089355e-01,-3.143686354160308838e-01,-3.243133127689361572e-01,-3.311602771282196045e-01,-3.320734500885009766e-01,-3.296192586421966553e-01,-3.208182752132415771e-01,-3.080095946788787842e-01,-2.936669290065765381e-01,-2.748979330062866211e-01,-2.547911703586578369e-01,-2.304162681102752686e-01,-2.079457938671112061e-01,-1.830935478210449219e-01,-1.587550789117813110e-01,-1.327058225870132446e-01,-1.082624197006225586e-01,-8.359085768461227417e-02,-5.836321786046028137e-02,-3.082311898469924927e-02,-4.736484494060277939e-03,2.326195128262042999e-02,5.251393094658851624e-02,8.418835699558258057e-02,1.165381371974945068e-01,1.475543230772018433e-01,1.801325082778930664e-01,2.127748280763626099e-01,2.462177276611328125e-01,2.756237983703613281e-01,3.017725348472595215e-01,3.256493210792541504e-01,3.448958992958068848e-01,3.600468039512634277e-01,3.696005046367645264e-01,3.715548813343048096e-01,3.699092566967010498e-01,3.610667288303375244e-01,3.493720889091491699e-01,3.293465971946716309e-01,3.086341619491577148e-01,2.821188569068908691e-01,2.543050944805145264e-01,2.241085320711135864e-01,1.916060596704483032e-01,1.597075313329696655e-01,1.265511512756347656e-01,9.493843466043472290e-02,6.309840083122253418e-02,3.269406408071517944e-02,-2.557958941906690598e-04
-6.508209044113755226e-04,-2.051504701375961304e-02,-4.234809800982475281e-02,-6.373405456542968750e-02,-8.471818268299102783e-02,-1.099113076925277710e-01,-1.338558495044708252e-01,-1.596757024526596069e-01,-1.861953288316726685e-01,-2.118367552757263184e-01,-2.361454218626022339e-01,-2.594656646251678467e-01,-2.807321548461914062e-01,-2.975747883319854736e-01,-3.121312558650970459e-01,-3.221039474010467529e-01,-3.275099694728851318e-01,-3.281995654106140137e-01,-3.249499201774597168e-01,-3.157116174697875977e-01,-3.028751611709594727e-01,-2.864163517951965332e-01,-2.678041756153106689e-01,-2.482984960079193115e-01,-2.235081344842910767e-01,-1.996937543153762817e-01,-1.741788983345031738e-01,-1.509206593036651611e-01,-1.240958794951438904e-01,-1.000468805432319641e-01,-7.496709376573562622e-02,-5.088755488395690918e-02,-2.416749857366085052e-02,2.386847278103232384e-03,2.924451790750026703e-02,5.802218243479728699e-02,8.807823061943054199e-02,1.203200221061706543e-01,1.498221755027770996e-01,1.816090345382690430e-01,2.121821045875549316e-01,2.438618242740631104e-01,2.717180252075195312e-01,2.972632646560668945e-01,3.191232681274414062e-01,3.381695449352264404e-01,3.520933687686920166e-01,3.616831004619598389e-01,3.633864521980285645e-01,3.595323562622070312e-01,3.512648344039916992e-01,3.377812802791595459e-01,3.189120590686798096e-01,2.983350157737731934e-01,2.719106972217559814e-01,2.450438737869262695e-01,2.156210243701934814e-01,1.861257404088973999e-01,1.540078520774841309e-01,1.218417361378669739e-01,9.108590334653854370e-02,6.008442118763923645e-02,3.049497678875923157e-02,-3.689409932121634483e-04
-3.008648345712572336e-04,-1.988206058740615845e-02,-4.192302748560905457e-02,-6.415526568889617920e-02,-8.688461780548095703e-02,-1.120031997561454773e-01,-1.361241936683654785e-01,-1.615331023931503296e-01,-1.879595071077346802e-01,-2.122869044542312622e-01,-2.384489327669143677e-01,-2.603439092636108398e-01,-2.816814482212066650e-01,-2.964127659797668457e-01,-3.108838796615600586e-01,-3.194858729839324951e-01,-3.236635625362396240e-01,-3.233774006366729736e-01,-3.187354803085327148e-01,-3.085878491401672363e-01,-2.943503856658935547e-01,-2.788213789463043213e-01,-2.596104443073272705e-01,-2.384585291147232056e-01,-2.124470174312591553e-01,-1.896594017744064331e-01,-1.635233759880065918e-01,-1.378936469554901123e-01,-1.127941831946372986e-01,-8.781726658344268799e-02,-6.289963424205780029e-02,-3.861342743039131165e-02,-1.326428633183240891e-02,1.194485928863286972e-02,3.768239542841911316e-02,6.668034940958023071e-02,9.472464025020599365e-02,1.244054287672042847e-01,1.520641595125198364e-01,1.819942444562911987e-01,2.112661898136138916e-01,2.415529489517211914e-01,2.678451836109161377e-01,2.910446524620056152e-01,3.119011521339416504e-01,3.285858035087585449e-01,3.414501249790191650e-01,3.495282232761383057e-01,3.499333262443542480e-01,3.461897075176239014e-01,3.365255892276763916e-01,3.232423365116119385e-01,3.042393326759338379e-01,2.843549847602844238e-01,2.587773799896240234e-01,2.329728007316589355e-01,2.052824497222900391e-01,1.759711652994155884e-01,1.462018936872482300e-01,1.154193282127380371e-01,8.687120676040649414e-02,5.633938685059547424e-02,2.932507172226905823e-02,-1.410088851116597652e-03
5.880475509911775589e-04,-2.100694738328456879e-02,-4.364851117134094238e-02,-6.624010205268859863e-02,-8.987480401992797852e-02,-1.158021762967109680e-01,-1.410177797079086304e-01,-1.660942882299423218e-01,-1.919177025556564331e-01,-2.161387205123901367e-01,-2.420957237482070923e-01,-2.639864683151245117e-01,-2.826211154460906982e-01,-2.991978228092193604e-01,-3.104642629623413086e-01,-3.195346593856811523e-01,-3.220085799694061279e-01,-3.212587535381317139e-01,-3.141405880451202393e-01,-3.031697273254394531e-01,-2.881106138229370117e-01,-2.708753645420074463e-01,-2.498624920845031738e-01,-2.278319150209426880e-01,-2.012479454278945923e-01,-1.764008104801177979e-01,-1.505026072263717651e-01,-1.252155005931854248e-01,-9.872293472290039062e-02,-7.297954708337783813e-02,-4.924635216593742371e-02,-2.426389232277870178e-02,-5.615245900116860867e-04,2.521556615829467773e-02,4.918004199862480164e-02,7.675035297870635986e-02,1.019571647047996521e-01,1.304267644882202148e-01,1.565296351909637451e-01,1.839016973972320557e-01,2.110173851251602173e-01,2.384230941534042358e-01,2.632223963737487793e-01,2.850681841373443604e-01,3.034415841102600098e-01,3.191021084785461426e-01,3.298546969890594482e-01,3.358588516712188721e-01,3.359233736991882324e-01,3.302002549171447754e-01,3.200529217720031738e-01,3.062714040279388428e-01,2.880820930004119873e-01,2.681141197681427002e-01,2.435138374567031860e-01,2.189849913120269775e-01,1.921672374010086060e-01,1.641835421323776245e-01,1.355749666690826416e-01,1.066781803965568542e-01,7.921607047319412231e-02,5.204272270202636719e-02,2.609995380043983459e-02,-7.683551521040499210e-04
-1.686425275693181902e-05,-2.100557275116443634e-02,-4.491341486573219299e-02,-6.826786696910858154e-02,-9.415842592716217041e-02,-1.199100613594055176e-01,-1.454220265150070190e-01,-1.702653616666793823e-01,-1.972657740116119385e-01,-2.219265550374984741e-01,-2.459225952625274658e-01,-2.669999301433563232e-01,-2.855773270130157471e-01,-3.010853528976440430e-01,-3.112696111202239990e-01,-3.183889389038085938e-01,-3.199345767498016357e-01,-3.171253502368927002e-01,-3.087344467639923096e-01,-2.961454987525939941e-01,-2.798289060592651367e-01,-2.623701691627502441e-01,-2.395028024911880493e-01,-2.158350497484207153e-01,-1.889798045158386230e-01,-1.632277220487594604e-01,-1.366297453641891479e-01,-1.102753579616546631e-01,-8.464106172323226929e-02,-5.919343978166580200e-02,-3.511333838105201721e-02,-1.057617366313934326e-02,1.321846246719360352e-02,3.694748505949974060e-02,6.083458289504051208e-02,8.594747632741928101e-02,1.105201691389083862e-01,1.358179748058319092e-01,1.604743450880050659e-01,1.862412691116333008e-01,2.112486213445663452e-01,2.365340292453765869e-01,2.587808072566986084e-01,2.774150669574737549e-01,2.939158678054809570e-01,3.066789507865905762e-01,3.157714605331420898e-01,3.198856413364410400e-01,3.181011974811553955e-01,3.128517866134643555e-01,3.021537959575653076e-01,2.886606752872467041e-01,2.709864675998687744e-01,2.515140473842620850e-01,2.284689247608184814e-01,2.038030177354812622e-01,1.787593662738800049e-01,1.505402177572250366e-01,1.243788152933120728e-01,9.792087227106094360e-02,7.308957725763320923e-02,4.719765111804008484e-02,2.508827112615108490e-02,-8.410974987782537937e-04
1.135080005042254925e-03,-2.240850217640399933e-02,-4.809396713972091675e-02,-7.296252995729446411e-02,-9.842920303344726562e-02,-1.250402182340621948e-01,-1.498376727104187012e-01,-1.751187741756439209e-01,-2.006001770496368408e-01,-2.263596057891845703e-01,-2.489725053310394287e-01,-2.712387442588806152e-01,-2.876840531826019287e-01,-3.029002547264099121e-01,-3.111495971679687500e-01,-3.180605769157409668e-01,-3.169002830982208252e-01,-3.133080601692199707e-01,-3.033420443534851074e-01,-2.900307774543762207e-01,-2.724555730819702148e-01,-2.523535490036010742e-01,-2.278428971767425537e-01,-2.036256939172744751e-01,-1.758179664611816406e-01,-1.490875631570816040e-01,-1.212629750370979309e-01,-9.579223394393920898e-02,-6.886967271566390991e-02,-4.351671785116195679e-02,-2.026063203811645508e-02,5.020901095122098923e-03,2.670982666313648224e-02,5.026954412460327148e-02,7.192490994930267334e-02,9.585883468389511108e-02,1.183959841728210449e-01,1.425683945417404175e-01,1.651193499565124512e-01,1.888906955718994141e-01,2.111382931470870972e-01,2.331267446279525757e-01,2.531968355178833008e-01,2.701436579227447510e-01,2.836032509803771973e-01,2.944718599319458008e-01,3.012257218360900879e-01,3.036031424999237061e-01,2.999848425388336182e-01,2.935264706611633301e-01,2.830336391925811768e-01,2.696012556552886963e-01,2.521446943283081055e-01,2.332730144262313843e-01,2.106611281633377075e-01,1.871879100799560547e-01,1.629324555397033691e-01,1.371045112609863281e-01,1.128285154700279236e-01,8.851349353790283203e-02,6.522182375192642212e-02,4.210960865020751953e-02,2.159419469535350800e-02,-2.835720952134579420e-04
8.950257906690239906e-04,-2.215307019650936127e-02,-4.791742563247680664e-02,-7.498686760663986206e-02,-1.008620634675025940e-01,-1.273230016231536865e-01,-1.528952717781066895e-01,-1.778371334075927734e-01,-2.038126587867736816e-01,-2.288146615028381348e-01,-2.518537044525146484e-01,-2.723305821418762207e-01,-2.889230549335479736e-01,-3.019820451736450195e-01,-3.092684447765350342e-01,-3.142938017845153809e-01,-3.125932812690734863e-01,-3.071024119853973389e-01,-2.960955798625946045e-01,-2.812986373901367188e-01,-2.629755437374114990e-01,-2.413936406373977661e-01,-2.161443531513214111e-01,-1.912494152784347534e-01,-1.626632064580917358e-01,-1.358813792467117310e-01,-1.073096692562103271e-01,-8.172065019607543945e-02,-5.508317425847053528e-02,-2.988505363464355469e-02,-5.717855878174304962e-03,1.740306802093982697e-02,3.955474123358726501e-02,6.135642901062965393e-02,8.303263783454895020e-02,1.048104241490364075e-01,1.265790611505508423e-01,1.479598730802536011e-01,1.685699820518493652e-01,1.896035522222518921e-01,2.099484056234359741e-01,2.292998135089874268e-01,2.458526492118835449e-01,2.604065835475921631e-01,2.721364498138427734e-01,2.802695930004119873e-01,2.850850522518157959e-01,2.858833968639373779e-01,2.818402349948883057e-01,2.754409611225128174e-01,2.651448249816894531e-01,2.512573897838592529e-01,2.336074560880661011e-01,2.147868275642395020e-01,1.930193156003952026e-01,1.709698736667633057e-01,1.488717496395111084e-01,1.245791092514991760e-01,1.029084324836730957e-01,8.017568290233612061e-02,5.960756167769432068e-02,3.790012747049331665e-02,1.979350112378597260e-02,-2.224967029178515077e-04
1.093505416065454483e-03,-2.355214580893516541e-02,-5.064895749092102051e-02,-7.645680755376815796e-02,-1.015194728970527649e-01,-1.283427923917770386e-01,-1.532045900821685791e-01,-1.796457022428512573e-01,-2.041765600442886353e-01,-2.296504825353622437e-01,-2.507986426353454590e-01,-2.709745466709136963e-01,-2.853167057037353516e-01,-2.992202937602996826e-01,-3.047741651535034180e-01,-3.098092079162597656e-01,-3.062552213668823242e-01,-3.012633919715881348e-01,-2.883732318878173828e-01,-2.726438343524932861e-01,-2.528957128524780273e-01,-2.302563637495040894e-01,-2.042691409587860107e-01,-1.792969554662704468e-01,-1.502507179975509644e-01,-1.235707774758338928e-01,-9.457419812679290771e-02,-6.940685957670211792e-02,-4.195383191108703613e-02,-1.760032959282398224e-02,6.292118690907955170e-03,2.910823561251163483e-02,5.011809244751930237e-02,7.150024175643920898e-02,9.112156182527542114e-02,1.119882762432098389e-01,1.309654861688613892e-01,1.507891714572906494e-01,1.701098531484603882e-01,1.887071281671524048e-01,2.068677097558975220e-01,2.237520515918731689e-01,2.385565787553787231e-01,2.511528730392456055e-01,2.607810795307159424e-01,2.674321532249450684e-01,2.708633244037628174e-01,2.706203758716583252e-01,2.660422921180725098e-01,2.592302262783050537e-01,2.479784041643142700e-01,2.341632395982742310e-01,2.163389176130294800e-01,1.980664730072021484e-01,1.777032613754272461e-01,1.560352146625518799e-01,1.348115503787994385e-01,1.124431341886520386e-01,9.241614490747451782e-02,7.239205390214920044e-02,5.260483175516128540e-02,3.322742134332656860e-02,1.708550006151199341e-02,2.690187830012291670e-04
1.087920623831450939e-03,-2.295806631445884705e-02,-4.913347586989402771e-02,-7.546302676200866699e-02,-1.008861437439918518e-01,-1.266072243452072144e-01,-1.523273438215255737e-01,-1.775054335594177246e-01,-2.023077160120010376e-01,-2.257320880889892578e-01,-2.463486492633819580e-01,-2.653682529926300049e-01,-2.790097892284393311e-01,-2.919044196605682373e-01,-2.978603243827819824e-01,-3.005615770816802979e-01,-2.976609170436859131e-01,-2.909238636493682861e-01,-2.785391807556152344e-01,-2.613988518714904785e-01,-2.418086230754852295e-01,-2.191050350666046143e-01,-1.936361938714981079e-01,-1.679352819919586182e-01,-1.385772228240966797e-01,-1.112557649612426758e-01,-8.326245099306106567e-02,-5.807076022028923035e-02,-3.088655695319175720e-02,-7.846481166779994965e-03,1.583896949887275696e-02,3.707008808851242065e-02,5.834534764289855957e-02,7.766459137201309204e-02,9.734226763248443604e-02,1.158812791109085083e-01,1.345380097627639771e-01,1.520930826663970947e-01,1.695654243230819702e-01,1.863102167844772339e-01,2.027082890272140503e-01,2.181094586849212646e-01,2.306031882762908936e-01,2.414105236530303955e-01,2.495160102844238281e-01,2.546278536319732666e-01,2.566066682338714600e-01,2.558908760547637939e-01,2.505743205547332764e-01,2.440032362937927246e-01,2.322949767112731934e-01,2.185470908880233765e-01,2.015394866466522217e-01,1.837072521448135376e-01,1.648429632186889648e-01,1.442769765853881836e-01,1.235867887735366821e-01,1.024228781461715698e-01,8.425105363130569458e-02,6.581969559192657471e-02,4.849416017532348633e-02,3.068412654101848602e-02,1.668810658156871796e-02,5.401120288297533989e-04
1.369463512673974037e-03,-2.366183325648307800e-02,-5.012989044189453125e-02,-7.593908160924911499e-02,-1.002694666385650635e-01,-1.254829317331314087e-01,-1.489404141902923584e-01,-1.744407266378402710e-01,-1.968838721513748169e-01,-2.192509472370147705e-01,-2.393803149461746216e-01,-2.567744255065917969e-01,-2.704098820686340332e-01,-2.813816964626312256e-01,-2.866470813751220703e-01,-2.897421419620513916e-01,-2.858841419219970703e-01,-2.786533534526824951e-01,-2.655772566795349121e-01,-2.501869499683380127e-01,-2.297941744327545166e-01,-2.063224911689758301e-01,-1.819795817136764526e-01,-1.573612838983535767e-01,-1.284950375556945801e-01,-1.021452099084854126e-01,-7.386668771505355835e-02,-5.075813457369804382e-02,-2.417495101690292358e-02,-1.260782591998577118e-03,2.091176994144916534e-02,4.188947752118110657e-02,6.198026239871978760e-02,8.109814673662185669e-02,9.851399064064025879e-02,1.158878207206726074e-01,1.326097697019577026e-01,1.499061137437820435e-01,1.656859070062637329e-01,1.816411018371582031e-01,1.963723003864288330e-01,2.101889997720718384e-01,2.215803265571594238e-01,2.315378785133361816e-01,2.386339902877807617e-01,2.434531599283218384e-01,2.453523129224777222e-01,2.430087476968765259e-01,2.373136729001998901e-01,2.294668257236480713e-01,2.183520048856735229e-01,2.040064781904220581e-01,1.882597804069519043e-01,1.706139147281646729e-01,1.520659923553466797e-01,1.325497925281524658e-01,1.134308725595474243e-01,9.407335519790649414e-02,7.681886106729507446e-02,5.937984213232994080e-02,4.366107657551765442e-02,2.755557931959629059e-02,1.438842434436082840e-02,1.068093930371105671e-03
1.202529761940240860e-03,-2.084706909954547882e-02,-4.554495587944984436e-02,-7.105532288551330566e-02,-9.457834064960479736e-02,-1.182094216346740723e-01,-1.422480940818786621e-01,-1.648837178945541382e-01,-1.873114258050918579e-01,-2.091732770204544067e-01,-2.276496589183807373e-01,-2.442906498908996582e-01,-2.579950988292694092e-01,-2.672212123870849609e-01,-2.731637656688690186e-01,-2.745934426784515381e-01,-2.718158960342407227e-01,-2.628126144409179688e-01,-2.516265213489532471e-01,-2.350911498069763184e-01,-2.164337933063507080e-01,-1.946416795253753662e-01,-1.714134961366653442e-01,-1.472656577825546265e-01,-1.195695921778678894e-01,-9.439457952976226807e-02,-6.745952367782592773e-02,-4.479367658495903015e-02,-2.015901915729045868e-02,1.369203324429690838e-03,2.296646311879158020e-02,4.256334155797958374e-02,6.237363815307617188e-02,7.979161292314529419e-02,9.733484685420989990e-02,1.131870374083518982e-01,1.294148862361907959e-01,1.452204138040542603e-01,1.600936502218246460e-01,1.747565567493438721e-01,1.888306289911270142e-01,2.018181681632995605e-01,2.125811576843261719e-01,2.217138558626174927e-01,2.284404188394546509e-01,2.328256219625473022e-01,2.335788309574127197e-01,2.313445806503295898e-01,2.255980521440505981e-01,2.179959416389465332e-01,2.075743228197097778e-01,1.937136650085449219e-01,1.787435114383697510e-01,1.625174880027770996e-01,1.438798010349273682e-01,1.265336126089096069e-01,1.076724827289581299e-01,8.964421600103378296e-02,7.350590825080871582e-02,5.689731612801551819e-02,4.195323213934898376e-02,2.647948451340198517e-02,1.362848840653896332e-02,7.446216186508536339e-04
1.329828286543488503e-03,-2.134403400123119354e-02,-4.326938092708587646e-02,-6.652688235044479370e-02,-8.788837492465972900e-02,-1.112997233867645264e-01,-1.329904198646545410e-01,-1.551406085491180420e-01,-1.756252795457839966e-01,-1.956875175237655640e-01,-2.130254954099655151e-01,-2.284207493066787720e-01,-2.405727505683898926e-01,-2.503986656665802002e-01,-2.555295526981353760e-01,-2.576715350151062012e-01,-2.542717456817626953e-01,-2.473162263631820679e-01,-2.355328351259231567e-01,-2.214563637971878052e-01,-2.030470967292785645e-01,-1.823103725910186768e-01,-1.605626046657562256e-01,-1.382279694080352783e-01,-1.126206219196319580e-01,-8.929857611656188965e-02,-6.370756030082702637e-02,-4.209838062524795532e-02,-1.902964338660240173e-02,1.237051561474800110e-03,2.219196036458015442e-02,3.989944234490394592e-02,5.903976783156394958e-02,7.487450540065765381e-02,9.092815965414047241e-02,1.073681935667991638e-01,1.217353940010070801e-01,1.370390355587005615e-01,1.514277905225753784e-01,1.653271913528442383e-01,1.790569722652435303e-01,1.913204193115234375e-01,2.016449272632598877e-01,2.113371193408966064e-01,2.176257073879241943e-01,2.213405519723892212e-01,2.229651957750320435e-01,2.204427272081375122e-01,2.154962718486785889e-01,2.078280299901962280e-01,1.981968730688095093e-01,1.857444345951080322e-01,1.714697331190109253e-01,1.552068442106246948e-01,1.376791447401046753e-01,1.204422488808631897e-01,1.028829738497734070e-01,8.563998341560363770e-02,7.036904990673065186e-02,5.481131747364997864e-02,4.058885201811790466e-02,2.491519041359424591e-02,1.277123577892780304e-02,9.558621095493435860e-04
6.615573656745254993e-04,-1.770597882568836212e-02,-3.774359822273254395e-02,-5.886388197541236877e-02,-7.851189374923706055e-02,-9.882267564535140991e-02,-1.192720904946327209e-01,-1.399604827165603638e-01,-1.600115299224853516e-01,-1.785854697227478027e-01,-1.948092132806777954e-01,-2.097217291593551636e-01,-2.209082692861557007e-01,-2.299418002367019653e-01,-2.355121076107025146e-01,-2.367628067731857300e-01,-2.347631007432937622e-01,-2.277139127254486084e-01,-2.180725634098052979e-01,-2.046806514263153076e-01,-1.886585205793380737e-01,-1.714380681514739990e-01,-1.514805853366851807e-01,-1.304302215576171875e-01,-1.072630807757377625e-01,-8.542983978986740112e-02,-6.266217678785324097e-02,-4.273235797882080078e-02,-2.100754901766777039e-02,-2.468164078891277313e-03,1.668926700949668884e-02,3.413515910506248474e-02,5.147423967719078064e-02,6.661072373390197754e-02,8.265407383441925049e-02,9.731481224298477173e-02,1.124962940812110901e-01,1.269521415233612061e-01,1.414271146059036255e-01,1.550585329532623291e-01,1.689269542694091797e-01,1.813849061727523804e-01,1.917952597141265869e-01,2.011671811342239380e-01,2.086476981639862061e-01,2.123832255601882935e-01,2.141457647085189819e-01,2.121013402938842773e-01,2.081065475940704346e-01,2.010631561279296875e-01,1.923377215862274170e-01,1.802825927734375000e-01,1.683463603258132935e-01,1.528534442186355591e-01,1.371961385011672974e-01,1.205040514469146729e-01,1.031024754047393799e-01,8.624892681837081909e-02,7.001706957817077637e-02,5.590007081627845764e-02,4.076912626624107361e-02,2.643089741468429565e-02,1.337749697268009186e-02,1.375024090521037579e-03
-2.855762722901999950e-04,-1.700307428836822510e-02,-3.332755714654922485e-02,-5.183015763759613037e-02,-6.858973950147628784e-02,-8.768106251955032349e-02,-1.048589646816253662e-01,-1.232092604041099548e-01,-1.405860185623168945e-01,-1.582688540220260620e-01,-1.737355589866638184e-01,-1.875844895839691162e-01,-1.981660276651382446e-01,-2.068076878786087036e-01,-2.115587890148162842e-01,-2.128896713256835938e-01,-2.111112773418426514e-01,-2.066305726766586304e-01,-1.988459825515747070e-01,-1.886087059974670410e-01,-1.741604655981063843e-01,-1.581166833639144897e-01,-1.407696306705474854e-01,-1.224204599857330322e-01,-1.022913530468940735e-01,-8.305086195468902588e-02,-6.286960840225219727e-02,-4.482020437717437744e-02,-2.604329586029052734e-02,-8.139592595398426056e-03,8.991253562271595001e-03,2.456690557301044464e-02,4.092447459697723389e-02,5.600738525390625000e-02,7.097782939672470093e-02,8.455773442983627319e-02,9.881208091974258423e-02,1.141128614544868469e-01,1.279633343219757080e-01,1.415537744760513306e-01,1.551487892866134644e-01,1.684091687202453613e-01,1.796736866235733032e-01,1.897994726896286011e-01,1.975885182619094849e-01,2.028213590383529663e-01,2.052959650754928589e-01,2.046749591827392578e-01,2.015578299760818481e-01,1.956648230552673340e-01,1.879410594701766968e-01,1.772428900003433228e-01,1.654430627822875977e-01,1.515426784753799438e-01,1.361925303936004639e-01,1.201949715614318848e-01,1.041506230831146240e-01,8.750329166650772095e-02,7.202979922294616699e-02,5.595116317272186279e-02,4.125826433300971985e-02,2.637285366654396057e-02,1.381666492670774460e-02,5.503119900822639465e-04
-6.155446753837168217e-04,-1.458443701267242432e-02,-2.797489240765571594e-02,-4.343706741929054260e-02,-5.760545656085014343e-02,-7.347400486469268799e-02,-8.770367503166198730e-02,-1.028902828693389893e-01,-1.179454177618026733e-01,-1.334318667650222778e-01,-1.465094387531280518e-01,-1.596918553113937378e-01,-1.702937483787536621e-01,-1.793521642684936523e-01,-1.839168667793273926e-01,-1.871480494737625122e-01,-1.867906749248504639e-01,-1.840368062257766724e-01,-1.781983077526092529e-01,-1.698460280895233154e-01,-1.580696105957031250e-01,-1.454348117113113403e-01,-1.302371770143508911e-01,-1.151858121156692505e-01,-9.740462154150009155e-02,-8.119153231382369995e-02,-6.428992003202438354e-02,-4.793411865830421448e-02,-3.029505908489227295e-02,-1.542313769459724426e-02,2.276569284731522202e-04,1.464838720858097076e-02,3.026149980723857880e-02,4.425656795501708984e-02,5.834744125604629517e-02,7.209898531436920166e-02,8.672666549682617188e-02,1.009806394577026367e-01,1.155700907111167908e-01,1.292285323143005371e-01,1.431178450584411621e-01,1.564481854438781738e-01,1.688298881053924561e-01,1.793507486581802368e-01,1.880098283290863037e-01,1.935657560825347900e-01,1.977755427360534668e-01,1.986971795558929443e-01,1.966605037450790405e-01,1.915397346019744873e-01,1.851512193679809570e-01,1.750668585300445557e-01,1.641708165407180786e-01,1.496342718601226807e-01,1.355948448181152344e-01,1.201441064476966858e-01,1.047236472368240356e-01,8.937551826238632202e-02,7.338704913854598999e-02,5.811170488595962524e-02,4.292414337396621704e-02,2.786785550415515900e-02,1.429148297756910324e-02,1.766968489391729236e-04
-1.984607661142945290e-04,-1.244987361133098602e-02,-2.234249003231525421e-02,-3.483393788337707520e-02,-4.664836823940277100e-02,-6.028292328119277954e-02,-7.168458402156829834e-02,-8.520034700632095337e-02,-9.845435619354248047e-02,-1.122331023216247559e-01,-1.237087845802307129e-01,-1.353250890970230103e-01,-1.441970318555831909e-01,-1.529275625944137573e-01,-1.590033620595932007e-01,-1.623122692108154297e-01,-1.635576933622360229e-01,-1.622998416423797607e-01,-1.590311378240585327e-01,-1.520128548145294189e-01,-1.428009867668151855e-01,-1.318205147981643677e-01,-1.203440800309181213e-01,-1.070953682065010071e-01,-9.332990646362304688e-02,-7.952433079481124878e-02,-6.552882492542266846e-02,-5.150805041193962097e-02,-3.689056262373924255e-02,-2.370961010456085205e-02,-9.349374100565910339e-03,2.983040409162640572e-03,1.715630665421485901e-02,3.016471676528453827e-02,4.362405464053153992e-02,5.722634121775627136e-02,7.169369608163833618e-02,8.573372662067413330e-02,1.007063090801239014e-01,1.144759133458137512e-01,1.289628297090530396e-01,1.429976820945739746e-01,1.552988737821578979e-01,1.668278872966766357e-01,1.764694601297378540e-01,1.833704710006713867e-01,1.885358691215515137e-01,1.907232403755187988e-01,1.903009712696075439e-01,1.868233084678649902e-01,1.810967028141021729e-01,1.727660298347473145e-01,1.624710559844970703e-01,1.498452574014663696e-01,1.359059363603591919e-01,1.210697516798973083e-01,1.055020317435264587e-01,9.013142436742782593e-02,7.489203661680221558e-02,5.903556197881698608e-02,4.410633072257041931e-02,2.869727462530136108e-02,1.484292652457952499e-02,-1.636833912925794721e-04
-6.065747002139687538e-04,-9.533234871923923492e-03,-1.704595983028411865e-02,-2.708064205944538116e-02,-3.546980395913124084e-02,-4.646095633506774902e-02,-5.573394522070884705e-02,-6.651794910430908203e-02,-7.796698063611984253e-02,-8.996719121932983398e-02,-1.000795513391494751e-01,-1.102861836552619934e-01,-1.185920014977455139e-01,-1.265754848718643188e-01,-1.324183195829391479e-01,-1.364777237176895142e-01,-1.390196084976196289e-01,-1.399339735507965088e-01,-1.378209739923477173e-01,-1.330594271421432495e-01,-1.265862733125686646e-01,-1.195557564496994019e-01,-1.100666299462318420e-01,-1.005099937319755554e-01,-8.917044103145599365e-02,-7.851713150739669800e-02,-6.725911051034927368e-02,-5.530836805701255798e-02,-4.334966093301773071e-02,-3.144753351807594299e-02,-2.004808746278285980e-02,-8.571365848183631897e-03,4.160526208579540253e-03,1.675433665513992310e-02,2.936990745365619659e-02,4.289352893829345703e-02,5.687465146183967590e-02,7.151234149932861328e-02,8.566896617412567139e-02,9.982495009899139404e-02,1.150211766362190247e-01,1.292316317558288574e-01,1.423443704843521118e-01,1.540617346763610840e-01,1.649980396032333374e-01,1.721410155296325684e-01,1.784935593605041504e-01,1.818433552980422974e-01,1.828257739543914795e-01,1.805074661970138550e-01,1.762508898973464966e-01,1.693693548440933228e-01,1.602863967418670654e-01,1.482338011264801025e-01,1.360760778188705444e-01,1.216214224696159363e-01,1.069118753075599670e-01,9.080865234136581421e-02,7.562860846519470215e-02,6.017360091209411621e-02,4.436281695961952209e-02,3.010182641446590424e-02,1.608842797577381134e-02,1.097474829293787479e-03
-8.574801031500101089e-04,-7.479639723896980286e-03,-1.238979026675224304e-02,-1.906248554587364197e-02,-2.503872662782669067e-02,-3.384671732783317566e-02,-4.078511893749237061e-02,-5.002943053841590881e-02,-5.922994017601013184e-02,-6.926775723695755005e-02,-7.876016944646835327e-02,-8.814648538827896118e-02,-9.604594111442565918e-02,-1.036557033658027649e-01,-1.100449115037918091e-01,-1.138659417629241943e-01,-1.172433793544769287e-01,-1.183822005987167358e-01,-1.182461604475975037e-01,-1.166245788335800171e-01,-1.123864874243736267e-01,-1.069815456867218018e-01,-1.004293859004974365e-01,-9.446137398481369019e-02,-8.571760356426239014e-02,-7.656233012676239014e-02,-6.759525090456008911e-02,-5.843369290232658386e-02,-4.902056604623794556e-02,-3.899893537163734436e-02,-2.906747162342071533e-02,-1.961688511073589325e-02,-8.506520651280879974e-03,3.739341162145137787e-03,1.598257943987846375e-02,2.813590131700038910e-02,4.136131703853607178e-02,5.551423504948616028e-02,6.981390714645385742e-02,8.454333245754241943e-02,9.882172942161560059e-02,1.139956638216972351e-01,1.266557872295379639e-01,1.398537158966064453e-01,1.506648212671279907e-01,1.599377244710922241e-01,1.665266752243041992e-01,1.713714748620986938e-01,1.736443042755126953e-01,1.720534116029739380e-01,1.687574684619903564e-01,1.627624034881591797e-01,1.555208861827850342e-01,1.453498452901840210e-01,1.337959319353103638e-01,1.210594847798347473e-01,1.073069199919700623e-01,9.162360429763793945e-02,7.722575217485427856e-02,6.109666451811790466e-02,4.565291851758956909e-02,2.967008017003536224e-02,1.520566828548908234e-02,4.593304474838078022e-04
-1.538319484097883105e-04,-4.406557418406009674e-03,-7.294615730643272400e-03,-1.121872756630182266e-02,-1.490225363522768021e-02,-2.213270217180252075e-02,-2.638533338904380798e-02,-3.434405848383903503e-02,-4.122481867671012878e-02,-5.011415109038352966e-02,-5.705681443214416504e-02,-6.558902561664581299e-02,-7.330188900232315063e-02,-8.040630817413330078e-02,-8.625438809394836426e-02,-9.101165086030960083e-02,-9.458279609680175781e-02,-9.726449847221374512e-02,-9.792549908161163330e-02,-9.770088642835617065e-02,-9.609156847000122070e-02,-9.340931475162506104e-02,-8.953235298395156860e-02,-8.555667847394943237e-02,-7.893393188714981079e-02,-7.324822247028350830e-02,-6.702149659395217896e-02,-5.902886763215065002e-02,-5.168993398547172546e-02,-4.439543932676315308e-02,-3.590719029307365417e-02,-2.797627262771129608e-02,-1.741193048655986786e-02,-7.729000877588987350e-03,3.755038138478994370e-03,1.547793671488761902e-02,2.893537282943725586e-02,4.207446426153182983e-02,5.678960308432579041e-02,7.043544948101043701e-02,8.523789793252944946e-02,9.913471341133117676e-02,1.129266992211341858e-01,1.256017982959747314e-01,1.375590860843658447e-01,1.461331844329833984e-01,1.539401113986968994e-01,1.589587479829788208e-01,1.615630835294723511e-01,1.615922003984451294e-01,1.591085642576217651e-01,1.548710465431213379e-01,1.482535600662231445e-01,1.390452235937118530e-01,1.286362260580062866e-01,1.167281940579414368e-01,1.036747545003890991e-01,8.919543027877807617e-02,7.448761165142059326e-02,5.918131023645401001e-02,4.416470229625701904e-02,2.865710854530334473e-02,1.457791030406951904e-02,-2.651182003319263458e-04
-7.283057784661650658e-04,-2.887777984142303467e-03,-4.193296656012535095e-03,-5.646905861794948578e-03,-7.953970693051815033e-03,-1.291756331920623779e-02,-1.616733148694038391e-02,-2.146787382662296295e-02,-2.708218619227409363e-02,-3.448215126991271973e-02,-4.041815549135208130e-02,-4.812158271670341492e-02,-5.423092097043991089e-02,-6.152547895908355713e-02,-6.642820686101913452e-02,-7.198178768157958984e-02,-7.563841342926025391e-02,-7.907852530479431152e-02,-7.998420298099517822e-02,-8.181855827569961548e-02,-8.112303167581558228e-02,-8.040466159582138062e-02,-7.778215408325195312e-02,-7.597804069519042969e-02,-7.132036238908767700e-02,-6.752338260412216187e-02,-6.252846866846084595e-02,-5.725782364606857300e-02,-5.165917053818702698e-02,-4.537633433938026428e-02,-3.884277492761611938e-02,-3.204339370131492615e-02,-2.330434136092662811e-02,-1.454531960189342499e-02,-4.806467331945896149e-03,6.077100522816181183e-03,1.763804629445075989e-02,3.115497902035713196e-02,4.399141669273376465e-02,5.734506621956825256e-02,7.042723149061203003e-02,8.431799709796905518e-02,9.695937484502792358e-02,1.099473461508750916e-01,1.208486631512641907e-01,1.300213336944580078e-01,1.380175501108169556e-01,1.428356319665908813e-01,1.466594189405441284e-01,1.473525017499923706e-01,1.458984464406967163e-01,1.421112567186355591e-01,1.370355784893035889e-01,1.296901851892471313e-01,1.200710013508796692e-01,1.091115325689315796e-01,9.746264666318893433e-02,8.455732464790344238e-02,7.075098156929016113e-02,5.513078719377517700e-02,4.130673781037330627e-02,2.769311331212520599e-02,1.364477537572383881e-02,-1.172857446363195777e-05
2.027297305176034570e-04,1.810006688174325973e-05,-3.533194249030202627e-04,-4.084888205397874117e-04,-1.350366743281483650e-03,-5.065217148512601852e-03,-7.018683478236198425e-03,-1.078023575246334076e-02,-1.472480595111846924e-02,-2.053826488554477692e-02,-2.531587705016136169e-02,-3.223604336380958557e-02,-3.667230904102325439e-02,-4.298277944326400757e-02,-4.869643971323966980e-02,-5.354937165975570679e-02,-5.754689872264862061e-02,-6.104786694049835205e-02,-6.395665556192398071e-02,-6.500426679849624634e-02,-6.643994152545928955e-02,-6.659264862537384033e-02,-6.657669693231582642e-02,-6.515584141016006470e-02,-6.293570995330810547e-02,-6.054987013339996338e-02,-5.789652839303016663e-02,-5.351976305246353149e-02,-4.907702654600143433e-02,-4.471110180020332336e-02,-3.948910906910896301e-02,-3.408514708280563354e-02,-2.588174678385257721e-02,-1.934492588043212891e-02,-1.081684138625860214e-02,-1.810106099583208561e-03,9.696943685412406921e-03,2.060775272548198700e-02,3.290999680757522583e-02,4.481685906648635864e-02,5.772418156266212463e-02,6.991127878427505493e-02,8.168413490056991577e-02,9.336961805820465088e-02,1.044685095548629761e-01,1.120729595422744751e-01,1.199588775634765625e-01,1.250231713056564331e-01,1.288992613554000854e-01,1.303909271955490112e-01,1.302579492330551147e-01,1.272531151771545410e-01,1.226882040500640869e-01,1.161615848541259766e-01,1.086364239454269409e-01,9.829140454530715942e-02,8.847566694021224976e-02,7.606822997331619263e-02,6.437063217163085938e-02,5.002383887767791748e-02,3.661623597145080566e-02,2.505877800285816193e-02,1.242802478373050690e-02,-3.286678402218967676e-04
-8.425533887930214405e-04,5.367578705772757530e-04,1.229398651048541069e-03,2.150737214833498001e-03,2.015600912272930145e-03,-1.580745301907882094e-04,-1.312856329604983330e-03,-4.970323294401168823e-03,-7.948508486151695251e-03,-1.232857070863246918e-02,-1.575736328959465027e-02,-2.152991108596324921e-02,-2.494712173938751221e-02,-3.047964163124561310e-02,-3.453306481242179871e-02,-3.882699832320213318e-02,-4.191065952181816101e-02,-4.579154029488563538e-02,-4.768006131052970886e-02,-5.109673365950584412e-02,-5.162500590085983276e-02,-5.372980609536170959e-02,-5.344875901937484741e-02,-5.372986197471618652e-02,-5.230187252163887024e-02,-5.137560889124870300e-02,-4.945883899927139282e-02,-4.693779349327087402e-02,-4.406094551086425781e-02,-4.180797562003135681e-02,-3.709684312343597412e-02,-3.254206106066703796e-02,-2.655747532844543457e-02,-2.034799195826053619e-02,-1.332871057093143463e-02,-5.293514113873243332e-03,3.482580184936523438e-03,1.353261992335319519e-02,2.423392981290817261e-02,3.391953185200691223e-02,4.472241923213005066e-02,5.527863278985023499e-02,6.615423411130905151e-02,7.510083913803100586e-02,8.515129983425140381e-02,9.258832037448883057e-02,9.969305247068405151e-02,1.031714826822280884e-01,1.075108870863914490e-01,1.084841638803482056e-01,1.086482629179954529e-01,1.059410944581031799e-01,1.030398607254028320e-01,9.806718677282333374e-02,9.180673211812973022e-02,8.343505114316940308e-02,7.495967298746109009e-02,6.523080915212631226e-02,5.484452471137046814e-02,4.356408491730690002e-02,3.175134211778640747e-02,2.175205014646053314e-02,1.016656961292028427e-02,-1.378199085593223572e-03
-2.575913909822702408e-03,9.371096966788172722e-04,1.148844952695071697e-03,4.337723832577466965e-03,4.754412453621625900e-03,3.242346690967679024e-03,2.960842335596680641e-03,4.686105821747332811e-04,-1.854644622653722763e-03,-5.409232806414365768e-03,-7.904905825853347778e-03,-1.221465133130550385e-02,-1.553070452064275742e-02,-1.948113180696964264e-02,-2.190587110817432404e-02,-2.555915340781211853e-02,-2.785117365419864655e-02,-3.143744915723800659e-02,-3.288906067609786987e-02,-3.596806898713111877e-02,-3.725181147456169128e-02,-3.897487744688987732e-02,-3.927407786250114441e-02,-3.991238772869110107e-02,-3.972090035676956177e-02,-3.905404359102249146e-02,-3.843346238136291504e-02,-3.585123643279075623e-02,-3.461139649152755737e-02,-3.300914540886878967e-02,-3.022982366383075714e-02,-2.678363770246505737e-02,-2.230337634682655334e-02,-1.824462413787841797e-02,-1.285907719284296036e-02,-6.416768301278352737e-03,8.795178728178143501e-04,7.902848534286022186e-03,1.612645946443080902e-02,2.360590361058712006e-02,3.275808319449424744e-02,4.070841148495674133e-02,4.892332106828689575e-02,5.674988776445388794e-02,6.554707139730453491e-02,7.098744809627532959e-02,7.649073749780654907e-02,7.969883829355239868e-02,8.329230546951293945e-02,8.441701531410217285e-02,8.391655236482620239e-02,8.182826638221740723e-02,7.945746183395385742e-02,7.610505819320678711e-02,7.061541825532913208e-02,6.469657272100448608e-02,5.849495157599449158e-02,5.135432630777359009e-02,4.350620880722999573e-02,3.436522185802459717e-02,2.548195421695709229e-02,1.630761660635471344e-02,7.456727325916290283e-03,-2.809991594403982162e-03
-6.426705513149499893e-04,1.858297619037330151e-03,2.529074670746922493e-03,4.490065388381481171e-03,4.053254146128892899e-03,3.707768628373742104e-03,3.431351622566580772e-03,2.490897662937641144e-03,7.124345283955335617e-04,-1.073013641871511936e-03,-2.388377906754612923e-03,-5.665535572916269302e-03,-7.596143521368503571e-03,-1.051606517285108566e-02,-1.267152465879917145e-02,-1.472046412527561188e-02,-1.681177690625190735e-02,-1.938886754214763641e-02,-2.074615471065044403e-02,-2.292514778673648834e-02,-2.352639101445674896e-02,-2.525305934250354767e-02,-2.533365599811077118e-02,-2.621085010468959808e-02,-2.564520202577114105e-02,-2.654436975717544556e-02,-2.558921091258525848e-02,-2.579088881611824036e-02,-2.413446269929409027e-02,-2.299320884048938751e-02,-2.097913809120655060e-02,-1.967798545956611633e-02,-1.596278883516788483e-02,-1.296770665794610977e-02,-9.513150900602340698e-03,-5.984757095575332642e-03,-1.067097298800945282e-03,4.411249421536922455e-03,9.881450794637203217e-03,1.439929008483886719e-02,2.098296582698822021e-02,2.629275433719158173e-02,3.264800086617469788e-02,3.749600425362586975e-02,4.351790621876716614e-02,4.704811796545982361e-02,5.149713158607482910e-02,5.332912132143974304e-02,5.588849633932113647e-02,5.675379559397697449e-02,5.714353919029235840e-02,5.660850927233695984e-02,5.485361814498901367e-02,5.212721228599548340e-02,4.909963160753250122e-02,4.528047889471054077e-02,4.054005816578865051e-02,3.569946065545082092e-02,2.973880060017108917e-02,2.410096302628517151e-02,1.681643165647983551e-02,1.181878522038459778e-02,5.417597945779561996e-03,-1.367479097098112106e-03
4.381136503070592880e-03,3.977824468165636063e-03,2.960311481729149818e-03,2.010432304814457893e-03,3.021712647750973701e-03,2.704427111893892288e-03,3.271630499511957169e-03,3.262577578425407410e-03,2.461592201143503189e-03,1.305324141867458820e-03,7.702504517510533333e-04,-7.004100480116903782e-04,-1.383532769978046417e-03,-3.388562006875872612e-03,-4.568969830870628357e-03,-5.374406464397907257e-03,-6.764614954590797424e-03,-8.312954567372798920e-03,-9.098806418478488922e-03,-1.008071657270193100e-02,-1.084280665963888168e-02,-1.145566720515489578e-02,-1.196319609880447388e-02,-1.191358268260955811e-02,-1.231915969401597977e-02,-1.224716659635305405e-02,-1.275781728327274323e-02,-1.240587607026100159e-02,-1.255488116294145584e-02,-1.142798550426959991e-02,-1.090961787849664688e-02,-1.085439603775739670e-02,-8.658182807266712189e-03,-7.520258892327547073e-03,-5.731990095227956772e-03,-4.480054602026939392e-03,-1.593790599144995213e-03,9.141851332969963551e-04,4.353838041424751282e-03,5.939927417784929276e-03,1.029851101338863373e-02,1.271445024758577347e-02,1.616581901907920837e-02,1.923472620546817780e-02,2.223253436386585236e-02,2.365159429609775543e-02,2.582080848515033722e-02,2.667776308953762054e-02,2.839636616408824921e-02,2.906806580722332001e-02,2.974013611674308777e-02,2.948278747498989105e-02,2.907423675060272217e-02,2.743186056613922119e-02,2.553011290729045868e-02,2.329514734447002411e-02,2.034103311598300934e-02,1.794264093041419983e-02,1.445854362100362778e-02,1.068820804357528687e-02,5.785555578768253326e-03,4.915464203804731369e-03,2.163392491638660431e-03,6.447846681112423539e-05
5.796967074275016785e-03,2.670255256816744804e-03,1.824932754971086979e-03,-1.562445890158414841e-03,-7.199075189419090748e-04,-7.279606652446091175e-04,-9.787336603039875627e-05,5.869838059879839420e-04,5.543743027374148369e-04,3.578141040634363890e-04,1.407087547704577446e-03,2.204929711297154427e-03,2.273993799462914467e-03,2.144356491044163704e-03,2.511231927201151848e-03,2.810784149914979935e-03,2.254531951621174812e-03,2.081331564113497734e-03,2.261252142488956451e-03,2.674796385690569878e-03,2.574643353000283241e-03,2.344743115827441216e-03,2.143720164895057678e-03,2.212413819506764412e-03,2.229091711342334747e-03,2.412772038951516151e-03,2.290474250912666321e-03,2.210369100794196129e-03,1.646392978727817535e-03,2.037991071119904518e-03,1.547891530208289623e-03,1.571059925481677055e-03,1.001653727144002914e-03,1.613534404896199703e-03,1.086181378923356533e-03,4.767637292388826609e-04,-1.184966895380057395e-04,2.830651283147744834e-05,-1.234374503837898374e-04,-7.769237854517996311e-04,-5.297750467434525490e-04,-6.077356520108878613e-04,-7.897236500866711140e-04,-1.209278474561870098e-03,-5.867388681508600712e-04,-1.091847778297960758e-03,-1.411855686455965042e-03,-1.360021531581878662e-03,-8.784912060946226120e-04,-8.615248370915651321e-04,-4.637714009732007980e-04,4.763359902426600456e-05,6.220776122063398361e-04,-4.298656858736649156e-05,7.163850823417305946e-04,9.983911877498030663e-04,1.407597446814179420e-03,-4.434295697137713432e-04,-2.786982804536819458e-04,-1.066416618414223194e-03,-2.289567142724990845e-03,-8.912898483686149120e-04,-2.167240018025040627e-03,1.466706162318587303e-03
