0.000000000000000000e+00,0.000000000000000000e+00,0.000000000000000000e+00,0.000000000000000000e+00,0.000000000000000000e+00,0.000000000000000000e+00,0.000000000000000000e+00,0.000000000000000000e+00,0.000000000000000000e+00,0.000000000000000000e+00,0.000000000000000000e+00,0.000000000000000000e+00,0.000000000000000000e+00,0.000000000000000000e+00,0.000000000000000000e+00,0.000000000000000000e+00,0.000000000000000000e+00,0.000000000000000000e+00,0.000000000000000000e+00,0.000000000000000000e+00,0.000000000000000000e+00,0.000000000000000000e+00,0.000000000000000000e+00,0.000000000000000000e+00,0.000000000000000000e+00,0.000000000000000000e+00,0.000000000000000000e+00,0.000000000000000000e+00,0.000000000000000000e+00,0.000000000000000000e+00,0.000000000000000000e+00,0.000000000000000000e+00,0.000000000000000000e+00,0.000000000000000000e+00,0.000000000000000000e+00,0.000000000000000000e+00,0.000000000000000000e+00,0.000000000000000000e+00,0.000000000000000000e+00,0.000000000000000000e+00,0.000000000000000000e+00,0.000000000000000000e+00,0.000000000000000000e+00,0.000000000000000000e+00,0.000000000000000000e+00,0.000000000000000000e+00,0.000000000000000000e+00,0.000000000000000000e+00,0.000000000000000000e+00,0.000000000000000000e+00,0.000000000000000000e+00,0.000000000000000000e+00,0.000000000000000000e+00,0.000000000000000000e+00,0.000000000000000000e+00,0.000000000000000000e+00,0.000000000000000000e+00,0.000000000000000000e+00,0.000000000000000000e+00,0.000000000000000000e+00,0.000000000000000000e+00,0.000000000000000000e+00,0.000000000000000000e+00,0.000000000000000000e+00
0.000000000000000000e+00,1.812122315168380737e-01,3.579947948455810547e-01,5.260154008865356445e-01,6.811346411705017090e-01,8.194966912269592285e-01,9.376142621040344238e-01,1.032445430755615234e+00,1.101460099220275879e+00,1.142695903778076172e+00,1.154801249504089355e+00,1.137064814567565918e+00,1.089430809020996094e+00,1.012500882148742676e+00,9.075202941894531250e-01,7.763503193855285645e-01,6.214277148246765137e-01,4.457111358642578125e-01,2.526160478591918945e-01,4.593998938798904419e-02,-1.702204793691635132e-01,-3.915594518184661865e-01,-6.136555671691894531e-01,-8.320684432983398438e-01,-1.042435050010681152e+00,-1.240564584732055664e+00,-1.422528982162475586e+00,-1.584747433662414551e+00,-1.724063277244567871e+00,-1.837811231613159180e+00,-1.923873424530029297e+00,-1.980723142623901367e+00,-2.007455825805664062e+00,-2.003805875778198242e+00,-1.970149159431457520e+00,-1.907491326332092285e+00,-1.817442536354064941e+00,-1.702178597450256348e+00,-1.564389467239379883e+00,-1.407216906547546387e+00,-1.234181761741638184e+00,-1.049104094505310059e+00,-8.560155034065246582e-01,-6.590680480003356934e-01,-4.624406695365905762e-01,-2.702452540397644043e-01,-8.643432706594467163e-02,8.528678119182586670e-02,2.415422946214675903e-01,3.793603777885437012e-01,4.962382018566131592e-01,5.901961326599121094e-01,6.598197221755981445e-01,7.042889595031738281e-01,7.233937382698059082e-01,7.175352573394775391e-01,6.877135038375854492e-01,6.355013847351074219e-01,5.630053877830505371e-01,4.728140830993652344e-01,3.679359853267669678e-01,2.517274916172027588e-01,1.278132349252700806e-01,3.154933560121843828e-16
0.000000000000000000e+00,3.550733923912048340e-01,7.013919949531555176e-01,1.030394196510314941e+00,1.333900451660156250e+00,1.604293465614318848e+00,1.834686636924743652e+00,2.019075632095336914e+00,2.152470827102661133e+00,2.231007575988769531e+00,2.252031564712524414e+00,2.214156866073608398e+00,2.117296457290649414e+00,1.962665677070617676e+00,1.752753496170043945e+00,1.491269588470458984e+00,1.183061957359313965e+00,8.340108990669250488e-01,4.509000778198242188e-01,4.126754775643348694e-02,-3.867589533329010010e-01,-8.246400952339172363e-01,-1.263611316680908203e+00,-1.694874167442321777e+00,-2.109787940979003906e+00,-2.500057220458984375e+00,-2.857912063598632812e+00,-3.176275491714477539e+00,-3.448915004730224609e+00,-3.670577049255371094e+00,-3.837097167968750000e+00,-3.945486545562744141e+00,-3.993993759155273438e+00,-3.982136726379394531e+00,-3.910707712173461914e+00,-3.781750202178955078e+00,-3.598507165908813477e+00,-3.365344047546386719e+00,-3.087646484375000000e+00,-2.771694421768188477e+00,-2.424519777297973633e+00,-2.053744554519653320e+00,-1.667408108711242676e+00,-1.273786067962646484e+00,-8.812029957771301270e-01,-4.978459179401397705e-01,-1.315814405679702759e-01,2.102196961641311646e-01,5.208459496498107910e-01,7.943930029869079590e-01,1.025892972946166992e+00,1.211421608924865723e+00,1.348182678222656250e+00,1.434564828872680664e+00,1.470172524452209473e+00,1.455828785896301270e+00,1.393550157546997070e+00,1.286494731903076172e+00,1.138883113861083984e+00,9.558972120285034180e-01,7.435547709465026855e-01,5.085671544075012207e-01,2.581794559955596924e-01,6.372539088011033338e-16
0.000000000000000000e+00,5.145417451858520508e-01,1.016209483146667480e+00,1.492414355278015137e+00,1.931132197380065918e+00,2.321170091629028320e+00,2.652414560317993164e+00,2.916055440902709961e+00,3.104782104492187500e+00,3.212945461273193359e+00,3.236683607101440430e+00,3.174008607864379883e+00,3.024850130081176758e+00,2.791058301925659180e+00,2.476364612579345703e+00,2.086299180984497070e+00,1.628070473670959473e+00,1.110407352447509766e+00,5.433672666549682617e-01,-6.188400089740753174e-02,-6.933170557022094727e-01,-1.338302373886108398e+00,-1.983886837959289551e+00,-2.617076635360717773e+00,-3.225121259689331055e+00,-3.795791387557983398e+00,-4.317644119262695312e+00,-4.780272006988525391e+00,-5.174527168273925781e+00,-5.492718219757080078e+00,-5.728773117065429688e+00,-5.878368854522705078e+00,-5.939017772674560547e+00,-5.910117626190185547e+00,-5.792955875396728516e+00,-5.590673923492431641e+00,-5.308192253112792969e+00,-4.952091217041015625e+00,-4.530459403991699219e+00,-4.052709579467773438e+00,-3.529359579086303711e+00,-2.971797943115234375e+00,-2.392023324966430664e+00,-1.802375674247741699e+00,-1.215257763862609863e+00,-6.428589224815368652e-01,-9.688204526901245117e-02,4.117164313793182373e-01,8.729690909385681152e-01,1.278117179870605469e+00,1.619802355766296387e+00,1.892225861549377441e+00,2.091272830963134766e+00,2.214596986770629883e+00,2.261665821075439453e+00,2.233763694763183594e+00,2.133955001831054688e+00,1.967004895210266113e+00,1.739263176918029785e+00,1.458511114120483398e+00,1.133776187896728516e+00,7.751186490058898926e-01,3.933943510055541992e-01,9.709159627132148487e-16
0.000000000000000000e+00,6.531808376312255859e-01,1.289668560028076172e+00,1.893142461776733398e+00,2.448019504547119141e+00,2.939800977706909180e+00,3.355397939682006836e+00,3.683422803878784180e+00,3.914445161819458008e+00,4.041202545166015625e+00,4.058764934539794922e+00,3.964644193649291992e+00,3.758855104446411133e+00,3.443914651870727539e+00,3.024790287017822266e+00,2.508791208267211914e+00,1.905410170555114746e+00,1.226114988327026367e+00,4.840974807739257812e-01,-3.060157895088195801e-01,-1.128484606742858887e+00,-1.966800451278686523e+00,-2.804048538208007812e+00,-3.623278617858886719e+00,-4.407876968383789062e+00,-5.141928672790527344e+00,-5.810566902160644531e+00,-6.400294780731201172e+00,-6.899281978607177734e+00,-7.297617435455322266e+00,-7.587525367736816406e+00,-7.763528823852539062e+00,-7.822566986083984375e+00,-7.764052391052246094e+00,-7.589879035949707031e+00,-7.304373741149902344e+00,-6.914190769195556641e+00,-6.428159236907958984e+00,-5.857080459594726562e+00,-5.213479995727539062e+00,-4.511326313018798828e+00,-3.765715360641479492e+00,-2.992528915405273438e+00,-2.208080530166625977e+00,-1.428749680519104004e+00,-6.706161499023437500e-01,5.089770630002021790e-02,7.213690876960754395e-01,1.327693819999694824e+00,1.858374834060668945e+00,2.303773641586303711e+00,2.656319618225097656e+00,2.910671710968017578e+00,3.063830375671386719e+00,3.115194320678710938e+00,3.066565990447998047e+00,2.922099351882934570e+00,2.688196420669555664e+00,2.373352527618408203e+00,1.987953662872314453e+00,1.544031739234924316e+00,1.054982423782348633e+00,5.352517366409301758e-01,1.320879695090827408e-15
0.000000000000000000e+00,7.654289007186889648e-01,1.510730624198913574e+00,2.216231584548950195e+00,2.863154649734497070e+00,3.434042930603027344e+00,3.913153648376464844e+00,4.286813259124755859e+00,4.543727874755859375e+00,4.675240516662597656e+00,4.675526142120361328e+00,4.541730403900146484e+00,4.274034976959228516e+00,3.875661134719848633e+00,3.352801322937011719e+00,2.714487075805664062e+00,1.972393155097961426e+00,1.140582561492919922e+00,2.351983338594436646e-01,-7.258902788162231445e-01,-1.723480820655822754e+00,-2.737459897994995117e+00,-3.747245311737060547e+00,-4.732240200042724609e+00,-5.672284126281738281e+00,-6.548099040985107422e+00,-7.341710567474365234e+00,-8.036845207214355469e+00,-8.619284629821777344e+00,-9.077178955078125000e+00,-9.401303291320800781e+00,-9.585259437561035156e+00,-9.625611305236816406e+00,-9.521959304809570312e+00,-9.276939392089843750e+00,-8.896163940429687500e+00,-8.388092041015625000e+00,-7.763834476470947266e+00,-7.036903858184814453e+00,-6.222912311553955078e+00,-5.339219093322753906e+00,-4.404542922973632812e+00,-3.438543319702148438e+00,-2.461382627487182617e+00,-1.493276834487915039e+00,-5.540462732315063477e-01,3.373236656188964844e-01,1.163103222846984863e+00,1.907209157943725586e+00,2.555558443069458008e+00,3.096376895904541016e+00,3.520454168319702148e+00,3.821341991424560547e+00,3.995490312576293945e+00,4.042315483093261719e+00,3.964204072952270508e+00,3.766449928283691406e+00,3.457122564315795898e+00,3.046876430511474609e+00,2.548700571060180664e+00,1.977614998817443848e+00,1.350323200225830078e+00,6.848245859146118164e-01,1.689772284498968630e-15
0.000000000000000000e+00,8.468305468559265137e-01,1.670557618141174316e+00,2.448604345321655273e+00,3.159434080123901367e+00,3.783042907714843750e+00,4.301415443420410156e+00,4.698937416076660156e+00,4.962755203247070312e+00,5.083070755004882812e+00,5.053373336791992188e+00,4.870590209960937500e+00,4.535167217254638672e+00,4.051067352294921875e+00,3.425690889358520508e+00,2.669717073440551758e+00,1.796875476837158203e+00,8.236467838287353516e-01,-2.310986071825027466e-01,-1.346514344215393066e+00,-2.500237464904785156e+00,-3.668880701065063477e+00,-4.828549861907958984e+00,-5.955371379852294922e+00,-7.026021480560302734e+00,-8.018240928649902344e+00,-8.911327362060546875e+00,-9.686598777770996094e+00,-1.032780075073242188e+01,-1.082147121429443359e+01,-1.115723896026611328e+01,-1.132804965972900391e+01,-1.133032703399658203e+01,-1.116404724121093750e+01,-1.083274364471435547e+01,-1.034342479705810547e+01,-9.706418991088867188e+00,-8.935147285461425781e+00,-8.045823097229003906e+00,-7.057092666625976562e+00,-5.989622592926025391e+00,-4.865640163421630859e+00,-3.708441734313964844e+00,-2.541876077651977539e+00,-1.389816999435424805e+00,-2.756346464157104492e-01,7.783199548721313477e-01,1.751208305358886719e+00,2.624163389205932617e+00,3.380703449249267578e+00,4.007093429565429688e+00,4.492643833160400391e+00,4.829939365386962891e+00,5.014999866485595703e+00,5.047355651855468750e+00,4.930053234100341797e+00,4.669574260711669922e+00,4.275682449340820312e+00,3.761195659637451172e+00,3.141690015792846680e+00,2.435139417648315430e+00,1.661506056785583496e+00,8.422821164131164551e-01,2.077998189169952444e-15
0.000000000000000000e+00,8.942198157310485840e-01,1.762875914573669434e+00,2.580994606018066406e+00,3.324769496917724609e+00,3.972111463546752930e+00,4.503160953521728516e+00,4.900750160217285156e+00,5.150802612304687500e+00,5.242667198181152344e+00,5.169370174407958984e+00,4.927787780761718750e+00,4.518729686737060547e+00,3.946938037872314453e+00,3.220990180969238281e+00,2.353122711181640625e+00,1.358967065811157227e+00,2.572118043899536133e-01,-9.308071136474609375e-01,-2.181574583053588867e+00,-3.469915151596069336e+00,-4.769550323486328125e+00,-6.053680419921875000e+00,-7.295580863952636719e+00,-8.469197273254394531e+00,-9.549723625183105469e+00,-1.051416301727294922e+01,-1.134183597564697266e+01,-1.201484584808349609e+01,-1.251848602294921875e+01,-1.284156608581542969e+01,-1.297667217254638672e+01,-1.292033576965332031e+01,-1.267311573028564453e+01,-1.223959541320800781e+01,-1.162828731536865234e+01,-1.085145092010498047e+01,-9.924826622009277344e+00,-8.867291450500488281e+00,-7.700451374053955078e+00,-6.448162555694580078e+00,-5.136011123657226562e+00,-3.790750026702880859e+00,-2.439712047576904297e+00,-1.110206961631774902e+00,1.710771173238754272e-01,1.378661632537841797e+00,2.488837003707885742e+00,3.480183601379394531e+00,4.334040641784667969e+00,5.034916400909423828e+00,5.570823192596435547e+00,5.933539390563964844e+00,6.118785381317138672e+00,6.126309871673583984e+00,5.959890842437744141e+00,5.627242088317871094e+00,5.139837265014648438e+00,4.512644290924072266e+00,3.763786792755126953e+00,2.914133310317993164e+00,1.986824870109558105e+00,1.006753563880920410e+00,2.483404463110095231e-15
0.000000000000000000e+00,9.058474898338317871e-01,1.784229040145874023e+00,2.608322858810424805e+00,3.352580308914184570e+00,3.993326902389526367e+00,4.509320259094238281e+00,4.882253646850585938e+00,5.097191333770751953e+00,5.142929553985595703e+00,5.012271404266357422e+00,4.702211856842041016e+00,4.214025974273681641e+00,3.553261280059814453e+00,2.729632616043090820e+00,1.756820917129516602e+00,6.521826982498168945e-01,-5.636255145072937012e-01,-1.867098212242126465e+00,-3.232397794723510742e+00,-4.631926059722900391e+00,-6.036936283111572266e+00,-7.418174266815185547e+00,-8.746532440185546875e+00,-9.993700027465820312e+00,-1.113280582427978516e+01,-1.213901710510253906e+01,-1.299010753631591797e+01,-1.366696262359619141e+01,-1.415401649475097656e+01,-1.443961238861083984e+01,-1.451628017425537109e+01,-1.438091373443603516e+01,-1.403485679626464844e+01,-1.348389434814453125e+01,-1.273813438415527344e+01,-1.181180381774902344e+01,-1.072294902801513672e+01,-9.493046760559082031e+00,-8.146546363830566406e+00,-6.710341930389404297e+00,-5.213183879852294922e+00,-3.685060024261474609e+00,-2.156538009643554688e+00,-6.580994129180908203e-01,7.805259823799133301e-01,2.131011247634887695e+00,3.367051362991333008e+00,4.464940071105957031e+00,5.404087543487548828e+00,6.167472362518310547e+00,6.742011547088623047e+00,7.118848323822021484e+00,7.293540954589843750e+00,7.266159534454345703e+00,7.041280269622802734e+00,6.627880096435546875e+00,6.039135932922363281e+00,5.292127132415771484e+00,4.407457351684570312e+00,3.408793210983276367e+00,2.322337150573730469e+00,1.176245212554931641e+00,2.901076832917664355e-15
0.000000000000000000e+00,8.814455866813659668e-01,1.734106659889221191e+00,2.529886007308959961e+00,3.242044687271118164e+00,3.845843076705932617e+00,4.319135665893554688e+00,4.642906188964843750e+00,4.801732540130615234e+00,4.784168243408203125e+00,4.583033561706542969e+00,4.195610523223876953e+00,3.623730897903442383e+00,2.873766660690307617e+00,1.956509828567504883e+00,8.869542479515075684e-01,-3.160209059715270996e-01,-1.630058169364929199e+00,-3.029809236526489258e+00,-4.487492561340332031e+00,-5.973509311676025391e+00,-7.457103252410888672e+00,-8.907049179077148438e+00,-1.029235649108886719e+01,-1.158296775817871094e+01,-1.275044155120849609e+01,-1.376860713958740234e+01,-1.461415576934814453e+01,-1.526719093322753906e+01,-1.571168804168701172e+01,-1.593587684631347656e+01,-1.593253040313720703e+01,-1.569915485382080078e+01,-1.523806858062744141e+01,-1.455638313293457031e+01,-1.366587066650390625e+01,-1.258273506164550781e+01,-1.132727432250976562e+01,-9.923461914062500000e+00,-8.398434638977050781e+00,-6.781920909881591797e+00,-5.105598926544189453e+00,-3.402418375015258789e+00,-1.705887317657470703e+00,-4.934695363044738770e-02,1.534751534461975098e+00,3.015552997589111328e+00,4.364470481872558594e+00,5.555809497833251953e+00,6.567327499389648438e+00,7.380722045898437500e+00,7.982032299041748047e+00,8.361943244934082031e+00,8.515990257263183594e+00,8.444661140441894531e+00,8.153383255004882812e+00,7.652403354644775391e+00,6.956570148468017578e+00,6.085002899169921875e+00,5.060675621032714844e+00,3.909914016723632812e+00,2.661816358566284180e+00,1.347617030143737793e+00,3.323281252509517614e-15
0.000000000000000000e+00,8.222275376319885254e-01,1.614943981170654297e+00,2.349357128143310547e+00,2.998096704483032227e+00,3.535883188247680664e+00,3.940150499343872070e+00,4.191604614257812500e+00,4.274707317352294922e+00,4.178075313568115234e+00,3.894779205322265625e+00,3.422543287277221680e+00,2.763837099075317383e+00,1.925855875015258789e+00,9.203914403915405273e-01,-2.364033013582229614e-01,-1.524352669715881348e+00,-2.919690370559692383e+00,-4.395577907562255859e+00,-5.922695159912109375e+00,-7.469891548156738281e+00,-9.004884719848632812e+00,-1.049498462677001953e+01,-1.190783882141113281e+01,-1.321216678619384766e+01,-1.437847995758056641e+01,-1.537976169586181641e+01,-1.619210052490234375e+01,-1.679525184631347656e+01,-1.717312622070312500e+01,-1.731418228149414062e+01,-1.721172523498535156e+01,-1.686409759521484375e+01,-1.627475166320800781e+01,-1.545222282409667969e+01,-1.440997982025146484e+01,-1.316616535186767578e+01,-1.174323749542236328e+01,-1.016750717163085938e+01,-8.468596458435058594e+00,-6.678813934326171875e+00,-4.832473754882812500e+00,-2.965164422988891602e+00,-1.112987995147705078e+00,6.882143616676330566e-01,2.403635263442993164e+00,4.000253200531005859e+00,5.447547435760498047e+00,6.718163490295410156e+00,7.788507461547851562e+00,8.639262199401855469e+00,9.255813598632812500e+00,9.628569602966308594e+00,9.753176689147949219e+00,9.630620956420898438e+00,9.267210960388183594e+00,8.674448966979980469e+00,7.868782520294189453e+00,6.871258735656738281e+00,5.707067489624023438e+00,4.404999732971191406e+00,2.996828556060791016e+00,1.516620397567749023e+00,3.739558135536485278e-15
0.000000000000000000e+00,7.308222651481628418e-01,1.431990623474121094e+00,2.074590206146240234e+00,2.631168365478515625e+00,3.076421260833740234e+00,3.387833833694458008e+00,3.546252965927124023e+00,3.536382913589477539e+00,3.347190618515014648e+00,2.972213745117187500e+00,2.409759044647216797e+00,1.662992000579833984e+00,7.399104833602905273e-01,-3.467939496040344238e-01,-1.579985618591308594e+00,-2.938440561294555664e+00,-4.397298812866210938e+00,-5.928605556488037109e+00,-7.501927375793457031e+00,-9.085029602050781250e+00,-1.064460182189941406e+01,-1.214701175689697266e+01,-1.355907630920410156e+01,-1.484882259368896484e+01,-1.598622989654541016e+01,-1.694393730163574219e+01,-1.769789314270019531e+01,-1.822793197631835938e+01,-1.851827239990234375e+01,-1.855792045593261719e+01,-1.834097290039062500e+01,-1.786679649353027344e+01,-1.714010238647460938e+01,-1.617090034484863281e+01,-1.497433948516845703e+01,-1.357041454315185547e+01,-1.198359298706054688e+01,-1.024231719970703125e+01,-8.378427505493164062e+00,-6.426505565643310547e+00,-4.423151493072509766e+00,-2.406214714050292969e+00,-4.139929413795471191e-01,1.515582084655761719e+00,3.345756769180297852e+00,5.041743755340576172e+00,6.571472644805908203e+00,7.906284332275390625e+00,9.021553993225097656e+00,9.897229194641113281e+00,1.051827239990234375e+01,1.087499332427978516e+01,1.096327114105224609e+01,1.078465175628662109e+01,1.034633064270019531e+01,9.661007881164550781e+00,8.746623992919921875e+00,7.625988960266113281e+00,6.326297760009765625e+00,4.878557682037353516e+00,3.316929101943969727e+00,1.677998185157775879e+00,4.136968206696310657e-15
0.000000000000000000e+00,6.111462712287902832e-01,1.193055629730224609e+00,1.717239260673522949e+00,2.156686544418334961e+00,2.486561298370361328e+00,2.684846401214599609e+00,2.732923269271850586e+00,2.616070032119750977e+00,2.323869705200195312e+00,1.850516438484191895e+00,1.195013284683227539e+00,3.612551093101501465e-01,-6.420024633407592773e-01,-1.801291704177856445e+00,-3.098693370819091797e+00,-4.512204647064208984e+00,-6.016205787658691406e+00,-7.582017421722412109e+00,-9.178531646728515625e+00,-1.077290916442871094e+01,-1.233131790161132812e+01,-1.381970691680908203e+01,-1.520459365844726562e+01,-1.645383453369140625e+01,-1.753739166259765625e+01,-1.842804145812988281e+01,-1.910202980041503906e+01,-1.953967285156250000e+01,-1.972583961486816406e+01,-1.965037155151367188e+01,-1.930836677551269531e+01,-1.870036125183105469e+01,-1.783240318298339844e+01,-1.671597290039062500e+01,-1.536782073974609375e+01,-1.380965709686279297e+01,-1.206774234771728516e+01,-1.017238140106201172e+01,-8.157308578491210938e+00,-6.059004783630371094e+00,-3.915950059890747070e+00,-1.767819762229919434e+00,3.453445434570312500e-01,2.383979082107543945e+00,4.309837818145751953e+00,6.086806774139404297e+00,7.681680679321289062e+00,9.064875602722167969e+00,1.021107482910156250e+01,1.109977626800537109e+01,1.171575164794921875e+01,1.204938125610351562e+01,1.209688091278076172e+01,1.186039733886718750e+01,1.134798240661621094e+01,1.057343864440917969e+01,9.556042671203613281e+00,8.320148468017578125e+00,6.894688606262207031e+00,5.312567710876464844e+00,3.609978199005126953e+00,1.825642704963684082e+00,4.500480019307018936e-15
0.000000000000000000e+00,4.682172238826751709e-01,9.081369042396545410e-01,1.292206525802612305e+00,1.594346165657043457e+00,1.790640950202941895e+00,1.859982728958129883e+00,1.784644842147827148e+00,1.550777077674865723e+00,1.148808240890502930e+00,5.737474560737609863e-01,-1.746246367692947388e-01,-1.091678142547607422e+00,-2.167973041534423828e+00,-3.389414072036743164e+00,-4.737519741058349609e+00,-6.189796447753906250e+00,-7.720215797424316406e+00,-9.299776077270507812e+00,-1.089714431762695312e+01,-1.247935676574707031e+01,-1.401256656646728516e+01,-1.546282482147216797e+01,-1.679686546325683594e+01,-1.798288726806640625e+01,-1.899131965637207031e+01,-1.979552841186523438e+01,-2.037248039245605469e+01,-2.070332527160644531e+01,-2.077389144897460938e+01,-2.057508277893066406e+01,-2.010316848754882812e+01,-1.935994911193847656e+01,-1.835281372070312500e+01,-1.709465599060058594e+01,-1.560369110107421875e+01,-1.390312957763671875e+01,-1.202075576782226562e+01,-9.988394737243652344e+00,-7.841285228729248047e+00,-5.617376804351806641e+00,-3.356558084487915039e+00,-1.099838972091674805e+00,1.111499786376953125e+00,3.236768484115600586e+00,5.236723899841308594e+00,7.074401855468750000e+00,8.715902328491210938e+00,1.013112163543701172e+01,1.129439830780029297e+01,1.218507575988769531e+01,1.278796005249023438e+01,1.309366130828857422e+01,1.309881401062011719e+01,1.280617618560791016e+01,1.222459030151367188e+01,1.136882305145263672e+01,1.025927257537841797e+01,8.921566963195800781e+00,7.386038780212402344e+00,5.687104701995849609e+00,3.862561941146850586e+00,1.952807068824768066e+00,4.813492574635373084e-15
0.000000000000000000e+00,3.079182505607604980e-01,5.889512300491333008e-01,8.169445991516113281e-01,9.671884179115295410e-01,1.017096042633056641e+00,9.468322992324829102e-01,7.398759722709655762e-01,3.835025131702423096e-01,-1.308241486549377441e-01,-8.071607351303100586e-01,-1.644902110099792480e+00,-2.638711452484130859e+00,-3.778565645217895508e+00,-5.049916744232177734e+00,-6.433962345123291016e+00,-7.908026218414306641e+00,-9.446030616760253906e+00,-1.101906490325927734e+01,-1.259601974487304688e+01,-1.414428520202636719e+01,-1.563050079345703125e+01,-1.702132034301757812e+01,-1.828419685363769531e+01,-1.938815689086914062e+01,-2.030455017089843750e+01,-2.100775718688964844e+01,-2.147582817077636719e+01,-2.169107055664062500e+01,-2.164051437377929688e+01,-2.131631660461425781e+01,-2.071601676940917969e+01,-1.984270858764648438e+01,-1.870507240295410156e+01,-1.731728744506835938e+01,-1.569882392883300781e+01,-1.387411785125732422e+01,-1.187213039398193359e+01,-9.725803375244140625e+00,-7.471424579620361328e+00,-5.147912979125976562e+00,-2.796040058135986328e+00,-4.576013088226318359e-01,1.825438737869262695e+00,4.011815071105957031e+00,6.061823368072509766e+00,7.938154220581054688e+00,9.606683731079101562e+00,1.103720283508300781e+01,1.220406818389892578e+01,1.308676052093505859e+01,1.367034149169921875e+01,1.394579029083251953e+01,1.391022396087646484e+01,1.356698513031005859e+01,1.292560100555419922e+01,1.200161457061767578e+01,1.081628704071044922e+01,9.396180152893066406e+00,7.772626399993896484e+00,5.981101036071777344e+00,4.060502529144287109e+00,2.052362442016601562e+00,5.058465514409631048e-15
0.000000000000000000e+00,1.367221474647521973e-01,2.483859956264495850e-01,3.106392025947570801e-01,3.005242943763732910e-01,1.971339732408523560e-01,-1.778329536318778992e-02,-3.592818975448608398e-01,-8.387552499771118164e-01,-1.463560938835144043e+00,-2.236744165420532227e+00,-3.156867265701293945e+00,-4.217948436737060547e+00,-5.409513473510742188e+00,-6.716759681701660156e+00,-8.120827674865722656e+00,-9.599175453186035156e+00,-1.112604999542236328e+01,-1.267304325103759766e+01,-1.420971679687500000e+01,-1.570428752899169922e+01,-1.712436103820800781e+01,-1.843767547607421875e+01,-1.961288070678710938e+01,-2.062027931213378906e+01,-2.143256378173828125e+01,-2.202549934387207031e+01,-2.237854957580566406e+01,-2.247543334960937500e+01,-2.230458641052246094e+01,-2.185952758789062500e+01,-2.113911819458007812e+01,-2.014770126342773438e+01,-1.889513397216796875e+01,-1.739667510986328125e+01,-1.567278194427490234e+01,-1.374876594543457031e+01,-1.165434932708740234e+01,-9.423122406005859375e+00,-7.091900825500488281e+00,-4.700015544891357422e+00,-2.288535118103027344e+00,1.005586609244346619e-01,2.425219774246215820e+00,4.644200801849365234e+00,6.717905044555664062e+00,8.609213829040527344e+00,1.028426551818847656e+01,1.171318054199218750e+01,1.287069511413574219e+01,1.373672008514404297e+01,1.429677963256835938e+01,1.454234790802001953e+01,1.447105503082275391e+01,1.408677291870117188e+01,1.339956665039062500e+01,1.242552089691162109e+01,1.118644046783447266e+01,9.709424972534179688e+00,8.026346206665039062e+00,6.173208713531494141e+00,4.189437866210937500e+00,2.117089033126831055e+00,5.217636134209396523e-15
0.000000000000000000e+00,-3.861247003078460693e-02,-1.001060232520103455e-01,-2.066909223794937134e-01,-3.792521953582763672e-01,-6.367275118827819824e-01,-9.955329895019531250e-01,-1.469050168991088867e+00,-2.067188501358032227e+00,-2.796031951904296875e+00,-3.657581329345703125e+00,-4.649597644805908203e+00,-5.765551090240478516e+00,-6.994676113128662109e+00,-8.322137832641601562e+00,-9.729297637939453125e+00,-1.119408130645751953e+01,-1.269143486022949219e+01,-1.419386386871337891e+01,-1.567203998565673828e+01,-1.709546470642089844e+01,-1.843316459655761719e+01,-1.965443038940429688e+01,-2.072954177856445312e+01,-2.163048934936523438e+01,-2.233168411254882812e+01,-2.281060409545898438e+01,-2.304839515686035156e+01,-2.303039550781250000e+01,-2.274657249450683594e+01,-2.219187164306640625e+01,-2.136644554138183594e+01,-2.027578735351562500e+01,-1.893073654174804688e+01,-1.734737396240234375e+01,-1.554678916931152344e+01,-1.355475902557373047e+01,-1.140128898620605469e+01,-9.120081901550292969e+00,-6.747902870178222656e+00,-4.323880195617675781e+00,-1.888742327690124512e+00,5.159884691238403320e-01,2.848829030990600586e+00,5.069176673889160156e+00,7.138142108917236328e+00,9.019352912902832031e+00,1.067971611022949219e+01,1.209011745452880859e+01,1.322604465484619141e+01,1.406811809539794922e+01,1.460252285003662109e+01,1.482132911682128906e+01,1.472268772125244141e+01,1.431090831756591797e+01,1.359640598297119141e+01,1.259552669525146484e+01,1.133024692535400391e+01,9.827755928039550781e+00,8.119933128356933594e+00,6.242728710174560547e+00,4.235450267791748047e+00,2.139991521835327148e+00,5.273795265645303890e-15
0.000000000000000000e+00,-2.113603651523590088e-01,-4.431416094303131104e-01,-7.151384949684143066e-01,-1.045908808708190918e+00,-1.452193737030029297e+00,-1.948382258415222168e+00,-2.546034812927246094e+00,-3.253476858139038086e+00,-4.075472831726074219e+00,-5.012990474700927734e+00,-6.063059806823730469e+00,-7.218730449676513672e+00,-8.469135284423828125e+00,-9.799647331237792969e+00,-1.119214439392089844e+01,-1.262535667419433594e+01,-1.407530498504638672e+01,-1.551581573486328125e+01,-1.691909790039062500e+01,-1.825636863708496094e+01,-1.949852180480957031e+01,-2.061681365966796875e+01,-2.158356094360351562e+01,-2.237281799316406250e+01,-2.296103668212890625e+01,-2.332768630981445312e+01,-2.345580673217773438e+01,-2.333250236511230469e+01,-2.294934654235839844e+01,-2.230270195007324219e+01,-2.139392471313476562e+01,-2.022948646545410156e+01,-1.882095718383789062e+01,-1.718490028381347656e+01,-1.534264278411865234e+01,-1.331994152069091797e+01,-1.114654922485351562e+01,-8.855690002441406250e+00,-6.483446598052978516e+00,-4.068081378936767578e+00,-1.649302721023559570e+00,7.325141429901123047e-01,3.037126064300537109e+00,5.225231170654296875e+00,7.259267330169677734e+00,9.104184150695800781e+00,1.072817039489746094e+01,1.210332107543945312e+01,1.320623683929443359e+01,1.401852512359619141e+01,1.452721309661865234e+01,1.472504615783691406e+01,1.461067581176757812e+01,1.418872642517089844e+01,1.346973609924316406e+01,1.246998977661132812e+01,1.121121788024902344e+01,9.720195770263671875e+00,8.028233528137207031e+00,6.170574665069580078e+00,4.185708045959472656e+00,2.114622831344604492e+00,5.211083487329437255e-15
0.000000000000000000e+00,-3.751499354839324951e-01,-7.680445909500122070e-01,-1.195855975151062012e+00,-1.674625039100646973e+00,-2.218731641769409180e+00,-2.840405941009521484e+00,-3.549294471740722656e+00,-4.352090835571289062e+00,-5.252241611480712891e+00,-6.249733448028564453e+00,-7.340970516204833984e+00,-8.518743515014648438e+00,-9.772292137145996094e+00,-1.108745861053466797e+01,-1.244693756103515625e+01,-1.383060741424560547e+01,-1.521593666076660156e+01,-1.657846832275390625e+01,-1.789235496520996094e+01,-1.913094520568847656e+01,-2.026740646362304688e+01,-2.127535438537597656e+01,-2.212950325012207031e+01,-2.280629730224609375e+01,-2.328450965881347656e+01,-2.354582214355468750e+01,-2.357532882690429688e+01,-2.336198997497558594e+01,-2.289899635314941406e+01,-2.218405914306640625e+01,-2.121959686279296875e+01,-2.001281929016113281e+01,-1.857571983337402344e+01,-1.692495536804199219e+01,-1.508162021636962891e+01,-1.307092475891113281e+01,-1.092178058624267578e+01,-8.666295051574707031e+00,-6.339191436767578125e+00,-3.977165460586547852e+00,-1.618188858032226562e+00,6.992248296737670898e-01,2.936775445938110352e+00,5.057137966156005859e+00,7.024713039398193359e+00,8.806353569030761719e+00,1.037204837799072266e+01,1.169554615020751953e+01,1.275491523742675781e+01,1.353301525115966797e+01,1.401787853240966797e+01,1.420298671722412109e+01,1.408744621276855469e+01,1.367603969573974609e+01,1.297917461395263672e+01,1.201270961761474609e+01,1.079767417907714844e+01,9.359883308410644531e+00,7.729451656341552734e+00,5.940219879150390625e+00,4.029109477996826172e+00,2.035405635833740234e+00,5.015783100681013226e-15
0.000000000000000000e+00,-5.242708325386047363e-01,-1.063457965850830078e+00,-1.631966471672058105e+00,-2.243191719055175781e+00,-2.909046649932861328e+00,-3.639526844024658203e+00,-4.442324638366699219e+00,-5.322501659393310547e+00,-6.282229900360107422e+00,-7.320605278015136719e+00,-8.433544158935546875e+00,-9.613761901855468750e+00,-1.085083389282226562e+01,-1.213134479522705078e+01,-1.343911647796630859e+01,-1.475551128387451172e+01,-1.605981445312500000e+01,-1.732966232299804688e+01,-1.854154586791992188e+01,-1.967133140563964844e+01,-2.069483184814453125e+01,-2.158837890625000000e+01,-2.232941055297851562e+01,-2.289703369140625000e+01,-2.327258491516113281e+01,-2.344012641906738281e+01,-2.338691711425781250e+01,-2.310380363464355469e+01,-2.258555793762207031e+01,-2.183111953735351562e+01,-2.084375762939453125e+01,-1.963114929199218750e+01,-1.820534133911132812e+01,-1.658264732360839844e+01,-1.478341865539550781e+01,-1.283174896240234375e+01,-1.075507926940917969e+01,-8.583726882934570312e+00,-6.350349426269531250e+00,-4.089347362518310547e+00,-1.836217045783996582e+00,3.731243014335632324e-01,2.503035783767700195e+00,4.518854141235351562e+00,6.387584686279296875e+00,8.078568458557128906e+00,9.564106941223144531e+00,1.082004070281982422e+01,1.182625102996826172e+01,1.256709957122802734e+01,1.303177165985107422e+01,1.321452713012695312e+01,1.311485671997070312e+01,1.273752593994140625e+01,1.209251976013183594e+01,1.119488525390625000e+01,1.006446170806884766e+01,8.725523948669433594e+00,7.206331729888916016e+00,5.538595676422119141e+00,3.756878852844238281e+00,1.897934079170227051e+00,4.677058436722281165e-15
0.000000000000000000e+00,-6.539550423622131348e-01,-1.319903373718261719e+00,-2.009395360946655273e+00,-2.733107328414916992e+00,-3.500432491302490234e+00,-4.319106101989746094e+00,-5.194870948791503906e+00,-6.131198406219482422e+00,-7.129065513610839844e+00,-8.186800003051757812e+00,-9.299992561340332031e+00,-1.046148681640625000e+01,-1.166143894195556641e+01,-1.288745021820068359e+01,-1.412477970123291016e+01,-1.535661220550537109e+01,-1.656439781188964844e+01,-1.772823524475097656e+01,-1.882731437683105469e+01,-1.984038162231445312e+01,-2.074623870849609375e+01,-2.152425384521484375e+01,-2.215486335754394531e+01,-2.262009048461914062e+01,-2.290400695800781250e+01,-2.299319267272949219e+01,-2.287712669372558594e+01,-2.254853630065917969e+01,-2.200368118286132812e+01,-2.124256706237792969e+01,-2.026907348632812500e+01,-1.909100723266601562e+01,-1.772008132934570312e+01,-1.617178153991699219e+01,-1.446518230438232422e+01,-1.262265491485595703e+01,-1.066951847076416016e+01,-8.633606910705566406e+00,-6.544789791107177734e+00,-4.434426784515380859e+00,-2.334793329238891602e+00,-2.784703671932220459e-01,1.702278971672058105e+00,3.576137542724609375e+00,5.313352108001708984e+00,6.886327266693115234e+00,8.270185470581054688e+00,9.443278312683105469e+00,1.038763809204101562e+01,1.108936214447021484e+01,1.153891754150390625e+01,1.173136615753173828e+01,1.166649436950683594e+01,1.134885215759277344e+01,1.078770160675048828e+01,9.996864318847656250e+00,8.994481086730957031e+00,7.802690982818603516e+00,6.447216510772705078e+00,4.956891059875488281e+00,3.363111257553100586e+00,1.699245810508728027e+00,4.187626706172748597e-15
0.000000000000000000e+00,-7.606193423271179199e-01,-1.530262947082519531e+00,-2.317586898803710938e+00,-3.130521774291992188e+00,-3.975932598114013672e+00,-4.859307765960693359e+00,-5.784485340118408203e+00,-6.753419876098632812e+00,-7.766003608703613281e+00,-8.819938659667968750e+00,-9.910674095153808594e+00,-1.103139400482177734e+01,-1.217308521270751953e+01,-1.332464790344238281e+01,-1.447307968139648438e+01,-1.560371112823486328e+01,-1.670049476623535156e+01,-1.774633598327636719e+01,-1.872346305847167969e+01,-1.961383438110351562e+01,-2.039954948425292969e+01,-2.106329154968261719e+01,-2.158875083923339844e+01,-2.196105766296386719e+01,-2.216717338562011719e+01,-2.219627571105957031e+01,-2.204009056091308594e+01,-2.169317817687988281e+01,-2.115316200256347656e+01,-2.042090988159179688e+01,-1.950063705444335938e+01,-1.839993476867675781e+01,-1.712974357604980469e+01,-1.570423984527587891e+01,-1.414065456390380859e+01,-1.245902824401855469e+01,-1.068189239501953125e+01,-8.833904266357421875e+00,-6.941415309906005859e+00,-5.032009124755859375e+00,-3.133996486663818359e+00,-1.275891661643981934e+00,5.141277909278869629e-01,2.208761453628540039e+00,3.782118558883666992e+00,5.210228919982910156e+00,6.471523761749267578e+00,7.547273635864257812e+00,8.421974182128906250e+00,9.083678245544433594e+00,9.524251937866210938e+00,9.739562988281250000e+00,9.729596138000488281e+00,9.498476028442382812e+00,9.054422378540039062e+00,8.409614562988281250e+00,7.579981327056884766e+00,6.584918975830078125e+00,5.446933746337890625e+00,4.191226005554199219e+00,2.845219850540161133e+00,1.438047647476196289e+00,3.544312594271395965e-15
0.000000000000000000e+00,-8.420568108558654785e-01,-1.690160870552062988e+00,-2.550072431564331055e+00,-3.426984310150146484e+00,-4.325258731842041016e+00,-5.248183727264404297e+00,-6.197761058807373047e+00,-7.174528598785400391e+00,-8.177420616149902344e+00,-9.203674316406250000e+00,-1.024878311157226562e+01,-1.130649757385253906e+01,-1.236888027191162109e+01,-1.342640113830566406e+01,-1.446809291839599609e+01,-1.548173904418945312e+01,-1.645411300659179688e+01,-1.737124061584472656e+01,-1.821870994567871094e+01,-1.898198318481445312e+01,-1.964674186706542969e+01,-2.019923210144042969e+01,-2.062660980224609375e+01,-2.091727447509765625e+01,-2.106119728088378906e+01,-2.105020904541015625e+01,-2.087827110290527344e+01,-2.054169464111328125e+01,-2.003932762145996094e+01,-1.937268066406250000e+01,-1.854600524902343750e+01,-1.756631469726562500e+01,-1.644334602355957031e+01,-1.518946266174316406e+01,-1.381949901580810547e+01,-1.235055255889892578e+01,-1.080172061920166016e+01,-9.193792343139648438e+00,-7.548897266387939453e+00,-5.890120029449462891e+00,-4.241088867187500000e+00,-2.625543117523193359e+00,-1.066893577575683594e+00,4.122216105461120605e-01,1.790369749069213867e+00,3.047740936279296875e+00,4.166538715362548828e+00,5.131336688995361328e+00,5.929391860961914062e+00,6.550909996032714844e+00,6.989255428314208984e+00,7.241102218627929688e+00,7.306520462036132812e+00,7.188998222351074219e+00,6.895395278930664062e+00,6.435835361480712891e+00,5.823526859283447266e+00,5.074530124664306641e+00,4.207463741302490234e+00,3.243160009384155273e+00,2.204280138015747070e+00,1.114888191223144531e+00,2.748471565492066962e-15
0.000000000000000000e+00,-8.975693583488464355e-01,-1.798227310180664062e+00,-2.704860448837280273e+00,-3.619957685470581055e+00,-4.545423984527587891e+00,-5.482413291931152344e+00,-6.431178092956542969e+00,-7.390948295593261719e+00,-8.359837532043457031e+00,-9.334781646728515625e+00,-1.031151008605957031e+01,-1.128455352783203125e+01,-1.224729061126708984e+01,-1.319202232360839844e+01,-1.411008930206298828e+01,-1.499201869964599609e+01,-1.582769489288330078e+01,-1.660656166076660156e+01,-1.731784439086914062e+01,-1.795078659057617188e+01,-1.849489593505859375e+01,-1.894020271301269531e+01,-1.927750587463378906e+01,-1.949861907958984375e+01,-1.959660148620605469e+01,-1.956597518920898438e+01,-1.940290641784667969e+01,-1.910536956787109375e+01,-1.867327308654785156e+01,-1.810854339599609375e+01,-1.741517829895019531e+01,-1.659924697875976562e+01,-1.566885948181152344e+01,-1.463408279418945312e+01,-1.350681591033935547e+01,-1.230062961578369141e+01,-1.103056144714355469e+01,-9.712880134582519531e+00,-8.364818572998046875e+00,-7.004279613494873047e+00,-5.649527549743652344e+00,-4.318859577178955078e+00,-3.030276060104370117e+00,-1.801148056983947754e+00,-6.478911638259887695e-01,4.143453538417816162e-01,1.371970415115356445e+00,2.213216304779052734e+00,2.928372144699096680e+00,3.509980201721191406e+00,3.952990293502807617e+00,4.254869937896728516e+00,4.415667057037353516e+00,4.438022136688232422e+00,4.327131748199462891e+00,4.090662002563476562e+00,3.738616228103637695e+00,3.283152103424072266e+00,2.738361597061157227e+00,2.120009660720825195e+00,1.445242166519165039e+00,7.322643995285034180e-01,1.806254137823011877e-15
0.000000000000000000e+00,-9.280341863632202148e-01,-1.856229066848754883e+00,-2.784633398056030273e+00,-3.713074922561645508e+00,-4.641059398651123047e+00,-5.567676067352294922e+00,-6.491519927978515625e+00,-7.410625457763671875e+00,-8.322421073913574219e+00,-9.223695755004882812e+00,-1.011059761047363281e+01,-1.097863960266113281e+01,-1.182273769378662109e+01,-1.263726520538330078e+01,-1.341612625122070312e+01,-1.415284824371337891e+01,-1.484069538116455078e+01,-1.547279167175292969e+01,-1.604225730895996094e+01,-1.654235839843750000e+01,-1.696664619445800781e+01,-1.730912590026855469e+01,-1.756439781188964844e+01,-1.772780227661132812e+01,-1.779556274414062500e+01,-1.776490402221679688e+01,-1.763416671752929688e+01,-1.740288734436035156e+01,-1.707188034057617188e+01,-1.664327049255371094e+01,-1.612051773071289062e+01,-1.550841045379638672e+01,-1.481303310394287109e+01,-1.404170227050781250e+01,-1.320288372039794922e+01,-1.230607700347900391e+01,-1.136168384552001953e+01,-1.038084888458251953e+01,-9.375286102294921875e+00,-8.357090950012207031e+00,-7.338534355163574219e+00,-6.331861495971679688e+00,-5.349073410034179688e+00,-4.401718616485595703e+00,-3.500685214996337891e+00,-2.656006097793579102e+00,-1.876673221588134766e+00,-1.170471668243408203e+00,-5.438345670700073242e-01,-1.720186322927474976e-03,4.524825215339660645e-01,8.170210719108581543e-01,1.091815471649169922e+00,1.278463363647460938e+00,1.380213260650634766e+00,1.401906609535217285e+00,1.349889636039733887e+00,1.231895565986633301e+00,1.056900978088378906e+00,8.349577188491821289e-01,5.770038962364196777e-01,2.946581542491912842e-01,7.286943977098756658e-16
0.000000000000000000e+00,-9.358990192413330078e-01,-1.869061470031738281e+00,-2.796732425689697266e+00,-3.716120958328247070e+00,-4.624384880065917969e+00,-5.518617153167724609e+00,-6.395837306976318359e+00,-7.252985954284667969e+00,-8.086924552917480469e+00,-8.894442558288574219e+00,-9.672262191772460938e+00,-1.041706275939941406e+01,-1.112549591064453125e+01,-1.179421806335449219e+01,-1.241991996765136719e+01,-1.299936389923095703e+01,-1.352942943572998047e+01,-1.400715255737304688e+01,-1.442977428436279297e+01,-1.479478836059570312e+01,-1.509999275207519531e+01,-1.534353065490722656e+01,-1.552393913269042969e+01,-1.564019012451171875e+01,-1.569172763824462891e+01,-1.567849731445312500e+01,-1.560097312927246094e+01,-1.546017456054687500e+01,-1.525767612457275391e+01,-1.499560451507568359e+01,-1.467663669586181641e+01,-1.430397510528564453e+01,-1.388132286071777344e+01,-1.341284847259521484e+01,-1.290313625335693359e+01,-1.235713672637939453e+01,-1.178010082244873047e+01,-1.117751598358154297e+01,-1.055502796173095703e+01,-9.918363571166992188e+00,-9.273253440856933594e+00,-8.625343322753906250e+00,-7.980114459991455078e+00,-7.342802047729492188e+00,-6.718317031860351562e+00,-6.111170291900634766e+00,-5.525406360626220703e+00,-4.964543342590332031e+00,-4.431518077850341797e+00,-3.928646087646484375e+00,-3.457588195800781250e+00,-3.019330024719238281e+00,-2.614171981811523438e+00,-2.241732597351074219e+00,-1.900963783264160156e+00,-1.590175986289978027e+00,-1.307077765464782715e+00,-1.048823475837707520e+00,-8.120731711387634277e-01,-5.930597782135009766e-01,-3.876651227474212646e-01,-1.915017515420913696e-01,-4.683836500245328483e-16
0.000000000000000000e+00,-9.251066446304321289e-01,-1.844597101211547852e+00,-2.752933740615844727e+00,-3.644734144210815430e+00,-4.514845371246337891e+00,-5.358412742614746094e+00,-6.170944690704345703e+00,-6.948367595672607422e+00,-7.687075138092041016e+00,-8.383966445922851562e+00,-9.036478996276855469e+00,-9.642603874206542969e+00,-1.020089530944824219e+01,-1.071047210693359375e+01,-1.117100238800048828e+01,-1.158268260955810547e+01,-1.194620418548583984e+01,-1.226271820068359375e+01,-1.253377914428710938e+01,-1.276130008697509766e+01,-1.294748210906982422e+01,-1.309476184844970703e+01,-1.320573616027832031e+01,-1.328309822082519531e+01,-1.332956981658935547e+01,-1.334783744812011719e+01,-1.334049034118652344e+01,-1.330995941162109375e+01,-1.325846958160400391e+01,-1.318799591064453125e+01,-1.310022258758544922e+01,-1.299651718139648438e+01,-1.287791061401367188e+01,-1.274508571624755859e+01,-1.259837818145751953e+01,-1.243778514862060547e+01,-1.226298046112060547e+01,-1.207334136962890625e+01,-1.186798286437988281e+01,-1.164579963684082031e+01,-1.140550708770751953e+01,-1.114569759368896484e+01,-1.086489105224609375e+01,-1.056159496307373047e+01,-1.023435878753662109e+01,-9.881828308105468750e+00,-9.502806663513183594e+00,-9.096297264099121094e+00,-8.661557197570800781e+00,-8.198133468627929688e+00,-7.705899715423583984e+00,-7.185081005096435547e+00,-6.636273860931396484e+00,-6.060457229614257812e+00,-5.458990573883056641e+00,-4.833611011505126953e+00,-4.186412811279296875e+00,-3.519827127456665039e+00,-2.836586713790893555e+00,-2.139688968658447266e+00,-1.432349562644958496e+00,-7.179535031318664551e-01,-1.764645655992394101e-15
0.000000000000000000e+00,-9.009490013122558594e-01,-1.793395280838012695e+00,-2.669014453887939453e+00,-3.519834518432617188e+00,-4.338402271270751953e+00,-5.117936611175537109e+00,-5.852467536926269531e+00,-6.536956787109375000e+00,-7.167393207550048828e+00,-7.740869522094726562e+00,-8.255629539489746094e+00,-8.711091995239257812e+00,-9.107841491699218750e+00,-9.447598457336425781e+00,-9.733160972595214844e+00,-9.968316078186035156e+00,-1.015773582458496094e+01,-1.030684757232666016e+01,-1.042168712615966797e+01,-1.050873851776123047e+01,-1.057475948333740234e+01,-1.062660598754882812e+01,-1.067104816436767578e+01,-1.071459102630615234e+01,-1.076329803466796875e+01,-1.082262992858886719e+01,-1.089728736877441406e+01,-1.099108314514160156e+01,-1.110682296752929688e+01,-1.124621868133544922e+01,-1.140981769561767578e+01,-1.159697055816650391e+01,-1.180581665039062500e+01,-1.203330612182617188e+01,-1.227524185180664062e+01,-1.252636051177978516e+01,-1.278042602539062500e+01,-1.303036022186279297e+01,-1.326838779449462891e+01,-1.348619937896728516e+01,-1.367513275146484375e+01,-1.382636451721191406e+01,-1.393110561370849609e+01,-1.398080348968505859e+01,-1.396734142303466797e+01,-1.388322639465332031e+01,-1.372177886962890625e+01,-1.347729206085205078e+01,-1.314518737792968750e+01,-1.272213935852050781e+01,-1.220617866516113281e+01,-1.159676933288574219e+01,-1.089485549926757812e+01,-1.010288143157958984e+01,-9.224771499633789062e+00,-8.265896797180175781e+00,-7.232994556427001953e+00,-6.134068965911865234e+00,-4.978263378143310547e+00,-3.775711059570312500e+00,-2.537360668182373047e+00,-1.274789452552795410e+00,-3.135707923922420939e-15
0.000000000000000000e+00,-8.698563575744628906e-01,-1.728282451629638672e+00,-2.564128398895263672e+00,-3.366799831390380859e+00,-4.126516819000244141e+00,-4.834556102752685547e+00,-5.483465194702148438e+00,-6.067248821258544922e+00,-6.581514358520507812e+00,-7.023585796356201172e+00,-7.392568588256835938e+00,-7.689374923706054688e+00,-7.916703701019287109e+00,-8.078974723815917969e+00,-8.182220458984375000e+00,-8.233940124511718750e+00,-8.242911338806152344e+00,-8.218968391418457031e+00,-8.172759056091308594e+00,-8.115469932556152344e+00,-8.058540344238281250e+00,-8.013363838195800781e+00,-7.990992069244384766e+00,-8.001832008361816406e+00,-8.055363655090332031e+00,-8.159874916076660156e+00,-8.322213172912597656e+00,-8.547575950622558594e+00,-8.839329719543457031e+00,-9.198875427246093750e+00,-9.625553131103515625e+00,-1.011659049987792969e+01,-1.066710948944091797e+01,-1.127016735076904297e+01,-1.191685771942138672e+01,-1.259645557403564453e+01,-1.329659748077392578e+01,-1.400351524353027344e+01,-1.470229721069335938e+01,-1.537717914581298828e+01,-1.601186561584472656e+01,-1.658986282348632812e+01,-1.709482574462890625e+01,-1.751090812683105469e+01,-1.782310295104980469e+01,-1.801758193969726562e+01,-1.808200073242187500e+01,-1.800579833984375000e+01,-1.778043746948242188e+01,-1.739963340759277344e+01,-1.685952758789062500e+01,-1.615880584716796875e+01,-1.529878520965576172e+01,-1.428343296051025391e+01,-1.311934089660644531e+01,-1.181564521789550781e+01,-1.038389110565185547e+01,-8.837855339050292969e+00,-7.193318843841552734e+00,-5.467797756195068359e+00,-3.680244445800781250e+00,-1.850711464881896973e+00,-4.553766014985839716e-15
0.000000000000000000e+00,-8.391287922859191895e-01,-1.663817167282104492e+00,-2.460010051727294922e+00,-3.214413881301879883e+00,-3.914854288101196289e+00,-4.550605297088623047e+00,-5.112682819366455078e+00,-5.594095706939697266e+00,-5.990047454833984375e+00,-6.298081398010253906e+00,-6.518169879913330078e+00,-6.652738571166992188e+00,-6.706634521484375000e+00,-6.687024593353271484e+00,-6.603241443634033203e+00,-6.466567516326904297e+00,-6.289968967437744141e+00,-6.087784290313720703e+00,-5.875371456146240234e+00,-5.668724536895751953e+00,-5.484071254730224609e+00,-5.337450981140136719e+00,-5.244296550750732422e+00,-5.219017028808593750e+00,-5.274600028991699219e+00,-5.422238826751708984e+00,-5.670996189117431641e+00,-6.027508735656738281e+00,-6.495743274688720703e+00,-7.076812744140625000e+00,-7.768850326538085938e+00,-8.566951751708984375e+00,-9.463184356689453125e+00,-1.044666957855224609e+01,-1.150372219085693359e+01,-1.261807250976562500e+01,-1.377113533020019531e+01,-1.494233989715576172e+01,-1.610951995849609375e+01,-1.724932670593261719e+01,-1.833769798278808594e+01,-1.935033035278320312e+01,-2.026318931579589844e+01,-2.105299377441406250e+01,-2.169772338867187500e+01,-2.217708587646484375e+01,-2.247296905517578125e+01,-2.256984710693359375e+01,-2.245515251159667969e+01,-2.211957550048828125e+01,-2.155731010437011719e+01,-2.076624298095703125e+01,-1.974805450439453125e+01,-1.850824737548828125e+01,-1.705611038208007812e+01,-1.540459823608398438e+01,-1.357013511657714844e+01,-1.157235908508300781e+01,-9.433790206909179688e+00,-7.179446220397949219e+00,-4.836410045623779297e+00,-2.433347225189208984e+00,-5.988371741706818505e-15
0.000000000000000000e+00,-8.166199922561645508e-01,-1.615660905838012695e+00,-2.380035877227783203e+00,-3.093630790710449219e+00,-3.741760015487670898e+00,-4.311585903167724609e+00,-4.792493820190429688e+00,-5.176410675048828125e+00,-5.458058834075927734e+00,-5.635140419006347656e+00,-5.708446025848388672e+00,-5.681883811950683594e+00,-5.562430381774902344e+00,-5.359999656677246094e+00,-5.087235927581787109e+00,-4.759234428405761719e+00,-4.393193721771240234e+00,-4.008009910583496094e+00,-3.623819351196289062e+00,-3.261504173278808594e+00,-2.942166328430175781e+00,-2.686587572097778320e+00,-2.514684438705444336e+00,-2.444973945617675781e+00,-2.494059085845947266e+00,-2.676150083541870117e+00,-3.002631902694702148e+00,-3.481686353683471680e+00,-4.117983341217041016e+00,-4.912442684173583984e+00,-5.862082481384277344e+00,-6.959944725036621094e+00,-8.195118904113769531e+00,-9.552847862243652344e+00,-1.101472663879394531e+01,-1.255897998809814453e+01,-1.416083049774169922e+01,-1.579293251037597656e+01,-1.742587089538574219e+01,-1.902871704101562500e+01,-2.056963157653808594e+01,-2.201649284362792969e+01,-2.333754348754882812e+01,-2.450204658508300781e+01,-2.548092842102050781e+01,-2.624739646911621094e+01,-2.677752304077148438e+01,-2.705078315734863281e+01,-2.705052375793457031e+01,-2.676435852050781250e+01,-2.618450355529785156e+01,-2.530799293518066406e+01,-2.413682556152343750e+01,-2.267800331115722656e+01,-2.094347381591796875e+01,-1.894997787475585938e+01,-1.671878623962402344e+01,-1.427536869049072266e+01,-1.164896011352539062e+01,-8.872058868408203125e+00,-5.979856491088867188e+00,-3.009615182876586914e+00,-7.407332769892010366e-15
0.000000000000000000e+00,-8.103855848312377930e-01,-1.599877834320068359e+00,-2.348184585571289062e+00,-3.036200284957885742e+00,-3.646562814712524414e+00,-4.164165973663330078e+00,-4.576614856719970703e+00,-4.874615192413330078e+00,-5.052279949188232422e+00,-5.107355117797851562e+00,-5.041349411010742188e+00,-4.859567165374755859e+00,-4.571045398712158203e+00,-4.188391208648681641e+00,-3.727524518966674805e+00,-3.207335472106933594e+00,-2.649253845214843750e+00,-2.076750755310058594e+00,-1.514776706695556641e+00,-9.891526699066162109e-01,-5.259248614311218262e-01,-1.507016569375991821e-01,1.120153218507766724e-01,2.394872605800628662e-01,2.113677859306335449e-01,1.028984691947698593e-02,-3.776038289070129395e-01,-9.622002840042114258e-01,-1.749037384986877441e+00,-2.739016532897949219e+00,-3.928214311599731445e+00,-5.307800292968750000e+00,-6.864064216613769531e+00,-8.578550338745117188e+00,-1.042830371856689453e+01,-1.238621902465820312e+01,-1.442149066925048828e+01,-1.650014686584472656e+01,-1.858567619323730469e+01,-2.063970565795898438e+01,-2.262273788452148438e+01,-2.449493980407714844e+01,-2.621693229675292969e+01,-2.775059509277343750e+01,-2.905986404418945312e+01,-3.011149215698242188e+01,-3.087576675415039062e+01,-3.132716941833496094e+01,-3.144495010375976562e+01,-3.121363067626953125e+01,-3.062339210510253906e+01,-2.967036247253417969e+01,-2.835678100585937500e+01,-2.669105720520019531e+01,-2.468768692016601562e+01,-2.236706924438476562e+01,-1.975519561767578125e+01,-1.688321495056152344e+01,-1.378692340850830078e+01,-1.050613403320312500e+01,-7.083975315093994141e+00,-3.566128253936767578e+00,-8.777703329541485661e-15
0.000000000000000000e+00,-8.283102512359619141e-01,-1.632192254066467285e+00,-2.387928962707519531e+00,-3.073207855224609375e+00,-3.667778491973876953e+00,-4.154059886932373047e+00,-4.517679214477539062e+00,-4.747930526733398438e+00,-4.838140487670898438e+00,-4.785931587219238281e+00,-4.593377113342285156e+00,-4.267039299011230469e+00,-3.817893028259277344e+00,-3.261133909225463867e+00,-2.615873813629150391e+00,-1.904730558395385742e+00,-1.153321623802185059e+00,-3.896713256835937500e-01,3.564548790454864502e-01,1.054272532463073730e+00,1.672742128372192383e+00,2.181355953216552734e+00,2.550929546356201172e+00,2.754380702972412109e+00,2.767474174499511719e+00,2.569518566131591797e+00,2.143993139266967773e+00,1.479095935821533203e+00,5.681906342506408691e-01,-5.898515582084655762e-01,-1.990429282188415527e+00,-3.623113155364990234e+00,-5.471677303314208984e+00,-7.514258861541748047e+00,-9.723649978637695312e+00,-1.206771183013916016e+01,-1.450990295410156250e+01,-1.700992012023925781e+01,-1.952443122863769531e+01,-2.200788307189941406e+01,-2.441337966918945312e+01,-2.669360733032226562e+01,-2.880177307128906250e+01,-3.069256210327148438e+01,-3.232308197021484375e+01,-3.365375900268554688e+01,-3.464918899536132812e+01,-3.527892303466796875e+01,-3.551815414428710938e+01,-3.534830093383789062e+01,-3.475747299194335938e+01,-3.374080657958984375e+01,-3.230067825317382812e+01,-3.044674873352050781e+01,-2.819589042663574219e+01,-2.557195472717285156e+01,-2.260540580749511719e+01,-1.933281517028808594e+01,-1.579624938964843750e+01,-1.204252815246582031e+01,-8.122397422790527344e+00,-4.089619159698486328e+00,-1.006683411218685376e-14
0.000000000000000000e+00,-8.777276277542114258e-01,-1.727231860160827637e+00,-2.521111965179443359e+00,-3.233591079711914062e+00,-3.841277837753295898e+00,-4.323867797851562500e+00,-4.664767265319824219e+00,-4.851624965667724609e+00,-4.876754283905029297e+00,-4.737440109252929688e+00,-4.436117649078369141e+00,-3.980417728424072266e+00,-3.383082628250122070e+00,-2.661742210388183594e+00,-1.838564991950988770e+00,-9.397863149642944336e-01,4.876780789345502853e-03,9.629086256027221680e-01,1.899762511253356934e+00,2.779694795608520508e+00,3.566646575927734375e+00,4.225151538848876953e+00,4.721252441406250000e+00,5.023396968841552734e+00,5.103302955627441406e+00,4.936761379241943359e+00,4.504364490509033203e+00,3.792136192321777344e+00,2.792054653167724609e+00,1.502447962760925293e+00,-7.174662500619888306e-02,-1.918865442276000977e+00,-4.020550727844238281e+00,-6.351933956146240234e+00,-8.881965637207031250e+00,-1.157388973236083984e+01,-1.438585186004638672e+01,-1.727163314819335938e+01,-2.018148803710937500e+01,-2.306308555603027344e+01,-2.586250495910644531e+01,-2.852530479431152344e+01,-3.099760818481445312e+01,-3.322719573974609375e+01,-3.516460037231445312e+01,-3.676412963867187500e+01,-3.798486328125000000e+01,-3.879154205322265625e+01,-3.915536499023437500e+01,-3.905466079711914062e+01,-3.847542953491210938e+01,-3.741173553466796875e+01,-3.586594009399414062e+01,-3.384876632690429688e+01,-3.137921333312988281e+01,-2.848428726196289062e+01,-2.519859123229980469e+01,-2.156374168395996094e+01,-1.762766265869140625e+01,-1.344373512268066406e+01,-9.069852828979492188e+00,-4.567372798919677734e+00,-1.124343317965769903e-14
0.000000000000000000e+00,-9.650497436523437500e-01,-1.897790312767028809e+00,-2.766846656799316406e+00,-3.542689323425292969e+00,-4.198499679565429688e+00,-4.710966110229492188e+00,-5.060996055603027344e+00,-5.234319210052490234e+00,-5.221970558166503906e+00,-5.020638942718505859e+00,-4.632875442504882812e+00,-4.067147731781005859e+00,-3.337744951248168945e+00,-2.464532136917114258e+00,-1.472554445266723633e+00,-3.915079236030578613e-01,7.449212670326232910e-01,1.899827480316162109e+00,3.033952951431274414e+00,4.106630802154541016e+00,5.076780319213867188e+00,5.903938293457031250e+00,6.549291610717773438e+00,6.976696014404296875e+00,7.153656959533691406e+00,7.052237033843994141e+00,6.649887084960937500e+00,5.930162429809570312e+00,4.883318424224853516e+00,3.506762742996215820e+00,1.805356383323669434e+00,-2.084483206272125244e-01,-2.514637231826782227e+00,-5.085833549499511719e+00,-7.887663364410400391e+00,-1.087928485870361328e+01,-1.401406860351562500e+01,-1.724041557312011719e+01,-2.050270462036132812e+01,-2.374233436584472656e+01,-2.689886093139648438e+01,-2.991118240356445312e+01,-3.271876907348632812e+01,-3.526289749145507812e+01,-3.748786544799804688e+01,-3.934215927124023438e+01,-4.077957153320312500e+01,-4.176020431518554688e+01,-4.225137710571289062e+01,-4.222836303710937500e+01,-4.167502212524414062e+01,-4.058424758911132812e+01,-3.895820617675781250e+01,-3.680844497680664062e+01,-3.415578460693359375e+01,-3.103001403808593750e+01,-2.746944618225097656e+01,-2.352025604248046875e+01,-1.923569679260253906e+01,-1.467513847351074219e+01,-9.903017044067382812e+00,-4.987652301788330078e+00,-1.227861501438675534e-14
0.000000000000000000e+00,-1.095420837402343750e+00,-2.154137134552001953e+00,-3.140490531921386719e+00,-4.020890235900878906e+00,-4.764780998229980469e+00,-5.345539093017578125e+00,-5.741267681121826172e+00,-5.935474872589111328e+00,-5.917620182037353516e+00,-5.683507442474365234e+00,-5.235519409179687500e+00,-4.582687854766845703e+00,-3.740592479705810547e+00,-2.731088638305664062e+00,-1.581877708435058594e+00,-3.259159922599792480e-01,9.993131160736083984e-01,2.352655887603759766e+00,3.690250873565673828e+00,4.966576099395751953e+00,6.135559558868408203e+00,7.151721000671386719e+00,7.971329212188720703e+00,8.553534507751464844e+00,8.861461639404296875e+00,8.863228797912597656e+00,8.532875061035156250e+00,7.851161003112792969e+00,6.806244850158691406e+00,5.394189834594726562e+00,3.619308710098266602e+00,1.494329214096069336e+00,-9.596298933029174805e-01,-3.713267564773559570e+00,-6.729496955871582031e+00,-9.964019775390625000e+00,-1.336607074737548828e+01,-1.687931823730468750e+01,-2.044290351867675781e+01,-2.399258613586425781e+01,-2.746200180053710938e+01,-3.078396224975585938e+01,-3.389182281494140625e+01,-3.672083282470703125e+01,-3.920948791503906250e+01,-4.130082702636718750e+01,-4.294365692138671875e+01,-4.409366607666015625e+01,-4.471442031860351562e+01,-4.477821731567382812e+01,-4.426675796508789062e+01,-4.317163848876953125e+01,-4.149464416503906250e+01,-3.924787139892578125e+01,-3.645359039306640625e+01,-3.314393997192382812e+01,-2.936043167114257812e+01,-2.515322303771972656e+01,-2.058024978637695312e+01,-1.570619583129882812e+01,-1.060130405426025391e+01,-5.340096950531005859e+00,-1.314687884246398472e-14
0.000000000000000000e+00,-1.272409915924072266e+00,-2.503406763076782227e+00,-3.652734756469726562e+00,-4.682426929473876953e+00,-5.557877063751220703e+00,-6.248830318450927734e+00,-6.730267524719238281e+00,-6.983160018920898438e+00,-6.995073318481445312e+00,-6.760610103607177734e+00,-6.281677722930908203e+00,-5.567569255828857422e+00,-4.634860992431640625e+00,-3.507123231887817383e+00,-2.214450359344482422e+00,-7.928211688995361328e-01,7.166965007781982422e-01,2.268882513046264648e+00,3.815417766571044922e+00,5.306031703948974609e+00,6.689720630645751953e+00,7.916001319885253906e+00,8.936182975769042969e+00,9.704614639282226562e+00,1.017988491058349609e+01,1.032595348358154297e+01,1.011316776275634766e+01,9.519159317016601562e+00,8.529587745666503906e+00,7.138713359832763672e+00,5.349788665771484375e+00,3.175249814987182617e+00,6.367087364196777344e-01,-2.235263109207153320e+00,-5.401551246643066406e+00,-8.815114021301269531e+00,-1.242178153991699219e+01,-1.616122627258300781e+01,-1.996808433532714844e+01,-2.377320098876953125e+01,-2.750498771667480469e+01,-3.109084510803222656e+01,-3.445862960815429688e+01,-3.753813934326171875e+01,-4.026258087158203125e+01,-4.256997680664062500e+01,-4.440449905395507812e+01,-4.571770477294921875e+01,-4.646959686279296875e+01,-4.662957382202148438e+01,-4.617715835571289062e+01,-4.510254669189453125e+01,-4.340694046020507812e+01,-4.110265731811523438e+01,-3.821302032470703125e+01,-3.477202987670898438e+01,-3.082380294799804688e+01,-2.642182159423828125e+01,-2.162798690795898438e+01,-1.651149940490722656e+01,-1.114757919311523438e+01,-5.616081237792968750e+00,-1.382699378306645813e-14
0.000000000000000000e+00,-1.497757315635681152e+00,-2.949092388153076172e+00,-4.308851242065429688e+00,-5.534386634826660156e+00,-6.586732864379882812e+00,-7.431693553924560547e+00,-8.040811538696289062e+00,-8.392199516296386719e+00,-8.471205711364746094e+00,-8.270907402038574219e+00,-7.792409896850585938e+00,-7.044944286346435547e+00,-6.045766830444335938e+00,-4.819854259490966797e+00,-3.399400472640991211e+00,-1.823132395744323730e+00,-1.354509592056274414e-01,1.614578485488891602e+00,3.374365329742431641e+00,5.089036464691162109e+00,6.702754497528076172e+00,8.160082817077636719e+00,9.407362937927246094e+00,1.039406967163085938e+01,1.107412910461425781e+01,1.140713691711425781e+01,1.135948371887207031e+01,1.090533351898193359e+01,1.002744007110595703e+01,8.717789649963378906e+00,6.978033542633056641e+00,4.819718837738037109e+00,2.264295816421508789e+00,-6.570948958396911621e-01,-3.904055595397949219e+00,-7.427576541900634766e+00,-1.117088031768798828e+01,-1.507045459747314453e+01,-1.905724334716796875e+01,-2.305798149108886719e+01,-2.699663543701171875e+01,-3.079593467712402344e+01,-3.437894439697265625e+01,-3.767065811157226562e+01,-4.059956359863281250e+01,-4.309916687011718750e+01,-4.510943222045898438e+01,-4.657808303833007812e+01,-4.746178817749023438e+01,-4.772716140747070312e+01,-4.735155105590820312e+01,-4.632364273071289062e+01,-4.464382553100585938e+01,-4.232431793212890625e+01,-3.938906097412109375e+01,-3.587335968017578125e+01,-3.182331466674804688e+01,-2.729501342773437500e+01,-2.235351943969726562e+01,-1.707167816162109375e+01,-1.152877235412597656e+01,-5.809020996093750000e+00,-1.430275101371551727e-14
0.000000000000000000e+00,-1.771183967590332031e+00,-3.490668296813964844e+00,-5.108129501342773438e+00,-6.575964927673339844e+00,-7.850567817687988281e+00,-8.893511772155761719e+00,-9.672601699829101562e+00,-1.016278648376464844e+01,-1.034688091278076172e+01,-1.021611404418945312e+01,-9.770457267761230469e+00,-9.018747329711914062e+00,-7.978587627410888672e+00,-6.676031112670898438e+00,-5.145051956176757812e+00,-3.426817893981933594e+00,-1.568775773048400879e+00,3.764236569404602051e-01,2.352146148681640625e+00,4.299104213714599609e+00,6.156770706176757812e+00,7.864844322204589844e+00,9.364730834960937500e+00,1.060100364685058594e+01,1.152282238006591797e+01,1.208525276184082031e+01,1.225048446655273438e+01,1.198888969421386719e+01,1.127992630004882812e+01,1.011283016204833984e+01,8.487112998962402344e+00,6.412820816040039062e+00,3.910568952560424805e+00,1.011336207389831543e+00,-2.243974447250366211e+00,-5.805202007293701172e+00,-9.613809585571289062e+00,-1.360396194458007812e+01,-1.770378112792968750e+01,-2.183674812316894531e+01,-2.592323493957519531e+01,-2.988210678100585938e+01,-3.363240051269531250e+01,-3.709500885009765625e+01,-4.019433593750000000e+01,-4.285992813110351562e+01,-4.502799606323242188e+01,-4.664280319213867188e+01,-4.765793228149414062e+01,-4.803734207153320312e+01,-4.775622940063476562e+01,-4.680168151855468750e+01,-4.517304611206054688e+01,-4.288210296630859375e+01,-3.995294952392578125e+01,-3.642163848876953125e+01,-3.233557510375976562e+01,-2.775268173217773438e+01,-2.274033355712890625e+01,-1.737410354614257812e+01,-1.173634433746337891e+01,-5.914611339569091797e+00,-1.456355076410922184e-14
0.000000000000000000e+00,-2.090276718139648438e+00,-4.123358726501464844e+00,-6.043532371520996094e+00,-7.798011779785156250e+00,-9.338312149047851562e+00,-1.062152767181396484e+01,-1.161146545410156250e+01,-1.227962875366210938e+01,-1.260600948333740234e+01,-1.257967758178710938e+01,-1.219915199279785156e+01,-1.147254371643066406e+01,-1.041746234893798828e+01,-9.060694694519042969e+00,-7.437653541564941406e+00,-5.591613292694091797e+00,-3.572749614715576172e+00,-1.436997890472412109e+00,7.552335262298583984e-01,2.940476894378662109e+00,5.053706645965576172e+00,7.029896259307861328e+00,8.805598258972167969e+00,1.032050418853759766e+01,1.151895427703857422e+01,1.235135936737060547e+01,1.277550029754638672e+01,1.275767898559570312e+01,1.227368545532226562e+01,1.130956363677978516e+01,9.862156867980957031e+00,7.939410209655761719e+00,5.560432434082031250e+00,2.755306243896484375e+00,-4.353497922420501709e-01,-3.961059570312500000e+00,-7.762396335601806641e+00,-1.177209663391113281e+01,-1.591636657714843750e+01,-2.011633682250976562e+01,-2.428966522216796875e+01,-2.835221481323242188e+01,-3.221979904174804688e+01,-3.580995941162109375e+01,-3.904370498657226562e+01,-4.184722137451171875e+01,-4.415345764160156250e+01,-4.590362930297851562e+01,-4.704850769042968750e+01,-4.754957199096679688e+01,-4.737991333007812500e+01,-4.652492141723632812e+01,-4.498270034790039062e+01,-4.276424789428710938e+01,-3.989336013793945312e+01,-3.640625000000000000e+01,-3.235094070434570312e+01,-2.778640174865722656e+01,-2.278143119812011719e+01,-1.741337013244628906e+01,-1.176661491394042969e+01,-5.930990219116210938e+00,-1.460479957457461175e-14
0.000000000000000000e+00,-2.450452327728271484e+00,-4.838067531585693359e+00,-7.101590633392333984e+00,-9.182890892028808594e+00,-1.102843284606933594e+01,-1.259064006805419922e+01,-1.382911109924316406e+01,-1.471167278289794922e+01,-1.521523952484130859e+01,-1.532644462585449219e+01,-1.504205608367919922e+01,-1.436913776397705078e+01,-1.332497310638427734e+01,-1.193673419952392578e+01,-1.024091720581054688e+01,-8.282547950744628906e+00,-6.114180088043212891e+00,-3.794700145721435547e+00,-1.387976169586181641e+00,1.038626790046691895e+00,3.415827989578247070e+00,5.674073696136474609e+00,7.745203971862792969e+00,9.564104080200195312e+00,1.107030582427978516e+01,1.220949554443359375e+01,1.293490123748779297e+01,1.320851898193359375e+01,1.300215816497802734e+01,1.229826641082763672e+01,1.109053039550781250e+01,9.384227752685546875e+00,7.196314811706542969e+00,4.555263996124267578e+00,1.500631690025329590e+00,-1.917621850967407227e+00,-5.640051364898681641e+00,-9.598868370056152344e+00,-1.371927833557128906e+01,-1.792098617553710938e+01,-2.211984062194824219e+01,-2.622958374023437500e+01,-3.016365242004394531e+01,-3.383702087402343750e+01,-3.716801452636718750e+01,-4.008008956909179688e+01,-4.250347900390625000e+01,-4.437677001953125000e+01,-4.564825057983398438e+01,-4.627711486816406250e+01,-4.623440933227539062e+01,-4.550376892089843750e+01,-4.408185195922851562e+01,-4.197856140136718750e+01,-3.921692276000976562e+01,-3.583274078369140625e+01,-3.187397193908691406e+01,-2.739981842041015625e+01,-2.247962379455566406e+01,-1.719152450561523438e+01,-1.162092208862304688e+01,-5.858816146850585938e+00,-1.442810511364557569e-14
0.000000000000000000e+00,-2.845005750656127930e+00,-5.621474266052246094e+00,-8.262544631958007812e+00,-1.070466709136962891e+01,-1.288916206359863281e+01,-1.476366615295410156e+01,-1.628343009948730469e+01,-1.741243553161621094e+01,-1.812431526184082031e+01,-1.840303421020507812e+01,-1.824334526062011719e+01,-1.765097236633300781e+01,-1.664254951477050781e+01,-1.524528884887695312e+01,-1.349640941619873047e+01,-1.144231891632080078e+01,-9.137570381164550781e+00,-6.643630981445312500e+00,-4.027472496032714844e+00,-1.360022902488708496e+00,1.285483479499816895e+00,3.835224390029907227e+00,6.216535568237304688e+00,8.359644889831542969e+00,1.019935512542724609e+01,1.167663288116455078e+01,1.274007797241210938e+01,1.334722137451171875e+01,1.346564102172851562e+01,1.307385158538818359e+01,1.216195774078369141e+01,1.073205280303955078e+01,8.798348426818847656e+00,6.387031555175781250e+00,3.535855293273925781e+00,2.934650480747222900e-01,-3.281526327133178711e+00,-7.121690273284912109e+00,-1.115214157104492188e+01,-1.529207515716552734e+01,-1.945644760131835938e+01,-2.355776786804199219e+01,-2.750794982910156250e+01,-3.122020530700683594e+01,-3.461091613769531250e+01,-3.760145568847656250e+01,-4.011991882324218750e+01,-4.210271453857421875e+01,-4.349599075317382812e+01,-4.425688552856445312e+01,-4.435449600219726562e+01,-4.377066802978515625e+01,-4.250045013427734375e+01,-4.055233764648437500e+01,-3.794816207885742188e+01,-3.472276687622070312e+01,-3.092335700988769531e+01,-2.660860252380371094e+01,-2.184750938415527344e+01,-1.671804428100585938e+01,-1.130559730529785156e+01,-5.701260089874267578e+00,-1.404126262553569496e-14
0.000000000000000000e+00,-3.265244007110595703e+00,-6.456299781799316406e+00,-9.500741004943847656e+00,-1.232962417602539062e+01,-1.487913131713867188e+01,-1.709209060668945312e+01,-1.891934585571289062e+01,-2.032094001770019531e+01,-2.126709365844726562e+01,-2.173892784118652344e+01,-2.172896194458007812e+01,-2.124131774902343750e+01,-2.029168510437011719e+01,-1.890698432922363281e+01,-1.712479782104492188e+01,-1.499252605438232422e+01,-1.256632900238037109e+01,-9.909848213195800781e+00,-7.092757701873779297e+00,-4.189163684844970703e+00,-1.275891661643981934e+00,1.569295167922973633e+00,4.269510269165039062e+00,6.750551223754882812e+00,8.942653656005859375e+00,1.078215789794921875e+01,1.221304321289062500e+01,1.318830394744873047e+01,1.367112350463867188e+01,1.363582611083984375e+01,1.306859016418457031e+01,1.196788883209228516e+01,1.034465980529785156e+01,8.222202301025390625e+00,5.635781764984130859e+00,2.631979942321777344e+00,-7.322260141372680664e-01,-4.390614986419677734e+00,-8.269090652465820312e+00,-1.228723239898681641e+01,-1.636000061035156250e+01,-2.039954948425292969e+01,-2.431712532043457031e+01,-2.802498245239257812e+01,-3.143830299377441406e+01,-3.447705459594726562e+01,-3.706776046752929688e+01,-3.914514923095703125e+01,-4.065360641479492188e+01,-4.154844665527343750e+01,-4.179696273803710938e+01,-4.137919998168945312e+01,-4.028846359252929688e+01,-3.853157424926757812e+01,-3.612878417968750000e+01,-3.311344528198242188e+01,-2.953137969970703125e+01,-2.543998336791992188e+01,-2.090707969665527344e+01,-1.600955390930175781e+01,-1.083178234100341797e+01,-5.463911056518554688e+00,-1.345800844355059256e-14
0.000000000000000000e+00,-3.700700044631958008e+00,-7.321730613708496094e+00,-1.078526020050048828e+01,-1.401709651947021484e+01,-1.694839859008789062e+01,-1.951726531982421875e+01,-2.167018127441406250e+01,-2.336324691772460938e+01,-2.456321334838867188e+01,-2.524825286865234375e+01,-2.540848731994628906e+01,-2.504623222351074219e+01,-2.417596054077148438e+01,-2.282399177551269531e+01,-2.102791595458984375e+01,-1.883573722839355469e+01,-1.630480575561523438e+01,-1.350050354003906250e+01,-1.049476432800292969e+01,-7.364431381225585938e+00,-4.189496994018554688e+00,-1.051266670227050781e+00,1.969513654708862305e+00,4.794524192810058594e+00,7.349689960479736328e+00,9.566909790039062500e+00,1.138565540313720703e+01,1.275440788269042969e+01,1.363189411163330078e+01,1.398809814453125000e+01,1.380501937866210938e+01,1.307716941833496094e+01,1.181178092956542969e+01,1.002873897552490234e+01,7.760224342346191406e+00,5.050077915191650391e+00,1.952904820442199707e+00,-1.467071056365966797e+00,-5.137368202209472656e+00,-8.978802680969238281e+00,-1.290719795227050781e+01,-1.683521270751953125e+01,-2.067425346374511719e+01,-2.433641433715820312e+01,-2.773641586303710938e+01,-3.079349708557128906e+01,-3.343321609497070312e+01,-3.558909988403320312e+01,-3.720417022705078125e+01,-3.823221206665039062e+01,-3.863886642456054688e+01,-3.840240859985351562e+01,-3.751432418823242188e+01,-3.597952651977539062e+01,-3.381634521484375000e+01,-3.105617523193359375e+01,-2.774287414550781250e+01,-2.393186950683593750e+01,-1.968902778625488281e+01,-1.508928012847900391e+01,-1.021506309509277344e+01,-5.154591083526611328e+00,-1.269758122702125541e-14
0.000000000000000000e+00,-4.139423370361328125e+00,-8.193998336791992188e+00,-1.208078193664550781e+01,-1.572060203552246094e+01,-1.903983306884765625e+01,-2.197205352783203125e+01,-2.445952987670898438e+01,-2.645452117919921875e+01,-2.792034339904785156e+01,-2.883219528198242188e+01,-2.917771148681640625e+01,-2.895722961425781250e+01,-2.818379211425781250e+01,-2.688283157348632812e+01,-2.509159851074218750e+01,-2.285831832885742188e+01,-2.024109268188476562e+01,-1.730658340454101562e+01,-1.412850475311279297e+01,-1.078594112396240234e+01,-7.361563205718994141e+00,-3.939744234085083008e+00,-6.046443581581115723e-01,2.561705350875854492e+00,5.481273174285888672e+00,8.081807136535644531e+00,1.029849147796630859e+01,1.207543373107910156e+01,1.336695766448974609e+01,1.413866329193115234e+01,1.436823844909667969e+01,1.404600048065185547e+01,1.317515182495117188e+01,1.177174949645996094e+01,9.864381790161132812e+00,7.493569850921630859e+00,4.710893154144287109e+00,1.577867984771728516e+00,-1.835396766662597656e+00,-5.451743602752685547e+00,-9.188667297363281250e+00,-1.296014404296875000e+01,-1.667853927612304688e+01,-2.025655555725097656e+01,-2.360918617248535156e+01,-2.665560531616210938e+01,-2.932099342346191406e+01,-3.153820610046386719e+01,-3.324930191040039062e+01,-3.440685272216796875e+01,-3.497503662109375000e+01,-3.493045043945312500e+01,-3.426269912719726562e+01,-3.297463607788085938e+01,-3.108237457275390625e+01,-2.861494827270507812e+01,-2.561373901367187500e+01,-2.213159561157226562e+01,-1.823171043395996094e+01,-1.398628139495849609e+01,-9.474950790405273438e+00,-4.783098220825195312e+00,-1.178407228703349033e-14
0.000000000000000000e+00,-4.568334579467773438e+00,-9.047085762023925781e+00,-1.334863185882568359e+01,-1.738922691345214844e+01,-2.109083366394042969e+01,-2.438282966613769531e+01,-2.720353889465332031e+01,-2.950157928466796875e+01,-3.123697090148925781e+01,-3.238199234008789062e+01,-3.292177200317382812e+01,-3.285457992553710938e+01,-3.219183731079101562e+01,-3.095784378051757812e+01,-2.918919372558593750e+01,-2.693393707275390625e+01,-2.425049400329589844e+01,-2.120631599426269531e+01,-1.787637138366699219e+01,-1.434144973754882812e+01,-1.068634319305419922e+01,-6.997944831848144531e+00,-3.363296747207641602e+00,1.323594152927398682e-01,3.407491922378540039e+00,6.386101245880126953e+00,8.999418258666992188e+00,1.118743801116943359e+01,1.290025329589843750e+01,1.409916687011718750e+01,1.475754642486572266e+01,1.486140823364257812e+01,1.440972042083740234e+01,1.341441249847412109e+01,1.190009212493896484e+01,9.903486251831054688e+00,7.472596168518066406e+00,4.665616512298583984e+00,1.549609780311584473e+00,-1.801005840301513672e+00,-5.306139945983886719e+00,-8.881838798522949219e+00,-1.244217967987060547e+01,-1.590121173858642578e+01,-1.917489624023437500e+01,-2.218300247192382812e+01,-2.485092163085937500e+01,-2.711135673522949219e+01,-2.890583801269531250e+01,-3.018605422973632812e+01,-3.091495323181152344e+01,-3.106758117675781250e+01,-3.063166236877441406e+01,-2.960789871215820312e+01,-2.800995445251464844e+01,-2.586418533325195312e+01,-2.320906066894531250e+01,-2.009431457519531250e+01,-1.657985877990722656e+01,-1.273446178436279297e+01,-8.634216308593750000e+00,-4.360868930816650391e+00,-1.074561497589740164e-14
0.000000000000000000e+00,-4.973637580871582031e+00,-9.853546142578125000e+00,-1.454799842834472656e+01,-1.896922492980957031e+01,-2.303528404235839844e+01,-2.667180252075195312e+01,-2.981355476379394531e+01,-3.240583801269531250e+01,-3.440560531616210938e+01,-3.578237533569335938e+01,-3.651882171630859375e+01,-3.661111068725585938e+01,-3.606892776489257812e+01,-3.491522216796875000e+01,-3.318562316894531250e+01,-3.092764282226562500e+01,-2.819956016540527344e+01,-2.506911659240722656e+01,-2.161197471618652344e+01,-1.791003417968750000e+01,-1.404959964752197266e+01,-1.011945819854736328e+01,-6.208918094635009766e+00,-2.405835151672363281e+00,1.205321907997131348e+00,4.545320034027099609e+00,7.541892051696777344e+00,1.013130283355712891e+01,1.225972175598144531e+01,1.388437080383300781e+01,1.497441959381103516e+01,1.551161098480224609e+01,1.549060630798339844e+01,1.491903686523437500e+01,1.381726837158203125e+01,1.221787548065185547e+01,1.016484928131103516e+01,7.712547779083251953e+00,4.924415588378906250e+00,1.871505737304687500e+00,-1.369167685508728027e+00,-4.716407299041748047e+00,-8.086697578430175781e+00,-1.139612102508544922e+01,-1.456227684020996094e+01,-1.750615692138671875e+01,-2.015394973754882812e+01,-2.243871498107910156e+01,-2.430190658569335938e+01,-2.569468688964843750e+01,-2.657904434204101562e+01,-2.692863464355468750e+01,-2.672937965393066406e+01,-2.597977447509765625e+01,-2.469091033935546875e+01,-2.288620567321777344e+01,-2.060087776184082031e+01,-1.788112068176269531e+01,-1.478304672241210938e+01,-1.137140941619873047e+01,-7.718116760253906250e+00,-3.900590658187866211e+00,-9.613413140356890513e-15
0.000000000000000000e+00,-5.341269016265869141e+00,-1.058539676666259766e+01,-1.563726997375488281e+01,-2.040578079223632812e+01,-2.480572319030761719e+01,-2.875956344604492188e+01,-3.219903564453125000e+01,-3.506653976440429688e+01,-3.731631851196289062e+01,-3.891535186767578125e+01,-3.984401702880859375e+01,-4.009640502929687500e+01,-3.968040466308593750e+01,-3.861742019653320312e+01,-3.694187164306640625e+01,-3.470034408569335938e+01,-3.195053863525390625e+01,-2.875995635986328125e+01,-2.520437431335449219e+01,-2.136616325378417969e+01,-1.733246421813964844e+01,-1.319326782226562500e+01,-9.039452552795410156e+00,-4.960794925689697266e+00,-1.044038534164428711e+00,2.628977775573730469e+00,5.983062744140625000e+00,8.951261520385742188e+00,1.147625637054443359e+01,1.351153659820556641e+01,1.502233600616455078e+01,1.598628711700439453e+01,1.639381027221679688e+01,1.624820709228515625e+01,1.556546497344970703e+01,1.437378215789794922e+01,1.271282386779785156e+01,1.063271522521972656e+01,8.192817687988281250e+00,5.460293292999267578e+00,2.508505344390869141e+00,-5.847132802009582520e-01,-3.738882780075073242e+00,-6.872751712799072266e+00,-9.906180381774902344e+00,-1.276198577880859375e+01,-1.536771678924560547e+01,-1.765730857849121094e+01,-1.957258224487304688e+01,-2.106456375122070312e+01,-2.209457778930664062e+01,-2.263510894775390625e+01,-2.267039680480957031e+01,-2.219676208496093750e+01,-2.122265052795410156e+01,-1.976839828491210938e+01,-1.786572074890136719e+01,-1.555694293975830078e+01,-1.289398097991943359e+01,-9.937107086181640625e+00,-6.753520965576171875e+00,-3.415762662887573242e+00,-8.420673013043167288e-15
0.000000000000000000e+00,-5.657373905181884766e+00,-1.121506786346435547e+01,-1.657543563842773438e+01,-2.164485359191894531e+01,-2.633562850952148438e+01,-3.056776809692382812e+01,-3.427059936523437500e+01,-3.738417434692382812e+01,-3.986044692993164062e+01,-4.166422271728515625e+01,-4.277377319335937500e+01,-4.318124389648437500e+01,-4.289268493652343750e+01,-4.192786026000976562e+01,-4.031970596313476562e+01,-3.811355209350585938e+01,-3.536607360839843750e+01,-3.214398574829101562e+01,-2.852257347106933594e+01,-2.458400154113769531e+01,-2.041552543640136719e+01,-1.610758590698242188e+01,-1.175184631347656250e+01,-7.439235210418701172e+00,-3.258004665374755859e+00,7.081324458122253418e-01,4.381750106811523438e+00,7.693307399749755859e+00,1.058255863189697266e+01,1.299975013732910156e+01,1.490656948089599609e+01,1.627684593200683594e+01,1.709695816040039062e+01,1.736598014831542969e+01,1.709552574157714844e+01,1.630932044982910156e+01,1.504251384735107422e+01,1.334072685241699219e+01,1.125888061523437500e+01,8.859823226928710938e+00,6.212789535522460938e+00,3.391724586486816406e+00,4.735182821750640869e-01,-2.463817119598388672e+00,-5.342978477478027344e+00,-8.089173316955566406e+00,-1.063185214996337891e+01,-1.290632820129394531e+01,-1.485525321960449219e+01,-1.642990875244140625e+01,-1.759129524230957031e+01,-1.831097984313964844e+01,-1.857170295715332031e+01,-1.836771011352539062e+01,-1.770481681823730469e+01,-1.660021018981933594e+01,-1.508196163177490234e+01,-1.318830871582031250e+01,-1.096668529510498047e+01,-8.472542762756347656e+00,-5.767982006072998047e+00,-2.920229673385620117e+00,-7.201451247666485617e-15
0.000000000000000000e+00,-5.908789157867431641e+00,-1.171635913848876953e+01,-1.732351684570312500e+01,-2.263506889343261719e+01,-2.756172752380371094e+01,-3.202186965942382812e+01,-3.594315719604492188e+01,-3.926393127441406250e+01,-4.193441390991210938e+01,-4.391762924194335938e+01,-4.519007110595703125e+01,-4.574208450317382812e+01,-4.557794570922851562e+01,-4.471567535400390625e+01,-4.318652343750000000e+01,-4.103423309326171875e+01,-3.831400680541992188e+01,-3.509124755859375000e+01,-3.144009780883789062e+01,-2.744182395935058594e+01,-2.318302345275878906e+01,-1.875376510620117188e+01,-1.424566745758056641e+01,-9.749946594238281250e+00,-5.355513572692871094e+00,-1.147124171257019043e+00,2.796358108520507812e+00,6.403551578521728516e+00,9.611968040466308594e+00,1.236921596527099609e+01,1.463396835327148438e+01,1.637667846679687500e+01,1.758002471923828125e+01,1.823908996582031250e+01,1.836124610900878906e+01,1.796578407287597656e+01,1.708327293395996094e+01,1.575467109680175781e+01,1.403022480010986328e+01,1.196815299987792969e+01,9.633177757263183594e+00,7.094921112060546875e+00,4.426206111907958984e+00,1.701298832893371582e+00,-1.005855917930603027e+00,-3.623380899429321289e+00,-6.083142280578613281e+00,-8.322324752807617188e+00,-1.028486537933349609e+01,-1.192271804809570312e+01,-1.319691467285156250e+01,-1.407841110229492188e+01,-1.454867839813232422e+01,-1.460005474090576172e+01,-1.423582458496093750e+01,-1.347004318237304688e+01,-1.232709789276123047e+01,-1.084103107452392578e+01,-9.054627418518066406e+00,-7.018298149108886719e+00,-4.788782119750976562e+00,-2.427701950073242188e+00,-5.989475002120617231e-15
0.000000000000000000e+00,-6.083513259887695312e+00,-1.206538391113281250e+01,-1.784596633911132812e+01,-2.332955741882324219e+01,-2.842627334594726562e+01,-3.305379486083984375e+01,-3.713895034790039062e+01,-4.061912155151367188e+01,-4.344340515136718750e+01,-4.557356643676757812e+01,-4.698467254638671875e+01,-4.766550827026367188e+01,-4.761867523193359375e+01,-4.686039352416992188e+01,-4.542007064819335938e+01,-4.333953857421875000e+01,-4.067210006713867188e+01,-3.748129653930664062e+01,-3.383950424194335938e+01,-2.982634353637695312e+01,-2.552695083618164062e+01,-2.103017044067382812e+01,-1.642666816711425781e+01,-1.180703067779541016e+01,-7.259897232055664062e+00,-2.870147228240966797e+00,1.282808184623718262e+00,5.126595497131347656e+00,8.597276687622070312e+00,1.164054679870605469e+01,1.421270751953125000e+01,1.628139495849609375e+01,1.782604789733886719e+01,1.883811950683593750e+01,1.932100105285644531e+01,1.928970527648925781e+01,1.877028083801269531e+01,1.779899024963378906e+01,1.642127037048339844e+01,1.469049930572509766e+01,1.266660690307617188e+01,1.041454505920410156e+01,8.002666473388671875e+00,5.501056671142578125e+00,2.979832887649536133e+00,5.074779391288757324e-01,-1.850774049758911133e+00,-4.034452438354492188e+00,-5.989233970642089844e+00,-7.668166160583496094e+00,-9.032699584960937500e+00,-1.005351161956787109e+01,-1.071109199523925781e+01,-1.099609947204589844e+01,-1.090945434570312500e+01,-1.046219444274902344e+01,-9.675074577331542969e+00,-8.577937126159667969e+00,-7.208866596221923828e+00,-5.613135337829589844e+00,-3.841989517211914062e+00,-1.951281785964965820e+00,-4.816975997630956394e-15
0.000000000000000000e+00,-6.171153545379638672e+00,-1.224145126342773438e+01,-1.811198234558105469e+01,-2.368768501281738281e+01,-2.887917518615722656e+01,-3.360444641113281250e+01,-3.779042434692382812e+01,-4.137434768676757812e+01,-4.430488967895507812e+01,-4.654311370849609375e+01,-4.806310272216796875e+01,-4.885237121582031250e+01,-4.891197967529296875e+01,-4.825635910034179688e+01,-4.691291427612304688e+01,-4.492129135131835938e+01,-4.233246994018554688e+01,-3.920760345458984375e+01,-3.561663436889648438e+01,-3.163680267333984375e+01,-2.735095977783203125e+01,-2.284582519531250000e+01,-1.821016883850097656e+01,-1.353297233581542969e+01,-8.901612281799316406e+00,-4.400102138519287109e+00,-1.074310839176177979e-01,3.903970956802368164e+00,7.569602012634277344e+00,1.083406829833984375e+01,1.365204811096191406e+01,1.598902511596679688e+01,1.782177352905273438e+01,1.913858985900878906e+01,1.993926239013671875e+01,2.023479652404785156e+01,2.004689407348632812e+01,1.940718650817871094e+01,1.835628318786621094e+01,1.694261360168457031e+01,1.522111988067626953e+01,1.325182151794433594e+01,1.109828567504882812e+01,8.826040267944335938e+00,6.500969409942626953e+00,4.187724113464355469e+00,1.948190808296203613e+00,-1.599574089050292969e-01,-2.084582090377807617e+00,-3.780252218246459961e+00,-5.209238052368164062e+00,-6.342305183410644531e+00,-7.159292221069335938e+00,-7.649460792541503906e+00,-7.811606884002685547e+00,-7.653937816619873047e+00,-7.193718433380126953e+00,-6.456690311431884766e+00,-5.476287841796875000e+00,-4.292665004730224609e+00,-2.951556921005249023e+00,-1.503009438514709473e+00,-3.713577093945354124e-15
0.000000000000000000e+00,-6.163326263427734375e+00,-1.222786331176757812e+01,-1.809669685363769531e+01,-2.367662811279296875e+01,-2.887992858886718750e+01,-3.362599182128906250e+01,-3.784283065795898438e+01,-4.146841049194335938e+01,-4.445175552368164062e+01,-4.675384140014648438e+01,-4.834825134277343750e+01,-4.922156906127929688e+01,-4.937349319458007812e+01,-4.881671142578125000e+01,-4.757649230957031250e+01,-4.569004440307617188e+01,-4.320563888549804688e+01,-4.018148803710937500e+01,-3.668447494506835938e+01,-3.278870391845703125e+01,-2.857389640808105469e+01,-2.412373924255371094e+01,-1.952413177490234375e+01,-1.486143493652343750e+01,-1.022072887420654297e+01,-5.684121131896972656e+00,-1.329146623611450195e+00,2.772710561752319336e+00,6.557344436645507812e+00,9.969175338745117188e+00,1.296209335327148438e+01,1.550018692016601562e+01,1.755822944641113281e+01,1.912193679809570312e+01,2.018796730041503906e+01,2.076369476318359375e+01,2.086673545837402344e+01,2.052426910400390625e+01,1.977214813232421875e+01,1.865383148193359375e+01,1.721917343139648438e+01,1.552308082580566406e+01,1.362408351898193359e+01,1.158284950256347656e+01,9.460675239562988281e+00,7.317995548248291016e+00,5.212931632995605469e+00,3.199933290481567383e+00,1.328521728515625000e+00,-3.578195869922637939e-01,-1.822592616081237793e+00,-3.037044525146484375e+00,-3.980725049972534180e+00,-4.641830921173095703e+00,-5.017328262329101562e+00,-5.112855911254882812e+00,-4.942407608032226562e+00,-4.527807712554931641e+00,-3.897993087768554688e+00,-3.088116645812988281e+00,-2.138498783111572266e+00,-1.093450784683227539e+00,-2.705273943973281713e-15
0.000000000000000000e+00,-6.053996562957763672e+00,-1.201259613037109375e+01,-1.778218650817871094e+01,-2.327269172668457031e+01,-2.839925003051757812e+01,-3.308377838134765625e+01,-3.725641632080078125e+01,-4.085676956176757812e+01,-4.383501052856445312e+01,-4.615269851684570312e+01,-4.778343963623046875e+01,-4.871325302124023438e+01,-4.894070053100585938e+01,-4.847678375244140625e+01,-4.734455871582031250e+01,-4.557856369018554688e+01,-4.322396087646484375e+01,-4.033554077148437500e+01,-3.697647476196289062e+01,-3.321699142456054688e+01,-2.913284683227539062e+01,-2.480376815795898438e+01,-2.031180763244628906e+01,-1.573967266082763672e+01,-1.116908550262451172e+01,-6.679173469543457031e+00,-2.344949960708618164e+00,1.764094829559326172e+00,5.585262775421142578e+00,9.063749313354492188e+00,1.215355682373046875e+01,1.481819820404052734e+01,1.703119277954101562e+01,1.877632331848144531e+01,2.004767227172851562e+01,2.084943580627441406e+01,2.119550323486328125e+01,2.110885238647460938e+01,2.062073326110839844e+01,1.976970100402832031e+01,1.860049247741699219e+01,1.716279792785644531e+01,1.550992870330810547e+01,1.369744968414306641e+01,1.178177261352539062e+01,9.818770408630371094e+00,7.862427234649658203e+00,5.963567733764648438e+00,4.168682098388671875e+00,2.518885612487792969e+00,1.049028515815734863e+00,-2.130243480205535889e-01,-1.246923565864562988e+00,-2.040169954299926758e+00,-2.588243961334228516e+00,-2.894529819488525391e+00,-2.970038652420043945e+00,-2.832937717437744141e+00,-2.507898092269897461e+00,-2.025280237197875977e+00,-1.420177340507507324e+00,-7.313379049301147461e-01,-1.813553444245975810e-15
0.000000000000000000e+00,-5.839746475219726562e+00,-1.158882904052734375e+01,-1.715825843811035156e+01,-2.246236610412597656e+01,-2.742037582397460938e+01,-3.195787429809570312e+01,-3.600817108154296875e+01,-3.951346969604492188e+01,-4.242589569091796875e+01,-4.470829391479492188e+01,-4.633483505249023438e+01,-4.729136276245117188e+01,-4.757555770874023438e+01,-4.719681549072265625e+01,-4.617593765258789062e+01,-4.454455566406250000e+01,-4.234439468383789062e+01,-3.962631225585937500e+01,-3.644917678833007812e+01,-3.287860107421875000e+01,-2.898555755615234375e+01,-2.484490585327148438e+01,-2.053386878967285156e+01,-1.613047409057617188e+01,-1.171202278137207031e+01,-7.353579521179199219e+00,-3.126553058624267578e+00,9.026296734809875488e-01,4.673716545104980469e+00,8.133672714233398438e+00,1.123754787445068359e+01,1.394915294647216797e+01,1.624153900146484375e+01,1.809726524353027344e+01,1.950845146179199219e+01,2.047662734985351562e+01,2.101238250732421875e+01,2.113480567932128906e+01,2.087077331542968750e+01,2.025406646728515625e+01,1.932434463500976562e+01,1.812603569030761719e+01,1.670711898803710938e+01,1.511786365509033203e+01,1.340955352783203125e+01,1.163320350646972656e+01,9.838319778442382812e+00,8.071733474731445312e+00,6.376511096954345703e+00,4.790992736816406250e+00,3.347967386245727539e+00,2.073999643325805664e+00,9.889323711395263672e-01,1.055670306086540222e-01,-5.704683065414428711e-01,-1.040663480758666992e+00,-1.313385963439941406e+00,-1.403462767601013184e+00,-1.331598639488220215e+00,-1.123641848564147949e+00,-8.097220063209533691e-01,-4.232774674892425537e-01,-1.054675239218929965e-15
0.000000000000000000e+00,-5.519961833953857422e+00,-1.095531845092773438e+01,-1.622301292419433594e+01,-2.124304771423339844e+01,-2.593994140625000000e+01,-3.024409484863281250e+01,-3.409302902221679688e+01,-3.743248367309570312e+01,-4.021736145019531250e+01,-4.241248321533203125e+01,-4.399312973022460938e+01,-4.494539642333984375e+01,-4.526632690429687500e+01,-4.496384048461914062e+01,-4.405641555786132812e+01,-4.257262039184570312e+01,-4.055039978027343750e+01,-3.803623199462890625e+01,-3.508408355712890625e+01,-3.175426673889160156e+01,-2.811217117309570312e+01,-2.422690963745117188e+01,-2.016992378234863281e+01,-1.601355552673339844e+01,-1.182963943481445312e+01,-7.688111305236816406e+00,-3.655701875686645508e+00,2.052872329950332642e-01,3.838089704513549805e+00,7.192441463470458984e+00,1.022538852691650391e+01,1.290192699432373047e+01,1.519545745849609375e+01,1.708804512023925781e+01,1.857049751281738281e+01,1.964224243164062500e+01,2.031102180480957031e+01,2.059241294860839844e+01,2.050919342041015625e+01,2.009054183959960938e+01,1.937114524841308594e+01,1.839017486572265625e+01,1.719021034240722656e+01,1.581609344482421875e+01,1.431377601623535156e+01,1.272915935516357422e+01,1.110697650909423828e+01,9.489724159240722656e+00,7.916677951812744141e+00,6.423017024993896484e+00,5.039065837860107422e+00,3.789680242538452148e+00,2.693786859512329102e+00,1.764083385467529297e+00,1.006908178329467773e+00,4.222792685031890869e-01,4.099052399396896362e-03,-2.594801187515258789e-01,-3.855416476726531982e-01,-3.957548141479492188e-01,-3.156071007251739502e-01,-1.735384315252304077e-01,-4.391487313665242993e-16
0.000000000000000000e+00,-5.096922874450683594e+00,-1.011658000946044922e+01,-1.498310470581054688e+01,-1.962339782714843750e+01,-2.396844863891601562e+01,-2.795455932617187500e+01,-3.152448081970214844e+01,-3.462840652465820312e+01,-3.722481918334960938e+01,-3.928117752075195312e+01,-4.077443313598632812e+01,-4.169132995605468750e+01,-4.202855682373046875e+01,-4.179265213012695312e+01,-4.099978256225585938e+01,-3.967526626586914062e+01,-3.785298919677734375e+01,-3.557461166381835938e+01,-3.288866424560546875e+01,-2.984950065612792969e+01,-2.651617240905761719e+01,-2.295121192932128906e+01,-1.921937370300292969e+01,-1.538635253906250000e+01,-1.151751232147216797e+01,-7.676635265350341797e+00,-3.924736738204956055e+00,-3.189609646797180176e-01,3.088423013687133789e+00,6.250900745391845703e+00,9.128450393676757812e+00,1.168813133239746094e+01,1.390450286865234375e+01,1.575988292694091797e+01,1.724442100524902344e+01,1.835601425170898438e+01,1.910004997253417969e+01,1.948898696899414062e+01,1.954180526733398438e+01,1.928331184387207031e+01,1.874334144592285156e+01,1.795587158203125000e+01,1.695805168151855469e+01,1.578920078277587891e+01,1.448978233337402344e+01,1.310037326812744141e+01,1.166066646575927734e+01,1.020852184295654297e+01,8.779089927673339844e+00,7.404022693634033203e+00,6.110798835754394531e+00,4.922169685363769531e+00,3.855743885040283203e+00,2.923709392547607422e+00,2.132712364196777344e+00,1.483879804611206055e+00,9.729925394058227539e-01,5.907995104789733887e-01,3.234644532203674316e-01,1.531320810317993164e-01,5.859955400228500366e-02,1.607447490096092224e-02,2.857645642063673733e-17
0.000000000000000000e+00,-4.575804710388183594e+00,-9.082884788513183594e+00,-1.345374965667724609e+01,-1.762335014343261719e+01,-2.153024482727050781e+01,-2.511767578125000000e+01,-2.833457946777343750e+01,-3.113645935058593750e+01,-3.348613739013671875e+01,-3.535436248779296875e+01,-3.672026824951171875e+01,-3.757165145874023438e+01,-3.790508651733398438e+01,-3.772588348388671875e+01,-3.704787063598632812e+01,-3.589299774169921875e+01,-3.429080581665039062e+01,-3.227777099609375000e+01,-2.989647483825683594e+01,-2.719472122192382812e+01,-2.422452735900878906e+01,-2.104106712341308594e+01,-1.770156860351562500e+01,-1.426418209075927734e+01,-1.078686332702636719e+01,-7.326278686523437500e+00,-3.936753273010253906e+00,-6.693012714385986328e-01,2.429263830184936523e+00,5.317107200622558594e+00,7.958031654357910156e+00,1.032200050354003906e+01,1.238551902770996094e+01,1.413186931610107422e+01,1.555119228363037109e+01,1.664042091369628906e+01,1.740307235717773438e+01,1.784889221191406250e+01,1.799338340759277344e+01,1.785721778869628906e+01,1.746553993225097656e+01,1.684720420837402344e+01,1.603394508361816406e+01,1.505949974060058594e+01,1.395872116088867188e+01,1.276668262481689453e+01,1.151781177520751953e+01,1.024506664276123047e+01,8.979164123535156250e+00,7.747898578643798828e+00,6.575548648834228516e+00,5.482389926910400391e+00,4.484327793121337891e+00,3.592651128768920898e+00,2.813919544219970703e+00,2.149975776672363281e+00,1.598087549209594727e+00,1.151213884353637695e+00,7.983828186988830566e-01,5.251765847206115723e-01,3.143048584461212158e-01,1.462551057338714600e-01,3.501964546798706779e-16
0.000000000000000000e+00,-3.964576959609985352e+00,-7.870065212249755859e+00,-1.165842914581298828e+01,-1.527372074127197266e+01,-1.866306495666503906e+01,-2.177759552001953125e+01,-2.457330513000488281e+01,-2.701179122924804688e+01,-2.906091499328613281e+01,-3.069530487060546875e+01,-3.189675712585449219e+01,-3.265447998046875000e+01,-3.296519470214843750e+01,-3.283309936523437500e+01,-3.226968765258789062e+01,-3.129341697692871094e+01,-2.992927551269531250e+01,-2.820819091796875000e+01,-2.616636848449707031e+01,-2.384451484680175781e+01,-2.128699493408203125e+01,-1.854092788696289062e+01,-1.565525054931640625e+01,-1.267975807189941406e+01,-9.664153099060058594e+00,-6.657104015350341797e+00,-3.705362081527709961e+00,-8.529205322265625000e-01,1.859739542007446289e+00,4.396318912506103516e+00,6.725265979766845703e+00,8.820227622985839844e+00,1.066038322448730469e+01,1.223065090179443359e+01,1.352176761627197266e+01,1.453024005889892578e+01,1.525817871093750000e+01,1.571300697326660156e+01,1.590706920623779297e+01,1.585713577270507812e+01,1.558383178710937500e+01,1.511099243164062500e+01,1.446495914459228516e+01,1.367385673522949219e+01,1.276683616638183594e+01,1.177332401275634766e+01,1.072229480743408203e+01,9.641567230224609375e+00,8.557164192199707031e+00,7.492723941802978516e+00,6.469004154205322266e+00,5.503465175628662109e+00,4.609956741333007812e+00,3.798505544662475586e+00,3.075215578079223633e+00,2.442271947860717773e+00,1.898056387901306152e+00,1.437364459037780762e+00,1.051718473434448242e+00,7.297694683074951172e-01,4.577745497226715088e-01,2.201377451419830322e-01,5.334096811709758412e-16
0.000000000000000000e+00,-3.273811340332031250e+00,-6.499129295349121094e+00,-9.628320693969726562e+00,-1.261545276641845703e+01,-1.541710567474365234e+01,-1.799312782287597656e+01,-2.030733299255371094e+01,-2.232811546325683594e+01,-2.402897453308105469e+01,-2.538894844055175781e+01,-2.639292144775390625e+01,-2.703183937072753906e+01,-2.730278778076171875e+01,-2.720896911621093750e+01,-2.675955581665039062e+01,-2.596942329406738281e+01,-2.485879516601562500e+01,-2.345277976989746094e+01,-2.178081321716308594e+01,-1.987604522705078125e+01,-1.777464294433593750e+01,-1.551506805419921875e+01,-1.313730621337890625e+01,-1.068208885192871094e+01,-8.190120697021484375e+00,-5.701310634613037109e+00,-3.254053115844726562e+00,-8.845412731170654297e-01,1.373850107192993164e+00,3.491111993789672852e+00,5.441065311431884766e+00,7.201733589172363281e+00,8.755618095397949219e+00,1.008987426757812500e+01,1.119637584686279297e+01,1.207169246673583984e+01,1.271694850921630859e+01,1.313760375976562500e+01,1.334313488006591797e+01,1.334664535522460938e+01,1.316440010070800781e+01,1.281531333923339844e+01,1.232038307189941406e+01,1.170210361480712891e+01,1.098385810852050781e+01,1.018931579589843750e+01,9.341837882995605469e+00,8.463915824890136719e+00,7.576644897460937500e+00,6.699255943298339844e+00,5.848706245422363281e+00,5.039342880249023438e+00,4.282648563385009766e+00,3.587064027786254883e+00,2.957905530929565430e+00,2.397364854812622070e+00,1.904597759246826172e+00,1.475895524024963379e+00,1.104933738708496094e+00,7.830922603607177734e-01,4.998361170291900635e-01,2.431480139493942261e-01,5.915503932474254403e-16
0.000000000000000000e+00,-2.516400337219238281e+00,-4.995702266693115234e+00,-7.401462078094482422e+00,-9.698533058166503906e+00,-1.185367870330810547e+01,-1.383615684509277344e+01,-1.561824321746826172e+01,-1.717570304870605469e+01,-1.848819541931152344e+01,-1.953959465026855469e+01,-2.031823921203613281e+01,-2.081708145141601562e+01,-2.103376388549804688e+01,-2.097059249877929688e+01,-2.063442802429199219e+01,-2.003649330139160156e+01,-1.919209480285644531e+01,-1.812027549743652344e+01,-1.684339332580566406e+01,-1.538665580749511719e+01,-1.377759170532226562e+01,-1.204549980163574219e+01,-1.022086524963378906e+01,-8.334772109985351562e+00,-6.418306827545166016e+00,-4.501984119415283203e+00,-2.615190505981445312e+00,-7.856666445732116699e-01,9.609652161598205566e-01,2.601618766784667969e+00,4.116098880767822266e+00,5.487388134002685547e+00,6.701857089996337891e+00,7.749402999877929688e+00,8.623504638671875000e+00,9.321200370788574219e+00,9.842998504638671875e+00,1.019269943237304688e+01,1.037717151641845703e+01,1.040604686737060547e+01,1.029138278961181641e+01,1.004726600646972656e+01,9.689394950866699219e+00,9.234633445739746094e+00,8.700552940368652344e+00,8.104976654052734375e+00,7.465531349182128906e+00,6.799221992492675781e+00,6.122035503387451172e+00,5.448582649230957031e+00,4.791790962219238281e+00,4.162646770477294922e+00,3.570001840591430664e+00,3.020439147949218750e+00,2.518206357955932617e+00,2.065214395523071289e+00,1.661102056503295898e+00,1.303363204002380371e+00,9.875321984291076660e-01,7.074224352836608887e-01,4.554122984409332275e-01,2.227685302495956421e-01,5.430120701775242170e-16
0.000000000000000000e+00,-1.707196235656738281e+00,-3.389307737350463867e+00,-5.021691322326660156e+00,-6.580576896667480469e+00,-8.043484687805175781e+00,-9.389613151550292969e+00,-1.060019588470458984e+01,-1.165882301330566406e+01,-1.255170345306396484e+01,-1.326789665222167969e+01,-1.379946422576904297e+01,-1.414158821105957031e+01,-1.429261016845703125e+01,-1.425401973724365234e+01,-1.403038501739501953e+01,-1.362921524047851562e+01,-1.306078243255615234e+01,-1.233788299560546875e+01,-1.147555923461914062e+01,-1.049078083038330078e+01,-9.402095794677734375e+00,-8.229253768920898438e+00,-6.992818832397460938e+00,-5.713771343231201172e+00,-4.413106441497802734e+00,-3.111448049545288086e+00,-1.828673720359802246e+00,-5.835657715797424316e-01,6.065078973770141602e-01,1.725875496864318848e+00,2.760801553726196289e+00,3.699680805206298828e+00,4.533182144165039062e+00,5.254341602325439453e+00,5.858602523803710938e+00,6.343804359436035156e+00,6.710117816925048828e+00,6.959936141967773438e+00,7.097717761993408203e+00,7.129790306091308594e+00,7.064118862152099609e+00,6.910047531127929688e+00,6.678015232086181641e+00,6.379259109497070312e+00,6.025508403778076172e+00,5.628678321838378906e+00,5.200570583343505859e+00,4.752587318420410156e+00,4.295464515686035156e+00,3.839034080505371094e+00,3.392014980316162109e+00,2.961840867996215820e+00,2.554529905319213867e+00,2.174592733383178711e+00,1.824987888336181641e+00,1.507120013236999512e+00,1.220881104469299316e+00,9.647352099418640137e-01,7.358410358428955078e-01,5.302112102508544922e-01,3.429017066955566406e-01,1.682279258966445923e-01,4.104828600303930299e-16
0.000000000000000000e+00,-8.625839352607727051e-01,-1.712518692016601562e+00,-2.537377119064331055e+00,-3.325171947479248047e+00,-4.064564704895019531e+00,-4.745062351226806641e+00,-5.357195854187011719e+00,-5.892682075500488281e+00,-6.344557285308837891e+00,-6.707291603088378906e+00,-6.976868152618408203e+00,-7.150839805603027344e+00,-7.228351116180419922e+00,-7.210134029388427734e+00,-7.098468303680419922e+00,-6.897118568420410156e+00,-6.611239910125732422e+00,-6.247262477874755859e+00,-5.812747001647949219e+00,-5.316229820251464844e+00,-4.767042160034179688e+00,-4.175126075744628906e+00,-3.550836801528930664e+00,-2.904741048812866211e+00,-2.247419834136962891e+00,-1.589269399642944336e+00,-9.403157234191894531e-01,-3.100373446941375732e-01,2.927947342395782471e-01,8.602593541145324707e-01,1.385406136512756348e+00,1.862353324890136719e+00,2.286360740661621094e+00,2.653877258300781250e+00,2.962560892105102539e+00,3.211273431777954102e+00,3.400050401687622070e+00,3.530044555664062500e+00,3.603448629379272461e+00,3.623397350311279297e+00,3.593851327896118164e+00,3.519467115402221680e+00,3.405456542968750000e+00,3.257435798645019531e+00,3.081273794174194336e+00,2.882937908172607422e+00,2.668344259262084961e+00,2.443213224411010742e+00,2.212936639785766602e+00,1.982457995414733887e+00,1.756167054176330566e+00,1.537814140319824219e+00,1.330443382263183594e+00,1.136347651481628418e+00,9.570448398590087891e-01,7.932767271995544434e-01,6.450302004814147949e-01,5.115782022476196289e-01,3.915418088436126709e-01,2.829691171646118164e-01,1.834301501512527466e-01,9.012469649314880371e-02,2.200201432415343269e-16
0.000000000000000000e+00,-2.125775294318068068e-15,-4.220398410902017478e-15,-6.253263084752234968e-15,-8.194845558975698274e-15,-1.001722085136732762e-14,-1.169454175154165804e-14,-1.320348436026309510e-14,-1.452364195976638822e-14,-1.563785789770490153e-14,-1.653249917879257708e-14,-1.719766398787601208e-14,-1.762730959190949437e-14,-1.781931671445899368e-14,-1.777546920691142757e-14,-1.750136426298225245e-14,-1.700625148245548529e-14,-1.630281264261741747e-14,-1.540686015452739227e-14,-1.433699824983890314e-14,-1.311422911047912046e-14,-1.176152088184579184e-14,-1.030334180468625224e-14,-8.765182488515172593e-15,-7.173058703274521469e-15,-5.553021794290052132e-15,-3.930674602941946691e-15,-2.330710468983272950e-15,-7.764793379127533923e-16,7.104071151973329317e-16,2.110425363247925637e-15,3.406438288589734922e-15,4.583936058017617013e-15,5.631216064332306495e-15,6.539499658068459800e-15,7.302982545955016835e-15,7.918823779486886677e-15,8.387067827893800176e-15,8.710509052868749269e-15,8.894503243737222897e-15,8.946724519001345022e-15,8.876880723269597179e-15,8.696395789901598117e-15,8.418061610466782280e-15,8.055668728379396931e-15,7.623635338467604772e-15,7.136622734015430486e-15,6.609173200177809529e-15,6.055350024978005050e-15,5.488415203271177628e-15,4.920531281146951763e-15,4.362504281429924191e-15,3.823571521926376685e-15,3.311238138065455971e-15,2.831165909824846609e-15,2.387113969424463182e-15,1.980937319018792608e-15,1.612637017399018956e-15,1.280461612188457145e-15,9.810588646192298749e-16,7.096699847749848768e-16,4.603619303766794037e-16,2.262927133835280396e-16,5.525316686294356319e-31
