0.000000000000000000e+00,0.000000000000000000e+00,0.000000000000000000e+00,0.000000000000000000e+00,0.000000000000000000e+00,0.000000000000000000e+00,0.000000000000000000e+00,0.000000000000000000e+00,0.000000000000000000e+00,0.000000000000000000e+00,0.000000000000000000e+00,0.000000000000000000e+00,0.000000000000000000e+00,0.000000000000000000e+00,0.000000000000000000e+00,0.000000000000000000e+00,0.000000000000000000e+00,0.000000000000000000e+00,0.000000000000000000e+00,0.000000000000000000e+00,0.000000000000000000e+00,0.000000000000000000e+00,0.000000000000000000e+00,0.000000000000000000e+00,0.000000000000000000e+00,0.000000000000000000e+00,0.000000000000000000e+00,0.000000000000000000e+00,0.000000000000000000e+00,0.000000000000000000e+00,0.000000000000000000e+00,0.000000000000000000e+00,0.000000000000000000e+00,0.000000000000000000e+00,0.000000000000000000e+00,0.000000000000000000e+00,0.000000000000000000e+00,0.000000000000000000e+00,0.000000000000000000e+00,0.000000000000000000e+00,0.000000000000000000e+00,0.000000000000000000e+00,0.000000000000000000e+00,0.000000000000000000e+00,0.000000000000000000e+00,0.000000000000000000e+00,0.000000000000000000e+00,0.000000000000000000e+00,0.000000000000000000e+00,0.000000000000000000e+00,0.000000000000000000e+00,0.000000000000000000e+00,0.000000000000000000e+00,0.000000000000000000e+00,0.000000000000000000e+00,0.000000000000000000e+00,0.000000000000000000e+00,0.000000000000000000e+00,0.000000000000000000e+00,0.000000000000000000e+00,0.000000000000000000e+00,0.000000000000000000e+00,0.000000000000000000e+00,0.000000000000000000e+00
0.000000000000000000e+00,-5.026644468307495117e-01,-9.898967742919921875e-01,-1.446760177612304688e+00,-1.859290242195129395e+00,-2.214938402175903320e+00,-2.502963542938232422e+00,-2.714761257171630859e+00,-2.844115495681762695e+00,-2.887367248535156250e+00,-2.843494415283203125e+00,-2.714097738265991211e+00,-2.503298521041870117e+00,-2.217549324035644531e+00,-1.865368604660034180e+00,-1.457005620002746582e+00,-1.004053592681884766e+00,-5.190228819847106934e-01,-1.489052921533584595e-02,4.953547418117523193e-01,9.991571903228759766e-01,1.484811067581176758e+00,1.941835045814514160e+00,2.361290216445922852e+00,2.736032009124755859e+00,3.060885906219482422e+00,3.332742691040039062e+00,3.550572633743286133e+00,3.715354919433593750e+00,3.829934120178222656e+00,3.898802518844604492e+00,3.927826166152954102e+00,3.923921346664428711e+00,3.894696474075317383e+00,3.848077297210693359e+00,3.791927814483642578e+00,3.733683824539184570e+00,3.680013895034790039e+00,3.636520385742187500e+00,3.607495784759521484e+00,3.595737218856811523e+00,3.602434873580932617e+00,3.627128839492797852e+00,3.667743921279907227e+00,3.720693111419677734e+00,3.781050443649291992e+00,3.842782497406005859e+00,3.899026870727539062e+00,3.942410945892333984e+00,3.965390443801879883e+00,3.960600614547729492e+00,3.921197414398193359e+00,3.841182231903076172e+00,3.715690612792968750e+00,3.541234731674194336e+00,3.315891265869140625e+00,3.039424896240234375e+00,2.713341474533081055e+00,2.340871095657348633e+00,1.926880478858947754e+00,1.477717280387878418e+00,1.000994563102722168e+00,5.053224563598632812e-01,1.244974319830290978e-15
0.000000000000000000e+00,-9.932591319084167480e-01,-1.955950856208801270e+00,-2.858491659164428711e+00,-3.673231363296508789e+00,-4.375332355499267578e+00,-4.943550109863281250e+00,-5.360883712768554688e+00,-5.615078926086425781e+00,-5.698961734771728516e+00,-5.610593795776367188e+00,-5.353246688842773438e+00,-4.935194492340087891e+00,-4.369339942932128906e+00,-3.672680616378784180e+00,-2.865645408630371094e+00,-1.971322298049926758e+00,-1.014607667922973633e+00,-2.131192386150360107e-02,9.827483892440795898e-01,1.972634673118591309e+00,2.925116062164306641e+00,3.819414615631103516e+00,4.637837886810302734e+00,5.366279125213623047e+00,5.994565963745117188e+00,6.516651630401611328e+00,6.930637359619140625e+00,7.238636493682861328e+00,7.446482658386230469e+00,7.563297748565673828e+00,7.600944042205810547e+00,7.573378086090087891e+00,7.495938777923583984e+00,7.384596824645996094e+00,7.255198955535888672e+00,7.122736930847167969e+00,7.000670909881591797e+00,6.900332450866699219e+00,6.830435752868652344e+00,6.796711444854736328e+00,6.801674842834472656e+00,6.844545841217041016e+00,6.921310424804687500e+00,7.024930477142333984e+00,7.145682334899902344e+00,7.271616935729980469e+00,7.389114856719970703e+00,7.483517169952392578e+00,7.539803504943847656e+00,7.543282508850097656e+00,7.480280399322509766e+00,7.338779926300048828e+00,7.108998298645019531e+00,6.783872127532958984e+00,6.359429359436035156e+00,5.835038185119628906e+00,5.213513374328613281e+00,4.501085281372070312e+00,3.707226753234863281e+00,2.844345808029174805e+00,1.927357912063598633e+00,9.731565713882446289e-01,2.397741056538952448e-15
0.000000000000000000e+00,-1.460556745529174805e+00,-2.875986337661743164e+00,-4.202622413635253906e+00,-5.399667263031005859e+00,-6.430499076843261719e+00,-7.263826370239257812e+00,-7.874657154083251953e+00,-8.245039939880371094e+00,-8.364560127258300781e+00,-8.230566978454589844e+00,-7.848132133483886719e+00,-7.229743003845214844e+00,-6.394737243652343750e+00,-5.368513107299804688e+00,-4.181537628173828125e+00,-2.868196487426757812e+00,-1.465528130531311035e+00,-1.189175620675086975e-02,1.454383254051208496e+00,2.896313428878784180e+00,4.279494762420654297e+00,5.573210716247558594e+00,6.751372814178466797e+00,7.793263435363769531e+00,8.684053421020507812e+00,9.415081024169921875e+00,9.983888626098632812e+00,1.039401149749755859e+01,1.065454483032226562e+01,1.077949714660644531e+01,1.078696727752685547e+01,1.069818401336669922e+01,1.053643894195556641e+01,1.032596874237060547e+01,1.009082221984863281e+01,9.853770256042480469e+00,9.635293960571289062e+00,9.452691078186035156e+00,9.319344520568847656e+00,9.244169235229492188e+00,9.231270790100097656e+00,9.279811859130859375e+00,9.384107589721679688e+00,9.533928871154785156e+00,9.715003967285156250e+00,9.909702301025390625e+00,1.009785270690917969e+01,1.025768756866455078e+01,1.036683940887451172e+01,1.040338039398193359e+01,1.034683227539062500e+01,1.017913150787353516e+01,9.885480880737304688e+00,9.455073356628417969e+00,8.881653785705566406e+00,8.163886070251464844e+00,7.305517196655273438e+00,6.315337657928466797e+00,5.206924915313720703e+00,3.998193025588989258e+00,2.710762500762939453e+00,1.369177579879760742e+00,3.373871354075464769e-15
0.000000000000000000e+00,-1.894941687583923340e+00,-3.731016874313354492e+00,-5.451279163360595703e+00,-7.002551078796386719e+00,-8.337141990661621094e+00,-9.414362907409667969e+00,-1.020180130004882812e+01,-1.067629051208496094e+01,-1.082455635070800781e+01,-1.064351654052734375e+01,-1.014021968841552734e+01,-9.331435203552246094e+00,-8.242905616760253906e+00,-6.908302783966064453e+00,-5.367915630340576172e+00,-3.667135953903198242e+00,-1.854782938957214355e+00,1.865054853260517120e-02,1.902780294418334961e+00,3.749064683914184570e+00,5.512432098388671875e+00,7.152737617492675781e+00,8.636004447937011719e+00,9.935395240783691406e+00,1.103189945220947266e+01,1.191469001770019531e+01,1.258116912841796875e+01,1.303668975830078125e+01,1.329397201538085938e+01,1.337224769592285156e+01,1.329617309570312500e+01,1.309454917907714844e+01,1.279891204833984375e+01,1.244204807281494141e+01,1.205649471282958984e+01,1.167309570312500000e+01,1.131965446472167969e+01,1.101975345611572266e+01,1.079177474975585938e+01,1.064816856384277344e+01,1.059498882293701172e+01,1.063171482086181641e+01,1.075136566162109375e+01,1.094089317321777344e+01,1.118183898925781250e+01,1.145122718811035156e+01,1.172264289855957031e+01,1.196746540069580078e+01,1.215618896484375000e+01,1.225978088378906250e+01,1.225102233886718750e+01,1.210577392578125000e+01,1.180410099029541016e+01,1.133123683929443359e+01,1.067831897735595703e+01,9.842885017395019531e+00,8.829092025756835938e+00,7.647672176361083984e+00,6.315604686737060547e+00,4.855530738830566406e+00,3.294931411743164062e+00,1.665108442306518555e+00,4.103807290327778426e-15
0.000000000000000000e+00,-2.289040803909301758e+00,-4.506494045257568359e+00,-6.583127498626708984e+00,-8.454334259033203125e+00,-1.006223964691162109e+01,-1.135755729675292969e+01,-1.230115127563476562e+01,-1.286522388458251953e+01,-1.303410434722900391e+01,-1.280460834503173828e+01,-1.218595695495605469e+01,-1.119926643371582031e+01,-9.876624107360839844e+00,-8.259790420532226562e+00,-6.398587703704833984e+00,-4.349022865295410156e+00,-2.171229124069213867e+00,7.270257174968719482e-02,2.320916652679443359e+00,4.513929367065429688e+00,6.596632003784179688e+00,8.520087242126464844e+00,1.024304866790771484e+01,1.173316192626953125e+01,1.296780014038085938e+01,1.393450355529785156e+01,1.463102531433105469e+01,1.506498336791992188e+01,1.525313186645507812e+01,1.522030448913574219e+01,1.499805450439453125e+01,1.462308025360107422e+01,1.413546848297119141e+01,1.357685756683349609e+01,1.298858070373535156e+01,1.240986728668212891e+01,1.187617683410644531e+01,1.141773033142089844e+01,1.105828952789306641e+01,1.081424427032470703e+01,1.069402599334716797e+01,1.069787693023681641e+01,1.081797885894775391e+01,1.103892803192138672e+01,1.133853340148925781e+01,1.168890285491943359e+01,1.205777454376220703e+01,1.241001987457275391e+01,1.270927143096923828e+01,1.291959095001220703e+01,1.300712203979492188e+01,1.294164276123046875e+01,1.269796562194824219e+01,1.225711917877197266e+01,1.160726451873779297e+01,1.074431228637695312e+01,9.672208786010742188e+00,8.402884483337402344e+00,6.955867767333984375e+00,5.357575893402099609e+00,3.640321969985961914e+00,1.841070652008056641e+00,4.538642665229087811e-15
0.000000000000000000e+00,-2.638160467147827148e+00,-5.193170547485351562e+00,-7.584644317626953125e+00,-9.737623214721679688e+00,-1.158504676818847656e+01,-1.306993293762207031e+01,-1.414720439910888672e+01,-1.478507709503173828e+01,-1.496598339080810547e+01,-1.468698406219482422e+01,-1.395966815948486328e+01,-1.280953598022460938e+01,-1.127490711212158203e+01,-9.405387878417968750e+00,-7.259959697723388672e+00,-4.904767990112304688e+00,-2.410688877105712891e+00,1.492269784212112427e-01,2.702340841293334961e+00,5.178945541381835938e+00,7.514625072479248047e+00,9.652366638183593750e+00,1.154435634613037109e+01,1.315338230133056641e+01,1.445381641387939453e+01,1.543212890625000000e+01,1.608693122863769531e+01,1.642855644226074219e+01,1.647819328308105469e+01,1.626662445068359375e+01,1.583261871337890625e+01,1.522105216979980469e+01,1.448083019256591797e+01,1.366270542144775391e+01,1.281707286834716797e+01,1.199183273315429688e+01,1.123041057586669922e+01,1.057000637054443359e+01,1.004014301300048828e+01,9.661564826965332031e+00,9.445536613464355469e+00,9.393552780151367188e+00,9.497470855712890625e+00,9.740053176879882812e+00,1.009590339660644531e+01,1.053272819519042969e+01,1.101289176940917969e+01,1.149518680572509766e+01,1.193673896789550781e+01,1.229497623443603516e+01,1.252956581115722656e+01,1.260425186157226562e+01,1.248850250244140625e+01,1.215891361236572266e+01,1.160029506683349609e+01,1.080640697479248047e+01,9.780312538146972656e+00,8.534332275390625000e+00,7.089603900909423828e+00,5.475272178649902344e+00,3.727333784103393555e+00,1.887194395065307617e+00,4.654080973962113760e-15
0.000000000000000000e+00,-2.940494060516357422e+00,-5.787512302398681641e+00,-8.450720787048339844e+00,-1.084595775604248047e+01,-1.289803600311279297e+01,-1.454322433471679688e+01,-1.573131656646728516e+01,-1.642720603942871094e+01,-1.661192893981933594e+01,-1.628312492370605469e+01,-1.545490169525146484e+01,-1.415713596343994141e+01,-1.243420982360839844e+01,-1.034325218200683594e+01,-7.951951026916503906e+00,-5.336022853851318359e+00,-2.576427936553955078e+00,2.435498237609863281e-01,3.041260957717895508e+00,5.737567424774169922e+00,8.259535789489746094e+00,1.054285049438476562e+01,1.253385829925537109e+01,1.419116592407226562e+01,1.548675823211669922e+01,1.640657615661621094e+01,1.695055580139160156e+01,1.713213920593261719e+01,1.697727584838867188e+01,1.652296829223632812e+01,1.581541824340820312e+01,1.490786361694335938e+01,1.385819530487060547e+01,1.272643947601318359e+01,1.157222080230712891e+01,1.045230674743652344e+01,9.418316841125488281e+00,8.514708518981933594e+00,7.777090549468994141e+00,7.230949878692626953e+00,6.890823841094970703e+00,6.759945869445800781e+00,6.830380916595458984e+00,7.083623886108398438e+00,7.491646766662597656e+00,8.018326759338378906e+00,8.621207237243652344e+00,9.253506660461425781e+00,9.866284370422363281e+00,1.041068458557128906e+01,1.084014225006103516e+01,1.111248493194580078e+01,1.119181537628173828e+01,1.105012130737304688e+01,1.066852474212646484e+01,1.003813743591308594e+01,9.160481452941894531e+00,8.047452926635742188e+00,6.720847129821777344e+00,5.211451530456542969e+00,3.557759046554565430e+00,1.804346680641174316e+00,4.452227093400783209e-15
0.000000000000000000e+00,-3.197081804275512695e+00,-6.291616916656494141e+00,-9.184547424316406250e+00,-1.178366184234619141e+01,-1.400671100616455078e+01,-1.578415489196777344e+01,-1.706145477294921875e+01,-1.780081748962402344e+01,-1.798234558105468750e+01,-1.760452842712402344e+01,-1.668409919738769531e+01,-1.525522708892822266e+01,-1.336810398101806641e+01,-1.108698081970214844e+01,-8.487712860107421875e+00,-5.654938220977783203e+00,-2.678963899612426758e+00,3.474917709827423096e-01,3.332599639892578125e+00,6.188629150390625000e+00,8.834952354431152344e+00,1.120073032379150391e+01,1.322718906402587891e+01,1.486940383911132812e+01,1.609753036499023438e+01,1.689744377136230469e+01,1.727078247070312500e+01,1.723437690734863281e+01,1.681913757324218750e+01,1.606840705871582031e+01,1.503588676452636719e+01,1.378320503234863281e+01,1.237723922729492188e+01,1.088728713989257812e+01,9.382220268249511719e+00,7.927719116210937500e+00,6.583696842193603516e+00,5.402023315429687500e+00,4.424625873565673828e+00,3.682036876678466797e+00,3.192447185516357422e+00,2.961286067962646484e+00,2.981342792510986328e+00,3.233414649963378906e+00,3.687446355819702148e+00,4.304106712341308594e+00,5.036729812622070312e+00,5.833540916442871094e+00,6.640058517456054688e+00,7.401585102081298828e+00,8.065667152404785156e+00,8.584428787231445312e+00,8.916681289672851562e+00,9.029717445373535156e+00,8.900722503662109375e+00,8.517741203308105469e+00,7.880162239074707031e+00,6.998704910278320312e+00,5.894915580749511719e+00,4.600185871124267578e+00,3.154350042343139648e+00,1.603914499282836914e+00,3.961054710144643054e-15
0.000000000000000000e+00,-3.411530733108520508e+00,-6.712661266326904297e+00,-9.796789169311523438e+00,-1.256477165222167969e+01,-1.492830753326416016e+01,-1.681293678283691406e+01,-1.816052436828613281e+01,-1.893115806579589844e+01,-1.910438919067382812e+01,-1.867976570129394531e+01,-1.767664718627929688e+01,-1.613332748413085938e+01,-1.410547256469726562e+01,-1.166395854949951172e+01,-8.892188072204589844e+00,-5.882990360260009766e+00,-2.735216379165649414e+00,4.498337507247924805e-01,3.572021484375000000e+00,6.535882949829101562e+00,9.253913879394531250e+00,1.164950942993164062e+01,1.365944957733154297e+01,1.523585033416748047e+01,1.634749984741210938e+01,1.698056030273437500e+01,1.713859176635742188e+01,1.684194183349609375e+01,1.612649345397949219e+01,1.504186153411865234e+01,1.364911174774169922e+01,1.201807498931884766e+01,1.022440338134765625e+01,8.346456527709960938e+00,6.462162017822265625e+00,4.645965576171875000e+00,2.965990543365478516e+00,1.481516480445861816e+00,2.408745735883712769e-01,-7.201702594757080078e-01,-1.379486918449401855e+00,-1.729066371917724609e+00,-1.774918437004089355e+00,-1.536392092704772949e+00,-1.044957041740417480e+00,-3.425039649009704590e-01,5.207573771476745605e-01,1.488709092140197754e+00,2.501941204071044922e+00,3.500459194183349609e+00,4.426369190216064453e+00,5.226427078247070312e+00,5.854345321655273438e+00,6.272766113281250000e+00,6.454810142517089844e+00,6.385155200958251953e+00,6.060585975646972656e+00,5.490008831024169922e+00,4.693924427032470703e+00,3.703395605087280273e+00,2.558545351028442383e+00,1.306664109230041504e+00,3.231601159155790721e-15
0.000000000000000000e+00,-3.589518785476684570e+00,-7.061916828155517578e+00,-1.030414485931396484e+01,-1.321115207672119141e+01,-1.568951320648193359e+01,-1.766064071655273438e+01,-1.906344223022460938e+01,-1.985635757446289062e+01,-2.001866722106933594e+01,-1.955107116699218750e+01,-1.847546958923339844e+01,-1.683400535583496094e+01,-1.468737506866455078e+01,-1.211250114440917969e+01,-9.199626922607421875e+00,-6.048974514007568359e+00,-2.767075538635253906e+00,5.370792746543884277e-01,3.755931377410888672e+00,6.787138462066650391e+00,9.537114143371582031e+00,1.192419147491455078e+01,1.388129901885986328e+01,1.535806083679199219e+01,1.632223129272460938e+01,1.676044464111328125e+01,1.667824172973632812e+01,1.609939956665039062e+01,1.506457519531250000e+01,1.362935638427734375e+01,1.186178684234619141e+01,9.839466094970703125e+00,7.646360874176025391e+00,5.369429588317871094e+00,3.095223903656005859e+00,9.065777063369750977e-01,-1.120475769042968750e+00,-2.919447660446166992e+00,-4.435690879821777344e+00,-5.628173351287841797e+00,-6.470660209655761719e+00,-6.952273368835449219e+00,-7.077414512634277344e+00,-6.865065574645996094e+00,-6.347508907318115234e+00,-5.568528652191162109e+00,-4.581172943115234375e+00,-3.445186614990234375e+00,-2.224211931228637695e+00,-9.828917384147644043e-01,2.160090357065200806e-01,1.314342617988586426e+00,2.261060714721679688e+00,3.014341592788696289e+00,3.543272495269775391e+00,3.829023599624633789e+00,3.865464687347412109e+00,3.659207344055175781e+00,3.229073524475097656e+00,2.605018377304077148e+00,1.826559066772460938e+00,9.407790899276733398e-01,2.333143571124260927e-15
0.000000000000000000e+00,-3.738130569458007812e+00,-7.353434562683105469e+00,-1.072739791870117188e+01,-1.374996852874755859e+01,-1.632340431213378906e+01,-1.836566162109375000e+01,-1.981321334838867188e+01,-2.062319183349609375e+01,-2.077478027343750000e+01,-2.026980018615722656e+01,-1.913248443603515625e+01,-1.740844535827636719e+01,-1.516287517547607422e+01,-1.247805976867675781e+01,-9.450301170349121094e+00,-6.186350345611572266e+00,-2.799513101577758789e+00,5.944482088088989258e-01,3.881448268890380859e+00,6.953102111816406250e+00,9.710487365722656250e+00,1.206750774383544922e+01,1.395373535156250000e+01,1.531664180755615234e+01,1.612312698364257812e+01,1.636030960083007812e+01,1.603556251525878906e+01,1.517578315734863281e+01,1.382596206665039062e+01,1.204710483551025391e+01,9.913587570190429688e+00,7.510074138641357422e+00,4.928105831146240234e+00,2.262512445449829102e+00,-3.922274708747863770e-01,-2.945519685745239258e+00,-5.313957214355468750e+00,-7.424259185791015625e+00,-9.215746879577636719e+00,-1.064225387573242188e+01,-1.167342185974121094e+01,-1.229532814025878906e+01,-1.251044273376464844e+01,-1.233692169189453125e+01,-1.180728340148925781e+01,-1.096653270721435547e+01,-9.869822502136230469e+00,-8.579748153686523438e+00,-7.163406372070312500e+00,-5.689338207244873047e+00,-4.224487304687500000e+00,-2.831302165985107422e+00,-1.565103530883789062e+00,-4.718223512172698975e-01,4.137954115867614746e-01,1.069451570510864258e+00,1.485973954200744629e+00,1.667389988899230957e+00,1.630396962165832520e+00,1.403259277343750000e+00,1.024184226989746094e+00,5.392531752586364746e-01,1.346788950639678760e-15
0.000000000000000000e+00,-3.865082263946533203e+00,-7.602515220642089844e+00,-1.108916282653808594e+01,-1.421075057983398438e+01,-1.686588859558105469e+01,-1.896961784362792969e+01,-2.045636558532714844e+01,-2.128217315673828125e+01,-2.142616271972656250e+01,-2.089113426208496094e+01,-1.970332717895507812e+01,-1.791133308410644531e+01,-1.558419990539550781e+01,-1.280881881713867188e+01,-9.686687469482421875e+00,-6.330171585083007812e+00,-2.858402967453002930e+00,6.070169210433959961e-01,3.946362733840942383e+00,7.046011924743652344e+00,9.802396774291992188e+00,1.212553787231445312e+01,1.394203948974609375e+01,1.519742393493652344e+01,1.585775375366210938e+01,1.591046237945556641e+01,1.536438751220703125e+01,1.424902248382568359e+01,1.261300659179687500e+01,1.052194404602050781e+01,8.055634498596191406e+00,5.304822921752929688e+00,2.367621421813964844e+00,-6.542758941650390625e-01,-3.659421682357788086e+00,-6.550344944000244141e+00,-9.237037658691406250e+00,-1.164006900787353516e+01,-1.369320678710937500e+01,-1.534546184539794922e+01,-1.656248092651367188e+01,-1.732724380493164062e+01,-1.764005470275878906e+01,-1.751784896850585938e+01,-1.699283599853515625e+01,-1.611057853698730469e+01,-1.492757034301757812e+01,-1.350843429565429688e+01,-1.192286872863769531e+01,-1.024246597290039062e+01,-8.537537574768066406e+00,-6.874095439910888672e+00,-5.311089992523193359e+00,-3.898044109344482422e+00,-2.673157215118408203e+00,-1.661970853805541992e+00,-8.766314387321472168e-01,-3.157866299152374268e-01,3.489638864994049072e-02,2.016148716211318970e-01,2.207745015621185303e-01,1.368699371814727783e-01,3.580479207053260081e-16
0.000000000000000000e+00,-3.977911472320556641e+00,-7.824098110198974609e+00,-1.141151523590087891e+01,-1.462230491638183594e+01,-1.735196876525878906e+01,-1.951304626464843750e+01,-2.103816986083984375e+01,-2.188239097595214844e+01,-2.202467536926269531e+01,-2.146854782104492188e+01,-2.024181938171386719e+01,-1.839546966552734375e+01,-1.600167274475097656e+01,-1.315108394622802734e+01,-9.949480056762695312e+00,-6.513870716094970703e+00,-2.968243360519409180e+00,5.609051585197448730e-01,3.949084281921386719e+00,7.078202247619628906e+00,9.840676307678222656e+00,1.214311408996582031e+01,1.390942287445068359e+01,1.508325672149658203e+01,1.562970066070556641e+01,1.553614997863769531e+01,1.481235790252685547e+01,1.348966407775878906e+01,1.161944580078125000e+01,9.270853042602539062e+00,6.527942180633544922e+00,3.486310005187988281e+00,2.493723928928375244e-01,-3.075566530227661133e+00,-6.381298065185546875e+00,-9.564594268798828125e+00,-1.252984428405761719e+01,-1.519231224060058594e+01,-1.748088455200195312e+01,-1.934022331237792969e+01,-2.073225212097167969e+01,-2.163691520690917969e+01,-2.205221366882324219e+01,-2.199352455139160156e+01,-2.149224662780761719e+01,-2.059384155273437500e+01,-1.935536766052246094e+01,-1.784261322021484375e+01,-1.612695884704589844e+01,-1.428211307525634766e+01,-1.238084220886230469e+01,-1.049185371398925781e+01,-8.676949501037597656e+00,-6.988567829132080078e+00,-5.467818737030029297e+00,-4.143082141876220703e+00,-3.029227018356323242e+00,-2.127471685409545898e+00,-1.425890564918518066e+00,-9.005258679389953613e-01,-5.170599818229675293e-01,-2.329601645469665527e-01,-5.509421514483965870e-16
0.000000000000000000e+00,-4.083198070526123047e+00,-8.031224250793457031e+00,-1.171371650695800781e+01,-1.500975990295410156e+01,-1.781216621398925781e+01,-2.003126907348632812e+01,-2.159805488586425781e+01,-2.246656227111816406e+01,-2.261541748046875000e+01,-2.204850006103515625e+01,-2.079467391967773438e+01,-1.890662574768066406e+01,-1.645885467529296875e+01,-1.354487419128417969e+01,-1.027376937866210938e+01,-6.766190052032470703e+00,-3.149982929229736328e+00,4.444068968296051025e-01,3.888583421707153320e+00,7.060721874237060547e+00,9.849804878234863281e+00,1.215941429138183594e+01,1.391095066070556641e+01,1.504615592956542969e+01,1.552886867523193359e+01,1.534594726562500000e+01,1.450733566284179688e+01,1.304529571533203125e+01,1.101283073425292969e+01,8.481378555297851562e+00,5.537880897521972656e+00,2.281335592269897461e+00,-1.181019902229309082e+00,-4.737741470336914062e+00,-8.277276992797851562e+00,-1.169196128845214844e+01,-1.488177299499511719e+01,-1.775769233703613281e+01,-2.024455642700195312e+01,-2.228330230712890625e+01,-2.383251953125000000e+01,-2.486928749084472656e+01,-2.538923835754394531e+01,-2.540592575073242188e+01,-2.494945907592773438e+01,-2.406455802917480469e+01,-2.280806159973144531e+01,-2.124602127075195312e+01,-1.945053672790527344e+01,-1.749642562866210938e+01,-1.545790290832519531e+01,-1.340540790557861328e+01,-1.140268898010253906e+01,-9.504296302795410156e+00,-7.753561019897460938e+00,-6.181144714355468750e+00,-4.804223537445068359e+00,-3.626317262649536133e+00,-2.637773513793945312e+00,-1.816869497299194336e+00,-1.131479501724243164e+00,-5.412239432334899902e-01,-1.308852674272763597e-15
0.000000000000000000e+00,-4.185890197753906250e+00,-8.233698844909667969e+00,-1.201025199890136719e+01,-1.539200687408447266e+01,-1.826942443847656250e+01,-2.055083465576171875e+01,-2.216564178466796875e+01,-2.306677055358886719e+01,-2.323223876953125000e+01,-2.266584968566894531e+01,-2.139691352844238281e+01,-1.947909545898437500e+01,-1.698835372924804688e+01,-1.402011299133300781e+01,-1.068575000762939453e+01,-7.108528137207031250e+00,-3.419142246246337891e+00,2.489653527736663818e-01,3.764342308044433594e+00,7.002141475677490234e+00,9.848448753356933594e+00,1.220415973663330078e+01,1.398827934265136719e+01,1.514051437377929688e+01,1.562308883666992188e+01,1.542170906066894531e+01,1.454566478729248047e+01,1.302707672119140625e+01,1.091932010650634766e+01,8.294713020324707031e+00,5.241547107696533203e+00,1.860612750053405762e+00,-1.738674521446228027e+00,-5.442363262176513672e+00,-9.136130332946777344e+00,-1.270934963226318359e+01,-1.605891990661621094e+01,-1.909269714355468750e+01,-2.173242378234863281e+01,-2.391603469848632812e+01,-2.559928512573242188e+01,-2.675662612915039062e+01,-2.738133621215820312e+01,-2.748490142822265625e+01,-2.709571266174316406e+01,-2.625711059570312500e+01,-2.502492332458496094e+01,-2.346455574035644531e+01,-2.164781379699707031e+01,-1.964957237243652344e+01,-1.754442596435546875e+01,-1.540349960327148438e+01,-1.329150009155273438e+01,-1.126418304443359375e+01,-9.366304397583007812e+00,-7.630136013031005859e+00,-6.074624061584472656e+00,-4.705190181732177734e+00,-3.514189243316650391e+00,-2.481991767883300781e+00,-1.578628301620483398e+00,-7.659214138984680176e-01,-1.861596094223055657e-15
0.000000000000000000e+00,-4.288797378540039062e+00,-8.437091827392578125e+00,-1.230934524536132812e+01,-1.577977180480957031e+01,-1.873676490783691406e+01,-2.108681297302246094e+01,-2.275774765014648438e+01,-2.370122909545898438e+01,-2.389435958862304688e+01,-2.334037780761718750e+01,-2.206841659545898438e+01,-2.013233375549316406e+01,-1.760865783691406250e+01,-1.459374332427978516e+01,-1.120022773742675781e+01,-7.552937507629394531e+00,-3.784396886825561523e+00,-3.009208478033542633e-02,3.576312541961669922e+00,6.907645702362060547e+00,9.847612380981445312e+00,1.229473018646240234e+01,1.416568279266357422e+01,1.539797210693359375e+01,1.595177936553955078e+01,1.581098365783691406e+01,1.498330307006835938e+01,1.349957656860351562e+01,1.141221714019775391e+01,8.792919158935546875e+00,5.729707717895507812e+00,2.323457956314086914e+00,-1.315972805023193359e+00,-5.073851585388183594e+00,-8.834751129150390625e+00,-1.248664855957031250e+01,-1.592477798461914062e+01,-1.905511093139648438e+01,-2.179732131958007812e+01,-2.408714294433593750e+01,-2.587803459167480469e+01,-2.714212226867675781e+01,-2.787036323547363281e+01,-2.807199096679687500e+01,-2.777324676513671875e+01,-2.701547622680664062e+01,-2.585269927978515625e+01,-2.434875297546386719e+01,-2.257412719726562500e+01,-2.060266494750976562e+01,-1.850824165344238281e+01,-1.636157035827636719e+01,-1.422728157043457031e+01,-1.216137409210205078e+01,-1.020916652679443359e+01,-8.403802871704101562e+00,-6.765386581420898438e+00,-5.300766468048095703e+00,-4.003960132598876953e+00,-2.857205390930175781e+00,-1.832569599151611328e+00,-8.940404653549194336e-01,-2.177180876853984301e-15
0.000000000000000000e+00,-4.392292022705078125e+00,-8.642139434814453125e+00,-1.261208724975585938e+01,-1.617448425292968750e+01,-1.921593093872070312e+01,-2.164122581481933594e+01,-2.337663269042968750e+01,-2.437240028381347656e+01,-2.460438346862792969e+01,-2.407477760314941406e+01,-2.281188964843750000e+01,-2.086899185180664062e+01,-1.832227897644042969e+01,-1.526804924011230469e+01,-1.181916046142578125e+01,-8.100952148437500000e+00,-4.246748924255371094e+00,-3.931247591972351074e-01,3.324891567230224609e+00,6.778503894805908203e+00,9.849553108215332031e+00,1.243448448181152344e+01,1.444773197174072266e+01,1.582441425323486328e+01,1.652223968505859375e+01,1.652257347106933594e+01,1.583063411712646484e+01,1.447482299804687500e+01,1.250524425506591797e+01,9.991452217102050781e+00,7.019564628601074219e+00,3.688821077346801758e+00,1.077625826001167297e-01,-3.609841823577880859e+00,-7.349148273468017578e+00,-1.099831676483154297e+01,-1.445236015319824219e+01,-1.761662101745605469e+01,-2.040974807739257812e+01,-2.276608848571777344e+01,-2.463737106323242188e+01,-2.599370002746582031e+01,-2.682377433776855469e+01,-2.713438034057617188e+01,-2.694919967651367188e+01,-2.630696678161621094e+01,-2.525911331176757812e+01,-2.386697196960449219e+01,-2.219869613647460938e+01,-2.032601737976074219e+01,-1.832097053527832031e+01,-1.625277137756347656e+01,-1.418491458892822266e+01,-1.217267227172851562e+01,-1.026105117797851562e+01,-8.483309745788574219e+00,-6.860085964202880859e+00,-5.399158000946044922e+00,-4.095842361450195312e+00,-2.933999538421630859e+00,-1.887592077255249023e+00,-9.227143526077270508e-01,-2.248557166945551987e-15
0.000000000000000000e+00,-4.494247913360595703e+00,-8.844630241394042969e+00,-1.291226291656494141e+01,-1.656804275512695312e+01,-1.969709587097167969e+01,-2.220271682739257812e+01,-2.400964736938476562e+01,-2.506659698486328125e+01,-2.534789276123046875e+01,-2.485422515869140625e+01,-2.361245727539062500e+01,-2.167451286315917969e+01,-1.911537551879882812e+01,-1.603030967712402344e+01,-1.253136730194091797e+01,-8.743350982666015625e+00,-4.799359321594238281e+00,-8.360922932624816895e-01,3.010915994644165039e+00,6.611959934234619141e+00,9.847557067871093750e+00,1.261241054534912109e+01,1.481881141662597656e+01,1.639935684204101562e+01,1.730888938903808594e+01,1.752562522888183594e+01,1.705139923095703125e+01,1.591108512878417969e+01,1.415117359161376953e+01,1.183762931823730469e+01,9.053074836730957031e+00,5.893454074859619141e+00,2.464291095733642578e+00,-1.123298883438110352e+00,-4.756689071655273438e+00,-8.325756072998046875e+00,-1.172668075561523438e+01,-1.486539077758789062e+01,-1.766052627563476562e+01,-2.004581642150878906e+01,-2.197180557250976562e+01,-2.340686225891113281e+01,-2.433746719360351562e+01,-2.476776504516601562e+01,-2.471845817565917969e+01,-2.422505569458007812e+01,-2.333562469482421875e+01,-2.210808563232421875e+01,-2.060724639892578125e+01,-1.890165519714355469e+01,-1.706043243408203125e+01,-1.515022182464599609e+01,-1.323236846923828125e+01,-1.136047649383544922e+01,-9.578404426574707031e+00,-7.918810367584228516e+00,-6.402277469635009766e+00,-5.037062644958496094e+00,-3.819458246231079102e+00,-2.734745264053344727e+00,-1.758683085441589355e+00,-8.594586849212646484e-01,-2.094200870659743141e-15
0.000000000000000000e+00,-4.590223789215087891e+00,-9.035766601562500000e+00,-1.319688129425048828e+01,-1.694351196289062500e+01,-2.015970802307128906e+01,-2.274752616882324219e+01,-2.463030242919921875e+01,-2.575516128540039062e+01,-2.609467315673828125e+01,-2.564763450622558594e+01,-2.443890380859375000e+01,-2.251834297180175781e+01,-1.995889091491699219e+01,-1.685383605957031250e+01,-1.331342029571533203e+01,-9.460876464843750000e+00,-5.428057670593261719e+00,-1.350819110870361328e+00,2.635675191879272461e+00,6.401557445526123047e+00,9.826601028442382812e+00,1.280415725708007812e+01,1.524454593658447266e+01,1.707777786254882812e+01,1.825553512573242188e+01,1.875234031677246094e+01,1.856587791442871094e+01,1.771650314331054688e+01,1.624592971801757812e+01,1.421519279479980469e+01,1.170197296142578125e+01,8.797382354736328125e+00,5.602356910705566406e+00,2.223796129226684570e+00,-1.229400277137756348e+00,-4.650242328643798828e+00,-7.937361717224121094e+00,-1.099838733673095703e+01,-1.375286293029785156e+01,-1.613460922241210938e+01,-1.809345245361328125e+01,-1.959626197814941406e+01,-2.062729644775390625e+01,-2.118783950805664062e+01,-2.129518127441406250e+01,-2.098099899291992188e+01,-2.028921699523925781e+01,-1.927346229553222656e+01,-1.799422645568847656e+01,-1.651585769653320312e+01,-1.490352821350097656e+01,-1.322030639648437500e+01,-1.152444648742675781e+01,-9.867022514343261719e+00,-8.289994239807128906e+00,-6.824790477752685547e+00,-5.491447925567626953e+00,-4.298345565795898438e+00,-3.242530107498168945e+00,-2.310602664947509766e+00,-1.480125784873962402e+00,-7.214679121971130371e-01,-1.756381684921625927e-15
0.000000000000000000e+00,-4.673872947692871094e+00,-9.202971458435058594e+00,-1.344737052917480469e+01,-1.727667808532714844e+01,-2.057437324523925781e+01,-2.324165534973144531e+01,-2.520068168640136719e+01,-2.639703941345214844e+01,-2.680142593383789062e+01,-2.641043663024902344e+01,-2.524645042419433594e+01,-2.335663223266601562e+01,-2.081109619140625000e+01,-1.770027732849121094e+01,-1.413164138793945312e+01,-1.022584342956542969e+01,-6.112479209899902344e+00,-1.925586462020874023e+00,2.200941324234008789e+00,6.137859344482421875e+00,9.764839172363281250e+00,1.297434329986572266e+01,1.567498302459716797e+01,1.779423904418945312e+01,1.928045654296875000e+01,2.010406494140625000e+01,2.025799179077148438e+01,1.975725364685058594e+01,1.863778877258300781e+01,1.695456314086914062e+01,1.477904987335205078e+01,1.219618606567382812e+01,9.300943374633789062e+00,6.194629669189453125e+00,2.981088638305664062e+00,-2.370653152465820312e-01,-3.362034082412719727e+00,-6.304111957550048828e+00,-8.984533309936523438e+00,-1.133779239654541016e+01,-1.331336498260498047e+01,-1.487677860260009766e+01,-1.601000785827636719e+01,-1.671120834350585938e+01,-1.699380683898925781e+01,-1.688503074645996094e+01,-1.642391777038574219e+01,-1.565894699096679688e+01,-1.464536952972412109e+01,-1.344238471984863281e+01,-1.211027240753173828e+01,-1.070761775970458984e+01,-9.288742065429687500e+00,-7.901446819305419922e+00,-6.585167407989501953e+00,-5.369607925415039062e+00,-4.273904323577880859e+00,-3.306347846984863281e+00,-2.464661836624145508e+00,-1.736819505691528320e+00,-1.102344632148742676e+00,-5.340324044227600098e-01,-1.297273098609086871e-15
0.000000000000000000e+00,-4.737540721893310547e+00,-9.331074714660644531e+00,-1.364132785797119141e+01,-1.753831863403320312e+01,-2.090560531616210938e+01,-2.364404487609863281e+01,-2.567496109008789062e+01,-2.694259643554687500e+01,-2.741576385498046875e+01,-2.708866691589355469e+01,-2.598083114624023438e+01,-2.413618850708007812e+01,-2.162133216857910156e+01,-1.852302360534667969e+01,-1.494504451751708984e+01,-1.100450134277343750e+01,-6.827739715576171875e+00,-2.546000719070434570e+00,1.709013819694519043e+00,5.809514999389648438e+00,9.635778427124023438e+00,1.307993602752685547e+01,1.604926872253417969e+01,1.846890830993652344e+01,2.028384971618652344e+01,2.146021270751953125e+01,2.198573493957519531e+01,2.186949539184570312e+01,2.114087867736816406e+01,1.984786224365234375e+01,1.805468750000000000e+01,1.583901691436767578e+01,1.328871250152587891e+01,1.049835109710693359e+01,7.565620899200439453e+00,4.587734699249267578e+00,1.658004164695739746e+00,-1.137309312820434570e+00,-3.721745491027832031e+00,-6.030910015106201172e+00,-8.014176368713378906e+00,-9.635778427124023438e+00,-1.087527465820312500e+01,-1.172737216949462891e+01,-1.220116233825683594e+01,-1.231880187988281250e+01,-1.211371612548828125e+01,-1.162842559814453125e+01,-1.091209125518798828e+01,-1.001789760589599609e+01,-9.000387191772460938e+00,-7.912873744964599609e+00,-6.805037975311279297e+00,-5.720811843872070312e+00,-4.696634292602539062e+00,-3.760154485702514648e+00,-2.929425001144409180e+00,-2.212611436843872070e+00,-1.608221769332885742e+00,-1.105835437774658203e+00,-6.872830390930175781e-01,-3.282187283039093018e-01,-7.932478374113099626e-16
0.000000000000000000e+00,-4.773000240325927734e+00,-9.403772354125976562e+00,-1.375466156005859375e+01,-1.769700050354003906e+01,-2.111521148681640625e+01,-2.391046524047851562e+01,-2.600375175476074219e+01,-2.733827781677246094e+01,-2.788110160827636719e+01,-2.762397003173828125e+01,-2.658329582214355469e+01,-2.479933929443359375e+01,-2.233457756042480469e+01,-1.927136039733886719e+01,-1.570893383026123047e+01,-1.175993347167968750e+01,-7.546485424041748047e+00,-3.196061849594116211e+00,1.162771582603454590e+00,5.404557228088378906e+00,9.410954475402832031e+00,1.307440948486328125e+01,1.630137825012207031e+01,1.901497650146484375e+01,2.115699768066406250e+01,2.268922233581542969e+01,2.359399223327636719e+01,2.387406730651855469e+01,2.355175209045410156e+01,2.266737747192382812e+01,2.127718353271484375e+01,1.945072555541992188e+01,1.726788330078125000e+01,1.481562709808349609e+01,1.218464183807373047e+01,9.465956687927246094e+00,6.747706413269042969e+00,4.112139225006103516e+00,1.632980465888977051e+00,-6.267597675323486328e-01,-2.616462707519531250e+00,-4.299014091491699219e+00,-5.651333332061767578e+00,-6.664314746856689453e+00,-7.342207908630371094e+00,-7.701486110687255859e+00,-7.769264221191406250e+00,-7.581352233886718750e+00,-7.180044174194335938e+00,-6.611741065979003906e+00,-5.924523830413818359e+00,-5.165780067443847656e+00,-4.379994869232177734e+00,-3.606792211532592773e+00,-2.879316091537475586e+00,-2.223010540008544922e+00,-1.654848337173461914e+00,-1.183026790618896484e+00,-8.071413636207580566e-01,-5.188111066818237305e-01,-3.027206659317016602e-01,-1.380188614130020142e-01,-3.278681897342144904e-16
0.000000000000000000e+00,-4.772258758544921875e+00,-9.405215263366699219e+00,-1.376394557952880859e+01,-1.772212982177734375e+01,-2.116598892211914062e+01,-2.399779510498046875e+01,-2.613883399963378906e+01,-2.753172492980957031e+01,-2.814203453063964844e+01,-2.795909881591796875e+01,-2.699608993530273438e+01,-2.528926467895507812e+01,-2.289648437500000000e+01,-1.989503669738769531e+01,-1.637886047363281250e+01,-1.245523929595947266e+01,-8.241151809692382812e+00,-3.859338283538818359e+00,5.657258629798889160e-01,4.911828041076660156e+00,9.062849998474121094e+00,1.291229724884033203e+01,1.636641120910644531e+01,1.934677314758300781e+01,2.179229354858398438e+01,2.366057777404785156e+01,2.492858314514160156e+01,2.559260559082031250e+01,2.566759109497070312e+01,2.518581962585449219e+01,2.419504737854003906e+01,2.275615692138671875e+01,2.094045639038085938e+01,1.882669830322265625e+01,1.649798202514648438e+01,1.403862094879150391e+01,1.153111839294433594e+01,9.053353309631347656e+00,6.676074981689453125e+00,4.460801601409912109e+00,2.458171129226684570e+00,7.068117856979370117e-01,-7.672616839408874512e-01,-1.950711131095886230e+00,-2.842424154281616211e+00,-3.452587604522705078e+00,-3.801342725753784180e+00,-3.917098999023437500e+00,-3.834592819213867188e+00,-3.592783451080322266e+00,-3.232688426971435547e+00,-2.795257806777954102e+00,-2.319377660751342773e+00,-1.840094804763793945e+00,-1.387133359909057617e+00,-9.837648272514343262e-01,-6.460720896720886230e-01,-3.826328217983245850e-01,-1.946241557598114014e-01,-7.633372396230697632e-02,-1.604171656072139740e-02,2.777426037937402725e-03,1.580300105269487549e-17
0.000000000000000000e+00,-4.728359222412109375e+00,-9.321603775024414062e+00,-1.364876270294189453e+01,-1.758701705932617188e+01,-2.102542686462402344e+01,-2.386827850341796875e+01,-2.603789520263671875e+01,-2.747688293457031250e+01,-2.814968109130859375e+01,-2.804339981079101562e+01,-2.716793060302734375e+01,-2.555531501770019531e+01,-2.325839614868164062e+01,-2.034884071350097656e+01,-1.691456985473632812e+01,-1.305671977996826172e+01,-8.886220932006835938e+00,-4.520147323608398438e+00,-7.793242484331130981e-02,4.322391986846923828e+00,8.567819595336914062e+00,1.255372810363769531e+01,1.618686676025390625e+01,1.938788032531738281e+01,2.209327888488769531e+01,2.425683403015136719e+01,2.585032272338867188e+01,2.686365890502929688e+01,2.730438232421875000e+01,2.719658470153808594e+01,2.657929992675781250e+01,2.550444984436035156e+01,2.403442955017089844e+01,2.223943519592285156e+01,2.019464492797851562e+01,1.797736549377441406e+01,1.566423416137695312e+01,1.332860374450683594e+01,1.103818988800048828e+01,8.853059768676757812e+00,6.824025154113769531e+00,4.991486549377441406e+00,3.384756326675415039e+00,2.021858453750610352e+00,9.097973108291625977e-01,4.525651782751083374e-02,-5.843166112899780273e-01,-9.993101954460144043e-01,-1.226303577423095703e+00,-1.296264410018920898e+00,-1.242673993110656738e+00,-1.099669575691223145e+00,-9.002876281738281250e-01,-6.748848557472229004e-01,-4.498052597045898438e-01,-2.463460415601730347e-01,-8.006127923727035522e-02,3.957412391901016235e-02,1.091361120343208313e-01,1.308712959289550781e-01,1.119944229722023010e-01,6.370775401592254639e-02,1.628871886140805317e-16
0.000000000000000000e+00,-4.636111259460449219e+00,-9.142628669738769531e+00,-1.339383506774902344e+01,-1.727163505554199219e+01,-2.066905975341796875e+01,-2.349338912963867188e+01,-2.566883087158203125e+01,-2.713862800598144531e+01,-2.786655807495117188e+01,-2.783778190612792969e+01,-2.705897903442382812e+01,-2.555784797668457031e+01,-2.338191032409667969e+01,-2.059673500061035156e+01,-1.728360939025878906e+01,-1.353677368164062500e+01,-9.460280418395996094e+00,-5.164637088775634766e+00,-7.633005380630493164e-01,3.630815029144287109e+00,7.908729076385498047e+00,1.196855640411376953e+01,1.571834564208984375e+01,1.907851028442382812e+01,2.198376274108886719e+01,2.438453102111816406e+01,2.624779510498046875e+01,2.755734825134277344e+01,2.831349372863769531e+01,2.853220939636230469e+01,2.824380111694335938e+01,2.749116706848144531e+01,2.632769584655761719e+01,2.481490898132324219e+01,2.301995849609375000e+01,2.101305770874023438e+01,1.886493682861328125e+01,1.664444351196289062e+01,1.441635227203369141e+01,1.223944759368896484e+01,1.016496658325195312e+01,8.235417366027832031e+00,6.483818531036376953e+00,4.933351993560791016e+00,3.597434520721435547e+00,2.480171203613281250e+00,1.577157974243164062e+00,8.765732049942016602e-01,3.604996502399444580e-01,6.402923725545406342e-03,-2.113077640533447266e-01,-3.197125494480133057e-01,-3.458807766437530518e-01,-3.155047595500946045e-01,-2.517270147800445557e-01,-1.742078512907028198e-01,-9.846895188093185425e-02,-3.553289547562599182e-02,8.135302923619747162e-03,3.039402514696121216e-02,3.292181715369224548e-02,2.048159204423427582e-02,5.368349897654436259e-17
0.000000000000000000e+00,-4.492676734924316406e+00,-8.862636566162109375e+00,-1.299073600769042969e+01,-1.676486206054687500e+01,-2.008316421508789062e+01,-2.285696029663085938e+01,-2.501321029663085938e+01,-2.649651145935058594e+01,-2.727051734924316406e+01,-2.731876182556152344e+01,-2.664487266540527344e+01,-2.527215576171875000e+01,-2.324258613586425781e+01,-2.061524391174316406e+01,-1.746424484252929688e+01,-1.387626552581787109e+01,-9.947711944580078125e+00,-5.781677246093750000e+00,-1.484751820564270020e+00,2.836184263229370117e+00,7.077085494995117188e+00,1.113968658447265625e+01,1.493416881561279297e+01,1.838148117065429688e+01,2.141522407531738281e+01,2.398308181762695312e+01,2.604774284362792969e+01,2.758729743957519531e+01,2.859513854980468750e+01,2.907937049865722656e+01,2.906176185607910156e+01,2.857631111145019531e+01,2.766748809814453125e+01,2.638821220397949219e+01,2.479768180847167969e+01,2.295909500122070312e+01,2.093738937377929688e+01,1.879706382751464844e+01,1.660015106201171875e+01,1.440441703796386719e+01,1.226184368133544922e+01,1.021742343902587891e+01,8.308307647705078125e+00,6.563303470611572266e+00,5.002733230590820312e+00,3.638628005981445312e+00,2.475224971771240234e+00,1.509733200073242188e+00,7.333094477653503418e-01,1.321917176246643066e-01,-3.110746443271636963e-01,-6.163790225982666016e-01,-8.048177957534790039e-01,-8.975531458854675293e-01,-9.148088097572326660e-01,-8.750435709953308105e-01,-7.943335175514221191e-01,-6.859817504882812500e-01,-5.603627562522888184e-01,-4.249956011772155762e-01,-2.848290503025054932e-01,-1.427102535963058472e-01,-3.506528995593223390e-16
0.000000000000000000e+00,-4.297964572906494141e+00,-8.481407165527343750e+00,-1.243904590606689453e+01,-1.606597137451171875e+01,-1.926659202575683594e+01,-2.195727348327636719e+01,-2.406861686706542969e+01,-2.554729270935058594e+01,-2.635738182067871094e+01,-2.648117446899414062e+01,-2.591943550109863281e+01,-2.469110107421875000e+01,-2.283244132995605469e+01,-2.039573097229003906e+01,-1.744745445251464844e+01,-1.406613540649414062e+01,-1.033984375000000000e+01,-6.363484382629394531e+00,-2.235949754714965820e+00,1.942776679992675781e+00,6.074459552764892578e+00,1.006531524658203125e+01,1.382849121093750000e+01,1.728625297546386719e+01,2.037181854248046875e+01,2.303078460693359375e+01,2.522212409973144531e+01,2.691873550415039062e+01,2.810753631591796875e+01,2.878912162780761719e+01,2.897702789306640625e+01,2.869661712646484375e+01,2.798365974426269531e+01,2.688268089294433594e+01,2.544511032104492188e+01,2.372733306884765625e+01,2.178870773315429688e+01,1.968961906433105469e+01,1.748963165283203125e+01,1.524580669403076172e+01,1.301121520996093750e+01,1.083371829986572266e+01,8.755013465881347656e+00,6.809967517852783203e+00,5.026254653930664062e+00,3.424268722534179688e+00,2.017307758331298828e+00,8.119890689849853516e-01,-1.911349445581436157e-01,-9.968087077140808105e-01,-1.614197731018066406e+00,-2.055955648422241211e+00,-2.337282180786132812e+00,-2.475016117095947266e+00,-2.486807107925415039e+00,-2.390397071838378906e+00,-2.203039169311523438e+00,-1.941072821617126465e+00,-1.619660496711730957e+00,-1.252686381340026855e+00,-8.528060317039489746e-01,-4.316277801990509033e-01,-1.064256028885323356e-15
0.000000000000000000e+00,-4.054795265197753906e+00,-8.004482269287109375e+00,-1.174682807922363281e+01,-1.518526744842529297e+01,-1.823151588439941406e+01,-2.080794525146484375e+01,-2.284962272644042969e+01,-2.430598449707031250e+01,-2.514207458496093750e+01,-2.533932495117187500e+01,-2.489584732055664062e+01,-2.382626533508300781e+01,-2.216104316711425781e+01,-1.994539833068847656e+01,-1.723780250549316406e+01,-1.410812091827392578e+01,-1.063548278808593750e+01,-6.905924320220947266e+00,-3.009891986846923828e+00,9.603116512298583984e-01,4.913064956665039062e+00,8.759868621826171875e+00,1.241762447357177734e+01,1.581067180633544922e+01,1.887255477905273438e+01,2.154744338989257812e+01,2.379120063781738281e+01,2.557206916809082031e+01,2.687096977233886719e+01,2.768141746520996094e+01,2.800908660888671875e+01,2.787102699279785156e+01,2.729461479187011719e+01,2.631624412536621094e+01,2.497983360290527344e+01,2.333521270751953125e+01,2.143641853332519531e+01,1.933999633789062500e+01,1.710333061218261719e+01,1.478308200836181641e+01,1.243375015258789062e+01,1.010641670227050781e+01,7.847692012786865234e+00,5.698879241943359375e+00,3.695374965667724609e+00,1.866297483444213867e+00,2.343353331089019775e-01,-1.184194803237915039e+00,-2.379111766815185547e+00,-3.345979452133178711e+00,-4.085596084594726562e+00,-4.603397846221923828e+00,-4.908814430236816406e+00,-5.014601230621337891e+00,-4.936194419860839844e+00,-4.691100120544433594e+00,-4.298350811004638672e+00,-3.778036117553710938e+00,-3.150927066802978516e+00,-2.438186645507812500e+00,-1.661168813705444336e+00,-8.412962555885314941e-01,-2.074863743748637905e-15
0.000000000000000000e+00,-3.768816232681274414e+00,-7.442994594573974609e+00,-1.093038749694824219e+01,-1.414375782012939453e+01,-1.700305557250976562e+01,-1.943748474121093750e+01,-2.138731384277343750e+01,-2.280535697937011719e+01,-2.365810394287109375e+01,-2.392647171020507812e+01,-2.360613632202148438e+01,-2.270746994018554688e+01,-2.125506973266601562e+01,-1.928690910339355469e+01,-1.685312652587890625e+01,-1.401452255249023438e+01,-1.084077739715576172e+01,-7.408475875854492188e+00,-3.798983573913574219e+00,-9.624446183443069458e-02,3.615434408187866211e+00,7.253548145294189453e+00,1.073944950103759766e+01,1.400023555755615234e+01,1.697042465209960938e+01,1.959336853027343750e+01,2.182238769531250000e+01,2.362158584594726562e+01,2.496635627746582031e+01,2.584355354309082031e+01,2.625136375427246094e+01,2.619886970520019531e+01,2.570535278320312500e+01,2.479936027526855469e+01,2.351756477355957031e+01,2.190349006652832031e+01,2.000609970092773438e+01,1.787835121154785156e+01,1.557571220397949219e+01,1.315470886230468750e+01,1.067154407501220703e+01,8.180804252624511719e+00,5.734301567077636719e+00,3.380065679550170898e+00,1.161495923995971680e+00,-8.833029866218566895e-01,-2.722013950347900391e+00,-4.328422069549560547e+00,-5.682566642761230469e+00,-6.770739555358886719e+00,-7.585350513458251953e+00,-8.124675750732421875e+00,-8.392517089843750000e+00,-8.397784233093261719e+00,-8.154028892517089844e+00,-7.678951740264892578e+00,-6.993883132934570312e+00,-6.123278141021728516e+00,-5.094211101531982422e+00,-3.935891866683959961e+00,-2.679204940795898438e+00,-1.356265664100646973e+00,-3.344456229157927868e-15
0.000000000000000000e+00,-3.448176622390747070e+00,-6.813029766082763672e+00,-1.001332378387451172e+01,-1.297194004058837891e+01,-1.561779689788818359e+01,-1.788760566711425781e+01,-1.972741699218750000e+01,-2.109391784667968750e+01,-2.195544052124023438e+01,-2.229267501831054688e+01,-2.209903144836425781e+01,-2.138070678710937500e+01,-2.015638351440429688e+01,-1.845664215087890625e+01,-1.632305908203125000e+01,-1.380703830718994141e+01,-1.096841335296630859e+01,-7.873857021331787109e+00,-4.595141887664794922e+00,-1.207307457923889160e+00,2.213222980499267578e+00,5.590516567230224609e+00,8.850955963134765625e+00,1.192495822906494141e+01,1.474855804443359375e+01,1.726480674743652344e+01,1.942495727539062500e+01,2.118942070007324219e+01,2.252846145629882812e+01,2.342264175415039062e+01,2.386298751831054688e+01,2.385090065002441406e+01,2.339783668518066406e+01,2.252472877502441406e+01,2.126122474670410156e+01,1.964473915100097656e+01,1.771935653686523438e+01,1.553463172912597656e+01,1.314429473876953125e+01,1.060492515563964844e+01,7.974609375000000000e+00,5.311624050140380859e+00,2.673167705535888672e+00,1.141702979803085327e-01,-2.313794374465942383e+00,-4.563480377197265625e+00,-6.592807769775390625e+00,-8.365556716918945312e+00,-9.851915359497070312e+00,-1.102887248992919922e+01,-1.188046741485595703e+01,-1.239789009094238281e+01,-1.257944679260253906e+01,-1.243039703369140625e+01,-1.196267318725585938e+01,-1.119449329376220703e+01,-1.014988327026367188e+01,-8.858116149902343750e+00,-7.353080749511718750e+00,-5.672598361968994141e+00,-3.857686996459960938e+00,-1.951794266700744629e+00,-4.812165697523499222e-15
0.000000000000000000e+00,-3.102989912033081055e+00,-6.134560585021972656e+00,-9.024964332580566406e+00,-1.170775222778320312e+01,-1.412132644653320312e+01,-1.621037292480468750e+01,-1.792713737487792969e+01,-1.923252677917480469e+01,-2.009699058532714844e+01,-2.050119018554687500e+01,-2.043640136718750000e+01,-1.990468215942382812e+01,-1.891877937316894531e+01,-1.750177574157714844e+01,-1.568651294708251953e+01,-1.351476669311523438e+01,-1.103623771667480469e+01,-8.307353019714355469e+00,-5.389925479888916016e+00,-2.349691152572631836e+00,7.452239990234375000e-01,3.825883150100708008e+00,6.824120998382568359e+00,9.674092292785644531e+00,1.231375026702880859e+01,1.468622207641601562e+01,1.674105262756347656e+01,1.843528366088867188e+01,1.973435592651367188e+01,2.061279296875000000e+01,2.105469894409179688e+01,2.105400466918945312e+01,2.061450576782226562e+01,1.974967765808105469e+01,1.848226737976074219e+01,1.684369468688964844e+01,1.487325954437255859e+01,1.261719417572021484e+01,1.012756729125976562e+01,7.461073875427246094e+00,4.677749156951904297e+00,1.839616537094116211e+00,-9.906864762306213379e-01,-3.751277446746826172e+00,-6.382366180419921875e+00,-8.827527999877929688e+00,-1.103489398956298828e+01,-1.295822715759277344e+01,-1.455786418914794922e+01,-1.580151557922363281e+01,-1.666489601135253906e+01,-1.713217735290527344e+01,-1.719627189636230469e+01,-1.685891723632812500e+01,-1.613058662414550781e+01,-1.503020858764648438e+01,-1.358472919464111328e+01,-1.182849311828613281e+01,-9.802487373352050781e+00,-7.553451538085937500e+00,-5.132865428924560547e+00,-2.595851182937622070e+00,-6.399201779366467391e-15
0.000000000000000000e+00,-2.744627237319946289e+00,-5.430047035217285156e+00,-7.998300552368164062e+00,-1.039389801025390625e+01,-1.256499385833740234e+01,-1.446448993682861328e+01,-1.605104255676269531e+01,-1.728995323181152344e+01,-1.815393829345703125e+01,-1.862372398376464844e+01,-1.868851470947265625e+01,-1.834624671936035156e+01,-1.760370063781738281e+01,-1.647640228271484375e+01,-1.498834991455078125e+01,-1.317155456542968750e+01,-1.106541252136230469e+01,-8.715911865234375000e+00,-6.174682617187500000e+00,-3.497925996780395508e+00,-7.452239990234375000e-01,2.021733760833740234e+00,4.740486621856689453e+00,7.349172592163085938e+00,9.787899971008300781e+00,1.200009918212890625e+01,1.393381023406982422e+01,1.554289531707763672e+01,1.678812599182128906e+01,1.763813591003417969e+01,1.807021522521972656e+01,1.807090950012207031e+01,1.763642120361328125e+01,1.677280235290527344e+01,1.549591255187988281e+01,1.383116912841796875e+01,1.181306076049804688e+01,9.484455108642578125e+00,6.895697593688964844e+00,4.103534221649169922e+00,1.169867873191833496e+00,-1.839616537094116211e+00,-4.856930732727050781e+00,-7.813330650329589844e+00,-1.064089870452880859e+01,-1.327412223815917969e+01,-1.565142631530761719e+01,-1.771663665771484375e+01,-1.942031478881835938e+01,-2.072096443176269531e+01,-2.158603286743164062e+01,-2.199273681640625000e+01,-2.192864227294921875e+01,-2.139201164245605469e+01,-2.039189338684082031e+01,-1.894797134399414062e+01,-1.709013366699218750e+01,-1.485782814025878906e+01,-1.229916191101074219e+01,-9.469813346862792969e+00,-6.431742668151855469e+00,-3.251765727996826172e+00,-8.015364359650195558e-15
0.000000000000000000e+00,-2.384902477264404297e+00,-4.722826480865478516e+00,-6.967618465423583984e+00,-9.074761390686035156e+00,-1.100217723846435547e+01,-1.271099472045898438e+01,-1.416628742218017578e+01,-1.533776187896728516e+01,-1.620038986206054688e+01,-1.673497009277343750e+01,-1.692861175537109375e+01,-1.677512359619140625e+01,-1.627529525756835938e+01,-1.543706130981445312e+01,-1.427554035186767578e+01,-1.281293582916259766e+01,-1.107828807830810547e+01,-9.107085227966308594e+00,-6.940714359283447266e+00,-4.625771522521972656e+00,-2.213222980499267578e+00,2.425621896982192993e-01,2.684900760650634766e+00,5.055984020233154297e+00,7.298143386840820312e+00,9.355167388916015625e+00,1.117364311218261719e+01,1.270428466796875000e+01,1.390321731567382812e+01,1.473318862915039062e+01,1.516465663909912109e+01,1.517674255371093750e+01,1.475799274444580078e+01,1.390694999694824219e+01,1.263247966766357422e+01,1.095386219024658203e+01,8.900617599487304688e+00,6.512069702148437500e+00,3.836647272109985352e+00,9.309313297271728516e-01,-2.141530513763427734e+00,-5.311624050140380859e+00,-8.506246566772460938e+00,-1.165002727508544922e+01,-1.466714763641357422e+01,-1.748322105407714844e+01,-2.002716636657714844e+01,-2.223304367065429688e+01,-2.404179000854492188e+01,-2.540280723571777344e+01,-2.627536392211914062e+01,-2.662975311279296875e+01,-2.644819641113281250e+01,-2.572543334960937500e+01,-2.446900558471679688e+01,-2.269921112060546875e+01,-2.044871711730957031e+01,-1.776185798645019531e+01,-1.469362068176269531e+01,-1.130834388732910156e+01,-7.678169250488281250e+00,-3.881284713745117188e+00,-9.566563748044255161e-15
0.000000000000000000e+00,-2.035222530364990234e+00,-4.035430908203125000e+00,-5.966014862060546875e+00,-7.793183803558349609e+00,-9.484391212463378906e+00,-1.100877952575683594e+01,-1.233765029907226562e+01,-1.344494724273681641e+01,-1.430776786804199219e+01,-1.490687274932861328e+01,-1.522720909118652344e+01,-1.525840187072753906e+01,-1.499523353576660156e+01,-1.443805599212646484e+01,-1.359313869476318359e+01,-1.247292423248291016e+01,-1.109616470336914062e+01,-9.487926483154296875e+00,-7.679441452026367188e+00,-5.707794666290283203e+00,-3.615434408187866211e+00,-1.449509263038635254e+00,7.389758825302124023e-01,2.896166563034057617e+00,4.966517448425292969e+00,6.894077301025390625e+00,8.623877525329589844e+00,1.010337829589843750e+01,1.128394794464111328e+01,1.212231731414794922e+01,1.258198070526123047e+01,1.263447475433349609e+01,1.226051902770996094e+01,1.145094394683837891e+01,1.020739936828613281e+01,8.542775154113769531e+00,6.481346130371093750e+00,4.058589935302734375e+00,1.320690274238586426e+00,-1.676283717155456543e+00,-4.867505073547363281e+00,-8.180804252624511719e+00,-1.153834056854248047e+01,-1.485849094390869141e+01,-1.805789756774902344e+01,-2.105363845825195312e+01,-2.376543235778808594e+01,-2.611784362792968750e+01,-2.804239845275878906e+01,-2.947956466674804688e+01,-3.038052177429199219e+01,-3.070866775512695312e+01,-3.044082641601562500e+01,-2.956808662414550781e+01,-2.809627532958984375e+01,-2.604601287841796875e+01,-2.345238113403320312e+01,-2.036416816711425781e+01,-1.684273147583007812e+01,-1.296051025390625000e+01,-8.799220085144042969e+00,-4.447772979736328125e+00,-1.096268834445499746e-14
0.000000000000000000e+00,-1.705773591995239258e+00,-3.387974262237548828e+00,-5.023027420043945312e+00,-6.587376594543457031e+00,-8.057550430297851562e+00,-9.410290718078613281e+00,-1.062275695800781250e+01,-1.167282009124755859e+01,-1.253944873809814453e+01,-1.320317459106445312e+01,-1.364665031433105469e+01,-1.385525798797607422e+01,-1.381776142120361328e+01,-1.352697944641113281e+01,-1.298043346405029297e+01,-1.218094635009765625e+01,-1.113716030120849609e+01,-9.863930702209472656e+00,-8.382564544677734375e+00,-6.720880508422851562e+00,-4.913064956665039062e+00,-2.999300003051757812e+00,-1.025167584419250488e+00,9.591832756996154785e-01,2.900088310241699219e+00,4.741623401641845703e+00,6.427035331726074219e+00,7.900310039520263672e+00,9.107834815979003906e+00,1.000010490417480469e+01,1.053341293334960938e+01,1.067147254943847656e+01,1.038690948486328125e+01,9.662561416625976562e+00,8.492544174194335938e+00,6.883021831512451172e+00,4.852647304534912109e+00,2.432647705078125000e+00,-3.334745466709136963e-01,-3.390625000000000000e+00,-6.673181056976318359e+00,-1.010641670227050781e+01,-1.360826110839843750e+01,-1.709133529663085938e+01,-2.046523094177246094e+01,-2.363894081115722656e+01,-2.652340126037597656e+01,-2.903404045104980469e+01,-3.109326744079589844e+01,-3.263282394409179688e+01,-3.359592819213867188e+01,-3.393910217285156250e+01,-3.363368606567382812e+01,-3.266692352294921875e+01,-3.104261016845703125e+01,-2.878127861022949219e+01,-2.591988372802734375e+01,-2.251103019714355469e+01,-1.862171554565429688e+01,-1.433166885375976562e+01,-9.731287956237792969e+00,-4.919272899627685547e+00,-1.212512671511364534e-14
0.000000000000000000e+00,-1.404812932014465332e+00,-2.796756982803344727e+00,-4.162569999694824219e+00,-5.488242626190185547e+00,-6.758735179901123047e+00,-7.957804679870605469e+00,-9.067957878112792969e+00,-1.007056236267089844e+01,-1.094611167907714844e+01,-1.167465686798095703e+01,-1.223639583587646484e+01,-1.261239242553710938e+01,-1.278541469573974609e+01,-1.274084472656250000e+01,-1.246762371063232422e+01,-1.195919227600097656e+01,-1.121437168121337891e+01,-1.023813152313232422e+01,-9.042214393615722656e+00,-7.645554065704345703e+00,-6.074459552764892578e+00,-4.362537860870361328e+00,-2.550326347351074219e+00,-6.846371293067932129e-01,1.182396411895751953e+00,2.994544267654418945e+00,4.692954540252685547e+00,6.217840194702148438e+00,7.510320186614990234e+00,8.514369964599609375e+00,9.178802490234375000e+00,9.459214210510253906e+00,9.319832801818847656e+00,8.735174179077148438e+00,7.691464424133300781e+00,6.187745571136474609e+00,4.236620903015136719e+00,1.864596128463745117e+00,-8.880165815353393555e-01,-3.967642068862915039e+00,-7.308437347412109375e+00,-1.083371829986572266e+01,-1.445779037475585938e+01,-1.808813285827636719e+01,-2.162787055969238281e+01,-2.497848320007324219e+01,-2.804263496398925781e+01,-3.072706794738769531e+01,-3.294544219970703125e+01,-3.462104797363281250e+01,-3.568929290771484375e+01,-3.609987640380859375e+01,-3.581855010986328125e+01,-3.482847595214843750e+01,-3.313105010986328125e+01,-3.074617767333984375e+01,-2.771203994750976562e+01,-2.408425521850585938e+01,-1.993455505371093750e+01,-1.534892940521240234e+01,-1.042535877227783203e+01,-5.271149635314941406e+00,-1.299327619374299539e-14
0.000000000000000000e+00,-1.138131499290466309e+00,-2.273196935653686523e+00,-3.401366472244262695e+00,-4.517336845397949219e+00,-5.613721847534179688e+00,-6.680588245391845703e+00,-7.705178737640380859e+00,-8.671843528747558594e+00,-9.562202453613281250e+00,-1.035553932189941406e+01,-1.102942943572998047e+01,-1.156056404113769531e+01,-1.192576980590820312e+01,-1.210314559936523438e+01,-1.207330226898193359e+01,-1.182062053680419922e+01,-1.133448696136474609e+01,-1.061042499542236328e+01,-9.651081085205078125e+00,-8.466992378234863281e+00,-7.077085494995117188e+00,-5.508878231048583984e+00,-3.798335790634155273e+00,-1.989378094673156738e+00,-1.330246180295944214e-01,1.713804006576538086e+00,3.489805221557617188e+00,5.131092548370361328e+00,6.573216915130615234e+00,7.753348827362060547e+00,8.612539291381835938e+00,9.097990036010742188e+00,9.165232658386230469e+00,8.780142784118652344e+00,7.920706748962402344e+00,6.578452587127685547e+00,4.759496212005615234e+00,2.485134363174438477e+00,-2.080486416816711426e-01,-3.268583536148071289e+00,-6.631035327911376953e+00,-1.021742343902587891e+01,-1.393911552429199219e+01,-1.769913673400878906e+01,-2.139483642578125000e+01,-2.492082595825195312e+01,-2.817211151123046875e+01,-3.104728126525878906e+01,-3.345169830322265625e+01,-3.530054855346679688e+01,-3.652164459228515625e+01,-3.705792236328125000e+01,-3.686948394775390625e+01,-3.593516540527343750e+01,-3.425354766845703125e+01,-3.184334564208984375e+01,-2.874321365356445312e+01,-2.501090431213378906e+01,-2.072183609008789062e+01,-1.596710681915283203e+01,-1.085100460052490234e+01,-5.488097667694091797e+00,-1.352947261331043788e-14
0.000000000000000000e+00,-9.087281823158264160e-01,-1.823187589645385742e+00,-2.748000383377075195e+00,-3.685636758804321289e+00,-4.635499000549316406e+00,-5.593193054199218750e+00,-6.550029277801513672e+00,-7.492794513702392578e+00,-8.403815269470214844e+00,-9.261326789855957031e+00,-1.004012775421142578e+01,-1.071252632141113281e+01,-1.124951076507568359e+01,-1.162212562561035156e+01,-1.180297183990478516e+01,-1.176778507232666016e+01,-1.149699115753173828e+01,-1.097719860076904297e+01,-1.020251560211181641e+01,-9.175654411315917969e+00,-7.908729076385498047e+00,-6.423716545104980469e+00,-4.752529621124267578e+00,-2.936674594879150391e+00,-1.026490449905395508e+00,9.200271368026733398e-01,2.838787794113159180e+00,4.661512851715087891e+00,6.317927360534667969e+00,7.738166332244873047e+00,8.855306625366210938e+00,9.607939720153808594e+00,9.942679405212402344e+00,9.816513061523437500e+00,9.198901176452636719e+00,8.073524475097656250e+00,6.439621925354003906e+00,4.312828063964843750e+00,1.725482821464538574e+00,-1.273631453514099121e+00,-4.620127201080322266e+00,-8.235417366027832031e+00,-1.202865791320800781e+01,-1.589916896820068359e+01,-1.973926925659179688e+01,-2.343744277954101562e+01,-2.688171577453613281e+01,-2.996315574645996094e+01,-3.257936096191406250e+01,-3.463782501220703125e+01,-3.605906677246093750e+01,-3.677939605712890625e+01,-3.675322723388671875e+01,-3.595486831665039062e+01,-3.437969589233398438e+01,-3.204465103149414062e+01,-2.898811340332031250e+01,-2.526902580261230469e+01,-2.096540832519531250e+01,-1.617222976684570312e+01,-1.099873828887939453e+01,-5.565320968627929688e+00,-1.372189393497114454e-14
0.000000000000000000e+00,-7.167261838912963867e-01,-1.446933150291442871e+00,-2.202674150466918945e+00,-2.993225812911987305e+00,-3.823891162872314453e+00,-4.695024967193603516e+00,-5.601334095001220703e+00,-6.531504631042480469e+00,-7.468175888061523438e+00,-8.388280868530273438e+00,-9.263748168945312500e+00,-1.006254100799560547e+01,-1.074999237060546875e+01,-1.129038906097412109e+01,-1.164873313903808594e+01,-1.179259967803955078e+01,-1.169402122497558594e+01,-1.133129024505615234e+01,-1.069060420989990234e+01,-9.767477989196777344e+00,-8.567819595336914062e+00,-7.108642578125000000e+00,-5.418330669403076172e+00,-3.536442518234252930e+00,-1.513036370277404785e+00,5.924857258796691895e-01,2.712980031967163086e+00,4.775571346282958984e+00,6.704006671905517578e+00,8.421271324157714844e+00,9.852378845214843750e+00,1.092722892761230469e+01,1.158342647552490234e+01,1.176895332336425781e+01,1.144458389282226562e+01,1.058593654632568359e+01,9.185085296630859375e+00,7.251638889312744141e+00,4.813247203826904297e+00,1.915476799011230469e+00,-1.378939628601074219e+00,-4.991486549377441406e+00,-8.829841613769531250e+00,-1.279039573669433594e+01,-1.676123428344726562e+01,-2.062549972534179688e+01,-2.426500320434570312e+01,-2.756399345397949219e+01,-3.041292572021484375e+01,-3.271212387084960938e+01,-3.437518310546875000e+01,-3.533200836181640625e+01,-3.553139114379882812e+01,-3.494297027587890625e+01,-3.355858230590820312e+01,-3.139288330078125000e+01,-2.848324203491210938e+01,-2.488889312744140625e+01,-2.068937873840332031e+01,-1.598230838775634766e+01,-1.088053131103515625e+01,-5.508793354034423828e+00,-1.358520060497619281e-14
0.000000000000000000e+00,-5.595356822013854980e-01,-1.139269948005676270e+00,-1.757684588432312012e+00,-2.429917573928833008e+00,-3.166311264038085938e+00,-3.971215248107910156e+00,-4.842105388641357422e+00,-5.769079208374023438e+00,-6.734751701354980469e+00,-7.714576721191406250e+00,-8.677585601806640625e+00,-9.587520599365234375e+00,-1.040432167053222656e+01,-1.108590126037597656e+01,-1.159015083312988281e+01,-1.187706089019775391e+01,-1.191089439392089844e+01,-1.166229152679443359e+01,-1.111021137237548828e+01,-1.024362277984619141e+01,-9.062849998474121094e+00,-7.580502510070800781e+00,-5.821926593780517578e+00,-3.825142860412597656e+00,-1.640247106552124023e+00,6.717222929000854492e-01,3.040426731109619141e+00,5.388332843780517578e+00,7.633214473724365234e+00,9.690966606140136719e+00,1.147863006591796875e+01,1.291751956939697266e+01,1.393632984161376953e+01,1.447410678863525391e+01,1.448295688629150391e+01,1.393038940429687500e+01,1.280118179321289062e+01,1.109869384765625000e+01,8.845554351806640625e+00,6.083683967590332031e+00,2.873623132705688477e+00,-7.068117856979370117e-01,-4.564532756805419922e+00,-8.593773841857910156e+00,-1.267920589447021484e+01,-1.669945907592773438e+01,-2.053095817565917969e+01,-2.405191230773925781e+01,-2.714634704589843750e+01,-2.970802116394042969e+01,-3.164409637451171875e+01,-3.287841796875000000e+01,-3.335429763793945312e+01,-3.303668975830078125e+01,-3.191367149353027344e+01,-2.999717521667480469e+01,-2.732293891906738281e+01,-2.394966697692871094e+01,-1.995742225646972656e+01,-1.544529628753662109e+01,-1.052844333648681641e+01,-5.334571838378906250e+00,-1.315884995910752975e-14
0.000000000000000000e+00,-4.322471618652343750e-01,-8.904457688331604004e-01,-1.398571848869323730e+00,-1.976750493049621582e+00,-2.639576435089111328e+00,-3.394717216491699219e+00,-4.241873264312744141e+00,-5.172153472900390625e+00,-6.167903900146484375e+00,-7.203013420104980469e+00,-8.243686676025390625e+00,-9.249667167663574219e+00,-1.017585372924804688e+01,-1.097426509857177734e+01,-1.159624862670898438e+01,-1.199485397338867188e+01,-1.212726497650146484e+01,-1.195717144012451172e+01,-1.145699024200439453e+01,-1.060980510711669922e+01,-9.410954475402832031e+00,-7.869162082672119141e+00,-6.007160186767578125e+00,-3.861743688583374023e+00,-1.483248353004455566e+00,1.065566420555114746e+00,3.711191177368164062e+00,6.371558189392089844e+00,8.958677291870117188e+00,1.138162803649902344e+01,1.354979991912841797e+01,1.537625885009765625e+01,1.678112220764160156e+01,1.769480323791503906e+01,1.806098365783691406e+01,1.783922576904296875e+01,1.700708198547363281e+01,1.556161117553710938e+01,1.352025318145751953e+01,1.092097759246826172e+01,7.821710109710693359e+00,4.299014091491699219e+00,4.460860788822174072e-01,-3.629903554916381836e+00,-7.811025142669677734e+00,-1.197226428985595703e+01,-1.598552322387695312e+01,-1.972383117675781250e+01,-2.306558036804199219e+01,-2.589868927001953125e+01,-2.812448310852050781e+01,-2.966120338439941406e+01,-3.044698905944824219e+01,-3.044221305847167969e+01,-2.963111495971679688e+01,-2.802261543273925781e+01,-2.565033531188964844e+01,-2.257176017761230469e+01,-1.886660957336425781e+01,-1.463442230224609375e+01,-9.991497993469238281e+00,-5.067228794097900391e+00,-1.250323629353733423e-14
0.000000000000000000e+00,-3.282187283039093018e-01,-6.872830390930175781e-01,-1.105835437774658203e+00,-1.608221769332885742e+00,-2.212611436843872070e+00,-2.929425001144409180e+00,-3.760154485702514648e+00,-4.696634292602539062e+00,-5.720811843872070312e+00,-6.805037975311279297e+00,-7.912873744964599609e+00,-9.000387191772460938e+00,-1.001789760589599609e+01,-1.091209125518798828e+01,-1.162842559814453125e+01,-1.211371612548828125e+01,-1.231880187988281250e+01,-1.220116233825683594e+01,-1.172737216949462891e+01,-1.087527465820312500e+01,-9.635778427124023438e+00,-8.014176368713378906e+00,-6.030910015106201172e+00,-3.721745491027832031e+00,-1.137309312820434570e+00,1.658004164695739746e+00,4.587734699249267578e+00,7.565620899200439453e+00,1.049835109710693359e+01,1.328871250152587891e+01,1.583901691436767578e+01,1.805468750000000000e+01,1.984786224365234375e+01,2.114087867736816406e+01,2.186949539184570312e+01,2.198573493957519531e+01,2.146021270751953125e+01,2.028384971618652344e+01,1.846890830993652344e+01,1.604926872253417969e+01,1.307993602752685547e+01,9.635778427124023438e+00,5.809514999389648438e+00,1.709013819694519043e+00,-2.546000719070434570e+00,-6.827739715576171875e+00,-1.100450134277343750e+01,-1.494504451751708984e+01,-1.852302360534667969e+01,-2.162133216857910156e+01,-2.413618850708007812e+01,-2.598083114624023438e+01,-2.708866691589355469e+01,-2.741576385498046875e+01,-2.694259643554687500e+01,-2.567496109008789062e+01,-2.364404487609863281e+01,-2.090560531616210938e+01,-1.753831863403320312e+01,-1.364132785797119141e+01,-9.331074714660644531e+00,-4.737540721893310547e+00,-1.169401405001551861e-14
0.000000000000000000e+00,-2.398040890693664551e-01,-5.146195888519287109e-01,-8.570587635040283203e-01,-1.295052647590637207e+00,-1.849798202514648438e+00,-2.534035444259643555e+00,-3.350744962692260742e+00,-4.292329788208007812e+00,-5.340335369110107422e+00,-6.465723991394042969e+00,-7.629711151123046875e+00,-8.785129547119140625e+00,-9.878272056579589844e+00,-1.085114860534667969e+01,-1.164405059814453125e+01,-1.219832801818847656e+01,-1.245925235748291016e+01,-1.237884330749511719e+01,-1.191853237152099609e+01,-1.105153656005859375e+01,-9.764839172363281250e+00,-8.060666084289550781e+00,-5.957392215728759766e+00,-3.489809036254882812e+00,-7.087244987487792969e-01,2.320105791091918945e+00,5.517700195312500000e+00,8.794172286987304688e+00,1.205157947540283203e+01,1.518719863891601562e+01,1.809711074829101562e+01,2.067997550964355469e+01,2.284081840515136719e+01,2.449473953247070312e+01,2.557033729553222656e+01,2.601275634765625000e+01,2.578620529174804688e+01,2.487584304809570312e+01,2.328896331787109375e+01,2.105538368225097656e+01,1.822704315185546875e+01,1.487677860260009766e+01,1.109633064270019531e+01,6.993616580963134766e+00,2.689377069473266602e+00,-1.686700820922851562e+00,-6.000253200531005859e+00,-1.011674499511718750e+01,-1.390605640411376953e+01,-1.724698448181152344e+01,-2.003149032592773438e+01,-2.216854286193847656e+01,-2.358741950988769531e+01,-2.424031448364257812e+01,-2.410420227050781250e+01,-2.318181800842285156e+01,-2.150178718566894531e+01,-1.911782264709472656e+01,-1.610706901550292969e+01,-1.256760978698730469e+01,-8.615245819091796875e+00,-4.379644870758056641e+00,-1.081510132372540817e-14
0.000000000000000000e+00,-1.591547727584838867e-01,-3.568975031375885010e-01,-6.292518973350524902e-01,-1.007236838340759277e+00,-1.514667272567749023e+00,-2.166304826736450195e+00,-2.966449737548828125e+00,-3.908048391342163086e+00,-4.972365379333496094e+00,-6.129247665405273438e+00,-7.337978363037109375e+00,-8.548695564270019531e+00,-9.704319000244140625e+00,-1.074291801452636719e+01,-1.160041141510009766e+01,-1.221349811553955078e+01,-1.252269172668457031e+01,-1.247531414031982422e+01,-1.202833938598632812e+01,-1.115093612670898438e+01,-9.826601028442382812e+00,-8.054779052734375000e+00,-5.851881504058837891e+00,-3.251644611358642578e+00,-3.047867417335510254e-01,2.922034978866577148e+00,6.347952365875244141e+00,9.880249023437500000e+00,1.341728019714355469e+01,1.685184669494628906e+01,2.007490921020507812e+01,2.297949981689453125e+01,2.546468162536621094e+01,2.743941307067871094e+01,2.882615280151367188e+01,2.956407356262207031e+01,2.961173629760742188e+01,2.894913673400878906e+01,2.757899665832519531e+01,2.552727317810058594e+01,2.284283065795898438e+01,1.959626197814941406e+01,1.587791824340820312e+01,1.179517555236816406e+01,7.469048023223876953e+00,3.030249595642089844e+00,-1.385158419609069824e+00,-5.640368461608886719e+00,-9.602526664733886719e+00,-1.314735221862792969e+01,-1.616351127624511719e+01,-1.855657577514648438e+01,-2.025243568420410156e+01,-2.120001602172851562e+01,-2.137321472167968750e+01,-2.077196311950683594e+01,-1.942238235473632812e+01,-1.737602806091308594e+01,-1.470821857452392578e+01,-1.151553058624267578e+01,-7.912538528442382812e+00,-4.027910709381103516e+00,-9.950991345221513878e-15
0.000000000000000000e+00,-7.902473211288452148e-02,-1.997554749250411987e-01,-4.011996984481811523e-01,-7.170962691307067871e-01,-1.173597335815429688e+00,-1.787314057350158691e+00,-2.563822031021118164e+00,-3.496704816818237305e+00,-4.567185401916503906e+00,-5.744375705718994141e+00,-6.986142635345458984e+00,-8.240566253662109375e+00,-9.447926521301269531e+00,-1.054316043853759766e+01,-1.145866203308105469e+01,-1.212734127044677734e+01,-1.248577880859375000e+01,-1.247737026214599609e+01,-1.205530166625976562e+01,-1.118523311614990234e+01,-9.847557067871093750e+00,-8.039137840270996094e+00,-5.774425983428955078e+00,-3.085893630981445312e+00,-2.375138178467750549e-02,3.345067739486694336e+00,6.938630104064941406e+00,1.066238498687744141e+01,1.441212940216064453e+01,1.807744979858398438e+01,2.154552650451660156e+01,2.470514678955078125e+01,2.745078659057617188e+01,2.968660163879394531e+01,3.133015823364257812e+01,3.231578445434570312e+01,3.259737396240234375e+01,3.215052795410156250e+01,3.097398948669433594e+01,2.909020233154296875e+01,2.654507827758789062e+01,2.340686225891113281e+01,1.976419448852539062e+01,1.572337913513183594e+01,1.140499496459960938e+01,6.939918518066406250e+00,2.464931726455688477e+00,-1.881945252418518066e+00,-5.966224193572998047e+00,-9.661647796630859375e+00,-1.285464477539062500e+01,-1.544837856292724609e+01,-1.736623191833496094e+01,-1.855460166931152344e+01,-1.898489761352539062e+01,-1.865465927124023438e+01,-1.758775329589843750e+01,-1.583362960815429688e+01,-1.346568012237548828e+01,-1.057871723175048828e+01,-7.285702705383300781e+00,-3.713813781738281250e+00,-9.179064809400252350e-15
0.000000000000000000e+00,6.495474837720394135e-03,-3.148258849978446960e-02,-1.556051224470138550e-01,-4.020701944828033447e-01,-7.991915345191955566e-01,-1.365361571311950684e+00,-2.107488155364990234e+00,-3.019983768463134766e+00,-4.084361553192138672e+00,-5.269469261169433594e+00,-6.532356262207031250e+00,-7.819753170013427734e+00,-9.070103645324707031e+00,-1.021607208251953125e+01,-1.118742656707763672e+01,-1.191417026519775391e+01,-1.232980537414550781e+01,-1.237456798553466797e+01,-1.199851322174072266e+01,-1.116429996490478516e+01,-9.849553108215332031e+00,-8.048687934875488281e+00,-5.774110317230224609e+00,-3.056721687316894531e+00,5.431413650512695312e-02,3.492548704147338867e+00,7.175952911376953125e+00,1.100929832458496094e+01,1.488713932037353516e+01,1.869729232788085938e+01,2.232468223571777344e+01,2.565542602539062500e+01,2.858098220825195312e+01,3.100222396850585938e+01,3.283327102661132812e+01,3.400490188598632812e+01,3.446748352050781250e+01,3.419317245483398438e+01,3.317744064331054688e+01,3.143970870971679688e+01,2.902316665649414062e+01,2.599370002746582031e+01,2.243797683715820312e+01,1.846076011657714844e+01,1.418150806427001953e+01,9.730413436889648438e+00,5.243990421295166016e+00,8.603851199150085449e-01,-3.285424470901489258e+00,-7.066366195678710938e+00,-1.036777305603027344e+01,-1.309147453308105469e+01,-1.515933132171630859e+01,-1.651607131958007812e+01,-1.713133239746093750e+01,-1.700081253051757812e+01,-1.614650154113769531e+01,-1.461596488952636719e+01,-1.248071193695068359e+01,-9.833692550659179688e+00,-6.786029815673828125e+00,-3.463082313537597656e+00,-8.562573901597838461e-15
0.000000000000000000e+00,1.013807952404022217e-01,1.557982265949249268e-01,1.191654503345489502e-01,-4.698574915528297424e-02,-3.730263411998748779e-01,-8.791320323944091797e-01,-1.573667407035827637e+00,-2.452131986618041992e+00,-3.496725320816040039e+00,-4.676559448242187500e+00,-5.948520183563232422e+00,-7.258751392364501953e+00,-8.544703483581542969e+00,-9.737671852111816406e+00,-1.076571750640869141e+01,-1.155685424804687500e+01,-1.204236125946044922e+01,-1.216008758544921875e+01,-1.185760593414306641e+01,-1.109506225585937500e+01,-9.847612380981445312e+00,-8.107313156127929688e+00,-5.884389400482177734e+00,-3.207792282104492188e+00,-1.250219643115997314e-01,3.298808097839355469e+00,6.982641696929931641e+00,1.083183860778808594e+01,1.474114418029785156e+01,1.859816551208496094e+01,2.228722953796386719e+01,2.569347953796386719e+01,2.870705795288085938e+01,3.122721290588378906e+01,3.316616821289062500e+01,3.445259475708007812e+01,3.503456878662109375e+01,3.488187026977539062e+01,3.398750305175781250e+01,3.236843490600585938e+01,3.006545066833496094e+01,2.714212226867675781e+01,2.368294525146484375e+01,1.979069709777832031e+01,1.558306598663330078e+01,1.118871784210205078e+01,6.742908000946044922e+00,2.382807731628417969e+00,-1.757288694381713867e+00,-5.550697326660156250e+00,-8.882844924926757812e+00,-1.165536689758300781e+01,-1.378965663909912109e+01,-1.522971057891845703e+01,-1.594419479370117188e+01,-1.592761230468750000e+01,-1.520055866241455078e+01,-1.380902576446533203e+01,-1.182279777526855469e+01,-9.332974433898925781e+00,-6.448723793029785156e+00,-3.293376207351684570e+00,-8.144937530690527644e-15
0.000000000000000000e+00,2.072637975215911865e-01,3.653225898742675781e-01,4.278918504714965820e-01,3.543927669525146484e-01,1.124724820256233215e-01,-3.198586702346801758e-01,-9.525749087333679199e-01,-1.782548904418945312e+00,-2.793088436126708984e+00,-3.954125404357910156e+00,-5.223060131072998047e+00,-6.546232223510742188e+00,-7.860965251922607422e+00,-9.098103523254394531e+00,-1.018494224548339844e+01,-1.104842281341552734e+01,-1.161847114562988281e+01,-1.183132553100585938e+01,-1.163271903991699219e+01,-1.098076820373535156e+01,-9.848448753356933594e+00,-8.225533485412597656e+00,-6.119902133941650391e+00,-3.558153867721557617e+00,-5.854752659797668457e-01,2.735242605209350586e+00,6.325027942657470703e+00,1.009114074707031250e+01,1.392999839782714844e+01,1.773061561584472656e+01,2.137842750549316406e+01,2.475936126708984375e+01,2.776400184631347656e+01,3.029168128967285156e+01,3.225434875488281250e+01,3.358004379272460938e+01,3.421586990356445312e+01,3.413031005859375000e+01,3.331478500366210938e+01,3.178441238403320312e+01,2.957791137695312500e+01,2.675662612915039062e+01,2.340270805358886719e+01,1.961652374267578125e+01,1.551335144042968750e+01,1.121949768066406250e+01,6.867971897125244141e+00,2.593862533569335938e+00,-1.470403432846069336e+00,-5.199747085571289062e+00,-8.480900764465332031e+00,-1.121647453308105469e+01,-1.332847404479980469e+01,-1.476114463806152344e+01,-1.548301506042480469e+01,-1.548808097839355469e+01,-1.479606819152832031e+01,-1.345176124572753906e+01,-1.152342414855957031e+01,-9.100368499755859375e+00,-6.289748191833496094e+00,-3.212704896926879883e+00,-7.945847518636087875e-15
0.000000000000000000e+00,3.232534229755401611e-01,5.953260064125061035e-01,7.679710388183593750e-01,7.986757159233093262e-01,6.531970500946044922e-01,3.077165186405181885e-01,-2.494882196187973022e-01,-1.016934990882873535e+00,-1.979449510574340820e+00,-3.108328580856323242e+00,-4.362154960632324219e+00,-5.688241481781005859e+00,-7.024642944335937500e+00,-8.302668571472167969e+00,-9.449783325195312500e+00,-1.039277935028076172e+01,-1.106110095977783203e+01,-1.139015293121337891e+01,-1.132448101043701172e+01,-1.082066631317138672e+01,-9.849804878234863281e+00,-8.399470329284667969e+00,-6.475052833557128906e+00,-4.100410461425781250e+00,-1.317785263061523438e+00,1.813022494316101074e+00,5.216216564178466797e+00,8.802248001098632812e+00,1.247066593170166016e+01,1.611348915100097656e+01,1.961894798278808594e+01,2.287549400329589844e+01,2.577588653564453125e+01,2.822123908996582031e+01,3.012482070922851562e+01,3.141551399230957031e+01,3.204074096679687500e+01,3.196877670288085938e+01,3.119030189514160156e+01,2.971920013427734375e+01,2.759246444702148438e+01,2.486928749084472656e+01,2.162929534912109375e+01,1.797002792358398438e+01,1.400371265411376953e+01,9.853474617004394531e+00,5.649091243743896484e+00,1.522468805313110352e+00,-2.397006750106811523e+00,-5.987071514129638672e+00,-9.136964797973632812e+00,-1.175142192840576172e+01,-1.375414085388183594e+01,-1.509057044982910156e+01,-1.572993564605712891e+01,-1.566639900207519531e+01,-1.491932868957519531e+01,-1.353265190124511719e+01,-1.157330989837646484e+01,-9.128876686096191406e+00,-6.304418563842773438e+00,-3.218720436096191406e+00,-7.959533029964875606e-15
0.000000000000000000e+00,4.459967613220214844e-01,8.391658663749694824e-01,1.129597067832946777e+00,1.273082375526428223e+00,1.233640909194946289e+00,9.856694936752319336e-01,5.156159996986389160e-01,-1.769007891416549683e-01,-1.078584074974060059e+00,-2.162593126296997070e+00,-3.389320611953735352e+00,-4.707790374755859375e+00,-6.057619094848632812e+00,-7.371469974517822266e+00,-8.577896118164062500e+00,-9.604457855224609375e+00,-1.038097953796386719e+01,-1.084282302856445312e+01,-1.093401622772216797e+01,-1.061011695861816406e+01,-9.840676307678222656e+00,-8.611199378967285156e+00,-6.924490451812744141e+00,-4.801338195800781250e+00,-2.280477523803710938e+00,5.821783542633056641e-01,3.715018510818481445e+00,7.032888889312744141e+00,1.043984508514404297e+01,1.383240795135498047e+01,1.710319900512695312e+01,2.014483070373535156e+01,2.285388755798339844e+01,2.513485717773437500e+01,2.690385246276855469e+01,2.809197044372558594e+01,2.864817237854003906e+01,2.854153442382812500e+01,2.776280212402343750e+01,2.632515525817871094e+01,2.426416778564453125e+01,2.163691520690917969e+01,1.852029800415039062e+01,1.500859165191650391e+01,1.121032810211181641e+01,7.244618415832519531e+00,3.237039566040039062e+00,-6.847634911537170410e-01,-4.395594596862792969e+00,-7.777178287506103516e+00,-1.072241878509521484e+01,-1.313928699493408203e+01,-1.495419216156005859e+01,-1.611469268798828125e+01,-1.659147262573242188e+01,-1.637947082519531250e+01,-1.549814891815185547e+01,-1.399085617065429688e+01,-1.192333221435546875e+01,-9.381392478942871094e+00,-6.467872619628906250e+00,-3.298954486846923828e+00,-8.155342483414599469e-15
0.000000000000000000e+00,5.699781179428100586e-01,1.085914015769958496e+00,1.496634960174560547e+00,1.756577372550964355e+00,1.828274846076965332e+00,1.684480071067810059e+00,1.309823513031005859e+00,7.019313573837280273e-01,-1.280519813299179077e-01,-1.155567646026611328e+00,-2.343373537063598633e+00,-3.642880916595458984e+00,-4.996042251586914062e+00,-6.337722301483154297e+00,-7.598450183868408203e+00,-8.707442283630371094e+00,-9.595770835876464844e+00,-1.019954490661621094e+01,-1.046296405792236328e+01,-1.034111595153808594e+01,-9.802396774291992188e+00,-8.830433845520019531e+00,-7.425437927246093750e+00,-5.604895591735839844e+00,-3.403580427169799805e+00,-8.728486299514770508e-01,1.920750260353088379e+00,4.897519111633300781e+00,7.967236042022705078e+00,1.103227043151855469e+01,1.399106693267822266e+01,1.674187850952148438e+01,1.918659400939941406e+01,2.123451805114746094e+01,2.280596351623535156e+01,2.383548355102539062e+01,2.427465248107910156e+01,2.409424209594726562e+01,2.328573417663574219e+01,2.186206245422363281e+01,1.985758590698242188e+01,1.732724380493164062e+01,1.434495162963867188e+01,1.100124740600585938e+01,7.400307655334472656e+00,3.656404972076416016e+00,-1.100437492132186890e-01,-3.776704311370849609e+00,-7.223672389984130859e+00,-1.033777618408203125e+01,-1.301667690277099609e+01,-1.517260646820068359e+01,-1.673561096191406250e+01,-1.765616989135742188e+01,-1.790708541870117188e+01,-1.748456954956054688e+01,-1.640850639343261719e+01,-1.472182655334472656e+01,-1.248906993865966797e+01,-9.794142723083496094e+00,-6.737375736236572266e+00,-3.431974172592163086e+00,-8.480587041534252968e-15
0.000000000000000000e+00,6.880290508270263672e-01,1.321366071701049805e+00,1.848108172416687012e+00,2.221807003021240234e+00,2.403890848159790039e+00,2.365734815597534180e+00,2.090284824371337891e+00,1.573163270950317383e+00,8.231977224349975586e-01,-1.376508027315139771e-01,-1.274965882301330566e+00,-2.543136596679687500e+00,-3.887153148651123047e+00,-5.244867324829101562e+00,-6.549625396728515625e+00,-7.733162879943847656e+00,-8.728648185729980469e+00,-9.473737716674804688e+00,-9.913516998291015625e+00,-1.000320339202880859e+01,-9.710487365722656250e+00,-9.017406463623046875e+00,-7.921666622161865234e+00,-6.437352180480957031e+00,-4.594964504241943359e+00,-2.440796375274658203e+00,-3.563608974218368530e-02,2.547144651412963867e+00,5.224065303802490234e+00,7.904477119445800781e+00,1.049386310577392578e+01,1.289737701416015625e+01,1.502347564697265625e+01,1.678751564025878906e+01,1.811515426635742188e+01,1.894544601440429688e+01,1.923347091674804688e+01,1.895242118835449219e+01,1.809503555297851562e+01,1.667432212829589844e+01,1.472352313995361328e+01,1.229532814025878906e+01,9.460341453552246094e+00,6.304852962493896484e+00,2.927993774414062500e+00,-5.616284608840942383e-01,-4.049690723419189453e+00,-7.420178413391113281e+00,-1.055952167510986328e+01,-1.336069011688232422e+01,-1.572709465026855469e+01,-1.757614898681640625e+01,-1.884234809875488281e+01,-1.947975921630859375e+01,-1.946382331848144531e+01,-1.879237937927246094e+01,-1.748590087890625000e+01,-1.558690357208251953e+01,-1.315855884552001953e+01,-1.028254890441894531e+01,-7.056252956390380859e+00,-3.589354515075683594e+00,-8.865388180241250832e-15
0.000000000000000000e+00,7.920032739639282227e-01,1.529377222061157227e+00,2.160169363021850586e+00,2.637663364410400391e+00,2.922706365585327148e+00,2.985703945159912109e+00,2.808190345764160156e+00,2.383904695510864258e+00,1.719321489334106445e+00,8.336080312728881836e-01,-2.419938445091247559e-01,-1.465341806411743164e+00,-2.785076856613159180e+00,-4.142750740051269531e+00,-5.475309848785400391e+00,-6.717833042144775391e+00,-7.806413173675537109e+00,-8.681055068969726562e+00,-9.288470268249511719e+00,-9.584653854370117188e+00,-9.537114143371582031e+00,-9.126675605773925781e+00,-8.348759651184082031e+00,-7.214085578918457031e+00,-5.748742103576660156e+00,-3.993636608123779297e+00,-2.003305912017822266e+00,1.558516472578048706e-01,2.407876729965209961e+00,4.669990062713623047e+00,6.855677127838134766e+00,8.877997398376464844e+00,1.065298557281494141e+01,1.210302257537841797e+01,1.316002845764160156e+01,1.376835918426513672e+01,1.388728332519531250e+01,1.349293613433837891e+01,1.257966613769531250e+01,1.116071224212646484e+01,9.268176078796386719e+00,6.952273368835449219e+00,4.279899120330810547e+00,1.332526326179504395e+00,-1.796466231346130371e+00,-5.004960060119628906e+00,-8.185633659362792969e+00,-1.122974967956542969e+01,-1.403104019165039062e+01,-1.648956108093261719e+01,-1.851535606384277344e+01,-2.003180694580078125e+01,-2.097852516174316406e+01,-2.131368827819824219e+01,-2.101572418212890625e+01,-2.008427619934082031e+01,-1.854040145874023438e+01,-1.642601394653320312e+01,-1.380256175994873047e+01,-1.074899387359619141e+01,-7.359098434448242188e+00,-3.738294839859008789e+00,-9.229110904055825432e-15
0.000000000000000000e+00,8.735558986663818359e-01,1.693405866622924805e+00,2.408375501632690430e+00,2.972243547439575195e+00,3.345947265625000000e+00,3.499474525451660156e+00,3.413360834121704102e+00,3.079721450805664062e+00,2.502774000167846680e+00,1.698822975158691406e+00,6.957050561904907227e-01,-4.682879149913787842e-01,-1.745964169502258301e+00,-3.083204984664916992e+00,-4.421274662017822266e+00,-5.699370384216308594e+00,-6.857311725616455078e+00,-7.838247776031494141e+00,-8.591277122497558594e+00,-9.073857307434082031e+00,-9.253913879394531250e+00,-9.111534118652343750e+00,-8.640194892883300781e+00,-7.847436428070068359e+00,-6.754971981048583984e+00,-5.398198604583740234e+00,-3.825129508972167969e+00,-2.094778537750244141e+00,-2.750556766986846924e-01,1.559754133224487305e+00,3.331830501556396484e+00,4.962867259979248047e+00,6.377212524414062500e+00,7.504980564117431641e+00,8.285001754760742188e+00,8.667496681213378906e+00,8.616370201110839844e+00,8.111011505126953125e+00,7.147539615631103516e+00,5.739425659179687500e+00,3.917461633682250977e+00,1.729066371917724609e+00,-7.630563974380493164e-01,-3.482863187789916992e+00,-6.343457221984863281e+00,-9.250023841857910156e+00,-1.210311794281005859e+01,-1.480217170715332031e+01,-1.724910545349121094e+01,-1.935189628601074219e+01,-2.102798461914062500e+01,-2.220736885070800781e+01,-2.283528709411621094e+01,-2.287438201904296875e+01,-2.230624771118164062e+01,-2.113231849670410156e+01,-1.937404823303222656e+01,-1.707236862182617188e+01,-1.428645229339599609e+01,-1.109180927276611328e+01,-7.577800750732421875e+00,-3.844638824462890625e+00,-9.487791378015499738e-15
0.000000000000000000e+00,9.249575734138488770e-01,1.798124194145202637e+00,2.570062875747680664e+00,3.195942640304565430e+00,3.637592315673828125e+00,3.865265846252441406e+00,3.859043359756469727e+00,3.609804868698120117e+00,3.119733572006225586e+00,2.402324676513671875e+00,1.481895685195922852e+00,3.926154971122741699e-01,-8.229086995124816895e-01,-2.115430355072021484e+00,-3.431175470352172852e+00,-4.714180469512939453e+00,-5.908755302429199219e+00,-6.961976051330566406e+00,-7.826092243194580078e+00,-8.460753440856933594e+00,-8.834952354431152344e+00,-8.928606033325195312e+00,-8.733695983886718750e+00,-8.254920005798339844e+00,-7.509810924530029297e+00,-6.528326034545898438e+00,-5.351893424987792969e+00,-4.031966686248779297e+00,-2.628124952316284180e+00,-1.205796003341674805e+00,1.663165688514709473e-01,1.418997764587402344e+00,2.485372066497802734e+00,3.303725957870483398e+00,3.820190191268920898e+00,3.991169452667236328e+00,3.785421609878540039e+00,3.185695648193359375e+00,2.189858436584472656e+00,8.114559054374694824e-01,-9.203231334686279297e-01,-2.961286067962646484e+00,-5.253467082977294922e+00,-7.726907730102539062e+00,-1.030193042755126953e+01,-1.289182567596435547e+01,-1.540584850311279297e+01,-1.775242996215820312e+01,-1.984247016906738281e+01,-2.159259796142578125e+01,-2.292827796936035156e+01,-2.378663253784179688e+01,-2.411888504028320312e+01,-2.389232826232910156e+01,-2.309173583984375000e+01,-2.172015190124511719e+01,-1.979905128479003906e+01,-1.736782264709472656e+01,-1.448263454437255859e+01,-1.121467018127441406e+01,-7.647842884063720703e+00,-3.876038551330566406e+00,-9.561915231229723561e-15
0.000000000000000000e+00,9.398693442344665527e-01,1.830953478813171387e+00,2.626611232757568359e+00,3.284397840499877930e+00,3.767938613891601562e+00,4.048541545867919922e+00,4.106481075286865234e+00,3.931898593902587891e+00,3.525274276733398438e+00,2.897455215454101562e+00,2.069231986999511719e+00,1.070480346679687500e+00,-6.109789758920669556e-02,-1.281583309173583984e+00,-2.542732000350952148e+00,-3.794074296951293945e+00,-4.985131740570068359e+00,-6.067659378051757812e+00,-6.997819423675537109e+00,-7.738192081451416016e+00,-8.259535789489746094e+00,-8.542225837707519531e+00,-8.577299118041992188e+00,-8.367055892944335938e+00,-7.925199031829833984e+00,-7.276478767395019531e+00,-6.455872058868408203e+00,-5.507303237915039062e+00,-4.481968879699707031e+00,-3.436313390731811523e+00,-2.429749011993408203e+00,-1.522194743156433105e+00,-7.715400457382202148e-01,-2.311317026615142822e-01,5.261420086026191711e-02,4.237667843699455261e-02,-2.882198989391326904e-01,-9.531486630439758301e-01,-1.952980756759643555e+00,-3.274391412734985352e+00,-4.890199184417724609e+00,-6.759945869445800781e+00,-8.831005096435546875e+00,-1.104018306732177734e+01,-1.331575679779052734e+01,-1.557988643646240234e+01,-1.775130462646484375e+01,-1.974818992614746094e+01,-2.149111938476562500e+01,-2.290599250793457031e+01,-2.392679786682128906e+01,-2.449815368652343750e+01,-2.457748413085937500e+01,-2.413677787780761719e+01,-2.316383171081542969e+01,-2.166297340393066406e+01,-1.965516471862792969e+01,-1.717754936218261719e+01,-1.428240680694580078e+01,-1.103556156158447266e+01,-7.514317512512207031e+00,-3.804971456527709961e+00,-9.383832483300137695e-15
0.000000000000000000e+00,9.140092134475708008e-01,1.783382773399353027e+00,2.565388679504394531e+00,3.221021890640258789e+00,3.716669559478759766e+00,4.025547027587890625e+00,4.128846168518066406e+00,4.016539573669433594e+00,3.687818288803100586e+00,3.151127815246582031e+00,2.423811912536621094e+00,1.531371474266052246e+00,5.063700675964355469e-01,-6.129704713821411133e-01,-1.784425973892211914e+00,-2.963608741760253906e+00,-4.105912208557128906e+00,-5.168482303619384766e+00,-6.112128734588623047e+00,-6.903097152709960938e+00,-7.514625072479248047e+00,-7.928215980529785156e+00,-8.134568214416503906e+00,-8.134126663208007812e+00,-7.937215805053710938e+00,-7.563752174377441406e+00,-7.042545795440673828e+00,-6.410198688507080078e+00,-5.709656238555908203e+00,-4.988460063934326172e+00,-4.296762466430664062e+00,-3.685195446014404297e+00,-3.202665328979492188e+00,-2.894168138504028320e+00,-2.798714160919189453e+00,-2.947446584701538086e+00,-3.362033605575561523e+00,-4.053405284881591797e+00,-5.020887374877929688e+00,-6.251776695251464844e+00,-7.721385478973388672e+00,-9.393552780151367188e+00,-1.122162151336669922e+01,-1.314984130859375000e+01,-1.511515903472900391e+01,-1.704932975769042969e+01,-1.888126754760742188e+01,-2.053957176208496094e+01,-2.195509719848632812e+01,-2.306351280212402344e+01,-2.380772972106933594e+01,-2.414010810852050781e+01,-2.402435874938964844e+01,-2.343707847595214844e+01,-2.236883163452148438e+01,-2.082476615905761719e+01,-1.882469749450683594e+01,-1.640270805358886719e+01,-1.360620498657226562e+01,-1.049452781677246094e+01,-7.137121677398681641e+00,-3.611345767974853516e+00,-8.904170430764236227e-15
0.000000000000000000e+00,8.456493616104125977e-01,1.651954174041748047e+00,2.381204843521118164e+00,2.998893499374389648e+00,3.475144863128662109e+00,3.785954475402832031e+00,3.914177656173706055e+00,3.850230216979980469e+00,3.592470169067382812e+00,3.147244215011596680e+00,2.528593063354492188e+00,1.757632374763488770e+00,8.616296052932739258e-01,-1.271837800741195679e-01,-1.173015117645263672e+00,-2.238071441650390625e+00,-3.284212112426757812e+00,-4.274625301361083984e+00,-5.175456523895263672e+00,-5.957320690155029297e+00,-6.596632003784179688e+00,-7.076695442199707031e+00,-7.388508319854736328e+00,-7.531239509582519531e+00,-7.512359142303466797e+00,-7.347409248352050781e+00,-7.059422969818115234e+00,-6.678009510040283203e+00,-6.238138198852539062e+00,-5.778669834136962891e+00,-5.340691089630126953e+00,-4.965716838836669922e+00,-4.693834781646728516e+00,-4.561863899230957031e+00,-4.601606369018554688e+00,-4.838263988494873047e+00,-5.289082527160644531e+00,-5.962288856506347656e+00,-6.856367111206054688e+00,-7.959704399108886719e+00,-9.250634193420410156e+00,-1.069787693023681641e+01,-1.226137065887451172e+01,-1.389346790313720703e+01,-1.554045581817626953e+01,-1.714434432983398438e+01,-1.864486885070800781e+01,-1.998162269592285156e+01,-2.109624481201171875e+01,-2.193458557128906250e+01,-2.244875717163085938e+01,-2.259900665283203125e+01,-2.235532951354980469e+01,-2.169875335693359375e+01,-2.062225914001464844e+01,-1.913128662109375000e+01,-1.724381256103515625e+01,-1.498997974395751953e+01,-1.241130924224853516e+01,-9.559498786926269531e+00,-6.494861602783203125e+00,-3.284461975097656250e+00,-8.096649876433454490e-15
0.000000000000000000e+00,7.358986139297485352e-01,1.438822031021118164e+00,2.077136039733886719e+00,2.621832847595214844e+00,3.047705888748168945e+00,3.334367513656616211e+00,3.467063188552856445e+00,3.437251806259155273e+00,3.242925643920898438e+00,2.888655185699462891e+00,2.385358572006225586e+00,1.749804615974426270e+00,1.003867030143737793e+00,1.735639870166778564e-01,-7.120797038078308105e-01,-1.622299671173095703e+00,-2.525935411453247070e+00,-3.392793655395507812e+00,-4.194975376129150391e+00,-4.908107757568359375e+00,-5.512432098388671875e+00,-5.993694782257080078e+00,-6.343809127807617188e+00,-6.561252593994140625e+00,-6.651181221008300781e+00,-6.625254154205322266e+00,-6.501173496246337891e+00,-6.301951408386230469e+00,-6.054933071136474609e+00,-5.790616989135742188e+00,-5.541311740875244141e+00,-5.339687824249267578e+00,-5.217281818389892578e+00,-5.203009128570556641e+00,-5.321756362915039062e+00,-5.593100547790527344e+00,-6.030219554901123047e+00,-6.639035224914550781e+00,-7.417631626129150391e+00,-8.355973243713378906e+00,-9.435945510864257812e+00,-1.063171482086181641e+01,-1.191040897369384766e+01,-1.323308753967285156e+01,-1.455598258972167969e+01,-1.583194541931152344e+01,-1.701207923889160156e+01,-1.804746055603027344e+01,-1.889092826843261719e+01,-1.949881935119628906e+01,-1.983265304565429688e+01,-1.986063575744628906e+01,-1.955896186828613281e+01,-1.891286659240722656e+01,-1.791735839843750000e+01,-1.657762336730957031e+01,-1.490908718109130859e+01,-1.293710803985595703e+01,-1.069632339477539062e+01,-8.229673385620117188e+00,-5.587126255035400391e+00,-2.824151515960693359e+00,-6.960886267349739032e-15
0.000000000000000000e+00,5.887436270713806152e-01,1.151834964752197266e+00,1.664647459983825684e+00,2.104562997817993164e+00,2.451872587203979492e+00,2.690553665161132812e+00,2.808897495269775391e+00,2.799954414367675781e+00,2.661782503128051758e+00,2.397487640380859375e+00,2.015053033828735352e+00,1.526965260505676270e+00,9.496516585350036621e-01,3.027538061141967773e-01,-3.917348384857177734e-01,-1.110429883003234863e+00,-1.829576015472412109e+00,-2.526082992553710938e+00,-3.178534507751464844e+00,-3.768126487731933594e+00,-4.279494762420654297e+00,-4.701397418975830078e+00,-5.027221679687500000e+00,-5.255288600921630859e+00,-5.388948917388916016e+00,-5.436454772949218750e+00,-5.410615921020507812e+00,-5.328252315521240234e+00,-5.209459304809570312e+00,-5.076719284057617188e+00,-4.953887939453125000e+00,-4.865104675292968750e+00,-4.833661079406738281e+00,-4.880882740020751953e+00,-5.025062561035156250e+00,-5.280497550964355469e+00,-5.656667232513427734e+00,-6.157586574554443359e+00,-6.781369209289550781e+00,-7.520018100738525391e+00,-8.359457015991210938e+00,-9.279811859130859375e+00,-1.025592041015625000e+01,-1.125807952880859375e+01,-1.225297927856445312e+01,-1.320480632781982422e+01,-1.407647895812988281e+01,-1.483096027374267578e+01,-1.543259906768798828e+01,-1.584846591949462891e+01,-1.604961013793945312e+01,-1.601221084594726562e+01,-1.571855926513671875e+01,-1.515785121917724609e+01,-1.432673931121826172e+01,-1.322964477539062500e+01,-1.187878990173339844e+01,-1.029396438598632812e+01,-8.502029418945312500e+00,-6.536167621612548828e+00,-4.434914112091064453e+00,-2.240990638732910156e+00,-5.522919090377581552e-15
0.000000000000000000e+00,4.108434915542602539e-01,8.041297197341918945e-01,1.162994861602783203e+00,1.471933484077453613e+00,1.717406868934631348e+00,1.888370275497436523e+00,1.976697444915771484e+00,1.977483510971069336e+00,1.889214992523193359e+00,1.713799118995666504e+00,1.456451773643493652e+00,1.125447869300842285e+00,7.317447066307067871e-01,2.884946167469024658e-01,-1.895342022180557251e-01,-6.866033673286437988e-01,-1.186690211296081543e+00,-1.674184918403625488e+00,-2.134569406509399414e+00,-2.555050373077392578e+00,-2.925116062164306641e+00,-3.236999034881591797e+00,-3.486016988754272461e+00,-3.670782327651977539e+00,-3.793267965316772461e+00,-3.858725786209106445e+00,-3.875457763671875000e+00,-3.854450702667236328e+00,-3.808887243270874023e+00,-3.753550767898559570e+00,-3.704149246215820312e+00,-3.676583528518676758e+00,-3.686192035675048828e+00,-3.747001409530639648e+00,-3.871012687683105469e+00,-4.067557334899902344e+00,-4.342745304107666016e+00,-4.699034214019775391e+00,-5.134939193725585938e+00,-5.644890308380126953e+00,-6.219259262084960938e+00,-6.844545841217041016e+00,-7.503726005554199219e+00,-8.176752090454101562e+00,-8.841178894042968750e+00,-9.472914695739746094e+00,-1.004703998565673828e+01,-1.053869724273681641e+01,-1.092398929595947266e+01,-1.118087768554687500e+01,-1.129002666473388672e+01,-1.123557472229003906e+01,-1.100579261779785156e+01,-1.059361839294433594e+01,-9.997024536132812500e+00,-9.219223976135253906e+00,-8.268692970275878906e+00,-7.159010887145996094e+00,-5.908524513244628906e+00,-4.539842605590820312e+00,-3.079179048538208008e+00,-1.555572271347045898e+00,-3.833414468289945282e-15
0.000000000000000000e+00,2.110941708087921143e-01,4.132694602012634277e-01,5.979565978050231934e-01,7.572714090347290039e-01,8.843214511871337891e-01,9.734724760055541992e-01,1.020562171936035156e+00,1.023054003715515137e+00,9.801231026649475098e-01,8.926721811294555664e-01,7.632755041122436523e-01,5.960543155670166016e-01,3.964880406856536865e-01,1.711695343255996704e-01,-7.248552888631820679e-02,-3.265632092952728271e-01,-5.829959511756896973e-01,-8.339130282402038574e-01,-1.071982145309448242e+00,-1.290727496147155762e+00,-1.484811067581176758e+00,-1.650264739990234375e+00,-1.784662961959838867e+00,-1.887228608131408691e+00,-1.958867073059082031e+00,-2.002125978469848633e+00,-2.021081447601318359e+00,-2.021155834197998047e+00,-2.008872509002685547e+00,-1.991558194160461426e+00,-1.977003931999206543e+00,-1.973098993301391602e+00,-1.987452149391174316e+00,-2.027015924453735352e+00,-2.097728729248046875e+00,-2.204192876815795898e+00,-2.349396944046020508e+00,-2.534501552581787109e+00,-2.758692264556884766e+00,-3.019109964370727539e+00,-3.310864686965942383e+00,-3.627128839492797852e+00,-3.959314107894897461e+00,-4.297320365905761719e+00,-4.629854202270507812e+00,-4.944801330566406250e+00,-5.229643821716308594e+00,-5.471901893615722656e+00,-5.659589767456054688e+00,-5.781661987304687500e+00,-5.828441619873046875e+00,-5.792004585266113281e+00,-5.666512966156005859e+00,-5.448478698730468750e+00,-5.136952877044677734e+00,-4.733623981475830078e+00,-4.242832660675048828e+00,-3.671488046646118164e+00,-3.028899431228637695e+00,-2.326520919799804688e+00,-1.577621936798095703e+00,-7.968927621841430664e-01,-1.963704433706903868e-15
0.000000000000000000e+00,5.231288717132359743e-16,1.024238063171412343e-15,1.482168850170794295e-15,1.877449798138577583e-15,2.193052156703161754e-15,2.415045727893120990e-15,2.533126567663343542e-15,2.540995291985099179e-15,2.436569258599326389e-15,2.222022801081626961e-15,1.903650009504810788e-15,1.491557998632871401e-15,9.992035808988378696e-16,4.427911583281750026e-16,-1.594417629871154574e-16,-7.880230205552902177e-16,-1.423093490176608779e-15,-2.045269894879230346e-15,-2.636484492502628660e-15,-3.180768806166928836e-15,-3.664944697278748470e-15,-4.079197595078251984e-15,-4.417500013112777776e-15,-4.677874552966960683e-15,-4.862477337008036526e-15,-4.977498905531013360e-15,-5.032887236984919313e-15,-5.041899667543705069e-15,-5.020498533098377916e-15,-4.986622297405889429e-15,-4.959352495185510856e-15,-4.958012065546480926e-15,-5.001235733328394245e-15,-5.106046319672220488e-15,-5.286976368854001684e-15,-5.555273631380327690e-15,-5.918223014114059113e-15,-6.378616761165819757e-15,-6.934394464891413534e-15,-7.578474082818847241e-15,-8.298781583801484452e-15,-9.078487270210329474e-15,-9.896433953088864394e-15,-1.072775613323749197e-14,-1.154465842449206234e-14,-1.231733627853753843e-14,-1.301499665960943741e-14,-1.360695241106168324e-14,-1.406373356259340429e-14,-1.435819779044278377e-14,-1.446657057384628797e-14,-1.436939895413727464e-14,-1.405236722747419884e-14,-1.350694661911115702e-14,-1.273085861042003511e-14,-1.172832142547815953e-14,-1.051007883018850383e-14,-9.093197691405294908e-15,-7.500652930789858397e-15,-5.760699873396703252e-15,-3.906060249011210350e-15,-1.972952762941499946e-15,-4.861682510820115723e-30
