-6.564884679391980171e-04,-3.427526389714330435e-04,-2.214744890807196498e-04,-4.175143840257078409e-04,-1.773927069734781981e-04,3.154262376483529806e-04,5.820826045237481594e-04,8.215501438826322556e-04,1.050134305842220783e-03,9.778011590242385864e-04,1.154903206042945385e-03,8.438918739557266235e-04,8.764142985455691814e-04,5.849809385836124420e-04,6.841117865405976772e-04,3.066892095375806093e-04,4.858590837102383375e-04,2.892387274187058210e-04,5.196065758354961872e-04,2.224637573817744851e-04,5.223993211984634399e-04,1.873670698842033744e-04,4.968346329405903816e-04,5.197983700782060623e-04,6.610004347749054432e-04,3.446377522777765989e-04,6.024517351761460304e-04,6.135961157269775867e-04,5.779645871371030807e-04,5.988838966004550457e-04,4.332565004006028175e-04,7.021307246759533882e-04,6.984516512602567673e-04,9.059078874997794628e-04,8.377330377697944641e-04,7.100522052496671677e-04,5.714965518563985825e-04,3.664355608634650707e-04,3.456776903476566076e-04,8.194190013455227017e-05,1.332983229076489806e-04,-1.347736688330769539e-04,2.744608500506728888e-04,1.367243676213547587e-04,5.379770882427692413e-04,4.360406310297548771e-04,8.100283448584377766e-04,9.917344432324171066e-04,1.175329904071986675e-03,8.544909069314599037e-04,1.204178202897310257e-03,1.094339881092309952e-03,1.077171764336526394e-03,8.919863030314445496e-04,6.834352971054613590e-04,6.627025431953370571e-04,6.732433685101568699e-04,4.676230018958449364e-04,3.182434302289038897e-04,4.568277799990028143e-04,2.380413352511823177e-04,2.504741132725030184e-04,-2.618223370518535376e-04,-9.303642436861991882e-04
-1.347295619780197740e-04,-1.676702522672712803e-04,-2.209000667789950967e-04,-4.857681924477219582e-04,-4.205844306852668524e-04,-3.975138824898749590e-04,-2.731793792918324471e-04,-4.172909539192914963e-04,-3.471187083050608635e-04,-5.353894666768610477e-04,-8.556368411518633366e-04,-1.292660948820412159e-03,-1.664802315644919872e-03,-2.398165175691246986e-03,-3.013442968949675560e-03,-3.681665984913706779e-03,-4.391056019812822342e-03,-5.126592237502336502e-03,-5.535161588340997696e-03,-6.287805270403623581e-03,-6.706513464450836182e-03,-7.786717731505632401e-03,-7.834092713892459869e-03,-8.774164132773876190e-03,-8.716231212019920349e-03,-9.095316752791404724e-03,-8.546436205506324768e-03,-8.270107209682464600e-03,-7.541226223111152649e-03,-6.831132341176271439e-03,-5.879354663193225861e-03,-4.730571061372756958e-03,-3.698440967127680779e-03,-2.443731762468814850e-03,-1.746423775330185890e-03,-1.075335196219384670e-03,-6.594841834157705307e-04,-4.741941811516880989e-04,-5.489840405061841011e-04,-8.533559739589691162e-04,-1.175237586721777916e-03,-1.709818257950246334e-03,-2.158679300919175148e-03,-2.957542892545461655e-03,-3.516516648232936859e-03,-4.447208251804113388e-03,-4.758165683597326279e-03,-5.857666488736867905e-03,-6.136422045528888702e-03,-6.919662468135356903e-03,-6.970247719436883926e-03,-7.273301016539335251e-03,-7.041335571557283401e-03,-7.192357908934354782e-03,-6.699713878333568573e-03,-6.109897978603839874e-03,-5.433690734207630157e-03,-4.906281828880310059e-03,-4.075135570019483566e-03,-3.341508330777287483e-03,-2.641352824866771698e-03,-1.401668065227568150e-03,-9.617015602998435497e-04,-9.921572636812925339e-04
-1.237962133018299937e-04,-5.160263390280306339e-04,-9.234872995875775814e-04,-1.350680598989129066e-03,-1.562834600917994976e-03,-1.900122500956058502e-03,-1.804069033823907375e-03,-2.069778740406036377e-03,-2.062710002064704895e-03,-2.571556949988007545e-03,-2.671262947842478752e-03,-3.365914337337017059e-03,-3.867615014314651489e-03,-4.967196844518184662e-03,-5.775656551122665405e-03,-7.115861400961875916e-03,-8.340138942003250122e-03,-9.737395681440830231e-03,-1.088609360158443451e-02,-1.234309095889329910e-02,-1.353392470628023148e-02,-1.520297676324844360e-02,-1.628217101097106934e-02,-1.735148765146732330e-02,-1.769864559173583984e-02,-1.789834722876548767e-02,-1.744135096669197083e-02,-1.667101494967937469e-02,-1.552164368331432343e-02,-1.412417553365230560e-02,-1.203306298702955246e-02,-1.002328563481569290e-02,-7.694241590797901154e-03,-5.727759562432765961e-03,-3.923285286873579025e-03,-2.535523613914847374e-03,-1.477062120102345943e-03,-9.988144738599658012e-04,-9.332711342722177505e-04,-1.475574332289397717e-03,-2.136716619133949280e-03,-3.140630898997187614e-03,-4.328099545091390610e-03,-5.884914658963680267e-03,-7.317742798477411270e-03,-9.121559560298919678e-03,-1.038842834532260895e-02,-1.206525322049856186e-02,-1.302534528076648712e-02,-1.428666524589061737e-02,-1.459320355206727982e-02,-1.504413131624460220e-02,-1.481602620333433151e-02,-1.458328682929277420e-02,-1.351956930011510849e-02,-1.262947730720043182e-02,-1.102141104638576508e-02,-9.797983802855014801e-03,-8.076468482613563538e-03,-6.670298520475625992e-03,-4.884251859039068222e-03,-3.216749522835016251e-03,-1.644725445657968521e-03,-3.976968291681259871e-04
-4.835243453271687031e-04,-7.786602945998311043e-04,-1.675961073487997055e-03,-1.991831231862306595e-03,-2.574739279225468636e-03,-3.132840385660529137e-03,-3.205856541171669960e-03,-3.488190006464719772e-03,-3.636763431131839752e-03,-4.091820213943719864e-03,-4.256132990121841431e-03,-4.972018767148256302e-03,-5.685432814061641693e-03,-7.062159013003110886e-03,-8.189553394913673401e-03,-1.007431093603372574e-02,-1.195401046425104141e-02,-1.410180795937776566e-02,-1.612549275159835815e-02,-1.818317174911499023e-02,-2.029666677117347717e-02,-2.251022122800350189e-02,-2.422602102160453796e-02,-2.575901709496974945e-02,-2.642834931612014771e-02,-2.650848589837551117e-02,-2.594287320971488953e-02,-2.472110092639923096e-02,-2.309656143188476562e-02,-2.085648663341999054e-02,-1.768599450588226318e-02,-1.450517214834690094e-02,-1.130613684654235840e-02,-8.268267847597599030e-03,-5.499926861375570297e-03,-3.280386561527848244e-03,-1.703816931694746017e-03,-8.275016443803906441e-04,-7.846547523513436317e-04,-1.563939964398741722e-03,-2.648628083989024162e-03,-4.256734624505043030e-03,-6.284486036747694016e-03,-8.709719404578208923e-03,-1.112992316484451294e-02,-1.379064098000526428e-02,-1.597555726766586304e-02,-1.837108284235000610e-02,-2.007728442549705505e-02,-2.164303883910179138e-02,-2.218535915017127991e-02,-2.265408821403980255e-02,-2.222469076514244080e-02,-2.159437723457813263e-02,-1.992696151137351990e-02,-1.818682625889778137e-02,-1.603594236075878143e-02,-1.417471002787351608e-02,-1.179838366806507111e-02,-9.408093057572841644e-03,-7.043055258691310883e-03,-4.506881348788738251e-03,-2.020457293838262558e-03,-9.645517275203019381e-05
-4.891926655545830727e-04,-8.556054090149700642e-04,-2.063825028017163277e-03,-2.608912996947765350e-03,-3.542383201420307159e-03,-4.049261566251516342e-03,-4.199049901217222214e-03,-4.550617188215255737e-03,-4.473463166505098343e-03,-4.685322288423776627e-03,-4.802275914698839188e-03,-5.541492719203233719e-03,-6.184363272041082382e-03,-7.499442901462316513e-03,-9.129994548857212067e-03,-1.154596358537673950e-02,-1.366788148880004883e-02,-1.630932837724685669e-02,-1.932342723011970520e-02,-2.242712490260601044e-02,-2.501376904547214508e-02,-2.779342606663703918e-02,-3.010309301316738129e-02,-3.219038993120193481e-02,-3.300091996788978577e-02,-3.309075534343719482e-02,-3.231574967503547668e-02,-3.091397881507873535e-02,-2.860363014042377472e-02,-2.554788440465927124e-02,-2.145718969404697418e-02,-1.722950860857963562e-02,-1.291374675929546356e-02,-8.906570263206958771e-03,-5.557196680456399918e-03,-2.624413231387734413e-03,-4.824645875487476587e-04,7.348319049924612045e-04,7.505659596063196659e-04,-4.407047235872596502e-04,-1.843022648245096207e-03,-4.049895796924829483e-03,-6.902017630636692047e-03,-1.026931870728731155e-02,-1.361930835992097855e-02,-1.702776178717613220e-02,-1.997755281627178192e-02,-2.305714599788188934e-02,-2.520738728344440460e-02,-2.700785733759403229e-02,-2.784470841288566589e-02,-2.833152562379837036e-02,-2.753044106066226959e-02,-2.629814110696315765e-02,-2.423461712896823883e-02,-2.203897386789321899e-02,-1.919353380799293518e-02,-1.657443866133689880e-02,-1.376981660723686218e-02,-1.078876759856939316e-02,-7.779224310070276260e-03,-4.942818544805049896e-03,-2.171732252463698387e-03,3.123086062259972095e-04
-2.437096263747662306e-04,-9.783934801816940308e-04,-2.491224324330687523e-03,-3.529555397108197212e-03,-4.428668878972530365e-03,-4.954869858920574188e-03,-5.241777282208204269e-03,-5.089838523417711258e-03,-4.861568566411733627e-03,-4.664837382733821869e-03,-4.586001392453908920e-03,-4.683592822402715683e-03,-5.184132140129804611e-03,-6.249113008379936218e-03,-7.782718632370233536e-03,-1.021137274801731110e-02,-1.274532824754714966e-02,-1.582162454724311829e-02,-1.950618065893650055e-02,-2.368603646755218506e-02,-2.742609754204750061e-02,-3.107898682355880737e-02,-3.404760360717773438e-02,-3.628294542431831360e-02,-3.767487779259681702e-02,-3.782509639859199524e-02,-3.713679313659667969e-02,-3.543021529912948608e-02,-3.252662718296051025e-02,-2.839187905192375183e-02,-2.348355762660503387e-02,-1.845479570329189301e-02,-1.321089174598455429e-02,-8.055062964558601379e-03,-3.695289371535181999e-03,-1.690952776698395610e-04,2.442033728584647179e-03,3.666457254439592361e-03,3.805492306128144264e-03,2.600276377052068710e-03,6.567230448126792908e-04,-2.379141515120863914e-03,-6.105407606810331345e-03,-1.047248858958482742e-02,-1.482229586690664291e-02,-1.918054185807704926e-02,-2.298565208911895752e-02,-2.642240375280380249e-02,-2.898033335804939270e-02,-3.080727905035018921e-02,-3.167567402124404907e-02,-3.189608082175254822e-02,-3.063571080565452576e-02,-2.859697677195072174e-02,-2.625879272818565369e-02,-2.365433238446712494e-02,-2.049697935581207275e-02,-1.704809628427028656e-02,-1.382876001298427582e-02,-1.064347196370363235e-02,-7.500604726374149323e-03,-4.754739347845315933e-03,-1.610576524399220943e-03,-1.035427994793280959e-04
-1.388868549838662148e-04,-1.325270161032676697e-03,-3.126780502498149872e-03,-4.272594116628170013e-03,-5.298893898725509644e-03,-5.873641464859247208e-03,-5.946405231952667236e-03,-5.663776770234107971e-03,-4.903135355561971664e-03,-4.403476603329181671e-03,-3.685497678816318512e-03,-3.426050534471869469e-03,-3.367772325873374939e-03,-4.176719579845666885e-03,-5.728591699153184891e-03,-8.198970928788185120e-03,-1.105452887713909149e-02,-1.454585324972867966e-02,-1.861107349395751953e-02,-2.328079938888549805e-02,-2.785383909940719604e-02,-3.198867663741111755e-02,-3.563767299056053162e-02,-3.844356909394264221e-02,-4.002381861209869385e-02,-4.073056578636169434e-02,-3.988674655556678772e-02,-3.824450075626373291e-02,-3.437838703393936157e-02,-2.994336560368537903e-02,-2.391588315367698669e-02,-1.810000836849212646e-02,-1.186087075620889664e-02,-6.088320631533861160e-03,-1.025433070026338100e-03,3.153347875922918320e-03,6.285827606916427612e-03,7.656950503587722778e-03,7.727430202066898346e-03,6.225543562322854996e-03,3.756357356905937195e-03,-5.460721149574965239e-05,-4.689270630478858948e-03,-9.741191752254962921e-03,-1.488520856946706772e-02,-1.992049813270568848e-02,-2.439168468117713928e-02,-2.830415032804012299e-02,-3.109084628522396088e-02,-3.337996825575828552e-02,-3.393285721540451050e-02,-3.392772004008293152e-02,-3.202376887202262878e-02,-3.022900596261024475e-02,-2.722220309078693390e-02,-2.419357560575008392e-02,-2.048661001026630402e-02,-1.702821999788284302e-02,-1.352456863969564438e-02,-1.025557238608598709e-02,-6.807428319007158279e-03,-4.097980447113513947e-03,-1.438145758584141731e-03,1.398090971633791924e-04
2.116291871061548591e-04,-1.825555926188826561e-03,-3.810478374361991882e-03,-5.345926620066165924e-03,-6.026192568242549896e-03,-6.699979305267333984e-03,-6.389807909727096558e-03,-5.825404077768325806e-03,-4.743472207337617874e-03,-3.618015442043542862e-03,-2.119601005688309669e-03,-1.055417815223336220e-03,-4.995851195417344570e-04,-8.229418890550732613e-04,-1.882153097540140152e-03,-4.091838374733924866e-03,-6.887219380587339401e-03,-1.118283998221158981e-02,-1.547544542700052261e-02,-2.075278013944625854e-02,-2.594631537795066833e-02,-3.103539533913135529e-02,-3.534742444753646851e-02,-3.883905336260795593e-02,-4.096937179565429688e-02,-4.155353084206581116e-02,-4.080357402563095093e-02,-3.870372101664543152e-02,-3.470410779118537903e-02,-2.951272204518318176e-02,-2.313965559005737305e-02,-1.645755209028720856e-02,-9.522072970867156982e-03,-3.029634477570652962e-03,3.025241661816835403e-03,7.870600558817386627e-03,1.128086913377046585e-02,1.273249089717864990e-02,1.277755107730627060e-02,1.116919517517089844e-02,8.250064216554164886e-03,3.502671606838703156e-03,-1.856051501818001270e-03,-7.996558211743831635e-03,-1.382531784474849701e-02,-1.946431770920753479e-02,-2.451990172266960144e-02,-2.893094718456268311e-02,-3.210778161883354187e-02,-3.393725678324699402e-02,-3.431885316967964172e-02,-3.359780833125114441e-02,-3.204449638724327087e-02,-2.948145195841789246e-02,-2.633164823055267334e-02,-2.269653603434562683e-02,-1.894932799041271210e-02,-1.523604616522789001e-02,-1.143683958798646927e-02,-8.297625929117202759e-03,-5.236036609858274460e-03,-2.728157676756381989e-03,-3.287473809905350208e-04,4.024840018246322870e-04
2.182357711717486382e-04,-1.774993492290377617e-03,-4.193129483610391617e-03,-5.649070721119642258e-03,-6.469399668276309967e-03,-6.733625661581754684e-03,-6.268419325351715088e-03,-5.400663707405328751e-03,-3.697132458910346031e-03,-1.883583143353462219e-03,2.026072179432958364e-04,2.029662020504474640e-03,3.399691777303814888e-03,3.606834448873996735e-03,3.196065779775381088e-03,1.276734750717878342e-03,-1.544294296763837337e-03,-6.379601545631885529e-03,-1.104288734495639801e-02,-1.668429374694824219e-02,-2.193436026573181152e-02,-2.779100276529788971e-02,-3.258009999990463257e-02,-3.678466379642486572e-02,-3.918890655040740967e-02,-4.017795994877815247e-02,-3.920922055840492249e-02,-3.693250939249992371e-02,-3.241933137178421021e-02,-2.712478116154670715e-02,-2.017937041819095612e-02,-1.292462740093469620e-02,-5.553669296205043793e-03,1.640438567847013474e-03,8.050035685300827026e-03,1.350907608866691589e-02,1.716573722660541534e-02,1.867897808551788330e-02,1.879554986953735352e-02,1.687391288578510284e-02,1.344795431941747665e-02,7.952363230288028717e-03,1.947466866113245487e-03,-4.896536003798246384e-03,-1.122006867080926895e-02,-1.748295314610004425e-02,-2.278358489274978638e-02,-2.742835879325866699e-02,-3.055368736386299133e-02,-3.240889310836791992e-02,-3.247552737593650818e-02,-3.179065883159637451e-02,-2.950615808367729187e-02,-2.705598063766956329e-02,-2.325879223644733429e-02,-1.952257938683032990e-02,-1.563055627048015594e-02,-1.205791626125574112e-02,-8.525229059159755707e-03,-5.708219949156045914e-03,-3.043058793991804123e-03,-1.305745798163115978e-03,7.250373892020434141e-05,2.341438084840774536e-04
4.653517389670014381e-04,-2.229481702670454979e-03,-4.379907622933387756e-03,-6.243654061108827591e-03,-6.612494587898254395e-03,-6.732020527124404907e-03,-5.998483859002590179e-03,-4.426359198987483978e-03,-2.180742099881172180e-03,4.050570132676512003e-04,3.236947348341345787e-03,5.693004932254552841e-03,7.702546659857034683e-03,8.669075556099414825e-03,8.591121993958950043e-03,6.910145748406648636e-03,4.347983282059431076e-03,-7.367421858361922204e-06,-5.031710956245660782e-03,-1.081145275384187698e-02,-1.647970080375671387e-02,-2.229574322700500488e-02,-2.768203057348728180e-02,-3.208556398749351501e-02,-3.523178771138191223e-02,-3.614082559943199158e-02,-3.572607040405273438e-02,-3.307604789733886719e-02,-2.905295416712760925e-02,-2.318140491843223572e-02,-1.618290506303310394e-02,-8.557056076824665070e-03,-5.943065043538808823e-04,6.928667891770601273e-03,1.374357752501964569e-02,1.915238052606582642e-02,2.295091189444065094e-02,2.457922697067260742e-02,2.437096089124679565e-02,2.210615016520023346e-02,1.842919550836086273e-02,1.285817567259073257e-02,6.458473857492208481e-03,-8.166386396624147892e-04,-7.624431513249874115e-03,-1.398164313286542892e-02,-1.959359459578990936e-02,-2.416936866939067841e-02,-2.756758593022823334e-02,-2.905862778425216675e-02,-2.940266951918601990e-02,-2.819044701755046844e-02,-2.598403394222259521e-02,-2.257171086966991425e-02,-1.885537058115005493e-02,-1.513954531401395798e-02,-1.116914488375186920e-02,-7.772825192660093307e-03,-4.675256554037332535e-03,-2.164200413972139359e-03,-1.898191985674202442e-04,4.618838138412684202e-04,1.151652890257537365e-03,1.080168367479927838e-04
3.429003118071705103e-04,-1.974526559934020042e-03,-4.276973661035299301e-03,-5.720568355172872543e-03,-6.191473454236984253e-03,-6.040384061634540558e-03,-4.844767972826957703e-03,-2.908632392063736916e-03,-2.954556548502296209e-04,2.993608126416802406e-03,6.432693451642990112e-03,9.648561477661132812e-03,1.223122421652078629e-02,1.378766261041164398e-02,1.415763050317764282e-02,1.291466038674116135e-02,1.078030653297901154e-02,6.601348053663969040e-03,1.780731487087905407e-03,-4.371520597487688065e-03,-1.025396026670932770e-02,-1.632122695446014404e-02,-2.133045531809329987e-02,-2.608647197484970093e-02,-2.925324812531471252e-02,-3.060137107968330383e-02,-2.999143488705158234e-02,-2.778024226427078247e-02,-2.380880340933799744e-02,-1.813228055834770203e-02,-1.091524958610534668e-02,-3.267066320404410362e-03,4.489383660256862640e-03,1.213089656084775925e-02,1.908497512340545654e-02,2.465247921645641327e-02,2.821221202611923218e-02,2.975473180413246155e-02,2.943102270364761353e-02,2.685010805726051331e-02,2.327515371143817902e-02,1.760612800717353821e-02,1.115635689347982407e-02,3.725744085386395454e-03,-3.226217348128557205e-03,-9.681271389126777649e-03,-1.514322962611913681e-02,-1.980252377688884735e-02,-2.309921756386756897e-02,-2.461264468729496002e-02,-2.441762201488018036e-02,-2.324007079005241394e-02,-2.055088430643081665e-02,-1.742562651634216309e-02,-1.351811736822128296e-02,-9.904839098453521729e-03,-6.015680730342864990e-03,-3.169267904013395309e-03,-3.613608714658766985e-04,1.442790613509714603e-03,2.709330525249242783e-03,2.470901003107428551e-03,1.993000274524092674e-03,4.846148658543825150e-05
7.866920204833149910e-04,-1.710551325231790543e-03,-3.627897240221500397e-03,-5.204294342547655106e-03,-5.366003140807151794e-03,-5.012050271034240723e-03,-3.566266736015677452e-03,-1.107483170926570892e-03,1.956331077963113785e-03,5.789383314549922943e-03,9.562987834215164185e-03,1.319492980837821960e-02,1.615892723202705383e-02,1.820641569793224335e-02,1.888071186840534210e-02,1.824562810361385345e-02,1.604752428829669952e-02,1.285746786743402481e-02,8.339202031493186951e-03,2.893912373110651970e-03,-3.168968483805656433e-03,-9.027014486491680145e-03,-1.416721008718013763e-02,-1.871796883642673492e-02,-2.200322970747947693e-02,-2.346968464553356171e-02,-2.325717546045780182e-02,-2.111562341451644897e-02,-1.728920638561248779e-02,-1.170506421476602554e-02,-4.992151167243719101e-03,2.242638962343335152e-03,9.785162284970283508e-03,1.711808145046234131e-02,2.360726147890090942e-02,2.869222126901149750e-02,3.194909170269966125e-02,3.343792259693145752e-02,3.284074738621711731e-02,3.077207878232002258e-02,2.671162225306034088e-02,2.144259773194789886e-02,1.541164796799421310e-02,8.332904428243637085e-03,1.636016182601451874e-03,-4.741905722767114639e-03,-9.978672489523887634e-03,-1.422231830656528473e-02,-1.723374985158443451e-02,-1.845924928784370422e-02,-1.827143691480159760e-02,-1.675163395702838898e-02,-1.410653069615364075e-02,-1.084401644766330719e-02,-7.322656922042369843e-03,-3.980144858360290527e-03,-7.215052028186619282e-04,1.844036043621599674e-03,3.749616444110870361e-03,4.991357214748859406e-03,5.323075223714113235e-03,4.262237809598445892e-03,2.742586191743612289e-03,2.018946543103083968e-05
7.509267888963222504e-04,-1.038925372995436192e-03,-2.623213920742273331e-03,-3.824392566457390785e-03,-3.709304612129926682e-03,-3.038678783923387527e-03,-1.434459933079779148e-03,9.962330805137753487e-04,4.284468945115804672e-03,8.141363039612770081e-03,1.208731159567832947e-02,1.597869209945201874e-02,1.903936453163623810e-02,2.130678296089172363e-02,2.245793677866458893e-02,2.227633073925971985e-02,2.065067552030086517e-02,1.777242869138717651e-02,1.419431064277887344e-02,9.317915886640548706e-03,4.161160439252853394e-03,-1.413961406797170639e-03,-6.180841010063886642e-03,-1.049844082444906235e-02,-1.340776402503252029e-02,-1.506229490041732788e-02,-1.489163748919963837e-02,-1.328399032354354858e-02,-9.865381754934787750e-03,-5.156897474080324173e-03,8.754067239351570606e-04,7.484253961592912674e-03,1.403191685676574707e-02,2.085005119442939758e-02,2.634628489613533020e-02,3.123147971928119659e-02,3.394498303532600403e-02,3.519140928983688354e-02,3.490077704191207886e-02,3.264141455292701721e-02,2.922579273581504822e-02,2.430085279047489166e-02,1.899437233805656433e-02,1.265348959714174271e-02,6.711830385029315948e-03,1.015152898617088795e-03,-3.644990036264061928e-03,-7.508265320211648941e-03,-9.938969276845455170e-03,-1.131169963628053665e-02,-1.085999887436628342e-02,-9.633782319724559784e-03,-7.266347296535968781e-03,-4.439298063516616821e-03,-1.129221520386636257e-03,1.908809063024818897e-03,4.453062545508146286e-03,6.277508568018674850e-03,7.521451916545629501e-03,7.838466204702854156e-03,7.403639145195484161e-03,5.662777461111545563e-03,3.399918554350733757e-03,5.860628516529686749e-05
6.494474946521222591e-04,-7.511300500482320786e-04,-1.459563849493861198e-03,-1.996188424527645111e-03,-1.341331750154495239e-03,-1.881289790617302060e-04,1.721984823234379292e-03,4.058150574564933777e-03,7.256591226905584335e-03,1.088956370949745178e-02,1.477726548910140991e-02,1.815820485353469849e-02,2.115652523934841156e-02,2.311570569872856140e-02,2.455526962876319885e-02,2.451150864362716675e-02,2.344817109405994415e-02,2.129647135734558105e-02,1.803765818476676941e-02,1.430292893201112747e-02,1.020629703998565674e-02,5.744454450905323029e-03,1.793364761397242546e-03,-1.836191629990935326e-03,-4.226468037813901901e-03,-5.599781405180692673e-03,-5.584301892668008804e-03,-4.498738329857587814e-03,-1.727418042719364166e-03,2.000438049435615540e-03,7.141642738133668900e-03,1.235517673194408417e-02,1.820863783359527588e-02,2.299622446298599243e-02,2.795288711786270142e-02,3.145996853709220886e-02,3.391949459910392761e-02,3.476467728614807129e-02,3.412409499287605286e-02,3.261199221014976501e-02,2.943441458046436310e-02,2.570585347712039948e-02,2.096094004809856415e-02,1.597752608358860016e-02,1.135412044823169708e-02,6.691854447126388550e-03,3.115241881459951401e-03,-4.657106183003634214e-05,-2.063131891191005707e-03,-3.051461651921272278e-03,-2.612425480037927628e-03,-1.601342810317873955e-03,3.623058437369763851e-04,2.165447454899549484e-03,4.915493540465831757e-03,6.754181813448667526e-03,8.767366409301757812e-03,9.543252177536487579e-03,9.800852276384830475e-03,9.376253932714462280e-03,8.466104976832866669e-03,6.306877825409173965e-03,3.556809388101100922e-03,3.358171670697629452e-05
3.164482186548411846e-04,1.494814350735396147e-04,2.359000645810738206e-04,4.675773961935192347e-04,1.490824623033404350e-03,2.821628237143158913e-03,4.767658188939094543e-03,6.743667181581258774e-03,9.516662918031215668e-03,1.256554573774337769e-02,1.560375187546014786e-02,1.862112060189247131e-02,2.101857960224151611e-02,2.300621569156646729e-02,2.424206212162971497e-02,2.437878400087356567e-02,2.401019632816314697e-02,2.230416052043437958e-02,2.057011984288692474e-02,1.775432936847209930e-02,1.521361991763114929e-02,1.212315447628498077e-02,9.262262843549251556e-03,6.574944593012332916e-03,4.735977854579687119e-03,3.553460119292140007e-03,3.443715861067175865e-03,3.948577679693698883e-03,5.685308482497930527e-03,8.208774030208587646e-03,1.147781126201152802e-02,1.527513470500707626e-02,1.888797804713249207e-02,2.265840396285057068e-02,2.623655088245868683e-02,2.891189791262149811e-02,3.099176101386547089e-02,3.146571293473243713e-02,3.104606829583644867e-02,2.937327139079570770e-02,2.768831886351108551e-02,2.498525939881801605e-02,2.205122821033000946e-02,1.853137463331222534e-02,1.539194211363792419e-02,1.228738110512495041e-02,9.646192193031311035e-03,7.377780973911285400e-03,6.016564555466175079e-03,5.125059746205806732e-03,5.176062230020761490e-03,5.725827533751726151e-03,6.858719978481531143e-03,8.103108964860439301e-03,9.388316422700881958e-03,1.053857337683439255e-02,1.135378610342741013e-02,1.119394972920417786e-02,1.104343496263027191e-02,1.003337558358907700e-02,8.670330047607421875e-03,6.204427685588598251e-03,3.561866004019975662e-03,-2.455954381730407476e-05
4.365549539215862751e-04,1.297411043196916580e-03,2.193352440372109413e-03,3.349721198901534081e-03,4.496528767049312592e-03,6.133375223726034164e-03,7.926048710942268372e-03,1.001970097422599792e-02,1.208373345434665680e-02,1.397917978465557098e-02,1.612564921379089355e-02,1.760770194232463837e-02,1.985025219619274139e-02,2.119330875575542450e-02,2.254149504005908966e-02,2.267162129282951355e-02,2.231282554566860199e-02,2.167860046029090881e-02,2.100387215614318848e-02,1.965923048555850983e-02,1.822503842413425446e-02,1.665096729993820190e-02,1.541116554290056229e-02,1.408575475215911865e-02,1.311180274933576584e-02,1.197273656725883484e-02,1.191201899200677872e-02,1.175148878246545792e-02,1.271501742303371429e-02,1.396172773092985153e-02,1.555142551660537720e-02,1.722695305943489075e-02,1.930340938270092010e-02,2.055355906486511230e-02,2.238974906504154205e-02,2.347732521593570709e-02,2.481437288224697113e-02,2.559067122638225555e-02,2.603267878293991089e-02,2.475338615477085114e-02,2.336878515779972076e-02,2.227034233510494232e-02,2.095573581755161285e-02,1.952761039137840271e-02,1.791825331747531891e-02,1.651858538389205933e-02,1.557176653295755386e-02,1.438202988356351852e-02,1.369658764451742172e-02,1.288453862071037292e-02,1.270079426467418671e-02,1.255636289715766907e-02,1.288921758532524109e-02,1.300900708884000778e-02,1.318186521530151367e-02,1.291500404477119446e-02,1.267223805189132690e-02,1.195274665951728821e-02,1.093026809394359589e-02,9.534885175526142120e-03,8.165935985743999481e-03,5.669431295245885849e-03,3.102506278082728386e-03,1.965625269804149866e-04
2.199610462412238121e-04,2.322114771232008934e-03,4.311147611588239670e-03,6.031299009919166565e-03,7.844068109989166260e-03,9.390001185238361359e-03,1.093058567494153976e-02,1.251919381320476532e-02,1.335720438510179520e-02,1.425589714199304581e-02,1.482118386775255203e-02,1.552261970937252045e-02,1.638735271990299225e-02,1.701417937874794006e-02,1.783114671707153320e-02,1.822293549776077271e-02,1.856926828622817993e-02,1.841262169182300568e-02,1.904708705842494965e-02,1.921004056930541992e-02,1.988964900374412537e-02,2.004256099462509155e-02,2.040623687207698822e-02,2.048726752400398254e-02,2.055685967206954956e-02,2.011683210730552673e-02,2.003696002066135406e-02,1.928859017789363861e-02,1.903271675109863281e-02,1.881487853825092316e-02,1.805558614432811737e-02,1.781873777508735657e-02,1.703972369432449341e-02,1.677595451474189758e-02,1.659009419381618500e-02,1.659100688993930817e-02,1.659270003437995911e-02,1.685587503015995026e-02,1.711842045187950134e-02,1.687971875071525574e-02,1.677217148244380951e-02,1.729507185518741608e-02,1.843177340924739838e-02,1.912647858262062073e-02,1.973061263561248779e-02,2.026314474642276764e-02,2.071221545338630676e-02,2.082864008843898773e-02,2.079262211918830872e-02,2.022159844636917114e-02,1.955816708505153656e-02,1.877051964402198792e-02,1.765843853354454041e-02,1.657848991453647614e-02,1.520431879907846451e-02,1.399779133498668671e-02,1.249526254832744598e-02,1.074297726154327393e-02,9.254607371985912323e-03,7.729261647909879684e-03,6.273223087191581726e-03,4.127937369048595428e-03,2.578427782282233238e-03,5.087958998046815395e-04
1.252113434020429850e-04,3.697759006172418594e-03,6.597407162189483643e-03,9.335849434137344360e-03,1.142620574682950974e-02,1.307858992367982864e-02,1.451814360916614532e-02,1.484102010726928711e-02,1.497397478669881821e-02,1.404939126223325729e-02,1.339684985578060150e-02,1.234502997249364853e-02,1.204878464341163635e-02,1.161819510161876678e-02,1.156599726527929306e-02,1.190395932644605637e-02,1.264851540327072144e-02,1.338116824626922607e-02,1.491079572588205338e-02,1.655462011694908142e-02,1.929349452257156372e-02,2.146828547120094299e-02,2.378248609602451324e-02,2.512494102120399475e-02,2.679218165576457977e-02,2.717776224017143250e-02,2.711967192590236664e-02,2.589828521013259888e-02,2.449858561158180237e-02,2.255785278975963593e-02,1.963203214108943939e-02,1.610780134797096252e-02,1.392408367246389389e-02,1.098284311592578888e-02,8.853260427713394165e-03,6.952204275876283646e-03,6.077334284782409668e-03,5.958481691777706146e-03,6.291119381785392761e-03,7.234603632241487503e-03,8.778808638453483582e-03,1.105998270213603973e-02,1.412291359156370163e-02,1.671827211976051331e-02,1.970011554658412933e-02,2.250391058623790741e-02,2.475997805595397949e-02,2.585061639547348022e-02,2.682640962302684784e-02,2.663062512874603271e-02,2.579131536185741425e-02,2.400302886962890625e-02,2.192963100969791412e-02,1.903460733592510223e-02,1.636691577732563019e-02,1.339864078909158707e-02,1.115158852189779282e-02,8.392038755118846893e-03,6.614359561353921890e-03,4.591132979840040207e-03,3.342262469232082367e-03,2.356745535507798195e-03,1.516175339929759502e-03,4.825755604542791843e-04
-1.407535455655306578e-04,4.898023791611194611e-03,8.898845873773097992e-03,1.217505801469087601e-02,1.502666156738996506e-02,1.648675464093685150e-02,1.686147227883338928e-02,1.691166125237941742e-02,1.517971325665712357e-02,1.302270870655775070e-02,1.055958308279514313e-02,8.451919071376323700e-03,6.269135046750307083e-03,4.642193205654621124e-03,3.745299996808171272e-03,3.842046018689870834e-03,4.671132192015647888e-03,6.195754278451204300e-03,8.987969718873500824e-03,1.237221714109182358e-02,1.709837280213832855e-02,2.145489491522312164e-02,2.554729394614696503e-02,2.899976260960102081e-02,3.139259666204452515e-02,3.260258212685585022e-02,3.266441822052001953e-02,3.100673295557498932e-02,2.831487171351909637e-02,2.488790266215801239e-02,1.907105743885040283e-02,1.420950144529342651e-02,9.041688404977321625e-03,4.101210739463567734e-03,-6.202661315910518169e-04,-4.014018923044204712e-03,-6.474202033132314682e-03,-6.930513307452201843e-03,-5.988919641822576523e-03,-3.657426219433546066e-03,-1.137905055657029152e-03,2.863437635824084282e-03,8.031554520130157471e-03,1.338405814021825790e-02,1.881768926978111267e-02,2.385045215487480164e-02,2.748139575123786926e-02,3.003188036382198334e-02,3.146043419837951660e-02,3.144329413771629333e-02,3.015900030732154846e-02,2.756623737514019012e-02,2.404569089412689209e-02,2.007955498993396759e-02,1.594599895179271698e-02,1.199713349342346191e-02,8.436678908765316010e-03,4.946252796798944473e-03,2.544624498113989830e-03,8.626031922176480293e-04,-1.814620627555996180e-04,-5.297886091284453869e-04,1.670269853093486745e-06,3.894693509209901094e-04
-1.678642001934349537e-04,6.021094508469104767e-03,1.063373312354087830e-02,1.469967048615217209e-02,1.728604175150394440e-02,1.863928139209747314e-02,1.901166141033172607e-02,1.758654043078422546e-02,1.464843377470970154e-02,1.067769806832075119e-02,6.977457553148269653e-03,3.082902170717716217e-03,-6.981188198551535606e-04,-3.852968802675604820e-03,-5.815526470541954041e-03,-5.697638262063264847e-03,-4.510577768087387085e-03,-2.022635424509644508e-03,2.045956207439303398e-03,7.055349647998809814e-03,1.326585747301578522e-02,1.944833062589168549e-02,2.577387169003486633e-02,3.061149269342422485e-02,3.443807363510131836e-02,3.593226149678230286e-02,3.634044900536537170e-02,3.414887562394142151e-02,3.050152212381362915e-02,2.482561767101287842e-02,1.792372763156890869e-02,1.095184683799743652e-02,3.295705653727054596e-03,-4.787635058164596558e-03,-1.112198457121849060e-02,-1.610303670167922974e-02,-1.877163909375667572e-02,-2.037662267684936523e-02,-1.934554427862167358e-02,-1.580119132995605469e-02,-1.216038595885038376e-02,-5.398262292146682739e-03,1.524517079815268517e-03,8.859299123287200928e-03,1.660246960818767548e-02,2.315701730549335480e-02,2.840491756796836853e-02,3.228658437728881836e-02,3.430503606796264648e-02,3.458715602755546570e-02,3.312729299068450928e-02,2.974905259907245636e-02,2.510793320834636688e-02,1.956384256482124329e-02,1.425305195152759552e-02,9.221449494361877441e-03,4.956208635121583939e-03,6.670646835118532181e-04,-1.721956185065209866e-03,-3.716382198035717010e-03,-3.884849837049841881e-03,-3.142127767205238342e-03,-1.525521278381347656e-03,2.168436767533421516e-04
-3.349173930473625660e-04,6.080057471990585327e-03,1.170204859226942062e-02,1.603526808321475983e-02,1.888117566704750061e-02,1.999811455607414246e-02,1.947173662483692169e-02,1.740911230444908142e-02,1.277052890509366989e-02,7.861883379518985748e-03,2.599111525341868401e-03,-2.999692922458052635e-03,-8.625464513897895813e-03,-1.251996029168367386e-02,-1.544963382184505463e-02,-1.575577817857265472e-02,-1.403429452329874039e-02,-1.082766242325305939e-02,-5.609508138149976730e-03,8.197162533178925514e-04,8.631253615021705627e-03,1.623578369617462158e-02,2.414771355688571930e-02,3.068797849118709564e-02,3.535337373614311218e-02,3.779588639736175537e-02,3.789668530225753784e-02,3.556855767965316772e-02,3.074982576072216034e-02,2.373853512108325958e-02,1.528697460889816284e-02,6.004325114190578461e-03,-4.279315937310457230e-03,-1.307176426053047180e-02,-2.143179625272750854e-02,-2.691608294844627380e-02,-3.105880692601203918e-02,-3.269634768366813660e-02,-3.212700039148330688e-02,-2.826209552586078644e-02,-2.254836820065975189e-02,-1.461325399577617645e-02,-5.537239369004964828e-03,3.250559559091925621e-03,1.266700401902198792e-02,2.122103236615657806e-02,2.805886045098304749e-02,3.294833004474639893e-02,3.530794382095336914e-02,3.579347580671310425e-02,3.386368602514266968e-02,2.990553528070449829e-02,2.437714114785194397e-02,1.789001375436782837e-02,1.177993882447481155e-02,5.884257145226001740e-03,6.135430885478854179e-04,-3.754723584279417992e-03,-6.410870235413312912e-03,-7.625509519129991531e-03,-7.436202839016914368e-03,-5.649849772453308105e-03,-2.648134948685765266e-03,6.383502623066306114e-04
-2.037143858615309000e-04,7.108659017831087112e-03,1.238247938454151154e-02,1.655739545822143555e-02,1.943469792604446411e-02,1.984066888689994812e-02,1.899851299822330475e-02,1.542148552834987640e-02,1.041104272007942200e-02,4.001067485660314560e-03,-2.478105947375297546e-03,-9.915396571159362793e-03,-1.586798392236232758e-02,-2.067861519753932953e-02,-2.372333593666553497e-02,-2.415368147194385529e-02,-2.269383519887924194e-02,-1.851000823080539703e-02,-1.275102049112319946e-02,-4.821456503123044968e-03,3.654481843113899231e-03,1.253612618893384933e-02,2.134633995592594147e-02,2.849173545837402344e-02,3.435917571187019348e-02,3.707296028733253479e-02,3.751808032393455505e-02,3.505837544798851013e-02,2.975742891430854797e-02,2.130380272865295410e-02,1.180253736674785614e-02,7.165574352256953716e-04,-1.090683508664369583e-02,-2.137297950685024261e-02,-3.033975139260292053e-02,-3.744885697960853577e-02,-4.230789840221405029e-02,-4.404792562127113342e-02,-4.303656145930290222e-02,-3.908517584204673767e-02,-3.235333412885665894e-02,-2.334399148821830750e-02,-1.291175093501806259e-02,-2.028309041634202003e-03,8.253650739789009094e-03,1.789278350770473480e-02,2.591961994767189026e-02,3.153729438781738281e-02,3.415777534246444702e-02,3.497805073857307434e-02,3.271236643195152283e-02,2.860503084957599640e-02,2.268825657665729523e-02,1.553186029195785522e-02,8.693587966263294220e-03,1.775094307959079742e-03,-3.643889678642153740e-03,-7.856604643166065216e-03,-1.019357889890670776e-02,-1.120824832469224930e-02,-1.059701479971408844e-02,-7.752446457743644714e-03,-4.036036320030689240e-03,2.688368549570441246e-04
-1.453512049920391291e-05,6.822759751230478287e-03,1.193393487483263016e-02,1.582481898367404938e-02,1.823401264846324921e-02,1.826681941747665405e-02,1.632804423570632935e-02,1.225096639245748520e-02,6.499779410660266876e-03,-7.088408456183969975e-04,-8.128140121698379517e-03,-1.566999405622482300e-02,-2.242282591760158539e-02,-2.747840806841850281e-02,-3.063247352838516235e-02,-3.136070072650909424e-02,-2.959951758384704590e-02,-2.593949064612388611e-02,-1.936434581875801086e-02,-1.099937316030263901e-02,-1.607938902452588081e-03,8.273461833596229553e-03,1.737434044480323792e-02,2.551405690610408783e-02,3.131534904241561890e-02,3.461328893899917603e-02,3.508565202355384827e-02,3.214813768863677979e-02,2.630844712257385254e-02,1.727888360619544983e-02,7.176786195486783981e-03,-4.889936652034521103e-03,-1.727979630231857300e-02,-2.801243215799331665e-02,-3.812042996287345886e-02,-4.570203274488449097e-02,-5.098493397235870361e-02,-5.298701673746109009e-02,-5.230415612459182739e-02,-4.802007973194122314e-02,-4.066185653209686279e-02,-3.123205900192260742e-02,-1.997115835547447205e-02,-7.757060695439577103e-03,3.001380944624543190e-03,1.338187791407108307e-02,2.171170338988304138e-02,2.799410559237003326e-02,3.096210211515426636e-02,3.154472261667251587e-02,2.960558421909809113e-02,2.507236413657665253e-02,1.934482902288436890e-02,1.210659649223089218e-02,5.191781558096408844e-03,-1.513794180937111378e-03,-7.148554548621177673e-03,-1.114737801253795624e-02,-1.336779072880744934e-02,-1.385275553911924362e-02,-1.279242429882287979e-02,-9.456524625420570374e-03,-4.918454214930534363e-03,7.241815910674631596e-04
-3.158833133056759834e-04,5.988551303744316101e-03,1.041768211871385574e-02,1.394340861588716507e-02,1.567902602255344391e-02,1.499620359390974045e-02,1.285336539149284363e-02,8.098864927887916565e-03,1.970347249880433083e-03,-5.427761469036340714e-03,-1.300808228552341461e-02,-2.101193927228450775e-02,-2.762688137590885162e-02,-3.294800594449043274e-02,-3.637591749429702759e-02,-3.718315437436103821e-02,-3.545070812106132507e-02,-3.104760870337486267e-02,-2.500058710575103760e-02,-1.583601348102092743e-02,-6.432165391743183136e-03,3.824953222647309303e-03,1.317076385021209717e-02,2.111542038619518280e-02,2.706254646182060242e-02,3.041291981935501099e-02,3.077800199389457703e-02,2.819064818322658539e-02,2.177246659994125366e-02,1.296430360525846481e-02,2.366623608395457268e-03,-9.823480620980262756e-03,-2.199409902095794678e-02,-3.347000852227210999e-02,-4.351356625556945801e-02,-5.144768580794334412e-02,-5.664445832371711731e-02,-5.923876166343688965e-02,-5.827764794230461121e-02,-5.364578962326049805e-02,-4.622331261634826660e-02,-3.695777058601379395e-02,-2.622200176119804382e-02,-1.424571499228477478e-02,-3.239733399823307991e-03,7.174176629632711411e-03,1.651638746261596680e-02,2.302683144807815552e-02,2.627324312925338745e-02,2.703822962939739227e-02,2.498662099242210388e-02,2.116155624389648438e-02,1.550064049661159515e-02,8.561052381992340088e-03,2.001906512305140495e-03,-4.362458363175392151e-03,-9.544568136334419250e-03,-1.342312246561050415e-02,-1.534562744200229645e-02,-1.556704193353652954e-02,-1.395939290523529053e-02,-9.926473721861839294e-03,-5.108938552439212799e-03,2.830010489560663700e-04
-5.298639298416674137e-04,4.370021633803844452e-03,8.217434398829936981e-03,1.078963652253150940e-02,1.144233159720897675e-02,1.006166264414787292e-02,7.665483746677637100e-03,2.703920472413301468e-03,-2.848277799785137177e-03,-1.023275405168533325e-02,-1.725592091679573059e-02,-2.441381290555000305e-02,-3.074845857918262482e-02,-3.570320084691047668e-02,-3.877123445272445679e-02,-3.935173898935317993e-02,-3.761445730924606323e-02,-3.342634811997413635e-02,-2.720050886273384094e-02,-1.929696649312973022e-02,-1.041025668382644653e-02,-5.923680146224796772e-04,8.575877174735069275e-03,1.644459739327430725e-02,2.189529687166213989e-02,2.484223991632461548e-02,2.490871399641036987e-02,2.187929861247539520e-02,1.625175215303897858e-02,7.553382776677608490e-03,-2.020296175032854080e-03,-1.319997943937778473e-02,-2.452154085040092468e-02,-3.535258024930953979e-02,-4.565187543630599976e-02,-5.307645723223686218e-02,-5.814846232533454895e-02,-6.039454415440559387e-02,-5.953429266810417175e-02,-5.530627816915512085e-02,-4.891019687056541443e-02,-4.034687206149101257e-02,-2.988873422145843506e-02,-1.922127045691013336e-02,-8.901609107851982117e-03,8.610269869677722454e-04,9.302183054387569427e-03,1.616858318448066711e-02,1.958233118057250977e-02,2.011958882212638855e-02,1.889769360423088074e-02,1.560252346098423004e-02,1.111726183444261551e-02,4.983908962458372116e-03,-6.473445100709795952e-04,-6.137942429631948471e-03,-1.064969785511493683e-02,-1.396431401371955872e-02,-1.545011252164840698e-02,-1.527883484959602356e-02,-1.348043512552976608e-02,-9.615074843168258667e-03,-5.106891971081495285e-03,4.071318835485726595e-04
-5.989620112814009190e-04,2.591779455542564392e-03,5.169133655726909637e-03,6.025439593940973282e-03,6.109314970672130585e-03,4.405189305543899536e-03,1.486282679252326488e-03,-3.131645964458584785e-03,-8.071679621934890747e-03,-1.451364438980817795e-02,-2.038754336535930634e-02,-2.669873088598251343e-02,-3.210354968905448914e-02,-3.610348328948020935e-02,-3.860849514603614807e-02,-3.883616626262664795e-02,-3.674782440066337585e-02,-3.257758915424346924e-02,-2.702100388705730438e-02,-1.989903859794139862e-02,-1.240183599293231964e-02,-4.083071369677782059e-03,3.908601123839616776e-03,1.022839359939098358e-02,1.492597348988056183e-02,1.753389835357666016e-02,1.747223362326622009e-02,1.502544991672039032e-02,1.015398278832435608e-02,2.898341277614235878e-03,-5.610895808786153793e-03,-1.528554037213325500e-02,-2.527226880192756653e-02,-3.437070548534393311e-02,-4.386344552040100098e-02,-5.071705207228660583e-02,-5.571084842085838318e-02,-5.823205411434173584e-02,-5.709131434559822083e-02,-5.425889045000076294e-02,-4.837337881326675415e-02,-4.139695689082145691e-02,-3.213263675570487976e-02,-2.297459356486797333e-02,-1.374917104840278625e-02,-5.464690271764993668e-03,1.406696741469204426e-03,7.158389315009117126e-03,1.115020923316478729e-02,1.260630413889884949e-02,1.202918495982885361e-02,9.893665090203285217e-03,6.681949831545352936e-03,1.891941297799348831e-03,-2.263264032080769539e-03,-6.431363057345151901e-03,-9.825672954320907593e-03,-1.209582015872001648e-02,-1.309259980916976929e-02,-1.330164913088083267e-02,-1.118226535618305206e-02,-8.168486878275871277e-03,-3.882560646161437035e-03,5.847410648129880428e-05
-6.440299912355840206e-04,3.977917367592453957e-04,1.690401462838053703e-03,1.474425778724253178e-03,-1.392275153193622828e-04,-1.908010104671120644e-03,-5.102588795125484467e-03,-9.450010955333709717e-03,-1.372212730348110199e-02,-1.865715347230434418e-02,-2.282214723527431488e-02,-2.750070206820964813e-02,-3.140555694699287415e-02,-3.369843959808349609e-02,-3.509607166051864624e-02,-3.428572043776512146e-02,-3.242928534746170044e-02,-2.878922224044799805e-02,-2.424416318535804749e-02,-1.850589923560619354e-02,-1.280238199979066849e-02,-6.339165382087230682e-03,-2.554357633925974369e-04,4.916011821478605270e-03,8.116242475807666779e-03,9.753193706274032593e-03,9.575553238391876221e-03,7.183473557233810425e-03,3.316037124022841454e-03,-2.540691057220101357e-03,-8.933923207223415375e-03,-1.666684634983539581e-02,-2.478305436670780182e-02,-3.224225342273712158e-02,-3.960141912102699280e-02,-4.476499930024147034e-02,-4.877028986811637878e-02,-5.093672499060630798e-02,-5.084535852074623108e-02,-4.850318655371665955e-02,-4.505751654505729675e-02,-3.927630931138992310e-02,-3.252428397536277771e-02,-2.573784068226814270e-02,-1.848705857992172241e-02,-1.149473618716001511e-02,-5.585047416388988495e-03,-2.563082962296903133e-04,2.530486322939395905e-03,3.976419568061828613e-03,4.318238701671361923e-03,3.213483840227127075e-03,1.993929268792271614e-03,-3.850618959404528141e-04,-3.137270687147974968e-03,-5.394649691879749298e-03,-7.384357973933219910e-03,-8.780175819993019104e-03,-9.453237988054752350e-03,-9.470556862652301788e-03,-7.751442957669496536e-03,-5.776480771601200104e-03,-2.624999033287167549e-03,3.175888850819319487e-04
-1.043277094140648842e-03,-1.768097048625349998e-03,-2.031790558248758316e-03,-4.548846278339624405e-03,-6.785658653825521469e-03,-9.016694501042366028e-03,-1.200338173657655716e-02,-1.598847843706607819e-02,-1.902385428547859192e-02,-2.214826829731464386e-02,-2.406531758606433868e-02,-2.624690160155296326e-02,-2.750711701810359955e-02,-2.770612016320228577e-02,-2.771944366395473480e-02,-2.676102332770824432e-02,-2.462236583232879639e-02,-2.200096659362316132e-02,-1.831756532192230225e-02,-1.491644140332937241e-02,-1.133626699447631836e-02,-7.402369286864995956e-03,-3.422282403334975243e-03,-9.076814603758975863e-05,1.583155128173530102e-03,2.827531658113002777e-03,1.974989194422960281e-03,4.706260369857773185e-05,-3.132924204692244530e-03,-6.691076792776584625e-03,-1.071851979941129684e-02,-1.591711118817329407e-02,-2.095038443803787231e-02,-2.571347542107105255e-02,-3.047027997672557831e-02,-3.360493481159210205e-02,-3.686453774571418762e-02,-3.856238350272178650e-02,-3.903814032673835754e-02,-3.917436674237251282e-02,-3.735266625881195068e-02,-3.470427170395851135e-02,-3.059119917452335358e-02,-2.593178674578666687e-02,-2.182073891162872314e-02,-1.733743771910667419e-02,-1.303670927882194519e-02,-8.783758617937564850e-03,-6.344361696392297745e-03,-4.473047796636819839e-03,-3.365973010659217834e-03,-2.401323290541768074e-03,-1.745886867865920067e-03,-2.234468003734946251e-03,-2.774583874270319939e-03,-2.930116374045610428e-03,-3.414701903238892555e-03,-4.173136781901121140e-03,-3.938515204936265945e-03,-4.068068694323301315e-03,-2.996045397594571114e-03,-2.289002528414130211e-03,-1.263319863937795162e-04,-8.541941497242078185e-06
-1.391030033119022846e-03,-3.858111100271344185e-03,-6.819660775363445282e-03,-1.115931104868650436e-02,-1.489280257374048233e-02,-1.730009913444519043e-02,-1.952715404331684113e-02,-2.211926132440567017e-02,-2.343042939901351929e-02,-2.374703250825405121e-02,-2.349172160029411316e-02,-2.269015833735466003e-02,-2.158941701054573059e-02,-2.010110765695571899e-02,-1.847120188176631927e-02,-1.681518740952014923e-02,-1.504682842642068863e-02,-1.366671081632375717e-02,-1.120258867740631104e-02,-9.625612758100032806e-03,-8.888220414519309998e-03,-7.525751367211341858e-03,-5.991599988192319870e-03,-5.394123028963804245e-03,-5.452475976198911667e-03,-5.195018835365772247e-03,-5.858193151652812958e-03,-7.055512629449367523e-03,-9.002784267067909241e-03,-1.067196112126111984e-02,-1.175917219370603561e-02,-1.346533186733722687e-02,-1.519353408366441727e-02,-1.730423234403133392e-02,-1.930526085197925568e-02,-2.057310752570629120e-02,-2.239196002483367920e-02,-2.395753003656864166e-02,-2.521712519228458405e-02,-2.650699950754642487e-02,-2.659456990659236908e-02,-2.749752812087535858e-02,-2.636873535811901093e-02,-2.530949562788009644e-02,-2.404613979160785675e-02,-2.281812578439712524e-02,-2.066214941442012787e-02,-1.806710101664066315e-02,-1.531786657869815826e-02,-1.251843292266130447e-02,-1.080711930990219116e-02,-8.228114806115627289e-03,-5.434514023363590240e-03,-3.347886027768254280e-03,-1.387469121254980564e-03,4.119209188502281904e-05,1.372406026348471642e-03,2.061965875327587128e-03,2.535158302634954453e-03,2.273383317515254021e-03,2.674280665814876556e-03,1.833541318774223328e-03,1.544850762002170086e-03,-3.821285208687186241e-04
-9.079485898837447166e-04,-5.869579035788774490e-03,-1.121869031339883804e-02,-1.767968758940696716e-02,-2.213297784328460693e-02,-2.442025952041149139e-02,-2.614318206906318665e-02,-2.733478136360645294e-02,-2.645599469542503357e-02,-2.485590800642967224e-02,-2.168474905192852020e-02,-1.838438026607036591e-02,-1.484994124621152878e-02,-1.117144431918859482e-02,-7.991744205355644226e-03,-5.963159259408712387e-03,-3.862241050228476524e-03,-3.548454493284225464e-03,-2.316504484042525291e-03,-2.552712801843881607e-03,-4.434431903064250946e-03,-6.402472034096717834e-03,-7.795085199177265167e-03,-9.647391736507415771e-03,-1.165307313203811646e-02,-1.261990144848823547e-02,-1.346323639154434204e-02,-1.420111767947673798e-02,-1.406218949705362320e-02,-1.349681150168180466e-02,-1.189771387726068497e-02,-1.040831021964550018e-02,-8.821641094982624054e-03,-6.953902542591094971e-03,-6.431628949940204620e-03,-6.362468469887971878e-03,-6.209101527929306030e-03,-8.072754368185997009e-03,-9.872475638985633850e-03,-1.213676389306783676e-02,-1.365861762315034866e-02,-1.754813827574253082e-02,-2.060959115624427795e-02,-2.255873940885066986e-02,-2.455218508839607239e-02,-2.581967227160930634e-02,-2.625085227191448212e-02,-2.546084113419055939e-02,-2.328021265566349030e-02,-2.044901624321937561e-02,-1.734329015016555786e-02,-1.307926140725612640e-02,-8.388156071305274963e-03,-3.739959560334682465e-03,6.452826783061027527e-04,4.387694410979747772e-03,7.537710480391979218e-03,8.956640958786010742e-03,9.901135228574275970e-03,9.709691628813743591e-03,8.956111036241054535e-03,6.256106309592723846e-03,4.266285337507724762e-03,-2.548891061451286077e-04
-3.571124107111245394e-04,-8.089820854365825653e-03,-1.490197516977787018e-02,-2.209010720252990723e-02,-2.779011428356170654e-02,-3.039813041687011719e-02,-3.131172060966491699e-02,-3.143655136227607727e-02,-2.868553251028060913e-02,-2.401802502572536469e-02,-1.844659633934497833e-02,-1.270047761499881744e-02,-6.615846883505582809e-03,-5.984216695651412010e-04,4.313145764172077179e-03,7.799113634973764420e-03,9.215695783495903015e-03,8.715372532606124878e-03,7.223227061331272125e-03,4.580353852361440659e-03,3.025736077688634396e-04,-4.531764890998601913e-03,-8.711840026080608368e-03,-1.305157784372568130e-02,-1.691713929176330566e-02,-1.927270367741584778e-02,-1.991566829383373260e-02,-1.968830265104770660e-02,-1.834341324865818024e-02,-1.493683364242315292e-02,-1.073551550507545471e-02,-6.207942962646484375e-03,-1.279650256037712097e-03,3.978590015321969986e-03,7.889688946306705475e-03,1.092793047428131104e-02,1.219242624938488007e-02,1.133831497281789780e-02,8.219158276915550232e-03,3.249929519370198250e-03,-1.145129324868321419e-03,-7.030092179775238037e-03,-1.299067679792642593e-02,-1.891862601041793823e-02,-2.384637668728828430e-02,-2.783857844769954681e-02,-3.044788166880607605e-02,-3.136156126856803894e-02,-2.994098141789436340e-02,-2.695164643228054047e-02,-2.273591421544551849e-02,-1.664388366043567657e-02,-1.029699388891458511e-02,-3.480706363916397095e-03,3.172634169459342957e-03,9.527075104415416718e-03,1.407216023653745651e-02,1.689803414046764374e-02,1.781636290252208710e-02,1.690904609858989716e-02,1.528575085103511810e-02,1.091333944350481033e-02,6.633476354181766510e-03,-1.079793605640588794e-06
-1.581041869940236211e-04,-9.952647611498832703e-03,-1.804483495652675629e-02,-2.662532590329647064e-02,-3.275034576654434204e-02,-3.469992429018020630e-02,-3.520382195711135864e-02,-3.372138366103172302e-02,-2.902656048536300659e-02,-2.253777347505092621e-02,-1.472617778927087784e-02,-5.817366763949394226e-03,2.702443860471248627e-03,1.047402434051036835e-02,1.683975011110305786e-02,2.034732699394226074e-02,2.201654762029647827e-02,2.081307210028171539e-02,1.752393506467342377e-02,1.265598647296428680e-02,5.697625223547220230e-03,-1.748754060827195644e-03,-8.944191969931125641e-03,-1.535536255687475204e-02,-2.073432691395282745e-02,-2.384874969720840454e-02,-2.497968263924121857e-02,-2.444577403366565704e-02,-2.109884843230247498e-02,-1.578693091869354248e-02,-9.028906933963298798e-03,-9.729234152473509312e-04,7.118659559637308121e-03,1.544773764908313751e-02,2.240112423896789551e-02,2.697810903191566467e-02,2.995034679770469666e-02,2.951899915933609009e-02,2.651064656674861908e-02,2.035387605428695679e-02,1.262212265282869339e-02,4.756063688546419144e-03,-4.830379039049148560e-03,-1.395133696496486664e-02,-2.198186144232749939e-02,-2.840327844023704529e-02,-3.329783678054809570e-02,-3.525328263640403748e-02,-3.488927707076072693e-02,-3.191185370087623596e-02,-2.694462053477764130e-02,-1.921104453504085541e-02,-1.165311317890882492e-02,-2.617592690512537956e-03,6.060445681214332581e-03,1.396803744137287140e-02,1.973443478345870972e-02,2.299048751592636108e-02,2.422370761632919312e-02,2.339612133800983429e-02,2.033956907689571381e-02,1.466968189924955368e-02,8.513331413269042969e-03,3.314177156426012516e-04
3.490226808935403824e-04,-1.089359354227781296e-02,-2.032857574522495270e-02,-2.896861173212528229e-02,-3.472471609711647034e-02,-3.683325648307800293e-02,-3.661813214421272278e-02,-3.370620310306549072e-02,-2.744948305189609528e-02,-1.941501349210739136e-02,-9.288428351283073425e-03,1.186501700431108475e-03,1.159375533461570740e-02,2.086860500276088715e-02,2.777542546391487122e-02,3.195258975028991699e-02,3.317615762352943420e-02,3.125952929258346558e-02,2.687988430261611938e-02,1.971598714590072632e-02,1.098569016903638840e-02,1.400433247908949852e-03,-8.229888975620269775e-03,-1.656626537442207336e-02,-2.338009700179100037e-02,-2.735502272844314575e-02,-2.861934714019298553e-02,-2.768579125404357910e-02,-2.271026372909545898e-02,-1.551150158047676086e-02,-6.343544460833072662e-03,3.866610350087285042e-03,1.490765251219272614e-02,2.590496465563774109e-02,3.468931466341018677e-02,4.096502810716629028e-02,4.476573318243026733e-02,4.491413384675979614e-02,4.243449866771697998e-02,3.561624139547348022e-02,2.652442641556262970e-02,1.603927277028560638e-02,4.585890565067529678e-03,-7.604489102959632874e-03,-1.815811172127723694e-02,-2.708160877227783203e-02,-3.373096138238906860e-02,-3.724399954080581665e-02,-3.729606047272682190e-02,-3.503837436437606812e-02,-2.918543480336666107e-02,-2.120046876370906830e-02,-1.207012590020895004e-02,-1.947846962139010429e-03,8.262098766863346100e-03,1.796437241137027740e-02,2.443058975040912628e-02,2.858338132500648499e-02,2.980390936136245728e-02,2.799186855554580688e-02,2.468170970678329468e-02,1.798694394528865814e-02,9.902458637952804565e-03,-1.343866751994937658e-04
2.865342830773442984e-04,-1.178526692092418671e-02,-2.113025821745395660e-02,-2.990282326936721802e-02,-3.486951813101768494e-02,-3.635169565677642822e-02,-3.611130267381668091e-02,-3.150594234466552734e-02,-2.455487847328186035e-02,-1.452251896262168884e-02,-3.352161962538957596e-03,8.344279602169990540e-03,2.013508602976799011e-02,2.983507700264453888e-02,3.724747523665428162e-02,4.135856404900550842e-02,4.228452220559120178e-02,4.026443511247634888e-02,3.388512879610061646e-02,2.606971561908721924e-02,1.534468587487936020e-02,4.197786096483469009e-03,-6.751360371708869934e-03,-1.663342304527759552e-02,-2.438117936253547668e-02,-2.859363146126270294e-02,-3.047005087137222290e-02,-2.832196652889251709e-02,-2.263880521059036255e-02,-1.394944731146097183e-02,-3.312215209007263184e-03,8.863970637321472168e-03,2.215561270713806152e-02,3.446674719452857971e-02,4.519518464803695679e-02,5.298615992069244385e-02,5.764930695295333862e-02,5.873317644000053406e-02,5.542350932955741882e-02,4.863145202398300171e-02,3.792124241590499878e-02,2.662452310323715210e-02,1.259191334247589111e-02,-5.740382475778460503e-04,-1.327886432409286499e-02,-2.392333373427391052e-02,-3.217753767967224121e-02,-3.667070716619491577e-02,-3.786073625087738037e-02,-3.521285951137542725e-02,-2.955834753811359406e-02,-2.071756497025489807e-02,-1.124078407883644104e-02,-1.189298709505237639e-04,1.064832974225282669e-02,2.021922729909420013e-02,2.782045304775238037e-02,3.252481669187545776e-02,3.343455493450164795e-02,3.180276602506637573e-02,2.763602882623672485e-02,2.002662792801856995e-02,1.077384408563375473e-02,-2.992696536239236593e-04
3.325179859530180693e-04,-1.060606352984905243e-02,-2.018054388463497162e-02,-2.767394669353961945e-02,-3.259764611721038818e-02,-3.435605019330978394e-02,-3.204749152064323425e-02,-2.733694761991500854e-02,-1.980813965201377869e-02,-9.451915509998798370e-03,2.715514507144689560e-03,1.524677686393260956e-02,2.662264183163642883e-02,3.710475564002990723e-02,4.407687485218048096e-02,4.856846854090690613e-02,4.851329699158668518e-02,4.522142931818962097e-02,3.895688802003860474e-02,2.921137399971485138e-02,1.814172416925430298e-02,6.109416019171476364e-03,-5.189263261854648590e-03,-1.558535080403089523e-02,-2.404723316431045532e-02,-2.920964360237121582e-02,-3.052104264497756958e-02,-2.790617384016513824e-02,-2.153374999761581421e-02,-1.272610295563936234e-02,-3.588311083149164915e-04,1.291158888489007950e-02,2.671065926551818848e-02,4.079896956682205200e-02,5.226634815335273743e-02,6.172625720500946045e-02,6.639353185892105103e-02,6.755251437425613403e-02,6.454019993543624878e-02,5.709475651383399963e-02,4.707425832748413086e-02,3.470426797866821289e-02,2.018538489937782288e-02,5.839844699949026108e-03,-7.098803296685218811e-03,-1.917380467057228088e-02,-2.825807221233844757e-02,-3.403069451451301575e-02,-3.579947724938392639e-02,-3.405078127980232239e-02,-2.858754806220531464e-02,-2.037915028631687164e-02,-1.025433279573917389e-02,1.082564471289515495e-03,1.156819611787796021e-02,2.206956595182418823e-02,2.919287979602813721e-02,3.371835872530937195e-02,3.506232798099517822e-02,3.296874836087226868e-02,2.867752499878406525e-02,2.126409485936164856e-02,1.176010724157094955e-02,-2.247419470222666860e-04
1.034732325933873653e-03,-8.735647425055503845e-03,-1.734410226345062256e-02,-2.509806677699089050e-02,-2.887628413736820221e-02,-2.914326824247837067e-02,-2.691181935369968414e-02,-2.131571806967258453e-02,-1.300048176199197769e-02,-2.019333885982632637e-03,9.814359247684478760e-03,2.086190879344940186e-02,3.233285993337631226e-02,4.157740250229835510e-02,4.845737665891647339e-02,5.188491195440292358e-02,5.103031545877456665e-02,4.774214327335357666e-02,4.027619957923889160e-02,3.142339736223220825e-02,1.937680505216121674e-02,7.317714858800172806e-03,-3.837964963167905807e-03,-1.414026133716106415e-02,-2.264350466430187225e-02,-2.757464535534381866e-02,-2.858933433890342712e-02,-2.567065507173538208e-02,-1.898377574980258942e-02,-9.342064149677753448e-03,3.534732153639197350e-03,1.679871790111064911e-02,3.137894719839096069e-02,4.466979950666427612e-02,5.647098273038864136e-02,6.543685495853424072e-02,7.020626217126846313e-02,7.262514531612396240e-02,6.934553384780883789e-02,6.376755237579345703e-02,5.294739454984664917e-02,4.043607041239738464e-02,2.591948769986629486e-02,1.160925813019275665e-02,-1.374930492602288723e-03,-1.334850024431943893e-02,-2.309624291956424713e-02,-2.922546304762363434e-02,-3.143401071429252625e-02,-3.031189367175102234e-02,-2.613822184503078461e-02,-1.839909516274929047e-02,-8.678302168846130371e-03,1.243444043211638927e-03,1.164015661925077438e-02,2.068468928337097168e-02,2.788501232862472534e-02,3.270386904478073120e-02,3.370344638824462891e-02,3.163697198033332825e-02,2.734711393713951111e-02,1.981470175087451935e-02,9.842851199209690094e-03,-3.600112395361065865e-04
1.437694067135453224e-03,-7.134840823709964752e-03,-1.426698639988899231e-02,-1.909194514155387878e-02,-2.174006961286067963e-02,-2.082519233226776123e-02,-1.847943663597106934e-02,-1.334537100046873093e-02,-5.640402436256408691e-03,4.339931998401880264e-03,1.484746113419532776e-02,2.522369101643562317e-02,3.433594107627868652e-02,4.256079345941543579e-02,4.837435111403465271e-02,5.136305466294288635e-02,4.974304884672164917e-02,4.571198299527168274e-02,3.841495886445045471e-02,2.924923412501811981e-02,1.876900903880596161e-02,7.264493033289909363e-03,-3.362453775480389595e-03,-1.248417515307664871e-02,-2.025815658271312714e-02,-2.417380921542644501e-02,-2.512324228882789612e-02,-2.235385216772556305e-02,-1.649470999836921692e-02,-7.046023383736610413e-03,4.890341777354478836e-03,1.822616346180438995e-02,3.136921674013137817e-02,4.490759968757629395e-02,5.649001896381378174e-02,6.573424488306045532e-02,6.934343278408050537e-02,7.117047160863876343e-02,6.878964602947235107e-02,6.414233148097991943e-02,5.480699986219406128e-02,4.356308281421661377e-02,3.049741685390472412e-02,1.678892783820629120e-02,4.201435949653387070e-03,-6.211582105606794357e-03,-1.558134518563747406e-02,-2.181529439985752106e-02,-2.489276602864265442e-02,-2.508409880101680756e-02,-2.174376137554645538e-02,-1.560188457369804382e-02,-8.077530190348625183e-03,7.189904572442173958e-04,9.163529612123966217e-03,1.683070696890354156e-02,2.342885732650756836e-02,2.790141850709915161e-02,2.891612052917480469e-02,2.708858996629714966e-02,2.289887703955173492e-02,1.666814275085926056e-02,9.248937480151653290e-03,8.010613237274810672e-05
1.462494721636176109e-03,-5.008121952414512634e-03,-8.905326016247272491e-03,-1.190645527094602585e-02,-1.153327431529760361e-02,-1.037098467350006104e-02,-8.202359080314636230e-03,-3.578936215490102768e-03,3.238207660615444183e-03,1.112226303666830063e-02,1.929714530706405640e-02,2.723109349608421326e-02,3.440133109688758850e-02,3.964848443865776062e-02,4.370457679033279419e-02,4.536613821983337402e-02,4.474911093711853027e-02,4.058209806680679321e-02,3.356841579079627991e-02,2.481282502412796021e-02,1.593966595828533173e-02,5.878534168004989624e-03,-3.201867220923304558e-03,-1.088227890431880951e-02,-1.648922450840473175e-02,-1.929801516234874725e-02,-2.004932798445224762e-02,-1.781242899596691132e-02,-1.180979330092668533e-02,-3.829500870779156685e-03,6.445455830544233322e-03,1.780014112591743469e-02,2.905466966331005096e-02,3.910302370786666870e-02,4.910781607031822205e-02,5.793848261237144470e-02,6.407911330461502075e-02,6.577421724796295166e-02,6.423597782850265503e-02,5.979473143815994263e-02,5.314121767878532410e-02,4.399654641747474670e-02,3.249838203191757202e-02,2.065480872988700867e-02,1.022932212799787521e-02,4.603452980518341064e-04,-6.515837274491786957e-03,-1.273634284734725952e-02,-1.666676998138427734e-02,-1.742001064121723175e-02,-1.561740227043628693e-02,-1.142833102494478226e-02,-5.678884685039520264e-03,1.490694412495940924e-04,6.699843797832727432e-03,1.235146354883909225e-02,1.668374612927436829e-02,1.987545937299728394e-02,2.125631272792816162e-02,2.002076618373394012e-02,1.722712442278862000e-02,1.245689578354358673e-02,6.387935485690832138e-03,-5.826190463267266750e-04
9.784762514755129814e-04,-1.873756409622728825e-03,-3.116049105301499367e-03,-3.267738036811351776e-03,-1.912903739139437675e-03,1.296238478971645236e-04,3.242675215005874634e-03,6.888029631227254868e-03,1.161611918359994888e-02,1.761519536375999451e-02,2.286216989159584045e-02,2.797400951385498047e-02,3.197333216667175293e-02,3.503713011741638184e-02,3.649661689996719360e-02,3.654929995536804199e-02,3.463948518037796021e-02,3.089065290987491608e-02,2.455478161573410034e-02,1.699209958314895630e-02,1.041926909238100052e-02,3.545289626345038414e-03,-2.982888603582978249e-03,-8.352058939635753632e-03,-1.228255592286586761e-02,-1.407650113105773926e-02,-1.437186449766159058e-02,-1.192692480981349945e-02,-7.605640683323144913e-03,-5.585557082667946815e-04,7.018635515123605728e-03,1.654729247093200684e-02,2.602083981037139893e-02,3.426895290613174438e-02,4.160337150096893311e-02,4.718263074755668640e-02,5.139882862567901611e-02,5.429405346512794495e-02,5.421698838472366333e-02,5.106034502387046814e-02,4.579147696495056152e-02,4.066167771816253662e-02,3.250229358673095703e-02,2.428548410534858704e-02,1.584661565721035004e-02,8.383155800402164459e-03,2.084035426378250122e-03,-2.788040321320295334e-03,-7.086372002959251404e-03,-9.387071244418621063e-03,-9.213633835315704346e-03,-7.652180735021829605e-03,-4.991997499018907547e-03,-1.147588598541915417e-03,2.891892101615667343e-03,6.611776538193225861e-03,9.281195700168609619e-03,1.122041139751672745e-02,1.191932056099176407e-02,1.145567372441291809e-02,9.228717535734176636e-03,5.599267315119504929e-03,3.215125994756817818e-03,-8.558991248719394207e-04
7.380987517535686493e-04,1.790506998077034950e-03,3.258802695199847221e-03,5.778769031167030334e-03,8.580235764384269714e-03,1.117158774286508560e-02,1.417831797152757645e-02,1.677582226693630219e-02,2.040329389274120331e-02,2.325215935707092285e-02,2.457851916551589966e-02,2.646002545952796936e-02,2.716932259500026703e-02,2.722547948360443115e-02,2.601531334221363068e-02,2.434169314801692963e-02,2.222304232418537140e-02,1.889277622103691101e-02,1.429426856338977814e-02,9.017374366521835327e-03,4.587231203913688660e-03,2.244520728709176183e-04,-3.030118299648165703e-03,-6.177505478262901306e-03,-7.927071303129196167e-03,-8.575753308832645416e-03,-8.051839657127857208e-03,-6.488136015832424164e-03,-2.128307940438389778e-03,1.663329428993165493e-03,6.891273427754640579e-03,1.366783771663904190e-02,1.999416202306747437e-02,2.532834559679031372e-02,3.034910187125205994e-02,3.397148847579956055e-02,3.822639957070350647e-02,3.993450105190277100e-02,4.060903191566467285e-02,3.882960602641105652e-02,3.636600077152252197e-02,3.404181450605392456e-02,3.033042512834072113e-02,2.569225616753101349e-02,2.070770598948001862e-02,1.522945612668991089e-02,1.087822858244180679e-02,5.749211646616458893e-03,2.271768404170870781e-03,-5.050447070971131325e-04,-1.912113162688910961e-03,-3.852189285680651665e-03,-3.951112274080514908e-03,-3.158361418172717094e-03,-2.673230133950710297e-03,-1.011608750559389591e-03,-6.648321868851780891e-04,-4.636084486264735460e-04,5.250282119959592819e-04,5.847313441336154938e-04,-4.212464264128357172e-04,-5.102203576825559139e-04,-4.156107897870242596e-04,-1.327761099673807621e-03
-1.144523703260347247e-04,5.338402464985847473e-03,1.084505859762430191e-02,1.602394506335258484e-02,2.086767181754112244e-02,2.381326071918010712e-02,2.611701563000679016e-02,2.759777195751667023e-02,2.787430025637149811e-02,2.721074596047401428e-02,2.559281699359416962e-02,2.377698943018913269e-02,2.155643329024314880e-02,1.884357072412967682e-02,1.480893231928348541e-02,1.129401754587888718e-02,7.824654690921306610e-03,5.482111126184463501e-03,2.285062568262219429e-03,-1.660978537984192371e-03,-3.308926476165652275e-03,-4.570773802697658539e-03,-4.071247763931751251e-03,-4.505930934101343155e-03,-3.902628552168607712e-03,-3.201491199433803558e-03,-1.981395762413740158e-03,-1.257483090739697218e-04,1.951157813891768456e-03,3.559281583875417709e-03,5.913601722568273544e-03,8.858123794198036194e-03,1.177926640957593918e-02,1.421958394348621368e-02,1.590208895504474640e-02,1.761223562061786652e-02,1.980721019208431244e-02,2.250736206769943237e-02,2.484256401658058167e-02,2.347207628190517426e-02,2.369977533817291260e-02,2.457773685455322266e-02,2.590830996632575989e-02,2.586473152041435242e-02,2.459535934031009674e-02,2.201746404170989990e-02,1.994869112968444824e-02,1.623936928808689117e-02,1.201824471354484558e-02,8.138217963278293610e-03,4.410041961818933487e-03,1.254367816727608442e-04,-3.238450502976775169e-03,-6.216511130332946777e-03,-8.580112829804420471e-03,-1.064325030893087387e-02,-1.165458559989929199e-02,-1.207799836993217468e-02,-1.244502142071723938e-02,-1.027337368577718735e-02,-9.742645546793937683e-03,-7.890741340816020966e-03,-3.808561945334076881e-03,-5.448099109344184399e-04
-6.722073885612189770e-04,9.027152322232723236e-03,1.788269914686679840e-02,2.526666596531867981e-02,3.185651823878288269e-02,3.490210324525833130e-02,3.692575916647911072e-02,3.697333484888076782e-02,3.495586663484573364e-02,3.041505068540573120e-02,2.568165399134159088e-02,2.061836607754230499e-02,1.438865717500448227e-02,8.200559765100479126e-03,1.612365245819091797e-03,-3.912957850843667984e-03,-7.813918404281139374e-03,-1.019440405070781708e-02,-1.158059481531381607e-02,-1.204607542604207993e-02,-1.126276236027479172e-02,-8.925425820052623749e-03,-5.486972164362668991e-03,-2.983353100717067719e-03,5.347502883523702621e-04,2.382460515946149826e-03,4.007308743894100189e-03,5.806110799312591553e-03,6.879007443785667419e-03,5.190255120396614075e-03,4.344098269939422607e-03,3.771183779463171959e-03,2.906634705141186714e-03,1.519275479950010777e-03,1.123961177654564381e-03,-1.524596700619440526e-05,1.398449181579053402e-03,2.494203392416238785e-03,4.976415075361728668e-03,7.990818470716476440e-03,9.203687310218811035e-03,1.404039654880762100e-02,1.906198821961879730e-02,2.292558364570140839e-02,2.603220939636230469e-02,2.704652398824691772e-02,2.728224545717239380e-02,2.503063157200813293e-02,2.176265232264995575e-02,1.714635267853736877e-02,1.119856163859367371e-02,4.275626502931118011e-03,-2.700731391087174416e-03,-8.845740929245948792e-03,-1.483122911304235458e-02,-1.933365128934383392e-02,-2.256703004240989685e-02,-2.448642067611217499e-02,-2.490670979022979736e-02,-2.303457818925380707e-02,-1.995268091559410095e-02,-1.403127424418926239e-02,-7.361359894275665283e-03,-4.958035424351692200e-04
-1.501158811151981354e-03,1.240184344351291656e-02,2.330767363309860229e-02,3.271714225411415100e-02,4.112843796610832214e-02,4.447132721543312073e-02,4.562330991029739380e-02,4.463340342044830322e-02,3.944390267133712769e-02,3.242569789290428162e-02,2.514797821640968323e-02,1.511030830442905426e-02,4.481775686144828796e-03,-4.731293767690658569e-03,-1.348461117595434189e-02,-1.898902840912342072e-02,-2.331968024373054504e-02,-2.532424405217170715e-02,-2.496706880629062653e-02,-2.312807925045490265e-02,-1.894811540842056274e-02,-1.389401499181985855e-02,-7.131244521588087082e-03,-9.432491497136652470e-04,4.460231866687536240e-03,8.084943518042564392e-03,1.043547783046960831e-02,1.197846699506044388e-02,1.021862123161554337e-02,6.581128109246492386e-03,2.555482322350144386e-03,-2.826021518558263779e-03,-8.166631683707237244e-03,-1.271643396466970444e-02,-1.680776849389076233e-02,-1.885495521128177643e-02,-1.929054409265518188e-02,-1.707985252141952515e-02,-1.409812644124031067e-02,-7.606052327901124954e-03,-3.721495391800999641e-03,3.268317319452762604e-03,1.100826635956764221e-02,1.978116109967231750e-02,2.656490355730056763e-02,3.097343258559703827e-02,3.325432166457176208e-02,3.289948403835296631e-02,3.007961250841617584e-02,2.490060031414031982e-02,1.710942015051841736e-02,8.147496730089187622e-03,-2.122755162417888641e-03,-1.119504589587450027e-02,-2.017254941165447235e-02,-2.691216021776199341e-02,-3.230470418930053711e-02,-3.478806093335151672e-02,-3.597678989171981812e-02,-3.288485482335090637e-02,-2.764646708965301514e-02,-2.069118246436119080e-02,-1.048618089407682419e-02,-5.561510333791375160e-04
-1.506445347331464291e-03,1.429972238838672638e-02,2.718271128833293915e-02,3.852331638336181641e-02,4.761024937033653259e-02,5.140235647559165955e-02,5.261792987585067749e-02,4.995027929544448853e-02,4.228512942790985107e-02,3.269300609827041626e-02,2.239417843520641327e-02,9.263263083994388580e-03,-4.430971108376979828e-03,-1.636929996311664581e-02,-2.597087435424327850e-02,-3.272878378629684448e-02,-3.701403364539146423e-02,-3.897190466523170471e-02,-3.727586939930915833e-02,-3.266794607043266296e-02,-2.580073662102222443e-02,-1.785049587488174438e-02,-8.440381847321987152e-03,-3.518464509397745132e-04,7.536910939961671829e-03,1.225862000137567520e-02,1.506740227341651917e-02,1.619558222591876984e-02,1.291610766202211380e-02,7.852087728679180145e-03,7.598031079396605492e-04,-7.386099081486463547e-03,-1.641198247671127319e-02,-2.464552223682403564e-02,-3.110844083130359650e-02,-3.501715511083602905e-02,-3.633614629507064819e-02,-3.586644679307937622e-02,-3.155836462974548340e-02,-2.489889040589332581e-02,-1.714302226901054382e-02,-6.103699095547199249e-03,3.761954605579376221e-03,1.465153135359287262e-02,2.549532614648342133e-02,3.251210972666740417e-02,3.689665719866752625e-02,3.797753155231475830e-02,3.565094247460365295e-02,3.092467784881591797e-02,2.198875322937965393e-02,1.133799366652965546e-02,-1.194713171571493149e-03,-1.389039773494005203e-02,-2.509680390357971191e-02,-3.313875570893287659e-02,-4.045872390270233154e-02,-4.427288845181465149e-02,-4.563292860984802246e-02,-4.258705303072929382e-02,-3.502710536122322083e-02,-2.571894228458404541e-02,-1.351082511246204376e-02,-9.508560178801417351e-04
-1.856109360232949257e-03,1.476609334349632263e-02,2.977494522929191589e-02,4.212024435400962830e-02,5.228200927376747131e-02,5.590137839317321777e-02,5.606113374233245850e-02,5.231472477316856384e-02,4.290688782930374146e-02,3.124700114130973816e-02,1.856324076652526855e-02,2.909397473558783531e-03,-1.290244143456220627e-02,-2.488287910819053650e-02,-3.639010339975357056e-02,-4.356728866696357727e-02,-4.825329408049583435e-02,-5.000873282551765442e-02,-4.628904163837432861e-02,-4.124391078948974609e-02,-3.108118101954460144e-02,-2.103927731513977051e-02,-9.411305189132690430e-03,9.832386858761310577e-04,1.025026571005582809e-02,1.629752106964588165e-02,1.905363053083419800e-02,1.936472207307815552e-02,1.503415033221244812e-02,7.971083745360374451e-03,-1.264278893359005451e-03,-1.249857991933822632e-02,-2.430267632007598877e-02,-3.343590348958969116e-02,-4.317547008395195007e-02,-4.833191260695457458e-02,-5.146441608667373657e-02,-5.137225612998008728e-02,-4.746655374765396118e-02,-4.062657058238983154e-02,-2.928696759045124054e-02,-1.589484140276908875e-02,-2.244568429887294769e-03,1.001431513577699661e-02,2.317253127694129944e-02,3.302694484591484070e-02,3.930525854229927063e-02,4.162310808897018433e-02,3.975759446620941162e-02,3.453842177987098694e-02,2.473690174520015717e-02,1.289979740977287292e-02,-8.038820815272629261e-04,-1.480609085410833359e-02,-2.816792763769626617e-02,-3.819607198238372803e-02,-4.626471176743507385e-02,-5.075590312480926514e-02,-5.195659771561622620e-02,-4.820861294865608215e-02,-3.995738178491592407e-02,-2.956027723848819733e-02,-1.502432953566312790e-02,-6.990819238126277924e-04
-8.853063336573541164e-04,1.618400961160659790e-02,3.060027956962585449e-02,4.300404712557792664e-02,5.326423048973083496e-02,5.663324519991874695e-02,5.630400776863098145e-02,5.134117603302001953e-02,4.110438749194145203e-02,2.768113650381565094e-02,1.340065617114305496e-02,-3.985086455941200256e-03,-1.945799030363559723e-02,-3.349610790610313416e-02,-4.501448571681976318e-02,-5.208786204457283020e-02,-5.683192983269691467e-02,-5.696184933185577393e-02,-5.218519270420074463e-02,-4.477138444781303406e-02,-3.404562547802925110e-02,-2.196517214179039001e-02,-9.607741609215736389e-03,1.631866325624287128e-03,1.205569598823785782e-02,1.871544122695922852e-02,2.142595313489437103e-02,2.165753394365310669e-02,1.625515893101692200e-02,7.300696801394224167e-03,-3.446475369855761528e-03,-1.646559126675128937e-02,-2.917380258440971375e-02,-4.123433679342269897e-02,-5.248506367206573486e-02,-5.869271978735923767e-02,-6.318938732147216797e-02,-6.264713406562805176e-02,-5.867598578333854675e-02,-5.049303174018859863e-02,-3.885919600725173950e-02,-2.369715832173824310e-02,-8.617707528173923492e-03,5.899674259126186371e-03,1.980545371770858765e-02,3.130203858017921448e-02,3.898360207676887512e-02,4.259395599365234375e-02,4.088577255606651306e-02,3.626831620931625366e-02,2.555241808295249939e-02,1.313771028071641922e-02,-3.799459664151072502e-04,-1.541046705096960068e-02,-2.941077388823032379e-02,-4.125297069549560547e-02,-4.980339109897613525e-02,-5.505665391683578491e-02,-5.562622100114822388e-02,-5.120884254574775696e-02,-4.264128208160400391e-02,-2.997859939932823181e-02,-1.612308993935585022e-02,-6.444008904509246349e-04
-3.266559797339141369e-04,1.553525030612945557e-02,2.974402718245983124e-02,4.122894629836082458e-02,4.977403208613395691e-02,5.289540439844131470e-02,5.177204683423042297e-02,4.636955261230468750e-02,3.606910258531570435e-02,2.183016575872898102e-02,7.853650487959384918e-03,-8.119757287204265594e-03,-2.478048577904701233e-02,-3.895134478807449341e-02,-4.958348348736763000e-02,-5.637040361762046814e-02,-5.957448855042457581e-02,-5.872561782598495483e-02,-5.382389202713966370e-02,-4.615459218621253967e-02,-3.449863940477371216e-02,-2.210633829236030579e-02,-8.911900222301483154e-03,3.028118284419178963e-03,1.266359817236661911e-02,1.946852728724479675e-02,2.254244498908519745e-02,2.122335322201251984e-02,1.566620916128158569e-02,5.724957212805747986e-03,-5.255967844277620316e-03,-1.867114938795566559e-02,-3.318501263856887817e-02,-4.597787931561470032e-02,-5.726402625441551208e-02,-6.418995559215545654e-02,-6.854514032602310181e-02,-6.850495189428329468e-02,-6.499041616916656494e-02,-5.708971247076988220e-02,-4.470362141728401184e-02,-3.085972182452678680e-02,-1.411967817693948746e-02,1.916107721626758575e-03,1.565785519778728485e-02,2.773026749491691589e-02,3.574463352560997009e-02,4.003976285457611084e-02,3.919558972120285034e-02,3.408998250961303711e-02,2.516461163759231567e-02,1.275891624391078949e-02,-6.222062511369585991e-04,-1.370351761579513550e-02,-2.776632085442543030e-02,-4.042299464344978333e-02,-4.910998046398162842e-02,-5.373275279998779297e-02,-5.385488271713256836e-02,-5.033797025680541992e-02,-4.164435714483261108e-02,-2.920010872185230255e-02,-1.565055362880229950e-02,-1.328438247583108023e-05
-1.092143123969435692e-03,1.335935387760400772e-02,2.573282085359096527e-02,3.585482761263847351e-02,4.290363192558288574e-02,4.576244205236434937e-02,4.515674710273742676e-02,3.894478082656860352e-02,2.910910919308662415e-02,1.658341288566589355e-02,3.010866465047001839e-03,-1.125576533377170563e-02,-2.612665481865406036e-02,-3.923340514302253723e-02,-5.002419278025627136e-02,-5.655469745397567749e-02,-5.863899737596511841e-02,-5.770672485232353210e-02,-5.226738750934600830e-02,-4.346169531345367432e-02,-3.228643909096717834e-02,-2.032897621393203735e-02,-7.382518146187067032e-03,4.334749188274145126e-03,1.333334669470787048e-02,1.945627480745315552e-02,2.196029387414455414e-02,2.106825821101665497e-02,1.451215241104364395e-02,5.292295012623071671e-03,-6.037096958607435226e-03,-1.842833310365676880e-02,-3.273751586675643921e-02,-4.680423438549041748e-02,-5.800469219684600830e-02,-6.571310013532638550e-02,-6.953281164169311523e-02,-7.084780186414718628e-02,-6.693096458911895752e-02,-5.906315520405769348e-02,-4.732160642743110657e-02,-3.381846472620964050e-02,-1.874513179063796997e-02,-3.561245277523994446e-03,9.262773208320140839e-03,2.105018496513366699e-02,3.084716200828552246e-02,3.576578944921493530e-02,3.537111356854438782e-02,3.153099492192268372e-02,2.303130552172660828e-02,1.233909837901592255e-02,-2.409303124295547605e-04,-1.186504308134317398e-02,-2.421507611870765686e-02,-3.559589758515357971e-02,-4.490662366151809692e-02,-4.946420341730117798e-02,-4.859931766986846924e-02,-4.605276137590408325e-02,-3.698734194040298462e-02,-2.588093839585781097e-02,-1.383509486913681030e-02,5.971060018055140972e-04
-1.454475335776805878e-03,1.106576249003410339e-02,2.119915187358856201e-02,2.714351937174797058e-02,3.182099387049674988e-02,3.411840647459030151e-02,3.351128473877906799e-02,2.827259339392185211e-02,1.966455765068531036e-02,8.923359215259552002e-03,-2.296674065291881561e-03,-1.430899836122989655e-02,-2.725058980286121368e-02,-3.806075453758239746e-02,-4.652624204754829407e-02,-5.118018388748168945e-02,-5.278292670845985413e-02,-5.083742737770080566e-02,-4.566492885351181030e-02,-3.733386099338531494e-02,-2.851252444088459015e-02,-1.733243837952613831e-02,-5.687258671969175339e-03,5.272199865430593491e-03,1.248952001333236694e-02,1.780568249523639679e-02,1.931046508252620697e-02,1.752839237451553345e-02,1.236027944833040237e-02,3.462256398051977158e-03,-6.549736484885215759e-03,-1.802034489810466766e-02,-3.005750849843025208e-02,-4.201395064592361450e-02,-5.336459726095199585e-02,-6.057808548212051392e-02,-6.538092344999313354e-02,-6.599745899438858032e-02,-6.322239339351654053e-02,-5.595769360661506653e-02,-4.687816649675369263e-02,-3.489784523844718933e-02,-2.083267271518707275e-02,-7.006360683590173721e-03,4.307801835238933563e-03,1.383199077099561691e-02,2.209485322237014771e-02,2.826616540551185608e-02,2.831084839999675751e-02,2.452928945422172546e-02,1.882226392626762390e-02,1.044196076691150665e-02,1.161015388788655400e-04,-1.034386176615953445e-02,-2.005723118782043457e-02,-2.941883169114589691e-02,-3.639866411685943604e-02,-4.069714993238449097e-02,-4.008938372135162354e-02,-3.732613101601600647e-02,-3.052176162600517273e-02,-2.193284407258033752e-02,-1.158946286886930466e-02,5.195118137635290623e-04
-1.092280144803225994e-03,8.018916472792625427e-03,1.560532022267580032e-02,1.781999133527278900e-02,2.116500400006771088e-02,2.224054187536239624e-02,2.049300074577331543e-02,1.595680601894855499e-02,9.964749217033386230e-03,2.144561614841222763e-03,-6.270211189985275269e-03,-1.737241819500923157e-02,-2.614295668900012970e-02,-3.323349356651306152e-02,-3.830875456333160400e-02,-4.075507447123527527e-02,-4.073237255215644836e-02,-3.946727514266967773e-02,-3.427085652947425842e-02,-2.839410118758678436e-02,-2.026690170168876648e-02,-1.212201453745365143e-02,-2.808711491525173187e-03,5.213341210037469864e-03,1.146889571100473404e-02,1.521256472915410995e-02,1.588970609009265900e-02,1.424203719943761826e-02,9.640658274292945862e-03,2.852615900337696075e-03,-6.046409253031015396e-03,-1.642936468124389648e-02,-2.704581059515476227e-02,-3.577953204512596130e-02,-4.478631541132926941e-02,-5.044415965676307678e-02,-5.504884570837020874e-02,-5.664119124412536621e-02,-5.391462147235870361e-02,-4.951059818267822266e-02,-4.139408096671104431e-02,-3.275690972805023193e-02,-2.147623710334300995e-02,-1.007914263755083084e-02,-1.046444449457339942e-04,7.533728610724210739e-03,1.344480738043785095e-02,1.786634698510169983e-02,1.933812350034713745e-02,1.781418547034263611e-02,1.413911767303943634e-02,8.921549655497074127e-03,1.672049053013324738e-03,-6.327154580503702164e-03,-1.301486045122146606e-02,-1.879769191145896912e-02,-2.398567460477352142e-02,-2.689980156719684601e-02,-2.722238190472126007e-02,-2.648266218602657318e-02,-2.143283747136592865e-02,-1.600132137537002563e-02,-8.036807179450988770e-03,4.343160253483802080e-04
-1.905519980937242508e-03,4.417611286044120789e-03,7.723312824964523315e-03,6.995151285082101822e-03,7.297420874238014221e-03,7.404831238090991974e-03,6.247298792004585266e-03,3.944092895835638046e-03,-1.453818287700414658e-03,-6.523996591567993164e-03,-1.126564200967550278e-02,-1.689707860350608826e-02,-2.168109081685543060e-02,-2.486300840973854065e-02,-2.701205573976039886e-02,-2.695237658917903900e-02,-2.671222947537899017e-02,-2.517157420516014099e-02,-2.180942520499229431e-02,-1.707702688872814178e-02,-1.136329397559165955e-02,-5.925506819039583206e-03,1.662903523538261652e-04,5.433941259980201721e-03,9.442808106541633606e-03,1.173848658800125122e-02,1.178266853094100952e-02,9.640133939683437347e-03,6.124774925410747528e-03,1.483260886743664742e-03,-4.740635398775339127e-03,-1.177509501576423645e-02,-1.962413080036640167e-02,-2.595226280391216278e-02,-3.224844112992286682e-02,-3.531390801072120667e-02,-3.879002854228019714e-02,-4.093841090798377991e-02,-4.067794978618621826e-02,-3.854313865303993225e-02,-3.486556559801101685e-02,-2.851271070539951324e-02,-2.072959579527378082e-02,-1.387400552630424500e-02,-6.698194891214370728e-03,-7.637285161763429642e-04,3.921692725270986557e-03,8.807526901364326477e-03,9.495705366134643555e-03,8.724893443286418915e-03,7.346344646066427231e-03,5.942919757217168808e-03,3.118352266028523445e-03,-7.596196373924612999e-04,-5.122711416333913803e-03,-8.503916673362255096e-03,-1.096742600202560425e-02,-1.234971359372138977e-02,-1.312801241874694824e-02,-1.364784594625234604e-02,-1.077137049287557602e-02,-9.439704939723014832e-03,-3.757577622309327126e-03,1.074943356798030436e-04
1.612335036043077707e-04,1.713716337690129876e-04,-2.594916149973869324e-04,-4.387894645333290100e-03,-5.204324610531330109e-03,-7.309753913432359695e-03,-8.954106830060482025e-03,-9.535457938909530640e-03,-1.343249995261430740e-02,-1.421193405985832214e-02,-1.502700708806514740e-02,-1.497584674507379532e-02,-1.581974327564239502e-02,-1.568470336496829987e-02,-1.517483126372098923e-02,-1.376580819487571716e-02,-1.118954084813594818e-02,-9.442399255931377411e-03,-6.402533967047929764e-03,-3.986343275755643845e-03,-4.772583779413253069e-04,1.687766751274466515e-03,3.747133072465658188e-03,6.736722774803638458e-03,8.248183876276016235e-03,9.131095372140407562e-03,7.881577126681804657e-03,4.796675406396389008e-03,3.182075452059507370e-03,4.801226023118942976e-04,-2.175999805331230164e-03,-5.141496192663908005e-03,-9.971507824957370758e-03,-1.403560861945152283e-02,-1.819082722067832947e-02,-2.043706178665161133e-02,-2.264215983450412750e-02,-2.403295412659645081e-02,-2.350459434092044830e-02,-2.401958964765071869e-02,-2.348810806870460510e-02,-2.173102460801601410e-02,-1.848398521542549133e-02,-1.436777040362358093e-02,-1.140801422297954559e-02,-8.233397267758846283e-03,-5.418426822870969772e-03,-2.146816579625010490e-03,-2.344711829209700227e-04,1.324817421846091747e-04,1.270001870580017567e-03,3.452503588050603867e-03,4.723065998405218124e-03,5.569026339799165726e-03,5.063197575509548187e-03,3.909314051270484924e-03,3.006766783073544502e-03,1.463365624658763409e-03,1.811495400033891201e-03,6.323697743937373161e-04,7.965433178469538689e-04,-4.159540694672614336e-04,1.236882759258151054e-03,-5.270916153676807880e-04
1.328231737716123462e-04,-6.959194317460060120e-03,-1.109102088958024979e-02,-1.696593314409255981e-02,-2.009134180843830109e-02,-2.240481041371822357e-02,-2.463348768651485443e-02,-2.344626933336257935e-02,-2.392910048365592957e-02,-2.138486877083778381e-02,-1.804934442043304443e-02,-1.287002954632043839e-02,-8.825329132378101349e-03,-4.658676218241453171e-03,-1.640799455344676971e-04,3.331080544739961624e-03,6.728349719196557999e-03,8.714752271771430969e-03,9.442611597478389740e-03,9.469007141888141632e-03,1.012558210641145706e-02,8.945607580244541168e-03,8.075305260717868805e-03,7.130105979740619659e-03,5.281050223857164383e-03,4.556317813694477081e-03,2.627143636345863342e-03,1.244621467776596546e-03,2.775853790808469057e-04,-3.459400613792240620e-05,1.679747656453400850e-04,6.661460502073168755e-04,4.988058353774249554e-04,-4.615323268808424473e-04,-1.007256098091602325e-03,-2.021890366449952126e-03,-3.126381197944283485e-03,-4.546450916677713394e-03,-7.112424820661544800e-03,-9.567660279572010040e-03,-1.080302335321903229e-02,-1.380032300949096680e-02,-1.474847458302974701e-02,-1.588244177401065826e-02,-1.639875583350658417e-02,-1.681406982243061066e-02,-1.634162291884422302e-02,-1.399148348718881607e-02,-1.043808180838823318e-02,-7.691083475947380066e-03,-4.511913750320672989e-03,9.076080168597400188e-04,6.321209482848644257e-03,1.142880134284496307e-02,1.552611030638217926e-02,1.783014088869094849e-02,1.965094171464443207e-02,2.000963315367698669e-02,1.906426250934600830e-02,1.603257656097412109e-02,1.349375396966934204e-02,8.553810417652130127e-03,5.580020602792501450e-03,-1.445265137590467930e-03
-3.918028378393501043e-04,-1.149035524576902390e-02,-1.875660009682178497e-02,-2.836924232542514801e-02,-3.350284695625305176e-02,-3.647079318761825562e-02,-3.851196542382240295e-02,-3.663489595055580139e-02,-3.389935567975044250e-02,-2.759638987481594086e-02,-2.048768475651741028e-02,-1.122369244694709778e-02,-1.621547387912869453e-03,7.057861890643835068e-03,1.499541196972131729e-02,2.001062035560607910e-02,2.472512796521186829e-02,2.679635956883430481e-02,2.594327740371227264e-02,2.413679100573062897e-02,2.107158862054347992e-02,1.696449518203735352e-02,1.190760452300310135e-02,7.455334998667240143e-03,3.226198023185133934e-03,1.009958097711205482e-03,-1.677170745097100735e-03,-3.237215802073478699e-03,-2.129771281033754349e-03,-7.080752402544021606e-04,1.936320913955569267e-03,6.371079012751579285e-03,1.009656675159931183e-02,1.429769676178693771e-02,1.735882088541984558e-02,1.811552792787551880e-02,1.844737678766250610e-02,1.614352501928806305e-02,1.176250353455543518e-02,6.565560121089220047e-03,1.856516115367412567e-03,-4.524771589785814285e-03,-1.082220859825611115e-02,-1.556519791483879089e-02,-1.987940259277820587e-02,-2.299547567963600159e-02,-2.463618479669094086e-02,-2.366292104125022888e-02,-2.054080925881862640e-02,-1.559796556830406189e-02,-9.623733349144458771e-03,-2.072262577712535858e-03,6.808842066675424576e-03,1.628613471984863281e-02,2.429442107677459717e-02,3.035079687833786011e-02,3.475941345095634460e-02,3.569445013999938965e-02,3.501404449343681335e-02,3.181705251336097717e-02,2.613634057343006134e-02,1.821412518620491028e-02,1.040897984057664871e-02,3.735224017873406410e-04
-4.801532195415347815e-04,-1.488092355430126190e-02,-2.545562386512756348e-02,-3.671252727508544922e-02,-4.448046907782554626e-02,-4.883115738630294800e-02,-5.031600221991539001e-02,-4.806722700595855713e-02,-4.200306534767150879e-02,-3.273185715079307556e-02,-2.129204198718070984e-02,-8.327844552695751190e-03,4.778729751706123352e-03,1.726421527564525604e-02,2.718416042625904083e-02,3.480434790253639221e-02,3.958160802721977234e-02,4.147412255406379700e-02,4.064026847481727600e-02,3.630150109529495239e-02,3.053255751729011536e-02,2.345815859735012054e-02,1.573173515498638153e-02,7.797277532517910004e-03,7.254211232066154480e-04,-3.657274646684527397e-03,-6.504872348159551620e-03,-6.987086497247219086e-03,-5.057129077613353729e-03,-5.394734325818717480e-04,4.868227057158946991e-03,1.219105906784534454e-02,1.924344524741172791e-02,2.600690722465515137e-02,3.121636621654033661e-02,3.508378192782402039e-02,3.628760203719139099e-02,3.472571074962615967e-02,3.031426668167114258e-02,2.245636470615863800e-02,1.345883589237928391e-02,3.675595857203006744e-03,-5.991171579807996750e-03,-1.520753558725118637e-02,-2.302107959985733032e-02,-2.837402373552322388e-02,-3.166735172271728516e-02,-3.259215131402015686e-02,-2.881869301199913025e-02,-2.322892099618911743e-02,-1.406377647072076797e-02,-3.994091413915157318e-03,7.700302172452211380e-03,2.046935260295867920e-02,3.152351081371307373e-02,4.030971601605415344e-02,4.625025764107704163e-02,4.834697395563125610e-02,4.811651632189750671e-02,4.290249571204185486e-02,3.655589371919631958e-02,2.540400810539722443e-02,1.420765463262796402e-02,1.373383856844156981e-04
-8.671181276440620422e-04,-1.629715040326118469e-02,-3.080179914832115173e-02,-4.369096085429191589e-02,-5.332542955875396729e-02,-5.856163054704666138e-02,-5.955440923571586609e-02,-5.535025522112846375e-02,-4.787096381187438965e-02,-3.539228066802024841e-02,-2.147753909230232239e-02,-5.522000137716531754e-03,1.089631021022796631e-02,2.579092420637607574e-02,3.813589736819267273e-02,4.642054811120033264e-02,5.205699801445007324e-02,5.453814193606376648e-02,5.200761556625366211e-02,4.712300747632980347e-02,3.787181526422500610e-02,2.841117791831493378e-02,1.789690554141998291e-02,7.567265070974826813e-03,-8.599066641181707382e-04,-6.853071972727775574e-03,-1.046206615865230560e-02,-1.114868372678756714e-02,-7.143708411604166031e-03,-5.729124532081186771e-04,7.232906296849250793e-03,1.676052808761596680e-02,2.684471197426319122e-02,3.585799038410186768e-02,4.404935240745544434e-02,4.842462763190269470e-02,5.063670501112937927e-02,4.925454780459403992e-02,4.390050843358039856e-02,3.565326705574989319e-02,2.347211353480815887e-02,1.222052704542875290e-02,-1.964518334716558456e-03,-1.431759446859359741e-02,-2.465121634304523468e-02,-3.284134715795516968e-02,-3.793131560087203979e-02,-3.878916800022125244e-02,-3.529410809278488159e-02,-2.831842564046382904e-02,-1.766716875135898590e-02,-5.167346447706222534e-03,8.567148819565773010e-03,2.403108961880207062e-02,3.843073546886444092e-02,4.887414723634719849e-02,5.639126524329185486e-02,5.960987508296966553e-02,5.924253538250923157e-02,5.325641483068466187e-02,4.541617631912231445e-02,3.187207132577896118e-02,1.680140942335128784e-02,1.583358272910118103e-03
3.827650507446378469e-04,-1.763016916811466217e-02,-3.498938679695129395e-02,-4.907265678048133850e-02,-5.853771045804023743e-02,-6.368923187255859375e-02,-6.480076164007186890e-02,-5.995659530162811279e-02,-5.045956373214721680e-02,-3.686918318271636963e-02,-1.990678533911705017e-02,-2.632295945659279823e-03,1.665405370295047760e-02,3.398527950048446655e-02,4.716531932353973389e-02,5.652514472603797913e-02,6.141494959592819214e-02,6.334724277257919312e-02,6.013914942741394043e-02,5.344369634985923767e-02,4.308641701936721802e-02,3.148226439952850342e-02,1.998656056821346283e-02,8.192093111574649811e-03,-1.898252521641552448e-03,-9.599178098142147064e-03,-1.341902371495962143e-02,-1.354061346501111984e-02,-9.068618528544902802e-03,-1.381578855216503143e-03,8.614079095423221588e-03,2.011353895068168640e-02,3.269549086689949036e-02,4.495538771152496338e-02,5.394126847386360168e-02,5.987997353076934814e-02,6.180434674024581909e-02,6.008996814489364624e-02,5.428892001509666443e-02,4.461763799190521240e-02,3.160100430250167847e-02,1.804995164275169373e-02,2.672625239938497543e-03,-1.225958112627267838e-02,-2.535994350910186768e-02,-3.517062216997146606e-02,-4.128322750329971313e-02,-4.292880743741989136e-02,-3.895097225904464722e-02,-3.284141048789024353e-02,-2.040265686810016632e-02,-7.055551744997501373e-03,9.166936390101909637e-03,2.675799652934074402e-02,4.230381548404693604e-02,5.538272112607955933e-02,6.339200586080551147e-02,6.698948889970779419e-02,6.602255254983901978e-02,5.873353406786918640e-02,4.988384619355201721e-02,3.595716506242752075e-02,1.896791160106658936e-02,2.917167148552834988e-04
9.470946970395743847e-04,-1.918710023164749146e-02,-3.595626726746559143e-02,-4.986382275819778442e-02,-6.041726842522621155e-02,-6.548342108726501465e-02,-6.575678288936614990e-02,-6.034813821315765381e-02,-5.099976435303688049e-02,-3.583232313394546509e-02,-1.901717111468315125e-02,-2.917304227594286203e-04,1.958613470196723938e-02,3.677449002861976624e-02,5.149253085255622864e-02,6.163110584020614624e-02,6.656523793935775757e-02,6.757272034883499146e-02,6.401608884334564209e-02,5.669360235333442688e-02,4.583723843097686768e-02,3.306441381573677063e-02,2.016965858638286591e-02,7.479474879801273346e-03,-3.023829078301787376e-03,-9.675518609583377838e-03,-1.433722861111164093e-02,-1.416541449725627899e-02,-9.558837860822677612e-03,-4.836168081965297461e-04,1.038283761590719223e-02,2.224795334041118622e-02,3.588366881012916565e-02,4.764853790402412415e-02,5.863932520151138306e-02,6.492506712675094604e-02,6.757882982492446899e-02,6.562203168869018555e-02,6.003645807504653931e-02,5.055972561240196228e-02,3.681107237935066223e-02,2.162082865834236145e-02,5.868631415069103241e-03,-9.777817875146865845e-03,-2.430890128016471863e-02,-3.476476296782493591e-02,-4.183759167790412903e-02,-4.369550198316574097e-02,-3.997892141342163086e-02,-3.307748585939407349e-02,-2.131976932287216187e-02,-6.286651827394962311e-03,1.010805368423461914e-02,2.658000960946083069e-02,4.279997199773788452e-02,5.627045780420303345e-02,6.504930555820465088e-02,6.968999654054641724e-02,6.848222762346267700e-02,6.159435957670211792e-02,5.289037525653839111e-02,3.800131008028984070e-02,2.031353861093521118e-02,-2.979407436214387417e-04
1.156044425442814827e-03,-1.711751334369182587e-02,-3.510716184973716736e-02,-4.843163490295410156e-02,-5.751331523060798645e-02,-6.259653717279434204e-02,-6.194285675883293152e-02,-5.722131207585334778e-02,-4.807562381029129028e-02,-3.393088281154632568e-02,-1.642443239688873291e-02,1.333800493739545345e-03,2.012482285499572754e-02,3.676366806030273438e-02,5.103119090199470520e-02,6.029039248824119568e-02,6.530149281024932861e-02,6.573471426963806152e-02,6.236695125699043274e-02,5.482045561075210571e-02,4.419288039207458496e-02,3.154102712869644165e-02,1.865845918655395508e-02,6.796912290155887604e-03,-3.384531242772936821e-03,-1.066699251532554626e-02,-1.455543376505374908e-02,-1.394906826317310333e-02,-9.515930898487567902e-03,-8.630766533315181732e-04,1.089113950729370117e-02,2.290023863315582275e-02,3.563479334115982056e-02,4.782307147979736328e-02,5.863683298230171204e-02,6.477851420640945435e-02,6.739070266485214233e-02,6.539501249790191650e-02,6.000512093305587769e-02,5.096269026398658752e-02,3.826352581381797791e-02,2.316297404468059540e-02,7.530311122536659241e-03,-6.887089926749467850e-03,-2.106936089694499969e-02,-3.248933330178260803e-02,-3.964548930525779724e-02,-4.164756834506988525e-02,-3.886059671640396118e-02,-3.197686374187469482e-02,-2.112547680735588074e-02,-6.828267127275466919e-03,1.034583430737257004e-02,2.591587789356708527e-02,4.113728925585746765e-02,5.399822816252708435e-02,6.269291043281555176e-02,6.639118492603302002e-02,6.592450290918350220e-02,5.946677178144454956e-02,4.975648596882820129e-02,3.665331751108169556e-02,1.896543242037296295e-02,-1.161247608251869678e-03
8.116578101180493832e-04,-1.625867560505867004e-02,-3.157534077763557434e-02,-4.377486184239387512e-02,-5.150087177753448486e-02,-5.581707134842872620e-02,-5.585584416985511780e-02,-5.185894295573234558e-02,-4.245250672101974487e-02,-2.995054796338081360e-02,-1.492795348167419434e-02,2.566423267126083374e-03,1.914758980274200439e-02,3.348459303379058838e-02,4.653635621070861816e-02,5.484449118375778198e-02,5.985235422849655151e-02,5.972106382250785828e-02,5.703387781977653503e-02,5.010505020618438721e-02,4.087161645293235779e-02,2.874501049518585205e-02,1.726965047419071198e-02,5.695823580026626587e-03,-3.224087646231055260e-03,-9.451601654291152954e-03,-1.351878885179758072e-02,-1.327474974095821381e-02,-9.195709601044654846e-03,-9.525777422823011875e-04,9.723540395498275757e-03,2.152637764811515808e-02,3.318382799625396729e-02,4.398324713110923767e-02,5.386806651949882507e-02,5.962377041578292847e-02,6.228980794548988342e-02,6.028078123927116394e-02,5.627654865384101868e-02,4.809637740254402161e-02,3.681786730885505676e-02,2.183531224727630615e-02,7.727211806923151016e-03,-6.177923642098903656e-03,-1.849853806197643280e-02,-2.821453474462032318e-02,-3.544235602021217346e-02,-3.741709142923355103e-02,-3.477098420262336731e-02,-2.886698022484779358e-02,-2.013423852622509003e-02,-6.623398978263139725e-03,8.918864652514457703e-03,2.344954386353492737e-02,3.648518398404121399e-02,4.760310798883438110e-02,5.588025599718093872e-02,5.944712460041046143e-02,5.967844277620315552e-02,5.438487604260444641e-02,4.622505605220794678e-02,3.341829031705856323e-02,1.663206517696380615e-02,-1.532759401015937328e-03
2.257735002785921097e-03,-1.297141518443822861e-02,-2.547838725149631500e-02,-3.503102064132690430e-02,-4.204645380377769470e-02,-4.576398059725761414e-02,-4.521449282765388489e-02,-4.197801277041435242e-02,-3.478522226214408875e-02,-2.473457157611846924e-02,-1.112432219088077545e-02,2.434736583381891251e-03,1.695648767054080963e-02,2.815983258187770844e-02,3.810514509677886963e-02,4.535266384482383728e-02,4.945601150393486023e-02,4.998759552836418152e-02,4.746286571025848389e-02,4.250308498740196228e-02,3.398232534527778625e-02,2.408872358500957489e-02,1.349399704486131668e-02,4.186737816780805588e-03,-3.384755458682775497e-03,-8.491769433021545410e-03,-1.171941682696342468e-02,-1.180338487029075623e-02,-8.359280414879322052e-03,-1.436969498172402382e-03,8.188826963305473328e-03,1.793626509606838226e-02,2.804268710315227509e-02,3.631508722901344299e-02,4.424300044775009155e-02,4.891579225659370422e-02,5.153095349669456482e-02,5.090455338358879089e-02,4.773400723934173584e-02,4.226681217551231384e-02,3.202102705836296082e-02,1.987540721893310547e-02,6.995081901550292969e-03,-4.649145063012838364e-03,-1.502253208309412003e-02,-2.286338433623313904e-02,-2.879495918750762939e-02,-3.083778917789459229e-02,-2.888879738748073578e-02,-2.455660328269004822e-02,-1.666661910712718964e-02,-6.621758919209241867e-03,7.199001032859086990e-03,1.929606124758720398e-02,2.996219135820865631e-02,3.927761316299438477e-02,4.552979394793510437e-02,4.934380948543548584e-02,4.956250265240669250e-02,4.732566699385643005e-02,3.920337557792663574e-02,2.758756838738918304e-02,1.351527683436870575e-02,-2.222656970843672752e-03
6.251743761822581291e-04,-1.087497826665639877e-02,-1.966798491775989532e-02,-2.581877447664737701e-02,-2.987184934318065643e-02,-3.145930916070938110e-02,-3.170720487833023071e-02,-2.841573022305965424e-02,-2.372049912810325623e-02,-1.637279056012630463e-02,-8.349830284714698792e-03,2.634588861837983131e-03,1.221699826419353485e-02,2.076165378093719482e-02,2.813814952969551086e-02,3.149811923503875732e-02,3.554064407944679260e-02,3.503214567899703979e-02,3.399530798196792603e-02,2.928615361452102661e-02,2.405480667948722839e-02,1.640034839510917664e-02,9.412444196641445160e-03,2.201375784352421761e-03,-2.476046327501535416e-03,-6.499429233372211456e-03,-8.187303319573402405e-03,-7.963842712342739105e-03,-5.284433253109455109e-03,-5.549074267037212849e-04,5.571923684328794479e-03,1.366213057190179825e-02,2.036910131573677063e-02,2.708288282155990601e-02,3.262082859873771667e-02,3.501053899526596069e-02,3.778544068336486816e-02,3.605805337429046631e-02,3.477551415562629700e-02,2.884828671813011169e-02,2.279830724000930786e-02,1.404504384845495224e-02,5.650266539305448532e-03,-3.661372931674122810e-03,-1.011624466627836227e-02,-1.628116704523563385e-02,-2.037089876830577850e-02,-2.105086110532283783e-02,-2.009679749608039856e-02,-1.692692562937736511e-02,-1.173185929656028748e-02,-3.877033479511737823e-03,4.461362026631832123e-03,1.413385476917028427e-02,2.177180908620357513e-02,2.730536460876464844e-02,3.284545615315437317e-02,3.412782400846481323e-02,3.550341352820396423e-02,3.191395848989486694e-02,2.705992385745048523e-02,1.920537650585174561e-02,1.054639089852571487e-02,-2.354744123294949532e-03
8.850525046000257134e-05,-8.118141442537307739e-03,-9.596767835319042206e-03,-1.238198578357696533e-02,-1.579386740922927856e-02,-1.549528632313013077e-02,-1.482638716697692871e-02,-1.342456229031085968e-02,-1.042433455586433411e-02,-7.402559742331504822e-03,-2.934794174507260323e-03,1.607463462278246880e-03,6.362465210258960724e-03,1.074522361159324646e-02,1.456362754106521606e-02,1.785314269363880157e-02,1.895832642912864685e-02,1.901134289801120758e-02,1.745899766683578491e-02,1.564765349030494690e-02,1.186561584472656250e-02,8.941086009144783020e-03,5.109061487019062042e-03,2.809939323924481869e-04,-1.369525562040507793e-03,-3.208850277587771416e-03,-3.250204026699066162e-03,-3.184421220794320107e-03,-1.207316643558442593e-03,7.350366795435547829e-04,3.903093514963984489e-03,7.367995567619800568e-03,1.067532226443290710e-02,1.380383875221014023e-02,1.715181209146976471e-02,1.979915797710418701e-02,2.076406963169574738e-02,2.070338837802410126e-02,1.866734959185123444e-02,1.637853495776653290e-02,1.226962264627218246e-02,8.629118092358112335e-03,4.197029396891593933e-03,-1.612952095456421375e-03,-4.991904832422733307e-03,-7.674890104681253433e-03,-9.357830509543418884e-03,-1.010725367814302444e-02,-9.209125302731990814e-03,-8.089734241366386414e-03,-4.841594956815242767e-03,-1.146063790656626225e-03,3.746506525203585625e-03,7.259023375809192657e-03,1.092210505157709122e-02,1.542289834469556808e-02,1.772712916135787964e-02,1.940675638616085052e-02,1.847677305340766907e-02,1.630161888897418976e-02,1.313331257551908493e-02,9.674201719462871552e-03,5.815140437334775925e-03,-9.837799007073044777e-04
-2.133393660187721252e-03,-1.713738456601276994e-04,1.313049229793250561e-03,2.921606646850705147e-03,6.868622149340808392e-04,2.694869879633188248e-03,1.272863009944558144e-03,2.470955718308687210e-03,9.304999257437884808e-04,6.670089787803590298e-04,8.412084425799548626e-04,1.176571240648627281e-03,8.390824659727513790e-04,-2.162050659535452724e-04,-4.651268245652318001e-04,-7.303124875761568546e-04,-7.147932774387300014e-04,1.869154402811545879e-05,-1.074485015124082565e-03,1.494783791713416576e-04,-1.014157460303977132e-04,3.264731203671544790e-04,-3.440147265791893005e-04,-1.022245851345360279e-04,-9.471620433032512665e-05,1.031092368066310883e-03,1.707349903881549835e-03,1.541504636406898499e-03,9.775165235623717308e-04,1.651762635447084904e-03,1.884016091935336590e-03,1.640436821617186069e-03,1.414616708643734455e-03,3.785583830904215574e-04,2.317703911103308201e-04,5.260788020677864552e-04,7.372666150331497192e-04,5.675892462022602558e-04,2.618680300656706095e-04,4.320175212342292070e-04,3.000780125148594379e-04,1.550057670101523399e-03,6.462924065999686718e-04,6.548527744598686695e-04,2.753295702859759331e-04,1.452271011658012867e-03,1.395598752424120903e-03,2.611912088468670845e-03,1.782078994438052177e-03,1.493465970270335674e-03,1.710772281512618065e-03,1.086848555132746696e-03,9.971089893952012062e-04,1.128772739320993423e-03,9.854404488578438759e-04,8.381812949664890766e-04,1.167985959909856319e-03,-2.934643707703799009e-04,-5.876936484128236771e-04,-5.943008000031113625e-05,-1.083728275261819363e-03,-1.165447290986776352e-03,2.796754997689276934e-04,1.059553469531238079e-03
