0.000000000000000000e+00,0.000000000000000000e+00,0.000000000000000000e+00,0.000000000000000000e+00,0.000000000000000000e+00,0.000000000000000000e+00,0.000000000000000000e+00,0.000000000000000000e+00,0.000000000000000000e+00,0.000000000000000000e+00,0.000000000000000000e+00,0.000000000000000000e+00,0.000000000000000000e+00,0.000000000000000000e+00,0.000000000000000000e+00,0.000000000000000000e+00,0.000000000000000000e+00,0.000000000000000000e+00,0.000000000000000000e+00,0.000000000000000000e+00,0.000000000000000000e+00,0.000000000000000000e+00,0.000000000000000000e+00,0.000000000000000000e+00,0.000000000000000000e+00,0.000000000000000000e+00,0.000000000000000000e+00,0.000000000000000000e+00,0.000000000000000000e+00,0.000000000000000000e+00,0.000000000000000000e+00,0.000000000000000000e+00,0.000000000000000000e+00,0.000000000000000000e+00,0.000000000000000000e+00,0.000000000000000000e+00,0.000000000000000000e+00,0.000000000000000000e+00,0.000000000000000000e+00,0.000000000000000000e+00,0.000000000000000000e+00,0.000000000000000000e+00,0.000000000000000000e+00,0.000000000000000000e+00,0.000000000000000000e+00,0.000000000000000000e+00,0.000000000000000000e+00,0.000000000000000000e+00,0.000000000000000000e+00,0.000000000000000000e+00,0.000000000000000000e+00,0.000000000000000000e+00,0.000000000000000000e+00,0.000000000000000000e+00,0.000000000000000000e+00,0.000000000000000000e+00,0.000000000000000000e+00,0.000000000000000000e+00,0.000000000000000000e+00,0.000000000000000000e+00,0.000000000000000000e+00,0.000000000000000000e+00,0.000000000000000000e+00,0.000000000000000000e+00
0.000000000000000000e+00,-5.394606292247772217e-02,-1.031588390469551086e-01,-1.437599956989288330e-01,-1.734811812639236450e-01,-1.922292858362197876e-01,-2.023906409740447998e-01,-2.088296562433242798e-01,-2.185675203800201416e-01,-2.401602119207382202e-01,-2.828261256217956543e-01,-3.554012179374694824e-01,-4.652200639247894287e-01,-6.170327663421630859e-01,-8.120691180229187012e-01,-1.047352194786071777e+00,-1.315345287322998047e+00,-1.603987693786621094e+00,-1.897143244743347168e+00,-2.175447463989257812e+00,-2.417504787445068359e+00,-2.601352453231811523e+00,-2.706083059310913086e+00,-2.713498115539550781e+00,-2.609659433364868164e+00,-2.386206865310668945e+00,-2.041329383850097656e+00,-1.580297827720642090e+00,-1.015505313873291016e+00,-3.659947812557220459e-01,3.435020446777343750e-01,1.083951830863952637e+00,1.823737978935241699e+00,2.530585050582885742e+00,3.173548936843872070e+00,3.724927186965942383e+00,4.161946773529052734e+00,4.468109130859375000e+00,4.634095668792724609e+00,4.658169746398925781e+00,4.546061515808105469e+00,4.310348033905029297e+00,3.969388723373413086e+00,3.545911312103271484e+00,3.065360546112060547e+00,2.554146051406860352e+00,2.037922143936157227e+00,1.540031194686889648e+00,1.080219864845275879e+00,6.737145185470581055e-01,3.307043612003326416e-01,5.624920502305030823e-02,-1.494106650352478027e-01,-2.901979386806488037e-01,-3.732776045799255371e-01,-4.079742729663848877e-01,-4.046389162540435791e-01,-3.735751211643218994e-01,-3.241240084171295166e-01,-2.639868855476379395e-01,-1.988366544246673584e-01,-1.322394013404846191e-01,-6.587292253971099854e-02,-1.615082057410607299e-16
0.000000000000000000e+00,-1.064324676990509033e-01,-2.036188393831253052e-01,-2.839978039264678955e-01,-3.431803286075592041e-01,-3.810621798038482666e-01,-4.024212360382080078e-01,-4.169110655784606934e-01,-4.384231567382812500e-01,-4.838555157184600830e-01,-5.713876485824584961e-01,-7.184153199195861816e-01,-9.393404126167297363e-01,-1.243432641029357910e+00,-1.632983446121215820e+00,-2.101954460144042969e+00,-2.635284662246704102e+00,-3.208968877792358398e+00,-3.790949821472167969e+00,-4.342801570892333984e+00,-4.822101593017578125e+00,-5.185333251953125000e+00,-5.391095638275146484e+00,-5.403380393981933594e+00,-5.194639205932617188e+00,-4.748391151428222656e+00,-4.061143398284912109e+00,-3.143440723419189453e+00,-2.019942760467529297e+00,-7.284841537475585938e-01,6.818304657936096191e-01,2.153378248214721680e+00,3.623422384262084961e+00,5.027925968170166016e+00,6.305495738983154297e+00,7.401166439056396484e+00,8.269746780395507812e+00,8.878481864929199219e+00,9.208852767944335938e+00,9.257373809814453125e+00,9.035366058349609375e+00,8.567730903625488281e+00,7.890846252441406250e+00,7.049766063690185547e+00,6.094953060150146484e+00,5.078804016113281250e+00,4.052246093750000000e+00,3.061648368835449219e+00,2.146277904510498047e+00,1.336460471153259277e+00,6.525524258613586426e-01,1.047497838735580444e-01,-3.063055872917175293e-01,-5.882338881492614746e-01,-7.551015615463256836e-01,-8.252840638160705566e-01,-8.192266225814819336e-01,-7.573218345642089844e-01,-6.580989956855773926e-01,-5.368820428848266602e-01,-4.050177037715911865e-01,-2.697148621082305908e-01,-1.344707757234573364e-01,-3.297980484254150069e-16
0.000000000000000000e+00,-1.560493707656860352e-01,-2.987743914127349854e-01,-4.173157513141632080e-01,-5.054544210433959961e-01,-5.632362365722656250e-01,-5.978400707244873047e-01,-6.235591173171997070e-01,-6.608566045761108398e-01,-7.345497012138366699e-01,-8.712702989578247070e-01,-1.096428871154785156e+00,-1.430966854095458984e+00,-1.888219118118286133e+00,-2.471207857131958008e+00,-3.170667409896850586e+00,-3.964039325714111328e+00,-4.815604209899902344e+00,-5.677812099456787109e+00,-6.493775844573974609e+00,-7.200778007507324219e+00,-7.734553813934326172e+00,-8.034031867980957031e+00,-8.046161651611328125e+00,-7.730433464050292969e+00,-7.062720775604248047e+00,-6.038100719451904297e+00,-4.672399520874023438e+00,-3.002290487289428711e+00,-1.083902835845947266e+00,1.009998440742492676e+00,3.194080114364624023e+00,5.375469207763671875e+00,7.459385871887207031e+00,9.354969024658203125e+00,1.098086071014404297e+01,1.227015304565429688e+01,1.317432022094726562e+01,1.366587543487548828e+01,1.373956012725830078e+01,1.341200923919677734e+01,1.271995067596435547e+01,1.171710681915283203e+01,1.047006416320800781e+01,9.053453445434570312e+00,7.544827461242675781e+00,6.019626617431640625e+00,4.546622753143310547e+00,3.184152364730834961e+00,1.977388501167297363e+00,9.568085670471191406e-01,1.378946453332901001e-01,-4.779925346374511719e-01,-9.017266631126403809e-01,-1.153755664825439453e+00,-1.260964751243591309e+00,-1.253386378288269043e+00,-1.161077618598937988e+00,-1.011453032493591309e+00,-8.273031115531921387e-01,-6.256490945816040039e-01,-4.174930751323699951e-01,-2.084306180477142334e-01,-5.114326172610749680e-16
0.000000000000000000e+00,-2.014852762222290039e-01,-3.862039744853973389e-01,-5.405619740486145020e-01,-6.569349169731140137e-01,-7.357533574104309082e-01,-7.866086959838867188e-01,-8.282128572463989258e-01,-8.871603012084960938e-01,-9.955649971961975098e-01,-1.187763929367065430e+00,-1.496381044387817383e+00,-1.948123574256896973e+00,-2.559725522994995117e+00,-3.334456443786621094e+00,-4.259582996368408203e+00,-5.305093765258789062e+00,-6.423899650573730469e+00,-7.553591251373291016e+00,-8.619708061218261719e+00,-9.540315628051757812e+00,-1.023159694671630859e+01,-1.061401844024658203e+01,-1.061861896514892578e+01,-1.019288539886474609e+01,-9.305742263793945312e+00,-7.951208591461181641e+00,-6.150396823883056641e+00,-3.951620817184448242e+00,-1.428568840026855469e+00,1.323387742042541504e+00,4.192503452301025391e+00,7.057223796844482422e+00,9.793530464172363281e+00,1.228254127502441406e+01,1.441779518127441406e+01,1.611170387268066406e+01,1.730068588256835938e+01,1.794863510131835938e+01,1.804848289489746094e+01,1.762177467346191406e+01,1.671633148193359375e+01,1.540222549438476562e+01,1.376640701293945312e+01,1.190642356872558594e+01,9.923748970031738281e+00,7.917223453521728516e+00,5.977095603942871094e+00,4.180101394653320312e+00,2.585886001586914062e+00,1.234976887702941895e+00,1.483571529388427734e-01,-6.714301705360412598e-01,-1.237861990928649902e+00,-1.577004671096801758e+00,-1.723458766937255859e+00,-1.716098189353942871e+00,-1.594019770622253418e+00,-1.393076300621032715e+00,-1.143293857574462891e+00,-8.673658967018127441e-01,-5.803064703941345215e-01,-2.902159094810485840e-01,-7.125433322903082772e-16
0.000000000000000000e+00,-2.415729016065597534e-01,-4.637559056282043457e-01,-6.509447097778320312e-01,-7.946552634239196777e-01,-8.960023522377014160e-01,-9.670011997222900391e-01,-1.030492544174194336e+00,-1.118629336357116699e+00,-1.270015001296997070e+00,-1.525722622871398926e+00,-1.924553394317626953e+00,-2.497980356216430664e+00,-3.265277624130249023e+00,-4.229342460632324219e+00,-5.373668670654296875e+00,-6.660857677459716797e+00,-8.032903671264648438e+00,-9.413372039794921875e+00,-1.071138572692871094e+01,-1.182720565795898438e+01,-1.265901088714599609e+01,-1.311038494110107422e+01,-1.309792709350585938e+01,-1.255836296081542969e+01,-1.145456981658935547e+01,-9.779993057250976562e+00,-7.561031818389892578e+00,-4.857150554656982422e+00,-1.758632302284240723e+00,1.617920041084289551e+00,5.136044979095458984e+00,8.647400856018066406e+00,1.200069713592529297e+01,1.505091762542724609e+01,1.766818046569824219e+01,1.974557113647460938e+01,2.120538520812988281e+01,2.200335693359375000e+01,2.213056373596191406e+01,2.161293983459472656e+01,2.050844573974609375e+01,1.890221214294433594e+01,1.690002822875976562e+01,1.462073135375976562e+01,1.218811130523681641e+01,9.722947120666503906e+00,7.335755825042724609e+00,5.120797634124755859e+00,3.151693582534790039e+00,1.478916764259338379e+00,1.292249113321304321e-01,-8.930628299713134766e-01,-1.603188395500183105e+00,-2.031850576400756836e+00,-2.220337390899658203e+00,-2.215397596359252930e+00,-2.064356088638305664e+00,-1.810922861099243164e+00,-1.492054939270019531e+00,-1.136111497879028320e+00,-7.623961567878723145e-01,-3.820351660251617432e-01,-9.386278079177097673e-16
0.000000000000000000e+00,-2.753312289714813232e-01,-5.296270847320556641e-01,-7.461374998092651367e-01,-9.161680340766906738e-01,-1.041871190071105957e+00,-1.137693405151367188e+00,-1.230250239372253418e+00,-1.356559872627258301e+00,-1.560740232467651367e+00,-1.889434456825256348e+00,-2.386374950408935547e+00,-3.086600780487060547e+00,-4.010899066925048828e+00,-5.161055564880371094e+00,-6.516438961029052734e+00,-8.032352447509765625e+00,-9.640438079833984375e+00,-1.125125026702880859e+01,-1.275890922546386719e+01,-1.404757881164550781e+01,-1.499932193756103516e+01,-1.550274658203125000e+01,-1.546179389953613281e+01,-1.480392837524414062e+01,-1.348707294464111328e+01,-1.150467109680175781e+01,-8.888407707214355469e+00,-5.708293437957763672e+00,-2.070032835006713867e+00,1.890213966369628906e+00,6.013330459594726562e+00,1.012649536132812500e+01,1.405352878570556641e+01,1.762557983398437500e+01,2.069138908386230469e+01,2.312635993957519531e+01,2.483980751037597656e+01,2.577986526489257812e+01,2.593571472167968750e+01,2.533704185485839844e+01,2.405080795288085938e+01,2.217563438415527344e+01,1.983430099487304688e+01,1.716496276855468750e+01,1.431178092956542969e+01,1.141569328308105469e+01,8.606018066406250000e+00,5.993464946746826172e+00,3.665015220642089844e+00,1.680953502655029297e+00,7.412586361169815063e-02,-1.148666381835937500e+00,-2.003427743911743164e+00,-2.524307727813720703e+00,-2.758044242858886719e+00,-2.758097410202026367e+00,-2.579040288925170898e+00,-2.271734476089477539e+00,-1.879696130752563477e+00,-1.436934351921081543e+00,-9.673678278923034668e-01,-4.857670068740844727e-01,-1.194363254198899278e-15
0.000000000000000000e+00,-3.020026385784149170e-01,-5.824322104454040527e-01,-8.243712782859802246e-01,-1.019647240638732910e+00,-1.171844959259033203e+00,-1.297841310501098633e+00,-1.427613377571105957e+00,-1.602245092391967773e+00,-1.870249748229980469e+00,-2.282504081726074219e+00,-2.886248350143432617e+00,-3.718718290328979492e+00,-4.801049232482910156e+00,-6.133082866668701172e+00,-7.689671516418457031e+00,-9.418946266174316406e+00,-1.124286270141601562e+01,-1.306014919281005859e+01,-1.475156402587890625e+01,-1.618715858459472656e+01,-1.723505592346191406e+01,-1.777109146118164062e+01,-1.768860054016113281e+01,-1.690751647949218750e+01,-1.538205528259277344e+01,-1.310631561279296875e+01,-1.011725234985351562e+01,-6.494717121124267578e+00,-2.358467817306518555e+00,2.137722015380859375e+00,6.814472198486328125e+00,1.147715377807617188e+01,1.592746257781982422e+01,1.997537612915039062e+01,2.345062255859375000e+01,2.621283912658691406e+01,2.815968704223632812e+01,2.923235321044921875e+01,2.941807937622070312e+01,2.874958801269531250e+01,2.730151367187500000e+01,2.518416976928710938e+01,2.253520584106445312e+01,1.950980567932128906e+01,1.627024650573730469e+01,1.297557353973388672e+01,9.772190093994140625e+00,6.786002159118652344e+00,4.116628170013427734e+00,1.833982467651367188e+00,-2.265544049441814423e-02,-1.443208336830139160e+00,-2.443306207656860352e+00,-3.059200286865234375e+00,-3.341666221618652344e+00,-3.349539995193481445e+00,-3.143517255783081055e+00,-2.780795812606811523e+00,-2.311016082763671875e+00,-1.773806810379028320e+00,-1.198063254356384277e+00,-6.028934717178344727e-01,-1.483440670141096627e-15
0.000000000000000000e+00,-3.210839629173278809e-01,-6.212619543075561523e-01,-8.845115303993225098e-01,-1.103973984718322754e+00,-1.285086631774902344e+00,-1.447143912315368652e+00,-1.623018145561218262e+00,-1.856969475746154785e+00,-2.200668096542358398e+00,-2.707750797271728516e+00,-3.427398443222045898e+00,-4.397545814514160156e+00,-5.638401508331298828e+00,-7.146966457366943359e+00,-8.893169403076171875e+00,-1.081813240051269531e+01,-1.283488845825195312e+01,-1.483168220520019531e+01,-1.667775154113769531e+01,-1.823124694824218750e+01,-1.934878349304199219e+01,-1.989588165283203125e+01,-1.975755119323730469e+01,-1.884810447692871094e+01,-1.711944007873535156e+01,-1.456702232360839844e+01,-1.123304748535156250e+01,-7.206407546997070312e+00,-2.619374036788940430e+00,2.358845472335815430e+00,7.531285762786865234e+00,1.268450069427490234e+01,1.760115814208984375e+01,2.207303810119628906e+01,2.591351509094238281e+01,2.896860122680664062e+01,3.112579345703125000e+01,3.232007598876953125e+01,3.253671646118164062e+01,3.181068229675292969e+01,3.022281837463378906e+01,2.789313125610351562e+01,2.497176551818847656e+01,2.162839889526367188e+01,1.804090118408203125e+01,1.438412189483642578e+01,1.081963062286376953e+01,7.487111091613769531e+00,4.497982025146484375e+00,1.931565403938293457e+00,-1.660736948251724243e-01,-1.780725717544555664e+00,-2.926406383514404297e+00,-3.639991283416748047e+00,-3.974738597869873047e+00,-3.993387222290039062e+00,-3.761507749557495117e+00,-3.341726541519165039e+00,-2.789314031600952148e+00,-2.149471998214721680e+00,-1.456450700759887695e+00,-7.344432473182678223e-01,-1.808423812717403767e-15
0.000000000000000000e+00,-3.323507606983184814e-01,-6.457280516624450684e-01,-9.261181950569152832e-01,-1.168801665306091309e+00,-1.381499409675598145e+00,-1.585890889167785645e+00,-1.817232489585876465e+00,-2.121999025344848633e+00,-2.553688526153564453e+00,-3.167121648788452148e+00,-4.011752128601074219e+00,-5.124621391296386719e+00,-6.523670673370361328e+00,-8.202122688293457031e+00,-1.012458133697509766e+01,-1.222536754608154297e+01,-1.440945053100585938e+01,-1.655606460571289062e+01,-1.852493667602539062e+01,-2.016473388671875000e+01,-2.132318878173828125e+01,-2.185816764831542969e+01,-2.164881324768066406e+01,-2.060588645935058594e+01,-1.868043708801269531e+01,-1.587006378173828125e+01,-1.222214889526367188e+01,-7.833734035491943359e+00,-2.847923755645751953e+00,2.553022146224975586e+00,8.157469749450683594e+00,1.373641395568847656e+01,1.905685806274414062e+01,2.389563369750976562e+01,2.805264472961425781e+01,3.136262130737304688e+01,3.370452117919921875e+01,3.500795745849609375e+01,3.525618743896484375e+01,3.448559188842773438e+01,3.278165054321289062e+01,3.027190399169921875e+01,2.711643409729003906e+01,2.349665260314941406e+01,1.960329246520996094e+01,1.562449932098388672e+01,1.173490238189697266e+01,8.086406707763671875e+00,4.801295280456542969e+00,1.968016624450683594e+00,-3.602325022220611572e-01,-2.164222240447998047e+00,-3.455047845840454102e+00,-4.268641948699951172e+00,-4.659087657928466797e+00,-4.691451549530029297e+00,-4.434836387634277344e+00,-3.956314325332641602e+00,-3.316241741180419922e+00,-2.565319776535034180e+00,-1.743538141250610352e+00,-8.809463977813720703e-01,-2.170636700303497577e-15
0.000000000000000000e+00,-3.358739912509918213e-01,-6.559942960739135742e-01,-9.494861960411071777e-01,-1.214601159095764160e+00,-1.461766242980957031e+00,-1.714992046356201172e+00,-2.011367559432983398e+00,-2.398570537567138672e+00,-2.930535554885864258e+00,-3.661628246307373047e+00,-4.639846324920654297e+00,-5.899698734283447266e+00,-7.455487251281738281e+00,-9.295715332031250000e+00,-1.137927913665771484e+01,-1.363396835327148438e+01,-1.595762729644775391e+01,-1.822207260131835938e+01,-2.027966308593750000e+01,-2.197214317321777344e+01,-2.314115715026855469e+01,-2.363971328735351562e+01,-2.334368133544921875e+01,-2.216243171691894531e+01,-2.004771995544433594e+01,-1.700004577636718750e+01,-1.307190418243408203e+01,-8.367524147033691406e+00,-3.039036750793457031e+00,2.720783710479736328e+00,8.688742637634277344e+00,1.462373638153076172e+01,2.028068923950195312e+01,2.542492294311523438e+01,2.984595298767089844e+01,3.336971664428710938e+01,3.586838531494140625e+01,3.726707458496093750e+01,3.754705047607421875e+01,3.674520874023437500e+01,3.495003890991210938e+01,3.229433822631835938e+01,2.894542503356933594e+01,2.509353065490722656e+01,2.093935203552246094e+01,1.668166542053222656e+01,1.250591087341308594e+01,8.574528694152832031e+00,5.019641399383544922e+00,1.938480138778686523e+00,-6.083095669746398926e-01,-2.595587968826293945e+00,-4.030196189880371094e+00,-4.945508956909179688e+00,-5.394717693328857422e+00,-5.443572998046875000e+00,-5.163307189941406250e+00,-4.624395847320556641e+00,-3.891693592071533203e+00,-3.021299839019775391e+00,-2.059309959411621094e+00,-1.042401790618896484e+00,-2.570082403393811853e-15
0.000000000000000000e+00,-3.320285975933074951e-01,-6.527923345565795898e-01,-9.556657075881958008e-01,-1.242680788040161133e+00,-1.527368307113647461e+00,-1.835986852645874023e+00,-2.206876754760742188e+00,-2.687874794006347656e+00,-3.331933259963989258e+00,-4.191299915313720703e+00,-5.310771465301513672e+00,-6.720680713653564453e+00,-8.430329322814941406e+00,-1.042258739471435547e+01,-1.265030670166015625e+01,-1.503507614135742188e+01,-1.746863555908203125e+01,-1.981706237792968750e+01,-2.192759895324707031e+01,-2.363772201538085938e+01,-2.478588676452636719e+01,-2.522313308715820312e+01,-2.482472801208496094e+01,-2.350086975097656250e+01,-2.120558166503906250e+01,-1.794305610656738281e+01,-1.377077960968017578e+01,-8.799143791198730469e+00,-3.187410831451416016e+00,2.863785028457641602e+00,9.122928619384765625e+00,1.534042930603027344e+01,2.126285743713378906e+01,2.664762496948242188e+01,3.127705955505371094e+01,3.497090911865234375e+01,3.759638595581054688e+01,3.907506942749023438e+01,3.938623428344726562e+01,3.856643676757812500e+01,3.670546722412109375e+01,3.393906784057617188e+01,3.043899536132812500e+01,2.640128707885742188e+01,2.203359413146972656e+01,1.754254150390625000e+01,1.312202644348144531e+01,8.943239212036132812e+00,5.147027015686035156e+00,1.838994503021240234e+00,-9.124985933303833008e-01,-3.075542926788330078e+00,-4.651404857635498047e+00,-5.669282436370849609e+00,-6.179741382598876953e+00,-6.247550010681152344e+00,-5.944629669189453125e+00,-5.343785762786865234e+00,-4.513745784759521484e+00,-3.515868663787841797e+00,-2.402691125869750977e+00,-1.218257904052734375e+00,-3.005395293119135849e-15
0.000000000000000000e+00,-3.214937448501586914e-01,-6.374214887619018555e-01,-9.464611411094665527e-01,-1.255184054374694824e+00,-1.580578684806823730e+00,-1.951034784317016602e+00,-2.405541181564331055e+00,-2.991039514541625977e+00,-3.758085250854492188e+00,-4.755160331726074219e+00,-6.022147178649902344e+00,-7.583600997924804688e+00,-9.442512512207031250e+00,-1.157526302337646484e+01,-1.392839527130126953e+01,-1.641769218444824219e+01,-1.892988014221191406e+01,-2.132704925537109375e+01,-2.345363044738769531e+01,-2.514556121826171875e+01,-2.624103164672851562e+01,-2.659205055236816406e+01,-2.607596778869628906e+01,-2.460602569580078125e+01,-2.214009475708007812e+01,-1.868679618835449219e+01,-1.430846500396728516e+01,-9.120578765869140625e+00,-3.287568569183349609e+00,2.984797239303588867e+00,9.460001945495605469e+00,1.588365936279296875e+01,2.199779891967773438e+01,2.755559158325195312e+01,3.233546066284179688e+01,3.615364456176757812e+01,3.887427902221679688e+01,4.041639328002929688e+01,4.075732803344726562e+01,3.993243789672851562e+01,3.803113555908203125e+01,3.518974685668945312e+01,3.158165740966796875e+01,2.740565490722656250e+01,2.287327575683593750e+01,1.819614982604980469e+01,1.357420158386230469e+01,9.185512542724609375e+00,5.178462505340576172e+00,1.666545271873474121e+00,-1.273968935012817383e+00,-3.603605508804321289e+00,-5.316787719726562500e+00,-6.436961174011230469e+00,-7.010360240936279297e+00,-7.099115848541259766e+00,-6.774401187896728516e+00,-6.110260009765625000e+00,-5.178637981414794922e+00,-4.045976638793945312e+00,-2.771535873413085938e+00,-1.407407879829406738e+00,-3.473828865147997498e-15
0.000000000000000000e+00,-3.052444458007812500e-01,-6.117329001426696777e-01,-9.244087338447570801e-01,-1.255061984062194824e+00,-1.624432206153869629e+00,-2.062885999679565430e+00,-2.609442949295043945e+00,-3.309108495712280273e+00,-4.208661079406738281e+00,-5.351228237152099609e+00,-6.770137786865234375e+00,-8.482651710510253906e+00,-1.048423290252685547e+01,-1.274401473999023438e+01,-1.520204448699951172e+01,-1.776877593994140625e+01,-2.032707595825195312e+01,-2.273683738708496094e+01,-2.484201812744140625e+01,-2.647974395751953125e+01,-2.749086380004882812e+01,-2.773126029968261719e+01,-2.708301353454589844e+01,-2.546460151672363281e+01,-2.283924865722656250e+01,-1.922071456909179688e+01,-1.467599296569824219e+01,-9.324524879455566406e+00,-3.333920717239379883e+00,3.087670803070068359e+00,9.702074050903320312e+00,1.625381278991699219e+01,2.248420906066894531e+01,2.814587593078613281e+01,3.301664352416992188e+01,3.691192245483398438e+01,3.969469451904296875e+01,4.128246688842773438e+01,4.165073394775390625e+01,4.083281326293945312e+01,3.891611099243164062e+01,3.603521347045898438e+01,3.236234664916992188e+01,2.809599876403808594e+01,2.344853591918945312e+01,1.863372802734375000e+01,1.385506534576416016e+01,9.295610427856445312e+00,5.110018730163574219e+00,1.419105291366577148e+00,-1.692843675613403320e+00,-4.178086280822753906e+00,-6.023029327392578125e+00,-7.243874073028564453e+00,-7.880890846252441406e+00,-7.991974353790283203e+00,-7.646140575408935547e+00,-6.917588233947753906e+00,-5.880806446075439453e+00,-4.607094764709472656e+00,-3.162648200988769531e+00,-1.608199238777160645e+00,-3.971279244850949713e-15
0.000000000000000000e+00,-2.845347523689270020e-01,-5.780974030494689941e-01,-8.927322626113891602e-01,-1.246021747589111328e+00,-1.662672877311706543e+00,-2.174831390380859375e+00,-2.820925712585449219e+00,-3.643016576766967773e+00,-4.682793617248535156e+00,-5.976536750793457031e+00,-7.549499034881591797e+00,-9.410261154174804688e+00,-1.154567623138427734e+01,-1.391698837280273438e+01,-1.645767593383789062e+01,-1.907341766357421875e+01,-2.164442825317382812e+01,-2.403021430969238281e+01,-2.607658958435058594e+01,-2.762454223632812500e+01,-2.852045440673828125e+01,-2.862689590454101562e+01,-2.783324623107910156e+01,-2.606530570983886719e+01,-2.329308509826660156e+01,-1.953613090515136719e+01,-1.486583995819091797e+01,-9.404481887817382812e+00,-3.320849180221557617e+00,3.177264451980590820e+00,9.853329658508300781e+00,1.645444679260253906e+01,2.272500419616699219e+01,2.842070579528808594e+01,3.332204437255859375e+01,3.724628067016601562e+01,4.005715942382812500e+01,4.167170333862304688e+01,4.206369781494140625e+01,4.126366043090820312e+01,3.935541152954101562e+01,3.646957015991210938e+01,3.277449417114257812e+01,2.846540260314941406e+01,2.375248336791992188e+01,1.884881782531738281e+01,1.395900440216064453e+01,9.269153594970703125e+00,4.938876628875732422e+00,1.095660924911499023e+00,-2.168195962905883789e+00,-4.796108722686767578e+00,-6.765424728393554688e+00,-8.083740234375000000e+00,-8.783843040466308594e+00,-8.917884826660156250e+00,-8.551380157470703125e+00,-7.757624149322509766e+00,-6.612962722778320312e+00,-5.193276405334472656e+00,-3.571825504302978516e+00,-1.818456888198852539e+00,-4.492344267848641381e-15
0.000000000000000000e+00,-2.608728706836700439e-01,-5.393584370613098145e-01,-8.552790284156799316e-01,-1.232452273368835449e+00,-1.699676871299743652e+00,-2.290633678436279297e+00,-3.042542934417724609e+00,-3.993564367294311523e+00,-5.179084300994873047e+00,-6.627178668975830078e+00,-8.353660583496093750e+00,-1.035721874237060547e+01,-1.261517333984375000e+01,-1.508039855957031250e+01,-1.767984962463378906e+01,-2.031507492065429688e+01,-2.286487960815429688e+01,-2.519019889831542969e+01,-2.714096450805664062e+01,-2.856464385986328125e+01,-2.931587982177734375e+01,-2.926662254333496094e+01,-2.831597137451171875e+01,-2.639900016784667969e+01,-2.349382781982421875e+01,-1.962633132934570312e+01,-1.487202548980712891e+01,-9.354846000671386719e+00,-3.242801666259765625e+00,3.259344339370727539e+00,9.919925689697265625e+00,1.649217414855957031e+01,2.272720527648925781e+01,2.838735198974609375e+01,3.325893783569335938e+01,3.716368484497070312e+01,3.996797943115234375e+01,4.158942413330078125e+01,4.200025558471679688e+01,4.122751617431640625e+01,3.934997940063476562e+01,3.649219131469726562e+01,3.281607055664062500e+01,2.851072502136230469e+01,2.378125953674316406e+01,1.883733177185058594e+01,1.388222885131835938e+01,9.103169441223144531e+00,4.663363456726074219e+00,6.962255239486694336e-01,-2.698063850402832031e+00,-5.453653335571289062e+00,-7.537956237792968750e+00,-8.948770523071289062e+00,-9.710041999816894531e+00,-9.866799354553222656e+00,-9.479805946350097656e+00,-8.620440483093261719e+00,-7.366215229034423828e+00,-5.797262668609619141e+00,-3.993932247161865234e+00,-2.035521268844604492e+00,-5.030415594844831265e-15
0.000000000000000000e+00,-2.359884828329086304e-01,-4.987704157829284668e-01,-8.164360523223876953e-01,-1.219327926635742188e+00,-1.740355372428894043e+00,-2.414442539215087891e+00,-3.276994943618774414e+00,-4.361389160156250000e+00,-5.695620059967041016e+00,-7.298368930816650391e+00,-9.174844741821289062e+00,-1.131283473968505859e+01,-1.367941570281982422e+01,-1.621878051757812500e+01,-1.885154914855957031e+01,-2.147586822509765625e+01,-2.397041320800781250e+01,-2.619932556152343750e+01,-2.801885223388671875e+01,-2.928539466857910156e+01,-2.986444282531738281e+01,-2.963982009887695312e+01,-2.852257156372070312e+01,-2.645882606506347656e+01,-2.343597793579101562e+01,-1.948667526245117188e+01,-1.469020271301269531e+01,-9.171010017395019531e+00,-3.094403028488159180e+00,3.340452194213867188e+00,9.909827232360839844e+00,1.637647438049316406e+01,2.250172805786132812e+01,2.805790328979492188e+01,3.284019470214843750e+01,3.667728042602539062e+01,3.944001770019531250e+01,4.104762268066406250e+01,4.147102355957031250e+01,4.073320007324218750e+01,3.890655899047851562e+01,3.610764694213867188e+01,3.248954010009765625e+01,2.823258209228515625e+01,2.353406715393066406e+01,1.859759712219238281e+01,1.362281799316406250e+01,8.796141624450683594e+00,4.282978534698486328e+00,2.218390852212905884e-01,-3.279483795166015625e+00,-6.145627498626708984e+00,-8.333397865295410156e+00,-9.829808235168457031e+00,-1.064879322052001953e+01,-1.082704734802246094e+01,-1.041945171356201172e+01,-9.494517326354980469e+00,-8.130241394042968750e+00,-6.410617351531982422e+00,-4.422996997833251953e+00,-2.256298780441284180e+00,-5.577806401843186587e-15
0.000000000000000000e+00,-2.117932885885238647e-01,-4.599240422248840332e-01,-7.810285687446594238e-01,-1.212092757225036621e+00,-1.790038466453552246e+00,-2.550691366195678711e+00,-3.527057409286499023e+00,-4.746935844421386719e+00,-6.229993820190429688e+00,-7.984528541564941406e+00,-1.000420856475830078e+01,-1.226515579223632812e+01,-1.472371578216552734e+01,-1.731529235839843750e+01,-1.995450973510742188e+01,-2.253693008422851562e+01,-2.494239997863769531e+01,-2.703999328613281250e+01,-2.869434547424316406e+01,-2.977308654785156250e+01,-3.015490722656250000e+01,-2.973777198791503906e+01,-2.844666481018066406e+01,-2.624032020568847656e+01,-2.311640739440917969e+01,-1.911466789245605469e+01,-1.431774234771728516e+01,-8.849453926086425781e+00,-2.870577335357666016e+00,3.427749395370483398e+00,9.832617759704589844e+00,1.611946487426757812e+01,2.206309700012207031e+01,2.744896316528320312e+01,3.208394622802734375e+01,3.580604553222656250e+01,3.849232864379882812e+01,4.006465530395507812e+01,4.049291992187500000e+01,3.979556655883789062e+01,3.803750228881835938e+01,3.532553863525390625e+01,3.180175971984863281e+01,2.763531494140625000e+01,2.301315116882324219e+01,1.813036918640136719e+01,1.318074893951416016e+01,8.348031044006347656e+00,3.798405647277832031e+00,-3.254457116127014160e-01,-3.908540010452270508e+00,-6.865957736968994141e+00,-9.143452644348144531e+00,-1.071650505065917969e+01,-1.158809566497802734e+01,-1.178556919097900391e+01,-1.135693264007568359e+01,-1.036697292327880859e+01,-8.893490791320800781e+00,-7.023899555206298828e+00,-4.852333068847656250e+00,-2.477324724197387695e+00,-6.125905751901920132e-15
0.000000000000000000e+00,-1.903352439403533936e-01,-4.266602396965026855e-01,-7.542039752006530762e-01,-1.216526985168457031e+00,-1.854342103004455566e+00,-2.703983068466186523e+00,-3.795500040054321289e+00,-5.150426864624023438e+00,-6.779339790344238281e+00,-8.679387092590332031e+00,-1.083202171325683594e+01,-1.320120048522949219e+01,-1.573230934143066406e+01,-1.835206985473632812e+01,-2.096960639953613281e+01,-2.347880935668945312e+01,-2.576199722290039062e+01,-2.769483566284179688e+01,-2.915226745605468750e+01,-3.001523399353027344e+01,-3.017773818969726562e+01,-2.955385780334472656e+01,-2.808423042297363281e+01,-2.574151802062988281e+01,-2.253444099426269531e+01,-1.851002311706542969e+01,-1.375379753112792969e+01,-8.387844085693359375e+00,-2.566678524017333984e+00,3.528834581375122070e+00,9.699254989624023438e+00,1.573559665679931641e+01,2.142910957336425781e+01,2.658123397827148438e+01,3.101314926147460938e+01,3.457434844970703125e+01,3.714972686767578125e+01,3.866479873657226562e+01,3.908874511718750000e+01,3.843515396118164062e+01,3.676046752929687500e+01,3.416028976440429688e+01,3.076383018493652344e+01,2.672687149047851562e+01,2.222375106811523438e+01,1.743881797790527344e+01,1.255790805816650391e+01,7.760294914245605469e+00,3.211515665054321289e+00,-9.425898790359497070e-01,-4.580430984497070312e+00,-7.607701778411865234e+00,-9.958911895751953125e+00,-1.159752464294433594e+01,-1.251488304138183594e+01,-1.272818088531494141e+01,-1.227773189544677734e+01,-1.122383213043212891e+01,-9.643433570861816406e+00,-7.626860141754150391e+00,-5.274681568145751953e+00,-2.694835901260375977e+00,-6.665361977766870796e-15
0.000000000000000000e+00,-1.737479269504547119e-01,-4.029745459556579590e-01,-7.413022518157958984e-01,-1.238600373268127441e+00,-1.939020752906799316e+00,-2.878962993621826172e+00,-4.085000038146972656e+00,-5.571831226348876953e+00,-7.340369224548339844e+00,-9.376097679138183594e+00,-1.164785861968994141e+01,-1.410723590850830078e+01,-1.668869781494140625e+01,-1.931061744689941406e+01,-2.187728500366210938e+01,-2.428190612792968750e+01,-2.641057968139648438e+01,-2.814711952209472656e+01,-2.937853240966796875e+01,-3.000089645385742188e+01,-2.992533874511718750e+01,-2.908372688293457031e+01,-2.743375205993652344e+01,-2.496302795410156250e+01,-2.169190025329589844e+01,-1.767471122741699219e+01,-1.299936580657958984e+01,-7.785117149353027344e+00,-2.178628206253051758e+00,3.651546716690063477e+00,9.521804809570312500e+00,1.524131488800048828e+01,2.062040519714355469e+01,2.547906494140625000e+01,2.965508079528808594e+01,3.301139831542968750e+01,3.544223785400390625e+01,3.687772750854492188e+01,3.728671646118164062e+01,3.667774581909179688e+01,3.509806060791015625e+01,3.263085174560546875e+01,2.939086341857910156e+01,2.551867485046386719e+01,2.117402076721191406e+01,1.652849388122558594e+01,1.175808143615722656e+01,7.035882472991943359e+00,2.525353908538818359e+00,-1.625607371330261230e+00,-5.289550304412841797e+00,-8.363181114196777344e+00,-1.076984214782714844e+01,-1.246078395843505859e+01,-1.341530036926269531e+01,-1.363987827301025391e+01,-1.316650581359863281e+01,-1.205032825469970703e+01,-1.036682701110839844e+01,-8.208667755126953125e+00,-5.682367324829101562e+00,-2.904854059219360352e+00,-7.186286816811791878e-15
0.000000000000000000e+00,-1.641957759857177734e-01,-3.929143249988555908e-01,-7.477173209190368652e-01,-1.284313917160034180e+00,-2.049811124801635742e+00,-3.080184459686279297e+00,-4.398051261901855469e+00,-6.010835647583007812e+00,-7.909420490264892578e+00,-1.006737136840820312e+01,-1.244081974029541016e+01,-1.496907520294189453e+01,-1.757600975036621094e+01,-2.017222595214843750e+01,-2.265800285339355469e+01,-2.492693901062011719e+01,-2.687019348144531250e+01,-2.838117980957031250e+01,-2.936051177978515625e+01,-2.972097396850585938e+01,-2.939230155944824219e+01,-2.832547760009765625e+01,-2.649631118774414062e+01,-2.390810394287109375e+01,-2.059314918518066406e+01,-1.661299324035644531e+01,-1.205733203887939453e+01,-7.041563987731933594e+00,-1.703054785728454590e+00,3.803749322891235352e+00,9.313144683837890625e+00,1.465467739105224609e+01,1.966002273559570312e+01,2.416990470886230469e+01,2.804073715209960938e+01,3.115062522888183594e+01,3.340446853637695312e+01,3.473789978027343750e+01,3.511988449096679688e+01,3.455386352539062500e+01,3.307739257812500000e+01,3.076033782958984375e+01,2.770172882080078125e+01,2.402543449401855469e+01,1.987491226196289062e+01,1.540726661682128906e+01,1.078692913055419922e+01,6.179225444793701172e+00,1.744118809700012207e+00,-2.369615554809570312e+00,-6.029580116271972656e+00,-9.124125480651855469e+00,-1.156578636169433594e+01,-1.329370117187500000e+01,-1.427500247955322266e+01,-1.450516891479492188e+01,-1.400742626190185547e+01,-1.283123683929443359e+01,-1.105001544952392578e+01,-8.758151054382324219e+00,-6.067473411560058594e+00,-3.103274583816528320e+00,-7.678477333670531702e-15
0.000000000000000000e+00,-1.638168692588806152e-01,-4.004707336425781250e-01,-7.787514925003051758e-01,-1.359534859657287598e+00,-2.192268610000610352e+00,-3.311969995498657227e+00,-4.736869812011718750e+00,-6.466815471649169922e+00,-8.482505798339843750e+00,-1.074560928344726562e+01,-1.319975566864013672e+01,-1.577238845825195312e+01,-1.837739562988281250e+01,-2.091841888427734375e+01,-2.329271888732910156e+01,-2.539542770385742188e+01,-2.712402153015136719e+01,-2.838283729553222656e+01,-2.908741569519042969e+01,-2.916851806640625000e+01,-2.857563400268554688e+01,-2.727981185913085938e+01,-2.527569770812988281e+01,-2.258268356323242188e+01,-1.924509811401367188e+01,-1.533141422271728516e+01,-1.093249225616455078e+01,-6.158903121948242188e+00,-1.137434363365173340e+00,3.993108987808227539e+00,9.086647987365722656e+00,1.399494075775146484e+01,1.857287406921386719e+01,2.268372726440429688e+01,2.620419502258300781e+01,2.902900505065917969e+01,3.107490348815917969e+01,3.228387832641601562e+01,3.262548828125000000e+01,3.209819030761718750e+01,3.072958946228027344e+01,2.857563400268554688e+01,2.571873855590820312e+01,2.226492118835449219e+01,1.834003067016601562e+01,1.408524227142333984e+01,9.651938438415527344e+00,5.196205139160156250e+00,8.731268644332885742e-01,-3.168896436691284180e+00,-6.793594360351562500e+00,-9.881832122802734375e+00,-1.233597850799560547e+01,-1.408347702026367188e+01,-1.507947635650634766e+01,-1.530842208862304688e+01,-1.478454399108886719e+01,-1.355121994018554688e+01,-1.167924594879150391e+01,-9.264056205749511719e+00,-6.422023773193359375e+00,-3.285961627960205078e+00,-8.131654360011685706e-15
0.000000000000000000e+00,-1.746642440557479858e-01,-4.294687211513519287e-01,-8.394670486450195312e-01,-1.469828605651855469e+00,-2.371600866317749023e+00,-3.578269720077514648e+00,-5.103302955627441406e+00,-6.938809394836425781e+00,-9.055373191833496094e+00,-1.140305805206298828e+01,-1.391351222991943359e+01,-1.650303268432617188e+01,-1.907642364501953125e+01,-2.153140830993652344e+01,-2.376337242126464844e+01,-2.567018699645996094e+01,-2.715686607360839844e+01,-2.813983535766601562e+01,-2.855065727233886719e+01,-2.833902549743652344e+01,-2.747496795654296875e+01,-2.595017242431640625e+01,-2.377845954895019531e+01,-2.099540328979492188e+01,-1.765719413757324219e+01,-1.383880233764648438e+01,-9.631569862365722656e+00,-5.140340805053710938e+00,-4.802249670028686523e-01,4.226867675781250000e+00,8.855848312377929688e+00,1.328212070465087891e+01,1.738522529602050781e+01,2.105239105224609375e+01,2.418191528320312500e+01,2.668631362915039062e+01,2.849516487121582031e+01,2.955758857727050781e+01,2.984426879882812500e+01,2.934893417358398438e+01,2.808923721313476562e+01,2.610693168640136719e+01,2.346729087829589844e+01,2.025770568847656250e+01,1.658545684814453125e+01,1.257464694976806641e+01,8.362359046936035156e+00,4.094112873077392578e+00,-8.123428374528884888e-02,-4.016967773437500000e+00,-7.574175357818603516e+00,-1.062733459472656250e+01,-1.306957626342773438e+01,-1.481736946105957031e+01,-1.581436920166015625e+01,-1.603422546386718750e+01,-1.548215579986572266e+01,-1.419518756866455078e+01,-1.224098682403564453e+01,-9.715312004089355469e+00,-6.738171100616455078e+00,-3.448845624923706055e+00,-8.535701781346195782e-15
0.000000000000000000e+00,-1.986474394798278809e-01,-4.834568500518798828e-01,-9.345382452011108398e-01,-1.620290994644165039e+00,-2.592503547668457031e+00,-3.882523775100708008e+00,-5.498737812042236328e+00,-7.425498485565185547e+00,-9.623560905456542969e+00,-1.203195667266845703e+01,-1.457116889953613281e+01,-1.714737892150878906e+01,-1.965748023986816406e+01,-2.199453926086425781e+01,-2.405336380004882812e+01,-2.573581314086914062e+01,-2.695559501647949219e+01,-2.764225196838378906e+01,-2.774420547485351562e+01,-2.723071861267089844e+01,-2.609276199340820312e+01,-2.434285736083984375e+01,-2.201396369934082031e+01,-1.915760231018066406e+01,-1.584139537811279297e+01,-1.214622688293457031e+01,-8.163207054138183594e+00,-3.990619182586669922e+00,2.690053880214691162e-01,4.511616706848144531e+00,8.634112358093261719e+00,1.253654861450195312e+01,1.612412643432617188e+01,1.930900573730468750e+01,2.201202011108398438e+01,2.416435241699218750e+01,2.570921325683593750e+01,2.660354423522949219e+01,2.681971740722656250e+01,2.634715461730957031e+01,2.519379615783691406e+01,2.338724899291992188e+01,2.097548103332519531e+01,1.802687835693359375e+01,1.462954711914062500e+01,1.088970661163330078e+01,6.929125785827636719e+00,2.881589174270629883e+00,-1.111562609672546387e+00,-4.906663894653320312e+00,-8.363530158996582031e+00,-1.135157203674316406e+01,-1.375588417053222656e+01,-1.548298168182373047e+01,-1.646581840515136719e+01,-1.666774940490722656e+01,-1.608518409729003906e+01,-1.474865913391113281e+01,-1.272225761413574219e+01,-1.010129642486572266e+01,-7.008385658264160156e+00,-3.588021993637084961e+00,-8.880913447131474903e-15
0.000000000000000000e+00,-2.374754399061203003e-01,-5.656003355979919434e-01,-1.068107366561889648e+00,-1.815386176109313965e+00,-2.858999967575073242e+00,-4.227528095245361328e+00,-5.924014568328857422e+00,-7.925185680389404297e+00,-1.018246459960937500e+01,-1.262468528747558594e+01,-1.516228199005126953e+01,-1.769263076782226562e+01,-2.010615730285644531e+01,-2.229274177551269531e+01,-2.414802360534667969e+01,-2.557914733886718750e+01,-2.650960350036621094e+01,-2.688290596008300781e+01,-2.666492080688476562e+01,-2.584478187561035156e+01,-2.443445968627929688e+01,-2.246710205078125000e+01,-1.999440383911132812e+01,-1.708327293395996094e+01,-1.381209945678710938e+01,-1.026694488525390625e+01,-6.537932395935058594e+00,-2.716049909591674805e+00,1.109462857246398926e+00,4.853078365325927734e+00,8.434299468994140625e+00,1.177842044830322266e+01,1.481685829162597656e+01,1.748725700378417969e+01,1.973355102539062500e+01,2.150616264343261719e+01,2.276253509521484375e+01,2.346803665161132812e+01,2.359732246398925781e+01,2.313606834411621094e+01,2.208298683166503906e+01,2.045190811157226562e+01,1.827369308471679688e+01,1.559773063659667969e+01,1.249271392822265625e+01,9.046486854553222656e+00,5.364754199981689453e+00,1.568555951118469238e+00,-2.209509611129760742e+00,-5.830219268798828125e+00,-9.153616905212402344e+00,-1.204556655883789062e+01,-1.438458728790283203e+01,-1.606855010986328125e+01,-1.702077865600585938e+01,-1.719511032104492188e+01,-1.657953834533691406e+01,-1.519812011718750000e+01,-1.311094951629638672e+01,-1.041210365295410156e+01,-7.225643634796142578e+00,-3.699847936630249023e+00,-9.158233728128427342e-15
0.000000000000000000e+00,-2.926025390625000000e-01,-6.785795092582702637e-01,-1.243648767471313477e+00,-2.058793067932128906e+00,-3.174292564392089844e+00,-4.615309715270996094e+00,-6.379352569580078125e+00,-8.435784339904785156e+00,-1.072740077972412109e+01,-1.317392158508300781e+01,-1.567711639404296875e+01,-1.812714576721191406e+01,-2.040963745117187500e+01,-2.241294288635253906e+01,-2.403506088256835938e+01,-2.518971824645996094e+01,-2.581121063232421875e+01,-2.585770225524902344e+01,-2.531282997131347656e+01,-2.418559265136718750e+01,-2.250862693786621094e+01,-2.033513259887695312e+01,-1.773478698730468750e+01,-1.478901290893554688e+01,-1.158606338500976562e+01,-8.216314315795898438e+00,-4.768122673034667969e+00,-1.324527502059936523e+00,2.039026975631713867e+00,5.255899906158447266e+00,8.268445014953613281e+00,1.102734756469726562e+01,1.349036502838134766e+01,1.562075328826904297e+01,1.738572502136230469e+01,1.875522994995117188e+01,1.970132446289062500e+01,2.019832420349121094e+01,2.022378349304199219e+01,1.976033020019531250e+01,1.879816055297851562e+01,1.733799743652343750e+01,1.539416313171386719e+01,1.299741935729980469e+01,1.019717693328857422e+01,7.062734127044677734e+00,3.683230161666870117e+00,1.661298274993896484e-01,-3.365858554840087891e+00,-6.779366493225097656e+00,-9.936270713806152344e+00,-1.270059204101562500e+01,-1.494597244262695312e+01,-1.656321334838867188e+01,-1.746735000610351562e+01,-1.760370826721191406e+01,-1.695247459411621094e+01,-1.553136539459228516e+01,-1.339613056182861328e+01,-1.063879013061523438e+01,-7.383605957031250000e+00,-3.781035423278808594e+00,-9.359488756396049103e-15
0.000000000000000000e+00,-3.651786148548126221e-01,-8.244962692260742188e-01,-1.463843107223510742e+00,-2.353265523910522461e+00,-3.540625810623168945e+00,-5.047016143798828125e+00,-6.864276885986328125e+00,-8.954808235168457031e+00,-1.125366878509521484e+01,-1.367277717590332031e+01,-1.610687065124511719e+01,-1.844071769714355469e+01,-2.055703926086425781e+01,-2.234446334838867188e+01,-2.370495986938476562e+01,-2.456014251708984375e+01,-2.485603713989257812e+01,-2.456596183776855469e+01,-2.369140052795410156e+01,-2.226087951660156250e+01,-2.032703399658203125e+01,-1.796218681335449219e+01,-1.525288963317871094e+01,-1.229392528533935547e+01,-9.182294845581054688e+00,-6.011695384979248047e+00,-2.867926359176635742e+00,1.744756996631622314e-01,3.054167985916137695e+00,5.723465442657470703e+00,8.147446632385253906e+00,1.030193710327148438e+01,1.217071914672851562e+01,1.374237537384033203e+01,1.500721549987792969e+01,1.595469093322753906e+01,1.657167053222656250e+01,1.684181976318359375e+01,1.674624061584472656e+01,1.626531219482421875e+01,1.538165092468261719e+01,1.408383178710937500e+01,1.237053203582763672e+01,1.025462150573730469e+01,7.766706466674804688e+00,4.957681655883789062e+00,1.899877309799194336e+00,-1.313474178314208984e+00,-4.570610046386718750e+00,-7.745429039001464844e+00,-1.070332717895507812e+01,-1.330834293365478516e+01,-1.543114089965820312e+01,-1.695726776123046875e+01,-1.779505348205566406e+01,-1.788255500793457031e+01,-1.719293022155761719e+01,-1.573781585693359375e+01,-1.356833744049072266e+01,-1.077361679077148438e+01,-7.476785659790039062e+00,-3.828737974166870117e+00,-9.477602418692977759e-15
0.000000000000000000e+00,-4.560045599937438965e-01,-1.004791140556335449e+00,-1.730467081069946289e+00,-2.700506687164306641e+00,-3.959166765213012695e+00,-5.522817611694335938e+00,-7.377566814422607422e+00,-9.479372024536132812e+00,-1.175661659240722656e+01,-1.411493396759033203e+01,-1.644387435913085938e+01,-1.862484931945800781e+01,-2.053973007202148438e+01,-2.207935905456542969e+01,-2.315134048461914062e+01,-2.368646812438964844e+01,-2.364331626892089844e+01,-2.301068115234375000e+01,-2.180771636962890625e+01,-2.008185005187988281e+01,-1.790471458435058594e+01,-1.536647987365722656e+01,-1.256916999816894531e+01,-9.619499206542968750e+00,-6.621904850006103516e+00,-3.672316789627075195e+00,-8.531776666641235352e-01,1.769935369491577148e+00,4.149885654449462891e+00,6.257728576660156250e+00,8.080790519714355469e+00,9.619385719299316406e+00,1.088260173797607422e+01,1.188366603851318359e+01,1.263544654846191406e+01,1.314659214019775391e+01,1.341876792907714844e+01,1.344531726837158203e+01,1.321150970458984375e+01,1.269640541076660156e+01,1.187615203857421875e+01,1.072840213775634766e+01,9.237395286560058594e+00,7.399176120758056641e+00,5.226352214813232422e+00,2.751856327056884766e+00,3.121366724371910095e-02,-2.857052087783813477e+00,-5.813079357147216797e+00,-8.719424247741699219e+00,-1.144674777984619141e+01,-1.386108684539794922e+01,-1.583220577239990234e+01,-1.724240875244140625e+01,-1.799512290954589844e+01,-1.802256393432617188e+01,-1.729181480407714844e+01,-1.580881595611572266e+01,-1.361983394622802734e+01,-1.081025886535644531e+01,-7.500698566436767578e+00,-3.840630292892456055e+00,-9.506792868121255458e-15
0.000000000000000000e+00,-5.654949545860290527e-01,-1.220173120498657227e+00,-2.044299364089965820e+00,-3.101067066192626953e+00,-4.429905891418457031e+00,-6.041827678680419922e+00,-7.917208194732666016e+00,-1.000619316101074219e+01,-1.223170185089111328e+01,-1.449476718902587891e+01,-1.668177604675292969e+01,-1.867298126220703125e+01,-2.035160255432128906e+01,-2.161271858215332031e+01,-2.237126731872558594e+01,-2.256846237182617188e+01,-2.217614555358886719e+01,-2.119873046875000000e+01,-1.967263031005859375e+01,-1.766326713562011719e+01,-1.525995731353759766e+01,-1.256915378570556641e+01,-9.706653594970703125e+00,-6.789455890655517578e+00,-3.927953481674194336e+00,-1.219130277633666992e+00,1.258716702461242676e+00,3.449323177337646484e+00,5.319673061370849609e+00,6.859075546264648438e+00,8.076297760009765625e+00,8.995121002197265625e+00,9.648832321166992188e+00,1.007425403594970703e+01,1.030594158172607422e+01,1.037116432189941406e+01,1.028618335723876953e+01,1.005422687530517578e+01,9.665366172790527344e+00,9.098335266113281250e+00,8.324098587036132812e+00,7.310841560363769531e+00,6.029853343963623047e+00,4.461720466613769531e+00,2.602159261703491211e+00,4.668645560741424561e-01,-1.905205130577087402e+00,-4.450531482696533203e+00,-7.081996917724609375e+00,-9.692166328430175781e+00,-1.215873622894287109e+01,-1.435181236267089844e+01,-1.614246559143066406e+01,-1.741193962097167969e+01,-1.806072998046875000e+01,-1.801680755615234375e+01,-1.724228096008300781e+01,-1.573787784576416016e+01,-1.354484081268310547e+01,-1.074399566650390625e+01,-7.451999664306640625e+00,-3.814976215362548828e+00,-9.442745318847568792e-15
0.000000000000000000e+00,-6.936479210853576660e-01,-1.470563530921936035e+00,-2.405047416687011719e+00,-3.554262161254882812e+00,-4.951580047607421875e+00,-6.602047443389892578e+00,-8.480369567871093750e+00,-1.053160953521728516e+01,-1.267455196380615234e+01,-1.480745124816894531e+01,-1.681569290161132812e+01,-1.858069038391113281e+01,-1.998929595947265625e+01,-2.094290542602539062e+01,-2.136547851562500000e+01,-2.120983695983886719e+01,-2.046167755126953125e+01,-1.914099884033203125e+01,-1.730083847045898438e+01,-1.502344894409179688e+01,-1.241425514221191406e+01,-9.594151496887207031e+00,-6.690781116485595703e+00,-3.829568624496459961e+00,-1.125253796577453613e+00,1.325366616249084473e+00,3.448910713195800781e+00,5.198678016662597656e+00,6.555504798889160156e+00,7.526217460632324219e+00,8.139909744262695312e+00,8.442471504211425781e+00,8.489936828613281250e+00,8.341330528259277344e+00,8.051723480224609375e+00,7.666174888610839844e+00,7.215156078338623047e+00,6.711888790130615234e+00,6.151853084564208984e+00,5.514513969421386719e+00,4.767076969146728516e+00,3.869906902313232422e+00,2.783069133758544922e+00,1.473326444625854492e+00,-7.911674678325653076e-02,-1.874828934669494629e+00,-3.890954732894897461e+00,-6.079102039337158203e+00,-8.365618705749511719e+00,-1.065436649322509766e+01,-1.283184814453125000e+01,-1.477435111999511719e+01,-1.635655975341796875e+01,-1.746094703674316406e+01,-1.798718261718750000e+01,-1.786073303222656250e+01,-1.703993988037109375e+01,-1.552090072631835938e+01,-1.333972167968750000e+01,-1.057186508178710938e+01,-7.328588485717773438e+00,-3.750685930252075195e+00,-9.282748418407756746e-15
0.000000000000000000e+00,-8.400238156318664551e-01,-1.755056738853454590e+00,-2.811294794082641602e+00,-4.058116912841796875e+00,-5.521624088287353516e+00,-7.200327873229980469e+00,-9.063387870788574219e+00,-1.105159187316894531e+01,-1.308101463317871094e+01,-1.504905319213867188e+01,-1.684233665466308594e+01,-1.834583473205566406e+01,-1.945236968994140625e+01,-2.007172775268554688e+01,-2.013855361938476562e+01,-1.961837577819824219e+01,-1.851121139526367188e+01,-1.685243988037109375e+01,-1.471088218688964844e+01,-1.218422603607177734e+01,-9.392200469970703125e+00,-6.468076229095458984e+00,-3.549211502075195312e+00,-7.674494981765747070e-01,1.759839773178100586e+00,3.937323808670043945e+00,5.697273731231689453e+00,7.002701282501220703e+00,7.847856044769287109e+00,8.256115913391113281e+00,8.275519371032714844e+00,7.972403049468994141e+00,7.423783779144287109e+00,6.709197998046875000e+00,5.902783870697021484e+00,5.066336631774902344e+00,4.243979930877685547e+00,3.458933115005493164e+00,2.712660074234008789e+00,1.986452937126159668e+00,1.245276570320129395e+00,4.434858262538909912e-01,-4.681561887264251709e-01,-1.534852504730224609e+00,-2.790300846099853516e+00,-4.250129699707031250e+00,-5.906919956207275391e+00,-7.727354526519775391e+00,-9.651840209960937500e+00,-1.159673976898193359e+01,-1.345909309387207031e+01,-1.512349510192871094e+01,-1.647058296203613281e+01,-1.738643646240234375e+01,-1.777208518981933594e+01,-1.755232429504394531e+01,-1.668302726745605469e+01,-1.515632438659667969e+01,-1.300313186645507812e+01,-1.029278087615966797e+01,-7.129696369171142578e+00,-3.647360563278198242e+00,-9.025808597154690027e-15
0.000000000000000000e+00,-1.003733277320861816e+00,-2.071898460388183594e+00,-3.260474205017089844e+00,-4.609336853027343750e+00,-6.136146545410156250e+00,-7.832359790802001953e+00,-9.661774635314941406e+00,-1.156177616119384766e+01,-1.344721412658691406e+01,-1.521659946441650391e+01,-1.676010513305664062e+01,-1.796866416931152344e+01,-1.874340438842773438e+01,-1.900454330444335938e+01,-1.869900131225585938e+01,-1.780601310729980469e+01,-1.634023666381835938e+01,-1.435206604003906250e+01,-1.192508125305175781e+01,-9.170823097229003906e+00,-6.221320629119873047e+00,-3.219981193542480469e+00,-3.115980029106140137e-01,2.367691040039062500e+00,4.699667930603027344e+00,6.591753959655761719e+00,7.982566833496093750e+00,8.844873428344726562e+00,9.185747146606445312e+00,9.043951034545898438e+00,8.484844207763671875e+00,7.593295097351074219e+00,6.465272426605224609e+00,5.198875427246093750e+00,3.885627031326293945e+00,2.602799892425537109e+00,1.407457709312438965e+00,3.327207565307617188e-01,-6.134364008903503418e-01,-1.446785688400268555e+00,-2.203015089035034180e+00,-2.931861162185668945e+00,-3.689788341522216797e+00,-4.531930446624755859e+00,-5.504086017608642578e+00,-6.635547161102294922e+00,-7.933480739593505859e+00,-9.379428863525390625e+00,-1.092831325531005859e+01,-1.251009845733642578e+01,-1.403402328491210938e+01,-1.539507865905761719e+01,-1.648219299316406250e+01,-1.718743705749511719e+01,-1.741544532775878906e+01,-1.709221458435058594e+01,-1.617252159118652344e+01,-1.464524269104003906e+01,-1.253611373901367188e+01,-9.907611846923828125e+00,-6.855941772460937500e+00,-3.505319833755493164e+00,-8.672722913091734931e-15
0.000000000000000000e+00,-1.183434844017028809e+00,-2.418481349945068359e+00,-3.748863458633422852e+00,-5.203309535980224609e+00,-6.789934635162353516e+00,-8.492687225341796875e+00,-1.027024269104003906e+01,-1.205749607086181641e+01,-1.376958942413330078e+01,-1.530813694000244141e+01,-1.656913375854492188e+01,-1.745187187194824219e+01,-1.786804771423339844e+01,-1.775028610229492188e+01,-1.705926132202148438e+01,-1.578878879547119141e+01,-1.396835136413574219e+01,-1.166283416748046875e+01,-8.969390869140625000e+00,-6.011673450469970703e+00,-2.931861162185668945e+00,1.188701540231704712e-01,2.990674972534179688e+00,5.545311927795410156e+00,7.665524959564208984e+00,9.262765884399414062e+00,1.028263378143310547e+01,1.070759868621826172e+01,1.055682373046875000e+01,9.883119583129882812e+00,8.767351150512695312e+00,7.310788154602050781e+00,5.626103878021240234e+00,3.827799320220947266e+00,2.022902011871337891e+00,3.027332127094268799e-01,-1.263553977012634277e+00,-2.633136034011840820e+00,-3.791057109832763672e+00,-4.749058723449707031e+00,-5.541866302490234375e+00,-6.221320629119873047e+00,-6.848937988281250000e+00,-7.487620830535888672e+00,-8.193317413330078125e+00,-9.007431983947753906e+00,-9.950704574584960938e+00,-1.101916790008544922e+01,-1.218257045745849609e+01,-1.338545513153076172e+01,-1.455081653594970703e+01,-1.558604812622070312e+01,-1.639065551757812500e+01,-1.686506080627441406e+01,-1.691972541809082031e+01,-1.648374748229980469e+01,-1.551219367980957031e+01,-1.399145412445068359e+01,-1.194214057922363281e+01,-9.419222831726074219e+00,-6.509358882904052734e+00,-3.325618505477905273e+00,-8.226109545058854500e-15
0.000000000000000000e+00,-1.377342343330383301e+00,-2.791361093521118164e+00,-4.271608829498291016e+00,-5.834130764007568359e+00,-7.476490497589111328e+00,-9.174748420715332031e+00,-1.088274383544921875e+01,-1.253382396697998047e+01,-1.404493713378906250e+01,-1.532275390625000000e+01,-1.627132415771484375e+01,-1.680059051513671875e+01,-1.683499908447265625e+01,-1.632142066955566406e+01,-1.523563289642333984e+01,-1.358675384521484375e+01,-1.141913127899169922e+01,-8.811472892761230469e+00,-5.873187541961669922e+00,-2.738174200057983398e+00,4.434858262538909912e-01,3.515294551849365234e+00,6.324788093566894531e+00,8.733832359313964844e+00,1.062793445587158203e+01,1.192381286621093750e+01,1.257461547851562500e+01,1.257236385345458984e+01,1.194745826721191406e+01,1.076528167724609375e+01,9.120232582092285156e+00,7.127689838409423828e+00,4.914618015289306641e+00,2.609595537185668945e+00,3.331207633018493652e-01,-1.811004638671875000e+00,-3.742509603500366211e+00,-5.409161567687988281e+00,-6.788621425628662109e+00,-7.887546539306640625e+00,-8.738094329833984375e+00,-9.392200469970703125e+00,-9.914208412170410156e+00,-1.037254714965820312e+01,-1.083126831054687500e+01,-1.134221076965332031e+01,-1.193854331970214844e+01,-1.263027477264404297e+01,-1.340214729309082031e+01,-1.421410942077636719e+01,-1.500433635711669922e+01,-1.569450664520263672e+01,-1.619688224792480469e+01,-1.642251396179199219e+01,-1.628985214233398438e+01,-1.573296833038330078e+01,-1.470860671997070312e+01,-1.320145797729492188e+01,-1.122711849212646484e+01,-8.832467079162597656e+00,-6.093391895294189453e+00,-3.110041856765747070e+00,-7.690406945699661267e-15
0.000000000000000000e+00,-1.583243489265441895e+00,-3.186290025711059570e+00,-4.822772979736328125e+00,-6.494666576385498047e+00,-8.188096046447753906e+00,-9.870938301086425781e+00,-1.149253177642822266e+01,-1.298562335968017578e+01,-1.427044105529785156e+01,-1.526059722900390625e+01,-1.587031364440917969e+01,-1.602235412597656250e+01,-1.565592575073242188e+01,-1.473381996154785156e+01,-1.324810314178466797e+01,-1.122375869750976562e+01,-8.719883918762207031e+00,-5.828209400177001953e+00,-2.668971776962280273e+00,6.156266927719116211e-01,3.869906902313232422e+00,6.934519290924072266e+00,9.656812667846679688e+00,1.190094566345214844e+01,1.355694389343261719e+01,1.454796028137207031e+01,1.483517646789550781e+01,1.441992473602294922e+01,1.334288978576660156e+01,1.168044281005859375e+01,9.538434028625488281e+00,7.043947696685791016e+00,4.335711479187011719e+00,1.553946137428283691e+00,-1.169523358345031738e+00,-3.720090627670288086e+00,-6.007437229156494141e+00,-7.970308780670166016e+00,-9.578660964965820312e+00,-1.083307933807373047e+01,-1.176159381866455078e+01,-1.241425514221191406e+01,-1.285600662231445312e+01,-1.315854072570800781e+01,-1.339190578460693359e+01,-1.361662197113037109e+01,-1.387703227996826172e+01,-1.419647693634033203e+01,-1.457470321655273438e+01,-1.498773765563964844e+01,-1.539018440246582031e+01,-1.571973037719726562e+01,-1.590341377258300781e+01,-1.586505699157714844e+01,-1.553316879272460938e+01,-1.484857082366943359e+01,-1.377104854583740234e+01,-1.228438377380371094e+01,-1.039931678771972656e+01,-8.154140472412109375e+00,-5.612861633300781250e+00,-2.861090421676635742e+00,-7.071828948715212781e-15
0.000000000000000000e+00,-1.798526167869567871e+00,-3.598270177841186523e+00,-5.395407676696777344e+00,-7.176639080047607422e+00,-8.915905952453613281e+00,-1.057270050048828125e+01,-1.209224033355712891e+01,-1.340759944915771484e+01,-1.444369792938232422e+01,-1.512285327911376953e+01,-1.537142562866210938e+01,-1.512697887420654297e+01,-1.434529685974121094e+01,-1.300656414031982422e+01,-1.112011146545410156e+01,-8.727176666259765625e+00,-5.901336669921875000e+00,-2.746428966522216797e+00,6.079908609390258789e-01,4.013403415679931641e+00,7.310841560363769531e+00,1.034054851531982422e+01,1.295206451416015625e+01,1.501395416259765625e+01,1.642242813110351562e+01,1.710815620422363281e+01,1.704074478149414062e+01,1.623050880432128906e+01,1.472738456726074219e+01,1.261707496643066406e+01,1.001473426818847656e+01,7.056684494018554688e+00,3.890833139419555664e+00,6.665425300598144531e-01,-2.475244283676147461e+00,-5.410863876342773438e+00,-8.041102409362792969e+00,-1.029615497589111328e+01,-1.213804340362548828e+01,-1.356038284301757812e+01,-1.458560371398925781e+01,-1.525995731353759766e+01,-1.564681720733642578e+01,-1.581890106201171875e+01,-1.585014247894287109e+01,-1.580794525146484375e+01,-1.574649047851562500e+01,-1.570168590545654297e+01,-1.568815040588378906e+01,-1.569847202301025391e+01,-1.570473957061767578e+01,-1.566216278076171875e+01,-1.551438045501708984e+01,-1.519994449615478516e+01,-1.465932369232177734e+01,-1.384177589416503906e+01,-1.271140766143798828e+01,-1.125187778472900391e+01,-9.469268798828125000e+00,-7.392887592315673828e+00,-5.073902606964111328e+00,-2.581944942474365234e+00,-6.378282183151654308e-15
0.000000000000000000e+00,-2.020217180252075195e+00,-4.021624088287353516e+00,-5.981653690338134766e+00,-7.870741367340087891e+00,-9.650067329406738281e+00,-1.127064323425292969e+01,-1.267397594451904297e+01,-1.379436492919921875e+01,-1.456273555755615234e+01,-1.491171836853027344e+01,-1.478157520294189453e+01,-1.412642192840576172e+01,-1.292018318176269531e+01,-1.116166782379150391e+01,-8.878224372863769531e+00,-6.127534389495849609e+00,-2.997236490249633789e+00,3.977470695972442627e-01,3.920101642608642578e+00,7.416982650756835938e+00,1.072840213775634766e+01,1.369656562805175781e+01,1.617547988891601562e+01,1.804011535644531250e+01,1.919441032409667969e+01,1.957751655578613281e+01,1.916776466369628906e+01,1.798403549194335938e+01,1.608442497253417969e+01,1.356227493286132812e+01,1.053987407684326172e+01,7.160303115844726562e+00,3.578054904937744141e+00,-5.087319761514663696e-02,-3.578652858734130859e+00,-6.874349594116210938e+00,-9.831065177917480469e+00,-1.237099742889404297e+01,-1.444810390472412109e+01,-1.604824447631835938e+01,-1.718689346313476562e+01,-1.790471458435058594e+01,-1.826143836975097656e+01,-1.832864189147949219e+01,-1.818207550048828125e+01,-1.789422416687011719e+01,-1.752771949768066406e+01,-1.713016891479492188e+01,-1.673077011108398438e+01,-1.633897018432617188e+01,-1.594517612457275391e+01,-1.552338600158691406e+01,-1.503542232513427734e+01,-1.443628978729248047e+01,-1.368013000488281250e+01,-1.272615528106689453e+01,-1.154398918151855469e+01,-1.011791515350341797e+01,-8.449599266052246094e+00,-6.559072017669677734e+00,-4.483865737915039062e+00,-2.276417732238769531e+00,-5.619242830106393333e-15
0.000000000000000000e+00,-2.245026588439941406e+00,-4.450082302093505859e+00,-6.572857856750488281e+00,-8.566779136657714844e+00,-1.037986755371093750e+01,-1.195466995239257812e+01,-1.322942447662353516e+01,-1.414050483703613281e+01,-1.462602138519287109e+01,-1.463034057617187500e+01,-1.410914325714111328e+01,-1.303457260131835938e+01,-1.139997863769531250e+01,-9.223740577697753906e+00,-6.551734924316406250e+00,-3.458070993423461914e+00,-4.387726262211799622e-02,3.565947771072387695e+00,7.227918624877929688e+00,1.078682041168212891e+01,1.408383178710937500e+01,1.696536254882812500e+01,1.929201507568359375e+01,2.094699859619140625e+01,2.184337997436523438e+01,2.192961883544921875e+01,2.119295120239257812e+01,1.966034698486328125e+01,1.739692497253417969e+01,1.450196361541748047e+01,1.110273647308349609e+01,7.346646308898925781e+00,3.392220020294189453e+00,-6.003813147544860840e-01,-4.478654861450195312e+00,-8.106186866760253906e+00,-1.136964321136474609e+01,-1.418385314941406250e+01,-1.649468421936035156e+01,-1.827959251403808594e+01,-1.954589843750000000e+01,-2.032703399658203125e+01,-2.067716789245605469e+01,-2.066469764709472656e+01,-2.036520385742187500e+01,-1.985447883605957031e+01,-1.920219421386718750e+01,-1.846669769287109375e+01,-1.769133377075195312e+01,-1.690248870849609375e+01,-1.610947227478027344e+01,-1.530606937408447266e+01,-1.447357749938964844e+01,-1.358491420745849609e+01,-1.260935783386230469e+01,-1.151740741729736328e+01,-1.028527641296386719e+01,-8.898573875427246094e+00,-7.354824066162109375e+00,-5.664601802825927734e+00,-3.851199388504028320e+00,-1.948889970779418945e+00,-4.805600345149331140e-15
0.000000000000000000e+00,-2.469403266906738281e+00,-4.876886367797851562e+00,-7.159715652465820312e+00,-9.253832817077636719e+00,-1.109390449523925781e+01,-1.261414051055908203e+01,-1.374997901916503906e+01,-1.444064617156982422e+01,-1.463247203826904297e+01,-1.428274822235107422e+01,-1.336381626129150391e+01,-1.186701107025146484e+01,-9.806069374084472656e+00,-7.219587802886962891e+00,-4.172205448150634766e+00,-7.542303800582885742e-01,2.920435667037963867e+00,6.718102455139160156e+00,1.049069881439208984e+01,1.408253097534179688e+01,1.733799743652343750e+01,2.010979270935058594e+01,2.226704978942871094e+01,2.370285797119140625e+01,2.434062194824218750e+01,2.413878631591796875e+01,2.309356498718261719e+01,2.123945426940917969e+01,1.864745712280273438e+01,1.542110633850097656e+01,1.169057178497314453e+01,7.605220794677734375e+00,3.325159311294555664e+00,-9.876760244369506836e-01,-5.178256988525390625e+00,-9.106457710266113281e+00,-1.265377521514892578e+01,-1.572836208343505859e+01,-1.826808738708496094e+01,-2.024150848388671875e+01,-2.164676475524902344e+01,-2.250862693786621094e+01,-2.287396049499511719e+01,-2.280611038208007812e+01,-2.237862777709960938e+01,-2.166891288757324219e+01,-2.075225830078125000e+01,-1.969672584533691406e+01,-1.855921363830566406e+01,-1.738293457031250000e+01,-1.619640541076660156e+01,-1.501389217376708984e+01,-1.383714580535888672e+01,-1.265814113616943359e+01,-1.146248722076416016e+01,-1.023308181762695312e+01,-8.953644752502441406e+00,-7.611752986907958984e+00,-6.201091289520263672e+00,-4.722723484039306641e+00,-3.185299396514892578e+00,-1.604234576225280762e+00,-3.949467299426204225e-15
0.000000000000000000e+00,-2.689594984054565430e+00,-5.294902801513671875e+00,-7.732429981231689453e+00,-9.920443534851074219e+00,-1.178027343750000000e+01,-1.323803901672363281e+01,-1.422686767578125000e+01,-1.468953418731689453e+01,-1.458144378662109375e+01,-1.387375450134277344e+01,-1.255639839172363281e+01,-1.064072418212890625e+01,-8.161464691162109375e+00,-5.177752017974853516e+00,-1.772942423820495605e+00,1.946907043457031250e+00,5.855981349945068359e+00,9.813040733337402344e+00,1.366699028015136719e+01,1.726343917846679688e+01,2.045190811157226562e+01,2.309324073791503906e+01,2.506680870056152344e+01,2.627699470520019531e+01,2.665854263305664062e+01,2.618038177490234375e+01,2.484766197204589844e+01,2.270179176330566406e+01,1.981850242614746094e+01,1.630396461486816406e+01,1.228925228118896484e+01,7.923467636108398438e+00,3.365971565246582031e+00,-1.221782445907592773e+00,-5.684292316436767578e+00,-9.879430770874023438e+00,-1.368479251861572266e+01,-1.700260543823242188e+01,-1.976294708251953125e+01,-2.192514419555664062e+01,-2.347735404968261719e+01,-2.443445968627929688e+01,-2.483452987670898438e+01,-2.473417854309082031e+01,-2.420323181152343750e+01,-2.331909751892089844e+01,-2.216130065917968750e+01,-2.080652618408203125e+01,-1.932449913024902344e+01,-1.777491188049316406e+01,-1.620552444458007812e+01,-1.465144920349121094e+01,-1.313551712036132812e+01,-1.166957187652587891e+01,-1.025643157958984375e+01,-8.892256736755371094e+00,-7.569026470184326172e+00,-6.276847362518310547e+00,-5.005891799926757812e+00,-3.747781038284301758e+00,-2.496340990066528320e+00,-1.247728466987609863e+00,-3.063960633399955870e-15
0.000000000000000000e+00,-2.901715278625488281e+00,-5.696753501892089844e+00,-8.280883789062500000e+00,-1.055481529235839844e+01,-1.242677402496337891e+01,-1.381516551971435547e+01,-1.465129947662353516e+01,-1.488210582733154297e+01,-1.447272872924804688e+01,-1.340885448455810547e+01,-1.169860076904296875e+01,-9.373783111572265625e+00,-6.490375041961669922e+00,-3.128012657165527344e+00,6.115711331367492676e-01,4.607240676879882812e+00,8.722263336181640625e+00,1.280913448333740234e+01,1.671524620056152344e+01,2.028917312622070312e+01,2.338724899291992188e+01,2.588010215759277344e+01,2.765878677368164062e+01,2.864013099670410156e+01,2.877098846435546875e+01,2.803109741210937500e+01,2.643437004089355469e+01,2.402846908569335938e+01,2.089271736145019531e+01,1.713438034057617188e+01,1.288357830047607422e+01,8.287082672119140625e+00,3.501363515853881836e+00,-1.314705967903137207e+00,-6.007069110870361328e+00,-1.043322467803955078e+01,-1.446811199188232422e+01,-1.800883865356445312e+01,-2.097801399230957031e+01,-2.332559585571289062e+01,-2.502916526794433594e+01,-2.609276199340820312e+01,-2.654441070556640625e+01,-2.643257331848144531e+01,-2.582183837890625000e+01,-2.478815269470214844e+01,-2.341392898559570312e+01,-2.178334617614746094e+01,-1.997809028625488281e+01,-1.807376861572265625e+01,-1.613712501525878906e+01,-1.422414016723632812e+01,-1.237898540496826172e+01,-1.063381385803222656e+01,-9.009209632873535156e+00,-7.515187263488769531e+00,-6.152542114257812500e+00,-4.914388656616210938e+00,-3.787733554840087891e+00,-2.754951477050781250e+00,-1.795088887214660645e+00,-8.849541544914245605e-01,-2.162956229054269208e-15
0.000000000000000000e+00,-3.101816177368164062e+00,-6.074947357177734375e+00,-8.794823646545410156e+00,-1.114502429962158203e+01,-1.302113246917724609e+01,-1.433432674407958984e+01,-1.501461219787597656e+01,-1.501356887817382812e+01,-1.430653667449951172e+01,-1.289410114288330078e+01,-1.080280876159667969e+01,-8.085007667541503906e+00,-4.817768096923828125e+00,-1.100847482681274414e+00,2.946283340454101562e+00,7.188303470611572266e+00,1.147868537902832031e+01,1.566496849060058594e+01,1.959448242187500000e+01,2.312026214599609375e+01,2.610693168640136719e+01,2.843626594543457031e+01,3.001215744018554688e+01,3.076475715637207031e+01,3.065355110168457031e+01,2.966921997070312500e+01,2.783414268493652344e+01,2.520152854919433594e+01,2.185319137573242188e+01,1.789605712890625000e+01,1.345759487152099609e+01,8.680374145507812500e+00,3.716035604476928711e+00,-1.281024932861328125e+00,-6.159953594207763672e+00,-1.077939987182617188e+01,-1.501285839080810547e+01,-1.875315666198730469e+01,-2.191589164733886719e+01,-2.444168281555175781e+01,-2.629720306396484375e+01,-2.747496795654296875e+01,-2.799199676513671875e+01,-2.788743209838867188e+01,-2.721934700012207031e+01,-2.606090354919433594e+01,-2.449613189697265625e+01,-2.261554336547851562e+01,-2.051179504394531250e+01,-1.827562522888183594e+01,-1.599220180511474609e+01,-1.373803806304931641e+01,-1.157853317260742188e+01,-9.566205024719238281e+00,-7.739609241485595703e+00,-6.122916221618652344e+00,-4.726099014282226562e+00,-3.545656681060791016e+00,-2.565790891647338867e+00,-1.759954690933227539e+00,-1.092692375183105469e+00,-5.216936469078063965e-01,-1.260826541438155209e-15
0.000000000000000000e+00,-3.285961627960205078e+00,-6.422023773193359375e+00,-9.264056205749511719e+00,-1.167924594879150391e+01,-1.355121994018554688e+01,-1.478454399108886719e+01,-1.530842208862304688e+01,-1.507947635650634766e+01,-1.408347702026367188e+01,-1.233597850799560547e+01,-9.881832122802734375e+00,-6.793594360351562500e+00,-3.168896436691284180e+00,8.731268644332885742e-01,5.196205139160156250e+00,9.651938438415527344e+00,1.408524227142333984e+01,1.834003067016601562e+01,2.226492118835449219e+01,2.571873855590820312e+01,2.857563400268554688e+01,3.072958946228027344e+01,3.209819030761718750e+01,3.262548828125000000e+01,3.228387832641601562e+01,3.107490348815917969e+01,2.902900505065917969e+01,2.620419502258300781e+01,2.268372726440429688e+01,1.857287406921386719e+01,1.399494075775146484e+01,9.086647987365722656e+00,3.993108987808227539e+00,-1.137434363365173340e+00,-6.158903121948242188e+00,-1.093249225616455078e+01,-1.533141422271728516e+01,-1.924509811401367188e+01,-2.258268356323242188e+01,-2.527569770812988281e+01,-2.727981185913085938e+01,-2.857563400268554688e+01,-2.916851806640625000e+01,-2.908741569519042969e+01,-2.838283729553222656e+01,-2.712402153015136719e+01,-2.539542770385742188e+01,-2.329271888732910156e+01,-2.091841888427734375e+01,-1.837739562988281250e+01,-1.577238845825195312e+01,-1.319975566864013672e+01,-1.074560928344726562e+01,-8.482505798339843750e+00,-6.466815471649169922e+00,-4.736869812011718750e+00,-3.311969995498657227e+00,-2.192268610000610352e+00,-1.359534859657287598e+00,-7.787514925003051758e-01,-4.004707336425781250e-01,-1.638168692588806152e-01,-3.721620836449836180e-16
0.000000000000000000e+00,-3.450304031372070312e+00,-6.730697154998779297e+00,-9.678638458251953125e+00,-1.214597797393798828e+01,-1.400529289245605469e+01,-1.515525531768798828e+01,-1.552478218078613281e+01,-1.507580184936523438e+01,-1.380453395843505859e+01,-1.174126052856445312e+01,-8.948650360107421875e+00,-5.518747806549072266e+00,-1.568815588951110840e+00,2.763731956481933594e+00,7.327054500579833984e+00,1.196098518371582031e+01,1.650322914123535156e+01,2.079540061950683594e+01,2.468865776062011719e+01,2.804875755310058594e+01,3.076033782958984375e+01,3.273036193847656250e+01,3.389064025878906250e+01,3.419939804077148438e+01,3.364193725585937500e+01,3.223041152954101562e+01,3.000279617309570312e+01,2.702112388610839844e+01,2.336910438537597656e+01,1.914918899536132812e+01,1.447920322418212891e+01,9.488619804382324219e+00,4.314581394195556641e+00,-9.022548794746398926e-01,-6.021950721740722656e+00,-1.090950202941894531e+01,-1.543893718719482422e+01,-1.949718666076660156e+01,-2.298761558532714844e+01,-2.583308792114257812e+01,-2.797844696044921875e+01,-2.939230155944824219e+01,-3.006800270080566406e+01,-3.002373504638671875e+01,-2.930166816711425781e+01,-2.796615600585937500e+01,-2.610099411010742188e+01,-2.380583190917968750e+01,-2.119183921813964844e+01,-1.837680816650390625e+01,-1.547990703582763672e+01,-1.261629390716552734e+01,-9.891896247863769531e+00,-7.398588180541992188e+00,-5.210035800933837891e+00,-3.378437995910644531e+00,-1.932355165481567383e+00,-8.757553696632385254e-01,-1.883516162633895874e-01,1.727703362703323364e-01,2.703093588352203369e-01,1.828336119651794434e-01,4.885146056258929739e-16
0.000000000000000000e+00,-3.591160774230957031e+00,-6.993999481201171875e+00,-1.002908039093017578e+01,-1.253426933288574219e+01,-1.437221336364746094e+01,-1.543652343750000000e+01,-1.565632820129394531e+01,-1.499901103973388672e+01,-1.347103691101074219e+01,-1.111687183380126953e+01,-8.016151428222656250e+00,-4.279297351837158203e+00,-4.189606010913848877e-02,4.541803836822509766e+00,9.305900573730468750e+00,1.407996654510498047e+01,1.869593620300292969e+01,2.299443244934082031e+01,2.683030700683593750e+01,3.007716941833496094e+01,3.263085174560546875e+01,3.441175460815429688e+01,3.536611175537109375e+01,3.546630477905273438e+01,3.471028518676757812e+01,3.312035369873046875e+01,3.074137878417968750e+01,2.763863182067871094e+01,2.389535331726074219e+01,1.961015319824218750e+01,1.489428520202636719e+01,9.868833541870117188e+00,4.661799907684326172e+00,-5.949167609214782715e-01,-5.768667221069335938e+00,-1.072934818267822266e+01,-1.535282707214355469e+01,-1.952445793151855469e+01,-2.314261436462402344e+01,-2.612211990356445312e+01,-2.839741897583007812e+01,-2.992533874511718750e+01,-3.068720436096191406e+01,-3.069016456604003906e+01,-2.996753311157226562e+01,-2.857802200317382812e+01,-2.660379028320312500e+01,-2.414730262756347656e+01,-2.132706642150878906e+01,-1.827240753173828125e+01,-1.511748886108398438e+01,-1.199488830566406250e+01,-9.029068946838378906e+00,-6.330116271972656250e+00,-3.988120079040527344e+00,-2.068550109863281250e+00,-6.089449524879455566e-01,3.828644454479217529e-01,9.288421869277954102e-01,1.079110860824584961e+00,9.086574912071228027e-01,5.125588178634643555e-01,1.307038012062389665e-15
0.000000000000000000e+00,-3.705089092254638672e+00,-7.205422401428222656e+00,-1.030653381347656250e+01,-1.283393955230712891e+01,-1.464167881011962891e+01,-1.561923027038574219e+01,-1.569642353057861328e+01,-1.484612846374511719e+01,-1.308463191986083984e+01,-1.046974468231201172e+01,-7.096869945526123047e+00,-3.093324422836303711e+00,1.388655304908752441e+00,6.179758071899414062e+00,1.110179328918457031e+01,1.597575569152832031e+01,2.062932205200195312e+01,2.490342521667480469e+01,2.865761184692382812e+01,3.177408218383789062e+01,3.416028976440429688e+01,3.575021362304687500e+01,3.650441360473632812e+01,3.640906906127929688e+01,3.547429275512695312e+01,3.373188018798828125e+01,3.123285102844238281e+01,2.804490661621093750e+01,2.424998855590820312e+01,1.994200134277343750e+01,1.522476387023925781e+01,1.021008682250976562e+01,5.015941143035888672e+00,-2.354332953691482544e-01,-5.419601440429687500e+00,-1.041229915618896484e+01,-1.509217548370361328e+01,-1.934393501281738281e+01,-2.306184387207031250e+01,-2.615349006652832031e+01,-2.854360389709472656e+01,-3.017773818969726562e+01,-3.102548789978027344e+01,-3.108300971984863281e+01,-3.037450790405273438e+01,-2.895250320434570312e+01,-2.689665603637695312e+01,-2.431110572814941406e+01,-2.132031250000000000e+01,-1.806355476379394531e+01,-1.468830680847167969e+01,-1.134285354614257812e+01,-8.168554306030273438e+00,-5.292232990264892578e+00,-2.819181680679321289e+00,-8.272576332092285156e-01,6.375151872634887695e-01,1.563505291938781738e+00,1.973978757858276367e+00,1.925469636917114258e+00,1.504080533981323242e+00,8.199178576469421387e-01,2.069884672326440314e-15
0.000000000000000000e+00,-3.788956642150878906e+00,-7.359053134918212891e+00,-1.050297451019287109e+01,-1.303578948974609375e+01,-1.480443382263183594e+01,-1.569526863098144531e+01,-1.563929939270019531e+01,-1.461479949951171875e+01,-1.264724540710449219e+01,-9.806676864624023438e+00,-6.202733993530273438e+00,-1.977799296379089355e+00,2.701257228851318359e+00,7.652135372161865234e+00,1.268636608123779297e+01,1.761820983886718750e+01,2.227266693115234375e+01,2.649222564697265625e+01,3.014203453063964844e+01,3.311339187622070312e+01,3.532553863525390625e+01,3.672586822509765625e+01,3.728884506225585938e+01,3.701384353637695312e+01,3.592235565185546875e+01,3.405486679077148438e+01,3.146771049499511719e+01,2.823021507263183594e+01,2.442225837707519531e+01,2.013235664367675781e+01,1.545624065399169922e+01,1.049584197998046875e+01,5.358489990234375000e+00,1.561257243156433105e-01,-4.995724678039550781e+00,-9.979407310485839844e+00,-1.467720699310302734e+01,-1.897410964965820312e+01,-2.276124572753906250e+01,-2.593994522094726562e+01,-2.842613983154296875e+01,-3.015490722656250000e+01,-3.108471870422363281e+01,-3.120106506347656250e+01,-3.051906776428222656e+01,-2.908469772338867188e+01,-2.697439002990722656e+01,-2.429284477233886719e+01,-2.116902160644531250e+01,-1.775041961669921875e+01,-1.419589614868164062e+01,-1.066743278503417969e+01,-7.321304798126220703e+00,-4.299252986907958984e+00,-1.720232725143432617e+00,3.266719877719879150e-01,1.787643671035766602e+00,2.647422075271606445e+00,2.930205583572387695e+00,2.698045969009399414e+00,2.046795845031738281e+00,1.099838733673095703e+00,2.764448089184940761e-15
0.000000000000000000e+00,-3.840010166168212891e+00,-7.449699878692626953e+00,-1.061137580871582031e+01,-1.313179969787597656e+01,-1.485246562957763672e+01,-1.565771198272705078e+01,-1.548017787933349609e+01,-1.430334281921386719e+01,-1.216105365753173828e+01,-9.134198188781738281e+00,-5.344827651977539062e+00,-9.482385516166687012e-01,3.876388311386108398e+00,8.936108589172363281e+00,1.403440189361572266e+01,1.898076629638671875e+01,2.359915542602539062e+01,2.773482704162597656e+01,3.125928497314453125e+01,3.407324981689453125e+01,3.610764694213867188e+01,3.732284927368164062e+01,3.770649719238281250e+01,3.727026748657226562e+01,3.604606246948242188e+01,3.408206939697265625e+01,3.143901824951171875e+01,2.818706321716308594e+01,2.440335464477539062e+01,2.017048263549804688e+01,1.557567405700683594e+01,1.071062755584716797e+01,5.671697616577148438e+00,5.601462721824645996e-01,-4.517879009246826172e+00,-9.451942443847656250e+00,-1.412872791290283203e+01,-1.843441772460937500e+01,-2.225806808471679688e+01,-2.549586868286132812e+01,-2.805610847473144531e+01,-2.986444282531738281e+01,-3.086910629272460938e+01,-3.104555702209472656e+01,-3.040008354187011719e+01,-2.897197151184082031e+01,-2.683381462097167969e+01,-2.408980941772460938e+01,-2.087191009521484375e+01,-1.733396530151367188e+01,-1.364408016204833984e+01,-9.975645065307617188e+00,-6.497569084167480469e+00,-3.364374637603759766e+00,-7.068397402763366699e-01,1.376135468482971191e+00,2.823818206787109375e+00,3.617593050003051758e+00,3.782230854034423828e+00,3.384322881698608398e+00,2.527932643890380859e+00,1.347722887992858887e+00,3.379298505926759885e-15
0.000000000000000000e+00,-3.855934381484985352e+00,-7.473006725311279297e+00,-1.062586784362792969e+01,-1.311530780792236328e+01,-1.477918910980224609e+01,-1.550097846984863281e+01,-1.521538734436035156e+01,-1.391080093383789062e+01,-1.162844467163085938e+01,-8.458443641662597656e+00,-4.533165931701660156e+00,-1.839027367532253265e-02,4.896984100341796875e+00,1.001195144653320312e+01,1.512434196472167969e+01,2.004097747802734375e+01,2.458642387390136719e+01,2.860986518859863281e+01,3.198979949951171875e+01,3.463648223876953125e+01,3.649219131469726562e+01,3.752956390380859375e+01,3.774843978881835938e+01,3.717164993286132812e+01,3.584033203125000000e+01,3.380923080444335938e+01,3.114251136779785156e+01,2.791034889221191406e+01,2.418659210205078125e+01,2.004753303527832031e+01,1.557168579101562500e+01,1.084041309356689453e+01,5.939017772674560547e+00,9.579572677612304688e-01,-4.006258010864257812e+00,-8.850852966308593750e+00,-1.346758365631103516e+01,-1.774473571777343750e+01,-2.157039451599121094e+01,-2.483689689636230469e+01,-2.744620895385742188e+01,-2.931587982177734375e+01,-3.038505744934082031e+01,-3.062004089355468750e+01,-3.001880455017089844e+01,-2.861397171020507812e+01,-2.647382354736328125e+01,-2.370102119445800781e+01,-2.042898559570312500e+01,-1.681593132019042969e+01,-1.303689193725585938e+01,-9.274148941040039062e+00,-5.706691265106201172e+00,-2.499410867691040039e+00,2.071945369243621826e-01,2.306045293807983398e+00,3.730538368225097656e+00,4.459071159362792969e+00,4.516640186309814453e+00,3.973325967788696289e+00,2.939716100692749023e+00,1.559540271759033203e+00,3.904420393225326025e-15
0.000000000000000000e+00,-3.834906816482543945e+00,-7.425554752349853516e+00,-1.054186439514160156e+01,-1.298116397857666016e+01,-1.457959556579589844e+01,-1.522096061706542969e+01,-1.484245204925537109e+01,-1.343697357177734375e+01,-1.105198287963867188e+01,-7.785037994384765625e+00,-3.776495695114135742e+00,8.000465631484985352e-01,5.748791217803955078e+00,1.086344337463378906e+01,1.593873310089111328e+01,2.078097724914550781e+01,2.521701812744140625e+01,2.910107040405273438e+01,3.231913375854492188e+01,3.479094314575195312e+01,3.646957015991210938e+01,3.733896255493164062e+01,3.740993118286132812e+01,3.671511077880859375e+01,3.530350112915039062e+01,3.323518753051757812e+01,3.057669830322265625e+01,2.739747619628906250e+01,2.376757621765136719e+01,1.975676155090332031e+01,1.543483448028564453e+01,1.087294292449951172e+01,6.145506858825683594e+00,1.332281231880187988e+00,-3.479914426803588867e+00,-8.196259498596191406e+00,-1.271415901184082031e+01,-1.692488479614257812e+01,-2.071671867370605469e+01,-2.397951698303222656e+01,-2.661044502258300781e+01,-2.852045440673828125e+01,-2.964099311828613281e+01,-2.993031883239746094e+01,-2.937880325317382812e+01,-2.801262855529785156e+01,-2.589538955688476562e+01,-2.312725639343261719e+01,-1.984155464172363281e+01,-1.619880676269531250e+01,-1.237850379943847656e+01,-8.569112777709960938e+00,-4.956923961639404297e+00,-1.714551091194152832e+00,1.010113716125488281e+00,3.103641510009765625e+00,4.494749069213867188e+00,5.159298896789550781e+00,5.122179508209228516e+00,4.455855846405029297e+00,3.275631904602050781e+00,1.731915116310119629e+00,4.331424525012795776e-15
0.000000000000000000e+00,-3.775641679763793945e+00,-7.304946422576904297e+00,-1.035618686676025391e+01,-1.272586154937744141e+01,-1.425039196014404297e+01,-1.481514167785644531e+01,-1.436017513275146484e+01,-1.288245010375976562e+01,-1.043437957763671875e+01,-7.118991374969482422e+00,-3.082124233245849609e+00,1.497662067413330078e+00,6.420663833618164062e+00,1.147821998596191406e+01,1.646461296081542969e+01,2.118787002563476562e+01,2.547878265380859375e+01,2.919762802124023438e+01,3.223829650878906250e+01,3.452978897094726562e+01,3.603521347045898438e+01,3.674866867065429688e+01,3.669051361083984375e+01,3.590164184570312500e+01,3.443740844726562500e+01,3.236188888549804688e+01,2.974291992187500000e+01,2.664844131469726562e+01,2.314431762695312500e+01,1.929370307922363281e+01,1.515785121917724609e+01,1.079803562164306641e+01,6.278176307678222656e+00,1.667637944221496582e+00,-2.956323623657226562e+00,-7.506991863250732422e+00,-1.188791084289550781e+01,-1.599419307708740234e+01,-1.971550941467285156e+01,-2.294071578979492188e+01,-2.556381797790527344e+01,-2.749086380004882812e+01,-2.864718627929687500e+01,-2.898431777954101562e+01,-2.848592948913574219e+01,-2.717213058471679688e+01,-2.510157966613769531e+01,-2.237104606628417969e+01,-1.911221694946289062e+01,-1.548579216003417969e+01,-1.167315769195556641e+01,-7.866100311279296875e+00,-4.255265712738037109e+00,-1.018155455589294434e+00,1.692450284957885742e+00,3.758758306503295898e+00,5.106115341186523438e+00,5.708371639251708984e+00,5.589993000030517578e+00,4.824684143066406250e+00,3.530565261840820312e+00,1.862198114395141602e+00,4.653727761223108716e-15
0.000000000000000000e+00,-3.677426099777221680e+00,-7.109870910644531250e+00,-1.006714916229248047e+01,-1.234763908386230469e+01,-1.379009342193603516e+01,-1.428267955780029297e+01,-1.376869583129882812e+01,-1.224862098693847656e+01,-9.778459548950195312e+00,-6.464617252349853516e+00,-2.455776214599609375e+00,2.067529439926147461e+00,6.904805660247802734e+00,1.184804248809814453e+01,1.669379043579101562e+01,2.125403594970703125e+01,2.536515235900878906e+01,2.889444732666015625e+01,3.174398994445800781e+01,3.385167694091796875e+01,3.518974685668945312e+01,3.576111984252929688e+01,3.559410095214843750e+01,3.473615646362304688e+01,3.324739074707031250e+01,3.119444465637207031e+01,2.864536666870117188e+01,2.566588211059570312e+01,2.231733131408691406e+01,1.865630149841308594e+01,1.473583030700683594e+01,1.060783195495605469e+01,6.326295375823974609e+00,1.950692057609558105e+00,-2.450998306274414062e+00,-6.800186157226562500e+00,-1.100696277618408203e+01,-1.497109317779541016e+01,-1.858485412597656250e+01,-2.173763275146484375e+01,-2.432203292846679688e+01,-2.624103164672851562e+01,-2.741557884216308594e+01,-2.779196548461914062e+01,-2.734822082519531250e+01,-2.609888076782226562e+01,-2.409752464294433594e+01,-2.143667411804199219e+01,-1.824484443664550781e+01,-1.468077278137207031e+01,-1.092509937286376953e+01,-7.169976711273193359e+00,-3.607331037521362305e+00,-4.165870249271392822e-01,2.247220993041992188e+00,4.264039039611816406e+00,5.557243824005126953e+00,6.099254608154296875e+00,5.913817405700683594e+00,5.074710845947265625e+00,3.700913667678833008e+00,1.948524355888366699e+00,4.866697255151257451e-15
0.000000000000000000e+00,-3.540143013000488281e+00,-6.840151786804199219e+00,-9.674616813659667969e+00,-1.184654998779296875e+01,-1.319909381866455078e+01,-1.362446308135986328e+01,-1.306952190399169922e+01,-1.153769016265869141e+01,-9.087129592895507812e+00,-5.825460433959960938e+00,-1.901487231254577637e+00,2.505348920822143555e+00,7.196942806243896484e+00,1.196899890899658203e+01,1.662307357788085938e+01,2.097733497619628906e+01,2.487534523010253906e+01,2.819234085083007812e+01,3.083874702453613281e+01,3.276087951660156250e+01,3.393906784057617188e+01,3.438358306884765625e+01,3.412897491455078125e+01,3.322748565673828125e+01,3.174226570129394531e+01,2.974107933044433594e+01,2.729107666015625000e+01,2.445508766174316406e+01,2.128967666625976562e+01,1.784501075744628906e+01,1.416637325286865234e+01,1.029698467254638672e+01,6.281632423400878906e+00,2.170537471771240234e+00,-1.977172017097473145e+00,-6.090945720672607422e+00,-1.008774852752685547e+01,-1.387277889251708984e+01,-1.734212112426757812e+01,-2.038726806640625000e+01,-2.290124893188476562e+01,-2.478588676452636719e+01,-2.595960807800292969e+01,-2.636505889892578125e+01,-2.597581100463867188e+01,-2.480143928527832031e+01,-2.289038467407226562e+01,-2.033014106750488281e+01,-1.724455833435058594e+01,-1.378827762603759766e+01,-1.013852787017822266e+01,-6.484827041625976562e+00,-3.017244100570678711e+00,8.591405302286148071e-02,2.670073509216308594e+00,4.615095138549804688e+00,5.843846797943115234e+00,6.327939510345458984e+00,6.090123176574707031e+00,5.203082561492919922e+00,3.784668207168579102e+00,1.989856481552124023e+00,4.967758026637588906e-15
0.000000000000000000e+00,-3.364286899566650391e+00,-6.496770858764648438e+00,-9.180047988891601562e+00,-1.122449779510498047e+01,-1.247970390319824219e+01,-1.284314060211181641e+01,-1.226554489135742188e+01,-1.075266551971435547e+01,-8.363356590270996094e+00,-5.204252243041992188e+00,-1.421532273292541504e+00,2.809537887573242188e+00,7.296428203582763672e+00,1.184161281585693359e+01,1.625436210632324219e+01,2.036121940612792969e+01,2.401446914672851562e+01,2.709810066223144531e+01,2.953099060058593750e+01,3.126731109619140625e+01,3.229433822631835938e+01,3.262815475463867188e+01,3.230775070190429688e+01,3.138830184936523438e+01,2.993427276611328125e+01,2.801307868957519531e+01,2.568988418579101562e+01,2.302398109436035156e+01,2.006697463989257812e+01,1.686284065246582031e+01,1.344968032836914062e+01,9.862797737121582031e+00,6.138631343841552734e+00,2.318911552429199219e+00,-1.545552492141723633e+00,-5.392071247100830078e+00,-9.144738197326660156e+00,-1.271491622924804688e+01,-1.600368499755859375e+01,-1.890622138977050781e+01,-2.131782722473144531e+01,-2.314115715026855469e+01,-2.429402732849121094e+01,-2.471712493896484375e+01,-2.438082122802734375e+01,-2.329043006896972656e+01,-2.148927688598632812e+01,-1.905911254882812500e+01,-1.611768722534179688e+01,-1.281343555450439453e+01,-9.317545890808105469e+00,-5.813902378082275391e+00,-2.487572669982910156e+00,4.873118996620178223e-01,2.959377765655517578e+00,4.810604095458984375e+00,5.964841365814208984e+00,6.393541812896728516e+00,6.118202686309814453e+00,5.209261894226074219e+00,3.781466245651245117e+00,1.986011147499084473e+00,4.956457336571795658e-15
0.000000000000000000e+00,-3.150964498519897461e+00,-6.081872940063476562e+00,-8.586491584777832031e+00,-1.048524284362792969e+01,-1.163614749908447266e+01,-1.194311523437500000e+01,-1.136103153228759766e+01,-9.897348403930664062e+00,-7.610139846801757812e+00,-4.602877140045166016e+00,-1.016392946243286133e+00,2.981265783309936523e+00,7.206276893615722656e+00,1.147087574005126953e+01,1.559468460083007812e+01,1.941473579406738281e+01,2.279350090026855469e+01,2.562446403503417969e+01,2.783498764038085938e+01,2.938645172119140625e+01,3.027190399169921875e+01,3.051163101196289062e+01,3.014725685119628906e+01,2.923501586914062500e+01,2.783895492553710938e+01,2.602468872070312500e+01,2.385434150695800781e+01,2.138306427001953125e+01,1.865737342834472656e+01,1.571536064147949219e+01,1.258858394622802734e+01,9.305298805236816406e+00,5.894520282745361328e+00,2.390336751937866211e+00,-1.164153575897216797e+00,-4.713870048522949219e+00,-8.190230369567871094e+00,-1.151143550872802734e+01,-1.458471393585205078e+01,-1.731047821044921875e+01,-1.958815002441406250e+01,-2.132318878173828125e+01,-2.243475151062011719e+01,-2.286327171325683594e+01,-2.257723617553710938e+01,-2.157845115661621094e+01,-1.990520095825195312e+01,-1.763286018371582031e+01,-1.487170314788818359e+01,-1.176193141937255859e+01,-8.466119766235351562e+00,-5.159581184387207031e+00,-2.019292354583740234e+00,7.878097891807556152e-01,3.116261482238769531e+00,4.852347850799560547e+00,5.922387599945068359e+00,6.298334121704101562e+00,6.000199794769287109e+00,5.095053672790527344e+00,3.692606925964355469e+00,1.937667250633239746e+00,4.834487133266018172e-15
0.000000000000000000e+00,-2.901885747909545898e+00,-5.598749160766601562e+00,-7.898564815521240234e+00,-9.634368896484375000e+00,-1.067453002929687500e+01,-1.093050861358642578e+01,-1.036158847808837891e+01,-8.976297378540039062e+00,-6.830496788024902344e+00,-4.022368907928466797e+00,-6.847634911537170410e-01,3.024431943893432617e+00,6.933124065399169922e+00,1.086618328094482422e+01,1.465611267089843750e+01,1.815243530273437500e+01,2.122917747497558594e+01,2.378999328613281250e+01,2.577069664001464844e+01,2.713920783996582031e+01,2.789313125610351562e+01,2.805537605285644531e+01,2.766838455200195312e+01,2.678762435913085938e+01,2.547502136230468750e+01,2.379298782348632812e+01,2.179959869384765625e+01,1.954531288146972656e+01,1.707147979736328125e+01,1.441065216064453125e+01,1.158853816986083984e+01,8.627247810363769531e+00,5.549351215362548828e+00,2.382184505462646484e+00,-8.382061123847961426e-01,-4.064046382904052734e+00,-7.234218120574951172e+00,-1.027438449859619141e+01,-1.309901237487792969e+01,-1.561525249481201172e+01,-1.772843933105468750e+01,-1.934878349304199219e+01,-2.039868927001953125e+01,-2.082004928588867188e+01,-2.058077430725097656e+01,-1.967994308471679688e+01,-1.815093612670898438e+01,-1.606217193603515625e+01,-1.351516819000244141e+01,-1.063996028900146484e+01,-7.588051319122314453e+00,-4.523360729217529297e+00,-1.611788392066955566e+00,9.898377060890197754e-01,3.144589424133300781e+00,4.745183467864990234e+00,5.721857547760009766e+00,6.047717571258544922e+00,5.741080760955810547e+00,4.864581108093261719e+00,3.521036386489868164e+00,1.846358537673950195e+00,4.605664147180584325e-15
0.000000000000000000e+00,-2.619343280792236328e+00,-5.051792621612548828e+00,-7.122395038604736328e+00,-8.679217338562011719e+00,-9.602767944335937500e+00,-9.813097953796386719e+00,-9.274106979370117188e+00,-7.994796752929687500e+00,-6.027442932128906250e+00,-3.462919473648071289e+00,-4.235951304435729980e-01,2.945587158203125000e+00,6.487112998962402344e+00,1.004119586944580078e+01,1.345558261871337891e+01,1.659416198730468750e+01,1.934377479553222656e+01,2.161883544921875000e+01,2.336353492736816406e+01,2.455165481567382812e+01,2.518416976928710938e+01,2.528506469726562500e+01,2.489585876464843750e+01,2.406949043273925781e+01,2.286415100097656250e+01,2.133771514892578125e+01,1.954325866699218750e+01,1.752605438232421875e+01,1.532224559783935547e+01,1.295921993255615234e+01,1.045754051208496094e+01,7.834085464477539062e+00,5.105964660644531250e+00,2.294662475585937500e+00,-5.701500177383422852e-01,-3.447671890258789062e+00,-6.284344196319580078e+00,-9.013854026794433594e+00,-1.155892848968505859e+01,-1.383487224578857422e+01,-1.575464153289794922e+01,-1.723505592346191406e+01,-1.820360946655273438e+01,-1.860529327392578125e+01,-1.840873718261718750e+01,-1.761106300354003906e+01,-1.624091720581054688e+01,-1.435925197601318359e+01,-1.205764961242675781e+01,-9.454179763793945312e+00,-6.686960697174072266e+00,-3.905861377716064453e+00,-1.262891054153442383e+00,1.097992777824401855e+00,3.050885200500488281e+00,4.496953964233398438e+00,5.371738910675048828e+00,5.650126934051513672e+00,5.348554134368896484e+00,4.524216651916503906e+00,3.271297216415405273e+00,1.714447259902954102e+00,4.275865516420018081e-15
0.000000000000000000e+00,-2.306180238723754883e+00,-4.446442604064941406e+00,-6.265539169311523438e+00,-7.628788948059082031e+00,-8.430482864379882812e+00,-8.600212097167968750e+00,-8.106685638427734375e+00,-6.958803176879882812e+00,-5.203981399536132812e+00,-2.923915386199951172e+00,-2.281786799430847168e-01,2.753799438476562500e+00,5.881712436676025391e+00,9.013603210449218750e+00,1.201463699340820312e+01,1.476476669311523438e+01,1.716478538513183594e+01,1.914038658142089844e+01,2.064403724670410156e+01,2.165471458435058594e+01,2.217563438415527344e+01,2.223039436340332031e+01,2.185796737670898438e+01,2.110710906982421875e+01,2.003077316284179688e+01,1.868105888366699219e+01,1.710518646240234375e+01,1.534280109405517578e+01,1.342482185363769531e+01,1.137385559082031250e+01,9.206007957458496094e+00,6.933817863464355469e+00,4.569887638092041016e+00,2.130725860595703125e+00,-3.597052693367004395e-01,-2.867235422134399414e+00,-5.345922946929931641e+00,-7.737979888916015625e+00,-9.975322723388671875e+00,-1.198271942138671875e+01,-1.368233394622802734e+01,-1.499932193756103516e+01,-1.586799240112304688e+01,-1.623798370361328125e+01,-1.607985496520996094e+01,-1.538953113555908203e+01,-1.419110012054443359e+01,-1.253761100769042969e+01,-1.050964355468750000e+01,-8.211657524108886719e+00,-5.766274452209472656e+00,-3.306862831115722656e+00,-9.689467549324035645e-01,1.118933439254760742e+00,2.844198942184448242e+00,4.118338108062744141e+00,4.883478641510009766e+00,5.116877079010009766e+00,4.832924365997314453e+00,4.082467555999755859e+00,2.949447631835937500e+00,1.545081853866577148e+00,3.852922484098159073e-15
0.000000000000000000e+00,-1.965746521949768066e+00,-3.789099216461181641e+00,-5.336870193481445312e+00,-6.493613719940185547e+00,-7.168871402740478516e+00,-7.302616596221923828e+00,-6.868527889251708984e+00,-5.874886512756347656e+00,-4.363095760345458984e+00,-2.403988361358642578e+00,-9.226287156343460083e-02,2.460470199584960938e+00,5.133465766906738281e+00,7.804823875427246094e+00,1.035905838012695312e+01,1.269370365142822266e+01,1.472450542449951172e+01,1.638887023925781250e+01,1.764743423461914062e+01,1.848373985290527344e+01,1.890221214294433594e+01,1.892473411560058594e+01,1.858623504638671875e+01,1.792980575561523438e+01,1.700179862976074219e+01,1.584743690490722656e+01,1.450731086730957031e+01,1.301505088806152344e+01,1.139636898040771484e+01,9.669451713562011719e+00,7.846601009368896484e+00,5.936844825744628906e+00,3.949165344238281250e+00,1.895916819572448730e+00,-2.040203064680099487e-01,-2.322771310806274414e+00,-4.422044754028320312e+00,-6.453011035919189453e+00,-8.357604026794433594e+00,-1.007122421264648438e+01,-1.152667427062988281e+01,-1.265901088714599609e+01,-1.341091728210449219e+01,-1.373808956146240234e+01,-1.361413097381591797e+01,-1.303446292877197266e+01,-1.201880550384521484e+01,-1.061192893981933594e+01,-8.882472991943359375e+00,-6.919826984405517578e+00,-4.829225540161132812e+00,-2.725353240966796875e+00,-7.249226570129394531e-01,1.061230301856994629e+00,2.535919904708862305e+00,3.622637987136840820e+00,4.271259307861328125e+00,4.461946010589599609e+00,4.206903457641601562e+00,3.549814224243164062e+00,2.562947034835815430e+00,1.342138409614562988e+00,3.346475132187708493e-15
0.000000000000000000e+00,-1.601848006248474121e+00,-3.087026357650756836e+00,-4.346440315246582031e+00,-5.285592079162597656e+00,-5.830536842346191406e+00,-5.932354927062988281e+00,-5.569827556610107422e+00,-4.750161647796630859e+00,-3.507745504379272461e+00,-1.901085734367370605e+00,-8.206490427255630493e-03,2.079097986221313477e+00,4.261679649353027344e+00,6.439615726470947266e+00,8.518436431884765625e+00,1.041455650329589844e+01,1.205952167510986328e+01,1.340282344818115234e+01,1.441314315795898438e+01,1.507803916931152344e+01,1.540222549438476562e+01,1.540469837188720703e+01,1.511505413055419922e+01,1.456940841674804688e+01,1.380633640289306641e+01,1.286322498321533203e+01,1.177336883544921875e+01,1.056406593322753906e+01,9.255838394165039062e+00,7.862789630889892578e+00,6.394000053405761719e+00,4.855727195739746094e+00,3.254128456115722656e+00,1.598134160041809082e+00,-9.789148718118667603e-02,-1.812061667442321777e+00,-3.513748168945312500e+00,-5.163443565368652344e+00,-6.713810920715332031e+00,-8.111899375915527344e+00,-9.302386283874511719e+00,-1.023159694671630859e+01,-1.085194778442382812e+01,-1.112642765045166016e+01,-1.103266620635986328e+01,-1.056619739532470703e+01,-9.742554664611816406e+00,-8.597918510437011719e+00,-7.188186168670654297e+00,-5.586428642272949219e+00,-3.878864288330078125e+00,-2.159604787826538086e+00,-5.245402455329895020e-01,9.351757168769836426e-01,2.139542818069458008e+00,3.025516510009765625e+00,3.551726341247558594e+00,3.701707124710083008e+00,3.485363483428955078e+00,2.938512563705444336e+00,2.120515823364257812e+00,1.110146760940551758e+00,2.767789634161858976e-15
0.000000000000000000e+00,-1.218683719635009766e+00,-2.348233938217163086e+00,-3.305322647094726562e+00,-4.017808914184570312e+00,-4.429300308227539062e+00,-4.502575874328613281e+00,-4.221628665924072266e+00,-3.592210054397583008e+00,-2.640862226486206055e+00,-1.412558794021606445e+00,3.283956646919250488e-02,1.625001311302185059e+00,3.288053750991821289e+00,4.945631027221679688e+00,6.525650978088378906e+00,7.964470386505126953e+00,9.210132598876953125e+00,1.022450065612792969e+01,1.098419475555419922e+01,1.148031711578369141e+01,1.171710681915283203e+01,1.170969772338867188e+01,1.148126888275146484e+01,1.105988693237304688e+01,1.047537040710449219e+01,9.756472587585449219e+00,8.928654670715332031e+00,8.012618064880371094e+00,7.023723602294921875e+00,5.972279548645019531e+00,4.864636898040771484e+00,3.704912185668945312e+00,2.497105121612548828e+00,1.247342467308044434e+00,-3.404788672924041748e-02,-1.330901145935058594e+00,-2.620253562927246094e+00,-3.872214794158935547e+00,-5.050759792327880859e+00,-6.115420818328857422e+00,-7.023778915405273438e+00,-7.734553813934326172e+00,-8.211030960083007812e+00,-8.424516677856445312e+00,-8.357485771179199219e+00,-8.006110191345214844e+00,-7.381886482238769531e+00,-6.512165546417236328e+00,-5.439450263977050781e+00,-4.219464302062988281e+00,-2.918073654174804688e+00,-1.607260942459106445e+00,-3.604381978511810303e-01,7.525569796562194824e-01,1.670388698577880859e+00,2.344683408737182617e+00,2.743658304214477539e+00,2.854611158370971680e+00,2.685051202774047852e+00,2.262357950210571289e+00,1.631966352462768555e+00,8.542037010192871094e-01,2.129541202801560687e-15
0.000000000000000000e+00,-8.207774758338928223e-01,-1.581346869468688965e+00,-2.225430965423583984e+00,-2.704324483871459961e+00,-2.979984045028686523e+00,-3.027339935302734375e+00,-2.835676670074462891e+00,-2.408995389938354492e+00,-1.765354633331298828e+00,-9.352632761001586914e-01,4.072379693388938904e-02,1.115002870559692383e+00,2.236263751983642578e+00,3.352910518646240234e+00,4.416296005249023438e+00,5.383533477783203125e+00,6.219688415527343750e+00,6.899217128753662109e+00,7.406585216522216797e+00,7.736073017120361328e+00,7.890846252441406250e+00,7.881423950195312500e+00,7.723734378814697266e+00,7.436960697174072266e+00,7.041410446166992188e+00,6.556596755981445312e+00,5.999728202819824219e+00,5.384716510772705078e+00,4.721784591674804688e+00,4.017673015594482422e+00,3.276392936706542969e+00,2.500407695770263672e+00,1.692083597183227539e+00,8.552272319793701172e-01,-3.492757910862565041e-03,-8.734226822853088379e-01,-1.739258289337158203e+00,-2.580948829650878906e+00,-3.374226093292236328e+00,-4.091748237609863281e+00,-4.704789161682128906e+00,-5.185333251953125000e+00,-5.508408546447753906e+00,-5.654433727264404297e+00,-5.611362934112548828e+00,-5.376411437988281250e+00,-4.957170009613037109e+00,-4.371972560882568359e+00,-3.649433374404907227e+00,-2.827143907546997070e+00,-1.949593544006347656e+00,-1.065444707870483398e+00,-2.243582606315612793e-01,5.263975262641906738e-01,1.145288228988647461e+00,1.599538803100585938e+00,1.867596864700317383e+00,1.940822958946228027e+00,1.824262261390686035e+00,1.536415338516235352e+00,1.108013272285461426e+00,5.798742771148681641e-01,1.445569509432001638e-15
0.000000000000000000e+00,-4.129022955894470215e-01,-7.954630851745605469e-01,-1.119324326515197754e+00,-1.359949111938476562e+00,-1.498179793357849121e+00,-1.521404504776000977e+00,-1.424252152442932129e+00,-1.208774209022521973e+00,-8.841097354888916016e-01,-4.656725525856018066e-01,2.606393024325370789e-02,5.670813322067260742e-01,1.131504297256469727e+00,1.693327784538269043e+00,2.228049278259277344e+00,2.714087009429931641e+00,3.133884429931640625e+00,3.474633693695068359e+00,3.728584289550781250e+00,3.892940521240234375e+00,3.969388723373413086e+00,3.963318586349487305e+00,3.882837772369384766e+00,3.737681865692138672e+00,3.538133144378662109e+00,3.294053554534912109e+00,3.014117479324340820e+00,2.705313920974731445e+00,2.372749090194702148e+00,2.019752979278564453e+00,1.648263454437255859e+00,1.259426474571228027e+00,8.543341755867004395e-01,4.348051846027374268e-01,4.107839893549680710e-03,-4.324685037136077881e-01,-8.672735691070556641e-01,-1.290244698524475098e+00,-1.689171910285949707e+00,-2.050274610519409180e+00,-2.359053611755371094e+00,-2.601352453231811523e+00,-2.764534235000610352e+00,-2.838671207427978516e+00,-2.817631006240844727e+00,-2.699949979782104492e+00,-2.489401102066040039e+00,-2.195181608200073242e+00,-1.831682324409484863e+00,-1.417832732200622559e+00,-9.760521650314331055e-01,-5.308758020401000977e-01,-1.073515266180038452e-01,2.706719040870666504e-01,5.822324156761169434e-01,8.107835054397583008e-01,9.454386830329895020e-01,9.818265438079833984e-01,9.224810600280761719e-01,7.767276763916015625e-01,5.600648522377014160e-01,2.930833399295806885e-01,7.306086921706703846e-16
0.000000000000000000e+00,-1.016090029735299601e-15,-1.957470906489822658e-15,-2.754319057443437024e-15,-3.346224198677084406e-15,-3.686026500302960751e-15,-3.742689616342484427e-15,-3.503012538312697162e-15,-2.972075134556519810e-15,-2.172411234327995336e-15,-1.142006559542334872e-15,6.869854763005592518e-17,1.400540496802134185e-15,2.789792585516210309e-15,4.172419500154218516e-15,5.488100954047746283e-15,6.683720993382134129e-15,7.716090678726306162e-15,8.553724948397872785e-15,9.177605371632133191e-15,9.580918415401373789e-15,9.767889927079446283e-15,9.751864063717394920e-15,9.552869766385994887e-15,9.194934818700008922e-15,8.703417693034336267e-15,8.102621458711597308e-15,7.413909980727440008e-15,6.654472522196969511e-15,5.836844747223075835e-15,4.969172148143029960e-15,4.056157028363514133e-15,3.100544198150105915e-15,2.104939766123269974e-15,1.073740468553966571e-15,1.491865729673075828e-17,-1.058566932095089848e-15,-2.127929934377646194e-15,-3.168427747883670494e-15,-4.150011667051079628e-15,-5.038748704979919071e-15,-5.798920117559185419e-15,-6.395635770658526786e-15,-6.797737980829667362e-15,-6.980733519853328170e-15,-6.929471509401971541e-15,-6.640299119890563304e-15,-6.122462986487805028e-15,-5.398575077237123890e-15,-4.504046451531433168e-15,-3.485474085865086433e-15,-2.398060387960067319e-15,-1.302227394317577273e-15,-2.596675849805807866e-16,6.708735464501329720e-16,1.437756371647409565e-15,2.000214306590642789e-15,2.331421129626019308e-15,2.420598664137083370e-15,2.273979802066205744e-15,1.914527394855213699e-15,1.380413194030359093e-15,7.223538267040851939e-16,1.800694092804302263e-30
