1.964188413694500923e-03,-8.476300281472504139e-04,-9.388821781612932682e-04,-1.034208340570330620e-03,6.377526442520320415e-04,6.267335847951471806e-04,1.897741924040019512e-03,2.435189904645085335e-03,3.271490801125764847e-03,1.385144772939383984e-03,1.843889360316097736e-03,6.215641624294221401e-04,1.101192901842296124e-03,1.522655016742646694e-03,3.356009547132998705e-04,-1.633833016967400908e-04,-3.779459802899509668e-04,1.441539207007735968e-04,-6.662387168034911156e-04,-1.213375129736959934e-03,-7.123833638615906239e-04,7.498580816900357604e-05,1.033265725709497929e-03,8.682144107297062874e-04,1.890644547529518604e-03,1.452683587558567524e-03,2.282406203448772430e-03,2.359735313802957535e-03,3.026337129995226860e-03,2.254078397527337074e-03,2.228328725323081017e-03,1.626273035071790218e-03,1.847829436883330345e-03,8.823180105537176132e-04,1.402140478603541851e-04,-4.503381496760994196e-04,-6.191596039570868015e-04,2.430760359857231379e-04,-5.310210981406271458e-04,-3.996449813712388277e-04,-8.655850542709231377e-04,-1.427649258403107524e-04,-1.364961644867435098e-04,4.755064728669822216e-04,9.114260319620370865e-04,8.491906337440013885e-04,1.672231825068593025e-03,1.429073978215456009e-03,1.944661024026572704e-03,1.217180164530873299e-03,1.610384904779493809e-03,1.013657194562256336e-03,1.301560085266828537e-03,7.366216159425675869e-04,4.273456870578229427e-04,1.569968299008905888e-04,1.016854803310707211e-04,1.013023429550230503e-04,-2.903861168306320906e-04,-3.949882011511363089e-05,-4.554424667730927467e-04,-3.969967074226588011e-04,-9.490928496234118938e-04,-1.186011591926217079e-03
4.068209789693355560e-03,5.962382536381483078e-03,9.672704152762889862e-03,1.479948591440916061e-02,1.937869563698768616e-02,2.164154686033725739e-02,2.428606897592544556e-02,2.357150055468082428e-02,2.267969958484172821e-02,1.832642778754234314e-02,1.492532063275575638e-02,9.972088970243930817e-03,4.412824753671884537e-03,6.022852612659335136e-04,-3.278671531006693840e-03,-5.972838029265403748e-03,-7.430694997310638428e-03,-7.749803364276885986e-03,-6.905313581228256226e-03,-5.356930661946535110e-03,-4.439472686499357224e-04,3.204635344445705414e-03,7.460880093276500702e-03,1.219163648784160614e-02,1.648807525634765625e-02,2.088066190481185913e-02,2.471519447863101959e-02,2.688155137002468109e-02,2.905358001589775085e-02,2.868850901722908020e-02,2.810408920049667358e-02,2.581899240612983704e-02,2.283801138401031494e-02,1.893109828233718872e-02,1.489638909697532654e-02,1.069790311157703400e-02,6.889791227877140045e-03,4.007939714938402176e-03,2.282993635162711143e-03,4.377765289973467588e-04,7.790759555064141750e-04,1.410396653227508068e-03,2.847242169082164764e-03,4.331220407038927078e-03,6.548850797116756439e-03,8.363997563719749451e-03,1.038324553519487381e-02,1.207158155739307404e-02,1.361674256622791290e-02,1.416289061307907104e-02,1.455287635326385498e-02,1.382741890847682953e-02,1.307515054941177368e-02,1.150365266948938370e-02,1.004330534487962723e-02,8.129812777042388916e-03,6.347029469907283783e-03,4.504436627030372620e-03,3.235041862353682518e-03,1.975799910724163055e-03,1.200078870169818401e-03,5.805191467516124249e-04,1.942845847224816680e-04,-9.406139724887907505e-04
1.379248104058206081e-03,1.163004990667104721e-02,2.205463871359825134e-02,3.155972436070442200e-02,3.944961726665496826e-02,4.263713210821151733e-02,4.589546099305152893e-02,4.428974911570549011e-02,4.104569181799888611e-02,3.345336392521858215e-02,2.609425783157348633e-02,1.692701131105422974e-02,8.043632842600345612e-03,-8.089999028015881777e-05,-7.331816013902425766e-03,-1.280346885323524475e-02,-1.579425670206546783e-02,-1.578463427722454071e-02,-1.443355716764926910e-02,-1.074782386422157288e-02,-3.822389291599392891e-03,4.178542178124189377e-03,1.298887282609939575e-02,2.286354452371597290e-02,3.175506368279457092e-02,4.012050479650497437e-02,4.653339460492134094e-02,5.090703815221786499e-02,5.405661836266517639e-02,5.324069783091545105e-02,5.131462216377258301e-02,4.636528342962265015e-02,4.071927070617675781e-02,3.341466560959815979e-02,2.606523968279361725e-02,1.899779587984085083e-02,1.226821169257164001e-02,7.017634343355894089e-03,3.183438442647457123e-03,1.045304583385586739e-03,7.266092579811811447e-04,1.746350666508078575e-03,4.321432206779718399e-03,7.734024897217750549e-03,1.166298333555459976e-02,1.544627081602811813e-02,1.936297304928302765e-02,2.277502603828907013e-02,2.539571560919284821e-02,2.606257051229476929e-02,2.643862180411815643e-02,2.502070367336273193e-02,2.332882024347782135e-02,2.038185857236385345e-02,1.731991954147815704e-02,1.409453712403774261e-02,1.070323493331670761e-02,7.443191017955541611e-03,5.149703007191419601e-03,3.060772782191634178e-03,1.573285553604364395e-03,4.577910876832902431e-04,1.357637811452150345e-04,-6.158225005492568016e-04
-2.199872629716992378e-03,1.667310483753681183e-02,3.212130442261695862e-02,4.446426406502723694e-02,5.408832803368568420e-02,5.911573767662048340e-02,6.160004809498786926e-02,6.046118587255477905e-02,5.584641173481941223e-02,4.610045254230499268e-02,3.563222661614418030e-02,2.306110784411430359e-02,1.062550768256187439e-02,-8.755179587751626968e-04,-1.081405114382505417e-02,-1.891413517296314240e-02,-2.271283417940139771e-02,-2.247988060116767883e-02,-1.974045485258102417e-02,-1.460806000977754593e-02,-6.027874071151018143e-03,5.324324127286672592e-03,1.776145771145820618e-02,3.198069334030151367e-02,4.376766085624694824e-02,5.508540943264961243e-02,6.306864321231842041e-02,6.938958913087844849e-02,7.234577834606170654e-02,7.215178012847900391e-02,6.913143396377563477e-02,6.362937390804290771e-02,5.567587167024612427e-02,4.616437479853630066e-02,3.640434145927429199e-02,2.574720047414302826e-02,1.697536557912826538e-02,9.714892134070396423e-03,5.089889746159315109e-03,9.347271407023072243e-04,7.472228026017546654e-04,2.148492028936743736e-03,5.178317427635192871e-03,9.623426944017410278e-03,1.522277202457189560e-02,2.057896554470062256e-02,2.579824253916740417e-02,3.042301163077354431e-02,3.375807404518127441e-02,3.552443906664848328e-02,3.558517619967460632e-02,3.454596921801567078e-02,3.188350424170494080e-02,2.828970551490783691e-02,2.424845844507217407e-02,1.953386329114437103e-02,1.506988331675529480e-02,1.057584770023822784e-02,7.427914999425411224e-03,4.333907738327980042e-03,2.340724924579262733e-03,1.032083993777632713e-03,7.795696146786212921e-04,3.093012492172420025e-04
-4.732326196972280741e-04,2.060321159660816193e-02,3.972066566348075867e-02,5.378090962767601013e-02,6.677272915840148926e-02,7.323128730058670044e-02,7.597263902425765991e-02,7.478010654449462891e-02,6.849805265665054321e-02,5.748992040753364563e-02,4.443173110485076904e-02,2.902588248252868652e-02,1.333653554320335388e-02,-1.826380728743970394e-03,-1.460671797394752502e-02,-2.496761828660964966e-02,-3.041363880038261414e-02,-3.090174123644828796e-02,-2.691131271421909332e-02,-1.992349326610565186e-02,-8.769344538450241089e-03,4.720490891486406326e-03,2.068832702934741974e-02,3.721562027931213379e-02,5.259313434362411499e-02,6.598281860351562500e-02,7.690611481666564941e-02,8.467144519090652466e-02,8.818066865205764771e-02,8.777809888124465942e-02,8.416891098022460938e-02,7.750773429870605469e-02,6.739049404859542847e-02,5.547410994768142700e-02,4.325745999813079834e-02,3.078135289251804352e-02,1.958624273538589478e-02,1.029171701520681381e-02,4.194310866296291351e-03,-1.815363211790099740e-04,-6.141862832009792328e-04,8.719481993466615677e-04,5.217204336076974869e-03,1.077360101044178009e-02,1.743306219577789307e-02,2.409413456916809082e-02,3.069663979113101959e-02,3.674246743321418762e-02,4.048339650034904480e-02,4.260292649269104004e-02,4.289139434695243835e-02,4.173225164413452148e-02,3.848346695303916931e-02,3.398625552654266357e-02,2.899902127683162689e-02,2.331756427884101868e-02,1.772955246269702911e-02,1.240694615989923477e-02,8.529612794518470764e-03,5.071784835308790207e-03,2.764754230156540871e-03,1.184869091957807541e-03,7.498884806409478188e-04,3.792142088059335947e-04
-4.930595241603441536e-05,2.288806252181529999e-02,4.316745325922966003e-02,5.938554182648658752e-02,7.451336830854415894e-02,8.194158226251602173e-02,8.456022292375564575e-02,8.292151987552642822e-02,7.597725838422775269e-02,6.396281719207763672e-02,4.845849424600601196e-02,3.067089803516864777e-02,1.326734758913516998e-02,-3.469324437901377678e-03,-1.766174472868442535e-02,-2.894577383995056152e-02,-3.502911701798439026e-02,-3.543448075652122498e-02,-3.183284029364585876e-02,-2.368605323135852814e-02,-1.198848430067300797e-02,3.549519460648298264e-03,2.109895646572113037e-02,3.916266933083534241e-02,5.676059797406196594e-02,7.218090444803237915e-02,8.434846997261047363e-02,9.392847865819931030e-02,9.747883677482604980e-02,9.754625707864761353e-02,9.269452840089797974e-02,8.452416211366653442e-02,7.370960712432861328e-02,6.057110428810119629e-02,4.674499109387397766e-02,3.226297348737716675e-02,2.021173574030399323e-02,1.018094830214977264e-02,3.197547281160950661e-03,-1.496597193181514740e-03,-2.427252940833568573e-03,-8.859242661856114864e-04,3.613974899053573608e-03,9.919177740812301636e-03,1.754892803728580475e-02,2.477567456662654877e-02,3.249961137771606445e-02,3.891750797629356384e-02,4.362532123923301697e-02,4.643325135111808777e-02,4.683177918195724487e-02,4.571649059653282166e-02,4.225991293787956238e-02,3.767508640885353088e-02,3.207616508007049561e-02,2.546176873147487640e-02,1.960432901978492737e-02,1.393517013639211655e-02,9.450819343328475952e-03,5.630150903016328812e-03,3.064186777919530869e-03,1.231698086485266685e-03,9.067201172001659870e-04,8.404609252465888858e-05
1.782505074515938759e-03,2.397857233881950378e-02,4.445265233516693115e-02,6.116181612014770508e-02,7.706160843372344971e-02,8.487042039632797241e-02,8.799354732036590576e-02,8.584061264991760254e-02,7.830323278903961182e-02,6.566617637872695923e-02,4.960045218467712402e-02,3.114998526871204376e-02,1.238238718360662460e-02,-5.085612647235393524e-03,-2.000182494521141052e-02,-3.169566020369529724e-02,-3.862246498465538025e-02,-3.974571079015731812e-02,-3.620070591568946838e-02,-2.768796682357788086e-02,-1.555528864264488220e-02,1.044569769874215126e-03,1.951335929334163666e-02,3.831300511956214905e-02,5.613302811980247498e-02,7.227143645286560059e-02,8.520860970020294189e-02,9.441240131855010986e-02,9.879489988088607788e-02,9.834934026002883911e-02,9.396255761384963989e-02,8.568840473890304565e-02,7.438033819198608398e-02,6.101964414119720459e-02,4.668205603957176208e-02,3.188333287835121155e-02,1.901635527610778809e-02,8.498965762555599213e-03,9.643857483752071857e-04,-3.860864788293838501e-03,-4.887837916612625122e-03,-3.371881321072578430e-03,1.157608465291559696e-03,7.972197607159614563e-03,1.563863642513751984e-02,2.347401715815067291e-02,3.137779980897903442e-02,3.817760944366455078e-02,4.315866529941558838e-02,4.619889706373214722e-02,4.722228273749351501e-02,4.596220701932907104e-02,4.283447563648223877e-02,3.800122067332267761e-02,3.248433023691177368e-02,2.597311325371265411e-02,1.993777044117450714e-02,1.425546873360872269e-02,9.599540382623672485e-03,5.779349245131015778e-03,3.150775562971830368e-03,1.677836989983916283e-03,8.880399982444941998e-04,1.705830800347030163e-04
3.203915199264883995e-03,2.284336462616920471e-02,4.301166534423828125e-02,5.945293232798576355e-02,7.406274229288101196e-02,8.194076269865036011e-02,8.474665880203247070e-02,8.211611956357955933e-02,7.487679272890090942e-02,6.297641992568969727e-02,4.710999876260757446e-02,2.871821820735931396e-02,1.057008560746908188e-02,-6.947302259504795074e-03,-2.184101194143295288e-02,-3.307681158185005188e-02,-4.024823382496833801e-02,-4.182989895343780518e-02,-3.924255445599555969e-02,-2.981926873326301575e-02,-1.831803284585475922e-02,-2.819077344611287117e-03,1.480388175696134567e-02,3.298209235072135925e-02,5.084999278187751770e-02,6.668233871459960938e-02,8.004193007946014404e-02,8.865094184875488281e-02,9.304267913103103638e-02,9.250499308109283447e-02,8.825180679559707642e-02,8.013948053121566772e-02,6.903894990682601929e-02,5.623980611562728882e-02,4.228186234831809998e-02,2.849572896957397461e-02,1.580139994621276855e-02,5.136287305504083633e-03,-2.443209756165742874e-03,-6.801683921366930008e-03,-7.961036637425422668e-03,-6.731684785336256027e-03,-2.575332298874855042e-03,4.232231061905622482e-03,1.197032071650028229e-02,1.938668079674243927e-02,2.748989127576351166e-02,3.378451243042945862e-02,3.898222744464874268e-02,4.246880859136581421e-02,4.385732114315032959e-02,4.322207719087600708e-02,4.022790864109992981e-02,3.570896014571189880e-02,3.052459470927715302e-02,2.475789748132228851e-02,1.907556317746639252e-02,1.361863873898983002e-02,9.297508746385574341e-03,5.946695338934659958e-03,3.320479299873113632e-03,1.654571620747447014e-03,1.148871029727160931e-03,-6.179657793836668134e-05
2.808901714161038399e-03,2.131849899888038635e-02,4.002030566334724426e-02,5.353832989931106567e-02,6.620223820209503174e-02,7.398569583892822266e-02,7.651895284652709961e-02,7.354127615690231323e-02,6.645895540714263916e-02,5.519663169980049133e-02,4.068514704704284668e-02,2.377325855195522308e-02,7.127851713448762894e-03,-8.731147274374961853e-03,-2.262715622782707214e-02,-3.306153789162635803e-02,-3.965286165475845337e-02,-4.157107695937156677e-02,-3.920546546578407288e-02,-3.134801983833312988e-02,-2.095648087561130524e-02,-7.132092956453561783e-03,9.638622403144836426e-03,2.599347941577434540e-02,4.136757925152778625e-02,5.572078749537467957e-02,6.754621118307113647e-02,7.640752941370010376e-02,8.063884824514389038e-02,8.124078065156936646e-02,7.675444334745407104e-02,6.879469007253646851e-02,5.859334394335746765e-02,4.718080535531044006e-02,3.468917682766914368e-02,2.216593548655509949e-02,1.076303515583276749e-02,1.220927340909838676e-03,-5.979794077575206757e-03,-9.778044186532497406e-03,-1.112902257591485977e-02,-9.982137009501457214e-03,-6.342082284390926361e-03,-3.904422046616673470e-04,6.508905440568923950e-03,1.389321405440568924e-02,2.110656350851058960e-02,2.750797942280769348e-02,3.215751796960830688e-02,3.572364896535873413e-02,3.708884119987487793e-02,3.684796020388603210e-02,3.452563285827636719e-02,3.080980479717254639e-02,2.642739191651344299e-02,2.136428840458393097e-02,1.671497337520122528e-02,1.196481380611658096e-02,8.260497823357582092e-03,5.238473881036043167e-03,3.022758290171623230e-03,1.722935005091130733e-03,8.330020937137305737e-04,-2.228708035545423627e-04
1.201389008201658726e-03,1.801021583378314972e-02,3.410623222589492798e-02,4.510994255542755127e-02,5.533678457140922546e-02,6.150202080607414246e-02,6.408838927745819092e-02,6.069795787334442139e-02,5.465498566627502441e-02,4.391191527247428894e-02,3.187977522611618042e-02,1.725865155458450317e-02,3.337047295644879341e-03,-1.084901113063097000e-02,-2.246282808482646942e-02,-3.180807828903198242e-02,-3.828582540154457092e-02,-3.950760886073112488e-02,-3.776894882321357727e-02,-3.151360154151916504e-02,-2.289379760622978210e-02,-1.132836844772100449e-02,2.857624320313334465e-03,1.760036870837211609e-02,3.070920147001743317e-02,4.184633493423461914e-02,5.177252367138862610e-02,5.833476781845092773e-02,6.207328289747238159e-02,6.245297566056251526e-02,6.008267030119895935e-02,5.329302698373794556e-02,4.503850266337394714e-02,3.490784764289855957e-02,2.465123310685157776e-02,1.365615706890821457e-02,4.114361014217138290e-03,-4.027859307825565338e-03,-9.891447611153125763e-03,-1.361541077494621277e-02,-1.479802932590246201e-02,-1.383101474493741989e-02,-1.068450231105089188e-02,-5.736212246119976044e-03,3.072731778956949711e-04,6.518539041280746460e-03,1.318602636456489563e-02,1.843093335628509521e-02,2.291949838399887085e-02,2.596788294613361359e-02,2.786541357636451721e-02,2.765952609479427338e-02,2.633222378790378571e-02,2.396454475820064545e-02,2.068751305341720581e-02,1.674499176442623138e-02,1.311209425330162048e-02,9.482728317379951477e-03,6.474033463746309280e-03,4.030936397612094879e-03,2.387888031080365181e-03,1.188353169709444046e-03,7.526226108893752098e-04,-4.033835139125585556e-04
2.889544412028044462e-04,1.297013554722070694e-02,2.617724426090717316e-02,3.359137475490570068e-02,4.005673155188560486e-02,4.471244663000106812e-02,4.579172283411026001e-02,4.310932010412216187e-02,3.789797052741050720e-02,2.963749878108501434e-02,2.024361863732337952e-02,9.663511067628860474e-03,-1.342092058621346951e-03,-1.203816663473844528e-02,-2.118901349604129791e-02,-2.866556681692600250e-02,-3.388581797480583191e-02,-3.537160903215408325e-02,-3.446537256240844727e-02,-2.955698035657405853e-02,-2.361003495752811432e-02,-1.531148422509431839e-02,-4.493693821132183075e-03,5.788912996649742126e-03,1.599428057670593262e-02,2.484948188066482544e-02,3.200229257345199585e-02,3.700546920299530029e-02,3.979855030775070190e-02,3.990331292152404785e-02,3.748844936490058899e-02,3.264547139406204224e-02,2.665119990706443787e-02,1.970230601727962494e-02,1.213685702532529831e-02,4.135671071708202362e-03,-3.031685017049312592e-03,-8.853328414261341095e-03,-1.376541052013635635e-02,-1.640288531780242920e-02,-1.734778098762035370e-02,-1.666829735040664673e-02,-1.439536083489656448e-02,-1.075443811714649200e-02,-6.039544008672237396e-03,-1.348017482087016106e-03,4.085108172148466110e-03,8.494007401168346405e-03,1.224832143634557724e-02,1.499742548912763596e-02,1.648521609604358673e-02,1.687614060938358307e-02,1.636338233947753906e-02,1.493041962385177612e-02,1.306819450110197067e-02,1.066937856376171112e-02,8.551910519599914551e-03,6.161374039947986603e-03,4.286071285605430603e-03,2.675026189535856247e-03,1.654006191529333591e-03,1.024897792376577854e-03,5.471622571349143982e-04,1.920254362630657852e-05
7.975710468599572778e-05,8.548606187105178833e-03,1.667102798819541931e-02,1.944722980260848999e-02,2.270459383726119995e-02,2.573748677968978882e-02,2.569685690104961395e-02,2.348925732076168060e-02,1.960752159357070923e-02,1.385294366627931595e-02,8.264586329460144043e-03,1.055989065207540989e-03,-5.601697135716676712e-03,-1.308313384652137756e-02,-1.857400126755237579e-02,-2.410422265529632568e-02,-2.766975015401840210e-02,-2.957903966307640076e-02,-2.926378510892391205e-02,-2.696582861244678497e-02,-2.379467524588108063e-02,-1.873190701007843018e-02,-1.260289829224348068e-02,-5.130796693265438080e-03,5.682239425368607044e-04,6.217920687049627304e-03,9.976263158023357391e-03,1.236746087670326233e-02,1.409169007092714310e-02,1.418169494718313217e-02,1.348096784204244614e-02,1.085325423628091812e-02,7.286462932825088501e-03,3.012263914570212364e-03,-9.924754267558455467e-04,-6.467286497354507446e-03,-1.052537932991981506e-02,-1.468547526746988297e-02,-1.720520481467247009e-02,-1.938579790294170380e-02,-1.980000175535678864e-02,-1.954629831016063690e-02,-1.802969165146350861e-02,-1.586147770285606384e-02,-1.279768999665975571e-02,-9.410056285560131073e-03,-5.680644419044256210e-03,-2.097314223647117615e-03,6.471315282396972179e-04,2.772398758679628372e-03,4.148979205638170242e-03,5.286443047225475311e-03,5.509436130523681641e-03,5.309154279530048370e-03,4.848916549235582352e-03,3.979077562689781189e-03,3.092192346230149269e-03,2.327121561393141747e-03,1.570833264850080013e-03,1.026452635414898396e-03,5.615729023702442646e-04,3.922041214536875486e-04,3.401603316888213158e-04,1.014811914501478896e-05
2.936673699878156185e-04,3.592818044126033783e-03,5.495348945260047913e-03,4.547961987555027008e-03,4.669703543186187744e-03,4.892907571047544479e-03,4.501553718000650406e-03,3.339090617373585701e-03,9.408299811184406281e-04,-2.037210622802376747e-03,-4.665574524551630020e-03,-7.707347162067890167e-03,-1.005764119327068329e-02,-1.330298744142055511e-02,-1.513064932078123093e-02,-1.786242052912712097e-02,-1.993526145815849304e-02,-2.145307138562202454e-02,-2.280269749462604523e-02,-2.202074229717254639e-02,-2.201795764267444611e-02,-2.049410715699195862e-02,-1.902945153415203094e-02,-1.726088486611843109e-02,-1.520064286887645721e-02,-1.343790255486965179e-02,-1.208674907684326172e-02,-1.041309069842100143e-02,-1.043442077934741974e-02,-1.017547491937875748e-02,-1.051235105842351913e-02,-1.092205755412578583e-02,-1.224173884838819504e-02,-1.363155432045459747e-02,-1.463721413165330887e-02,-1.646164059638977051e-02,-1.760718971490859985e-02,-1.860467344522476196e-02,-1.942305266857147217e-02,-2.011549286544322968e-02,-2.057296037673950195e-02,-2.028187923133373260e-02,-1.982775330543518066e-02,-1.890372671186923981e-02,-1.804056763648986816e-02,-1.633467711508274078e-02,-1.462244987487792969e-02,-1.254973653703927994e-02,-1.086672209203243256e-02,-9.411857463419437408e-03,-8.095643483102321625e-03,-6.486063823103904724e-03,-5.599325057119131088e-03,-4.622013308107852936e-03,-3.742412896826863289e-03,-3.180168103426694870e-03,-2.452932531014084816e-03,-1.779688289389014244e-03,-1.163661014288663864e-03,-9.299166267737746239e-04,-6.248159916140139103e-04,-1.750145456753671169e-04,7.499685307266190648e-05,1.057270710589364171e-04
1.877778413472697139e-04,-2.349614165723323822e-03,-5.953111685812473297e-03,-1.114625297486782074e-02,-1.352624036371707916e-02,-1.488918438553810120e-02,-1.671439781785011292e-02,-1.676647365093231201e-02,-1.709748059511184692e-02,-1.713912375271320343e-02,-1.641381345689296722e-02,-1.535017602145671844e-02,-1.375804003328084946e-02,-1.247511431574821472e-02,-1.129140146076679230e-02,-1.143759675323963165e-02,-1.159483473747968674e-02,-1.290623936802148819e-02,-1.462723594158887863e-02,-1.607525534927845001e-02,-1.827025227248668671e-02,-2.142845839262008667e-02,-2.415323257446289062e-02,-2.631517499685287476e-02,-2.896913886070251465e-02,-3.093656897544860840e-02,-3.241373598575592041e-02,-3.391123935580253601e-02,-3.401112928986549377e-02,-3.411582112312316895e-02,-3.341158851981163025e-02,-3.155668079853057861e-02,-3.031587973237037659e-02,-2.847786247730255127e-02,-2.669794484972953796e-02,-2.515942789614200592e-02,-2.341061644256114960e-02,-2.216580882668495178e-02,-2.115293033421039581e-02,-2.074106968939304352e-02,-2.041166462004184723e-02,-2.050611190497875214e-02,-2.056028507649898529e-02,-2.104564011096954346e-02,-2.168058790266513824e-02,-2.212285064160823822e-02,-2.194391191005706787e-02,-2.154810167849063873e-02,-2.119224146008491516e-02,-2.005957253277301788e-02,-1.891417987644672394e-02,-1.728448644280433655e-02,-1.596201770007610321e-02,-1.373849157243967056e-02,-1.200209930539131165e-02,-9.923097677528858185e-03,-8.232370950281620026e-03,-6.141592748463153839e-03,-4.842043854296207428e-03,-3.217817284166812897e-03,-2.328075235709547997e-03,-9.275807533413171768e-04,-2.540054265409708023e-04,-7.052323780953884125e-05
-5.117034888826310635e-04,-9.172816760838031769e-03,-1.701236702501773834e-02,-2.483855746686458588e-02,-3.103373013436794281e-02,-3.442892059683799744e-02,-3.675135225057601929e-02,-3.620272129774093628e-02,-3.396848589181900024e-02,-3.165014833211898804e-02,-2.693710289895534515e-02,-2.171493880450725555e-02,-1.611685380339622498e-02,-1.101405173540115356e-02,-6.108638830482959747e-03,-3.365390468388795853e-03,-1.630842103622853756e-03,-1.863796031102538109e-03,-4.490177612751722336e-03,-8.301455527544021606e-03,-1.354349777102470398e-02,-1.958182826638221741e-02,-2.628919109702110291e-02,-3.290431946516036987e-02,-3.930032625794410706e-02,-4.484270513057708740e-02,-4.989153891801834106e-02,-5.321745574474334717e-02,-5.517555028200149536e-02,-5.490801110863685608e-02,-5.385046079754829407e-02,-4.987846687436103821e-02,-4.627227783203125000e-02,-4.191163554787635803e-02,-3.694382309913635254e-02,-3.201054409146308899e-02,-2.745503000915050507e-02,-2.356539294123649597e-02,-2.023985423147678375e-02,-1.852627843618392944e-02,-1.765439473092556000e-02,-1.768898777663707733e-02,-1.863593794405460358e-02,-2.034525573253631592e-02,-2.260008081793785095e-02,-2.459324523806571960e-02,-2.661187760531902313e-02,-2.772150747478008270e-02,-2.872372046113014221e-02,-2.856951393187046051e-02,-2.827407978475093842e-02,-2.642198093235492706e-02,-2.503733709454536438e-02,-2.223839238286018372e-02,-1.962069794535636902e-02,-1.635904051363468170e-02,-1.356979925185441971e-02,-1.060201879590749741e-02,-7.804528810083866119e-03,-5.569295492023229599e-03,-3.889819607138633728e-03,-2.071253489702939987e-03,-8.876660722307860851e-04,1.952146267285570502e-04
-2.732372377067804337e-04,-1.309716887772083282e-02,-2.504812367260456085e-02,-3.644283860921859741e-02,-4.536659270524978638e-02,-5.034317448735237122e-02,-5.310585349798202515e-02,-5.198278278112411499e-02,-4.837044700980186462e-02,-4.313832893967628479e-02,-3.555666655302047729e-02,-2.640253305435180664e-02,-1.740142889320850372e-02,-8.390215225517749786e-03,-4.662669962272047997e-04,4.337879363447427750e-03,7.713167462497949600e-03,8.548139594495296478e-03,6.031778175383806229e-03,6.190119893290102482e-04,-7.046691607683897018e-03,-1.575887575745582581e-02,-2.543257735669612885e-02,-3.556142374873161316e-02,-4.527778178453445435e-02,-5.460998043417930603e-02,-6.213496997952461243e-02,-6.687340140342712402e-02,-7.030005007982254028e-02,-7.042205333709716797e-02,-6.875424832105636597e-02,-6.386664509773254395e-02,-5.851533263921737671e-02,-5.148313567042350769e-02,-4.382922500371932983e-02,-3.660337254405021667e-02,-2.945067733526229858e-02,-2.322473563253879547e-02,-1.803780347108840942e-02,-1.521043013781309128e-02,-1.356264483183622360e-02,-1.362759154289960861e-02,-1.481877267360687256e-02,-1.732635498046875000e-02,-2.080985903739929199e-02,-2.477375045418739319e-02,-2.840079739689826965e-02,-3.084376640617847443e-02,-3.331518173217773438e-02,-3.436748683452606201e-02,-3.511773422360420227e-02,-3.363164886832237244e-02,-3.210854157805442810e-02,-2.868990786373615265e-02,-2.570253238081932068e-02,-2.190131135284900665e-02,-1.846859976649284363e-02,-1.435014046728610992e-02,-1.073782052844762802e-02,-7.592540234327316284e-03,-5.211868323385715485e-03,-3.195658093318343163e-03,-1.462019165046513081e-03,7.626994920428842306e-05
-4.027587128803133965e-04,-1.664496026933193207e-02,-3.235215693712234497e-02,-4.560130462050437927e-02,-5.633766949176788330e-02,-6.306140124797821045e-02,-6.570291519165039062e-02,-6.410872191190719604e-02,-5.884891748428344727e-02,-5.182721093297004700e-02,-4.109979420900344849e-02,-2.897050417959690094e-02,-1.659175939857959747e-02,-4.574897233396768570e-03,5.955522414296865463e-03,1.348536834120750427e-02,1.792001165449619293e-02,1.931624114513397217e-02,1.692533120512962341e-02,1.053988095372915268e-02,7.419591420330107212e-04,-1.033600792288780212e-02,-2.237209491431713104e-02,-3.506207093596458435e-02,-4.809337854385375977e-02,-5.992938205599784851e-02,-6.965412199497222900e-02,-7.630868256092071533e-02,-8.030816167593002319e-02,-8.090823888778686523e-02,-7.862494140863418579e-02,-7.314620912075042725e-02,-6.615357846021652222e-02,-5.691877380013465881e-02,-4.712476953864097595e-02,-3.792104125022888184e-02,-2.878801152110099792e-02,-2.056815475225448608e-02,-1.385156065225601196e-02,-9.707193821668624878e-03,-7.612039335072040558e-03,-7.653723005205392838e-03,-9.344506077468395233e-03,-1.276067085564136505e-02,-1.744706183671951294e-02,-2.278924733400344849e-02,-2.760462462902069092e-02,-3.154116868972778320e-02,-3.513455763459205627e-02,-3.727605193853378296e-02,-3.854369744658470154e-02,-3.764170780777931213e-02,-3.620029240846633911e-02,-3.288557007908821106e-02,-2.943219989538192749e-02,-2.552114799618721008e-02,-2.152009494602680206e-02,-1.685156114399433136e-02,-1.272812392562627792e-02,-9.063229896128177643e-03,-6.337961181998252869e-03,-4.021253902465105057e-03,-1.577751827426254749e-03,5.018617375753819942e-04
-1.600924530066549778e-03,-1.958443969488143921e-02,-3.706991672515869141e-02,-5.183643475174903870e-02,-6.409079581499099731e-02,-7.117123901844024658e-02,-7.389263063669204712e-02,-7.157372683286666870e-02,-6.573470681905746460e-02,-5.652422085404396057e-02,-4.389668628573417664e-02,-2.930797077715396881e-02,-1.444624550640583038e-02,5.244614658295176923e-05,1.276130229234695435e-02,2.189382351934909821e-02,2.765442617237567902e-02,2.979220636188983917e-02,2.712573669850826263e-02,2.063750103116035461e-02,1.018941961228847504e-02,-3.312141401693224907e-03,-1.742976531386375427e-02,-3.184287995100021362e-02,-4.704046249389648438e-02,-6.064326688647270203e-02,-7.201884686946868896e-02,-7.937581837177276611e-02,-8.423565328121185303e-02,-8.514475077390670776e-02,-8.207651972770690918e-02,-7.584440708160400391e-02,-6.803151220083236694e-02,-5.769127607345581055e-02,-4.667699709534645081e-02,-3.553746268153190613e-02,-2.478933334350585938e-02,-1.541455183178186417e-02,-7.832068949937820435e-03,-2.889051334932446480e-03,-2.168218779843300581e-04,2.179599505325313658e-05,-2.085855463519692421e-03,-6.145099643617868423e-03,-1.133735664188861847e-02,-1.774057745933532715e-02,-2.358690649271011353e-02,-2.920264564454555511e-02,-3.381491079926490784e-02,-3.678600862622261047e-02,-3.878198564052581787e-02,-3.834322094917297363e-02,-3.733057156205177307e-02,-3.451011702418327332e-02,-3.112272918224334717e-02,-2.660470455884933472e-02,-2.257048152387142181e-02,-1.806809939444065094e-02,-1.383699104189872742e-02,-9.988460689783096313e-03,-7.066329941153526306e-03,-3.709514625370502472e-03,-1.726432470604777336e-03,7.932813605293631554e-05
-1.981377135962247849e-03,-2.062908001244068146e-02,-3.941800072789192200e-02,-5.458704754710197449e-02,-6.724147498607635498e-02,-7.515244930982589722e-02,-7.722349464893341064e-02,-7.505807280540466309e-02,-6.825764477252960205e-02,-5.748808383941650391e-02,-4.322912916541099548e-02,-2.731128968298435211e-02,-1.066093146800994873e-02,5.360970273613929749e-03,1.951142400503158569e-02,2.998544462025165558e-02,3.650333732366561890e-02,3.876861184835433960e-02,3.672827035188674927e-02,2.987040951848030090e-02,1.911793462932109833e-02,5.074054468423128128e-03,-1.046903524547815323e-02,-2.624910883605480194e-02,-4.175050184130668640e-02,-5.635650828480720520e-02,-6.874802708625793457e-02,-7.716481387615203857e-02,-8.190482109785079956e-02,-8.289503306150436401e-02,-8.047839254140853882e-02,-7.385019958019256592e-02,-6.514000147581100464e-02,-5.374320223927497864e-02,-4.188494384288787842e-02,-2.981038950383663177e-02,-1.849181577563285828e-02,-8.048367686569690704e-03,1.576908980496227741e-04,5.541255231946706772e-03,8.220237679779529572e-03,8.399371057748794556e-03,6.291659083217382431e-03,1.727381139062345028e-03,-4.261755384504795074e-03,-1.117292605340480804e-02,-1.825631223618984222e-02,-2.474931627511978149e-02,-2.999425306916236877e-02,-3.370379656553268433e-02,-3.640741854906082153e-02,-3.650870546698570251e-02,-3.566885739564895630e-02,-3.326852992177009583e-02,-3.021504543721675873e-02,-2.604987844824790955e-02,-2.200279571115970612e-02,-1.757197827100753784e-02,-1.338560227304697037e-02,-9.748740121722221375e-03,-6.782640703022480011e-03,-4.067727830260992050e-03,-1.787043991498649120e-03,2.415269991615787148e-04
-2.287071896716952324e-03,-2.090515010058879852e-02,-3.910642862319946289e-02,-5.436791852116584778e-02,-6.740736961364746094e-02,-7.404164969921112061e-02,-7.676944136619567871e-02,-7.353743165731430054e-02,-6.585054099559783936e-02,-5.449595674872398376e-02,-4.011656343936920166e-02,-2.324004657566547394e-02,-5.179120693355798721e-03,1.146431453526020050e-02,2.624095045030117035e-02,3.704908117651939392e-02,4.443626105785369873e-02,4.744043201208114624e-02,4.525271803140640259e-02,3.936324268579483032e-02,2.880731597542762756e-02,1.410064846277236938e-02,-1.541159464977681637e-03,-1.860374771058559418e-02,-3.402605280280113220e-02,-4.819301143288612366e-02,-6.090703234076499939e-02,-6.930935382843017578e-02,-7.506404817104339600e-02,-7.583054155111312866e-02,-7.333707809448242188e-02,-6.607342511415481567e-02,-5.663652345538139343e-02,-4.605162888765335083e-02,-3.334417566657066345e-02,-2.110912837088108063e-02,-9.001582860946655273e-03,1.229654415510594845e-03,9.431286714971065521e-03,1.454924326390028000e-02,1.693084463477134705e-02,1.743670366704463959e-02,1.453110296279191971e-02,1.029614824801683426e-02,3.927129320800304413e-03,-3.551708068698644638e-03,-1.094740256667137146e-02,-1.787846349179744720e-02,-2.375170588493347168e-02,-2.834525704383850098e-02,-3.118960745632648468e-02,-3.212042152881622314e-02,-3.166885673999786377e-02,-2.984380349516868591e-02,-2.682923525571823120e-02,-2.303132042288780212e-02,-1.905408129096031189e-02,-1.525984238833189011e-02,-1.138007175177335739e-02,-8.490742184221744537e-03,-5.652670282870531082e-03,-3.212664742022752762e-03,-1.389910699799656868e-03,1.779667582013644278e-05
-1.899283728562295437e-03,-2.074750140309333801e-02,-3.744468092918395996e-02,-5.157925933599472046e-02,-6.388355791568756104e-02,-7.030767947435379028e-02,-7.177184522151947021e-02,-6.832072138786315918e-02,-5.993022397160530090e-02,-4.855398088693618774e-02,-3.372453898191452026e-02,-1.670671254396438599e-02,1.248586922883987427e-03,1.788952015340328217e-02,3.224486485123634338e-02,4.390214383602142334e-02,5.071909725666046143e-02,5.411852523684501648e-02,5.216193944215774536e-02,4.602885246276855469e-02,3.613603860139846802e-02,2.217884175479412079e-02,7.299810182303190231e-03,-9.692033752799034119e-03,-2.475467324256896973e-02,-3.901716694235801697e-02,-5.086203664541244507e-02,-5.945226550102233887e-02,-6.395548582077026367e-02,-6.450884789228439331e-02,-6.134998053312301636e-02,-5.423241108655929565e-02,-4.460127279162406921e-02,-3.366876393556594849e-02,-2.155229263007640839e-02,-9.312688373029232025e-03,1.888119615614414215e-03,1.210314966738224030e-02,1.968986727297306061e-02,2.447977662086486816e-02,2.614189311861991882e-02,2.572899684309959412e-02,2.249894477427005768e-02,1.747003383934497833e-02,1.093373075127601624e-02,3.180257277563214302e-03,-4.024784080684185028e-03,-1.164342835545539856e-02,-1.725121773779392242e-02,-2.237253263592720032e-02,-2.492697909474372864e-02,-2.634888142347335815e-02,-2.572350762784481049e-02,-2.423696964979171753e-02,-2.135616168379783630e-02,-1.805889606475830078e-02,-1.455394551157951355e-02,-1.070213317871093750e-02,-7.664341479539871216e-03,-5.278943572193384171e-03,-3.279608441516757011e-03,-1.593617140315473080e-03,-5.671643302775919437e-04,5.411051097325980663e-04
-1.394917373545467854e-03,-1.925357803702354431e-02,-3.413209691643714905e-02,-4.733515530824661255e-02,-5.755278095602989197e-02,-6.296093761920928955e-02,-6.412918865680694580e-02,-6.053649261593818665e-02,-5.250909179449081421e-02,-4.063080623745918274e-02,-2.591087110340595245e-02,-8.981220424175262451e-03,8.525434881448745728e-03,2.430850639939308167e-02,3.854947164654731750e-02,4.921738058328628540e-02,5.628939718008041382e-02,5.920961871743202209e-02,5.721705406904220581e-02,5.180565640330314636e-02,4.221484437584877014e-02,3.011663071811199188e-02,1.609005220234394073e-02,8.600932196713984013e-04,-1.305113174021244049e-02,-2.607972174882888794e-02,-3.677177429199218750e-02,-4.427743330597877502e-02,-4.810977354645729065e-02,-4.839288070797920227e-02,-4.471691325306892395e-02,-3.788321465253829956e-02,-2.859825082123279572e-02,-1.870737411081790924e-02,-6.759757176041603088e-03,4.518706351518630981e-03,1.544622424989938736e-02,2.395140379667282104e-02,3.066316805779933929e-02,3.454230725765228271e-02,3.526605293154716492e-02,3.401570022106170654e-02,2.989941649138927460e-02,2.448236383497714996e-02,1.781682483851909637e-02,1.026388537138700485e-02,2.552013844251632690e-03,-4.758335184305906296e-03,-1.037821173667907715e-02,-1.472370419651269913e-02,-1.761911995708942413e-02,-1.859935000538825989e-02,-1.783407665789127350e-02,-1.617464236915111542e-02,-1.306847576051950455e-02,-1.002894435077905655e-02,-6.309245247393846512e-03,-4.173425026237964630e-03,-1.509902882389724255e-03,-1.493608288001269102e-04,8.151918300427496433e-04,1.372964237816631794e-03,1.128264935687184334e-03,-1.751775853335857391e-04
-1.041419571265578270e-03,-1.705519855022430420e-02,-2.981447987258434296e-02,-4.083852469921112061e-02,-4.958055540919303894e-02,-5.359399318695068359e-02,-5.389264971017837524e-02,-4.961193725466728210e-02,-4.143329337239265442e-02,-2.996204979717731476e-02,-1.601188257336616516e-02,-3.612562431953847408e-04,1.556484121829271317e-02,3.025759197771549225e-02,4.336671531200408936e-02,5.335787683725357056e-02,5.952073633670806885e-02,6.209370121359825134e-02,6.031456217169761658e-02,5.509719997644424438e-02,4.615898802876472473e-02,3.484779968857765198e-02,2.258309349417686462e-02,9.219201281666755676e-03,-2.705229679122567177e-03,-1.423992495983839035e-02,-2.285755984485149384e-02,-2.879711426794528961e-02,-3.094108961522579193e-02,-3.016261011362075806e-02,-2.670051716268062592e-02,-1.983656734228134155e-02,-1.155986636877059937e-02,-1.155694480985403061e-03,9.272829629480838776e-03,1.986110582947731018e-02,2.895443886518478394e-02,3.605867549777030945e-02,4.110769554972648621e-02,4.309500753879547119e-02,4.250447079539299011e-02,3.974303603172302246e-02,3.491869196295738220e-02,2.891767956316471100e-02,2.162210084497928619e-02,1.413273438811302185e-02,6.933433003723621368e-03,2.327885304111987352e-04,-4.207559395581483841e-03,-8.303594775497913361e-03,-1.010882388800382614e-02,-1.077178679406642914e-02,-8.903454057872295380e-03,-6.970051676034927368e-03,-4.007813055068254471e-03,-7.210517069324851036e-04,2.451912732794880867e-03,4.333648830652236938e-03,6.039883010089397430e-03,5.885144229978322983e-03,5.832728929817676544e-03,4.459920804947614670e-03,2.491263439878821373e-03,-1.295591500820592046e-04
-8.608308271504938602e-04,-1.435880083590745926e-02,-2.489181980490684509e-02,-3.375243395566940308e-02,-4.002550616860389709e-02,-4.296351969242095947e-02,-4.229992628097534180e-02,-3.830689564347267151e-02,-3.000571765005588531e-02,-1.880897767841815948e-02,-5.888592917472124100e-03,8.343224413692951202e-03,2.294703945517539978e-02,3.612953424453735352e-02,4.774094372987747192e-02,5.592613294720649719e-02,6.179524958133697510e-02,6.314142048358917236e-02,6.114580854773521423e-02,5.619748309254646301e-02,4.812726378440856934e-02,3.804038092494010925e-02,2.727713435888290405e-02,1.601074635982513428e-02,5.806964356452226639e-03,-3.153242170810699463e-03,-9.880550205707550049e-03,-1.386453211307525635e-02,-1.488890405744314194e-02,-1.271951291710138321e-02,-8.548400364816188812e-03,-1.960042631253600121e-03,6.932563614100217819e-03,1.621296070516109467e-02,2.628830634057521820e-02,3.515747562050819397e-02,4.314899444580078125e-02,4.786666855216026306e-02,5.097231641411781311e-02,5.107454955577850342e-02,4.914646223187446594e-02,4.421768710017204285e-02,3.858179226517677307e-02,3.108222968876361847e-02,2.344215475022792816e-02,1.591821201145648956e-02,9.187346324324607849e-03,3.262256737798452377e-03,-9.388315374962985516e-04,-3.005827078595757484e-03,-3.897206624969840050e-03,-2.881747437641024590e-03,-5.139212007634341717e-04,3.131159115582704544e-03,6.922476924955844879e-03,1.053611654788255692e-02,1.404125336557626724e-02,1.453172229230403900e-02,1.561939530074596405e-02,1.457482483237981796e-02,1.264933496713638306e-02,9.245227091014385223e-03,5.366278346627950668e-03,-7.124699768610298634e-04
-1.227792818099260330e-03,-1.211060024797916412e-02,-2.010737173259258270e-02,-2.679783850908279419e-02,-3.117776475846767426e-02,-3.318739682435989380e-02,-3.129021450877189636e-02,-2.727784216403961182e-02,-1.863498799502849579e-02,-7.856278680264949799e-03,3.868869971483945847e-03,1.671592704951763153e-02,2.980549633502960205e-02,4.110402986407279968e-02,5.096999928355216980e-02,5.799078941345214844e-02,6.205018982291221619e-02,6.268814206123352051e-02,6.015043705701828003e-02,5.506651476025581360e-02,4.753986373543739319e-02,3.854496777057647705e-02,2.866862714290618896e-02,1.924801804125308990e-02,1.078805141150951385e-02,4.038125742226839066e-03,8.133026858558878303e-05,-2.203918527811765671e-03,-9.414977394044399261e-04,2.693893853574991226e-03,8.209943771362304688e-03,1.582380384206771851e-02,2.456743828952312469e-02,3.400914743542671204e-02,4.279101267457008362e-02,5.033089965581893921e-02,5.616698786616325378e-02,5.878782272338867188e-02,5.947565659880638123e-02,5.710080265998840332e-02,5.258859321475028992e-02,4.641038924455642700e-02,3.782486543059349060e-02,2.920061722397804260e-02,2.017109282314777374e-02,1.298204064369201660e-02,6.630806718021631241e-03,2.368483459576964378e-03,-3.694391925819218159e-04,-1.271468237973749638e-03,8.433994371443986893e-04,3.457795595750212669e-03,8.031218312680721283e-03,1.259100437164306641e-02,1.752939075231552124e-02,2.225921675562858582e-02,2.570288255810737610e-02,2.669438533484935760e-02,2.653967961668968201e-02,2.420052513480186462e-02,2.061808854341506958e-02,1.512157823890447617e-02,8.034920319914817810e-03,-3.244238323532044888e-04
-8.125138701871037483e-04,-8.718252182006835938e-03,-1.445664651691913605e-02,-1.989826373755931854e-02,-2.278001606464385986e-02,-2.357937209308147430e-02,-2.147296629846096039e-02,-1.632061600685119629e-02,-8.525247685611248016e-03,1.669582095928490162e-03,1.225678436458110809e-02,2.367239259183406830e-02,3.504144772887229919e-02,4.512276500463485718e-02,5.314886942505836487e-02,5.779768526554107666e-02,6.052757054567337036e-02,6.011890619993209839e-02,5.687625706195831299e-02,5.156690999865531921e-02,4.421670362353324890e-02,3.571510687470436096e-02,2.717541716992855072e-02,1.919451355934143066e-02,1.288601383566856384e-02,8.024665527045726776e-03,5.624371580779552460e-03,6.338953040540218353e-03,9.805602952837944031e-03,1.618329621851444244e-02,2.253844402730464935e-02,3.171876817941665649e-02,4.079403355717658997e-02,5.026891455054283142e-02,5.836540460586547852e-02,6.361515820026397705e-02,6.768014281988143921e-02,6.820701062679290771e-02,6.615482270717620850e-02,6.098512932658195496e-02,5.446121841669082642e-02,4.464675486087799072e-02,3.445338457822799683e-02,2.410218305885791779e-02,1.492804754525423050e-02,7.721147499978542328e-03,8.340723579749464989e-04,-3.083597868680953979e-03,-4.000267479568719864e-03,-2.403853693976998329e-03,2.001715125516057014e-03,8.284872397780418396e-03,1.453684922307729721e-02,2.205787412822246552e-02,2.854658104479312897e-02,3.415916115045547485e-02,3.885255381464958191e-02,3.965936601161956787e-02,3.901785984635353088e-02,3.543214872479438782e-02,2.969627454876899719e-02,2.142892777919769287e-02,1.185143180191516876e-02,3.808060719165951014e-04
-6.579112377949059010e-04,-6.240840069949626923e-03,-1.132364105433225632e-02,-1.496460195630788803e-02,-1.688137836754322052e-02,-1.638364233076572418e-02,-1.354314666241407394e-02,-8.350461721420288086e-03,-1.618920650798827410e-04,9.251526556909084320e-03,1.942981965839862823e-02,2.937068603932857513e-02,3.917760774493217468e-02,4.725251346826553345e-02,5.379699915647506714e-02,5.680637061595916748e-02,5.823002755641937256e-02,5.604781955480575562e-02,5.148503556847572327e-02,4.549350216984748840e-02,3.729902207851409912e-02,2.900084294378757477e-02,2.020065486431121826e-02,1.398619450628757477e-02,8.296326734125614166e-03,6.527179386466741562e-03,6.540727801620960236e-03,9.297948330640792847e-03,1.540089864283800125e-02,2.421191520988941193e-02,3.348801285028457642e-02,4.375690594315528870e-02,5.329397693276405334e-02,6.269849091768264771e-02,7.048616558313369751e-02,7.494817674160003662e-02,7.729072868824005127e-02,7.506038248538970947e-02,7.022230327129364014e-02,6.285178661346435547e-02,5.259408056735992432e-02,4.062934592366218567e-02,2.803157083690166473e-02,1.737973839044570923e-02,6.534626707434654236e-03,-1.400748966261744499e-03,-7.415749598294496536e-03,-1.019735354930162430e-02,-1.057196315377950668e-02,-7.820879109203815460e-03,-6.647655391134321690e-04,9.013854898512363434e-03,1.971970871090888977e-02,2.967563457787036896e-02,3.800377249717712402e-02,4.547332599759101868e-02,5.119630321860313416e-02,5.266396328806877136e-02,5.149377137422561646e-02,4.682579636573791504e-02,3.923663124442100525e-02,2.829487621784210205e-02,1.566374488174915314e-02,7.137549109756946564e-04
-2.893981290981173515e-04,-5.967649631202220917e-03,-9.330755099654197693e-03,-1.248246338218450546e-02,-1.331014651805162430e-02,-1.250056456774473190e-02,-8.726507425308227539e-03,-3.237330121919512749e-03,4.662332125008106232e-03,1.400205027312040329e-02,2.349627576768398285e-02,3.332066163420677185e-02,4.194306582212448120e-02,4.908696934580802917e-02,5.402916669845581055e-02,5.552479252219200134e-02,5.545822530984878540e-02,5.159161612391471863e-02,4.530136287212371826e-02,3.731365501880645752e-02,2.919735573232173920e-02,2.012497000396251678e-02,1.228578016161918640e-02,6.329681724309921265e-03,2.127873478457331657e-03,5.650806124322116375e-04,1.870753942057490349e-03,7.135797291994094849e-03,1.545518916100263596e-02,2.738735824823379517e-02,3.979060426354408264e-02,5.272240564227104187e-02,6.274313479661941528e-02,7.261350005865097046e-02,8.041718602180480957e-02,8.371779322624206543e-02,8.496538549661636353e-02,8.037856221199035645e-02,7.347024977207183838e-02,6.280285865068435669e-02,4.982274025678634644e-02,3.490675985813140869e-02,2.041622065007686615e-02,6.726840976625680923e-03,-5.678530782461166382e-03,-1.433736458420753479e-02,-2.047728747129440308e-02,-2.212464250624179840e-02,-1.983165368437767029e-02,-1.540376991033554077e-02,-6.069027353078126907e-03,8.284928277134895325e-03,2.270446531474590302e-02,3.668977320194244385e-02,4.758127033710479736e-02,5.715523287653923035e-02,6.465578824281692505e-02,6.588455289602279663e-02,6.509237736463546753e-02,5.859394744038581848e-02,4.877246171236038208e-02,3.459011018276214600e-02,1.927739940583705902e-02,1.451693242415785789e-03
-4.089396970812231302e-04,-5.303884390741586685e-03,-9.456193074584007263e-03,-1.227599661797285080e-02,-1.339859608560800552e-02,-1.206397172063589096e-02,-7.973768748342990875e-03,-2.315890509635210037e-03,6.258939858525991440e-03,1.574639417231082916e-02,2.573179081082344055e-02,3.512518107891082764e-02,4.307954758405685425e-02,4.938536509871482849e-02,5.312135070562362671e-02,5.365733802318572998e-02,5.183061957359313965e-02,4.639443755149841309e-02,3.798606991767883301e-02,2.907207421958446503e-02,1.934216916561126709e-02,1.009024307131767273e-02,1.524933730252087116e-03,-4.323834553360939026e-03,-7.733052130788564682e-03,-7.962777279317378998e-03,-5.071319174021482468e-03,5.305796512402594090e-04,1.014880090951919556e-02,2.390724979341030121e-02,3.963529318571090698e-02,5.519935488700866699e-02,6.748335808515548706e-02,7.798186689615249634e-02,8.600109070539474487e-02,8.949833363294601440e-02,8.960834145545959473e-02,8.365748077630996704e-02,7.411070913076400757e-02,6.082643568515777588e-02,4.455993324518203735e-02,2.750083431601524353e-02,9.376927278935909271e-03,-6.744392216205596924e-03,-2.094825729727745056e-02,-3.055226616561412811e-02,-3.592626750469207764e-02,-3.734367340803146362e-02,-3.249677643179893494e-02,-2.423011139035224915e-02,-1.437206473201513290e-02,2.888829680159687996e-03,2.218197286128997803e-02,4.000652581453323364e-02,5.442203208804130554e-02,6.659489870071411133e-02,7.528729736804962158e-02,7.863216847181320190e-02,7.705487310886383057e-02,6.963199377059936523e-02,5.787331238389015198e-02,4.181063547730445862e-02,2.280166745185852051e-02,1.383838127367198467e-03
1.688004995230585337e-04,-6.199931260198354721e-03,-1.007723249495029449e-02,-1.391110848635435104e-02,-1.544406823813915253e-02,-1.449541747570037842e-02,-1.086344849318265915e-02,-4.408991895616054535e-03,4.475702531635761261e-03,1.491456851363182068e-02,2.507223188877105713e-02,3.450195491313934326e-02,4.264952614903450012e-02,4.857075214385986328e-02,5.167381837964057922e-02,5.089633911848068237e-02,4.825581237673759460e-02,4.092632606625556946e-02,3.091402165591716766e-02,1.985850557684898376e-02,9.020106866955757141e-03,-2.358874306082725525e-03,-1.213898416608572006e-02,-1.845905743539333344e-02,-2.149962261319160461e-02,-2.107817493379116058e-02,-1.668492332100868225e-02,-8.326275274157524109e-03,1.600748801138252020e-04,1.545042078942060471e-02,3.432026132941246033e-02,5.273469910025596619e-02,6.792229413986206055e-02,8.008634299039840698e-02,8.839219808578491211e-02,9.133771061897277832e-02,9.121835976839065552e-02,8.381324261426925659e-02,7.332968711853027344e-02,5.721380561590194702e-02,3.928346931934356689e-02,1.792424172163009644e-02,-3.581910626962780952e-03,-2.213553152978420258e-02,-3.648660331964492798e-02,-4.802261665463447571e-02,-5.363130196928977966e-02,-5.381867289543151855e-02,-4.669229313731193542e-02,-3.495691344141960144e-02,-2.420622110366821289e-02,-4.024039953947067261e-03,1.956880465149879456e-02,4.244182258844375610e-02,6.036325916647911072e-02,7.468217611312866211e-02,8.571634441614151001e-02,8.945117145776748657e-02,8.835635334253311157e-02,8.023752272129058838e-02,6.581522524356842041e-02,4.757282882928848267e-02,2.577632851898670197e-02,2.178655937314033508e-03
-6.035759579390287399e-04,-7.724951952695846558e-03,-1.278445776551961899e-02,-1.761375926434993744e-02,-2.026095986366271973e-02,-1.954524591565132141e-02,-1.595669984817504883e-02,-9.822781197726726532e-03,-6.651029107160866261e-04,9.910914115607738495e-03,2.185965888202190399e-02,3.233426809310913086e-02,4.105358570814132690e-02,4.692801088094711304e-02,5.021721497178077698e-02,4.873294755816459656e-02,4.475943744182586670e-02,3.599504753947257996e-02,2.401989884674549103e-02,1.111979875713586807e-02,-2.548590535297989845e-03,-1.535639818757772446e-02,-2.656436525285243988e-02,-3.479084745049476624e-02,-3.893379494547843933e-02,-3.873822465538978577e-02,-3.359707817435264587e-02,-2.311586216092109680e-02,-1.031453348696231842e-02,3.564807819202542305e-03,2.392108738422393799e-02,4.453537613153457642e-02,6.331553310155868530e-02,7.749045640230178833e-02,8.743239194154739380e-02,9.094963222742080688e-02,9.052567183971405029e-02,8.256752043962478638e-02,7.025042176246643066e-02,5.201132968068122864e-02,3.180092200636863708e-02,7.583322934806346893e-03,-1.644287072122097015e-02,-3.649500757455825806e-02,-5.367000401020050049e-02,-6.579390168190002441e-02,-7.229668647050857544e-02,-7.246325910091400146e-02,-6.464871019124984741e-02,-4.983546957373619080e-02,-3.459648415446281433e-02,-1.353959459811449051e-02,1.435430161654949188e-02,4.034713655710220337e-02,6.236228719353675842e-02,7.996388524770736694e-02,9.276465326547622681e-02,9.850244969129562378e-02,9.755086153745651245e-02,8.813251554965972900e-02,7.357320934534072876e-02,5.345150455832481384e-02,2.901562862098217010e-02,2.159347524866461754e-03
-1.100373570807278156e-03,-1.041271351277828217e-02,-1.718831248581409454e-02,-2.385325916111469269e-02,-2.717964164912700653e-02,-2.712414041161537170e-02,-2.309575863182544708e-02,-1.688145101070404053e-02,-7.783794775605201721e-03,3.500839695334434509e-03,1.628097333014011383e-02,2.801636047661304474e-02,3.794698417186737061e-02,4.461559280753135681e-02,4.806608334183692932e-02,4.607803747057914734e-02,4.163362830877304077e-02,3.226806968450546265e-02,1.847879588603973389e-02,2.442038385197520256e-03,-1.344463694840669632e-02,-2.919722907245159149e-02,-4.236082732677459717e-02,-5.192310363054275513e-02,-5.650849267840385437e-02,-5.758950859308242798e-02,-5.170816183090209961e-02,-4.119659215211868286e-02,-2.493548206984996796e-02,-8.965321816504001617e-03,8.937327191233634949e-03,3.298229351639747620e-02,5.471688136458396912e-02,7.159936428070068359e-02,8.280301839113235474e-02,8.765317499637603760e-02,8.711910247802734375e-02,7.907786220312118530e-02,6.643179059028625488e-02,4.599851369857788086e-02,2.337485738098621368e-02,-3.623627359047532082e-03,-2.910393103957176208e-02,-5.139556154608726501e-02,-7.007159292697906494e-02,-8.436604589223861694e-02,-9.066767245531082153e-02,-9.005841612815856934e-02,-8.075189590454101562e-02,-6.516235321760177612e-02,-4.478054493665695190e-02,-2.306996472179889679e-02,6.447367835789918900e-03,3.665418922901153564e-02,6.232298538088798523e-02,8.279916644096374512e-02,9.771054238080978394e-02,1.045098975300788879e-01,1.046098545193672180e-01,9.486015886068344116e-02,7.886236160993576050e-02,5.734657496213912964e-02,3.057117760181427002e-02,3.448663046583533287e-03
-1.476752338930964470e-03,-1.295784953981637955e-02,-2.250643633306026459e-02,-3.056768141686916351e-02,-3.600294515490531921e-02,-3.754410520195960999e-02,-3.387698531150817871e-02,-2.649953030049800873e-02,-1.702156104147434235e-02,-4.905532114207744598e-03,9.242019616067409515e-03,2.295798249542713165e-02,3.431788459420204163e-02,4.173711314797401428e-02,4.598037526011466980e-02,4.457338899374008179e-02,3.914847224950790405e-02,2.877008542418479919e-02,1.387102343142032623e-02,-4.244246985763311386e-03,-2.188236452639102936e-02,-3.904177621006965637e-02,-5.542843788862228394e-02,-6.718894839286804199e-02,-7.422938197851181030e-02,-7.600934803485870361e-02,-7.150135934352874756e-02,-6.139868497848510742e-02,-4.508871585130691528e-02,-2.373691834509372711e-02,-5.029350053519010544e-03,1.908554509282112122e-02,4.263092204928398132e-02,6.177701801061630249e-02,7.575885951519012451e-02,8.207995444536209106e-02,8.219818025827407837e-02,7.390051335096359253e-02,6.000581011176109314e-02,3.953062742948532104e-02,1.517894398421049118e-02,-1.171146612614393234e-02,-3.957696631550788879e-02,-6.422811001539230347e-02,-8.505450189113616943e-02,-9.928899258375167847e-02,-1.065672114491462708e-01,-1.062483415007591248e-01,-9.697339683771133423e-02,-8.008793741464614868e-02,-5.635258927941322327e-02,-3.286193683743476868e-02,-1.238530036062002182e-03,3.002304583787918091e-02,5.933956801891326904e-02,8.298237621784210205e-02,9.956918656826019287e-02,1.077599674463272095e-01,1.082002595067024231e-01,9.820464998483657837e-02,8.248100429773330688e-02,6.016065180301666260e-02,3.209956735372543335e-02,3.170922398567199707e-03
-1.551846740767359734e-03,-1.572518609464168549e-02,-2.767801657319068909e-02,-3.879861906170845032e-02,-4.557318612933158875e-02,-4.764918982982635498e-02,-4.517010971903800964e-02,-3.716345503926277161e-02,-2.680270373821258545e-02,-1.364926248788833618e-02,1.139815780334174633e-03,1.624560356140136719e-02,2.973472326993942261e-02,3.888485953211784363e-02,4.415868595242500305e-02,4.348032921552658081e-02,3.852043673396110535e-02,2.762187272310256958e-02,1.224641595035791397e-02,-7.865534164011478424e-03,-2.761920727789402008e-02,-4.770137742161750793e-02,-6.570122390985488892e-02,-7.993253320455551147e-02,-8.864866197109222412e-02,-9.252997487783432007e-02,-8.856122940778732300e-02,-7.833165675401687622e-02,-6.196046248078346252e-02,-4.036085307598114014e-02,-1.918965019285678864e-02,3.123667556792497635e-03,2.700503729283809662e-02,4.917884990572929382e-02,6.561033427715301514e-02,7.359786331653594971e-02,7.513126730918884277e-02,6.760455667972564697e-02,5.452132970094680786e-02,3.376584500074386597e-02,9.334482252597808838e-03,-1.950747892260551453e-02,-4.696570336818695068e-02,-7.357472926378250122e-02,-9.583417326211929321e-02,-1.113171651959419250e-01,-1.189421787858009338e-01,-1.182086467742919922e-01,-1.084035336971282959e-01,-9.144325554370880127e-02,-6.657890975475311279e-02,-3.946993499994277954e-02,-9.258304722607135773e-03,2.335474081337451935e-02,5.440136417746543884e-02,8.016944676637649536e-02,9.835412353277206421e-02,1.075172424316406250e-01,1.086091846227645874e-01,9.953263401985168457e-02,8.335570245981216431e-02,6.018749997019767761e-02,3.194093704223632812e-02,4.046468995511531830e-03
-2.091109985485672951e-03,-1.846518740057945251e-02,-3.364075347781181335e-02,-4.591614753007888794e-02,-5.538284033536911011e-02,-5.883317068219184875e-02,-5.674699321389198303e-02,-4.931126534938812256e-02,-3.755868971347808838e-02,-2.367008663713932037e-02,-6.946865934878587723e-03,9.648391976952552795e-03,2.491909638047218323e-02,3.596461936831474304e-02,4.299288615584373474e-02,4.310587421059608459e-02,3.830374404788017273e-02,2.694291248917579651e-02,1.143403910100460052e-02,-8.380198851227760315e-03,-3.045863099396228790e-02,-5.188709497451782227e-02,-7.255042344331741333e-02,-8.947791159152984619e-02,-1.007679179310798645e-01,-1.052371114492416382e-01,-1.039486229419708252e-01,-9.508368372917175293e-02,-7.982483506202697754e-02,-5.884917825460433960e-02,-3.434808924794197083e-02,-1.024705171585083008e-02,1.317288540303707123e-02,3.616002574563026428e-02,5.408234521746635437e-02,6.410954147577285767e-02,6.684388965368270874e-02,6.054409593343734741e-02,4.781637340784072876e-02,2.809446491301059723e-02,4.575864877551794052e-03,-2.262847684323787689e-02,-5.217903852462768555e-02,-7.943986356258392334e-02,-1.018651574850082397e-01,-1.181103140115737915e-01,-1.266465038061141968e-01,-1.261500120162963867e-01,-1.175864487886428833e-01,-1.000743508338928223e-01,-7.536137849092483521e-02,-4.719381034374237061e-02,-1.521328836679458618e-02,1.696537248790264130e-02,4.780854284763336182e-02,7.451599836349487305e-02,9.388845413923263550e-02,1.036825776100158691e-01,1.049370691180229187e-01,9.688258171081542969e-02,8.157401531934738159e-02,5.998305231332778931e-02,3.114221803843975067e-02,3.558757482096552849e-03
-2.121518366038799286e-03,-2.112192288041114807e-02,-3.846711292862892151e-02,-5.306747183203697205e-02,-6.406323611736297607e-02,-6.869071722030639648e-02,-6.720687448978424072e-02,-6.005731970071792603e-02,-4.735154286026954651e-02,-3.262532874941825867e-02,-1.514643151313066483e-02,2.977676689624786377e-03,1.986999437212944031e-02,3.304022923111915588e-02,4.196066781878471375e-02,4.395294934511184692e-02,3.991894796490669250e-02,2.893749065697193146e-02,1.342571713030338287e-02,-6.787030491977930069e-03,-2.929157577455043793e-02,-5.363109707832336426e-02,-7.509620487689971924e-02,-9.298012405633926392e-02,-1.069025471806526184e-01,-1.145796552300453186e-01,-1.143698096275329590e-01,-1.065436154603958130e-01,-9.213297069072723389e-02,-7.265063375234603882e-02,-4.792654141783714294e-02,-2.327318862080574036e-02,-1.484451349824666977e-03,2.185709401965141296e-02,4.125011339783668518e-02,5.345118790864944458e-02,5.815511569380760193e-02,5.410039797425270081e-02,4.307497665286064148e-02,2.396732382476329803e-02,1.902463613077998161e-03,-2.340426854789257050e-02,-5.250046029686927795e-02,-7.980092614889144897e-02,-1.021309494972229004e-01,-1.193056181073188782e-01,-1.285921931266784668e-01,-1.284849941730499268e-01,-1.209835633635520935e-01,-1.043913066387176514e-01,-8.075999468564987183e-02,-5.149960145354270935e-02,-2.141968905925750732e-02,9.962175041437149048e-03,3.963151201605796814e-02,6.575725972652435303e-02,8.575287461280822754e-02,9.729348123073577881e-02,9.973810613155364990e-02,9.299531579017639160e-02,7.778083533048629761e-02,5.670551210641860962e-02,2.935440279543399811e-02,4.420195240527391434e-03
-1.743769622407853603e-03,-2.282803505659103394e-02,-4.300592839717864990e-02,-5.894106626510620117e-02,-7.120302319526672363e-02,-7.718203216791152954e-02,-7.622331380844116211e-02,-6.907212734222412109e-02,-5.583431199193000793e-02,-4.079388454556465149e-02,-2.161417528986930847e-02,-2.337860176339745522e-03,1.576692610979080200e-02,3.046298772096633911e-02,4.099057242274284363e-02,4.450700432062149048e-02,4.194645211100578308e-02,3.161663934588432312e-02,1.641081832349300385e-02,-2.977686002850532532e-03,-2.431867271661758423e-02,-4.861824959516525269e-02,-7.266806066036224365e-02,-9.294251352548599243e-02,-1.075342521071434021e-01,-1.174482628703117371e-01,-1.189706400036811829e-01,-1.135404258966445923e-01,-1.013918370008468628e-01,-8.399049192667007446e-02,-6.020776927471160889e-02,-3.506448119878768921e-02,-1.192702539265155792e-02,1.098236534744501114e-02,2.932568080723285675e-02,4.324717074632644653e-02,4.943588748574256897e-02,4.685562103986740112e-02,3.773345425724983215e-02,2.041632123291492462e-02,4.788939259015023708e-04,-2.084017731249332428e-02,-4.719077050685882568e-02,-7.393842935562133789e-02,-9.674910455942153931e-02,-1.139860674738883972e-01,-1.228280887007713318e-01,-1.246352940797805786e-01,-1.179113611578941345e-01,-1.036537662148475647e-01,-8.171759545803070068e-02,-5.583288520574569702e-02,-2.611815929412841797e-02,4.006875213235616684e-03,3.151342272758483887e-02,5.700766295194625854e-02,7.532998174428939819e-02,8.678784966468811035e-02,8.999315649271011353e-02,8.380755037069320679e-02,7.052686065435409546e-02,5.206060037016868591e-02,2.707203850150108337e-02,4.395103547722101212e-03
-2.443129662424325943e-03,-2.467941492795944214e-02,-4.584017395973205566e-02,-6.306324899196624756e-02,-7.657559961080551147e-02,-8.269879221916198730e-02,-8.218025416135787964e-02,-7.502999156713485718e-02,-6.230210885405540466e-02,-4.641104117035865784e-02,-2.726486325263977051e-02,-6.435845047235488892e-03,1.243441179394721985e-02,2.857643179595470428e-02,4.055487737059593201e-02,4.618518054485321045e-02,4.526195302605628967e-02,3.699060156941413879e-02,2.228277362883090973e-02,2.594895428046584129e-03,-1.751345023512840271e-02,-4.043053463101387024e-02,-6.529895216226577759e-02,-8.718825876712799072e-02,-1.038128808140754700e-01,-1.151004955172538757e-01,-1.187029331922531128e-01,-1.153001412749290466e-01,-1.057471781969070435e-01,-8.956146985292434692e-02,-6.830851733684539795e-02,-4.391833394765853882e-02,-2.150662429630756378e-02,4.234795051161199808e-04,1.848573423922061920e-02,3.290924802422523499e-02,4.150430858135223389e-02,4.192526265978813171e-02,3.498032316565513611e-02,2.107594534754753113e-02,3.035181900486350060e-03,-1.793467439711093903e-02,-3.957121446728706360e-02,-6.211364641785621643e-02,-8.458483964204788208e-02,-1.017250344157218933e-01,-1.116976588964462280e-01,-1.143651977181434631e-01,-1.103178262710571289e-01,-9.812100231647491455e-02,-7.981602847576141357e-02,-5.540804937481880188e-02,-2.954094484448432922e-02,-2.240204485133290291e-03,2.177361398935317993e-02,4.388269409537315369e-02,6.188140809535980225e-02,7.307219505310058594e-02,7.785756886005401611e-02,7.340164482593536377e-02,6.155900284647941589e-02,4.484291002154350281e-02,2.310170978307723999e-02,3.232735441997647285e-03
-2.873897552490234375e-03,-2.502481080591678619e-02,-4.778197780251502991e-02,-6.501704454421997070e-02,-7.856187224388122559e-02,-8.559782803058624268e-02,-8.503973484039306641e-02,-7.883371412754058838e-02,-6.641588360071182251e-02,-5.063147470355033875e-02,-3.087648749351501465e-02,-9.970892220735549927e-03,9.787774644792079926e-03,2.679643221199512482e-02,4.011959582567214966e-02,4.732128605246543884e-02,4.791323468089103699e-02,4.124284908175468445e-02,2.938785403966903687e-02,1.044947281479835510e-02,-9.006216190755367279e-03,-2.992445416748523712e-02,-5.267180502414703369e-02,-7.445384562015533447e-02,-9.269288182258605957e-02,-1.058631837368011475e-01,-1.114785000681877136e-01,-1.108873188495635986e-01,-1.038677096366882324e-01,-9.040237218141555786e-02,-7.211109995841979980e-02,-5.078558623790740967e-02,-2.922652103006839752e-02,-7.389002945274114609e-03,9.709008969366550446e-03,2.410006150603294373e-02,3.325033560395240784e-02,3.587227314710617065e-02,3.197184950113296509e-02,2.162312157452106476e-02,6.881685461848974228e-03,-1.251174509525299072e-02,-3.107563033699989319e-02,-4.998238012194633484e-02,-6.852731853723526001e-02,-8.413032442331314087e-02,-9.465342015027999878e-02,-9.881809353828430176e-02,-9.649273008108139038e-02,-8.725102245807647705e-02,-7.331489026546478271e-02,-5.392378568649291992e-02,-3.108762018382549286e-02,-7.204734254628419876e-03,1.472521666437387466e-02,3.375112637877464294e-02,4.835814610123634338e-02,5.886170640587806702e-02,6.263941526412963867e-02,6.032886356115341187e-02,5.064460262656211853e-02,3.729694709181785583e-02,1.967266574501991272e-02,2.218400593847036362e-03
-2.897600643336772919e-03,-2.478979714214801788e-02,-4.703808575868606567e-02,-6.410057842731475830e-02,-7.834973931312561035e-02,-8.423972129821777344e-02,-8.486762642860412598e-02,-7.834134995937347412e-02,-6.719800084829330444e-02,-5.138590559363365173e-02,-3.306353464722633362e-02,-1.184302102774381638e-02,8.191325701773166656e-03,2.569175697863101959e-02,3.992616012692451477e-02,4.874587059020996094e-02,5.110618844628334045e-02,4.761489853262901306e-02,3.775032237172126770e-02,2.191880531609058380e-02,2.723757643252611160e-03,-1.827668771147727966e-02,-3.791574016213417053e-02,-5.778704956173896790e-02,-7.701766490936279297e-02,-9.028282016515731812e-02,-9.855808317661285400e-02,-1.001998409628868103e-01,-9.640358388423919678e-02,-8.611918985843658447e-02,-7.160659879446029663e-02,-5.234904214739799500e-02,-3.359265252947807312e-02,-1.396382786333560944e-02,3.121591871604323387e-03,1.667186059057712555e-02,2.714017592370510101e-02,3.185265138745307922e-02,3.057572804391384125e-02,2.497026324272155762e-02,1.390527840703725815e-02,-2.098874654620885849e-03,-1.851964741945266724e-02,-3.540356829762458801e-02,-5.049715563654899597e-02,-6.321553885936737061e-02,-7.374622672796249390e-02,-7.907671481370925903e-02,-7.933683693408966064e-02,-7.328318059444427490e-02,-6.329403817653656006e-02,-4.820639640092849731e-02,-3.091146796941757202e-02,-1.097995880991220474e-02,7.161507848650217056e-03,2.283152006566524506e-02,3.411979600787162781e-02,4.285877197980880737e-02,4.700851440429687500e-02,4.554348811507225037e-02,3.847216069698333740e-02,2.824381366372108459e-02,1.510869432240724564e-02,1.079859794117510319e-03
-2.008594339713454247e-03,-2.364479377865791321e-02,-4.312417283654212952e-02,-5.944724008440971375e-02,-7.323636114597320557e-02,-7.960421591997146606e-02,-8.014814555644989014e-02,-7.501930743455886841e-02,-6.462078541517257690e-02,-5.012308433651924133e-02,-3.240131959319114685e-02,-1.229168474674224854e-02,7.376909255981445312e-03,2.480983361601829529e-02,3.918257355690002441e-02,4.979510232806205750e-02,5.351080372929573059e-02,5.182671919465065002e-02,4.506884887814521790e-02,3.199999779462814331e-02,1.625615544617176056e-02,-4.729852080345153809e-03,-2.294227108359336853e-02,-4.070564359426498413e-02,-5.748583003878593445e-02,-7.133620232343673706e-02,-8.065238595008850098e-02,-8.463782817125320435e-02,-8.297328650951385498e-02,-7.649743556976318359e-02,-6.615674495697021484e-02,-5.147220194339752197e-02,-3.515644744038581848e-02,-1.803015545010566711e-02,-2.190773840993642807e-03,1.154198497533798218e-02,2.143307588994503021e-02,2.833332121372222900e-02,2.976986207067966461e-02,2.739531919360160828e-02,2.088024094700813293e-02,9.515478275716304779e-03,-2.527451375499367714e-03,-1.762947812676429749e-02,-2.951864339411258698e-02,-4.022117704153060913e-02,-4.986961930990219116e-02,-5.545250698924064636e-02,-5.857720971107482910e-02,-5.583104118704795837e-02,-4.950648546218872070e-02,-3.996895626187324524e-02,-2.811774052679538727e-02,-1.459495723247528076e-02,-8.433652692474424839e-04,1.186850480735301971e-02,2.099922113120555878e-02,2.803348377346992493e-02,3.037464432418346405e-02,2.974982000887393951e-02,2.567872777581214905e-02,1.801224984228610992e-02,1.039084512740373611e-02,1.317650312557816505e-03
-1.320847775787115097e-03,-2.171212993562221527e-02,-3.964835777878761292e-02,-5.484199896454811096e-02,-6.685917824506759644e-02,-7.258226722478866577e-02,-7.386779040098190308e-02,-6.904953718185424805e-02,-5.992610380053520203e-02,-4.627750441431999207e-02,-3.037623874843120575e-02,-1.100513897836208344e-02,7.614702917635440826e-03,2.439701370894908905e-02,3.897469490766525269e-02,5.004820227622985840e-02,5.565558001399040222e-02,5.670193210244178772e-02,5.209388583898544312e-02,4.361404106020927429e-02,3.074210137128829956e-02,1.353821903467178345e-02,-3.947477787733078003e-03,-2.162456326186656952e-02,-3.627262264490127563e-02,-4.938438907265663147e-02,-6.019712612032890320e-02,-6.615157425403594971e-02,-6.778082251548767090e-02,-6.426315754652023315e-02,-5.749309808015823364e-02,-4.632322862744331360e-02,-3.388857841491699219e-02,-1.955376006662845612e-02,-5.036013200879096985e-03,8.020409382879734039e-03,1.846475712954998016e-02,2.543645165860652924e-02,2.953374199569225311e-02,3.095874376595020294e-02,2.807239443063735962e-02,2.348319068551063538e-02,1.526452321559190750e-02,4.306713584810495377e-03,-6.137782242149114609e-03,-1.605006679892539978e-02,-2.407147735357284546e-02,-3.018365427851676941e-02,-3.502823039889335632e-02,-3.684456273913383484e-02,-3.439373522996902466e-02,-2.962611243128776550e-02,-2.401323616504669189e-02,-1.591299660503864288e-02,-8.360871113836765289e-03,1.833094574976712465e-04,6.887882482260465622e-03,1.218076422810554504e-02,1.454256847500801086e-02,1.458709128201007843e-02,1.260086987167596817e-02,8.828097023069858551e-03,5.016351118683815002e-03,4.281592264305800200e-04
-4.963400424458086491e-04,-1.916070468723773956e-02,-3.434814140200614929e-02,-4.715923592448234558e-02,-5.784439295530319214e-02,-6.291382014751434326e-02,-6.382906436920166016e-02,-5.976371094584465027e-02,-5.189561471343040466e-02,-4.023770987987518311e-02,-2.576608583331108093e-02,-9.177341125905513763e-03,8.190557360649108887e-03,2.359507046639919281e-02,3.762581199407577515e-02,4.917847737669944763e-02,5.591187626123428345e-02,5.911562219262123108e-02,5.745854973793029785e-02,5.175912380218505859e-02,4.290384426712989807e-02,2.974495850503444672e-02,1.598641835153102875e-02,-6.812141509726643562e-05,-1.390363834798336029e-02,-2.592676505446434021e-02,-3.705420345067977905e-02,-4.452519863843917847e-02,-4.929317533969879150e-02,-4.911737516522407532e-02,-4.566596075892448425e-02,-3.883108124136924744e-02,-2.967963553965091705e-02,-1.858883537352085114e-02,-6.650377530604600906e-03,5.270613357424736023e-03,1.540113426744937897e-02,2.362823486328125000e-02,2.979980036616325378e-02,3.432345017790794373e-02,3.523835539817810059e-02,3.412196040153503418e-02,3.096132911741733551e-02,2.459402568638324738e-02,1.803077943623065948e-02,9.772452525794506073e-03,2.150820335373282433e-03,-4.122069571167230606e-03,-1.127700228244066238e-02,-1.605256833136081696e-02,-1.854686625301837921e-02,-1.855297014117240906e-02,-1.775673218071460724e-02,-1.559707615524530411e-02,-1.302801258862018585e-02,-9.613382630050182343e-03,-6.273988168686628342e-03,-2.253015991300344467e-03,-3.131774428766220808e-04,7.488970295526087284e-04,9.926819475367665291e-04,4.336376150604337454e-04,7.884813239797949791e-04,-2.640629645611625165e-05
2.430266613373532891e-04,-1.506239641457796097e-02,-2.796823345124721527e-02,-3.881645947694778442e-02,-4.670526832342147827e-02,-5.077481642365455627e-02,-5.222258716821670532e-02,-4.932055249810218811e-02,-4.234601929783821106e-02,-3.243545442819595337e-02,-2.018750645220279694e-02,-6.037515122443437576e-03,9.055589325726032257e-03,2.343622595071792603e-02,3.630187734961509705e-02,4.672225937247276306e-02,5.498381331562995911e-02,5.969680845737457275e-02,6.049942597746849060e-02,5.882295221090316772e-02,5.318179354071617126e-02,4.455826804041862488e-02,3.475357592105865479e-02,2.180922962725162506e-02,9.487838484346866608e-03,-3.504533320665359497e-03,-1.365257613360881805e-02,-2.298232726752758026e-02,-2.899538911879062653e-02,-3.196698054671287537e-02,-3.184146434068679810e-02,-2.874613925814628601e-02,-2.340148016810417175e-02,-1.595925353467464447e-02,-6.522533483803272247e-03,3.519052173942327499e-03,1.371817477047443390e-02,2.226013317704200745e-02,2.995382994413375854e-02,3.669389709830284119e-02,4.113706201314926147e-02,4.382085800170898438e-02,4.456411302089691162e-02,4.261026158928871155e-02,3.968979790806770325e-02,3.360116109251976013e-02,2.778617851436138153e-02,1.961571350693702698e-02,1.160475518554449081e-02,3.491029608994722366e-03,-3.201880259439349174e-03,-7.621685974299907684e-03,-1.150588598102331161e-02,-1.462082378566265106e-02,-1.704045012593269348e-02,-1.701689139008522034e-02,-1.723682694137096405e-02,-1.574455574154853821e-02,-1.337028387933969498e-02,-1.224018260836601257e-02,-9.715916588902473450e-03,-7.263554725795984268e-03,-3.431102959439158440e-03,-1.017147093079984188e-03
3.925653581973165274e-04,-1.120933983474969864e-02,-1.983732357621192932e-02,-2.776492759585380554e-02,-3.371913731098175049e-02,-3.709944710135459900e-02,-3.856318816542625427e-02,-3.642532601952552795e-02,-3.111719898879528046e-02,-2.321187406778335571e-02,-1.358528155833482742e-02,-2.458643168210983276e-03,9.878704324364662170e-03,2.185167372226715088e-02,3.305007144808769226e-02,4.303404688835144043e-02,5.111308395862579346e-02,5.742335319519042969e-02,6.086285039782524109e-02,6.192244961857795715e-02,6.000041589140892029e-02,5.444839224219322205e-02,4.865255951881408691e-02,3.875201940536499023e-02,2.998873963952064514e-02,1.872446946799755096e-02,8.862041868269443512e-03,-5.916214431636035442e-04,-8.655268698930740356e-03,-1.379743684083223343e-02,-1.707242801785469055e-02,-1.759125664830207825e-02,-1.566102169454097748e-02,-1.153078116476535797e-02,-5.228032823652029037e-03,2.474983921274542809e-03,1.137146167457103729e-02,2.027189545333385468e-02,2.892893925309181213e-02,3.744070604443550110e-02,4.489818960428237915e-02,5.068232491612434387e-02,5.496072024106979370e-02,5.612505227327346802e-02,5.601720884442329407e-02,5.192432180047035217e-02,4.805272072553634644e-02,4.102692753076553345e-02,3.274268284440040588e-02,2.326838299632072449e-02,1.259800978004932404e-02,3.126954892650246620e-03,-4.588513635098934174e-03,-1.169899664819240570e-02,-1.826518215239048004e-02,-2.210162952542304993e-02,-2.527114190161228180e-02,-2.565095573663711548e-02,-2.476963773369789124e-02,-2.284141443669795990e-02,-1.879736594855785370e-02,-1.356008835136890411e-02,-6.966354325413703918e-03,-5.537635879591107368e-04
7.838244200684130192e-04,-5.712748970836400986e-03,-1.139367464929819107e-02,-1.710952445864677429e-02,-2.048939280211925507e-02,-2.308731898665428162e-02,-2.398192137479782104e-02,-2.275587804615497589e-02,-1.911710202693939209e-02,-1.381179317831993103e-02,-6.898469757288694382e-03,1.132196048274636269e-03,1.020708121359348297e-02,2.022770792245864868e-02,2.978886663913726807e-02,3.853370249271392822e-02,4.637915641069412231e-02,5.296936258673667908e-02,5.811321735382080078e-02,6.145524978637695312e-02,6.232460588216781616e-02,6.106559932231903076e-02,5.808693915605545044e-02,5.218245834112167358e-02,4.629853367805480957e-02,3.814120963215827942e-02,2.916943468153476715e-02,1.981258206069469452e-02,1.112327259033918381e-02,3.436802420765161514e-03,-2.638397039845585823e-03,-5.996230058372020721e-03,-7.330486085265874863e-03,-6.022243760526180267e-03,-2.664645668119192123e-03,2.578361658379435539e-03,1.009754277765750885e-02,1.907766796648502350e-02,2.785887569189071655e-02,3.712973743677139282e-02,4.631733521819114685e-02,5.445361882448196411e-02,6.126832589507102966e-02,6.566141545772552490e-02,6.785936653614044189e-02,6.659436970949172974e-02,6.347329169511795044e-02,5.691808089613914490e-02,4.862593114376068115e-02,3.886924311518669128e-02,2.577646821737289429e-02,1.355988811701536179e-02,1.892074826173484325e-03,-8.351521566510200500e-03,-1.815519295632839203e-02,-2.557501196861267090e-02,-3.108332678675651550e-02,-3.295792266726493835e-02,-3.253489732742309570e-02,-2.979781106114387512e-02,-2.482584305107593536e-02,-1.803079061210155487e-02,-9.928607381880283356e-03,-7.660446572117507458e-04
2.760116767603904009e-04,-2.521831542253494263e-03,-4.461234901100397110e-03,-7.327157538384199142e-03,-8.265694603323936462e-03,-9.575202129781246185e-03,-9.803579188883304596e-03,-9.116352535784244537e-03,-7.535089273005723953e-03,-4.485947079956531525e-03,-4.188788880128413439e-04,4.058973398059606552e-03,1.015835441648960114e-02,1.662545651197433472e-02,2.441541291773319244e-02,3.158862516283988953e-02,3.941798210144042969e-02,4.611644893884658813e-02,5.201394110918045044e-02,5.741556361317634583e-02,6.110309064388275146e-02,6.329425424337387085e-02,6.357739865779876709e-02,6.105887889862060547e-02,5.744521319866180420e-02,5.082545056939125061e-02,4.436082020401954651e-02,3.593686968088150024e-02,2.781916037201881409e-02,1.939795725047588348e-02,1.149409078061580658e-02,5.473601166158914566e-03,1.048778649419546127e-03,-9.129026439040899277e-04,-9.875620162347331643e-05,2.536731772124767303e-03,8.232645690441131592e-03,1.565407961606979370e-02,2.496798150241374969e-02,3.470040485262870789e-02,4.465536773204803467e-02,5.425970256328582764e-02,6.288687884807586670e-02,7.030653208494186401e-02,7.422652095556259155e-02,7.504545897245407104e-02,7.313007861375808716e-02,6.710370630025863647e-02,5.929118767380714417e-02,4.860704764723777771e-02,3.625626862049102783e-02,2.199389599263668060e-02,7.895480841398239136e-03,-5.075530149042606354e-03,-1.652128621935844421e-02,-2.590997703373432159e-02,-3.349227458238601685e-02,-3.664528205990791321e-02,-3.723782300949096680e-02,-3.435290604829788208e-02,-2.830837108194828033e-02,-2.016112208366394043e-02,-1.050749421119689941e-02,-1.721895969239994884e-04
4.591471806634217501e-04,1.286256825551390648e-03,2.369389636442065239e-03,2.636304125189781189e-03,3.401922294870018959e-03,3.169010393321514130e-03,3.521233098581433296e-03,3.004035912454128265e-03,3.265343606472015381e-03,3.995329141616821289e-03,5.377061665058135986e-03,6.820814218372106552e-03,9.766650386154651642e-03,1.357325818389654160e-02,1.849152520298957825e-02,2.450831606984138489e-02,3.113350830972194672e-02,3.796087950468063354e-02,4.459344968199729919e-02,5.046690255403518677e-02,5.637685582041740417e-02,6.051877140998840332e-02,6.342156231403350830e-02,6.400360167026519775e-02,6.270615011453628540e-02,5.941955000162124634e-02,5.442357808351516724e-02,4.767455905675888062e-02,3.994822129607200623e-02,3.150783479213714600e-02,2.310823090374469757e-02,1.476611848920583725e-02,8.690521121025085449e-03,4.303043242543935776e-03,2.773630432784557343e-03,3.340397961437702179e-03,7.114193402230739594e-03,1.320911571383476257e-02,2.137214876711368561e-02,3.092347271740436554e-02,4.163374006748199463e-02,5.140385404229164124e-02,6.089791655540466309e-02,6.876865774393081665e-02,7.425433397293090820e-02,7.682164758443832397e-02,7.595656812191009521e-02,7.200756669044494629e-02,6.421933323144912720e-02,5.470396578311920166e-02,4.193502292037010193e-02,2.787445299327373505e-02,1.310944929718971252e-02,-1.461060484871268272e-03,-1.378159411251544952e-02,-2.447836101055145264e-02,-3.282098844647407532e-02,-3.729413822293281555e-02,-3.799197822809219360e-02,-3.544995561242103577e-02,-2.956928871572017670e-02,-2.126887254416942596e-02,-1.149400137364864349e-02,-7.822193438187241554e-04
3.299593809060752392e-04,4.578261636197566986e-03,8.230860345065593719e-03,1.093078311532735825e-02,1.313236448913812637e-02,1.400310825556516647e-02,1.435605622828006744e-02,1.353708747774362564e-02,1.244128681719303131e-02,1.125850435346364975e-02,1.004329696297645569e-02,8.651204407215118408e-03,8.618380874395370483e-03,9.345194324851036072e-03,1.135869324207305908e-02,1.526100188493728638e-02,2.060198225080966949e-02,2.634448930621147156e-02,3.314663842320442200e-02,4.050698131322860718e-02,4.806080460548400879e-02,5.397571623325347900e-02,5.837994813919067383e-02,6.198357045650482178e-02,6.335417181253433228e-02,6.248836964368820190e-02,5.945011973381042480e-02,5.395263805985450745e-02,4.706045612692832947e-02,3.892995417118072510e-02,3.072101250290870667e-02,2.177157439291477203e-02,1.437372248619794846e-02,8.374080993235111237e-03,4.670212045311927795e-03,3.220004960894584656e-03,4.812566563487052917e-03,8.815168403089046478e-03,1.510763913393020630e-02,2.413972280919551849e-02,3.413590043783187866e-02,4.421570897102355957e-02,5.413220822811126709e-02,6.339316070079803467e-02,6.942629814147949219e-02,7.296989858150482178e-02,7.294544577598571777e-02,7.067421078681945801e-02,6.410954892635345459e-02,5.509668216109275818e-02,4.369404166936874390e-02,3.046521171927452087e-02,1.618629507720470428e-02,1.970481127500534058e-03,-1.044036727398633957e-02,-2.138228341937065125e-02,-2.979578822851181030e-02,-3.470810130238533020e-02,-3.594502061605453491e-02,-3.344017267227172852e-02,-2.820956148207187653e-02,-2.006941474974155426e-02,-1.103910896927118301e-02,-5.657176370732486248e-04
7.002633064985275269e-04,7.371423766016960144e-03,1.359103806316852570e-02,1.756608486175537109e-02,2.147866599261760712e-02,2.304651401937007904e-02,2.359489537775516510e-02,2.262423001229763031e-02,2.046971395611763000e-02,1.735025644302368164e-02,1.370334159582853317e-02,9.887827560305595398e-03,6.931943818926811218e-03,5.010494031012058258e-03,4.852243233472108841e-03,5.900262389332056046e-03,9.320132434368133545e-03,1.440628804266452789e-02,2.026732824742794037e-02,2.737995237112045288e-02,3.443929925560951233e-02,4.207146912813186646e-02,4.919441044330596924e-02,5.411987379193305969e-02,5.789593607187271118e-02,5.926392972469329834e-02,5.851116031408309937e-02,5.519003048539161682e-02,4.990080744028091431e-02,4.292894154787063599e-02,3.503324091434478760e-02,2.623932249844074249e-02,1.894715242087841034e-02,1.190704666078090668e-02,6.975074764341115952e-03,3.340798895806074142e-03,3.102122340351343155e-03,4.912512376904487610e-03,9.642263874411582947e-03,1.645144075155258179e-02,2.515326626598834991e-02,3.333286195993423462e-02,4.154163599014282227e-02,5.006632208824157715e-02,5.672066658735275269e-02,6.192578375339508057e-02,6.410696357488632202e-02,6.213960051536560059e-02,5.785441771149635315e-02,5.066958069801330566e-02,4.088675975799560547e-02,2.977766469120979309e-02,1.776992157101631165e-02,5.285164341330528259e-03,-5.358810070902109146e-03,-1.594492793083190918e-02,-2.343468740582466125e-02,-2.841878868639469147e-02,-3.017547540366649628e-02,-2.834972552955150604e-02,-2.393721602857112885e-02,-1.774542033672332764e-02,-9.521100670099258423e-03,-6.939163431525230408e-04
4.357438010629266500e-04,9.438421577215194702e-03,1.686403527855873108e-02,2.228534221649169922e-02,2.721917815506458282e-02,2.950446680188179016e-02,3.014656342566013336e-02,2.890681475400924683e-02,2.575336955487728119e-02,2.136723324656486511e-02,1.600979268550872803e-02,9.788407012820243835e-03,4.449417814612388611e-03,2.550283388700336218e-04,-3.050137544050812721e-03,-3.916199784725904465e-03,-2.679425291717052460e-03,6.127164815552532673e-04,5.795491393655538559e-03,1.244666427373886108e-02,2.007198333740234375e-02,2.724279463291168213e-02,3.483210504055023193e-02,4.201927408576011658e-02,4.747679084539413452e-02,5.036223679780960083e-02,5.218937620520591736e-02,5.114908143877983093e-02,4.781533777713775635e-02,4.233307018876075745e-02,3.601103276014328003e-02,2.825332805514335632e-02,2.086531743407249451e-02,1.363245770335197449e-02,7.551891263574361801e-03,2.720513846725225449e-03,4.888518014922738075e-04,3.889033687300980091e-04,2.577329520136117935e-03,7.209202274680137634e-03,1.366651616990566254e-02,2.058283425867557526e-02,2.826038561761379242e-02,3.528318926692008972e-02,4.118098691105842590e-02,4.572695866227149963e-02,4.880565777420997620e-02,4.911098256707191467e-02,4.626391083002090454e-02,4.110020771622657776e-02,3.444585204124450684e-02,2.630739845335483551e-02,1.730706915259361267e-02,7.503642234951257706e-03,-1.385858049616217613e-03,-9.897720068693161011e-03,-1.603435166180133820e-02,-2.032040990889072418e-02,-2.237552031874656677e-02,-2.151582762598991394e-02,-1.826166920363903046e-02,-1.344413217157125473e-02,-6.822601892054080963e-03,-4.018253239337354898e-04
2.427620638627558947e-04,1.023750659078359604e-02,1.934802718460559845e-02,2.550742588937282562e-02,3.120603226125240326e-02,3.380232676863670349e-02,3.469330444931983948e-02,3.304390236735343933e-02,2.912667579948902130e-02,2.323144301772117615e-02,1.645394600927829742e-02,8.804373443126678467e-03,1.288662431761622429e-03,-5.545417778193950653e-03,-1.081698201596736908e-02,-1.412164419889450073e-02,-1.485946401953697205e-02,-1.322990190237760544e-02,-9.735966101288795471e-03,-3.980644047260284424e-03,3.207286354154348373e-03,1.122052688151597977e-02,1.848560571670532227e-02,2.607197687029838562e-02,3.261159360408782959e-02,3.798863664269447327e-02,4.171304777264595032e-02,4.280083626508712769e-02,4.208992049098014832e-02,3.856475278735160828e-02,3.392058610916137695e-02,2.772947214543819427e-02,2.129914797842502594e-02,1.383581757545471191e-02,7.300751749426126480e-03,1.137063954956829548e-03,-2.621967578306794167e-03,-5.138502921909093857e-03,-5.248129367828369141e-03,-3.085313364863395691e-03,7.055368623696267605e-04,5.471237935125827789e-03,1.067413389682769775e-02,1.625626534223556519e-02,2.162022143602371216e-02,2.679711580276489258e-02,3.003462962806224823e-02,3.161936998367309570e-02,3.142513334751129150e-02,2.906991727650165558e-02,2.592533640563488007e-02,2.149477973580360413e-02,1.604192890226840973e-02,9.860021062195301056e-03,3.672025632113218307e-03,-2.775790635496377945e-03,-6.968757603317499161e-03,-1.078971475362777710e-02,-1.215499639511108398e-02,-1.275625731796026230e-02,-1.122081838548183441e-02,-8.519626222550868988e-03,-3.879463998600840569e-03,-5.403263494372367859e-04
1.397786109009757638e-04,1.078785862773656845e-02,1.988246850669384003e-02,2.668952941894531250e-02,3.247261047363281250e-02,3.523665666580200195e-02,3.615765646100044250e-02,3.434912487864494324e-02,3.005791082978248596e-02,2.340854331851005554e-02,1.585322059690952301e-02,6.961506325751543045e-03,-2.048630733042955399e-03,-1.031863968819379807e-02,-1.769212633371353149e-02,-2.282819710671901703e-02,-2.605897188186645508e-02,-2.628494054079055786e-02,-2.503158152103424072e-02,-2.117216587066650391e-02,-1.547949295490980148e-02,-8.029296994209289551e-03,3.711981116794049740e-04,9.265540167689323425e-03,1.665328070521354675e-02,2.273694053292274475e-02,2.774046175181865692e-02,3.102768957614898682e-02,3.260773047804832458e-02,3.127229586243629456e-02,2.908190712332725525e-02,2.474157325923442841e-02,1.950374618172645569e-02,1.280140224844217300e-02,5.957469809800386429e-03,-5.051234038546681404e-04,-6.103673018515110016e-03,-9.878130629658699036e-03,-1.264367345720529556e-02,-1.357299182564020157e-02,-1.303284987807273865e-02,-1.123372185975313187e-02,-8.194815367460250854e-03,-3.914810251444578171e-03,1.327306090388447046e-04,5.030472297221422195e-03,9.301287122070789337e-03,1.287614181637763977e-02,1.448050327599048615e-02,1.468740031123161316e-02,1.484329346567392349e-02,1.464651897549629211e-02,1.300914119929075241e-02,1.029254775494337082e-02,7.793699391186237335e-03,4.125417675822973251e-03,1.409553340636193752e-03,-4.873171274084597826e-04,-2.274253638461232185e-03,-3.231413196772336960e-03,-3.686332609504461288e-03,-2.519956324249505997e-03,-1.057832967489957809e-03,-7.429410470649600029e-04
2.335378521820530295e-04,1.055474020540714264e-02,1.972148567438125610e-02,2.661838009953498840e-02,3.240368142724037170e-02,3.535543754696846008e-02,3.624816238880157471e-02,3.375856205821037292e-02,2.933147922158241272e-02,2.264811657369136810e-02,1.444391813129186630e-02,4.866624251008033752e-03,-5.340922623872756958e-03,-1.517967507243156433e-02,-2.374518662691116333e-02,-3.097907267510890961e-02,-3.606979921460151672e-02,-3.878177702426910400e-02,-3.883459791541099548e-02,-3.658637031912803650e-02,-3.216081112623214722e-02,-2.604023367166519165e-02,-1.821536011993885040e-02,-9.074102155864238739e-03,-6.520025781355798244e-04,6.565726362168788910e-03,1.280280202627182007e-02,1.752763427793979645e-02,2.084171772003173828e-02,2.225408516824245453e-02,2.194942161440849304e-02,1.966674812138080597e-02,1.583244465291500092e-02,1.039361767470836639e-02,4.207236226648092270e-03,-2.563364803791046143e-03,-9.101633913815021515e-03,-1.516758091747760773e-02,-2.003944851458072662e-02,-2.378228306770324707e-02,-2.588811330497264862e-02,-2.698244713246822357e-02,-2.604356966912746429e-02,-2.420941926538944244e-02,-2.089735493063926697e-02,-1.683891005814075470e-02,-1.242709252983331680e-02,-6.887423805892467499e-03,-3.308871993795037270e-03,2.049516187980771065e-04,3.519579535350203514e-03,6.374549586325883865e-03,8.588668890297412872e-03,1.053026225417852402e-02,1.125173736363649368e-02,1.104129757732152939e-02,1.074297353625297546e-02,9.169750846922397614e-03,7.699568755924701691e-03,5.942657589912414551e-03,4.189853090792894363e-03,2.916971454396843910e-03,1.860346761532127857e-03,-6.677196506643667817e-05
-2.096408425131812692e-04,9.785919450223445892e-03,1.852422207593917847e-02,2.513245120644569397e-02,3.033261746168136597e-02,3.329193219542503357e-02,3.373054042458534241e-02,3.163336217403411865e-02,2.715563029050827026e-02,2.043212577700614929e-02,1.201394014060497284e-02,2.231183461844921112e-03,-8.365475572645664215e-03,-1.871782355010509491e-02,-2.844590134918689728e-02,-3.707012161612510681e-02,-4.379053413867950439e-02,-4.812555015087127686e-02,-5.005952715873718262e-02,-4.998783767223358154e-02,-4.710721597075462341e-02,-4.262294620275497437e-02,-3.562584519386291504e-02,-2.735629305243492126e-02,-1.814662292599678040e-02,-9.598808363080024719e-03,-2.403394784778356552e-03,4.145205020904541016e-03,9.015286341309547424e-03,1.258372049778699875e-02,1.416835747659206390e-02,1.405961718410253525e-02,1.166925951838493347e-02,7.796706631779670715e-03,2.316419268026947975e-03,-4.516860935837030411e-03,-1.170441694557666779e-02,-1.918813213706016541e-02,-2.599158883094787598e-02,-3.213879466056823730e-02,-3.684273734688758850e-02,-4.058450460433959961e-02,-4.199858382344245911e-02,-4.281305521726608276e-02,-4.109628871083259583e-02,-3.801420331001281738e-02,-3.345041722059249878e-02,-2.664569392800331116e-02,-2.025738731026649475e-02,-1.429927162826061249e-02,-8.130845613777637482e-03,-1.392014673911035061e-03,4.116785712540149689e-03,9.774414822459220886e-03,1.403816789388656616e-02,1.689974963665008545e-02,1.853580027818679810e-02,1.855773478746414185e-02,1.751236058771610260e-02,1.488264650106430054e-02,1.151552703231573105e-02,8.346216753125190735e-03,4.597006365656852722e-03,2.431798056932166219e-04
-1.880182207969482988e-05,9.197658859193325043e-03,1.729471608996391296e-02,2.295839972794055939e-02,2.811435610055923462e-02,3.022815287113189697e-02,3.079593181610107422e-02,2.863962948322296143e-02,2.441452443599700928e-02,1.778465323150157928e-02,9.760868735611438751e-03,-4.148948937654495239e-04,-1.091743726283311844e-02,-2.138395793735980988e-02,-3.168190270662307739e-02,-4.157099127769470215e-02,-4.956306144595146179e-02,-5.490310117602348328e-02,-5.886732041835784912e-02,-5.999992787837982178e-02,-5.884413421154022217e-02,-5.513307079672813416e-02,-4.961691796779632568e-02,-4.153432697057723999e-02,-3.317748010158538818e-02,-2.501132339239120483e-02,-1.666860654950141907e-02,-8.738807402551174164e-03,-1.778565929271280766e-03,3.164522117003798485e-03,6.751058157533407211e-03,8.069631643593311310e-03,7.275372277945280075e-03,4.649238195270299911e-03,3.294488706160336733e-04,-6.456774659454822540e-03,-1.421026978641748428e-02,-2.197972685098648071e-02,-3.056388534605503082e-02,-3.864519298076629639e-02,-4.533466324210166931e-02,-5.105831474065780640e-02,-5.505369231104850769e-02,-5.676885321736335754e-02,-5.669375136494636536e-02,-5.456227436661720276e-02,-5.037611722946166992e-02,-4.273175075650215149e-02,-3.547441214323043823e-02,-2.725246362388134003e-02,-1.796229556202888489e-02,-8.514849469065666199e-03,1.974027836695313454e-04,8.462782017886638641e-03,1.592345722019672394e-02,2.067118696868419647e-02,2.412413246929645538e-02,2.583512663841247559e-02,2.516829222440719604e-02,2.283937856554985046e-02,1.822775229811668396e-02,1.272661611437797546e-02,6.576243322342634201e-03,1.201001578010618687e-03
2.709368127398192883e-04,8.192135021090507507e-03,1.491960790008306503e-02,2.012926526367664337e-02,2.426539920270442963e-02,2.612092718482017517e-02,2.672151103615760803e-02,2.491993084549903870e-02,2.068398147821426392e-02,1.466407068073749542e-02,6.882747169584035873e-03,-2.578828716650605202e-03,-1.272490620613098145e-02,-2.320918813347816467e-02,-3.321055695414543152e-02,-4.363088309764862061e-02,-5.203277617692947388e-02,-5.883256718516349792e-02,-6.366582959890365601e-02,-6.670634448528289795e-02,-6.662391126155853271e-02,-6.435614079236984253e-02,-5.983858555555343628e-02,-5.311873182654380798e-02,-4.542823135852813721e-02,-3.771170973777770996e-02,-2.886197902262210846e-02,-1.985900476574897766e-02,-1.195075083523988724e-02,-5.260950885713100433e-03,-3.648481506388634443e-04,2.846174407750368118e-03,3.231408772990107536e-03,2.198709640651941299e-03,-1.586328260600566864e-03,-7.644673809409141541e-03,-1.520000770688056946e-02,-2.425725571811199188e-02,-3.315937146544456482e-02,-4.279377311468124390e-02,-5.113117396831512451e-02,-5.872233957052230835e-02,-6.420473009347915649e-02,-6.803259998559951782e-02,-6.875599920749664307e-02,-6.733495742082595825e-02,-6.314731389284133911e-02,-5.603587254881858826e-02,-4.742655158042907715e-02,-3.796310350298881531e-02,-2.637776173651218414e-02,-1.473698019981384277e-02,-3.596040653064846992e-03,7.373253349214792252e-03,1.656645908951759338e-02,2.387833595275878906e-02,2.834303304553031921e-02,3.123259171843528748e-02,3.074664436280727386e-02,2.794154547154903412e-02,2.254522219300270081e-02,1.621557027101516724e-02,8.316192775964736938e-03,4.438921168912202120e-04
-9.432945080334320664e-05,6.480098236352205276e-03,1.207991130650043488e-02,1.663745567202568054e-02,2.033022977411746979e-02,2.199745550751686096e-02,2.256648242473602295e-02,2.071692794561386108e-02,1.701751910150051117e-02,1.145463064312934875e-02,4.456104245036840439e-03,-3.696801606565713882e-03,-1.307002175599336624e-02,-2.333909086883068085e-02,-3.316540271043777466e-02,-4.232876747846603394e-02,-5.133796483278274536e-02,-5.841147899627685547e-02,-6.463082134723663330e-02,-6.794796884059906006e-02,-6.951370090246200562e-02,-6.824449449777603149e-02,-6.502184271812438965e-02,-5.999543890357017517e-02,-5.348228663206100464e-02,-4.547106474637985229e-02,-3.645312413573265076e-02,-2.710238099098205566e-02,-1.924947090446949005e-02,-1.135067548602819443e-02,-5.416941829025745392e-03,-6.032222881913185120e-04,5.372239975258708000e-04,-2.569897042121738195e-04,-3.340399358421564102e-03,-7.741014007478952408e-03,-1.516277808696031570e-02,-2.421455271542072296e-02,-3.399982675909996033e-02,-4.317403957247734070e-02,-5.272572487592697144e-02,-6.100145727396011353e-02,-6.812201440334320068e-02,-7.289323210716247559e-02,-7.479900121688842773e-02,-7.338804006576538086e-02,-6.950436532497406006e-02,-6.306306272745132446e-02,-5.491190776228904724e-02,-4.358099773526191711e-02,-3.148510679602622986e-02,-1.784043386578559875e-02,-5.612611304968595505e-03,6.359111517667770386e-03,1.658755727112293243e-02,2.513743564486503601e-02,3.053074888885021210e-02,3.350432217121124268e-02,3.324063122272491455e-02,3.064609505236148834e-02,2.502951771020889282e-02,1.862282119691371918e-02,9.722314774990081787e-03,-1.464567758375778794e-04
-1.375897554680705070e-04,5.116860382258892059e-03,9.391278028488159180e-03,1.336419396102428436e-02,1.603224687278270721e-02,1.751022599637508392e-02,1.774012856185436249e-02,1.634235307574272156e-02,1.330009661614894867e-02,8.729979395866394043e-03,2.645657164976000786e-03,-4.565746057778596878e-03,-1.281016319990158081e-02,-2.212232910096645355e-02,-3.076536022126674652e-02,-4.011960700154304504e-02,-4.802791401743888855e-02,-5.556384101510047913e-02,-6.125405430793762207e-02,-6.565905362367630005e-02,-6.767380237579345703e-02,-6.764269620180130005e-02,-6.564848870038986206e-02,-6.162258982658386230e-02,-5.624717473983764648e-02,-4.847719147801399231e-02,-4.028490558266639709e-02,-3.137996420264244080e-02,-2.343341149389743805e-02,-1.550192479044198990e-02,-9.160947054624557495e-03,-4.148908425122499466e-03,-1.961661735549569130e-03,-1.717217732220888138e-03,-3.635266562923789024e-03,-8.239015936851501465e-03,-1.459310483187437057e-02,-2.335574850440025330e-02,-3.228186443448066711e-02,-4.238398745656013489e-02,-5.134084075689315796e-02,-6.000475212931632996e-02,-6.693109124898910522e-02,-7.255204766988754272e-02,-7.500214129686355591e-02,-7.445401698350906372e-02,-7.149287313222885132e-02,-6.535646319389343262e-02,-5.709251388907432556e-02,-4.558869078755378723e-02,-3.357471153140068054e-02,-2.019404992461204529e-02,-7.298910990357398987e-03,5.089703481644392014e-03,1.564375311136245728e-02,2.412891201674938202e-02,3.005853109061717987e-02,3.309902548789978027e-02,3.342338278889656067e-02,3.069398552179336548e-02,2.469844929873943329e-02,1.823851466178894043e-02,9.176551364362239838e-03,-5.882895202375948429e-04
6.483616016339510679e-05,4.072841256856918335e-03,7.294735405594110489e-03,9.938233532011508942e-03,1.192431990057229996e-02,1.342900749295949936e-02,1.347013283520936966e-02,1.275774836540222168e-02,1.000937819480895996e-02,6.342759821563959122e-03,1.258762786164879799e-03,-4.764233715832233429e-03,-1.186402514576911926e-02,-1.956896856427192688e-02,-2.722304686903953552e-02,-3.522421047091484070e-02,-4.211085289716720581e-02,-4.872173070907592773e-02,-5.428524315357208252e-02,-5.873811617493629456e-02,-6.089961156249046326e-02,-6.105564907193183899e-02,-5.991612747311592102e-02,-5.663126334547996521e-02,-5.221080780029296875e-02,-4.564607888460159302e-02,-3.869108110666275024e-02,-3.092990070581436157e-02,-2.417387999594211578e-02,-1.672057248651981354e-02,-1.085845008492469788e-02,-5.650361999869346619e-03,-3.472112584859132767e-03,-2.678021090105175972e-03,-4.368278197944164276e-03,-7.570045068860054016e-03,-1.327103562653064728e-02,-2.050982601940631866e-02,-2.873892895877361298e-02,-3.818759322166442871e-02,-4.618598148226737976e-02,-5.397881194949150085e-02,-6.076482683420181274e-02,-6.609129905700683594e-02,-6.859598308801651001e-02,-6.824344396591186523e-02,-6.566565483808517456e-02,-5.988482385873794556e-02,-5.291809514164924622e-02,-4.309965297579765320e-02,-3.241284564137458801e-02,-2.008076943457126617e-02,-8.180119097232818604e-03,3.661256516352295876e-03,1.364389713853597641e-02,2.149447984993457794e-02,2.705881930887699127e-02,2.987168915569782257e-02,3.017762675881385803e-02,2.830323390662670135e-02,2.338724397122859955e-02,1.731119677424430847e-02,8.438025601208209991e-03,-1.126498100347816944e-03
-7.313260539376642555e-06,2.979541663080453873e-03,5.250664893537759781e-03,7.043476682156324387e-03,8.364030160009860992e-03,9.282421320676803589e-03,9.406737983226776123e-03,8.881253190338611603e-03,6.898580584675073624e-03,3.836344461888074875e-03,2.624961780384182930e-04,-4.400135949254035950e-03,-9.734983555972576141e-03,-1.591832935810089111e-02,-2.149998582899570465e-02,-2.803503721952438354e-02,-3.358674421906471252e-02,-3.942678868770599365e-02,-4.401812329888343811e-02,-4.774500429630279541e-02,-5.000485852360725403e-02,-5.041718482971191406e-02,-4.949500039219856262e-02,-4.709514603018760681e-02,-4.381934925913810730e-02,-3.827168419957160950e-02,-3.279630839824676514e-02,-2.674634195864200592e-02,-2.112589031457901001e-02,-1.521903462707996368e-02,-9.951131418347358704e-03,-5.662905983626842499e-03,-3.577387193217873573e-03,-3.122984897345304489e-03,-4.124500323086977005e-03,-6.368132773786783218e-03,-1.070406008511781693e-02,-1.683971099555492401e-02,-2.331091463565826416e-02,-3.101141005754470825e-02,-3.790209442377090454e-02,-4.482034966349601746e-02,-5.059341713786125183e-02,-5.501073598861694336e-02,-5.721076205372810364e-02,-5.667561292648315430e-02,-5.448043718934059143e-02,-4.998143762350082397e-02,-4.419466480612754822e-02,-3.616202995181083679e-02,-2.708438970148563385e-02,-1.729177497327327728e-02,-7.414834573864936829e-03,2.414986491203308105e-03,1.068101823329925537e-02,1.766872219741344452e-02,2.209152653813362122e-02,2.461564168334007263e-02,2.456196025013923645e-02,2.393320016562938690e-02,1.955424435436725616e-02,1.402939483523368835e-02,6.488702725619077682e-03,-1.888656872324645519e-03
-2.277986641274765134e-04,1.920654787681996822e-03,3.374574705958366394e-03,4.558396060019731522e-03,5.513451062142848969e-03,6.192442961037158966e-03,6.119898986071348190e-03,5.861106328666210175e-03,4.375865682959556580e-03,2.642591716721653938e-03,-6.608107651118189096e-05,-3.074833191931247711e-03,-6.930711679160594940e-03,-1.087344810366630554e-02,-1.518369000405073166e-02,-1.979946717619895935e-02,-2.379673346877098083e-02,-2.772950381040573120e-02,-3.095681779086589813e-02,-3.413819894194602966e-02,-3.564343228936195374e-02,-3.622965142130851746e-02,-3.570028766989707947e-02,-3.429348394274711609e-02,-3.224538266658782959e-02,-2.841242589056491852e-02,-2.470885589718818665e-02,-1.981666125357151031e-02,-1.595528982579708099e-02,-1.107202935963869095e-02,-7.652261760085821152e-03,-4.360047169029712677e-03,-2.848752774298191071e-03,-2.091307425871491432e-03,-3.140457905828952789e-03,-4.680619109421968460e-03,-7.965966127812862396e-03,-1.202601473778486252e-02,-1.675941981375217438e-02,-2.256892994046211243e-02,-2.720393799245357513e-02,-3.237120062112808228e-02,-3.630134463310241699e-02,-3.990970551967620850e-02,-4.134788736701011658e-02,-4.134796932339668274e-02,-4.002607241272926331e-02,-3.667173907160758972e-02,-3.265310078859329224e-02,-2.665128186345100403e-02,-2.001645229756832123e-02,-1.250953134149312973e-02,-5.255864933133125305e-03,1.671509118750691414e-03,7.810571696609258652e-03,1.215159893035888672e-02,1.600937545299530029e-02,1.732587814331054688e-02,1.782928779721260071e-02,1.663425378501415253e-02,1.374407298862934113e-02,9.680273942649364471e-03,5.488726776093244553e-03,-1.255004317499697208e-03
-6.795957451686263084e-04,2.995446557179093361e-04,1.297954120673239231e-03,2.042444422841072083e-03,2.402737038210034370e-03,2.554420148953795433e-03,2.508311998099088669e-03,2.468933351337909698e-03,1.869648462161421776e-03,8.074763463810086250e-04,-3.640468057710677385e-04,-1.437352271750569344e-03,-3.240056801587343216e-03,-5.159413907676935196e-03,-7.389249280095100403e-03,-9.838396683335304260e-03,-1.171585172414779663e-02,-1.345067750662565231e-02,-1.589510403573513031e-02,-1.710975915193557739e-02,-1.857816614210605621e-02,-1.835980825126171112e-02,-1.877471618354320526e-02,-1.793498545885086060e-02,-1.734065264463424683e-02,-1.506408397108316422e-02,-1.324803847819566727e-02,-1.095783989876508713e-02,-8.754614740610122681e-03,-6.434916052967309952e-03,-4.220978356897830963e-03,-2.224641386419534683e-03,-1.307217986322939396e-03,-1.038661692291498184e-03,-1.463428256101906300e-03,-1.736616482958197594e-03,-3.752449294552206993e-03,-5.450083874166011810e-03,-8.354532532393932343e-03,-1.151015702635049820e-02,-1.385244727134704590e-02,-1.601379923522472382e-02,-1.893982477486133575e-02,-2.040644176304340363e-02,-2.200279943645000458e-02,-2.141289785504341125e-02,-2.107693627476692200e-02,-1.957394368946552277e-02,-1.770070008933544159e-02,-1.475901994854211807e-02,-1.086613256484270096e-02,-6.953545846045017242e-03,-2.565379021689295769e-03,8.752743015065789223e-04,4.473791457712650299e-03,7.485541049391031265e-03,9.070648811757564545e-03,1.004553958773612976e-02,9.661707095801830292e-03,9.193638339638710022e-03,6.962265819311141968e-03,5.060671828687191010e-03,2.965836320072412491e-03,3.522328916005790234e-04
-8.425920968875288963e-04,-1.916009350679814816e-04,-2.659696910995990038e-04,-7.564283441752195358e-05,-1.671795616857707500e-04,-4.372535840957425535e-05,-8.339685882674530149e-05,-2.491110644768923521e-04,-7.597856165375560522e-05,-3.214746830053627491e-04,-8.553310181014239788e-05,2.389164728811010718e-04,6.541251786984503269e-04,4.227483295835554600e-04,6.380930426530539989e-04,6.400633719749748707e-04,8.084310102276504040e-04,5.042355041950941086e-04,2.535889798309653997e-04,-1.430056436220183969e-04,-2.168962673749774694e-04,-8.233395055867731571e-05,-3.441975859459489584e-04,-8.008533623069524765e-04,-1.036333735100924969e-03,-8.070620242506265640e-04,-4.723725724034011364e-04,-9.091753745451569557e-04,-6.855481187812983990e-04,-2.248054515803232789e-04,3.566382220014929771e-04,2.719739568419754505e-04,8.269189856946468353e-04,6.393920630216598511e-04,5.291277775540947914e-04,9.003786253742873669e-04,1.111001241952180862e-03,6.696624332107603550e-04,4.225954180583357811e-04,3.753906639758497477e-04,3.555881266947835684e-04,3.277358773630112410e-04,-2.481764240656048059e-04,-7.218194659799337387e-04,-1.154921250417828560e-03,-6.422234000638127327e-04,-9.320757817476987839e-04,-1.292611472308635712e-03,-1.570778200402855873e-03,-1.726720249280333519e-03,-1.003977027721703053e-03,-7.760967127978801727e-04,-1.872135180747136474e-04,1.367268996546044946e-04,8.833003812469542027e-04,1.125358161516487598e-03,1.313473330810666084e-03,5.737814935855567455e-04,2.192218380514532328e-04,3.826817555818706751e-04,-3.288438892923295498e-04,-3.821049467660486698e-04,3.949083329644054174e-04,2.579933498054742813e-03
