0.000000000000000000e+00,0.000000000000000000e+00,0.000000000000000000e+00,0.000000000000000000e+00,0.000000000000000000e+00,0.000000000000000000e+00,0.000000000000000000e+00,0.000000000000000000e+00,0.000000000000000000e+00,0.000000000000000000e+00,0.000000000000000000e+00,0.000000000000000000e+00,0.000000000000000000e+00,0.000000000000000000e+00,0.000000000000000000e+00,0.000000000000000000e+00,0.000000000000000000e+00,0.000000000000000000e+00,0.000000000000000000e+00,0.000000000000000000e+00,0.000000000000000000e+00,0.000000000000000000e+00,0.000000000000000000e+00,0.000000000000000000e+00,0.000000000000000000e+00,0.000000000000000000e+00,0.000000000000000000e+00,0.000000000000000000e+00,0.000000000000000000e+00,0.000000000000000000e+00,0.000000000000000000e+00,0.000000000000000000e+00,0.000000000000000000e+00,0.000000000000000000e+00,0.000000000000000000e+00,0.000000000000000000e+00,0.000000000000000000e+00,0.000000000000000000e+00,0.000000000000000000e+00,0.000000000000000000e+00,0.000000000000000000e+00,0.000000000000000000e+00,0.000000000000000000e+00,0.000000000000000000e+00,0.000000000000000000e+00,0.000000000000000000e+00,0.000000000000000000e+00,0.000000000000000000e+00,0.000000000000000000e+00,0.000000000000000000e+00,0.000000000000000000e+00,0.000000000000000000e+00,0.000000000000000000e+00,0.000000000000000000e+00,0.000000000000000000e+00,0.000000000000000000e+00,0.000000000000000000e+00,0.000000000000000000e+00,0.000000000000000000e+00,0.000000000000000000e+00,0.000000000000000000e+00,0.000000000000000000e+00,0.000000000000000000e+00,0.000000000000000000e+00
0.000000000000000000e+00,3.133804537355899811e-03,6.110360845923423767e-03,8.784711360931396484e-03,1.103536132723093033e-02,1.277331914752721786e-02,1.394819095730781555e-02,1.455077901482582092e-02,1.461198087781667709e-02,1.419810485094785690e-02,1.340307202190160751e-02,1.233825180679559708e-02,1.112092100083827972e-02,9.862438775599002838e-03,8.657285943627357483e-03,7.574025075882673264e-03,6.649057380855083466e-03,5.883811041712760925e-03,5.245638079941272736e-03,4.672382958233356476e-03,4.080208484083414078e-03,3.373949788510799408e-03,2.459027571603655815e-03,1.253767753951251507e-03,-2.990775974467396736e-04,-2.222763374447822571e-03,-4.499941598623991013e-03,-7.069753948599100113e-03,-9.829047136008739471e-03,-1.263776328414678574e-02,-1.532816793769598007e-02,-1.771722175180912018e-02,-1.962110027670860291e-02,-2.087063528597354889e-02,-2.132634818553924561e-02,-2.089172974228858948e-02,-1.952356658875942230e-02,-1.723830960690975189e-02,-1.411382481455802917e-02,-1.028626039624214172e-02,-5.942131392657756805e-03,-1.306200399994850159e-03,3.373949788510799408e-03,7.845436222851276398e-03,1.186828222125768661e-02,1.523282099515199661e-02,1.777487248182296753e-02,1.938742585480213165e-02,2.002783864736557007e-02,1.971996948122978210e-02,1.855102367699146271e-02,1.666338928043842316e-02,1.424213033169507980e-02,1.149919349700212479e-02,8.655636571347713470e-03,5.923395510762929916e-03,3.488095477223396301e-03,1.494377618655562401e-03,3.495219789328984916e-05,-8.557001710869371891e-04,-1.202471321448683739e-03,-1.085537951439619064e-03,-6.314233760349452496e-04,-1.624708557904830983e-18
0.000000000000000000e+00,6.063130684196949005e-03,1.182736456394195557e-02,1.701705530285835266e-02,2.140093781054019928e-02,2.480921708047389984e-02,2.714507468044757843e-02,2.838956937193870544e-02,2.859951183199882507e-02,2.789857611060142517e-02,2.646252140402793884e-02,2.449996210634708405e-02,2.223055250942707062e-02,1.986265555024147034e-02,1.757270097732543945e-02,1.548820361495018005e-02,1.367610879242420197e-02,1.213765423744916916e-02,1.081028301268815994e-02,9.576480835676193237e-03,8.278781548142433167e-03,6.739511154592037201e-03,4.783432930707931519e-03,2.261087298393249512e-03,-9.294599876739084721e-04,-4.824661184102296829e-03,-9.383219294250011444e-03,-1.448091492056846619e-02,-1.991330832242965698e-02,-2.540640346705913544e-02,-3.063458576798439026e-02,-3.524452820420265198e-02,-3.888311982154846191e-02,-4.122705012559890747e-02,-4.201155528426170349e-02,-4.105570912361145020e-02,-3.828196600079536438e-02,-3.372809290885925293e-02,-2.755021117627620697e-02,-2.001642063260078430e-02,-1.149132382124662399e-02,-2.412465866655111313e-03,6.739511154592037201e-03,1.547468081116676331e-02,2.332889102399349213e-02,2.989724278450012207e-02,3.486320376396179199e-02,3.802098333835601807e-02,3.928925469517707825e-02,3.871510177850723267e-02,3.646780550479888916e-02,3.282301500439643860e-02,2.813855186104774475e-02,2.282393164932727814e-02,1.730611175298690796e-02,1.199436094611883163e-02,7.247170899063348770e-03,3.344023833051323891e-03,4.643412830773741007e-04,-1.324612414464354515e-03,-2.069904701784253120e-03,-1.925045973621308804e-03,-1.132768345996737480e-03,-2.924072712026989641e-18
0.000000000000000000e+00,8.599448017776012421e-03,1.678820699453353882e-02,2.418725192546844482e-02,3.047798946499824524e-02,3.542551025748252869e-02,3.889420628547668457e-02,4.085437208414077759e-02,4.137923941016197205e-02,4.063278064131736755e-02,3.884952515363693237e-02,3.630836680531501770e-02,3.330285847187042236e-02,3.011094406247138977e-02,2.696705423295497894e-02,2.403926663100719452e-02,2.141385897994041443e-02,1.908876933157444000e-02,1.697671785950660706e-02,1.491778530180454254e-02,1.270033512264490128e-02,1.008831709623336792e-02,6.852383725345134735e-03,2.801770810037851334e-03,-2.186197321861982346e-03,-8.142011240124702454e-03,-1.498787011951208115e-02,-2.253146469593048096e-02,-3.047068975865840912e-02,-3.840933367609977722e-02,-4.588278383016586304e-02,-5.239181965589523315e-02,-5.744181573390960693e-02,-6.058405712246894836e-02,-6.145561113953590393e-02,-5.981420725584030151e-02,-5.556492507457733154e-02,-4.877610504627227783e-02,-3.968278691172599792e-02,-2.867697551846504211e-02,-1.628519035875797272e-02,-3.134799189865589142e-03,1.008831709623336792e-02,2.268751710653305054e-02,3.400474414229393005e-02,4.346749559044837952e-02,5.062954127788543701e-02,5.520209297537803650e-02,5.707272514700889587e-02,5.631057173013687134e-02,5.315722152590751648e-02,4.800413176417350769e-02,4.135836288332939148e-02,3.379952907562255859e-02,2.593150548636913300e-02,1.833296194672584534e-02,1.151085458695888519e-02,5.860746372491121292e-03,1.637276844121515751e-03,-1.062784343957901001e-03,-2.303526271134614944e-03,-2.298753242939710617e-03,-1.387734431773424149e-03,-3.607124961058471498e-18
0.000000000000000000e+00,1.058476697653532028e-02,2.068859152495861053e-02,2.986707538366317749e-02,3.774555027484893799e-02,4.404586553573608398e-02,4.860429838299751282e-02,5.137906223535537720e-02,5.244670435786247253e-02,5.198788270354270935e-02,5.026395246386528015e-02,4.758667200803756714e-02,4.428401216864585876e-02,4.066545516252517700e-02,3.699016571044921875e-02,3.344126418232917786e-02,3.010873496532440186e-02,2.698283083736896515e-02,2.395866625010967255e-02,2.085178717970848083e-02,1.742326840758323669e-02,1.341204252094030380e-02,8.571342565119266510e-03,2.705702558159828186e-03,-4.295221064239740372e-03,-1.242952328175306320e-02,-2.156562358140945435e-02,-3.143669664859771729e-02,-4.164811968803405762e-02,-5.169785395264625549e-02,-6.100855395197868347e-02,-6.896901875734329224e-02,-7.498170435428619385e-02,-7.851236313581466675e-02,-7.913749665021896362e-02,-7.658545672893524170e-02,-7.076739519834518433e-02,-6.179498136043548584e-02,-4.998298361897468567e-02,-3.583599627017974854e-02,-2.001984789967536926e-02,-3.319719107821583748e-03,1.341204252094030380e-02,2.931432984769344330e-02,4.357733577489852905e-02,5.549944192171096802e-02,6.453628838062286377e-02,7.033809274435043335e-02,7.277196645736694336e-02,7.192750275135040283e-02,6.810509413480758667e-02,6.178782135248184204e-02,5.359935760498046875e-02,4.425126314163208008e-02,3.448407351970672607e-02,2.500706538558006287e-02,1.644172519445419312e-02,9.273597970604896545e-03,3.816506126895546913e-03,1.920905197039246559e-04,-1.673699240200221539e-03,-2.036959631368517876e-03,-1.306294812820851803e-03,-3.448454555573090314e-18
0.000000000000000000e+00,1.190362311899662018e-02,2.330570295453071594e-02,3.374191001057624817e-02,4.281890764832496643e-02,5.024150386452674866e-02,5.583077296614646912e-02,5.953141674399375916e-02,6.140786036849021912e-02,6.162945181131362915e-02,6.044643744826316833e-02,5.815899372100830078e-02,5.508255958557128906e-02,5.151285603642463684e-02,4.769419133663177490e-02,4.379425942897796631e-02,3.988808393478393555e-02,3.595286980271339417e-02,3.187444061040878296e-02,2.746487781405448914e-02,2.248974889516830444e-02,1.670242287218570709e-02,9.882127866148948669e-03,1.871978165581822395e-03,-7.386955898255109787e-03,-1.782919466495513916e-02,-2.924908697605133057e-02,-4.129791259765625000e-02,-5.349488183856010437e-02,-6.525184214115142822e-02,-7.591013610363006592e-02,-8.478707820177078247e-02,-9.122820943593978882e-02,-9.466119110584259033e-02,-9.464670717716217041e-02,-9.092170745134353638e-02,-8.343114703893661499e-02,-7.234501838684082031e-02,-5.805855244398117065e-02,-4.117519035935401917e-02,-2.247289754450321198e-02,-2.856239676475524902e-03,1.670242287218570709e-02,3.522811830043792725e-02,5.180975422263145447e-02,6.566267460584640503e-02,7.618222385644912720e-02,8.298401534557342529e-02,8.592749387025833130e-02,8.512101322412490845e-02,8.090772479772567749e-02,7.383361458778381348e-02,6.460011750459671021e-02,5.400530993938446045e-02,4.287839680910110474e-02,3.201298788189888000e-02,2.210459485650062561e-02,1.369753386825323105e-02,7.145573850721120834e-03,2.589547773823142052e-03,-4.632166019291616976e-05,-1.039172289893031120e-03,-8.347437833435833454e-04,-2.313281306946915177e-18
0.000000000000000000e+00,1.249146275222301483e-02,2.451428584754467010e-02,3.563320636749267578e-02,4.547657817602157593e-02,5.376056954264640808e-02,6.030512973666191101e-02,6.504021584987640381e-02,6.800180673599243164e-02,6.931817531585693359e-02,6.918799132108688354e-02,6.785237789154052734e-02,6.556402891874313354e-02,6.255643069744110107e-02,5.901657789945602417e-02,5.506404116749763489e-02,5.073871836066246033e-02,4.599883034825325012e-02,4.072954505681991577e-02,3.476172313094139099e-02,2.789908461272716522e-02,1.995127834379673004e-02,1.076957769691944122e-02,2.815636980812996626e-04,-1.147890184074640274e-02,-2.434984780848026276e-02,-3.803028911352157593e-02,-5.208211764693260193e-02,-6.594558805227279663e-02,-7.896783947944641113e-02,-9.044286608695983887e-02,-9.966000169515609741e-02,-1.059572473168373108e-01,-1.087750568985939026e-01,-1.077060773968696594e-01,-1.025363579392433167e-01,-9.327416867017745972e-02,-8.016352355480194092e-02,-6.368055194616317749e-02,-4.451236128807067871e-02,-2.351948618888854980e-02,-1.684235758148133755e-03,1.995127834379673004e-02,4.035289585590362549e-02,5.856277421116828918e-02,7.376300543546676636e-02,8.532953262329101562e-02,9.287195652723312378e-02,9.625609219074249268e-02,9.560734778642654419e-02,9.129466861486434937e-02,8.389621973037719727e-02,7.414962351322174072e-02,6.289074569940567017e-02,5.098598822951316833e-02,3.926356509327888489e-02,2.844944782555103302e-02,1.911307871341705322e-02,1.162733137607574463e-02,6.145876832306385040e-03,2.599747851490974426e-03,7.132346509024500847e-04,3.764959910768084228e-05,-1.740664597328892647e-19
0.000000000000000000e+00,1.233870163559913635e-02,2.429445460438728333e-02,3.550944104790687561e-02,4.567362740635871887e-02,5.454274639487266541e-02,6.194983422756195068e-02,6.780927628278732300e-02,7.211302965879440308e-02,7.491952180862426758e-02,7.633654028177261353e-02,7.649996131658554077e-02,7.555077224969863892e-02,7.361289113759994507e-02,7.077448070049285889e-02,6.707488000392913818e-02,6.249895319342613220e-02,5.697979778051376343e-02,5.040995776653289795e-02,4.266033321619033813e-02,3.360512480139732361e-02,2.315053157508373260e-02,1.126418355852365494e-02,-1.997739309445023537e-03,-1.646887697279453278e-02,-3.185932710766792297e-02,-4.775268211960792542e-02,-6.361480057239532471e-02,-7.881458103656768799e-02,-9.265592694282531738e-02,-1.044190153479576111e-01,-1.134080439805984497e-01,-1.190018653869628906e-01,-1.207034364342689514e-01,-1.181840077042579651e-01,-1.113180443644523621e-01,-1.002055704593658447e-01,-8.517950028181076050e-02,-6.679666787385940552e-02,-4.581239819526672363e-02,-2.314013801515102386e-02,2.014998608501628041e-04,2.315053157508373260e-02,4.466781020164489746e-02,6.380273401737213135e-02,7.975348085165023804e-02,9.191713482141494751e-02,9.992577135562896729e-02,1.036656498908996582e-01,1.032779514789581299e-01,9.914097934961318970e-02,9.183519333600997925e-02,8.209378272294998169e-02,7.074271887540817261e-02,5.863509327173233032e-02,4.658494144678115845e-02,3.530580922961235046e-02,2.535906434059143066e-02,1.711592264473438263e-02,1.073628850281238556e-02,6.165921688079833984e-03,3.152056830003857613e-03,1.276018680073320866e-03,2.882928127973142630e-18
0.000000000000000000e+00,1.149016618728637695e-02,2.273066155612468719e-02,3.348476439714431763e-02,4.354021325707435608e-02,5.271800607442855835e-02,6.087750941514968872e-02,6.791740655899047852e-02,7.377231866121292114e-02,7.840575277805328369e-02,8.180011063814163208e-02,8.394529670476913452e-02,8.482728898525238037e-02,8.441851288080215454e-02,8.267135173082351685e-02,7.951623201370239258e-02,7.486497610807418823e-02,6.861966848373413086e-02,6.068676710128784180e-02,5.099534988403320312e-02,3.951798751950263977e-02,2.629222907125949860e-02,1.144041866064071655e-02,-4.814543295651674271e-03,-2.213963121175765991e-02,-4.009016603231430054e-02,-5.811752751469612122e-02,-7.558659464120864868e-02,-9.180254489183425903e-02,-1.060458198189735413e-01,-1.176131665706634521e-01,-1.258620768785476685e-01,-1.302554458379745483e-01,-1.304028928279876709e-01,-1.260954737663269043e-01,-1.173306331038475037e-01,-1.043248325586318970e-01,-8.751239627599716187e-02,-6.752980500459671021e-02,-4.518590867519378662e-02,-2.141969464719295502e-02,2.751833526417613029e-03,2.629222907125949860e-02,4.820657148957252502e-02,6.760050356388092041e-02,8.373304456472396851e-02,9.605930745601654053e-02,1.042598411440849304e-01,1.082544699311256409e-01,1.081994324922561646e-01,1.044681668281555176e-01,9.761700779199600220e-02,8.833865821361541748e-02,7.740674912929534912e-02,6.561603397130966187e-02,5.372266843914985657e-02,4.238931834697723389e-02,3.213927149772644043e-02,2.332313358783721924e-02,1.610057428479194641e-02,1.043848786503076553e-02,6.125510204583406448e-03,2.801580820232629776e-03,6.661817350023403463e-18
0.000000000000000000e+00,1.003997214138507843e-02,2.000193297863006592e-02,2.980554290115833282e-02,3.936568275094032288e-02,4.858974367380142212e-02,5.737476795911788940e-02,6.560445576906204224e-02,7.314646244049072266e-02,7.985033839941024780e-02,8.554661273956298828e-02,9.004767239093780518e-02,9.315082430839538574e-02,9.464416652917861938e-02,9.431527554988861084e-02,9.196289628744125366e-02,8.741120249032974243e-02,8.052597939968109131e-02,7.123186439275741577e-02,5.952931940555572510e-02,4.550992324948310852e-02,2.936856076121330261e-02,1.141088549047708511e-02,-7.945111021399497986e-03,-2.817451022565364838e-02,-4.865837469696998596e-02,-6.870421022176742554e-02,-8.757346868515014648e-02,-1.045148670673370361e-01,-1.188019886612892151e-01,-1.297728270292282104e-01,-1.368689388036727905e-01,-1.396714746952056885e-01,-1.379314064979553223e-01,-1.315917074680328369e-01,-1.207992881536483765e-01,-1.059056520462036133e-01,-8.745526522397994995e-02,-6.616218388080596924e-02,-4.287578165531158447e-02,-1.853757537901401520e-02,5.868417210876941681e-03,2.936856076121330261e-02,5.105239152908325195e-02,7.012178003787994385e-02,8.593314141035079956e-02,9.802978485822677612e-02,1.061622574925422668e-01,1.102950870990753174e-01,1.105996966361999512e-01,1.074338853359222412e-01,1.013094186782836914e-01,9.285020828247070312e-02,8.274407684803009033e-02,7.169174402952194214e-02,6.035673990845680237e-02,4.932002723217010498e-02,3.904258087277412415e-02,2.983869053423404694e-02,2.186187170445919037e-02,1.510427054017782211e-02,9.409468621015548706e-03,4.497503861784934998e-03,1.087170592831712229e-17
0.000000000000000000e+00,8.122340776026248932e-03,1.636432483792304993e-02,2.482601627707481384e-02,3.356963768601417542e-02,4.260392487049102783e-02,5.187215656042098999e-02,6.124485656619071960e-02,7.051774114370346069e-02,7.941534370183944702e-02,8.760031312704086304e-02,9.468810260295867920e-02,1.002663597464561462e-01,1.039181351661682129e-01,1.052476316690444946e-01,1.039070188999176025e-01,9.962284564971923828e-02,9.222022444009780884e-02,8.164338767528533936e-02,6.797099113464355469e-02,5.142493546009063721e-02,3.237187862396240234e-02,1.131676696240901947e-02,-1.111162919551134109e-02,-3.418286144733428955e-02,-5.709373950958251953e-02,-7.900281995534896851e-02,-9.906871616840362549e-02,-1.164902672171592712e-01,-1.305464059114456177e-01,-1.406334191560745239e-01,-1.462974548339843750e-01,-1.472601443529129028e-01,-1.434359699487686157e-01,-1.349397748708724976e-01,-1.220840886235237122e-01,-1.053659543395042419e-01,-8.544395118951797485e-02,-6.310643255710601807e-02,-3.923285752534866333e-02,-1.475021895021200180e-02,9.412888437509536743e-03,3.237187862396240234e-02,5.332881212234497070e-02,7.160957902669906616e-02,8.669338375329971313e-02,9.823291003704071045e-02,1.060639694333076477e-01,1.102042645215988159e-01,1.108414530754089355e-01,1.083114966750144958e-01,1.030688956379890442e-01,9.565079212188720703e-02,8.663762360811233521e-02,7.661280781030654907e-02,6.612437963485717773e-02,5.565103888511657715e-02,4.557491466403007507e-02,3.616279736161231995e-02,2.755695022642612457e-02,1.977602019906044006e-02,1.272573601454496384e-02,6.218461785465478897e-03,1.515050444190079620e-17
0.000000000000000000e+00,5.899155978113412857e-03,1.212715916335582733e-02,1.897531189024448395e-02,2.666269056499004364e-02,3.530696779489517212e-02,4.490302503108978271e-02,5.531105771660804749e-02,6.625521928071975708e-02,7.733307778835296631e-02,8.803548663854598999e-02,9.777552634477615356e-02,1.059248298406600952e-01,1.118547096848487854e-01,1.149795129895210266e-01,1.147991418838500977e-01,1.109379008412361145e-01,1.031770557165145874e-01,9.147863835096359253e-02,7.599905878305435181e-02,5.709116905927658081e-02,3.529471158981323242e-02,1.131543796509504318e-02,-1.400590501725673676e-02,-3.973293304443359375e-02,-6.487902253866195679e-02,-8.845611661672592163e-02,-1.095239818096160889e-01,-1.272372454404830933e-01,-1.408872306346893311e-01,-1.499366164207458496e-01,-1.540446430444717407e-01,-1.530819535255432129e-01,-1.471340805292129517e-01,-1.364938616752624512e-01,-1.216434165835380554e-01,-1.032267436385154724e-01,-8.201498538255691528e-02,-5.886633694171905518e-02,-3.468293696641921997e-02,-1.036731619387865067e-02,1.321931648999452591e-02,3.529471158981323242e-02,5.518728867173194885e-02,7.236047089099884033e-02,8.642864227294921875e-02,9.716436266899108887e-02,1.044967770576477051e-01,1.085018962621688843e-01,1.093856915831565857e-01,1.074613481760025024e-01,1.031222939491271973e-01,9.681283682584762573e-02,8.899817615747451782e-02,8.013561367988586426e-02,7.064858078956604004e-02,6.090487912297248840e-02,5.120026692748069763e-02,4.174809157848358154e-02,3.267537802457809448e-02,2.402530796825885773e-02,1.576574891805648804e-02,7.803034968674182892e-03,1.909584163514596806e-17
0.000000000000000000e+00,3.545399056747555733e-03,7.625150028616189957e-03,1.271874550729990005e-02,1.920027844607830048e-02,2.729622274637222290e-02,3.705489635467529297e-02,4.833009466528892517e-02,6.078027561306953430e-02,7.388359308242797852e-02,8.696775883436203003e-02,9.925269335508346558e-02,1.099029406905174255e-01,1.180860474705696106e-01,1.230327561497688293e-01,1.240946054458618164e-01,1.207948327064514160e-01,1.128688827157020569e-01,1.002916172146797180e-01,8.328923583030700684e-02,6.233512610197067261e-02,3.812979906797409058e-02,1.156631764024496078e-02,-1.631641015410423279e-02,-4.438937455415725708e-02,-7.149452716112136841e-02,-9.650716930627822876e-02,-1.183957234025001526e-01,-1.362750977277755737e-01,-1.494506448507308960e-01,-1.574500203132629395e-01,-1.600417047739028931e-01,-1.572391688823699951e-01,-1.492914259433746338e-01,-1.366609185934066772e-01,-1.199906766414642334e-01,-1.000635325908660889e-01,-7.775611430406570435e-02,-5.399071797728538513e-02,-2.968810126185417175e-02,-5.723945796489715576e-03,1.710878498852252960e-02,3.812979906797409058e-02,5.679265782237052917e-02,7.269676774740219116e-02,8.559034019708633423e-02,9.536507725715637207e-02,1.020437777042388916e-01,1.057624220848083496e-01,1.067483350634574890e-01,1.052963286638259888e-01,1.017443537712097168e-01,9.645015746355056763e-02,8.977029472589492798e-02,8.204218000173568726e-02,7.356999069452285767e-02,6.461451947689056396e-02,5.538708344101905823e-02,4.604727774858474731e-02,3.670408576726913452e-02,2.742001786828041077e-02,1.821761392056941986e-02,9.087867103517055511e-03,2.230036579795599896e-17
0.000000000000000000e+00,1.233717659488320351e-03,3.188907168805599213e-03,6.516795139759778976e-03,1.173372752964496613e-02,1.916731894016265869e-02,2.891772054135799408e-02,4.083715751767158508e-02,5.452949181199073792e-02,6.936999410390853882e-02,8.454392850399017334e-02,9.910117089748382568e-02,1.120227500796318054e-01,1.222944557666778564e-01,1.289818435907363892e-01,1.313013136386871338e-01,1.286816596984863281e-01,1.208119317889213562e-01,1.076717600226402283e-01,8.954220265150070190e-02,6.699630618095397949e-02,4.087008908390998840e-02,1.221624482423067093e-02,-1.775621995329856873e-02,-4.775197431445121765e-02,-7.646410912275314331e-02,-1.026485040783882141e-01,-1.251928657293319702e-01,-1.431758850812911987e-01,-1.559131294488906860e-01,-1.629869192838668823e-01,-1.642589271068572998e-01,-1.598655581474304199e-01,-1.501971930265426636e-01,-1.358634829521179199e-01,-1.176477968692779541e-01,-9.645462036132812500e-02,-7.325363904237747192e-02,-4.902446642518043518e-02,-2.470569498836994171e-02,-1.151068136096000671e-03,2.090482972562313080e-02,4.087008908390998840e-02,5.830771848559379578e-02,7.293705642223358154e-02,8.462548255920410156e-02,9.337229281663894653e-02,9.928678721189498901e-02,1.025630757212638855e-01,1.034537628293037415e-01,1.022448018193244934e-01,9.923303127288818359e-02,9.470780938863754272e-02,8.893729001283645630e-02,8.215971291065216064e-02,7.457914203405380249e-02,6.636524200439453125e-02,5.765595659613609314e-02,4.856219142675399780e-02,3.917336836457252502e-02,2.956307306885719299e-02,1.979405805468559265e-02,9.922303259372711182e-03,2.438823418412761995e-17
0.000000000000000000e+00,-8.804921526461839676e-04,-8.836236665956676006e-04,7.853857823647558689e-04,4.762778524309396744e-03,1.146302558481693268e-02,2.103341557085514069e-02,3.333015739917755127e-02,4.791802912950515747e-02,6.409367918968200684e-02,8.093096315860748291e-02,9.734486788511276245e-02,1.121691763401031494e-01,1.242420524358749390e-01,1.324929296970367432e-01,1.360242813825607300e-01,1.341820508241653442e-01,1.266094893217086792e-01,1.132804974913597107e-01,9.451004862785339355e-02,7.094103842973709106e-02,4.350876808166503906e-02,1.338567957282066345e-02,-1.808936707675457001e-02,-4.949212819337844849e-02,-7.939844578504562378e-02,-1.064681187272071838e-01,-1.295214444398880005e-01,-1.476033627986907959e-01,-1.600312441587448120e-01,-1.664237231016159058e-01,-1.667093783617019653e-01,-1.611155569553375244e-01,-1.501393020153045654e-01,-1.345031559467315674e-01,-1.150998920202255249e-01,-9.293067455291748047e-02,-6.904129683971405029e-02,-4.446110501885414124e-02,-2.014860883355140686e-02,3.053030930459499359e-03,2.444836311042308807e-02,4.350876808166503906e-02,5.987835675477981567e-02,7.336764782667160034e-02,8.393697440624237061e-02,9.167214483022689819e-02,9.675522148609161377e-02,9.943350404500961304e-02,9.998945891857147217e-02,9.871396422386169434e-02,9.588475525379180908e-02,9.175104647874832153e-02,8.652478456497192383e-02,8.037810027599334717e-02,7.344611734151840210e-02,6.583362817764282227e-02,5.762418359518051147e-02,4.888984933495521545e-02,3.970011696219444275e-02,3.012890554964542389e-02,2.025877498090267181e-02,1.018219068646430969e-02,2.504955184897396473e-17
0.000000000000000000e+00,-2.672207308933138847e-03,-4.352278541773557663e-03,-4.139094147831201553e-03,-1.306282589212059975e-03,4.628042224794626236e-03,1.385114435106515884e-02,2.622918784618377686e-02,4.130659997463226318e-02,5.833147093653678894e-02,7.630504667758941650e-02,9.405168145895004272e-02,1.103037297725677490e-01,1.237951144576072693e-01,1.333562284708023071e-01,1.380031108856201172e-01,1.370141506195068359e-01,1.299885213375091553e-01,1.168821305036544800e-01,9.801856428384780884e-02,7.407424598932266235e-02,4.603927955031394958e-02,1.515699364244937897e-02,-1.715319044888019562e-02,-4.938377439975738525e-02,-8.003164082765579224e-02,-1.076883599162101746e-01,-1.311220675706863403e-01,-1.493455022573471069e-01,-1.616658419370651245e-01,-1.677137762308120728e-01,-1.674504876136779785e-01,-1.611532568931579590e-01,-1.493815928697586060e-01,-1.329275965690612793e-01,-1.127547249197959900e-01,-8.993002027273178101e-02,-6.555511802434921265e-02,-4.070093482732772827e-02,-1.635031215846538544e-02,6.647860631346702576e-03,2.761080674827098846e-02,4.603927955031394958e-02,6.162043288350105286e-02,7.421751320362091064e-02,8.384867012500762939e-02,9.065781533718109131e-02,9.488090872764587402e-02,9.681105613708496094e-02,9.676545858383178711e-02,9.505687654018402100e-02,9.197154641151428223e-02,8.775443583726882935e-02,8.260229229927062988e-02,7.666365802288055420e-02,7.004483789205551147e-02,6.281995773315429688e-02,5.504319444298744202e-02,4.676128178834915161e-02,3.802441805601119995e-02,2.889436669647693634e-02,1.944877207279205322e-02,9.781605564057826996e-03,2.406960586653341880e-17
0.000000000000000000e+00,-4.056961275637149811e-03,-7.054192479699850082e-03,-8.027013391256332397e-03,-6.193288601934909821e-03,-1.026409678161144257e-03,7.692053448408842087e-03,1.984425261616706848e-02,3.497479856014251709e-02,5.231654271483421326e-02,7.084146887063980103e-02,8.933282643556594849e-02,1.064730361104011536e-01,1.209406554698944092e-01,1.315089464187622070e-01,1.371387690305709839e-01,1.370586752891540527e-01,1.308262646198272705e-01,1.183664053678512573e-01,9.998366236686706543e-02,7.634799182415008545e-02,4.845532774925231934e-02,1.756592094898223877e-02,-1.487463247030973434e-02,-4.732586815953254700e-02,-7.824774831533432007e-02,-1.061939299106597900e-01,-1.298966407775878906e-01,-1.483373045921325684e-01,-1.607987582683563232e-01,-1.668958514928817749e-01,-1.665834635496139526e-01,-1.601423323154449463e-01,-1.481447964906692505e-01,-1.314038783311843872e-01,-1.109104827046394348e-01,-8.776339888572692871e-02,-6.309799849987030029e-02,-3.801838681101799011e-02,-1.353763695806264877e-02,9.470242075622081757e-03,3.030428849160671234e-02,4.845532774925231934e-02,6.360962986946105957e-02,7.563878595829010010e-02,8.457817137241363525e-02,9.059689939022064209e-02,9.396275132894515991e-02,9.500553458929061890e-02,9.408212453126907349e-02,9.154578298330307007e-02,8.772198110818862915e-02,8.289169520139694214e-02,7.728259265422821045e-02,7.106760144233703613e-02,6.436967104673385620e-02,5.727107450366020203e-02,4.982529208064079285e-02,4.206952080130577087e-02,3.403607010841369629e-02,2.576122060418128967e-02,1.729068160057067871e-02,8.681406266987323761e-03,2.135021651554083820e-17
0.000000000000000000e+00,-4.997226875275373459e-03,-8.916058577597141266e-03,-1.077266037464141846e-02,-9.764901362359523773e-03,-5.345229525119066238e-03,2.726433565840125084e-03,1.435397844761610031e-02,2.910285070538520813e-02,4.622451961040496826e-02,6.470584124326705933e-02,8.333964645862579346e-02,1.008111089468002319e-01,1.157935336232185364e-01,1.270462274551391602e-01,1.335071176290512085e-01,1.343734264373779297e-01,1.291642040014266968e-01,1.177604943513870239e-01,1.004200726747512817e-01,7.776614278554916382e-02,5.075091123580932617e-02,2.059696614742279053e-02,-1.127898134291172028e-02,-4.335439205169677734e-02,-7.409477233886718750e-02,-1.020464450120925903e-01,-1.259218752384185791e-01,-1.446718275547027588e-01,-1.575399339199066162e-01,-1.640964597463607788e-01,-1.642500460147857666e-01,-1.582373529672622681e-01,-1.465926468372344971e-01,-1.301002800464630127e-01,-1.097344905138015747e-01,-8.659117668867111206e-02,-6.181708723306655884e-02,-3.654131293296813965e-02,-1.181361917406320572e-02,1.144656911492347717e-02,3.248802572488784790e-02,5.075091123580932617e-02,6.587508320808410645e-02,7.769452035427093506e-02,8.621972054243087769e-02,9.161074459552764893e-02,9.414406120777130127e-02,9.417641162872314453e-02,9.210888296365737915e-02,8.835389465093612671e-02,8.330729603767395020e-02,7.732695341110229492e-02,7.071852684020996094e-02,6.372832506895065308e-02,5.654248967766761780e-02,4.929131641983985901e-02,4.205713421106338501e-02,3.488412871956825256e-02,2.778856083750724792e-02,2.076811343431472778e-02,1.380949188023805618e-02,6.893834564834833145e-03,1.692124170738693701e-17
0.000000000000000000e+00,-5.504475440829992294e-03,-9.958122856914997101e-03,-1.239994540810585022e-02,-1.204169355332851410e-02,-8.337506093084812164e-03,-1.034891116432845592e-03,9.796882979571819305e-03,2.376320399343967438e-02,4.016569256782531738e-02,5.804735422134399414e-02,7.625796645879745483e-02,9.353489428758621216e-02,1.085932850837707520e-01,1.202190294861793518e-01,1.273576915264129639e-01,1.291927993297576904e-01,1.252081543207168579e-01,1.152292639017105103e-01,9.944168478250503540e-02,7.838453352451324463e-02,5.292031913995742798e-02,2.418321929872035980e-02,-6.490156985819339752e-03,-3.764259070158004761e-02,-6.778470426797866821e-02,-9.548397362232208252e-02,-1.194482073187828064e-01,-1.385980695486068726e-01,-1.521241664886474609e-01,-1.595254540443420410e-01,-1.606269776821136475e-01,-1.555769741535186768e-01,-1.448241770267486572e-01,-1.290778964757919312e-01,-1.092545464634895325e-01,-8.641474694013595581e-02,-6.169574335217475891e-02,-3.624393418431282043e-02,-1.115181203931570053e-02,1.259680371731519699e-02,3.417040407657623291e-02,5.292031913995742798e-02,6.839735060930252075e-02,8.035472780466079712e-02,8.873848617076873779e-02,9.366737306118011475e-02,9.540457278490066528e-02,9.432422369718551636e-02,9.087551385164260864e-02,8.554700762033462524e-02,7.883361726999282837e-02,7.120797038078308105e-02,6.309735029935836792e-02,5.486696586012840271e-02,4.680948331952095032e-02,3.914040327072143555e-02,3.199856728315353394e-02,2.545072697103023529e-02,1.949908025562763214e-02,1.409083325415849686e-02,9.128836914896965027e-03,4.482707474380731583e-03,1.094106254113785600e-17
0.000000000000000000e+00,-5.636773537844419479e-03,-1.028965692967176437e-02,-1.305626425892114639e-02,-1.319114211946725845e-02,-1.016949303448200226e-02,-3.734436584636569023e-03,6.075734272599220276e-03,1.892237551510334015e-02,3.418384119868278503e-02,5.099412798881530762e-02,6.830012053251266479e-02,8.493324369192123413e-02,9.969048202037811279e-02,1.114189177751541138e-01,1.190977916121482849e-01,1.219123303890228271e-01,1.193140894174575806e-01,1.110637336969375610e-01,9.725334495306015015e-02,7.830674201250076294e-02,5.495815724134445190e-02,2.821066044270992279e-02,-7.224643486551940441e-04,-3.048937767744064331e-02,-5.967940017580986023e-02,-8.690544962882995605e-02,-1.108837351202964783e-01,-1.305056810379028320e-01,-1.448976397514343262e-01,-1.534649431705474854e-01,-1.559179872274398804e-01,-1.522793918848037720e-01,-1.428724825382232666e-01,-1.282924860715866089e-01,-1.093632802367210388e-01,-8.708268404006958008e-02,-6.256057322025299072e-02,-3.695385158061981201e-02,-1.140241604298353195e-02,1.302994694560766220e-02,3.540655970573425293e-02,5.495815724134445190e-02,7.111084461212158203e-02,8.350092917680740356e-02,9.197677671909332275e-02,9.658853709697723389e-02,9.756745398044586182e-02,9.529674053192138672e-02,9.027651697397232056e-02,8.308532834053039551e-02,7.434077560901641846e-02,6.466153264045715332e-02,5.463271960616111755e-02,4.477630183100700378e-02,3.552752733230590820e-02,2.721813321113586426e-02,2.006661333143711090e-02,1.417538151144981384e-02,9.534407407045364380e-03,6.030695978552103043e-03,3.462754189968109131e-03,1.559125725179910660e-03,3.685929217245479615e-18
0.000000000000000000e+00,-5.492177326232194901e-03,-1.009639073163270950e-02,-1.299522351473569870e-02,-1.350733824074268341e-02,-1.114333979785442352e-02,-5.647975020110607147e-03,2.974350703880190849e-03,1.445260923355817795e-02,2.826130203902721405e-02,4.365097731351852417e-02,5.969506129622459412e-02,7.534988224506378174e-02,8.952377736568450928e-02,1.011506319046020508e-01,1.092628687620162964e-01,1.130589917302131653e-01,1.119610816240310669e-01,1.056584790349006653e-01,9.413465857505798340e-02,7.767564803361892700e-02,5.685936287045478821e-02,3.252658247947692871e-02,5.735578481107950211e-03,-2.229675650596618652e-02,-5.026341602206230164e-02,-7.684109359979629517e-02,-1.007646545767784119e-01,-1.208976805210113525e-01,-1.362948268651962280e-01,-1.462523490190505981e-01,-1.503439545631408691e-01,-1.484400779008865356e-01,-1.407098770141601562e-01,-1.276062428951263428e-01,-1.098349988460540771e-01,-8.831084519624710083e-02,-6.410273164510726929e-02,-3.837235644459724426e-02,-1.230957359075546265e-02,1.293147727847099304e-02,3.629180788993835449e-02,5.685936287045478821e-02,7.391042262315750122e-02,8.693876117467880249e-02,9.567129611968994141e-02,1.000700220465660095e-01,1.003206223249435425e-01,9.680905193090438843e-02,9.008794277906417847e-02,8.083519339561462402e-02,6.980741769075393677e-02,5.779118463397026062e-02,4.555485397577285767e-02,3.380377218127250671e-02,2.314119413495063782e-02,1.403703354299068451e-02,6.805838551372289658e-03,1.595027977600693703e-03,-1.616276218555867672e-03,-3.008040366694331169e-03,-2.900491934269666672e-03,-1.726949354633688927e-03,-4.471023293822115518e-18
0.000000000000000000e+00,-5.198562052100896835e-03,-9.621133096516132355e-03,-1.254986599087715149e-02,-1.337937731295824051e-02,-1.166366878896951675e-02,-7.152521517127752304e-03,1.850637636380270123e-04,1.015202980488538742e-02,2.232971042394638062e-02,3.609931096434593201e-02,5.067716911435127258e-02,6.516171246767044067e-02,7.858920842409133911e-02,8.999489247798919678e-02,9.847563505172729492e-02,1.032501980662345886e-01,1.037132963538169861e-01,9.947997331619262695e-02,9.041733294725418091e-02,7.666160911321640015e-02,5.861920490860939026e-02,3.695146739482879639e-02,1.254396792501211166e-02,-1.353813428431749344e-02,-4.010603576898574829e-02,-6.591132283210754395e-02,-8.971440047025680542e-02,-1.103531345725059509e-01,-1.268078535795211792e-01,-1.382586658000946045e-01,-1.441317200660705566e-01,-1.441317200660705566e-01,-1.382586658000946045e-01,-1.268078535795211792e-01,-1.103531345725059509e-01,-8.971440047025680542e-02,-6.591132283210754395e-02,-4.010603576898574829e-02,-1.353813428431749344e-02,1.254396792501211166e-02,3.695146739482879639e-02,5.861920490860939026e-02,7.666160911321640015e-02,9.041733294725418091e-02,9.947997331619262695e-02,1.037132963538169861e-01,1.032501980662345886e-01,9.847563505172729492e-02,8.999489247798919678e-02,7.858920842409133911e-02,6.516171246767044067e-02,5.067716911435127258e-02,3.609931096434593201e-02,2.232971042394638062e-02,1.015202980488538742e-02,1.850637636380270123e-04,-7.152521517127752304e-03,-1.166366878896951675e-02,-1.337937731295824051e-02,-1.254986599087715149e-02,-9.621133096516132355e-03,-5.198562052100896835e-03,-1.308932751973503631e-17
0.000000000000000000e+00,-4.900825209915637970e-03,-9.139364585280418396e-03,-1.209893263876438141e-02,-1.325142383575439453e-02,-1.219517085701227188e-02,-8.685461245477199554e-03,-2.655831165611743927e-03,5.771232303231954575e-03,1.628502272069454193e-02,2.839899808168411255e-02,4.147438704967498779e-02,5.475395545363426208e-02,6.740427762269973755e-02,7.856427133083343506e-02,8.739740401506423950e-02,9.314452856779098511e-02,9.517438709735870361e-02,9.302851557731628418e-02,8.645780384540557861e-02,7.544817775487899780e-02,6.023330986499786377e-02,4.129328951239585876e-02,1.933857984840869904e-02,-4.720230121165513992e-03,-2.981567196547985077e-02,-5.477751791477203369e-02,-7.839491963386535645e-02,-9.948308020830154419e-02,-1.169506460428237915e-01,-1.298636645078659058e-01,-1.375022530555725098e-01,-1.394061297178268433e-01,-1.354061365127563477e-01,-1.256392300128936768e-01,-1.105457618832588196e-01,-9.084873646497726440e-02,-6.751588732004165649e-02,-4.170673340559005737e-02,-1.470741257071495056e-02,1.214268058538436890e-02,3.752806037664413452e-02,6.023330986499786377e-02,7.921340316534042358e-02,9.365370869636535645e-02,1.030156984925270081e-01,1.070654466748237610e-01,1.058828979730606079e-01,9.985121339559555054e-02,8.962695300579071045e-02,7.609286159276962280e-02,6.029642373323440552e-02,4.337826371192932129e-02,2.649511955678462982e-02,1.074255444109439850e-02,-2.917353063821792603e-03,-1.371851470321416855e-02,-2.113927528262138367e-02,-2.493353933095932007e-02,-2.514248527586460114e-02,-2.208611555397510529e-02,-1.633526384830474854e-02,-8.666053414344787598e-03,-2.169678699422708062e-17
0.000000000000000000e+00,-4.746645223349332809e-03,-8.932062424719333649e-03,-1.202924735844135284e-02,-1.357811503112316132e-02,-1.321515999734401703e-02,-1.069864910095930099e-02,-5.928016733378171921e-03,1.043700263835489750e-03,1.000535115599632263e-02,2.059173770248889923e-02,3.229658305644989014e-02,4.449426382780075073e-02,5.646979436278343201e-02,6.745589524507522583e-02,7.667566090822219849e-02,8.338867872953414917e-02,8.693828433752059937e-02,8.679702132940292358e-02,8.260764181613922119e-02,7.421661913394927979e-02,6.169766932725906372e-02,4.536299407482147217e-02,2.576080523431301117e-02,3.658162662759423256e-03,-1.999060250818729401e-02,-4.408891126513481140e-02,-6.745431572198867798e-02,-8.888327330350875854e-02,-1.072207093238830566e-01,-1.214300021529197693e-01,-1.306590139865875244e-01,-1.342976093292236328e-01,-1.320224702358245850e-01,-1.238258555531501770e-01,-1.100256741046905518e-01,-9.125535935163497925e-02,-6.843378394842147827e-02,-4.271615296602249146e-02,-1.542879827320575714e-02,1.200839318335056305e-02,3.816709667444229126e-02,6.169766932725906372e-02,8.141252398490905762e-02,9.636005014181137085e-02,1.058839783072471619e-01,1.096638292074203491e-01,1.077335551381111145e-01,1.004767045378684998e-01,8.859829604625701904e-02,7.307494431734085083e-02,5.508672818541526794e-02,3.593517094850540161e-02,1.695314981043338776e-02,-5.871131434105336666e-04,-1.556145120412111282e-02,-2.707041427493095398e-02,-3.449970111250877380e-02,-3.756003454327583313e-02,-3.630366548895835876e-02,-3.111620806157588959e-02,-2.268447354435920715e-02,-1.194254402071237564e-02,-2.982807002293562393e-17
0.000000000000000000e+00,-4.872096236795186996e-03,-9.258236736059188843e-03,-1.269767433404922485e-02,-1.477942150086164474e-02,-1.516545005142688751e-02,-1.361173205077648163e-02,-9.986234828829765320e-03,-4.282855894416570663e-03,3.369737183675169945e-03,1.270540244877338409e-02,2.332486025989055634e-02,3.470774367451667786e-02,4.623265191912651062e-02,5.720507726073265076e-02,6.689244508743286133e-02,7.456497848033905029e-02,7.954042404890060425e-02,8.123022317886352539e-02,7.918418943881988525e-02,7.313062250614166260e-02,6.300863623619079590e-02,4.898985475301742554e-02,3.148689493536949158e-02,1.114697195589542389e-02,-1.117022614926099777e-02,-3.443016111850738525e-02,-5.747516080737113953e-02,-7.908774167299270630e-02,-9.806192666292190552e-02,-1.132782250642776489e-01,-1.237773224711418152e-01,-1.288273185491561890e-01,-1.279795020818710327e-01,-1.211082041263580322e-01,-1.084312647581100464e-01,-9.050862491130828857e-02,-6.821839511394500732e-02,-4.271100088953971863e-02,-1.534380670636892319e-02,1.239993516355752945e-02,3.900267183780670166e-02,6.300863623619079590e-02,8.311779797077178955e-02,9.827115386724472046e-02,1.077210009098052979e-01,1.110811978578567505e-01,1.083532124757766724e-01,9.992590546607971191e-02,8.654859662055969238e-02,6.927892565727233887e-02,4.940901696681976318e-02,2.837485633790493011e-02,7.655406370759010315e-03,-1.133153587579727173e-02,-2.732913382351398468e-02,-3.932975232601165771e-02,-4.664519429206848145e-02,-4.895368218421936035e-02,-4.632019624114036560e-02,-3.918845206499099731e-02,-2.834519743919372559e-02,-1.485927868634462357e-02,-3.706291591512452476e-17
0.000000000000000000e+00,-5.388411693274974823e-03,-1.032966002821922302e-02,-1.439609844237565994e-02,-1.719904318451881409e-02,-1.840795390307903290e-02,-1.776898838579654694e-02,-1.512230094522237778e-02,-1.041718013584613800e-02,-3.723930800333619118e-03,4.758814815431833267e-03,1.470264513045549393e-02,2.565497718751430511e-02,3.705261647701263428e-02,4.824370890855789185e-02,5.851795524358749390e-02,6.714420765638351440e-02,7.341387867927551270e-02,7.668787240982055664e-02,7.644411176443099976e-02,7.232239842414855957e-02,6.416295468807220459e-02,5.203532055020332336e-02,3.625446185469627380e-02,1.738167181611061096e-02,-3.791141090914607048e-03,-2.627412043511867523e-02,-4.892814904451370239e-02,-7.052727043628692627e-02,-8.983140438795089722e-02,-1.056648716330528259e-01,-1.169953942298889160e-01,-1.230080872774124146e-01,-1.231686770915985107e-01,-1.172710433602333069e-01,-1.054646074771881104e-01,-8.825884759426116943e-02,-6.650348007678985596e-02,-4.134460166096687317e-02,-1.415910199284553528e-02,1.352891325950622559e-02,4.014426097273826599e-02,6.416295468807220459e-02,8.421345800161361694e-02,9.916966408491134644e-02,1.082286462187767029e-01,1.109673455357551575e-01,1.073735654354095459e-01,9.784865379333496094e-02,8.318104594945907593e-02,6.449225544929504395e-02,4.315878823399543762e-02,2.071533352136611938e-02,-1.253872993402183056e-03,-2.122773975133895874e-02,-3.785682097077369690e-02,-5.005963891744613647e-02,-5.709969252347946167e-02,-5.863731354475021362e-02,-5.475250631570816040e-02,-4.593687132000923157e-02,-3.305520862340927124e-02,-1.727947406470775604e-02,-4.306069004018322122e-17
0.000000000000000000e+00,-6.371106486767530441e-03,-1.229007914662361145e-02,-1.732260175049304962e-02,-2.107013389468193054e-02,-2.318803407251834869e-02,-2.340359799563884735e-02,-2.153352089226245880e-02,-1.749989949166774750e-02,-1.134359370917081833e-02,-3.233582479879260063e-03,6.529204081743955612e-03,1.751494966447353363e-02,2.917608059942722321e-02,4.086712375283241272e-02,5.187337473034858704e-02,6.144770607352256775e-02,6.885401904582977295e-02,7.341511547565460205e-02,7.456207275390625000e-02,7.188160717487335205e-02,6.515774875879287720e-02,5.440418422222137451e-02,3.988381102681159973e-02,2.211290784180164337e-02,1.848173094913363457e-03,-1.994395814836025238e-02,-4.213488474488258362e-02,-6.349617242813110352e-02,-8.277316391468048096e-02,-9.876533597707748413e-02,-1.104079261422157288e-01,-1.168490499258041382e-01,-1.175163909792900085e-01,-1.121680364012718201e-01,-1.009229943156242371e-01,-8.426812291145324707e-02,-6.303989142179489136e-02,-3.838118538260459900e-02,-1.167532615363597870e-02,1.553893461823463440e-02,4.166581854224205017e-02,6.515774875879287720e-02,8.461997658014297485e-02,9.890694916248321533e-02,1.072033494710922241e-01,1.090833768248558044e-01,1.045436337590217590e-01,9.400661289691925049e-02,7.829394936561584473e-02,5.857095122337341309e-02,3.626600652933120728e-02,1.297033019363880157e-02,-9.674708358943462372e-03,-3.009464964270591736e-02,-4.689477011561393738e-02,-5.896034464240074158e-02,-6.553683429956436157e-02,-6.628396362066268921e-02,-6.129949539899826050e-02,-5.111083388328552246e-02,-3.663495182991027832e-02,-1.910947449505329132e-02,-4.758815724387381141e-17
0.000000000000000000e+00,-7.852422073483467102e-03,-1.520078070461750031e-02,-2.156141400337219238e-02,-2.649142593145370483e-02,-2.960889972746372223e-02,-3.061257675290107727e-02,-2.930038794875144958e-02,-2.558593638241291046e-02,-1.951170526444911957e-02,-1.125766988843679428e-02,-1.143891015090048313e-03,1.037422381341457367e-02,2.271896600723266602e-02,3.521224111318588257e-02,4.710624739527702332e-02,5.762211978435516357e-02,6.599492579698562622e-02,7.152269035577774048e-02,7.361645251512527466e-02,7.184784114360809326e-02,6.599055975675582886e-02,5.605206266045570374e-02,4.229221120476722717e-02,2.522631175816059113e-02,5.610937252640724182e-03,-1.558789517730474472e-02,-3.724328801035881042e-02,-5.813052132725715637e-02,-7.700109481811523438e-02,-9.266310185194015503e-02,-1.040625423192977905e-01,-1.103597879409790039e-01,-1.109952926635742188e-01,-1.057393327355384827e-01,-9.472128748893737793e-02,-7.843533903360366821e-02,-5.772113427519798279e-02,-3.371976315975189209e-02,-7.807147223502397537e-03,1.849116198718547821e-02,4.359824955463409424e-02,6.599055975675582886e-02,8.430165052413940430e-02,9.741750359535217285e-02,1.045561507344245911e-01,1.053256243467330933e-01,9.975535422563552856e-02,8.829829841852188110e-02,7.180301100015640259e-02,5.145720392465591431e-02,2.870641089975833893e-02,5.153350532054901123e-03,-1.755491085350513458e-02,-3.784389048814773560e-02,-5.432417243719100952e-02,-6.589115411043167114e-02,-7.180462777614593506e-02,-7.174213975667953491e-02,-6.582212448120117188e-02,-5.459487438201904297e-02,-3.900182992219924927e-02,-2.030623517930507660e-02,-5.053815462347882549e-17
0.000000000000000000e+00,-9.817773476243019104e-03,-1.903378590941429138e-02,-2.707343921065330505e-02,-3.341587260365486145e-02,-3.761934489011764526e-02,-3.934463113546371460e-02,-3.837554529309272766e-02,-3.463549166917800903e-02,-2.819893509149551392e-02,-1.929656229913234711e-02,-8.313053287565708160e-03,4.223393741995096207e-03,1.766031049191951752e-02,3.124896064400672913e-02,4.418050497770309448e-02,5.562905594706535339e-02,6.479966640472412109e-02,7.097867131233215332e-02,7.358335703611373901e-02,7.220749557018280029e-02,6.665930151939392090e-02,5.698852986097335815e-02,4.349990934133529663e-02,2.675077877938747406e-02,7.531844079494476318e-03,-1.316886302083730698e-02,-3.421759605407714844e-02,-5.439949408173561096e-02,-7.249253243207931519e-02,-8.734618127346038818e-02,-9.795953333377838135e-02,-1.035533547401428223e-01,-1.036306023597717285e-01,-9.802062064409255981e-02,-8.690296113491058350e-02,-7.080836594104766846e-02,-5.059568583965301514e-02,-2.740549482405185699e-02,-2.592740580439567566e-03,2.235751226544380188e-02,4.592584446072578430e-02,6.665930151939392090e-02,8.327018469572067261e-02,9.472575783729553223e-02,1.003221869468688965e-01,9.973700344562530518e-02,9.305588155984878540e-02,8.077127486467361450e-02,6.375242769718170166e-02,4.318839684128761292e-02,2.050781808793544769e-02,-2.719233511015772820e-03,-2.489038184285163879e-02,-4.448335990309715271e-02,-6.016357988119125366e-02,-7.087901234626770020e-02,-7.593540102243423462e-02,-7.504616677761077881e-02,-6.835321336984634399e-02,-5.641695857048034668e-02,-4.017618671059608459e-02,-2.088045701384544373e-02,-5.193739680406127604e-17
0.000000000000000000e+00,-1.220650784671306610e-02,-2.367327548563480377e-02,-3.369816765189170837e-02,-4.165281727910041809e-02,-4.701586812734603882e-02,-4.940195381641387939e-02,-4.858495667576789856e-02,-4.451434686779975891e-02,-3.732344135642051697e-02,-2.732872217893600464e-02,-1.501966174691915512e-02,-1.038859947584569454e-03,1.384715456515550613e-02,2.878559567034244537e-02,4.288212209939956665e-02,5.525057390332221985e-02,6.506520509719848633e-02,7.161252200603485107e-02,7.433956116437911987e-02,7.289531081914901733e-02,6.716232001781463623e-02,5.727564170956611633e-02,4.362723231315612793e-02,2.685440331697463989e-02,7.812125608325004578e-03,-1.246997062116861343e-02,-3.284402936697006226e-02,-5.211082473397254944e-02,-6.909314543008804321e-02,-8.271118253469467163e-02,-9.205487370491027832e-02,-9.644823521375656128e-02,-9.550090134143829346e-02,-8.914279937744140625e-02,-7.763890922069549561e-02,-6.158226728439331055e-02,-4.186484217643737793e-02,-1.962751522660255432e-02,3.808125853538513184e-03,2.702208235859870911e-02,4.858705401420593262e-02,6.716232001781463623e-02,8.158389478921890259e-02,9.094470739364624023e-02,9.465879946947097778e-02,9.250484406948089600e-02,8.464544266462326050e-02,7.162036001682281494e-02,5.431368201971054077e-02,3.389680758118629456e-02,1.175085920840501785e-02,-1.062629837542772293e-02,-3.172208368778228760e-02,-5.011316016316413879e-02,-6.456400454044342041e-02,-7.411304116249084473e-02,-7.814019173383712769e-02,-7.641074061393737793e-02,-6.909245252609252930e-02,-5.674444511532783508e-02,-4.027842730283737183e-02,-2.089509367942810059e-02,-5.194278009548777115e-17
0.000000000000000000e+00,-1.491689216345548630e-02,-2.892508171498775482e-02,-4.116677865386009216e-02,-5.088342726230621338e-02,-5.745896324515342712e-02,-6.045572459697723389e-02,-5.964111164212226868e-02,-5.500338599085807800e-02,-4.675562679767608643e-02,-3.532735258340835571e-02,-2.134389802813529968e-02,-5.594380199909210205e-03,1.101037580519914627e-02,2.748794853687286377e-02,4.283992946147918701e-02,5.611005052924156189e-02,6.644167006015777588e-02,7.313113659620285034e-02,7.567392289638519287e-02,7.380031794309616089e-02,6.749835610389709473e-02,5.702193453907966614e-02,4.288310557603836060e-02,2.582845650613307953e-02,6.800295785069465637e-03,-1.311539951711893082e-02,-3.275161236524581909e-02,-5.092988163232803345e-02,-6.653278321027755737e-02,-7.857469469308853149e-02,-8.626637607812881470e-02,-8.906891196966171265e-02,-8.673328906297683716e-02,-7.932250201702117920e-02,-6.721431016921997070e-02,-5.108379945158958435e-02,-3.186645358800888062e-02,-1.070351339876651764e-02,1.112718321382999420e-02,3.229064494371414185e-02,5.147946625947952271e-02,6.749835610389709473e-02,7.934278994798660278e-02,8.626638352870941162e-02,8.783241361379623413e-02,8.394547551870346069e-02,7.486110925674438477e-02,6.117211654782295227e-02,4.377237334847450256e-02,2.380009368062019348e-02,2.564210677519440651e-03,-1.854136213660240173e-02,-3.812988847494125366e-02,-5.491422116756439209e-02,-6.779310107231140137e-02,-7.592553645372390747e-02,-7.878791540861129761e-02,-7.621001452207565308e-02,-6.838724017143249512e-02,-5.586805194616317749e-02,-3.951754420995712280e-02,-2.045935951173305511e-02,-5.082646015417805775e-17
0.000000000000000000e+00,-1.781486161053180695e-02,-3.453338146209716797e-02,-4.912518337368965149e-02,-6.068795919418334961e-02,-6.850197911262512207e-02,-7.207387685775756836e-02,-7.116694748401641846e-02,-6.581633538007736206e-02,-5.632790550589561462e-02,-4.326099902391433716e-02,-2.739586122334003448e-02,-9.687680751085281372e-03,8.790187537670135498e-03,2.691045962274074554e-02,4.355986416339874268e-02,5.770674720406532288e-02,6.846430152654647827e-02,7.514552772045135498e-02,7.730659842491149902e-02,7.477586716413497925e-02,6.766659021377563477e-02,5.637244135141372681e-02,4.154592007398605347e-02,2.406071498990058899e-02,4.960208665579557419e-03,-1.460493821650743484e-02,-3.344640135765075684e-02,-5.041081830859184265e-02,-6.445097923278808594e-02,-7.469117641448974609e-02,-8.048261702060699463e-02,-8.144530653953552246e-02,-7.749371230602264404e-02,-6.884434074163436890e-02,-5.600463971495628357e-02,-3.974364325404167175e-02,-2.104606293141841888e-02,-1.052478794008493423e-03,1.901071891188621521e-02,3.790733218193054199e-02,5.446856468915939331e-02,6.766659021377563477e-02,7.667974382638931274e-02,8.094518631696701050e-02,8.019551634788513184e-02,7.447698712348937988e-02,6.414787471294403076e-02,4.985710605978965759e-02,3.250427916646003723e-02,1.318355090916156769e-02,-6.885144393891096115e-03,-2.643316984176635742e-02,-4.422368854284286499e-02,-5.913044139742851257e-02,-7.020969688892364502e-02,-7.676076889038085938e-02,-7.837111502885818481e-02,-7.494311034679412842e-02,-6.670064479112625122e-02,-5.417517945170402527e-02,-3.817196935415267944e-02,-1.971874013543128967e-02,-4.895094392049982493e-17
0.000000000000000000e+00,-2.074574120342731476e-02,-4.020303115248680115e-02,-5.716492980718612671e-02,-7.058230042457580566e-02,-7.962995022535324097e-02,-8.375845849514007568e-02,-8.272825926542282104e-02,-7.662404328584671021e-02,-6.584834307432174683e-02,-5.109509080648422241e-02,-3.330456838011741638e-02,-1.360304839909076691e-02,6.769209168851375580e-03,2.653678692877292633e-02,4.446976259350776672e-02,5.946103110909461975e-02,7.059533894062042236e-02,7.720576971769332886e-02,7.891412824392318726e-02,7.565274089574813843e-02,6.766659021377563477e-02,5.549556389451026917e-02,3.993839025497436523e-02,2.200046740472316742e-02,2.829172648489475250e-03,-1.635921932756900787e-02,-3.435630351305007935e-02,-5.003714561462402344e-02,-6.242999807000160217e-02,-7.077580690383911133e-02,-7.457390427589416504e-02,-7.361121475696563721e-02,-6.797327101230621338e-02,-5.803663656115531921e-02,-4.444332420825958252e-02,-2.805906161665916443e-02,-9.918093681335449219e-03,8.841860108077526093e-03,2.705046348273754120e-02,4.357697814702987671e-02,5.739944428205490112e-02,6.766659021377563477e-02,7.374886423349380493e-02,7.527553290128707886e-02,7.215577363967895508e-02,6.458264589309692383e-02,5.301990360021591187e-02,3.817252069711685181e-02,2.094296552240848541e-02,2.375846263021230698e-03,-1.640558429062366486e-02,-3.426726162433624268e-02,-5.013239756226539612e-02,-6.304580718278884888e-02,-7.223067432641983032e-02,-7.713444530963897705e-02,-7.746121287345886230e-02,-7.318882644176483154e-02,-6.456960737705230713e-02,-5.211493372917175293e-02,-3.656443953514099121e-02,-1.884186267852783203e-02,-4.673639944096060817e-17
0.000000000000000000e+00,-2.354784496128559113e-02,-4.562552273273468018e-02,-6.485907733440399170e-02,-8.006046712398529053e-02,-9.030469506978988647e-02,-9.498918056488037109e-02,-9.387148916721343994e-02,-8.708286285400390625e-02,-7.511687278747558594e-02,-5.879415199160575867e-02,-3.920562192797660828e-02,-1.763844490051269531e-02,4.510338418185710907e-03,2.582641877233982086e-02,4.497084394097328186e-02,6.076642870903015137e-02,7.227224111557006836e-02,7.884138822555541992e-02,8.015841245651245117e-02,7.625430077314376831e-02,6.749835610389709473e-02,5.456795170903205872e-02,3.839861974120140076e-02,2.011821046471595764e-02,9.697200148366391659e-04,-1.777177676558494568e-02,-3.488252684473991394e-02,-4.926835373044013977e-02,-6.003274768590927124e-02,-6.653062999248504639e-02,-6.840465217828750610e-02,-6.560211628675460815e-02,-5.837203934788703918e-02,-4.724302887916564941e-02,-3.298392891883850098e-02,-1.655033975839614868e-02,9.792787022888660431e-04,1.847352832555770874e-02,3.481948375701904297e-02,4.899108409881591797e-02,6.011041998863220215e-02,6.749835610389709473e-02,7.071183621883392334e-02,6.956594437360763550e-02,6.414011120796203613e-02,5.476843565702438354e-02,4.201537370681762695e-02,2.663865685462951660e-02,9.541993960738182068e-03,-8.279380388557910919e-03,-2.579703554511070251e-02,-4.200815781950950623e-02,-5.599161610007286072e-02,-6.695828586816787720e-02,-7.429314404726028442e-02,-7.758706808090209961e-02,-7.665699720382690430e-02,-7.155364006757736206e-02,-6.255666166543960571e-02,-5.015780776739120483e-02,-3.503305837512016296e-02,-1.800537668168544769e-02,-4.462298937183457480e-17
0.000000000000000000e+00,-2.606673166155815125e-02,-5.050617828965187073e-02,-7.179983705282211304e-02,-8.863917738199234009e-02,-1.000121459364891052e-01,-1.052690669894218445e-01,-1.041633784770965576e-01,-9.686452150344848633e-02,-8.394231647253036499e-02,-6.632419675588607788e-02,-4.522841051220893860e-02,-2.207829989492893219e-02,1.596289221197366714e-03,2.426334656774997711e-02,4.449148103594779968e-02,6.104403734207153320e-02,7.295811921358108521e-02,7.960340380668640137e-02,8.071696013212203979e-02,7.641226053237915039e-02,6.716232001781463623e-02,5.375869199633598328e-02,3.724983334541320801e-02,1.886351779103279114e-02,-8.079326653387397528e-05,-1.826343312859535217e-02,-3.445338830351829529e-02,-4.758857563138008118e-02,-5.684227868914604187e-02,-6.167174130678176880e-02,-6.184612214565277100e-02,-5.745275691151618958e-02,-4.888202250003814697e-02,-3.679262846708297729e-02,-2.206048741936683655e-02,-5.715151317417621613e-03,1.113143749535083771e-02,2.735884673893451691e-02,4.190979525446891785e-02,5.385498329997062683e-02,6.244727969169616699e-02,6.716232001781463623e-02,6.772367656230926514e-02,6.411180645227432251e-02,5.655713006854057312e-02,4.551848024129867554e-02,3.164916485548019409e-02,1.575324311852455139e-02,-1.264740480110049248e-03,-1.845336332917213440e-02,-3.486802056431770325e-02,-4.962177574634552002e-02,-6.193083524703979492e-02,-7.115259766578674316e-02,-7.681486755609512329e-02,-7.863529771566390991e-02,-7.653082907199859619e-02,-7.061727344989776611e-02,-6.119953840970993042e-02,-4.875355958938598633e-02,-3.390102460980415344e-02,-1.737814582884311676e-02,-4.303147402094784828e-17
0.000000000000000000e+00,-2.816881611943244934e-02,-5.459009483456611633e-02,-7.763443142175674438e-02,-9.590028971433639526e-02,-1.083074882626533508e-01,-1.141679733991622925e-01,-1.132287755608558655e-01,-1.056845039129257202e-01,-9.215859323740005493e-02,-7.365493476390838623e-02,-5.148378759622573853e-02,-2.716741524636745453e-02,-2.332531614229083061e-03,2.140266634523868561e-02,4.253870621323585510e-02,5.979455634951591492e-02,7.218992710113525391e-02,7.910471409559249878e-02,8.031184971332550049e-02,7.598182559013366699e-02,6.665930151939392090e-02,5.321420356631278992e-02,3.677142038941383362e-02,1.862473413348197937e-02,1.415838487446308136e-04,-1.733436062932014465e-02,-3.257579356431961060e-02,-4.455319792032241821e-02,-5.249968916177749634e-02,-5.595537275075912476e-02,-5.478880181908607483e-02,-4.919498413801193237e-02,-3.967094793915748596e-02,-2.697160281240940094e-02,-1.204973179847002029e-02,4.014974460005760193e-03,2.009246312081813812e-02,3.507892414927482605e-02,4.796825349330902100e-02,5.791381746530532837e-02,6.427688896656036377e-02,6.665930151939392090e-02,6.491913646459579468e-02,5.916945263743400574e-02,4.976119473576545715e-02,3.725258633494377136e-02,2.236773259937763214e-02,5.947936791926622391e-03,-1.110079977661371231e-02,-2.786061726510524750e-02,-4.345184192061424255e-02,-5.707760900259017944e-02,-6.806111335754394531e-02,-7.587417215108871460e-02,-8.015642315149307251e-02,-8.072530478239059448e-02,-7.757720351219177246e-02,-7.088066637516021729e-02,-6.096294894814491272e-02,-4.829091578722000122e-02,-3.344769403338432312e-02,-1.710613258183002472e-02,-4.232554154258284340e-17
0.000000000000000000e+00,-2.975307591259479523e-02,-5.768448486924171448e-02,-8.209600299596786499e-02,-1.015274003148078918e-01,-1.148539632558822632e-01,-1.213599517941474915e-01,-1.207829937338829041e-01,-1.133263409137725830e-01,-9.963836520910263062e-02,-8.076131343841552734e-02,-5.805305391550064087e-02,-3.308806568384170532e-02,-7.544959429651498795e-03,1.691117137670516968e-02,3.874297440052032471e-02,5.664353445172309875e-02,6.962034851312637329e-02,7.705502212047576904e-02,7.873484492301940918e-02,7.485481351613998413e-02,6.599055975675582886e-02,5.304509028792381287e-02,3.717381507158279419e-02,1.969398185610771179e-02,1.985509181395173073e-03,-1.460931170731782913e-02,-2.888001501560211182e-02,-3.982945159077644348e-02,-4.673717170953750610e-02,-4.920081421732902527e-02,-4.715338349342346191e-02,-4.085614159703254700e-02,-3.086862526834011078e-02,-1.799893192946910858e-02,-3.238681703805923462e-03,1.231203600764274597e-02,2.752392552793025970e-02,4.131621122360229492e-02,5.272744223475456238e-02,6.097486615180969238e-02,6.549890339374542236e-02,6.599055975675582886e-02,6.240099668502807617e-02,5.493379384279251099e-02,4.402156174182891846e-02,3.028964996337890625e-02,1.451029628515243530e-02,-2.449074992910027504e-03,-1.967959851026535034e-02,-3.628319874405860901e-02,-5.142025277018547058e-02,-6.435029208660125732e-02,-7.446407526731491089e-02,-8.130618184804916382e-02,-8.458810299634933472e-02,-8.419223129749298096e-02,-8.016789704561233521e-02,-7.272072136402130127e-02,-6.219670176506042480e-02,-4.906254261732101440e-02,-3.388343751430511475e-02,-1.729926280677318573e-02,-4.277911445094772038e-17
0.000000000000000000e+00,-3.075980767607688904e-02,-5.967536941170692444e-02,-8.502665162086486816e-02,-1.053330823779106140e-01,-1.194516941905021667e-01,-1.266510188579559326e-01,-1.266558021306991577e-01,-1.196592897176742554e-01,-1.063027977943420410e-01,-8.762411773204803467e-02,-6.497907638549804688e-02,-3.994214162230491638e-02,-1.419357117265462875e-02,1.059848815202713013e-02,3.289242461323738098e-02,5.137590691447257996e-02,6.504978239536285400e-02,7.328753173351287842e-02,7.586653530597686768e-02,7.296964526176452637e-02,6.515774875879287720e-02,5.331614986062049866e-02,3.857935220003128052e-02,2.224048972129821777e-02,5.652405787259340286e-03,-9.872158057987689972e-03,-2.315393462777137756e-02,-3.322753682732582092e-02,-3.940351307392120361e-02,-4.130824655294418335e-02,-3.889964520931243896e-02,-3.245851770043373108e-02,-2.255718968808650970e-02,-1.000864431262016296e-02,4.199285060167312622e-03,1.897930353879928589e-02,3.322377055883407593e-02,4.588176310062408447e-02,5.602872371673583984e-02,6.292422860860824585e-02,6.605451554059982300e-02,6.515774875879287720e-02,6.023127585649490356e-02,5.152165889739990234e-02,3.949929773807525635e-02,2.482042461633682251e-02,8.279976435005664825e-03,-9.240813553333282471e-03,-2.682833373546600342e-02,-4.358844086527824402e-02,-5.869319662451744080e-02,-7.142020016908645630e-02,-8.118298649787902832e-02,-8.755174279212951660e-02,-9.026441723108291626e-02,-8.922898024320602417e-02,-8.451778441667556763e-02,-7.635576277971267700e-02,-6.510372459888458252e-02,-5.123841762542724609e-02,-3.533049672842025757e-02,-1.802144013345241547e-02,-4.455143824884873790e-17
0.000000000000000000e+00,-3.117560409009456635e-02,-6.053705513477325439e-02,-8.639053255319595337e-02,-1.072743088006973267e-01,-1.220540180802345276e-01,-1.299946606159210205e-01,-1.308045387268066406e-01,-1.246479302644729614e-01,-1.121262907981872559e-01,-9.422934055328369141e-02,-7.226013392210006714e-02,-4.773976281285285950e-02,-2.229885198175907135e-02,2.436150796711444855e-03,2.495368011295795441e-02,4.395686462521553040e-02,5.844553560018539429e-02,6.777498871088027954e-02,7.168781757354736328e-02,7.031732797622680664e-02,6.416295468807220459e-02,5.404039099812507629e-02,4.101075977087020874e-02,2.629455737769603729e-02,1.117720454931259155e-02,-3.086776472628116608e-03,-1.536387298256158829e-02,-2.471971139311790466e-02,-3.047993779182434082e-02,-3.227013349533081055e-02,-3.003261797130107880e-02,-2.401992864906787872e-02,-1.476632244884967804e-02,-3.040298121050000191e-03,1.021762844175100327e-02,2.396682836115360260e-02,3.714258223772048950e-02,4.873066768050193787e-02,5.783533304929733276e-02,6.373630464076995850e-02,6.593145430088043213e-02,6.416295468807220459e-02,5.842626839876174927e-02,4.896226897835731506e-02,3.623421490192413330e-02,2.089207433164119720e-02,3.727505216374993324e-03,-1.437702123075723648e-02,-3.250118717551231384e-02,-4.973849281668663025e-02,-6.524357199668884277e-02,-7.827281951904296875e-02,-8.821665495634078979e-02,-9.462247788906097412e-02,-9.720828384160995483e-02,-9.586719423532485962e-02,-9.066396206617355347e-02,-8.182466030120849609e-02,-6.972084939479827881e-02,-5.484975874423980713e-02,-3.781150281429290771e-02,-1.928454264998435974e-02,-4.767216239816224669e-17
0.000000000000000000e+00,-3.103411756455898285e-02,-6.033355742692947388e-02,-8.627576380968093872e-02,-1.074546054005622864e-01,-1.227695494890213013e-01,-1.314935982227325439e-01,-1.333153247833251953e-01,-1.283523738384246826e-01,-1.171357631683349609e-01,-1.005663126707077026e-01,-7.984686642885208130e-02,-5.639521405100822449e-02,-3.174431249499320984e-02,-7.436968851834535599e-03,1.507750153541564941e-02,3.453734144568443298e-02,4.994678869843482971e-02,6.063368916511535645e-02,6.628279387950897217e-02,6.694296002388000488e-02,6.300863623619079590e-02,5.517751350998878479e-02,4.438829421997070312e-02,3.174350410699844360e-02,1.842341199517250061e-02,5.597476381808519363e-03,-5.660219117999076843e-03,-1.444570068269968033e-02,-2.008496411144733429e-02,-2.217527106404304504e-02,-2.060559578239917755e-02,-1.555560063570737839e-02,-7.473997771739959717e-03,2.961313119158148766e-03,1.489781867712736130e-02,2.737324126064777374e-02,3.938570991158485413e-02,4.996418580412864685e-02,5.823428183794021606e-02,6.347525119781494141e-02,6.516469269990921021e-02,6.300863623619079590e-02,5.695578083395957947e-02,4.719583317637443542e-02,3.414291143417358398e-02,1.840601488947868347e-02,7.491083815693855286e-04,-1.795595884323120117e-02,-3.678048774600028992e-02,-5.479058995842933655e-02,-7.109648734331130981e-02,-8.489686250686645508e-02,-9.551632404327392578e-02,-1.024344936013221741e-01,-1.053060963749885559e-01,-1.039718016982078552e-01,-9.846013784408569336e-02,-8.898132294416427612e-02,-7.591383159160614014e-02,-5.978498607873916626e-02,-4.124659672379493713e-02,-2.104693464934825897e-02,-5.203761469835575066e-17
0.000000000000000000e+00,-3.041249886155128479e-02,-5.921179428696632385e-02,-8.488493412733078003e-02,-1.061126962304115295e-01,-1.218499466776847839e-01,-1.313875913619995117e-01,-1.343919783830642700e-01,-1.309193074703216553e-01,-1.214043423533439636e-01,-1.066246032714843750e-01,-8.764258027076721191e-02,-6.573050469160079956e-02,-4.228290542960166931e-02,-1.872327178716659546e-02,3.588810563087463379e-03,2.344364300370216370e-02,3.985480219125747681e-02,5.211525410413742065e-02,5.983273312449455261e-02,6.294256448745727539e-02,6.169766932725906372e-02,5.663704872131347656e-02,4.853571578860282898e-02,3.833992779254913330e-02,2.709287591278553009e-02,1.585612446069717407e-02,5.632534623146057129e-03,-2.704102778807282448e-03,-8.468005806207656860e-03,-1.120523177087306976e-02,-1.071985159069299698e-02,-7.081261835992336273e-03,-6.127675296738743782e-04,8.137146010994911194e-03,1.843829639256000519e-02,2.943358570337295532e-02,4.020100086927413940e-02,4.981842637062072754e-02,5.742688849568367004e-02,6.228812411427497864e-02,6.383294612169265747e-02,6.169766932725906372e-02,5.574666708707809448e-02,4.608032107353210449e-02,3.302829340100288391e-02,1.712925173342227936e-02,-9.012327063828706741e-04,-2.021224051713943481e-02,-3.986567258834838867e-02,-5.888805538415908813e-02,-7.632296532392501831e-02,-9.128117561340332031e-02,-1.029860153794288635e-01,-1.108118817210197449e-01,-1.143141537904739380e-01,-1.132495850324630737e-01,-1.075865477323532104e-01,-9.750507026910781860e-02,-8.338714390993118286e-02,-6.579797714948654175e-02,-4.545938223600387573e-02,-2.321659959852695465e-02,-5.741862310636020842e-17
0.000000000000000000e+00,-2.942383848130702972e-02,-5.738713964819908142e-02,-8.251505345106124878e-02,-1.035985946655273438e-01,-1.196642443537712097e-01,-1.300284564495086670e-01,-1.343337595462799072e-01,-1.325643211603164673e-01,-1.250400245189666748e-01,-1.123899295926094055e-01,-9.550677984952926636e-02,-7.548616081476211548e-02,-5.355410277843475342e-02,-3.098828718066215515e-02,-9.037963114678859711e-03,1.115218922495841980e-02,2.860933728516101837e-02,4.258676245808601379e-02,5.260182917118072510e-02,5.845561996102333069e-02,6.023330986499786377e-02,5.828584730625152588e-02,5.319455638527870178e-02,4.572152346372604370e-02,3.674937784671783447e-02,2.721482142806053162e-02,1.804044470191001892e-02,1.006947830319404602e-02,4.007733892649412155e-03,3.764508874155580997e-04,-5.210788804106414318e-04,1.382799819111824036e-03,5.918919108808040619e-03,1.269631925970315933e-02,2.113216184079647064e-02,3.049425780773162842e-02,3.995318710803985596e-02,4.864044114947319031e-02,5.570870637893676758e-02,6.039045378565788269e-02,6.205107271671295166e-02,6.023330986499786377e-02,5.469039455056190491e-02,4.540593177080154419e-02,3.259957954287528992e-02,1.671827584505081177e-02,-1.586177852004766464e-03,-2.149177528917789459e-02,-4.205096885561943054e-02,-6.224268674850463867e-02,-8.102863281965255737e-02,-9.741066396236419678e-02,-1.104860454797744751e-01,-1.194975599646568298e-01,-1.238757297396659851e-01,-1.232710704207420349e-01,-1.175746396183967590e-01,-1.069258823990821838e-01,-9.170753508806228638e-02,-7.252787053585052490e-02,-5.019123852252960205e-02,-2.565860934555530548e-02,-6.347915707885452819e-17
0.000000000000000000e+00,-2.820628322660923004e-02,-5.512262135744094849e-02,-7.952868938446044922e-02,-1.003393456339836121e-01,-1.166622340679168701e-01,-1.278441995382308960e-01,-1.335036605596542358e-01,-1.335473656654357910e-01,-1.281703412532806396e-01,-1.178394854068756104e-01,-1.032616272568702698e-01,-8.533834666013717651e-02,-6.511018425226211548e-02,-4.369383305311203003e-02,-2.221603877842426300e-02,-1.748373848386108875e-03,1.675332710146903992e-02,3.250114247202873230e-02,4.491584375500679016e-02,5.365389212965965271e-02,5.861920490860939026e-02,5.995918810367584229e-02,5.804545432329177856e-02,5.344069004058837891e-02,4.685393348336219788e-02,3.908724337816238403e-02,3.097727708518505096e-02,2.333559654653072357e-02,1.689154095947742462e-02,1.224139332771301270e-02,9.807080030441284180e-03,9.807080030441284180e-03,1.224139332771301270e-02,1.689154095947742462e-02,2.333559654653072357e-02,3.097727708518505096e-02,3.908724337816238403e-02,4.685393348336219788e-02,5.344069004058837891e-02,5.804545432329177856e-02,5.995918810367584229e-02,5.861920490860939026e-02,5.365389212965965271e-02,4.491584375500679016e-02,3.250114247202873230e-02,1.675332710146903992e-02,-1.748373848386108875e-03,-2.221603877842426300e-02,-4.369383305311203003e-02,-6.511018425226211548e-02,-8.533834666013717651e-02,-1.032616272568702698e-01,-1.178394854068756104e-01,-1.281703412532806396e-01,-1.335473656654357910e-01,-1.335036605596542358e-01,-1.278441995382308960e-01,-1.166622340679168701e-01,-1.003393456339836121e-01,-7.952868938446044922e-02,-5.512262135744094849e-02,-2.820628322660923004e-02,-6.980411091467999900e-17
0.000000000000000000e+00,-2.690980024635791779e-02,-5.270365253090858459e-02,-7.631898671388626099e-02,-9.679736196994781494e-02,-1.133300140500068665e-01,-1.252959221601486206e-01,-1.322905123233795166e-01,-1.341434121131896973e-01,-1.309244334697723389e-01,-1.229371801018714905e-01,-1.107008531689643860e-01,-9.492078423500061035e-02,-7.644941657781600952e-02,-5.623959749937057495e-02,-3.529270738363265991e-02,-1.460441946983337402e-02,4.888934548944234848e-03,2.236034907400608063e-02,3.713560104370117188e-02,4.872757196426391602e-02,5.685936287045478821e-02,6.147466227412223816e-02,6.273463368415832520e-02,6.100137531757354736e-02,5.680873245000839233e-02,5.082231387495994568e-02,4.379091784358024597e-02,3.649254888296127319e-02,2.967837452888488770e-02,2.401832118630409241e-02,2.005196176469326019e-02,1.814808323979377747e-02,1.847585290670394897e-02,2.098978869616985321e-02,2.542986720800399780e-02,3.133710473775863647e-02,3.808394819498062134e-02,4.491767287254333496e-02,5.101419240236282349e-02,5.553873628377914429e-02,5.770943313837051392e-02,5.685936287045478821e-02,5.249279737472534180e-02,4.433149844408035278e-02,3.234753012657165527e-02,1.677999645471572876e-02,-1.866051694378256798e-03,-2.283889427781105042e-02,-4.517691582441329956e-02,-6.776083260774612427e-02,-8.937831968069076538e-02,-1.087969765067100525e-01,-1.248410567641258240e-01,-1.364669054746627808e-01,-1.428320109844207764e-01,-1.433531939983367920e-01,-1.377497315406799316e-01,-1.260683834552764893e-01,-1.086884289979934692e-01,-8.630616962909698486e-02,-5.989954993128776550e-02,-3.067502938210964203e-02,-7.593381703871845316e-17
0.000000000000000000e+00,-2.568178065121173859e-02,-5.041054263710975647e-02,-7.327155023813247681e-02,-9.342530369758605957e-02,-1.101418510079383850e-01,-1.228310987353324890e-01,-1.310679614543914795e-01,-1.346110850572586060e-01,-1.334142237901687622e-01,-1.276292353868484497e-01,-1.176004260778427124e-01,-1.038497537374496460e-01,-8.705328404903411865e-02,-6.800957024097442627e-02,-4.760096967220306396e-02,-2.674977853894233704e-02,-6.371177267283201218e-03,1.267453003674745560e-02,2.962763607501983643e-02,4.386993870139122009e-02,5.495815724134445190e-02,6.264746934175491333e-02,6.690324097871780396e-02,6.789983063936233521e-02,6.600586324930191040e-02,6.175665557384490967e-02,5.581502616405487061e-02,4.892280325293540955e-02,4.184612631797790527e-02,3.531805053353309631e-02,2.998256310820579529e-02,2.634397335350513458e-02,2.472558617591857910e-02,2.524097263813018799e-02,2.778040617704391479e-02,3.201397508382797241e-02,3.741178289055824280e-02,4.328031092882156372e-02,4.881286993622779846e-02,5.315083265304565430e-02,5.545156821608543396e-02,5.495815724134445190e-02,5.106583610177040100e-02,4.338004440069198608e-02,3.176148980855941772e-02,1.635437272489070892e-02,-2.404903527349233627e-03,-2.379991859197616577e-02,-4.686717316508293152e-02,-7.044813781976699829e-02,-9.325728565454483032e-02,-1.139618381857872009e-01,-1.312678307294845581e-01,-1.440066844224929810e-01,-1.512162387371063232e-01,-1.522103548049926758e-01,-1.466321498155593872e-01,-1.344867199659347534e-01,-1.161508560180664062e-01,-9.235850721597671509e-02,-6.416295468807220459e-02,-3.287767991423606873e-02,-8.140227498108201700e-17
0.000000000000000000e+00,-2.465279214084148407e-02,-4.849132150411605835e-02,-7.072684913873672485e-02,-9.062143415212631226e-02,-1.075127124786376953e-01,-1.208376139402389526e-01,-1.301544159650802612e-01,-1.351622045040130615e-01,-1.357166320085525513e-01,-1.318408548831939697e-01,-1.237302273511886597e-01,-1.117499768733978271e-01,-9.642467647790908813e-02,-7.841929793357849121e-02,-5.851195380091667175e-02,-3.755886852741241455e-02,-1.645314134657382965e-02,3.920806571841239929e-03,2.273456566035747528e-02,3.926185518503189087e-02,5.292031913995742798e-02,6.330589950084686279e-02,7.021696120500564575e-02,7.366587221622467041e-02,7.387658208608627319e-02,7.126769423484802246e-02,6.642143428325653076e-02,6.004026904702186584e-02,5.289378762245178223e-02,4.575942456722259521e-02,3.936121612787246704e-02,3.431122004985809326e-02,3.105815127491950989e-02,2.984750829637050629e-02,3.069674782454967499e-02,3.338797390460968018e-02,3.747946396470069885e-02,4.233580827713012695e-02,4.717509075999259949e-02,5.113000422716140747e-02,5.331872031092643738e-02,5.292031913995742798e-02,4.924903810024261475e-02,4.182152822613716125e-02,3.041158430278301239e-02,1.508763153105974197e-02,-3.770633833482861519e-03,-2.547849528491497040e-02,-4.907578229904174805e-02,-7.337839901447296143e-02,-9.704870730638504028e-02,-1.186802312731742859e-01,-1.368908435106277466e-01,-1.504179090261459351e-01,-1.582084745168685913e-01,-1.594979315996170044e-01,-1.538710743188858032e-01,-1.413009464740753174e-01,-1.221622079610824585e-01,-9.721762686967849731e-02,-6.757828593254089355e-02,-3.463997319340705872e-02,-8.577569799365808195e-17
0.000000000000000000e+00,-2.392377890646457672e-02,-4.713732004165649414e-02,-6.894644349813461304e-02,-8.868966996669769287e-02,-1.057558432221412659e-01,-1.196029111742973328e-01,-1.297775954008102417e-01,-1.359351724386215210e-01,-1.378584504127502441e-01,-1.354742646217346191e-01,-1.288658380508422852e-01,-1.182794868946075439e-01,-1.041237637400627136e-01,-8.696002513170242310e-02,-6.748363375663757324e-02,-4.649591073393821716e-02,-2.486748620867729187e-02,-3.494839882478117943e-03,1.674770750105381012e-02,3.505747020244598389e-02,5.075091123580932617e-02,6.330563873052597046e-02,7.239338010549545288e-02,7.790093868970870972e-02,7.993692159652709961e-02,7.882288843393325806e-02,7.506887614727020264e-02,6.933441758155822754e-02,6.237737461924552917e-02,5.499413609504699707e-02,4.795543476939201355e-02,4.194274544715881348e-02,3.749032691121101379e-02,3.493773564696311951e-02,3.439707681536674500e-02,3.573817387223243713e-02,3.859352692961692810e-02,4.238345846533775330e-02,4.636016488075256348e-02,4.966783151030540466e-02,5.141457915306091309e-02,5.075091123580932617e-02,4.694852977991104126e-02,3.947325795888900757e-02,2.804593369364738464e-02,1.268597505986690521e-02,-6.266551092267036438e-03,-2.815293334424495697e-02,-5.202268436551094055e-02,-7.668412476778030396e-02,-1.007756814360618591e-01,-1.228531450033187866e-01,-1.414869427680969238e-01,-1.553622633218765259e-01,-1.633748114109039307e-01,-1.647149324417114258e-01,-1.589336097240447998e-01,-1.459852010011672974e-01,-1.262431293725967407e-01,-1.004872173070907593e-01,-6.986287236213684082e-02,-3.581484034657478333e-02,-8.868812152111848731e-17
0.000000000000000000e+00,-2.355587854981422424e-02,-4.646376147866249084e-02,-6.808621436357498169e-02,-8.780795335769653320e-02,-1.050493046641349792e-01,-1.192819401621818542e-01,-1.300469785928726196e-01,-1.369748413562774658e-01,-1.398056596517562866e-01,-1.384088695049285889e-01,-1.327997595071792603e-01,-1.231512799859046936e-01,-1.097987294197082520e-01,-9.323593974113464355e-02,-7.410169392824172974e-02,-5.315607413649559021e-02,-3.124712407588958740e-02,-9.269257076084613800e-03,1.188434381037950516e-02,3.137234225869178772e-02,4.845532774925231934e-02,6.254157423973083496e-02,7.322468608617782593e-02,8.030979335308074951e-02,8.382564038038253784e-02,8.402082324028015137e-02,8.134383708238601685e-02,7.640758156776428223e-02,6.994062662124633789e-02,6.272847950458526611e-02,5.554912611842155457e-02,4.910799860954284668e-02,4.397742077708244324e-02,4.054575785994529724e-02,3.898075595498085022e-02,3.921059519052505493e-02,4.092489182949066162e-02,4.359627887606620789e-02,4.652156308293342590e-02,4.887980967760086060e-02,4.980320855975151062e-02,4.845532774925231934e-02,4.411070793867111206e-02,3.622921928763389587e-02,2.451897598803043365e-02,8.982235565781593323e-03,-1.006014272570610046e-02,-3.196845203638076782e-02,-5.580911412835121155e-02,-8.040386438369750977e-02,-1.044002249836921692e-01,-1.263586282730102539e-01,-1.448499858379364014e-01,-1.585567146539688110e-01,-1.663697212934494019e-01,-1.674738079309463501e-01,-1.614151746034622192e-01,-1.481452286243438721e-01,-1.280373185873031616e-01,-1.018744483590126038e-01,-7.080863416194915771e-02,-3.629424795508384705e-02,-8.987091038773051179e-17
0.000000000000000000e+00,-2.356381900608539581e-02,-4.649719595909118652e-02,-6.817901879549026489e-02,-8.800792694091796875e-02,-1.054146736860275269e-01,-1.198770031332969666e-01,-1.309370547533035278e-01,-1.382207870483398438e-01,-1.414582580327987671e-01,-1.405034363269805908e-01,-1.353513002395629883e-01,-1.261503696441650391e-01,-1.132087484002113342e-01,-9.699156135320663452e-02,-7.810913771390914917e-02,-5.729504302144050598e-02,-3.537453338503837585e-02,-1.322471536695957184e-02,8.271547034382820129e-03,2.827500738203525543e-02,4.603927955031394958e-02,6.095623224973678589e-02,7.259383052587509155e-02,8.072307705879211426e-02,8.533141016960144043e-02,8.662082999944686890e-02,8.499018102884292603e-02,8.100228756666183472e-02,7.533802092075347900e-02,6.874033808708190918e-02,6.195248290896415710e-02,5.565524101257324219e-02,5.040814727544784546e-02,4.659978672862052917e-02,4.441151767969131470e-02,4.379813000559806824e-02,4.448759555816650391e-02,4.600070789456367493e-02,4.768961295485496521e-02,4.879277944564819336e-02,4.850241914391517639e-02,4.603927955031394958e-02,4.072881862521171570e-02,3.207259625196456909e-02,1.980874501168727875e-02,3.956168424338102341e-03,-1.516180392354726791e-02,-3.691709041595458984e-02,-6.040079146623611450e-02,-8.447051048278808594e-02,-1.078181862831115723e-01,-1.290540546178817749e-01,-1.468006819486618042e-01,-1.597904562950134277e-01,-1.669590175151824951e-01,-1.675278246402740479e-01,-1.610690504312515259e-01,-1.475479155778884888e-01,-1.273386329412460327e-01,-1.012124791741371155e-01,-7.029824703931808472e-02,-3.601763024926185608e-02,-8.917376256747082007e-17
0.000000000000000000e+00,-2.391349337995052338e-02,-4.717095196247100830e-02,-6.912859529256820679e-02,-8.916790783405303955e-02,-1.067100018262863159e-01,-1.212316527962684631e-01,-1.322828531265258789e-01,-1.395054012537002563e-01,-1.426514834165573120e-01,-1.416007429361343384e-01,-1.363744735717773438e-01,-1.271448284387588501e-01,-1.142375543713569641e-01,-9.812701493501663208e-02,-7.942233234643936157e-02,-5.884462967514991760e-02,-3.719587996602058411e-02,-1.532052364200353622e-02,5.937919951975345612e-03,2.578267082571983337e-02,4.350876808166503906e-02,5.854404717683792114e-02,7.048276066780090332e-02,7.910889387130737305e-02,8.440691977739334106e-02,8.655855804681777954e-02,8.592515438795089722e-02,8.301658183336257935e-02,7.844836264848709106e-02,7.289028167724609375e-02,6.700997054576873779e-02,6.141615286469459534e-02,5.660585314035415649e-02,5.292027816176414490e-02,5.051311478018760681e-02,4.933438822627067566e-02,4.913173243403434753e-02,4.946957901120185852e-02,4.976537078619003296e-02,4.934035986661911011e-02,4.748136177659034729e-02,4.350876808166503906e-02,3.684535622596740723e-02,2.708031795918941498e-02,1.402299571782350540e-02,-2.258541528135538101e-03,-2.141780778765678406e-02,-4.283155873417854309e-02,-6.562355160713195801e-02,-8.870946615934371948e-02,-1.108603999018669128e-01,-1.307806670665740967e-01,-1.471945643424987793e-01,-1.589359045028686523e-01,-1.650334894657135010e-01,-1.647863090038299561e-01,-1.578224152326583862e-01,-1.441368311643600464e-01,-1.241052448749542236e-01,-9.847211092710494995e-02,-6.831335276365280151e-02,-3.497617691755294800e-02,-8.657531694820084275e-17
0.000000000000000000e+00,-2.452402003109455109e-02,-4.832911118865013123e-02,-7.071518898010253906e-02,-9.101992845535278320e-02,-1.086378470063209534e-01,-1.230392232537269592e-01,-1.337886601686477661e-01,-1.405623555183410645e-01,-1.431634873151779175e-01,-1.415342688560485840e-01,-1.357637494802474976e-01,-1.260901689529418945e-01,-1.128967031836509705e-01,-9.670013189315795898e-02,-7.813210785388946533e-02,-5.791324377059936523e-02,-3.682100400328636169e-02,-1.565277576446533203e-02,4.813882522284984589e-03,2.386139519512653351e-02,4.087008908390998840e-02,5.535115301609039307e-02,6.697209924459457397e-02,7.557256519794464111e-02,8.116883039474487305e-02,8.394639939069747925e-02,8.424055576324462891e-02,8.250609785318374634e-02,7.927802205085754395e-02,7.512600719928741455e-02,7.060600072145462036e-02,6.621263921260833740e-02,6.233628466725349426e-02,5.922836810350418091e-02,5.697801336646080017e-02,5.550232157111167908e-02,5.455152690410614014e-02,5.372919142246246338e-02,5.252628773450851440e-02,5.036695301532745361e-02,4.666256532073020935e-02,4.087008908390998840e-02,3.254998102784156799e-02,2.141903340816497803e-02,7.393500767648220062e-03,-9.381365031003952026e-03,-2.851837314665317535e-02,-4.939386993646621704e-02,-7.117204368114471436e-02,-9.284704923629760742e-02,-1.133004501461982727e-01,-1.313703954219818115e-01,-1.459276229143142700e-01,-1.559532135725021362e-01,-1.606120169162750244e-01,-1.593167334794998169e-01,-1.517774611711502075e-01,-1.380327194929122925e-01,-1.184595748782157898e-01,-9.376146644353866577e-02,-6.493426114320755005e-02,-3.321260586380958557e-02,-8.218263717096454331e-17
0.000000000000000000e+00,-2.527411468327045441e-02,-4.973875731229782104e-02,-7.261271029710769653e-02,-9.317043423652648926e-02,-1.107678562402725220e-01,-1.248656660318374634e-01,-1.350493133068084717e-01,-1.410447359085083008e-01,-1.427293270826339722e-01,-1.401369571685791016e-01,-1.334570944309234619e-01,-1.230271533131599426e-01,-1.093184053897857666e-01,-9.291549026966094971e-02,-7.449033111333847046e-02,-5.477135628461837769e-02,-3.450944647192955017e-02,-1.444239076226949692e-02,4.740394651889801025e-03,2.243067510426044464e-02,3.812979906797409058e-02,5.147076770663261414e-02,6.223242729902267456e-02,7.034462690353393555e-02,7.588380575180053711e-02,7.905901968479156494e-02,8.018922060728073120e-02,7.967314869165420532e-02,7.795381546020507812e-02,7.548007369041442871e-02,7.266809046268463135e-02,6.986555457115173340e-02,6.732148677110671997e-02,6.516409665346145630e-02,6.338872760534286499e-02,6.185703352093696594e-02,6.030796468257904053e-02,5.837999656796455383e-02,5.564335733652114868e-02,5.163996294140815735e-02,4.592829942703247070e-02,3.812979906797409058e-02,2.797314338386058807e-02,1.533285900950431824e-02,2.588823554106056690e-04,-1.700563915073871613e-02,-3.602030128240585327e-02,-5.615814775228500366e-02,-7.663106918334960938e-02,-9.652868658304214478e-02,-1.148685663938522339e-01,-1.306545585393905640e-01,-1.429394930601119995e-01,-1.508879214525222778e-01,-1.538344621658325195e-01,-1.513337343931198120e-01,-1.431978493928909302e-01,-1.295189112424850464e-01,-1.106742471456527710e-01,-8.731398731470108032e-02,-6.033122166991233826e-02,-3.081658296287059784e-02,-7.621972374564128165e-17
0.000000000000000000e+00,-2.601226419210433960e-02,-5.110947042703628540e-02,-7.441595196723937988e-02,-9.513290226459503174e-02,-1.125721856951713562e-01,-1.261847466230392456e-01,-1.355823874473571777e-01,-1.405517309904098511e-01,-1.410598903894424438e-01,-1.372513622045516968e-01,-1.294367015361785889e-01,-1.180732101202011108e-01,-1.037389710545539856e-01,-8.710157126188278198e-02,-6.888312101364135742e-02,-4.982350394129753113e-02,-3.064391762018203735e-02,-1.201261300593614578e-02,5.485250614583492279e-03,2.137199230492115021e-02,3.529471158981323242e-02,4.703461378812789917e-02,5.650790408253669739e-02,6.375832110643386841e-02,6.894194334745407104e-02,7.230529189109802246e-02,7.415827363729476929e-02,7.484384626150131226e-02,7.470645010471343994e-02,7.406142354011535645e-02,7.316758483648300171e-02,7.220489531755447388e-02,7.125888764858245850e-02,7.031308859586715698e-02,6.925003230571746826e-02,6.786103546619415283e-02,6.586416810750961304e-02,6.292925775051116943e-02,5.870832502841949463e-02,5.286931246519088745e-02,4.513073712587356567e-02,3.529471158981323242e-02,2.327587082982063293e-02,9.123840369284152985e-03,-6.962617393583059311e-03,-2.463123016059398651e-02,-4.338237643241882324e-02,-6.258588284254074097e-02,-8.150775730609893799e-02,-9.934560954570770264e-02,-1.152706742286682129e-01,-1.284740120172500610e-01,-1.382140517234802246e-01,-1.438624262809753418e-01,-1.449450999498367310e-01,-1.411762088537216187e-01,-1.324819922447204590e-01,-1.190133169293403625e-01,-1.011455953121185303e-01,-7.946594804525375366e-02,-5.474806204438209534e-02,-2.791614271700382233e-02,-6.900610661669294172e-17
0.000000000000000000e+00,-2.656983584165573120e-02,-5.211842432618141174e-02,-7.567548751831054688e-02,-9.636968374252319336e-02,-1.134706363081932068e-01,-1.264227628707885742e-01,-1.348687410354614258e-01,-1.386615931987762451e-01,-1.378647834062576294e-01,-1.327405124902725220e-01,-1.237273514270782471e-01,-1.114087030291557312e-01,-9.647447615861892700e-02,-7.967832684516906738e-02,-6.179341301321983337e-02,-4.356946423649787903e-02,-2.569372020661830902e-02,-8.758123964071273804e-03,6.765420548617839813e-03,2.054051496088504791e-02,3.237187862396240234e-02,4.220118746161460876e-02,5.009394139051437378e-02,5.621865391731262207e-02,6.082020327448844910e-02,6.418948620557785034e-02,6.663171947002410889e-02,6.843569129705429077e-02,6.984620541334152222e-02,7.104163616895675659e-02,7.211799919605255127e-02,7.308068871498107910e-02,7.384417206048965454e-02,7.423956692218780518e-02,7.402951270341873169e-02,7.292896509170532227e-02,7.063060998916625977e-02,6.683289259672164917e-02,6.126864999532699585e-02,5.373252928256988525e-02,4.410506412386894226e-02,3.237187862396240234e-02,1.863663643598556519e-02,3.126830793917179108e-03,-1.380811911076307297e-02,-3.170640766620635986e-02,-5.001059174537658691e-02,-6.809065490961074829e-02,-8.527214825153350830e-02,-1.008678376674652100e-01,-1.142112389206886292e-01,-1.246900409460067749e-01,-1.317778229713439941e-01,-1.350622475147247314e-01,-1.342682391405105591e-01,-1.292749196290969849e-01,-1.201255172491073608e-01,-1.070295125246047974e-01,-9.035699069499969482e-02,-7.062549144029617310e-02,-4.847983270883560181e-02,-2.466595731675624847e-02,-6.092758282181425563e-17
0.000000000000000000e+00,-2.677599340677261353e-02,-5.243892967700958252e-02,-7.593743503093719482e-02,-9.633941948413848877e-02,-1.128817647695541382e-01,-1.250088959932327271e-01,-1.323978453874588013e-01,-1.349682360887527466e-01,-1.328771114349365234e-01,-1.264989227056503296e-01,-1.163927912712097168e-01,-1.032594367861747742e-01,-8.789109438657760620e-02,-7.111817598342895508e-02,-5.375639721751213074e-02,-3.655819967389106750e-02,-2.017150446772575378e-02,-5.108565092086791992e-03,8.273386396467685699e-03,1.977889612317085266e-02,2.936856076121330261e-02,3.714191541075706482e-02,4.331082105636596680e-02,4.816592112183570862e-02,5.203910917043685913e-02,5.526519194245338440e-02,5.814582854509353638e-02,6.091857701539993286e-02,6.373327225446701050e-02,6.663744151592254639e-02,6.957151740789413452e-02,7.237405329942703247e-02,7.479602843523025513e-02,7.652299851179122925e-02,7.720300555229187012e-02,7.647801935672760010e-02,7.401624321937561035e-02,6.954292207956314087e-02,6.286719441413879395e-02,5.390328541398048401e-02,4.268438369035720825e-02,2.936856076121330261e-02,1.423642784357070923e-02,-2.319077728316187859e-03,-1.980983838438987732e-02,-3.767531365156173706e-02,-5.530925467610359192e-02,-7.208858430385589600e-02,-8.740259706974029541e-02,-1.006808131933212280e-01,-1.114180237054824829e-01,-1.191953271627426147e-01,-1.236963793635368347e-01,-1.247185170650482178e-01,-1.221785172820091248e-01,-1.161134168505668640e-01,-1.066767126321792603e-01,-9.413070976734161377e-02,-7.883561402559280396e-02,-6.123616173863410950e-02,-4.184646531939506531e-02,-2.123352512717247009e-02,-5.240179585228324705e-17
0.000000000000000000e+00,-2.647310309112071991e-02,-5.176990851759910583e-02,-7.478438317775726318e-02,-9.454600512981414795e-02,-1.102754920721054077e-01,-1.214270293712615967e-01,-1.277142465114593506e-01,-1.291183233261108398e-01,-1.258780211210250854e-01,-1.184626966714859009e-01,-1.075307875871658325e-01,-9.387703239917755127e-02,-7.837282121181488037e-02,-6.190412491559982300e-02,-4.531183093786239624e-02,-2.933878079056739807e-02,-1.458727102726697922e-02,-1.489823567681014538e-03,9.705080650746822357e-03,1.893188804388046265e-02,2.629222907125949860e-02,3.202651813626289368e-02,3.647572547197341919e-02,4.003696143627166748e-02,4.311677441000938416e-02,4.608622938394546509e-02,4.924147203564643860e-02,5.277292802929878235e-02,5.674551054835319519e-02,6.109116226434707642e-02,6.561400741338729858e-02,7.000736892223358154e-02,7.388088107109069824e-02,7.679516077041625977e-02,7.830101251602172852e-02,7.797971367835998535e-02,7.548110187053680420e-02,7.055640965700149536e-02,6.308323889970779419e-02,5.308087542653083801e-02,4.071510210633277893e-02,2.629222907125949860e-02,1.024330221116542816e-02,-6.900070235133171082e-03,-2.453610114753246307e-02,-4.202691093087196350e-02,-5.873365327715873718e-02,-7.405006885528564453e-02,-8.743221312761306763e-02,-9.842247515916824341e-02,-1.066667512059211731e-01,-1.119241490960121155e-01,-1.140693351626396179e-01,-1.130882948637008667e-01,-1.090686693787574768e-01,-1.021861582994461060e-01,-9.268879145383834839e-02,-8.088061958551406860e-02,-6.710636615753173828e-02,-5.173810198903083801e-02,-3.516475856304168701e-02,-1.778451725840568542e-02,-4.384166765244148698e-17
0.000000000000000000e+00,-2.553130500018596649e-02,-4.986375942826271057e-02,-7.187410444021224976e-02,-9.058465808629989624e-02,-1.052226051688194275e-01,-1.152641996741294861e-01,-1.204609051346778870e-01,-1.208456531167030334e-01,-1.167192533612251282e-01,-1.086182519793510437e-01,-9.726718813180923462e-02,-8.351914584636688232e-02,-6.828960776329040527e-02,-5.248876661062240601e-02,-3.695761412382125854e-02,-2.241275273263454437e-02,-9.403811767697334290e-03,1.713453326374292374e-03,1.078691333532333374e-02,1.786048524081707001e-02,2.315053157508373260e-02,2.700882405042648315e-02,2.987567894160747528e-02,3.222762793302536011e-02,3.452428057789802551e-02,3.715902194380760193e-02,4.041769728064537048e-02,4.444866999983787537e-02,4.924657940864562988e-02,5.465090647339820862e-02,6.035910546779632568e-02,6.595292687416076660e-02,7.093533128499984741e-02,7.477466762065887451e-02,7.695213705301284790e-02,7.700847089290618896e-02,7.458584755659103394e-02,6.946162134408950806e-02,6.157114729285240173e-02,5.101807788014411926e-02,3.807150572538375854e-02,2.315053157508373260e-02,6.797801703214645386e-03,-1.035548467189073563e-02,-2.763006649911403656e-02,-4.434115067124366760e-02,-5.983957648277282715e-02,-7.354838401079177856e-02,-8.499222993850708008e-02,-9.381769597530364990e-02,-9.980357438325881958e-02,-1.028610095381736755e-01,-1.030244305729866028e-01,-1.004348248243331909e-01,-9.531756490468978882e-02,-8.795743435621261597e-02,-7.867342978715896606e-02,-6.779578328132629395e-02,-5.564732104539871216e-02,-4.253058508038520813e-02,-2.872136235237121582e-02,-1.446862239390611649e-02,-3.562010116859523092e-17
0.000000000000000000e+00,-2.386093512177467346e-02,-4.655007645487785339e-02,-6.697250902652740479e-02,-8.418119698762893677e-02,-9.743680059909820557e-02,-1.062517985701560974e-01,-1.104157269001007080e-01,-1.099998950958251953e-01,-1.053414568305015564e-01,-9.700857847929000854e-02,-8.574970811605453491e-02,-7.243122905492782593e-02,-5.796879157423973083e-02,-4.325782880187034607e-02,-2.910878509283065796e-02,-1.619217358529567719e-02,-4.997539799660444260e-03,4.190748557448387146e-03,1.129946019500494003e-02,1.645431295037269592e-02,1.995127834379673004e-02,2.221434749662876129e-02,2.374382503330707550e-02,2.505989558994770050e-02,2.664652280509471893e-02,2.890060469508171082e-02,3.209070488810539246e-02,3.632882237434387207e-02,4.155738651752471924e-02,4.755238816142082214e-02,5.394208431243896484e-02,6.023932620882987976e-02,6.588457524776458740e-02,7.029562443494796753e-02,7.291959226131439209e-02,7.328275591135025024e-02,7.103384286165237427e-02,6.597722321748733521e-02,5.809335410594940186e-02,4.754487797617912292e-02,3.466816246509552002e-02,1.995127834379673004e-02,4.000499844551086426e-03,-1.250159088522195816e-02,-2.884271182119846344e-02,-4.432824254035949707e-02,-5.832540988922119141e-02,-7.030083239078521729e-02,-7.984859496355056763e-02,-8.670703321695327759e-02,-9.076341241598129272e-02,-9.204695373773574829e-02,-9.071134030818939209e-02,-8.700926601886749268e-02,-8.126165717840194702e-02,-7.382495701313018799e-02,-6.505974382162094116e-02,-5.530356243252754211e-02,-4.485049471259117126e-02,-3.393904864788055420e-02,-2.274902723729610443e-02,-1.140712108463048935e-02,-2.803904379410593567e-17
0.000000000000000000e+00,-2.142169699072837830e-02,-4.175319895148277283e-02,-5.997793748974800110e-02,-7.522088289260864258e-02,-8.680552244186401367e-02,-9.429550915956497192e-02,-9.751800447702407837e-02,-9.656700491905212402e-02,-9.178671985864639282e-02,-8.373674005270004272e-02,-7.314193248748779297e-02,-6.083150580525398254e-02,-4.767226800322532654e-02,-3.450158983469009399e-02,-2.206554450094699860e-02,-1.096707861870527267e-02,-1.628205296583473682e-03,5.731057375669479370e-03,1.109572593122720718e-02,1.464116387069225311e-02,1.670242287218570709e-02,1.773071289062500000e-02,1.824112981557846069e-02,1.875642687082290649e-02,1.975188031792640686e-02,2.160607650876045227e-02,2.456189133226871490e-02,2.870089747011661530e-02,3.393328562378883362e-02,4.000392556190490723e-02,4.651384055614471436e-02,5.295496806502342224e-02,5.875498056411743164e-02,6.332815438508987427e-02,6.612771749496459961e-02,6.669513136148452759e-02,6.470200419425964355e-02,5.998123809695243835e-02,5.254466086626052856e-02,4.258600622415542603e-02,3.046908043324947357e-02,1.670242287218570709e-02,1.902796793729066849e-03,-1.324914861470460892e-02,-2.805717661976814270e-02,-4.185756295919418335e-02,-5.406300723552703857e-02,-6.419878453016281128e-02,-7.192841172218322754e-02,-7.706713676452636719e-02,-7.958255708217620850e-02,-7.958305627107620239e-02,-7.729561626911163330e-02,-7.303566485643386841e-02,-6.717213243246078491e-02,-6.009118258953094482e-02,-5.216227099299430847e-02,-4.370959103107452393e-02,-3.499152511358261108e-02,-2.618970535695552826e-02,-1.740832440555095673e-02,-8.683328516781330109e-03,-2.130561989999565426e-17
0.000000000000000000e+00,-1.822777651250362396e-02,-3.550192713737487793e-02,-5.093459784984588623e-02,-6.376433372497558594e-02,-7.340676337480545044e-02,-7.949147373437881470e-02,-8.188229054212570190e-02,-8.067949116230010986e-02,-7.620416581630706787e-02,-6.896606087684631348e-02,-5.961796641349792480e-02,-4.890041425824165344e-02,-3.758146241307258606e-02,-2.639650739729404449e-02,-1.599310897290706635e-02,-6.885174196213483810e-03,5.798673373647034168e-04,6.238541100174188614e-03,1.011237036436796188e-02,1.239284779876470566e-02,1.341204252094030380e-02,1.360176317393779755e-02,1.344511937350034714e-02,1.342490408569574356e-02,1.397343911230564117e-02,1.542828697711229324e-02,1.799767464399337769e-02,2.173855341970920563e-02,2.654906176030635834e-02,3.217587247490882874e-02,3.823561593890190125e-02,4.424830526113510132e-02,4.967968165874481201e-02,5.398870259523391724e-02,5.667589232325553894e-02,5.732837691903114319e-02,5.565764755010604858e-02,5.152690038084983826e-02,4.496567696332931519e-02,3.617066890001296997e-02,2.549282461404800415e-02,1.341204252094030380e-02,5.017861258238554001e-04,-1.261318009346723557e-02,-2.530223317444324493e-02,-3.697359561920166016e-02,-4.711453244090080261e-02,-5.532380938529968262e-02,-6.133384630084037781e-02,-6.502110511064529419e-02,-6.640422344207763672e-02,-6.563065201044082642e-02,-6.295337527990341187e-02,-5.870035290718078613e-02,-5.323985219001770020e-02,-4.694494977593421936e-02,-4.016077518463134766e-02,-3.317740559577941895e-02,-2.621087245643138885e-02,-1.939382404088973999e-02,-1.277637667953968048e-02,-6.336715538054704666e-03,-1.551751786224567415e-17
0.000000000000000000e+00,-1.434839516878128052e-02,-2.793055400252342224e-02,-4.003389552235603333e-02,-5.004888772964477539e-02,-5.751029402017593384e-02,-6.212703138589859009e-02,-6.379839777946472168e-02,-6.261547654867172241e-02,-5.884786695241928101e-02,-5.291694402694702148e-02,-4.535811021924018860e-02,-3.677524253726005554e-02,-2.779121696949005127e-02,-1.899867877364158630e-02,-1.091505214571952820e-02,-3.945478238165378571e-03,1.643438241444528103e-03,5.737124942243099213e-03,8.372944779694080353e-03,9.726856835186481476e-03,1.008831709623336792e-02,9.825861081480979919e-03,9.346611797809600830e-03,9.053395129740238190e-03,9.303319267928600311e-03,1.037146709859371185e-02,1.242285314947366714e-02,1.549504231661558151e-02,1.949282735586166382e-02,2.419531531631946564e-02,2.927465923130512238e-02,3.432465344667434692e-02,3.889658674597740173e-02,4.253910481929779053e-02,4.483856260776519775e-02,4.545631259679794312e-02,4.415969923138618469e-02,4.084409400820732117e-02,3.554417192935943604e-02,2.843357250094413757e-02,1.981304399669170380e-02,1.008831709623336792e-02,-2.603258471935987473e-04,-1.071401592344045639e-02,-2.075365372002124786e-02,-2.989733591675758362e-02,-3.773371130228042603e-02,-4.394851252436637878e-02,-4.834219813346862793e-02,-5.083749443292617798e-02,-5.147651210427284241e-02,-5.040810629725456238e-02,-4.786694794893264771e-02,-4.414659366011619568e-02,-3.956919908523559570e-02,-3.445487841963768005e-02,-2.909357100725173950e-02,-2.372206002473831177e-02,-1.850811578333377838e-02,-1.354311872273683548e-02,-8.843594230711460114e-03,-4.361212253570556641e-03,-1.065876813195004659e-17
0.000000000000000000e+00,-9.903720580041408539e-03,-1.927102170884609222e-02,-2.760342322289943695e-02,-3.447529673576354980e-02,-3.956298157572746277e-02,-4.266578704118728638e-02,-4.371734708547592163e-02,-4.278640449047088623e-02,-4.006718471646308899e-02,-3.586027398705482483e-02,-3.054565377533435822e-02,-2.455028146505355835e-02,-1.831295713782310486e-02,-1.224941946566104889e-02,-6.720557808876037598e-03,-2.006337745115160942e-03,1.712518977001309395e-03,4.363724030554294586e-03,5.982915870845317841e-03,6.703728344291448593e-03,6.739511154592037201e-03,6.358486600220203400e-03,5.854652263224124908e-03,5.517098587006330490e-03,5.600474309176206589e-03,6.299226544797420502e-03,7.727846503257751465e-03,9.908812120556831360e-03,1.276920922100543976e-02,1.614624820649623871e-02,1.980108581483364105e-02,2.343967556953430176e-02,2.673871256411075592e-02,2.937436103820800781e-02,3.105121105909347534e-02,3.152889758348464966e-02,3.064410202205181122e-02,2.832602523267269135e-02,2.460405975580215454e-02,1.960706338286399841e-02,1.355438586324453354e-02,6.739511154592037201e-03,-4.921708605252206326e-04,-7.769494783133268356e-03,-1.472323667258024216e-02,-2.101303078234195709e-02,-2.635121345520019531e-02,-3.052160888910293579e-02,-3.339181840419769287e-02,-3.491811081767082214e-02,-3.514274582266807556e-02,-3.418424353003501892e-02,-3.222168609499931335e-02,-2.947472035884857178e-02,-2.618125267326831818e-02,-2.257495000958442688e-02,-1.886473782360553741e-02,-1.521810516715049744e-02,-1.174974814057350159e-02,-8.516463451087474823e-03,-5.518611054867506027e-03,-2.707821549847722054e-03,-6.606272171890467654e-18
0.000000000000000000e+00,-5.056489724665880203e-03,-9.836821816861629486e-03,-1.408448349684476852e-02,-1.758067868649959564e-02,-2.015938237309455872e-02,-2.171820588409900665e-02,-2.222420647740364075e-02,-2.171425521373748779e-02,-2.028998173773288727e-02,-1.810779608786106110e-02,-1.536485925316810608e-02,-1.228222902864217758e-02,-9.086625650525093079e-03,-5.992332939058542252e-03,-3.184746019542217255e-03,-8.069100440479815006e-04,1.049894839525222778e-03,2.350808354094624519e-03,3.116998123005032539e-03,3.420370165258646011e-03,3.373949788510799408e-03,3.118865890428423882e-03,2.809152705594897270e-03,2.595751779153943062e-03,2.611152827739715576e-03,2.956026000902056694e-03,3.689017146825790405e-03,4.820572212338447571e-03,6.311302073299884796e-03,8.074983023107051849e-03,9.985889308154582977e-03,1.188976783305406570e-02,1.361745130270719528e-02,1.499988697469234467e-02,1.588325574994087219e-02,1.614283025264739990e-02,1.569439284503459930e-02,1.450221426784992218e-02,1.258293446153402328e-02,1.000505127012729645e-02,6.884093862026929855e-03,3.373949788510799408e-03,-3.448578645475208759e-04,-4.078900907188653946e-03,-7.636374328285455704e-03,-1.084116660058498383e-02,-1.354527752846479416e-02,-1.563856005668640137e-02,-1.705501601099967957e-02,-1.777521148324012756e-02,-1.782469823956489563e-02,-1.726873777806758881e-02,-1.620391756296157837e-02,-1.474751345813274384e-02,-1.302566938102245331e-02,-1.116152387112379074e-02,-9.264392778277397156e-03,-7.421015296131372452e-03,-5.689616315066814423e-03,-4.097300581634044647e-03,-2.640922786667943001e-03,-1.291261636652052402e-03,-3.146394872443479443e-18
0.000000000000000000e+00,-1.250495336828776161e-17,-2.432508721616532182e-17,-3.482438981526617063e-17,-4.346054583956890458e-17,-4.982234229987748725e-17,-5.365661891535883940e-17,-5.488267925417473787e-17,-5.359316092748622133e-17,-5.004141943075093152e-17,-4.461666640323221945e-17,-3.780907914976165869e-17,-3.016785927496015663e-17,-2.225589160514147288e-17,-1.460477203276893619e-17,-7.673927423402461323e-18,-1.817201034469010069e-18,2.740474184806557278e-18,5.914560996206780704e-18,7.759838401822218777e-18,8.457142559217683023e-18,8.289343181697013488e-18,7.608886211837416756e-18,6.799922597914644410e-18,6.238476652276420811e-18,6.254230720632799500e-18,7.097291546585620200e-18,8.912853729466009583e-18,1.172591301302409504e-17,1.543729126899538110e-17,1.983121512587296029e-17,2.459366779797761459e-17,2.933980185095782275e-17,3.364790075619935000e-17,3.709685679001880059e-17,3.930381106025723076e-17,3.995866679015831128e-17,3.885246161337889631e-17,3.589717027785354285e-17,3.113528339728787483e-17,2.473840620720091826e-17,1.699513375150629897e-17,8.289343181697013488e-18,-9.291037396802803624e-19,-1.017864520746405508e-17,-1.898224657598528587e-17,-2.690246619959479863e-17,-3.357236924010590794e-17,-3.871973882973353792e-17,-4.218266759846023425e-17,-4.391545547180366726e-17,-4.398454490528654634e-17,-4.255521320274186685e-17,-3.987053565897446150e-17,-3.622473380042454181e-17,-3.193359540646280184e-17,-2.730478368848343981e-17,-2.261080833620837536e-17,-1.806717471462604879e-17,-1.381760462798693612e-17,-9.927581829483797776e-18,-6.386604434059660519e-18,-3.118707276184951362e-18,-7.595888007328168659e-33
