0.000000000000000000e+00,0.000000000000000000e+00,0.000000000000000000e+00,0.000000000000000000e+00,0.000000000000000000e+00,0.000000000000000000e+00,0.000000000000000000e+00,0.000000000000000000e+00,0.000000000000000000e+00,0.000000000000000000e+00,0.000000000000000000e+00,0.000000000000000000e+00,0.000000000000000000e+00,0.000000000000000000e+00,0.000000000000000000e+00,0.000000000000000000e+00,0.000000000000000000e+00,0.000000000000000000e+00,0.000000000000000000e+00,0.000000000000000000e+00,0.000000000000000000e+00,0.000000000000000000e+00,0.000000000000000000e+00,0.000000000000000000e+00,0.000000000000000000e+00,0.000000000000000000e+00,0.000000000000000000e+00,0.000000000000000000e+00,0.000000000000000000e+00,0.000000000000000000e+00,0.000000000000000000e+00,0.000000000000000000e+00,0.000000000000000000e+00,0.000000000000000000e+00,0.000000000000000000e+00,0.000000000000000000e+00,0.000000000000000000e+00,0.000000000000000000e+00,0.000000000000000000e+00,0.000000000000000000e+00,0.000000000000000000e+00,0.000000000000000000e+00,0.000000000000000000e+00,0.000000000000000000e+00,0.000000000000000000e+00,0.000000000000000000e+00,0.000000000000000000e+00,0.000000000000000000e+00,0.000000000000000000e+00,0.000000000000000000e+00,0.000000000000000000e+00,0.000000000000000000e+00,0.000000000000000000e+00,0.000000000000000000e+00,0.000000000000000000e+00,0.000000000000000000e+00,0.000000000000000000e+00,0.000000000000000000e+00,0.000000000000000000e+00,0.000000000000000000e+00,0.000000000000000000e+00,0.000000000000000000e+00,0.000000000000000000e+00,0.000000000000000000e+00
0.000000000000000000e+00,1.325508346781134605e-03,2.641197293996810913e-03,3.934783861041069031e-03,5.189398303627967834e-03,6.382112856954336166e-03,7.483352441340684891e-03,8.457349613308906555e-03,9.263664484024047852e-03,9.859704412519931793e-03,1.020404975861310959e-02,1.026030536741018295e-02,1.000111084431409836e-02,9.411935694515705109e-03,8.494247682392597198e-03,7.267700508236885071e-03,5.771053489297628403e-03,4.061630461364984512e-03,2.213246654719114304e-03,3.126797964796423912e-04,-1.545135979540646076e-03,-3.262868849560618401e-03,-4.747095983475446701e-03,-5.914689972996711731e-03,-6.698783021420240402e-03,-7.053837645798921585e-03,-6.959394551813602448e-03,-6.422176491469144821e-03,-5.476338323205709457e-03,-4.181800875812768936e-03,-2.620756160467863083e-03,-8.925680303946137428e-04,8.925680303946137428e-04,2.620756160467863083e-03,4.181800875812768936e-03,5.476338323205709457e-03,6.422176491469144821e-03,6.959394551813602448e-03,7.053837645798921585e-03,6.698783021420240402e-03,5.914689972996711731e-03,4.747095983475446701e-03,3.262868849560618401e-03,1.545135979540646076e-03,-3.126797964796423912e-04,-2.213246654719114304e-03,-4.061630461364984512e-03,-5.771053489297628403e-03,-7.267700508236885071e-03,-8.494247682392597198e-03,-9.411935694515705109e-03,-1.000111084431409836e-02,-1.026030536741018295e-02,-1.020404975861310959e-02,-9.859704412519931793e-03,-9.263664484024047852e-03,-8.457349613308906555e-03,-7.483352441340684891e-03,-6.382112856954336166e-03,-5.189398303627967834e-03,-3.934783861041069031e-03,-2.641197293996810913e-03,-1.325508346781134605e-03,-3.259058526234426918e-18
0.000000000000000000e+00,2.702086465433239937e-03,5.377979017794132233e-03,7.997209206223487854e-03,1.052138209342956543e-02,1.290170475840568542e-02,1.507813204079866409e-02,1.698039285838603973e-02,1.853095367550849915e-02,1.964978873729705811e-02,2.026056870818138123e-02,2.029778435826301575e-02,1.971410214900970459e-02,1.848726719617843628e-02,1.662578061223030090e-02,1.417274493724107742e-02,1.120728906244039536e-02,7.843285799026489258e-03,4.225209355354309082e-03,5.212841206230223179e-04,-3.085714532062411308e-03,-6.409405730664730072e-03,-9.271733462810516357e-03,-1.151499804109334946e-02,-1.301305368542671204e-02,-1.368079241365194321e-02,-1.348111592233181000e-02,-1.242879219353199005e-02,-1.059081591665744781e-02,-8.083160035312175751e-03,-5.064083728939294815e-03,-1.724427333101630211e-03,1.724427333101630211e-03,5.064083728939294815e-03,8.083160035312175751e-03,1.059081591665744781e-02,1.242879219353199005e-02,1.348111592233181000e-02,1.368079241365194321e-02,1.301305368542671204e-02,1.151499804109334946e-02,9.271733462810516357e-03,6.409405730664730072e-03,3.085714532062411308e-03,-5.212841206230223179e-04,-4.225209355354309082e-03,-7.843285799026489258e-03,-1.120728906244039536e-02,-1.417274493724107742e-02,-1.662578061223030090e-02,-1.848726719617843628e-02,-1.971410214900970459e-02,-2.029778435826301575e-02,-2.026056870818138123e-02,-1.964978873729705811e-02,-1.853095367550849915e-02,-1.698039285838603973e-02,-1.507813204079866409e-02,-1.290170475840568542e-02,-1.052138209342956543e-02,-7.997209206223487854e-03,-5.377979017794132233e-03,-2.702086465433239937e-03,-6.646274212723225796e-18
0.000000000000000000e+00,4.174400586634874344e-03,8.293733000755310059e-03,1.229809224605560303e-02,1.611869409680366516e-02,1.967530883848667145e-02,2.287575230002403259e-02,2.561771683394908905e-02,2.779302746057510376e-02,2.929412573575973511e-02,3.002226538956165314e-02,2.989677898585796356e-02,2.886450290679931641e-02,2.690845541656017303e-02,2.405481413006782532e-02,2.037732303142547607e-02,1.599850319325923920e-02,1.108721364289522171e-02,5.852441769093275070e-03,5.335524328984320164e-04,-4.612520802766084671e-03,-9.326308965682983398e-03,-1.336204167455434799e-02,-1.650390028953552246e-02,-1.858105324208736420e-02,-1.948028244078159332e-02,-1.915516704320907593e-02,-1.763102971017360687e-02,-1.500514335930347443e-02,-1.144205220043659210e-02,-7.164264097809791565e-03,-2.438885858282446861e-03,2.438885858282446861e-03,7.164264097809791565e-03,1.144205220043659210e-02,1.500514335930347443e-02,1.763102971017360687e-02,1.915516704320907593e-02,1.948028244078159332e-02,1.858105324208736420e-02,1.650390028953552246e-02,1.336204167455434799e-02,9.326308965682983398e-03,4.612520802766084671e-03,-5.335524328984320164e-04,-5.852441769093275070e-03,-1.108721364289522171e-02,-1.599850319325923920e-02,-2.037732303142547607e-02,-2.405481413006782532e-02,-2.690845541656017303e-02,-2.886450290679931641e-02,-2.989677898585796356e-02,-3.002226538956165314e-02,-2.929412573575973511e-02,-2.779302746057510376e-02,-2.561771683394908905e-02,-2.287575230002403259e-02,-1.967530883848667145e-02,-1.611869409680366516e-02,-1.229809224605560303e-02,-8.293733000755310059e-03,-4.174400586634874344e-03,-1.027382474464746921e-17
0.000000000000000000e+00,5.774883553385734558e-03,1.144854724407196045e-02,1.691611483693122864e-02,2.206619270145893097e-02,2.677948959171772003e-02,3.092947416007518768e-02,3.438534960150718689e-02,3.701738268136978149e-02,3.870435431599617004e-02,3.934254869818687439e-02,3.885560110211372375e-02,3.720419481396675110e-02,3.439469262957572937e-02,3.048564679920673370e-02,2.559134736657142639e-02,1.988173462450504303e-02,1.357825938612222672e-02,6.945640314370393753e-03,2.797744818963110447e-04,-6.107556633651256561e-03,-1.190626621246337891e-02,-1.682665385305881500e-02,-2.061788365244865417e-02,-2.308488823473453522e-02,-2.410237677395343781e-02,-2.362481690943241119e-02,-2.169153466820716858e-02,-1.842638105154037476e-02,-1.403188332915306091e-02,-8.778109215199947357e-03,-2.986978739500045776e-03,2.986978739500045776e-03,8.778109215199947357e-03,1.403188332915306091e-02,1.842638105154037476e-02,2.169153466820716858e-02,2.362481690943241119e-02,2.410237677395343781e-02,2.308488823473453522e-02,2.061788365244865417e-02,1.682665385305881500e-02,1.190626621246337891e-02,6.107556633651256561e-03,-2.797744818963110447e-04,-6.945640314370393753e-03,-1.357825938612222672e-02,-1.988173462450504303e-02,-2.559134736657142639e-02,-3.048564679920673370e-02,-3.439469262957572937e-02,-3.720419481396675110e-02,-3.885560110211372375e-02,-3.934254869818687439e-02,-3.870435431599617004e-02,-3.701738268136978149e-02,-3.438534960150718689e-02,-3.092947416007518768e-02,-2.677948959171772003e-02,-2.206619270145893097e-02,-1.691611483693122864e-02,-1.144854724407196045e-02,-5.774883553385734558e-03,-1.422335408923705981e-17
0.000000000000000000e+00,7.518999278545379639e-03,1.487020030617713928e-02,2.188541367650032043e-02,2.839626185595989227e-02,3.423549979925155640e-02,3.923983871936798096e-02,4.325444623827934265e-02,4.613909125328063965e-02,4.777563735842704773e-02,4.807638749480247498e-02,4.699259996414184570e-02,4.452234879136085510e-02,4.071684181690216064e-02,3.568443655967712402e-02,2.959155663847923279e-02,2.266004681587219238e-02,1.516070589423179626e-02,7.403016556054353714e-03,-2.785391407087445259e-04,-7.540919352322816849e-03,-1.405076961964368820e-02,-1.950333639979362488e-02,-2.364075742661952972e-02,-2.626846171915531158e-02,-2.726842276751995087e-02,-2.660824172198772430e-02,-2.434526383876800537e-02,-2.062529139220714569e-02,-1.567581295967102051e-02,-9.794060140848159790e-03,-3.330588573589920998e-03,3.330588573589920998e-03,9.794060140848159790e-03,1.567581295967102051e-02,2.062529139220714569e-02,2.434526383876800537e-02,2.660824172198772430e-02,2.726842276751995087e-02,2.626846171915531158e-02,2.364075742661952972e-02,1.950333639979362488e-02,1.405076961964368820e-02,7.540919352322816849e-03,2.785391407087445259e-04,-7.403016556054353714e-03,-1.516070589423179626e-02,-2.266004681587219238e-02,-2.959155663847923279e-02,-3.568443655967712402e-02,-4.071684181690216064e-02,-4.452234879136085510e-02,-4.699259996414184570e-02,-4.807638749480247498e-02,-4.777563735842704773e-02,-4.613909125328063965e-02,-4.325444623827934265e-02,-3.923983871936798096e-02,-3.423549979925155640e-02,-2.839626185595989227e-02,-2.188541367650032043e-02,-1.487020030617713928e-02,-7.518999278545379639e-03,-1.853415952944286057e-17
0.000000000000000000e+00,9.402031078934669495e-03,1.854806020855903625e-02,2.718720212578773499e-02,3.507899120450019836e-02,4.199903085827827454e-02,4.774505645036697388e-02,5.214335024356842041e-02,5.505540966987609863e-02,5.638449266552925110e-02,5.608173087239265442e-02,5.415124818682670593e-02,5.065383762121200562e-02,4.570861533284187317e-02,3.949224576354026794e-02,3.223535418510437012e-02,2.421600744128227234e-02,1.575018838047981262e-02,7.179591804742813110e-03,-1.142853870987892151e-03,-8.869078941643238068e-03,-1.567272469401359558e-02,-2.126581408083438873e-02,-2.541423030197620392e-02,-2.795099653303623199e-02,-2.878645621240139008e-02,-2.791458740830421448e-02,-2.541493996977806091e-02,-2.144989930093288422e-02,-1.625732891261577606e-02,-1.013890188187360764e-02,-3.444747067987918854e-03,3.444747067987918854e-03,1.013890188187360764e-02,1.625732891261577606e-02,2.144989930093288422e-02,2.541493996977806091e-02,2.791458740830421448e-02,2.878645621240139008e-02,2.795099653303623199e-02,2.541423030197620392e-02,2.126581408083438873e-02,1.567272469401359558e-02,8.869078941643238068e-03,1.142853870987892151e-03,-7.179591804742813110e-03,-1.575018838047981262e-02,-2.421600744128227234e-02,-3.223535418510437012e-02,-3.949224576354026794e-02,-4.570861533284187317e-02,-5.065383762121200562e-02,-5.415124818682670593e-02,-5.608173087239265442e-02,-5.638449266552925110e-02,-5.505540966987609863e-02,-5.214335024356842041e-02,-4.774505645036697388e-02,-4.199903085827827454e-02,-3.507899120450019836e-02,-2.718720212578773499e-02,-1.854806020855903625e-02,-9.402031078934669495e-03,-2.319515849941788602e-17
0.000000000000000000e+00,1.139768958091735840e-02,2.243045344948768616e-02,3.274620324373245239e-02,4.201809316873550415e-02,4.995609447360038757e-02,5.631734058260917664e-02,6.091485545039176941e-02,6.362439692020416260e-02,6.438906490802764893e-02,6.322158128023147583e-02,6.020395085215568542e-02,5.548465251922607422e-02,4.927320778369903564e-02,4.183240607380867004e-02,3.346836566925048828e-02,2.451877482235431671e-02,1.533972285687923431e-02,6.291619036346673965e-03,-2.275227103382349014e-03,-1.003480795770883560e-02,-1.669877953827381134e-02,-2.202841080725193024e-02,-2.584455907344818115e-02,-2.803523279726505280e-02,-2.856034226715564728e-02,-2.745339274406433105e-02,-2.482001110911369324e-02,-2.083331532776355743e-02,-1.572630740702152252e-02,-9.781604632735252380e-03,-3.318948671221733093e-03,3.318948671221733093e-03,9.781604632735252380e-03,1.572630740702152252e-02,2.083331532776355743e-02,2.482001110911369324e-02,2.745339274406433105e-02,2.856034226715564728e-02,2.803523279726505280e-02,2.584455907344818115e-02,2.202841080725193024e-02,1.669877953827381134e-02,1.003480795770883560e-02,2.275227103382349014e-03,-6.291619036346673965e-03,-1.533972285687923431e-02,-2.451877482235431671e-02,-3.346836566925048828e-02,-4.183240607380867004e-02,-4.927320778369903564e-02,-5.548465251922607422e-02,-6.020395085215568542e-02,-6.322158128023147583e-02,-6.438906490802764893e-02,-6.362439692020416260e-02,-6.091485545039176941e-02,-5.631734058260917664e-02,-4.995609447360038757e-02,-4.201809316873550415e-02,-3.274620324373245239e-02,-2.243045344948768616e-02,-1.139768958091735840e-02,-2.814141897543794859e-17
0.000000000000000000e+00,1.345867663621902466e-02,2.642577327787876129e-02,3.843225538730621338e-02,4.905293136835098267e-02,5.792540311813354492e-02,6.476557999849319458e-02,6.937906146049499512e-02,7.166782021522521973e-02,7.163197547197341919e-02,6.936667859554290771e-02,6.505452096462249756e-02,5.895402655005455017e-02,5.138500779867172241e-02,4.271177574992179871e-02,3.332514688372612000e-02,2.362429909408092499e-02,1.399938482791185379e-02,4.815754946321249008e-03,-3.599593881517648697e-03,-1.096886396408081055e-02,-1.707134209573268890e-02,-2.174828760325908661e-02,-2.490492723882198334e-02,-2.650984190404415131e-02,-2.659213542938232422e-02,-2.523676864802837372e-02,-2.257857657968997955e-02,-1.879532448947429657e-02,-1.410020980983972549e-02,-8.734053000807762146e-03,-2.957399003207683563e-03,2.957399003207683563e-03,8.734053000807762146e-03,1.410020980983972549e-02,1.879532448947429657e-02,2.257857657968997955e-02,2.523676864802837372e-02,2.659213542938232422e-02,2.650984190404415131e-02,2.490492723882198334e-02,2.174828760325908661e-02,1.707134209573268890e-02,1.096886396408081055e-02,3.599593881517648697e-03,-4.815754946321249008e-03,-1.399938482791185379e-02,-2.362429909408092499e-02,-3.332514688372612000e-02,-4.271177574992179871e-02,-5.138500779867172241e-02,-5.895402655005455017e-02,-6.505452096462249756e-02,-6.936667859554290771e-02,-7.163197547197341919e-02,-7.166782021522521973e-02,-6.937906146049499512e-02,-6.476557999849319458e-02,-5.792540311813354492e-02,-4.905293136835098267e-02,-3.843225538730621338e-02,-2.642577327787876129e-02,-1.345867663621902466e-02,-3.325554252188584728e-17
0.000000000000000000e+00,1.551916822791099548e-02,3.040724806487560272e-02,4.406698793172836304e-02,5.596660450100898743e-02,6.566720455884933472e-02,7.284422963857650757e-02,7.730165123939514160e-02,7.897825539112091064e-02,7.794569432735443115e-02,7.439883053302764893e-02,6.863922625780105591e-02,6.105324625968933105e-02,5.208639800548553467e-02,4.221587628126144409e-02,3.192318230867385864e-02,2.166870236396789551e-02,1.186970807611942291e-02,2.883067354559898376e-03,-5.006650928407907486e-03,-1.159337069839239120e-02,-1.675020344555377960e-02,-2.042525820434093475e-02,-2.263353206217288971e-02,-2.344605885446071625e-02,-2.297762967646121979e-02,-2.137436904013156891e-02,-1.880229264497756958e-02,-1.543775666505098343e-02,-1.146038528531789780e-02,-7.048679981380701065e-03,-2.378196222707629204e-03,2.378196222707629204e-03,7.048679981380701065e-03,1.146038528531789780e-02,1.543775666505098343e-02,1.880229264497756958e-02,2.137436904013156891e-02,2.297762967646121979e-02,2.344605885446071625e-02,2.263353206217288971e-02,2.042525820434093475e-02,1.675020344555377960e-02,1.159337069839239120e-02,5.006650928407907486e-03,-2.883067354559898376e-03,-1.186970807611942291e-02,-2.166870236396789551e-02,-3.192318230867385864e-02,-4.221587628126144409e-02,-5.208639800548553467e-02,-6.105324625968933105e-02,-6.863922625780105591e-02,-7.439883053302764893e-02,-7.794569432735443115e-02,-7.897825539112091064e-02,-7.730165123939514160e-02,-7.284422963857650757e-02,-6.566720455884933472e-02,-5.596660450100898743e-02,-4.406698793172836304e-02,-3.040724806487560272e-02,-1.551916822791099548e-02,-3.837384167606591365e-17
0.000000000000000000e+00,1.749902591109275818e-02,3.422100841999053955e-02,4.943507164716720581e-02,6.249940767884254456e-02,7.289786636829376221e-02,8.026777207851409912e-02,8.441706746816635132e-02,8.532983809709548950e-02,8.316009491682052612e-02,7.821463048458099365e-02,7.092649489641189575e-02,6.182144582271575928e-02,5.148005858063697815e-02,4.049845412373542786e-02,2.945070154964923859e-02,1.885549351572990417e-02,9.149420075118541718e-03,6.683850660920143127e-04,-6.361947394907474518e-03,-1.182666327804327011e-02,-1.571375131607055664e-02,-1.809930987656116486e-02,-1.912771165370941162e-02,-1.898896880447864532e-02,-1.789567619562149048e-02,-1.606173999607563019e-02,-1.368486322462558746e-02,-1.093418989330530167e-02,-7.943951524794101715e-03,-4.813262261450290680e-03,-1.611543702892959118e-03,1.611543702892959118e-03,4.813262261450290680e-03,7.943951524794101715e-03,1.093418989330530167e-02,1.368486322462558746e-02,1.606173999607563019e-02,1.789567619562149048e-02,1.898896880447864532e-02,1.912771165370941162e-02,1.809930987656116486e-02,1.571375131607055664e-02,1.182666327804327011e-02,6.361947394907474518e-03,-6.683850660920143127e-04,-9.149420075118541718e-03,-1.885549351572990417e-02,-2.945070154964923859e-02,-4.049845412373542786e-02,-5.148005858063697815e-02,-6.182144582271575928e-02,-7.092649489641189575e-02,-7.821463048458099365e-02,-8.316009491682052612e-02,-8.532983809709548950e-02,-8.441706746816635132e-02,-8.026777207851409912e-02,-7.289786636829376221e-02,-6.249940767884254456e-02,-4.943507164716720581e-02,-3.422100841999053955e-02,-1.749902591109275818e-02,-4.329684348762221019e-17
0.000000000000000000e+00,1.930938102304935455e-02,3.769677504897117615e-02,5.429908260703086853e-02,6.836658716201782227e-02,7.930897176265716553e-02,8.672959357500076294e-02,9.044547379016876221e-02,9.049192070960998535e-02,8.711159974336624146e-02,8.072940260171890259e-02,7.191535830497741699e-02,6.133876740932464600e-02,4.971750453114509583e-02,3.776649758219718933e-02,2.614948898553848267e-02,1.543773896992206573e-02,6.078586913645267487e-03,-1.624075812287628651e-03,-7.516516372561454773e-03,-1.158924214541912079e-02,-1.395974867045879364e-02,-1.484615821391344070e-02,-1.453469227999448776e-02,-1.334435399621725082e-02,-1.159229967743158340e-02,-9.563177824020385742e-03,-7.485199719667434692e-03,-5.514943506568670273e-03,-3.731979522854089737e-03,-2.143377438187599182e-03,-6.971553084440529346e-04,6.971553084440529346e-04,2.143377438187599182e-03,3.731979522854089737e-03,5.514943506568670273e-03,7.485199719667434692e-03,9.563177824020385742e-03,1.159229967743158340e-02,1.334435399621725082e-02,1.453469227999448776e-02,1.484615821391344070e-02,1.395974867045879364e-02,1.158924214541912079e-02,7.516516372561454773e-03,1.624075812287628651e-03,-6.078586913645267487e-03,-1.543773896992206573e-02,-2.614948898553848267e-02,-3.776649758219718933e-02,-4.971750453114509583e-02,-6.133876740932464600e-02,-7.191535830497741699e-02,-8.072940260171890259e-02,-8.711159974336624146e-02,-9.049192070960998535e-02,-9.044547379016876221e-02,-8.672959357500076294e-02,-7.930897176265716553e-02,-6.836658716201782227e-02,-5.429908260703086853e-02,-3.769677504897117615e-02,-1.930938102304935455e-02,-4.780318780719064627e-17
0.000000000000000000e+00,2.085912413895130157e-02,4.066026583313941956e-02,5.841673538088798523e-02,7.327891141176223755e-02,8.458943665027618408e-02,9.192361682653427124e-02,9.511212259531021118e-02,9.424447268247604370e-02,8.965330570936203003e-02,8.188120275735855103e-02,7.163297384977340698e-02,5.971763655543327332e-02,4.698497802019119263e-02,3.426197543740272522e-02,2.229419350624084473e-02,1.169676892459392548e-02,2.918642247095704079e-03,-3.777590580284595490e-03,-8.319145999848842621e-03,-1.081035099923610687e-02,-1.150562707334756851e-02,-1.077125035226345062e-02,-9.039860218763351440e-03,-6.762253120541572571e-03,-4.361060447990894318e-03,-2.190636936575174332e-03,-5.067576421424746513e-04,5.512982024811208248e-04,9.649464627727866173e-04,8.268103701993823051e-04,3.189098788425326347e-04,-3.189098788425326347e-04,-8.268103701993823051e-04,-9.649464627727866173e-04,-5.512982024811208248e-04,5.067576421424746513e-04,2.190636936575174332e-03,4.361060447990894318e-03,6.762253120541572571e-03,9.039860218763351440e-03,1.077125035226345062e-02,1.150562707334756851e-02,1.081035099923610687e-02,8.319145999848842621e-03,3.777590580284595490e-03,-2.918642247095704079e-03,-1.169676892459392548e-02,-2.229419350624084473e-02,-3.426197543740272522e-02,-4.698497802019119263e-02,-5.971763655543327332e-02,-7.163297384977340698e-02,-8.188120275735855103e-02,-8.965330570936203003e-02,-9.424447268247604370e-02,-9.511212259531021118e-02,-9.192361682653427124e-02,-8.458943665027618408e-02,-7.327891141176223755e-02,-5.841673538088798523e-02,-4.066026583313941956e-02,-2.085912413895130157e-02,-5.166582017407031621e-17
0.000000000000000000e+00,2.206176146864891052e-02,4.294630140066146851e-02,6.155908480286598206e-02,7.696436345577239990e-02,8.844873309135437012e-02,9.556707739830017090e-02,9.816759824752807617e-02,9.639400988817214966e-02,9.066519886255264282e-02,8.163437247276306152e-02,7.013129442930221558e-02,5.709288641810417175e-02,4.348786547780036926e-02,3.024198673665523529e-02,1.816992089152336121e-02,7.919264957308769226e-03,-6.900531298015266657e-05,-5.580859724432229996e-03,-8.629252202808856964e-03,-9.434625506401062012e-03,-8.388317190110683441e-03,-6.002771202474832535e-03,-2.853542566299438477e-03,4.812984261661767960e-04,3.478657919913530350e-03,5.719505250453948975e-03,6.925155408680438995e-03,6.977631710469722748e-03,5.922549869865179062e-03,3.954642452299594879e-03,1.387713826261460781e-03,-1.387713826261460781e-03,-3.954642452299594879e-03,-5.922549869865179062e-03,-6.977631710469722748e-03,-6.925155408680438995e-03,-5.719505250453948975e-03,-3.478657919913530350e-03,-4.812984261661767960e-04,2.853542566299438477e-03,6.002771202474832535e-03,8.388317190110683441e-03,9.434625506401062012e-03,8.629252202808856964e-03,5.580859724432229996e-03,6.900531298015266657e-05,-7.919264957308769226e-03,-1.816992089152336121e-02,-3.024198673665523529e-02,-4.348786547780036926e-02,-5.709288641810417175e-02,-7.013129442930221558e-02,-8.163437247276306152e-02,-9.066519886255264282e-02,-9.639400988817214966e-02,-9.816759824752807617e-02,-9.556707739830017090e-02,-8.844873309135437012e-02,-7.696436345577239990e-02,-6.155908480286598206e-02,-4.294630140066146851e-02,-2.206176146864891052e-02,-5.466906813278904400e-17
0.000000000000000000e+00,2.284205518662929535e-02,4.441149905323982239e-02,6.352812051773071289e-02,7.918903231620788574e-02,9.063925594091415405e-02,9.742233902215957642e-02,9.940712153911590576e-02,9.678866714239120483e-02,9.006364643573760986e-02,7.998259365558624268e-02,6.748337298631668091e-02,5.361158773303031921e-02,3.943497315049171448e-02,2.595887705683708191e-02,1.405001338571310043e-02,4.374636337161064148e-03,-2.643952844664454460e-03,-6.845478434115648270e-03,-8.329256437718868256e-03,-7.428253535181283951e-03,-4.663600120693445206e-03,-6.842162110842764378e-04,3.802575170993804932e-03,8.102845400571823120e-03,1.160359755158424377e-02,1.382985617965459824e-02,1.448620483279228210e-02,1.347917690873146057e-02,1.091873925179243088e-02,7.099085487425327301e-03,2.460914663970470428e-03,-2.460914663970470428e-03,-7.099085487425327301e-03,-1.091873925179243088e-02,-1.347917690873146057e-02,-1.448620483279228210e-02,-1.382985617965459824e-02,-1.160359755158424377e-02,-8.102845400571823120e-03,-3.802575170993804932e-03,6.842162110842764378e-04,4.663600120693445206e-03,7.428253535181283951e-03,8.329256437718868256e-03,6.845478434115648270e-03,2.643952844664454460e-03,-4.374636337161064148e-03,-1.405001338571310043e-02,-2.595887705683708191e-02,-3.943497315049171448e-02,-5.361158773303031921e-02,-6.748337298631668091e-02,-7.998259365558624268e-02,-9.006364643573760986e-02,-9.678866714239120483e-02,-9.940712153911590576e-02,-9.742233902215957642e-02,-9.063925594091415405e-02,-7.918903231620788574e-02,-6.352812051773071289e-02,-4.441149905323982239e-02,-2.284205518662929535e-02,-5.662521131513404554e-17
0.000000000000000000e+00,2.314190752804279327e-02,4.494548961520195007e-02,6.417232751846313477e-02,7.977560907602310181e-02,9.097605943679809570e-02,9.731604903936386108e-02,9.868742525577545166e-02,9.533121436834335327e-02,8.780930191278457642e-02,7.695104181766510010e-02,6.377942860126495361e-02,4.942341893911361694e-02,3.502401709556579590e-02,2.164209820330142975e-02,1.017585117369890213e-02,1.294599147513508797e-03,-4.605630412697792053e-03,-7.421468850225210190e-03,-7.335409987717866898e-03,-4.784081131219863892e-03,-4.050011921208351851e-04,5.032897461205720901e-03,1.070833019912242889e-02,1.582890562713146210e-02,1.970705017447471619e-02,2.182370983064174652e-02,2.187413349747657776e-02,1.979175582528114319e-02,1.574824377894401550e-02,1.013005618005990982e-02,3.493967931717634201e-03,-3.493967931717634201e-03,-1.013005618005990982e-02,-1.574824377894401550e-02,-1.979175582528114319e-02,-2.187413349747657776e-02,-2.182370983064174652e-02,-1.970705017447471619e-02,-1.582890562713146210e-02,-1.070833019912242889e-02,-5.032897461205720901e-03,4.050011921208351851e-04,4.784081131219863892e-03,7.335409987717866898e-03,7.421468850225210190e-03,4.605630412697792053e-03,-1.294599147513508797e-03,-1.017585117369890213e-02,-2.164209820330142975e-02,-3.502401709556579590e-02,-4.942341893911361694e-02,-6.377942860126495361e-02,-7.695104181766510010e-02,-8.780930191278457642e-02,-9.533121436834335327e-02,-9.868742525577545166e-02,-9.731604903936386108e-02,-9.097605943679809570e-02,-7.977560907602310181e-02,-6.417232751846313477e-02,-4.494548961520195007e-02,-2.314190752804279327e-02,-5.738912253699411724e-17
0.000000000000000000e+00,2.292496711015701294e-02,4.447972401976585388e-02,6.339886039495468140e-02,7.861780375242233276e-02,8.935219794511795044e-02,9.515396505594253540e-02,9.593966603279113770e-02,9.198882430791854858e-02,8.391285687685012817e-02,7.259736210107803345e-02,5.912306159734725952e-02,4.467231035232543945e-02,3.042939677834510803e-02,1.748317480087280273e-02,6.740332115441560745e-03,-1.143385539762675762e-03,-5.808418150991201401e-03,-7.209580391645431519e-03,-5.606139544397592545e-03,-1.525211147964000702e-03,4.297758918255567551e-03,1.099565811455249786e-02,1.765628904104232788e-02,2.341084554791450500e-02,2.751616574823856354e-02,2.942333742976188660e-02,2.882649376988410950e-02,2.568754926323890686e-02,2.023486979305744171e-02,1.293621957302093506e-02,4.448801279067993164e-03,-4.448801279067993164e-03,-1.293621957302093506e-02,-2.023486979305744171e-02,-2.568754926323890686e-02,-2.882649376988410950e-02,-2.942333742976188660e-02,-2.751616574823856354e-02,-2.341084554791450500e-02,-1.765628904104232788e-02,-1.099565811455249786e-02,-4.297758918255567551e-03,1.525211147964000702e-03,5.606139544397592545e-03,7.209580391645431519e-03,5.808418150991201401e-03,1.143385539762675762e-03,-6.740332115441560745e-03,-1.748317480087280273e-02,-3.042939677834510803e-02,-4.467231035232543945e-02,-5.912306159734725952e-02,-7.259736210107803345e-02,-8.391285687685012817e-02,-9.198882430791854858e-02,-9.593966603279113770e-02,-9.515396505594253540e-02,-8.935219794511795044e-02,-7.861780375242233276e-02,-6.339886039495468140e-02,-4.447972401976585388e-02,-2.292496711015701294e-02,-5.686981193098842604e-17
0.000000000000000000e+00,2.217962592840194702e-02,4.299317300319671631e-02,6.118138134479522705e-02,7.568961381912231445e-02,8.574844896793365479e-02,9.093027561902999878e-02,9.117730706930160522e-02,8.679879456758499146e-02,7.843791693449020386e-02,6.701149046421051025e-02,5.362779274582862854e-02,3.948996216058731079e-02,2.579321339726448059e-02,1.362495031207799911e-02,3.876283299177885056e-03,-2.827517688274383545e-03,-6.171849556267261505e-03,-6.169351749122142792e-03,-3.147203009575605392e-03,2.293279161676764488e-03,9.340712800621986389e-03,1.705530658364295959e-02,2.446050196886062622e-02,3.063617274165153503e-02,3.480490297079086304e-02,3.640354424715042114e-02,3.513368591666221619e-02,3.098657540977001190e-02,2.424044162034988403e-02,1.543067209422588348e-02,5.295765586197376251e-03,-5.295765586197376251e-03,-1.543067209422588348e-02,-2.424044162034988403e-02,-3.098657540977001190e-02,-3.513368591666221619e-02,-3.640354424715042114e-02,-3.480490297079086304e-02,-3.063617274165153503e-02,-2.446050196886062622e-02,-1.705530658364295959e-02,-9.340712800621986389e-03,-2.293279161676764488e-03,3.147203009575605392e-03,6.169351749122142792e-03,6.171849556267261505e-03,2.827517688274383545e-03,-3.876283299177885056e-03,-1.362495031207799911e-02,-2.579321339726448059e-02,-3.948996216058731079e-02,-5.362779274582862854e-02,-6.701149046421051025e-02,-7.843791693449020386e-02,-8.679879456758499146e-02,-9.117730706930160522e-02,-9.093027561902999878e-02,-8.574844896793365479e-02,-7.568961381912231445e-02,-6.118138134479522705e-02,-4.299317300319671631e-02,-2.217962592840194702e-02,-5.503784841092233522e-17
0.000000000000000000e+00,2.092013694345951080e-02,4.051442816853523254e-02,5.756295472383499146e-02,7.104859501123428345e-02,8.023666590452194214e-02,8.473049104213714600e-02,8.449836075305938721e-02,7.986969500780105591e-02,7.150087505578994751e-02,6.031401455402374268e-02,4.741406068205833435e-02,3.399163112044334412e-02,2.122009359300136566e-02,1.015587430447340012e-02,1.650645048357546329e-03,-3.717069979757070541e-03,-5.685126408934593201e-03,-4.322301130741834641e-03,-1.321280433330684900e-05,6.584696937352418900e-03,1.460795756429433823e-02,2.307140454649925232e-02,3.096228279173374176e-02,3.733555600047111511e-02,4.140177369117736816e-02,4.259958490729331970e-02,4.064648598432540894e-02,3.556321933865547180e-02,2.766988240182399750e-02,1.755414903163909912e-02,6.014727521687746048e-03,-6.014727521687746048e-03,-1.755414903163909912e-02,-2.766988240182399750e-02,-3.556321933865547180e-02,-4.064648598432540894e-02,-4.259958490729331970e-02,-4.140177369117736816e-02,-3.733555600047111511e-02,-3.096228279173374176e-02,-2.307140454649925232e-02,-1.460795756429433823e-02,-6.584696937352418900e-03,1.321280433330684900e-05,4.322301130741834641e-03,5.685126408934593201e-03,3.717069979757070541e-03,-1.650645048357546329e-03,-1.015587430447340012e-02,-2.122009359300136566e-02,-3.399163112044334412e-02,-4.741406068205833435e-02,-6.031401455402374268e-02,-7.150087505578994751e-02,-7.986969500780105591e-02,-8.449836075305938721e-02,-8.473049104213714600e-02,-8.023666590452194214e-02,-7.104859501123428345e-02,-5.756295472383499146e-02,-4.051442816853523254e-02,-2.092013694345951080e-02,-5.192819193820478595e-17
0.000000000000000000e+00,1.918576844036579132e-02,3.712007775902748108e-02,5.265367776155471802e-02,6.483294814825057983e-02,7.297642529010772705e-02,7.672791182994842529e-02,7.608171552419662476e-02,7.137779146432876587e-02,6.326754391193389893e-02,5.265329778194427490e-02,4.060683026909828186e-02,2.827434614300727844e-02,1.677609235048294067e-02,7.109569385647773743e-03,6.472221866715699434e-05,-3.841512836515903473e-03,-4.405696410685777664e-03,-1.750041497871279716e-03,3.694607643410563469e-03,1.123322173953056335e-02,1.997428014874458313e-02,2.891448698937892914e-02,3.703280165791511536e-02,4.338525980710983276e-02,4.719206690788269043e-02,4.790912941098213196e-02,4.527767747640609741e-02,3.934754431247711182e-02,3.047213517129421234e-02,1.927559077739715576e-02,6.595264654606580734e-03,-6.595264654606580734e-03,-1.927559077739715576e-02,-3.047213517129421234e-02,-3.934754431247711182e-02,-4.527767747640609741e-02,-4.790912941098213196e-02,-4.719206690788269043e-02,-4.338525980710983276e-02,-3.703280165791511536e-02,-2.891448698937892914e-02,-1.997428014874458313e-02,-1.123322173953056335e-02,-3.694607643410563469e-03,1.750041497871279716e-03,4.405696410685777664e-03,3.841512836515903473e-03,-6.472221866715699434e-05,-7.109569385647773743e-03,-1.677609235048294067e-02,-2.827434614300727844e-02,-4.060683026909828186e-02,-5.265329778194427490e-02,-6.326754391193389893e-02,-7.137779146432876587e-02,-7.608171552419662476e-02,-7.672791182994842529e-02,-7.297642529010772705e-02,-6.483294814825057983e-02,-5.265367776155471802e-02,-3.712007775902748108e-02,-1.918576844036579132e-02,-4.763809579181486279e-17
0.000000000000000000e+00,1.703813485801219940e-02,3.292953968048095703e-02,4.662346467375755310e-02,5.725273862481117249e-02,6.420534104108810425e-02,6.717376410961151123e-02,6.617778539657592773e-02,6.155891716480255127e-02,5.394686758518218994e-02,4.420128464698791504e-02,3.333381935954093933e-02,2.241750247776508331e-02,1.249148603528738022e-02,4.469519015401601791e-03,-9.397436515428125858e-04,-3.293616464361548424e-03,-2.452137880027294159e-03,1.412453828379511833e-03,7.834242656826972961e-03,1.609838940203189850e-02,2.530802227556705475e-02,3.446720913052558899e-02,4.257254675030708313e-02,4.870514199137687683e-02,5.211472138762474060e-02,5.228842049837112427e-02,4.899802058935165405e-02,4.232153296470642090e-02,3.263714537024497986e-02,2.059016935527324677e-02,7.035978138446807861e-03,-7.035978138446807861e-03,-2.059016935527324677e-02,-3.263714537024497986e-02,-4.232153296470642090e-02,-4.899802058935165405e-02,-5.228842049837112427e-02,-5.211472138762474060e-02,-4.870514199137687683e-02,-4.257254675030708313e-02,-3.446720913052558899e-02,-2.530802227556705475e-02,-1.609838940203189850e-02,-7.834242656826972961e-03,-1.412453828379511833e-03,2.452137880027294159e-03,3.293616464361548424e-03,9.397436515428125858e-04,-4.469519015401601791e-03,-1.249148603528738022e-02,-2.241750247776508331e-02,-3.333381935954093933e-02,-4.420128464698791504e-02,-5.394686758518218994e-02,-6.155891716480255127e-02,-6.617778539657592773e-02,-6.717376410961151123e-02,-6.420534104108810425e-02,-5.725273862481117249e-02,-4.662346467375755310e-02,-3.292953968048095703e-02,-1.703813485801219940e-02,-4.232044941873196696e-17
0.000000000000000000e+00,1.455688849091529846e-02,2.809682674705982208e-02,3.969047963619232178e-02,4.857597127556800842e-02,5.422393605113029480e-02,5.638194456696510315e-02,5.509447306394577026e-02,5.069659277796745300e-02,4.378201812505722046e-02,3.514830768108367920e-02,2.572421729564666748e-02,1.648553274571895599e-02,8.367009460926055908e-03,2.178186550736427307e-03,-1.469431445002555847e-03,-2.217314438894391060e-03,7.891975656093563884e-06,4.987780470401048660e-03,1.223179325461387634e-02,2.102128975093364716e-02,3.047414496541023254e-02,3.962413594126701355e-02,4.750804230570793152e-02,5.325274914503097534e-02,5.615450814366340637e-02,5.574341863393783569e-02,5.182727426290512085e-02,4.451091215014457703e-02,3.418933227658271790e-02,2.151510491967201233e-02,7.343049626797437668e-03,-7.343049626797437668e-03,-2.151510491967201233e-02,-3.418933227658271790e-02,-4.451091215014457703e-02,-5.182727426290512085e-02,-5.574341863393783569e-02,-5.615450814366340637e-02,-5.325274914503097534e-02,-4.750804230570793152e-02,-3.962413594126701355e-02,-3.047414496541023254e-02,-2.102128975093364716e-02,-1.223179325461387634e-02,-4.987780470401048660e-03,-7.891975656093563884e-06,2.217314438894391060e-03,1.469431445002555847e-03,-2.178186550736427307e-03,-8.367009460926055908e-03,-1.648553274571895599e-02,-2.572421729564666748e-02,-3.514830768108367920e-02,-4.378201812505722046e-02,-5.069659277796745300e-02,-5.509447306394577026e-02,-5.638194456696510315e-02,-5.422393605113029480e-02,-4.857597127556800842e-02,-3.969047963619232178e-02,-2.809682674705982208e-02,-1.455688849091529846e-02,-3.617306479064202949e-17
0.000000000000000000e+00,1.183419302105903625e-02,2.279992215335369110e-02,3.210633248090744019e-02,3.911080583930015564e-02,4.337621852755546570e-02,4.470968246459960938e-02,4.317926615476608276e-02,3.910711035132408142e-02,3.303958475589752197e-02,2.569707855582237244e-02,1.790789142251014709e-02,1.053217612206935883e-02,4.382696934044361115e-03,1.495455799158662558e-04,-1.664420822635293007e-03,-7.915674359537661076e-04,2.773473970592021942e-03,8.770232088863849640e-03,1.669273152947425842e-02,2.583204768598079681e-02,3.533740341663360596e-02,4.429048299789428711e-02,5.178643018007278442e-02,5.701440945267677307e-02,5.933057516813278198e-02,5.831700563430786133e-02,5.382134392857551575e-02,4.597358405590057373e-02,3.517841175198554993e-02,2.208375930786132812e-02,7.528208661824464798e-03,-7.528208661824464798e-03,-2.208375930786132812e-02,-3.517841175198554993e-02,-4.597358405590057373e-02,-5.382134392857551575e-02,-5.831700563430786133e-02,-5.933057516813278198e-02,-5.701440945267677307e-02,-5.178643018007278442e-02,-4.429048299789428711e-02,-3.533740341663360596e-02,-2.583204768598079681e-02,-1.669273152947425842e-02,-8.770232088863849640e-03,-2.773473970592021942e-03,7.915674359537661076e-04,1.664420822635293007e-03,-1.495455799158662558e-04,-4.382696934044361115e-03,-1.053217612206935883e-02,-1.790789142251014709e-02,-2.569707855582237244e-02,-3.303958475589752197e-02,-3.910711035132408142e-02,-4.317926615476608276e-02,-4.470968246459960938e-02,-4.337621852755546570e-02,-3.911080583930015564e-02,-3.210633248090744019e-02,-2.279992215335369110e-02,-1.183419302105903625e-02,-2.942492866215687993e-17
0.000000000000000000e+00,8.968450129032135010e-03,1.722875796258449554e-02,2.413929626345634460e-02,2.918534725904464722e-02,3.202779963612556458e-02,3.253564611077308655e-02,3.079920634627342224e-02,2.712282538414001465e-02,2.199755236506462097e-02,1.605620421469211578e-02,1.001482084393501282e-02,4.605740774422883987e-03,5.083334399387240410e-04,-1.716317259706556797e-03,-1.680811052210628986e-03,7.882076897658407688e-04,5.628532264381647110e-03,1.254186499863862991e-02,2.101456560194492340e-02,3.035806305706501007e-02,3.976555913686752319e-02,4.838018119335174561e-02,5.536871403455734253e-02,5.999444425106048584e-02,6.168277934193611145e-02,6.007380411028862000e-02,5.505715310573577881e-02,4.678594321012496948e-02,3.566854819655418396e-02,2.233868278563022614e-02,7.606334984302520752e-03,-7.606334984302520752e-03,-2.233868278563022614e-02,-3.566854819655418396e-02,-4.678594321012496948e-02,-5.505715310573577881e-02,-6.007380411028862000e-02,-6.168277934193611145e-02,-5.999444425106048584e-02,-5.536871403455734253e-02,-4.838018119335174561e-02,-3.976555913686752319e-02,-3.035806305706501007e-02,-2.101456560194492340e-02,-1.254186499863862991e-02,-5.628532264381647110e-03,-7.882076897658407688e-04,1.680811052210628986e-03,1.716317259706556797e-03,-5.083334399387240410e-04,-4.605740774422883987e-03,-1.001482084393501282e-02,-1.605620421469211578e-02,-2.199755236506462097e-02,-2.712282538414001465e-02,-3.079920634627342224e-02,-3.253564611077308655e-02,-3.202779963612556458e-02,-2.918534725904464722e-02,-2.413929626345634460e-02,-1.722875796258449554e-02,-8.968450129032135010e-03,-2.232055727670841837e-17
0.000000000000000000e+00,6.057810969650745392e-03,1.157277636229991913e-02,1.605691947042942047e-02,1.912679709494113922e-02,2.054324373602867126e-02,2.023735083639621735e-02,1.832016557455062866e-02,1.507499720901250839e-02,1.093292608857154846e-02,6.433572154492139816e-03,2.174617256969213486e-03,-1.245374092832207680e-03,-3.285641549155116081e-03,-3.518011886626482010e-03,-1.672677695751190186e-03,2.329386537894606590e-03,8.360570296645164490e-03,1.608908735215663910e-02,2.499987371265888214e-02,3.443243727087974548e-02,4.363257065415382385e-02,5.181369930505752563e-02,5.822258442640304565e-02,6.220378726720809937e-02,6.325730681419372559e-02,6.108427420258522034e-02,5.561671406030654907e-02,4.702858626842498779e-02,3.572702780365943909e-02,2.232434600591659546e-02,7.592958863824605942e-03,-7.592958863824605942e-03,-2.232434600591659546e-02,-3.572702780365943909e-02,-4.702858626842498779e-02,-5.561671406030654907e-02,-6.108427420258522034e-02,-6.325730681419372559e-02,-6.220378726720809937e-02,-5.822258442640304565e-02,-5.181369930505752563e-02,-4.363257065415382385e-02,-3.443243727087974548e-02,-2.499987371265888214e-02,-1.608908735215663910e-02,-8.360570296645164490e-03,-2.329386537894606590e-03,1.672677695751190186e-03,3.518011886626482010e-03,3.285641549155116081e-03,1.245374092832207680e-03,-2.174617256969213486e-03,-6.433572154492139816e-03,-1.093292608857154846e-02,-1.507499720901250839e-02,-1.832016557455062866e-02,-2.023735083639621735e-02,-2.054324373602867126e-02,-1.912679709494113922e-02,-1.605691947042942047e-02,-1.157277636229991913e-02,-6.057810969650745392e-03,-1.510384152918545480e-17
0.000000000000000000e+00,3.194009885191917419e-03,6.009104195982217789e-03,8.109535090625286102e-03,9.241622872650623322e-03,9.264514781534671783e-03,8.169684559106826782e-03,6.087115965783596039e-03,3.277352079749107361e-03,1.099206419894471765e-04,-2.970046829432249069e-03,-5.484063643962144852e-03,-6.967578083276748657e-03,-7.017944939434528351e-03,-5.338585004210472107e-03,-1.775091746821999550e-03,3.660282352939248085e-03,1.077836006879806519e-02,1.921834051609039307e-02,2.846865355968475342e-02,3.790197521448135376e-02,4.682168737053871155e-02,5.451607331633567810e-02,6.031572446227073669e-02,6.364936381578445435e-02,6.409321725368499756e-02,6.140975281596183777e-02,5.557222664356231689e-02,4.677284881472587585e-02,3.541360050439834595e-02,2.208031155169010162e-02,7.501905784010887146e-03,-7.501905784010887146e-03,-2.208031155169010162e-02,-3.541360050439834595e-02,-4.677284881472587585e-02,-5.557222664356231689e-02,-6.140975281596183777e-02,-6.409321725368499756e-02,-6.364936381578445435e-02,-6.031572446227073669e-02,-5.451607331633567810e-02,-4.682168737053871155e-02,-3.790197521448135376e-02,-2.846865355968475342e-02,-1.921834051609039307e-02,-1.077836006879806519e-02,-3.660282352939248085e-03,1.775091746821999550e-03,5.338585004210472107e-03,7.017944939434528351e-03,6.967578083276748657e-03,5.484063643962144852e-03,2.970046829432249069e-03,-1.099206419894471765e-04,-3.277352079749107361e-03,-6.087115965783596039e-03,-8.169684559106826782e-03,-9.264514781534671783e-03,-9.241622872650623322e-03,-8.109535090625286102e-03,-6.009104195982217789e-03,-3.194009885191917419e-03,-8.002707728654525786e-18
0.000000000000000000e+00,4.570399469230324030e-04,6.923394394107162952e-04,5.159904831089079380e-04,-2.016085636569187045e-04,-1.507676555775105953e-03,-3.353798296302556992e-03,-5.593081936240196228e-03,-7.988303899765014648e-03,-1.023055706173181534e-02,-1.196687575429677963e-02,-1.283441856503486633e-02,-1.249808538705110550e-02,-1.068805158138275146e-02,-7.233586162328720093e-03,-2.089795656502246857e-03,4.645538982003927231e-03,1.272701844573020935e-02,2.176955342292785645e-02,3.126900643110275269e-02,4.063425213098526001e-02,4.922834411263465881e-02,5.641553923487663269e-02,6.161047145724296570e-02,6.432536244392395020e-02,6.421129405498504639e-02,6.109006702899932861e-02,5.497365444898605347e-02,4.606961086392402649e-02,3.477157652378082275e-02,2.163551561534404755e-02,7.343329489231109619e-03,-7.343329489231109619e-03,-2.163551561534404755e-02,-3.477157652378082275e-02,-4.606961086392402649e-02,-5.497365444898605347e-02,-6.109006702899932861e-02,-6.421129405498504639e-02,-6.432536244392395020e-02,-6.161047145724296570e-02,-5.641553923487663269e-02,-4.922834411263465881e-02,-4.063425213098526001e-02,-3.126900643110275269e-02,-2.176955342292785645e-02,-1.272701844573020935e-02,-4.645538982003927231e-03,2.089795656502246857e-03,7.233586162328720093e-03,1.068805158138275146e-02,1.249808538705110550e-02,1.283441856503486633e-02,1.196687575429677963e-02,1.023055706173181534e-02,7.988303899765014648e-03,5.593081936240196228e-03,3.353798296302556992e-03,1.507676555775105953e-03,2.016085636569187045e-04,-5.159904831089079380e-04,-6.923394394107162952e-04,-4.570399469230324030e-04,-1.215846932997553097e-18
0.000000000000000000e+00,-2.088922541588544846e-03,-4.253271501511335373e-03,-6.547302938997745514e-03,-8.985430002212524414e-03,-1.152829080820083618e-02,-1.407534629106521606e-02,-1.646512560546398163e-02,-1.848348043859004974e-02,-1.987941190600395203e-02,-2.038717642426490784e-02,-1.975280605256557465e-02,-1.776253804564476013e-02,-1.427046954631805420e-02,-9.222619235515594482e-03,-2.674856223165988922e-03,5.197405815124511719e-03,1.409919746220111847e-02,2.362626232206821442e-02,3.328533470630645752e-02,4.252323880791664124e-02,5.076284334063529968e-02,5.744314938783645630e-02,6.206048652529716492e-02,6.420746445655822754e-02,6.360648572444915771e-02,6.013496965169906616e-02,5.384007096290588379e-02,4.494145512580871582e-02,3.382160887122154236e-02,2.100426331162452698e-02,7.122328970581293106e-03,-7.122328970581293106e-03,-2.100426331162452698e-02,-3.382160887122154236e-02,-4.494145512580871582e-02,-5.384007096290588379e-02,-6.013496965169906616e-02,-6.360648572444915771e-02,-6.420746445655822754e-02,-6.206048652529716492e-02,-5.744314938783645630e-02,-5.076284334063529968e-02,-4.252323880791664124e-02,-3.328533470630645752e-02,-2.362626232206821442e-02,-1.409919746220111847e-02,-5.197405815124511719e-03,2.674856223165988922e-03,9.222619235515594482e-03,1.427046954631805420e-02,1.776253804564476013e-02,1.975280605256557465e-02,2.038717642426490784e-02,1.987941190600395203e-02,1.848348043859004974e-02,1.646512560546398163e-02,1.407534629106521606e-02,1.152829080820083618e-02,8.985430002212524414e-03,6.547302938997745514e-03,4.253271501511335373e-03,2.088922541588544846e-03,5.097426492193209550e-18
0.000000000000000000e+00,-4.398040007799863815e-03,-8.738688193261623383e-03,-1.295318547636270523e-02,-1.695173792541027069e-02,-2.061705477535724640e-02,-2.380228042602539062e-02,-2.633402124047279358e-02,-2.802064083516597748e-02,-2.866536937654018402e-02,-2.808326855301856995e-02,-2.612057700753211975e-02,-2.267462201416492462e-02,-1.771230809390544891e-02,-1.128517463803291321e-02,-3.539220662787556648e-03,5.281930789351463318e-03,1.484145410358905792e-02,2.472160384058952332e-02,3.444347530603408813e-02,4.349317029118537903e-02,5.135269835591316223e-02,5.753348022699356079e-02,6.160994619131088257e-02,6.325069814920425415e-02,6.224469095468521118e-02,5.852032452821731567e-02,5.215569213032722473e-02,4.337897151708602905e-02,3.255869448184967041e-02,2.018430456519126892e-02,6.838283035904169083e-03,-6.838283035904169083e-03,-2.018430456519126892e-02,-3.255869448184967041e-02,-4.337897151708602905e-02,-5.215569213032722473e-02,-5.852032452821731567e-02,-6.224469095468521118e-02,-6.325069814920425415e-02,-6.160994619131088257e-02,-5.753348022699356079e-02,-5.135269835591316223e-02,-4.349317029118537903e-02,-3.444347530603408813e-02,-2.472160384058952332e-02,-1.484145410358905792e-02,-5.281930789351463318e-03,3.539220662787556648e-03,1.128517463803291321e-02,1.771230809390544891e-02,2.267462201416492462e-02,2.612057700753211975e-02,2.808326855301856995e-02,2.866536937654018402e-02,2.802064083516597748e-02,2.633402124047279358e-02,2.380228042602539062e-02,2.061705477535724640e-02,1.695173792541027069e-02,1.295318547636270523e-02,8.738688193261623383e-03,4.398040007799863815e-03,1.082344903856139121e-17
0.000000000000000000e+00,-6.443628575652837753e-03,-1.271166093647480011e-02,-1.862602308392524719e-02,-2.400463819503784180e-02,-2.866172045469284058e-02,-3.241049870848655701e-02,-3.506867960095405579e-02,-3.646669164299964905e-02,-3.645822033286094666e-02,-3.493237122893333435e-02,-3.182641416788101196e-02,-2.713782526552677155e-02,-2.093441598117351532e-02,-1.336114667356014252e-02,-4.642624408006668091e-03,4.919600207358598709e-03,1.495536137372255325e-02,2.503980696201324463e-02,3.471246734261512756e-02,4.350048303604125977e-02,5.094465613365173340e-02,5.662665143609046936e-02,6.019543483853340149e-02,6.139111891388893127e-02,6.006429716944694519e-02,5.618942156434059143e-02,4.987094551324844360e-02,4.134162515401840210e-02,3.095280937850475311e-02,1.915718615055084229e-02,6.484970450401306152e-03,-6.484970450401306152e-03,-1.915718615055084229e-02,-3.095280937850475311e-02,-4.134162515401840210e-02,-4.987094551324844360e-02,-5.618942156434059143e-02,-6.006429716944694519e-02,-6.139111891388893127e-02,-6.019543483853340149e-02,-5.662665143609046936e-02,-5.094465613365173340e-02,-4.350048303604125977e-02,-3.471246734261512756e-02,-2.503980696201324463e-02,-1.495536137372255325e-02,-4.919600207358598709e-03,4.642624408006668091e-03,1.336114667356014252e-02,2.093441598117351532e-02,2.713782526552677155e-02,3.182641416788101196e-02,3.493237122893333435e-02,3.645822033286094666e-02,3.646669164299964905e-02,3.506867960095405579e-02,3.241049870848655701e-02,2.866172045469284058e-02,2.400463819503784180e-02,1.862602308392524719e-02,1.271166093647480011e-02,6.443628575652837753e-03,1.589622596209082681e-17
0.000000000000000000e+00,-8.217270486056804657e-03,-1.615506038069725037e-02,-2.353943698108196259e-02,-3.010785207152366638e-02,-3.561548516154289246e-02,-3.984223306179046631e-02,-4.260031878948211670e-02,-4.374231770634651184e-02,-4.316924512386322021e-02,-4.083824157714843750e-02,-3.676913306117057800e-02,-3.104929067194461823e-02,-2.383602596819400787e-02,-1.535594556480646133e-02,-5.900792777538299561e-03,4.180471412837505341e-03,1.449338160455226898e-02,2.461316809058189392e-02,3.410290926694869995e-02,4.253375902771949768e-02,4.950626567006111145e-02,5.467144772410392761e-02,5.775045603513717651e-02,5.855142697691917419e-02,5.698240548372268677e-02,5.305935442447662354e-02,4.690855741500854492e-02,3.876302391290664673e-02,2.895298972725868225e-02,1.789086498320102692e-02,6.051458418369293213e-03,-6.051458418369293213e-03,-1.789086498320102692e-02,-2.895298972725868225e-02,-3.876302391290664673e-02,-4.690855741500854492e-02,-5.305935442447662354e-02,-5.698240548372268677e-02,-5.855142697691917419e-02,-5.775045603513717651e-02,-5.467144772410392761e-02,-4.950626567006111145e-02,-4.253375902771949768e-02,-3.410290926694869995e-02,-2.461316809058189392e-02,-1.449338160455226898e-02,-4.180471412837505341e-03,5.900792777538299561e-03,1.535594556480646133e-02,2.383602596819400787e-02,3.104929067194461823e-02,3.676913306117057800e-02,4.083824157714843750e-02,4.316924512386322021e-02,4.374231770634651184e-02,4.260031878948211670e-02,3.984223306179046631e-02,3.561548516154289246e-02,3.010785207152366638e-02,2.353943698108196259e-02,1.615506038069725037e-02,8.217270486056804657e-03,2.029521050995600543e-17
0.000000000000000000e+00,-9.726376272737979889e-03,-1.908223703503608704e-02,-2.770993299782276154e-02,-3.527722135186195374e-02,-4.148908704519271851e-02,-4.609855636954307556e-02,-4.891612380743026733e-02,-4.981745034456253052e-02,-4.874904453754425049e-02,-4.573160782456398010e-02,-4.086083173751831055e-02,-3.430545702576637268e-02,-2.630249783396720886e-02,-1.714971102774143219e-02,-7.195365615189075470e-03,3.174371784552931786e-03,1.355003751814365387e-02,2.351497113704681396e-02,3.266226127743721008e-02,4.061185196042060852e-02,4.702701792120933533e-02,5.162944644689559937e-02,5.421219766139984131e-02,5.464982241392135620e-02,5.290507525205612183e-02,4.903184249997138977e-02,4.317399486899375916e-02,3.556015342473983765e-02,2.649454027414321899e-02,1.634427346289157867e-02,5.523674190044403076e-03,-5.523674190044403076e-03,-1.634427346289157867e-02,-2.649454027414321899e-02,-3.556015342473983765e-02,-4.317399486899375916e-02,-4.903184249997138977e-02,-5.290507525205612183e-02,-5.464982241392135620e-02,-5.421219766139984131e-02,-5.162944644689559937e-02,-4.702701792120933533e-02,-4.061185196042060852e-02,-3.266226127743721008e-02,-2.351497113704681396e-02,-1.355003751814365387e-02,-3.174371784552931786e-03,7.195365615189075470e-03,1.714971102774143219e-02,2.630249783396720886e-02,3.430545702576637268e-02,4.086083173751831055e-02,4.573160782456398010e-02,4.874904453754425049e-02,4.981745034456253052e-02,4.891612380743026733e-02,4.609855636954307556e-02,4.148908704519271851e-02,3.527722135186195374e-02,2.770993299782276154e-02,1.908223703503608704e-02,9.726376272737979889e-03,2.403922021391189588e-17
0.000000000000000000e+00,-1.099050510674715042e-02,-2.152999863028526306e-02,-3.118717670440673828e-02,-3.956919908523559570e-02,-4.633860290050506592e-02,-5.122759565711021423e-02,-5.404901877045631409e-02,-5.470360070466995239e-02,-5.318312719464302063e-02,-4.956956207752227783e-02,-4.403016716241836548e-02,-3.680901601910591125e-02,-2.821540273725986481e-02,-1.860970817506313324e-02,-8.387532085180282593e-03,2.037192462012171745e-03,1.224932353943586349e-02,2.184911258518695831e-02,3.046763129532337189e-02,3.778043016791343689e-02,4.351901262998580933e-02,4.747972264885902405e-02,4.952992871403694153e-02,4.961137101054191589e-02,4.774070158600807190e-02,4.400740936398506165e-02,3.856926038861274719e-02,3.164557367563247681e-02,2.350860834121704102e-02,1.447342522442340851e-02,4.886497277766466141e-03,-4.886497277766466141e-03,-1.447342522442340851e-02,-2.350860834121704102e-02,-3.164557367563247681e-02,-3.856926038861274719e-02,-4.400740936398506165e-02,-4.774070158600807190e-02,-4.961137101054191589e-02,-4.952992871403694153e-02,-4.747972264885902405e-02,-4.351901262998580933e-02,-3.778043016791343689e-02,-3.046763129532337189e-02,-2.184911258518695831e-02,-1.224932353943586349e-02,-2.037192462012171745e-03,8.387532085180282593e-03,1.860970817506313324e-02,2.821540273725986481e-02,3.680901601910591125e-02,4.403016716241836548e-02,4.956956207752227783e-02,5.318312719464302063e-02,5.470360070466995239e-02,5.404901877045631409e-02,5.122759565711021423e-02,4.633860290050506592e-02,3.956919908523559570e-02,3.118717670440673828e-02,2.152999863028526306e-02,1.099050510674715042e-02,2.717724567291756379e-17
0.000000000000000000e+00,-1.203683111816644669e-02,-2.354996465146541595e-02,-3.404200822114944458e-02,-4.306662082672119141e-02,-5.025028064846992493e-02,-5.530981346964836121e-02,-5.806475132703781128e-02,-5.844390764832496643e-02,-5.648592859506607056e-02,-5.233405902981758118e-02,-4.622554033994674683e-02,-3.847660124301910400e-02,-2.946403250098228455e-02,-1.960466802120208740e-02,-9.334008209407329559e-03,9.146748925559222698e-04,1.072966493666172028e-02,1.973755657672882080e-02,2.761676721274852753e-02,3.410736843943595886e-02,3.901711478829383850e-02,4.222378134727478027e-02,4.367424175143241882e-02,4.338074475526809692e-02,4.141511395573616028e-02,3.790155425667762756e-02,3.300868719816207886e-02,2.694143541157245636e-02,1.993317343294620514e-02,1.223841682076454163e-02,4.126166924834251404e-03,-4.126166924834251404e-03,-1.223841682076454163e-02,-1.993317343294620514e-02,-2.694143541157245636e-02,-3.300868719816207886e-02,-3.790155425667762756e-02,-4.141511395573616028e-02,-4.338074475526809692e-02,-4.367424175143241882e-02,-4.222378134727478027e-02,-3.901711478829383850e-02,-3.410736843943595886e-02,-2.761676721274852753e-02,-1.973755657672882080e-02,-1.072966493666172028e-02,-9.146748925559222698e-04,9.334008209407329559e-03,1.960466802120208740e-02,2.946403250098228455e-02,3.847660124301910400e-02,4.622554033994674683e-02,5.233405902981758118e-02,5.648592859506607056e-02,5.844390764832496643e-02,5.806475132703781128e-02,5.530981346964836121e-02,5.025028064846992493e-02,4.306662082672119141e-02,3.404200822114944458e-02,2.354996465146541595e-02,1.203683111816644669e-02,2.977716532803911060e-17
0.000000000000000000e+00,-1.289524883031845093e-02,-2.519921027123928070e-02,-3.635348379611968994e-02,-4.586329311132431030e-02,-5.332401767373085022e-02,-5.844190344214439392e-02,-6.104762852191925049e-02,-6.110203266143798828e-02,-5.869382619857788086e-02,-5.402974039316177368e-02,-4.741797223687171936e-02,-3.924639150500297546e-02,-2.995716966688632965e-02,-2.001969702541828156e-02,-9.903760626912117004e-03,-5.468883318826556206e-05,9.127928875386714935e-03,1.730683818459510803e-02,2.421827428042888641e-02,2.967745810747146606e-02,3.357860818505287170e-02,3.589016571640968323e-02,3.664617612957954407e-02,3.593503311276435852e-02,3.388692438602447510e-02,3.066122904419898987e-02,2.643507160246372223e-02,2.139384113252162933e-02,1.572432927787303925e-02,9.610640816390514374e-03,3.232757560908794403e-03,-3.232757560908794403e-03,-9.610640816390514374e-03,-1.572432927787303925e-02,-2.139384113252162933e-02,-2.643507160246372223e-02,-3.066122904419898987e-02,-3.388692438602447510e-02,-3.593503311276435852e-02,-3.664617612957954407e-02,-3.589016571640968323e-02,-3.357860818505287170e-02,-2.967745810747146606e-02,-2.421827428042888641e-02,-1.730683818459510803e-02,-9.127928875386714935e-03,5.468883318826556206e-05,9.903760626912117004e-03,2.001969702541828156e-02,2.995716966688632965e-02,3.924639150500297546e-02,4.741797223687171936e-02,5.402974039316177368e-02,5.869382619857788086e-02,6.110203266143798828e-02,6.104762852191925049e-02,5.844190344214439392e-02,5.332401767373085022e-02,4.586329311132431030e-02,3.635348379611968994e-02,2.519921027123928070e-02,1.289524883031845093e-02,3.191352469607981518e-17
0.000000000000000000e+00,-1.359361410140991211e-02,-2.653116174042224884e-02,-3.819623216986656189e-02,-4.804891720414161682e-02,-5.565723404288291931e-02,-6.072098389267921448e-02,-6.308645009994506836e-02,-6.275106221437454224e-02,-5.985800921916961670e-02,-5.468139052391052246e-02,-4.760333150625228882e-02,-3.908500820398330688e-02,-2.963396720588207245e-02,-1.977022737264633179e-02,-9.993805550038814545e-03,-7.559283403679728508e-04,7.564098574221134186e-03,1.467500533908605576e-02,2.038191817700862885e-02,2.458690479397773743e-02,2.728234045207500458e-02,2.853824943304061890e-02,2.848529629409313202e-02,2.729533240199089050e-02,2.516151778399944305e-02,2.227996662259101868e-02,1.883454620838165283e-02,1.498609408736228943e-02,1.086673047393560410e-02,6.579443346709012985e-03,2.202469622716307640e-03,-2.202469622716307640e-03,-6.579443346709012985e-03,-1.086673047393560410e-02,-1.498609408736228943e-02,-1.883454620838165283e-02,-2.227996662259101868e-02,-2.516151778399944305e-02,-2.729533240199089050e-02,-2.848529629409313202e-02,-2.853824943304061890e-02,-2.728234045207500458e-02,-2.458690479397773743e-02,-2.038191817700862885e-02,-1.467500533908605576e-02,-7.564098574221134186e-03,7.559283403679728508e-04,9.993805550038814545e-03,1.977022737264633179e-02,2.963396720588207245e-02,3.908500820398330688e-02,4.760333150625228882e-02,5.468139052391052246e-02,5.985800921916961670e-02,6.275106221437454224e-02,6.308645009994506836e-02,6.072098389267921448e-02,5.565723404288291931e-02,4.804891720414161682e-02,3.819623216986656189e-02,2.653116174042224884e-02,1.359361410140991211e-02,3.365568618012469910e-17
0.000000000000000000e+00,-1.415360532701015472e-02,-2.758768759667873383e-02,-3.962942957878112793e-02,-4.969594255089759827e-02,-5.733070522546768188e-02,-6.223066896200180054e-02,-6.426199525594711304e-02,-6.346350908279418945e-02,-6.003783270716667175e-02,-5.433120578527450562e-02,-4.680375382304191589e-02,-3.799289837479591370e-02,-2.847285941243171692e-02,-1.881361566483974457e-02,-9.542506188154220581e-03,-1.111415680497884750e-03,6.128115113824605942e-03,1.194025855511426926e-02,1.621000282466411591e-02,1.893817447125911713e-02,2.022739499807357788e-02,2.026079408824443817e-02,1.927580684423446655e-02,1.753578707575798035e-02,1.530219521373510361e-02,1.281001605093479156e-02,1.024858187884092331e-02,7.749432232230901718e-03,5.382050760090351105e-03,3.157544648274779320e-03,1.039492781274020672e-03,-1.039492781274020672e-03,-3.157544648274779320e-03,-5.382050760090351105e-03,-7.749432232230901718e-03,-1.024858187884092331e-02,-1.281001605093479156e-02,-1.530219521373510361e-02,-1.753578707575798035e-02,-1.927580684423446655e-02,-2.026079408824443817e-02,-2.022739499807357788e-02,-1.893817447125911713e-02,-1.621000282466411591e-02,-1.194025855511426926e-02,-6.128115113824605942e-03,1.111415680497884750e-03,9.542506188154220581e-03,1.881361566483974457e-02,2.847285941243171692e-02,3.799289837479591370e-02,4.680375382304191589e-02,5.433120578527450562e-02,6.003783270716667175e-02,6.346350908279418945e-02,6.426199525594711304e-02,6.223066896200180054e-02,5.733070522546768188e-02,4.969594255089759827e-02,3.962942957878112793e-02,2.758768759667873383e-02,1.415360532701015472e-02,3.505749923805096446e-17
0.000000000000000000e+00,-1.458761002868413925e-02,-2.839313261210918427e-02,-4.068852961063385010e-02,-5.084963515400886536e-02,-5.839783325791358948e-02,-6.303042173385620117e-02,-6.463737785816192627e-02,-6.330341100692749023e-02,-5.929533392190933228e-02,-5.303614214062690735e-02,-4.506803303956985474e-02,-3.600767254829406738e-02,-2.649751678109169006e-02,-1.715719699859619141e-02,-8.538986556231975555e-03,-1.090835663489997387e-03,4.870208911597728729e-03,9.172379970550537109e-03,1.179062947630882263e-02,1.283555291593074799e-02,1.253128703683614731e-02,1.118483673781156540e-02,9.149955585598945618e-03,6.789112463593482971e-03,4.437174182385206223e-03,2.370145171880722046e-03,7.817817968316376209e-04,-2.299324987689033151e-04,-6.654312019236385822e-04,-6.153805879876017570e-04,-2.427601575618609786e-04,2.427601575618609786e-04,6.153805879876017570e-04,6.654312019236385822e-04,2.299324987689033151e-04,-7.817817968316376209e-04,-2.370145171880722046e-03,-4.437174182385206223e-03,-6.789112463593482971e-03,-9.149955585598945618e-03,-1.118483673781156540e-02,-1.253128703683614731e-02,-1.283555291593074799e-02,-1.179062947630882263e-02,-9.172379970550537109e-03,-4.870208911597728729e-03,1.090835663489997387e-03,8.538986556231975555e-03,1.715719699859619141e-02,2.649751678109169006e-02,3.600767254829406738e-02,4.506803303956985474e-02,5.303614214062690735e-02,5.929533392190933228e-02,6.330341100692749023e-02,6.463737785816192627e-02,6.303042173385620117e-02,5.839783325791358948e-02,5.084963515400886536e-02,4.068852961063385010e-02,2.839313261210918427e-02,1.458761002868413925e-02,3.614957286124552351e-17
0.000000000000000000e+00,-1.489696931093931198e-02,-2.895094081759452820e-02,-4.138049110770225525e-02,-5.152233690023422241e-02,-5.887834355235099792e-02,-6.314919143915176392e-02,-6.425208598375320435e-02,-6.232125312089920044e-02,-5.769136548042297363e-02,-5.086554959416389465e-02,-4.247083142399787903e-02,-3.320496156811714172e-02,-2.377919666469097137e-02,-1.486189756542444229e-02,-7.027681451290845871e-03,-7.162718102335929871e-04,3.795689670369029045e-03,6.407814566045999527e-03,7.193399127572774887e-03,6.381797138601541519e-03,4.327730275690555573e-03,1.470659510232508183e-03,-1.711835619062185287e-03,-4.752252716571092606e-03,-7.238454185426235199e-03,-8.851912803947925568e-03,-9.395493194460868835e-03,-8.808358572423458099e-03,-7.166839204728603363e-03,-4.671404138207435608e-03,-1.621203729882836342e-03,1.621203729882836342e-03,4.671404138207435608e-03,7.166839204728603363e-03,8.808358572423458099e-03,9.395493194460868835e-03,8.851912803947925568e-03,7.238454185426235199e-03,4.752252716571092606e-03,1.711835619062185287e-03,-1.470659510232508183e-03,-4.327730275690555573e-03,-6.381797138601541519e-03,-7.193399127572774887e-03,-6.407814566045999527e-03,-3.795689670369029045e-03,7.162718102335929871e-04,7.027681451290845871e-03,1.486189756542444229e-02,2.377919666469097137e-02,3.320496156811714172e-02,4.247083142399787903e-02,5.086554959416389465e-02,5.769136548042297363e-02,6.232125312089920044e-02,6.425208598375320435e-02,6.314919143915176392e-02,5.887834355235099792e-02,5.152233690023422241e-02,4.138049110770225525e-02,2.895094081759452820e-02,1.489696931093931198e-02,3.693487166502376629e-17
0.000000000000000000e+00,-1.507173385471105576e-02,-2.924317494034767151e-02,-4.168307408690452576e-02,-5.169250071048736572e-02,-5.875710397958755493e-02,-6.258399784564971924e-02,-6.312033534049987793e-02,-6.055214256048202515e-02,-5.528365075588226318e-02,-4.789914563298225403e-02,-3.911072015762329102e-02,-2.969655953347682953e-02,-2.043511718511581421e-02,-1.204092428088188171e-02,-5.107446573674678802e-03,-6.183308869367465377e-05,2.864741021767258644e-03,3.648842917755246162e-03,2.467965008690953255e-03,-3.239248180761933327e-04,-4.235961474478244781e-03,-8.691265247762203217e-03,-1.308434549719095230e-02,-1.683970540761947632e-02,-1.946629211306571960e-02,-2.060286141932010651e-02,-2.005019411444664001e-02,-1.778735034167766571e-02,-1.397064048796892166e-02,-8.915553800761699677e-03,-3.063489450141787529e-03,3.063489450141787529e-03,8.915553800761699677e-03,1.397064048796892166e-02,1.778735034167766571e-02,2.005019411444664001e-02,2.060286141932010651e-02,1.946629211306571960e-02,1.683970540761947632e-02,1.308434549719095230e-02,8.691265247762203217e-03,4.235961474478244781e-03,3.239248180761933327e-04,-2.467965008690953255e-03,-3.648842917755246162e-03,-2.864741021767258644e-03,6.183308869367465377e-05,5.107446573674678802e-03,1.204092428088188171e-02,2.043511718511581421e-02,2.969655953347682953e-02,3.911072015762329102e-02,4.789914563298225403e-02,5.528365075588226318e-02,6.055214256048202515e-02,6.312033534049987793e-02,6.258399784564971924e-02,5.875710397958755493e-02,5.169250071048736572e-02,4.168307408690452576e-02,2.924317494034767151e-02,1.507173385471105576e-02,3.738814347964567397e-17
0.000000000000000000e+00,-1.509198080748319626e-02,-2.923299185931682587e-02,-4.154820367693901062e-02,-5.130857974290847778e-02,-5.798805877566337585e-02,-6.130347400903701782e-02,-6.123381480574607849e-02,-5.801733210682868958e-02,-5.212683603167533875e-02,-4.422548413276672363e-02,-3.510704264044761658e-02,-2.562587521970272064e-02,-1.662282645702362061e-02,-8.853511884808540344e-03,-2.925208071246743202e-03,7.522351806983351707e-04,1.997286453843116760e-03,8.669270318932831287e-04,-2.354526659473776817e-03,-7.186740636825561523e-03,-1.300181169062852859e-02,-1.908532716333866119e-02,-2.470444142818450928e-02,-2.917674556374549866e-02,-3.193372860550880432e-02,-3.257310763001441956e-02,-3.089534491300582886e-02,-2.692116238176822662e-02,-2.088853344321250916e-02,-1.322953496128320694e-02,-4.529278725385665894e-03,4.529278725385665894e-03,1.322953496128320694e-02,2.088853344321250916e-02,2.692116238176822662e-02,3.089534491300582886e-02,3.257310763001441956e-02,3.193372860550880432e-02,2.917674556374549866e-02,2.470444142818450928e-02,1.908532716333866119e-02,1.300181169062852859e-02,7.186740636825561523e-03,2.354526659473776817e-03,-8.669270318932831287e-04,-1.997286453843116760e-03,-7.522351806983351707e-04,2.925208071246743202e-03,8.853511884808540344e-03,1.662282645702362061e-02,2.562587521970272064e-02,3.510704264044761658e-02,4.422548413276672363e-02,5.212683603167533875e-02,5.801733210682868958e-02,6.123381480574607849e-02,6.130347400903701782e-02,5.798805877566337585e-02,5.130857974290847778e-02,4.154820367693901062e-02,2.923299185931682587e-02,1.509198080748319626e-02,3.745920491170887947e-17
0.000000000000000000e+00,-1.493054162710905075e-02,-2.886983379721641541e-02,-4.090910404920578003e-02,-5.029736459255218506e-02,-5.650296062231063843e-02,-5.925606563687324524e-02,-5.856845527887344360e-02,-5.472884327173233032e-02,-4.827438667416572571e-02,-3.994081169366836548e-02,-3.059571608901023865e-02,-2.116095833480358124e-02,-1.253095269203186035e-02,-5.494154989719390869e-03,-6.646020337939262390e-04,1.570488791912794113e-03,1.082503469660878181e-03,-1.990107819437980652e-03,-7.257326506078243256e-03,-1.411552261561155319e-02,-2.180437743663787842e-02,-2.947760745882987976e-02,-3.628111258149147034e-02,-4.143151268362998962e-02,-4.428803920745849609e-02,-4.441133886575698853e-02,-4.160398244857788086e-02,-3.592900186777114868e-02,-2.770492993295192719e-02,-1.747774146497249603e-02,-5.972302053123712540e-03,5.972302053123712540e-03,1.747774146497249603e-02,2.770492993295192719e-02,3.592900186777114868e-02,4.160398244857788086e-02,4.441133886575698853e-02,4.428803920745849609e-02,4.143151268362998962e-02,3.628111258149147034e-02,2.947760745882987976e-02,2.180437743663787842e-02,1.411552261561155319e-02,7.257326506078243256e-03,1.990107819437980652e-03,-1.082503469660878181e-03,-1.570488791912794113e-03,6.646020337939262390e-04,5.494154989719390869e-03,1.253095269203186035e-02,2.116095833480358124e-02,3.059571608901023865e-02,3.994081169366836548e-02,4.827438667416572571e-02,5.472884327173233032e-02,5.856845527887344360e-02,5.925606563687324524e-02,5.650296062231063843e-02,5.029736459255218506e-02,4.090910404920578003e-02,2.886983379721641541e-02,1.493054162710905075e-02,3.707975069495120398e-17
0.000000000000000000e+00,-1.455688849091529846e-02,-2.809682674705982208e-02,-3.969047963619232178e-02,-4.857597127556800842e-02,-5.422393605113029480e-02,-5.638194456696510315e-02,-5.509447306394577026e-02,-5.069659277796745300e-02,-4.378201812505722046e-02,-3.514830768108367920e-02,-2.572421729564666748e-02,-1.648553274571895599e-02,-8.367009460926055908e-03,-2.178186550736427307e-03,1.469431445002555847e-03,2.217314438894391060e-03,-7.891975656093563884e-06,-4.987780470401048660e-03,-1.223179325461387634e-02,-2.102128975093364716e-02,-3.047414496541023254e-02,-3.962413594126701355e-02,-4.750804230570793152e-02,-5.325274914503097534e-02,-5.615450814366340637e-02,-5.574341863393783569e-02,-5.182727426290512085e-02,-4.451091215014457703e-02,-3.418933227658271790e-02,-2.151510491967201233e-02,-7.343049626797437668e-03,7.343049626797437668e-03,2.151510491967201233e-02,3.418933227658271790e-02,4.451091215014457703e-02,5.182727426290512085e-02,5.574341863393783569e-02,5.615450814366340637e-02,5.325274914503097534e-02,4.750804230570793152e-02,3.962413594126701355e-02,3.047414496541023254e-02,2.102128975093364716e-02,1.223179325461387634e-02,4.987780470401048660e-03,7.891975656093563884e-06,-2.217314438894391060e-03,-1.469431445002555847e-03,2.178186550736427307e-03,8.367009460926055908e-03,1.648553274571895599e-02,2.572421729564666748e-02,3.514830768108367920e-02,4.378201812505722046e-02,5.069659277796745300e-02,5.509447306394577026e-02,5.638194456696510315e-02,5.422393605113029480e-02,4.857597127556800842e-02,3.969047963619232178e-02,2.809682674705982208e-02,1.455688849091529846e-02,3.617306479064202949e-17
0.000000000000000000e+00,-1.394178625196218491e-02,-2.685962803661823273e-02,-3.782069310545921326e-02,-4.606617614626884460e-02,-5.107859894633293152e-02,-5.262737721204757690e-02,-5.078859627246856689e-02,-4.593718051910400391e-02,-3.871206566691398621e-02,-2.995755523443222046e-02,-2.064599469304084778e-02,-1.178872026503086090e-02,-4.343230742961168289e-03,8.750905399210751057e-04,3.268766449764370918e-03,2.514695050194859505e-03,-1.403839443810284138e-03,-8.192578330636024475e-03,-1.726964861154556274e-02,-2.781491540372371674e-02,-3.884104639291763306e-02,-4.928008466958999634e-02,-5.807786807417869568e-02,-6.428804248571395874e-02,-6.715726107358932495e-02,-6.619408726692199707e-02,-6.121538579463958740e-02,-5.236611515283584595e-02,-4.011062532663345337e-02,-2.519618906080722809e-02,-8.591883815824985504e-03,8.591883815824985504e-03,2.519618906080722809e-02,4.011062532663345337e-02,5.236611515283584595e-02,6.121538579463958740e-02,6.619408726692199707e-02,6.715726107358932495e-02,6.428804248571395874e-02,5.807786807417869568e-02,4.928008466958999634e-02,3.884104639291763306e-02,2.781491540372371674e-02,1.726964861154556274e-02,8.192578330636024475e-03,1.403839443810284138e-03,-2.514695050194859505e-03,-3.268766449764370918e-03,-8.750905399210751057e-04,4.343230742961168289e-03,1.178872026503086090e-02,2.064599469304084778e-02,2.995755523443222046e-02,3.871206566691398621e-02,4.593718051910400391e-02,5.078859627246856689e-02,5.262737721204757690e-02,5.107859894633293152e-02,4.606617614626884460e-02,3.782069310545921326e-02,2.685962803661823273e-02,1.394178625196218491e-02,3.466562738593764292e-17
0.000000000000000000e+00,-1.306223776191473007e-02,-2.511584386229515076e-02,-3.524477407336235046e-02,-4.270971938967704773e-02,-4.701616615056991577e-02,-4.796008393168449402e-02,-4.564710333943367004e-02,-4.048328101634979248e-02,-3.313826397061347961e-02,-2.448401786386966705e-02,-1.551460754126310349e-02,-7.254210766404867172e-03,-6.615993916057050228e-04,3.460259875282645226e-03,4.541296977549791336e-03,2.301070140674710274e-03,-3.220121841877698898e-03,-1.165875047445297241e-02,-2.235464751720428467e-02,-3.440454602241516113e-02,-4.673802480101585388e-02,-5.820934101939201355e-02,-6.769707798957824707e-02,-7.420296221971511841e-02,-7.694111764430999756e-02,-7.540982961654663086e-02,-6.943948566913604736e-02,-5.921232700347900391e-02,-4.525215178728103638e-02,-2.838473767042160034e-02,-9.672320447862148285e-03,9.672320447862148285e-03,2.838473767042160034e-02,4.525215178728103638e-02,5.921232700347900391e-02,6.943948566913604736e-02,7.540982961654663086e-02,7.694111764430999756e-02,7.420296221971511841e-02,6.769707798957824707e-02,5.820934101939201355e-02,4.673802480101585388e-02,3.440454602241516113e-02,2.235464751720428467e-02,1.165875047445297241e-02,3.220121841877698898e-03,-2.301070140674710274e-03,-4.541296977549791336e-03,-3.460259875282645226e-03,6.615993916057050228e-04,7.254210766404867172e-03,1.551460754126310349e-02,2.448401786386966705e-02,3.313826397061347961e-02,4.048328101634979248e-02,4.564710333943367004e-02,4.796008393168449402e-02,4.701616615056991577e-02,4.270971938967704773e-02,3.524477407336235046e-02,2.511584386229515076e-02,1.306223776191473007e-02,3.249944650245317659e-17
0.000000000000000000e+00,-1.190621312707662582e-02,-2.284402959048748016e-02,-3.193679824471473694e-02,-3.848289325833320618e-02,-4.202280566096305847e-02,-4.238384589552879333e-02,-3.969819098711013794e-02,-3.439255058765411377e-02,-2.715015225112438202e-02,-1.884843967854976654e-02,-1.047795452177524567e-02,-3.049697726964950562e-03,2.500664209946990013e-03,5.403062328696250916e-03,5.129479337483644485e-03,1.449516508728265762e-03,-5.540185142308473587e-03,-1.541562844067811966e-02,-2.745462581515312195e-02,-4.069320857524871826e-02,-5.400456860661506653e-02,-6.619384139776229858e-02,-7.610052078962326050e-02,-8.269964158535003662e-02,-8.519278466701507568e-02,-8.308099955320358276e-02,-7.621300965547561646e-02,-6.480445712804794312e-02,-4.942627251148223877e-02,-3.096294216811656952e-02,-1.054419670253992081e-02,1.054419670253992081e-02,3.096294216811656952e-02,4.942627251148223877e-02,6.480445712804794312e-02,7.621300965547561646e-02,8.308099955320358276e-02,8.519278466701507568e-02,8.269964158535003662e-02,7.610052078962326050e-02,6.619384139776229858e-02,5.400456860661506653e-02,4.069320857524871826e-02,2.745462581515312195e-02,1.541562844067811966e-02,5.540185142308473587e-03,-1.449516508728265762e-03,-5.129479337483644485e-03,-5.403062328696250916e-03,-2.500664209946990013e-03,3.049697726964950562e-03,1.047795452177524567e-02,1.884843967854976654e-02,2.715015225112438202e-02,3.439255058765411377e-02,3.969819098711013794e-02,4.238384589552879333e-02,4.202280566096305847e-02,3.848289325833320618e-02,3.193679824471473694e-02,2.284402959048748016e-02,1.190621312707662582e-02,2.964388667902211657e-17
0.000000000000000000e+00,-1.047666743397712708e-02,-2.005133777856826782e-02,-2.791042625904083252e-02,-3.340890258550643921e-02,-3.613461926579475403e-02,-3.595076501369476318e-02,-3.301233053207397461e-02,-2.775488980114459991e-02,-2.085647359490394592e-02,-1.317589357495307922e-02,-5.672899540513753891e-03,6.825773161835968494e-04,5.003928206861019135e-03,6.575531791895627975e-03,4.926489666104316711e-03,-1.164929708465933800e-04,-8.402200415730476379e-03,-1.945680193603038788e-02,-3.251485154032707214e-02,-4.657705128192901611e-02,-6.049013137817382812e-02,-7.304203510284423828e-02,-8.306439220905303955e-02,-8.953328430652618408e-02,-9.165966510772705078e-02,-8.896138519048690796e-02,-8.131042122840881348e-02,-6.895106285810470581e-02,-5.248720198869705200e-02,-3.283957764506340027e-02,-1.117646787315607071e-02,1.117646787315607071e-02,3.283957764506340027e-02,5.248720198869705200e-02,6.895106285810470581e-02,8.131042122840881348e-02,8.896138519048690796e-02,9.165966510772705078e-02,8.953328430652618408e-02,8.306439220905303955e-02,7.304203510284423828e-02,6.049013137817382812e-02,4.657705128192901611e-02,3.251485154032707214e-02,1.945680193603038788e-02,8.402200415730476379e-03,1.164929708465933800e-04,-4.926489666104316711e-03,-6.575531791895627975e-03,-5.003928206861019135e-03,-6.825773161835968494e-04,5.672899540513753891e-03,1.317589357495307922e-02,2.085647359490394592e-02,2.775488980114459991e-02,3.301233053207397461e-02,3.595076501369476318e-02,3.613461926579475403e-02,3.340890258550643921e-02,2.791042625904083252e-02,2.005133777856826782e-02,1.047666743397712708e-02,2.610568612891431983e-17
0.000000000000000000e+00,-8.794396184384822845e-03,-1.677893102169036865e-02,-2.322631888091564178e-02,-2.756655961275100708e-02,-2.944668754935264587e-02,-2.876974828541278839e-02,-2.570920065045356750e-02,-2.069710753858089447e-02,-1.438696309924125671e-02,-7.594345603138208389e-03,-1.220612553879618645e-03,3.833447583019733429e-03,6.756170187145471573e-03,6.907608825713396072e-03,3.888450097292661667e-03,-2.411318011581897736e-03,-1.178880874067544937e-02,-2.373235300183296204e-02,-3.745349496603012085e-02,-5.194459483027458191e-02,-6.605739146471023560e-02,-7.859603315591812134e-02,-8.841671794652938843e-02,-9.452531486749649048e-02,-9.616463631391525269e-02,-9.288354963064193726e-02,-8.458192646503448486e-02,-7.152722775936126709e-02,-5.434101447463035583e-02,-3.395635634660720825e-02,-1.154937129467725754e-02,1.154937129467725754e-02,3.395635634660720825e-02,5.434101447463035583e-02,7.152722775936126709e-02,8.458192646503448486e-02,9.288354963064193726e-02,9.616463631391525269e-02,9.452531486749649048e-02,8.841671794652938843e-02,7.859603315591812134e-02,6.605739146471023560e-02,5.194459483027458191e-02,3.745349496603012085e-02,2.373235300183296204e-02,1.178880874067544937e-02,2.411318011581897736e-03,-3.888450097292661667e-03,-6.907608825713396072e-03,-6.756170187145471573e-03,-3.833447583019733429e-03,1.220612553879618645e-03,7.594345603138208389e-03,1.438696309924125671e-02,2.069710753858089447e-02,2.570920065045356750e-02,2.876974828541278839e-02,2.944668754935264587e-02,2.756655961275100708e-02,2.322631888091564178e-02,1.677893102169036865e-02,8.794396184384822845e-03,2.193608372799377111e-17
0.000000000000000000e+00,-6.899378728121519089e-03,-1.310453098267316818e-02,-1.799559406936168671e-02,-2.109423652291297913e-02,-2.211706340312957764e-02,-2.101002819836139679e-02,-1.796030811965465546e-02,-1.338422764092683792e-02,-7.892057299613952637e-03,-2.232659142464399338e-03,2.777134533971548080e-03,6.332017946988344193e-03,7.719313725829124451e-03,6.394136231392621994e-03,2.041510771960020065e-03,-5.380589049309492111e-03,-1.562168169766664505e-02,-2.814505062997341156e-02,-4.215992614626884460e-02,-5.667733401060104370e-02,-7.058523595333099365e-02,-8.273684233427047729e-02,-9.204462170600891113e-02,-9.757216274738311768e-02,-9.861573576927185059e-02,-9.476869553327560425e-02,-8.596278727054595947e-02,-7.248263806104660034e-02,-5.495190247893333435e-02,-3.429186344146728516e-02,-1.165578979998826981e-02,1.165578979998826981e-02,3.429186344146728516e-02,5.495190247893333435e-02,7.248263806104660034e-02,8.596278727054595947e-02,9.476869553327560425e-02,9.861573576927185059e-02,9.757216274738311768e-02,9.204462170600891113e-02,8.273684233427047729e-02,7.058523595333099365e-02,5.667733401060104370e-02,4.215992614626884460e-02,2.814505062997341156e-02,1.562168169766664505e-02,5.380589049309492111e-03,-2.041510771960020065e-03,-6.394136231392621994e-03,-7.719313725829124451e-03,-6.332017946988344193e-03,-2.777134533971548080e-03,2.232659142464399338e-03,7.892057299613952637e-03,1.338422764092683792e-02,1.796030811965465546e-02,2.101002819836139679e-02,2.211706340312957764e-02,2.109423652291297913e-02,1.799559406936168671e-02,1.310453098267316818e-02,6.899378728121519089e-03,1.723419722034024950e-17
0.000000000000000000e+00,-4.850401077419519424e-03,-9.141650050878524780e-03,-1.237870566546916962e-02,-1.418838091194629669e-02,-1.436496526002883911e-02,-1.289907284080982208e-02,-9.986655786633491516e-03,-6.016968283802270889e-03,-1.540266210213303566e-03,2.782064490020275116e-03,6.240535993129014969e-03,8.148044347763061523e-03,7.911304011940956116e-03,5.096525885164737701e-03,-5.169869982637465000e-04,-8.900638669729232788e-03,-1.976159960031509399e-02,-3.255113214254379272e-02,-4.649613797664642334e-02,-6.065182015299797058e-02,-7.397144287824630737e-02,-8.538751304149627686e-02,-9.389781951904296875e-02,-9.864887595176696777e-02,-9.900980442762374878e-02,-9.463014453649520874e-02,-8.547644317150115967e-02,-7.184424251317977905e-02,-5.434416234493255615e-02,-3.386283293366432190e-02,-1.150166708976030350e-02,1.150166708976030350e-02,3.386283293366432190e-02,5.434416234493255615e-02,7.184424251317977905e-02,8.547644317150115967e-02,9.463014453649520874e-02,9.900980442762374878e-02,9.864887595176696777e-02,9.389781951904296875e-02,8.538751304149627686e-02,7.397144287824630737e-02,6.065182015299797058e-02,4.649613797664642334e-02,3.255113214254379272e-02,1.976159960031509399e-02,8.900638669729232788e-03,5.169869982637465000e-04,-5.096525885164737701e-03,-7.911304011940956116e-03,-8.148044347763061523e-03,-6.240535993129014969e-03,-2.782064490020275116e-03,1.540266210213303566e-03,6.016968283802270889e-03,9.986655786633491516e-03,1.289907284080982208e-02,1.436496526002883911e-02,1.418838091194629669e-02,1.237870566546916962e-02,9.141650050878524780e-03,4.850401077419519424e-03,1.214607609644795523e-17
0.000000000000000000e+00,-2.722883829846978188e-03,-5.035431124269962311e-03,-6.579577457159757614e-03,-7.096435874700546265e-03,-6.462990771979093552e-03,-4.714674782007932663e-03,-2.051288727670907974e-03,1.174713601358234882e-03,4.486843943595886230e-03,7.327744271606206894e-03,9.113089181482791901e-03,9.291333146393299103e-03,7.403720635920763016e-03,3.138857427984476089e-03,-3.623536322265863419e-03,-1.278417650610208511e-02,-2.401428483426570892e-02,-3.676578402519226074e-02,-5.030148848891258240e-02,-6.374331563711166382e-02,-7.613494992256164551e-02,-8.651404827833175659e-02,-9.398806840181350708e-02,-9.780745208263397217e-02,-9.742987900972366333e-02,-9.257015585899353027e-02,-8.323117345571517944e-02,-6.971310079097747803e-02,-5.259968712925910950e-02,-3.272246941924095154e-02,-1.110544148832559586e-02,1.110544148832559586e-02,3.272246941924095154e-02,5.259968712925910950e-02,6.971310079097747803e-02,8.323117345571517944e-02,9.257015585899353027e-02,9.742987900972366333e-02,9.780745208263397217e-02,9.398806840181350708e-02,8.651404827833175659e-02,7.613494992256164551e-02,6.374331563711166382e-02,5.030148848891258240e-02,3.676578402519226074e-02,2.401428483426570892e-02,1.278417650610208511e-02,3.623536322265863419e-03,-3.138857427984476089e-03,-7.403720635920763016e-03,-9.291333146393299103e-03,-9.113089181482791901e-03,-7.327744271606206894e-03,-4.486843943595886230e-03,-1.174713601358234882e-03,2.051288727670907974e-03,4.714674782007932663e-03,6.462990771979093552e-03,7.096435874700546265e-03,6.579577457159757614e-03,5.035431124269962311e-03,2.722883829846978188e-03,6.859318301799014562e-18
0.000000000000000000e+00,-6.050232332199811935e-04,-9.552404517307877541e-04,-8.352902368642389774e-04,-1.044422315317206085e-04,1.276326365768909454e-03,3.228431101888418198e-03,5.552947055548429489e-03,7.941748946905136108e-03,1.000186894088983536e-02,1.129109784960746765e-02,1.136170141398906708e-02,9.808256290853023529e-03,6.315080448985099792e-03,6.986356456764042377e-04,-7.059391587972640991e-03,-1.679191552102565765e-02,-2.814168855547904968e-02,-4.057313501834869385e-02,-5.340052768588066101e-02,-6.583078205585479736e-02,-7.701775431632995605e-02,-8.612398058176040649e-02,-9.238483756780624390e-02,-9.516991674900054932e-02,-9.403645992279052734e-02,-8.877027034759521484e-02,-7.941048592329025269e-02,-6.625575572252273560e-02,-4.985110834240913391e-02,-3.095609322190284729e-02,-1.049653533846139908e-02,1.049653533846139908e-02,3.095609322190284729e-02,4.985110834240913391e-02,6.625575572252273560e-02,7.941048592329025269e-02,8.877027034759521484e-02,9.403645992279052734e-02,9.516991674900054932e-02,9.238483756780624390e-02,8.612398058176040649e-02,7.701775431632995605e-02,6.583078205585479736e-02,5.340052768588066101e-02,4.057313501834869385e-02,2.814168855547904968e-02,1.679191552102565765e-02,7.059391587972640991e-03,-6.986356456764042377e-04,-6.315080448985099792e-03,-9.808256290853023529e-03,-1.136170141398906708e-02,-1.129109784960746765e-02,-1.000186894088983536e-02,-7.941748946905136108e-03,-5.552947055548429489e-03,-3.228431101888418198e-03,-1.276326365768909454e-03,1.044422315317206085e-04,8.352902368642389774e-04,9.552404517307877541e-04,6.050232332199811935e-04,1.593444853063083025e-18
0.000000000000000000e+00,1.407500240020453930e-03,2.915459917858242989e-03,4.598026163876056671e-03,6.479834206402301788e-03,8.518719114363193512e-03,1.059656217694282532e-02,1.251966971904039383e-02,1.402913127094507217e-02,1.482057292014360428e-02,1.457176450639963150e-02,1.297563966363668442e-02,9.775705635547637939e-03,4.800396505743265152e-03,-2.007076749578118324e-03,-1.056659128516912460e-02,-2.064930275082588196e-02,-3.187794983386993408e-02,-4.374000802636146545e-02,-5.561337620019912720e-02,-6.680303812026977539e-02,-7.658627629280090332e-02,-8.426300436258316040e-02,-8.920743316411972046e-02,-9.091684222221374512e-02,-8.905348181724548340e-02,-8.347607403993606567e-02,-7.425805181264877319e-02,-6.169078126549720764e-02,-4.627117142081260681e-02,-2.867432124912738800e-02,-9.713016450405120850e-03,9.713016450405120850e-03,2.867432124912738800e-02,4.627117142081260681e-02,6.169078126549720764e-02,7.425805181264877319e-02,8.347607403993606567e-02,8.905348181724548340e-02,9.091684222221374512e-02,8.920743316411972046e-02,8.426300436258316040e-02,7.658627629280090332e-02,6.680303812026977539e-02,5.561337620019912720e-02,4.374000802636146545e-02,3.187794983386993408e-02,2.064930275082588196e-02,1.056659128516912460e-02,2.007076749578118324e-03,-4.800396505743265152e-03,-9.775705635547637939e-03,-1.297563966363668442e-02,-1.457176450639963150e-02,-1.482057292014360428e-02,-1.402913127094507217e-02,-1.251966971904039383e-02,-1.059656217694282532e-02,-8.518719114363193512e-03,-6.479834206402301788e-03,-4.598026163876056671e-03,-2.915459917858242989e-03,-1.407500240020453930e-03,-3.413278493229119674e-18
0.000000000000000000e+00,3.217855235561728477e-03,6.391226314008235931e-03,9.462037123739719391e-03,1.234701182693243027e-02,1.492982357740402222e-02,1.705837994813919067e-02,1.854807510972023010e-02,1.919121295213699341e-02,1.877207495272159576e-02,1.708654128015041351e-02,1.396450679749250412e-02,9.293026290833950043e-03,3.037842921912670135e-03,-4.739035386592149734e-03,-1.386780478060245514e-02,-2.406705915927886963e-02,-3.494878113269805908e-02,-4.603246971964836121e-02,-5.676794424653053284e-02,-6.656561791896820068e-02,-7.483227550983428955e-02,-8.100985735654830933e-02,-8.461441844701766968e-02,-8.527222275733947754e-02,-8.275010436773300171e-02,-7.697751373052597046e-02,-6.805839389562606812e-02,-5.627153441309928894e-02,-4.205919802188873291e-02,-2.600443735718727112e-02,-8.798628114163875580e-03,8.798628114163875580e-03,2.600443735718727112e-02,4.205919802188873291e-02,5.627153441309928894e-02,6.805839389562606812e-02,7.697751373052597046e-02,8.275010436773300171e-02,8.527222275733947754e-02,8.461441844701766968e-02,8.100985735654830933e-02,7.483227550983428955e-02,6.656561791896820068e-02,5.676794424653053284e-02,4.603246971964836121e-02,3.494878113269805908e-02,2.406705915927886963e-02,1.386780478060245514e-02,4.739035386592149734e-03,-3.037842921912670135e-03,-9.293026290833950043e-03,-1.396450679749250412e-02,-1.708654128015041351e-02,-1.877207495272159576e-02,-1.919121295213699341e-02,-1.854807510972023010e-02,-1.705837994813919067e-02,-1.492982357740402222e-02,-1.234701182693243027e-02,-9.462037123739719391e-03,-6.391226314008235931e-03,-3.217855235561728477e-03,-7.919624053568474580e-18
0.000000000000000000e+00,4.734932910650968552e-03,9.297776967287063599e-03,1.351445913314819336e-02,1.720786653459072113e-02,2.019855566322803497e-02,2.230782061815261841e-02,2.336342446506023407e-02,2.320796810090541840e-02,2.170947752892971039e-02,1.877346634864807129e-02,1.435544528067111969e-02,8.472644723951816559e-03,1.213660463690757751e-03,-7.255263160914182663e-03,-1.668838225305080414e-02,-2.676384896039962769e-02,-3.709275275468826294e-02,-4.723379388451576233e-02,-5.671302601695060730e-02,-6.504776328802108765e-02,-7.177317887544631958e-02,-7.646997272968292236e-02,-7.879117131233215332e-02,-7.848611474037170410e-02,-7.541988790035247803e-02,-6.958654522895812988e-02,-6.111495196819305420e-02,-5.026670172810554504e-02,-3.742577880620956421e-02,-2.308060228824615479e-02,-7.799429353326559067e-03,7.799429353326559067e-03,2.308060228824615479e-02,3.742577880620956421e-02,5.026670172810554504e-02,6.111495196819305420e-02,6.958654522895812988e-02,7.541988790035247803e-02,7.848611474037170410e-02,7.879117131233215332e-02,7.646997272968292236e-02,7.177317887544631958e-02,6.504776328802108765e-02,5.671302601695060730e-02,4.723379388451576233e-02,3.709275275468826294e-02,2.676384896039962769e-02,1.668838225305080414e-02,7.255263160914182663e-03,-1.213660463690757751e-03,-8.472644723951816559e-03,-1.435544528067111969e-02,-1.877346634864807129e-02,-2.170947752892971039e-02,-2.320796810090541840e-02,-2.336342446506023407e-02,-2.230782061815261841e-02,-2.019855566322803497e-02,-1.720786653459072113e-02,-1.351445913314819336e-02,-9.297776967287063599e-03,-4.734932910650968552e-03,-1.169853416192920238e-17
0.000000000000000000e+00,5.880200769752264023e-03,1.148509699851274490e-02,1.654725335538387299e-02,2.081499807536602020e-02,2.406033501029014587e-02,2.608682401478290558e-02,2.673725038766860962e-02,2.590090222656726837e-02,2.352007105946540833e-02,1.959543488919734955e-02,1.418986264616250992e-02,7.430193014442920685e-03,-4.934228491038084030e-04,-9.330932050943374634e-03,-1.877876184880733490e-02,-2.848920971155166626e-02,-3.808267414569854736e-02,-4.716239869594573975e-02,-5.533114820718765259e-02,-6.220907717943191528e-02,-6.745192408561706543e-02,-7.076852768659591675e-02,-7.193668931722640991e-02,-7.081630825996398926e-02,-6.735908240079879761e-02,-6.161388382315635681e-02,-5.372744053602218628e-02,-4.394014179706573486e-02,-3.257692977786064148e-02,-2.003377489745616913e-02,-6.760329008102416992e-03,6.760329008102416992e-03,2.003377489745616913e-02,3.257692977786064148e-02,4.394014179706573486e-02,5.372744053602218628e-02,6.161388382315635681e-02,6.735908240079879761e-02,7.081630825996398926e-02,7.193668931722640991e-02,7.076852768659591675e-02,6.745192408561706543e-02,6.220907717943191528e-02,5.533114820718765259e-02,4.716239869594573975e-02,3.808267414569854736e-02,2.848920971155166626e-02,1.877876184880733490e-02,9.330932050943374634e-03,4.934228491038084030e-04,-7.430193014442920685e-03,-1.418986264616250992e-02,-1.959543488919734955e-02,-2.352007105946540833e-02,-2.590090222656726837e-02,-2.673725038766860962e-02,-2.608682401478290558e-02,-2.406033501029014587e-02,-2.081499807536602020e-02,-1.654725335538387299e-02,-1.148509699851274490e-02,-5.880200769752264023e-03,-1.455420813628479471e-17
0.000000000000000000e+00,6.593964993953704834e-03,1.283939555287361145e-02,1.840321347117424011e-02,2.298256009817123413e-02,2.631819248199462891e-02,2.820592373609542847e-02,2.850561216473579407e-02,2.714730612933635712e-02,2.413431368768215179e-02,1.954308338463306427e-02,1.351995673030614853e-02,6.274978164583444595e-03,-1.926931552588939667e-03,-1.077700220048427582e-02,-1.993533782660961151e-02,-2.904477715492248535e-02,-3.774527460336685181e-02,-4.568823054432868958e-02,-5.255016684532165527e-02,-5.804526805877685547e-02,-6.193625926971435547e-02,-6.404332071542739868e-02,-6.425068527460098267e-02,-6.251079589128494263e-02,-5.884586647152900696e-02,-5.334689840674400330e-02,-4.617022722959518433e-02,-3.753174841403961182e-02,-2.769911661744117737e-02,-1.698214188218116760e-02,-5.721804220229387283e-03,5.721804220229387283e-03,1.698214188218116760e-02,2.769911661744117737e-02,3.753174841403961182e-02,4.617022722959518433e-02,5.334689840674400330e-02,5.884586647152900696e-02,6.251079589128494263e-02,6.425068527460098267e-02,6.404332071542739868e-02,6.193625926971435547e-02,5.804526805877685547e-02,5.255016684532165527e-02,4.568823054432868958e-02,3.774527460336685181e-02,2.904477715492248535e-02,1.993533782660961151e-02,1.077700220048427582e-02,1.926931552588939667e-03,-6.274978164583444595e-03,-1.351995673030614853e-02,-1.954308338463306427e-02,-2.413431368768215179e-02,-2.714730612933635712e-02,-2.850561216473579407e-02,-2.820592373609542847e-02,-2.631819248199462891e-02,-2.298256009817123413e-02,-1.840321347117424011e-02,-1.283939555287361145e-02,-6.593964993953704834e-03,-1.633771376170630406e-17
0.000000000000000000e+00,6.840497255325317383e-03,1.329289749264717102e-02,1.898953132331371307e-02,2.360237948596477509e-02,2.685996331274509430e-02,2.856096252799034119e-02,2.858377061784267426e-02,2.689157985150814056e-02,2.353275194764137268e-02,1.863665133714675903e-02,1.240531168878078461e-02,5.101598799228668213e-03,-2.965285908430814743e-03,-1.145600993186235428e-02,-2.001799270510673523e-02,-2.830199897289276123e-02,-3.597750142216682434e-02,-4.274611175060272217e-02,-4.835248365998268127e-02,-5.259233713150024414e-02,-5.531751364469528198e-02,-5.643812939524650574e-02,-5.592206493020057678e-02,-5.379225686192512512e-02,-5.012222751975059509e-02,-4.503040015697479248e-02,-3.867371380329132080e-02,-3.124098666012287140e-02,-2.294632978737354279e-02,-1.402290631085634232e-02,-4.717074800282716751e-03,4.717074800282716751e-03,1.402290631085634232e-02,2.294632978737354279e-02,3.124098666012287140e-02,3.867371380329132080e-02,4.503040015697479248e-02,5.012222751975059509e-02,5.379225686192512512e-02,5.592206493020057678e-02,5.643812939524650574e-02,5.531751364469528198e-02,5.259233713150024414e-02,4.835248365998268127e-02,4.274611175060272217e-02,3.597750142216682434e-02,2.830199897289276123e-02,2.001799270510673523e-02,1.145600993186235428e-02,2.965285908430814743e-03,-5.101598799228668213e-03,-1.240531168878078461e-02,-1.863665133714675903e-02,-2.353275194764137268e-02,-2.689157985150814056e-02,-2.858377061784267426e-02,-2.856096252799034119e-02,-2.685996331274509430e-02,-2.360237948596477509e-02,-1.898953132331371307e-02,-1.329289749264717102e-02,-6.840497255325317383e-03,-1.695976847159720683e-17
0.000000000000000000e+00,6.611571181565523148e-03,1.283059176057577133e-02,1.828712597489356995e-02,2.265498228371143341e-02,2.567000873386859894e-02,2.714438177645206451e-02,2.697601728141307831e-02,2.515262365341186523e-02,2.175025641918182373e-02,1.692663319408893585e-02,1.090984884649515152e-02,3.983409143984317780e-03,-3.531274851411581039e-03,-1.129365433007478714e-02,-1.896277442574501038e-02,-2.621475048363208771e-02,-3.275793418288230896e-02,-3.834494948387145996e-02,-4.278109595179557800e-02,-4.592888802289962769e-02,-4.770886152982711792e-02,-4.809704050421714783e-02,-4.711966961622238159e-02,-4.484600946307182312e-02,-4.138004779815673828e-02,-3.685196861624717712e-02,-3.141017258167266846e-02,-2.521438710391521454e-02,-1.843033358454704285e-02,-1.122607477009296417e-02,-3.769980743527412415e-03,3.769980743527412415e-03,1.122607477009296417e-02,1.843033358454704285e-02,2.521438710391521454e-02,3.141017258167266846e-02,3.685196861624717712e-02,4.138004779815673828e-02,4.484600946307182312e-02,4.711966961622238159e-02,4.809704050421714783e-02,4.770886152982711792e-02,4.592888802289962769e-02,4.278109595179557800e-02,3.834494948387145996e-02,3.275793418288230896e-02,2.621475048363208771e-02,1.896277442574501038e-02,1.129365433007478714e-02,3.531274851411581039e-03,-3.983409143984317780e-03,-1.090984884649515152e-02,-1.692663319408893585e-02,-2.175025641918182373e-02,-2.515262365341186523e-02,-2.697601728141307831e-02,-2.714438177645206451e-02,-2.567000873386859894e-02,-2.265498228371143341e-02,-1.828712597489356995e-02,-1.283059176057577133e-02,-6.611571181565523148e-03,-1.639956701919056926e-17
0.000000000000000000e+00,5.928075406700372696e-03,1.149328984320163727e-02,1.635484024882316589e-02,2.021452225744724274e-02,2.283434011042118073e-02,2.405003271996974945e-02,2.377962321043014526e-02,2.202652022242546082e-02,1.887709274888038635e-02,1.449304725974798203e-02,9.099294431507587433e-03,2.968344837427139282e-03,-3.597551723942160606e-03,-1.028516422957181931e-02,-1.678857393562793732e-02,-2.282574400305747986e-02,-2.815230935811996460e-02,-3.257179632782936096e-02,-3.594182804226875305e-02,-3.817621618509292603e-02,-3.924315050244331360e-02,-3.916007652878761292e-02,-3.798600658774375916e-02,-3.581222146749496460e-02,-3.275238722562789917e-02,-2.893302217125892639e-02,-2.448520064353942871e-02,-1.953810825943946838e-02,-1.421487797051668167e-02,-8.630797266960144043e-03,-2.893723314628005028e-03,2.893723314628005028e-03,8.630797266960144043e-03,1.421487797051668167e-02,1.953810825943946838e-02,2.448520064353942871e-02,2.893302217125892639e-02,3.275238722562789917e-02,3.581222146749496460e-02,3.798600658774375916e-02,3.916007652878761292e-02,3.924315050244331360e-02,3.817621618509292603e-02,3.594182804226875305e-02,3.257179632782936096e-02,2.815230935811996460e-02,2.282574400305747986e-02,1.678857393562793732e-02,1.028516422957181931e-02,3.597551723942160606e-03,-2.968344837427139282e-03,-9.099294431507587433e-03,-1.449304725974798203e-02,-1.887709274888038635e-02,-2.202652022242546082e-02,-2.377962321043014526e-02,-2.405003271996974945e-02,-2.283434011042118073e-02,-2.021452225744724274e-02,-1.635484024882316589e-02,-1.149328984320163727e-02,-5.928075406700372696e-03,-1.470880819277095558e-17
0.000000000000000000e+00,4.839522298425436020e-03,9.376665577292442322e-03,1.332806143909692764e-02,1.644701138138771057e-02,1.853855140507221222e-02,1.947089284658432007e-02,1.918245479464530945e-02,1.768411882221698761e-02,1.505659986287355423e-02,1.144330762326717377e-02,7.039325777441263199e-03,2.077430952340364456e-03,-3.187697846442461014e-03,-8.495877496898174286e-03,-1.359719876199960709e-02,-1.826605759561061859e-02,-2.231252565979957581e-02,-2.559037134051322937e-02,-2.800139226019382477e-02,-2.949598990380764008e-02,-3.007030114531517029e-02,-2.976039238274097443e-02,-2.863433770835399628e-02,-2.678303048014640808e-02,-2.431073412299156189e-02,-2.132624760270118713e-02,-1.793549023568630219e-02,-1.423609163612127304e-02,-1.031433604657649994e-02,-6.244528107345104218e-03,-2.090583555400371552e-03,2.090583555400371552e-03,6.244528107345104218e-03,1.031433604657649994e-02,1.423609163612127304e-02,1.793549023568630219e-02,2.132624760270118713e-02,2.431073412299156189e-02,2.678303048014640808e-02,2.863433770835399628e-02,2.976039238274097443e-02,3.007030114531517029e-02,2.949598990380764008e-02,2.800139226019382477e-02,2.559037134051322937e-02,2.231252565979957581e-02,1.826605759561061859e-02,1.359719876199960709e-02,8.495877496898174286e-03,3.187697846442461014e-03,-2.077430952340364456e-03,-7.039325777441263199e-03,-1.144330762326717377e-02,-1.505659986287355423e-02,-1.768411882221698761e-02,-1.918245479464530945e-02,-1.947089284658432007e-02,-1.853855140507221222e-02,-1.644701138138771057e-02,-1.332806143909692764e-02,-9.376665577292442322e-03,-4.839522298425436020e-03,-1.201047886017397507e-17
0.000000000000000000e+00,3.421444445848464966e-03,6.626253947615623474e-03,9.411697275936603546e-03,1.160184852778911591e-02,1.305855158716440201e-02,1.368969585746526718e-02,1.345421839505434036e-02,1.236355304718017578e-02,1.047949399799108505e-02,7.908711209893226624e-03,4.794439766556024551e-03,1.306032412685453892e-03,-2.372774062678217888e-03,-6.055951584130525589e-03,-9.566725231707096100e-03,-1.274773199111223221e-02,-1.546910405158996582e-02,-1.763400062918663025e-02,-1.918132416903972626e-02,-2.008560858666896820e-02,-2.035434171557426453e-02,-2.002312056720256805e-02,-1.914927549660205841e-02,-1.780464500188827515e-02,-1.606825552880764008e-02,-1.401958242058753967e-02,-1.173301599919795990e-02,-9.273964911699295044e-03,-6.696854718029499054e-03,-4.045063629746437073e-03,-1.352628692984580994e-03,1.352628692984580994e-03,4.045063629746437073e-03,6.696854718029499054e-03,9.273964911699295044e-03,1.173301599919795990e-02,1.401958242058753967e-02,1.606825552880764008e-02,1.780464500188827515e-02,1.914927549660205841e-02,2.002312056720256805e-02,2.035434171557426453e-02,2.008560858666896820e-02,1.918132416903972626e-02,1.763400062918663025e-02,1.546910405158996582e-02,1.274773199111223221e-02,9.566725231707096100e-03,6.055951584130525589e-03,2.372774062678217888e-03,-1.306032412685453892e-03,-4.794439766556024551e-03,-7.908711209893226624e-03,-1.047949399799108505e-02,-1.236355304718017578e-02,-1.345421839505434036e-02,-1.368969585746526718e-02,-1.305855158716440201e-02,-1.160184852778911591e-02,-9.411697275936603546e-03,-6.626253947615623474e-03,-3.421444445848464966e-03,-8.492374663048154131e-18
0.000000000000000000e+00,1.770840724930167198e-03,3.428715048357844353e-03,4.867989104241132736e-03,5.997160915285348892e-03,6.744630169123411179e-03,7.063032593578100204e-03,6.931839976459741592e-03,6.358071230351924896e-03,5.375097505748271942e-03,4.039680585265159607e-03,2.427519066259264946e-03,6.276714266277849674e-04,-1.263680169358849525e-03,-3.149637952446937561e-03,-4.938677418977022171e-03,-6.549974903464317322e-03,-7.917607203125953674e-03,-8.993371389806270599e-03,-9.748085401952266693e-03,-1.017138920724391937e-02,-1.027015782892704010e-02,-1.006577815860509872e-02,-9.590627625584602356e-03,-8.884114213287830353e-03,-7.988699711859226227e-03,-6.946269888430833817e-03,-5.795185919851064682e-03,-4.568242002278566360e-03,-3.291679080575704575e-03,-1.985262846574187279e-03,-6.633381126448512077e-04,6.633381126448512077e-04,1.985262846574187279e-03,3.291679080575704575e-03,4.568242002278566360e-03,5.795185919851064682e-03,6.946269888430833817e-03,7.988699711859226227e-03,8.884114213287830353e-03,9.590627625584602356e-03,1.006577815860509872e-02,1.027015782892704010e-02,1.017138920724391937e-02,9.748085401952266693e-03,8.993371389806270599e-03,7.917607203125953674e-03,6.549974903464317322e-03,4.938677418977022171e-03,3.149637952446937561e-03,1.263680169358849525e-03,-6.276714266277849674e-04,-2.427519066259264946e-03,-4.039680585265159607e-03,-5.375097505748271942e-03,-6.358071230351924896e-03,-6.931839976459741592e-03,-7.063032593578100204e-03,-6.744630169123411179e-03,-5.997160915285348892e-03,-4.867989104241132736e-03,-3.428715048357844353e-03,-1.770840724930167198e-03,-4.395764333740509678e-18
0.000000000000000000e+00,4.398791814782453759e-18,8.516293417640737479e-18,1.208953995594118090e-17,1.489087560867755229e-17,1.674236886300602009e-17,1.752661383868387031e-17,1.719320380354334655e-17,1.576046080815249838e-17,1.331239579706404894e-17,9.991259847399354952e-18,5.986348692847807764e-18,1.520020682977696369e-18,-3.167931967257369486e-18,-7.836316212536421504e-18,-1.225775954121302737e-17,-1.623199346197712670e-17,-1.959630575807525107e-17,-2.223250059177969836e-17,-2.407006081587032296e-17,-2.508552262509144569e-17,-2.529837439467481588e-17,-2.476413814169621785e-17,-2.356541115904152163e-17,-2.180187863669071768e-17,-1.958027499780397339e-17,-1.700525347912027271e-17,-1.417198782755874190e-17,-1.116108762099328605e-17,-8.036183728044546816e-18,-4.844209549488170442e-18,-1.618164835476500550e-18,1.618164835476500550e-18,4.844209549488170442e-18,8.036183728044546816e-18,1.116108762099328605e-17,1.417198782755874190e-17,1.700525347912027271e-17,1.958027499780397339e-17,2.180187863669071768e-17,2.356541115904152163e-17,2.476413814169621785e-17,2.529837439467481588e-17,2.508552262509144569e-17,2.407006081587032296e-17,2.223250059177969836e-17,1.959630575807525107e-17,1.623199346197712670e-17,1.225775954121302737e-17,7.836316212536421504e-18,3.167931967257369486e-18,-1.520020682977696369e-18,-5.986348692847807764e-18,-9.991259847399354952e-18,-1.331239579706404894e-17,-1.576046080815249838e-17,-1.719320380354334655e-17,-1.752661383868387031e-17,-1.674236886300602009e-17,-1.489087560867755229e-17,-1.208953995594118090e-17,-8.516293417640737479e-18,-4.398791814782453759e-18,-1.091942342949350177e-32
