0.000000000000000000e+00,0.000000000000000000e+00,0.000000000000000000e+00,0.000000000000000000e+00,0.000000000000000000e+00,0.000000000000000000e+00,0.000000000000000000e+00,0.000000000000000000e+00,0.000000000000000000e+00,0.000000000000000000e+00,0.000000000000000000e+00,0.000000000000000000e+00,0.000000000000000000e+00,0.000000000000000000e+00,0.000000000000000000e+00,0.000000000000000000e+00,0.000000000000000000e+00,0.000000000000000000e+00,0.000000000000000000e+00,0.000000000000000000e+00,0.000000000000000000e+00,0.000000000000000000e+00,0.000000000000000000e+00,0.000000000000000000e+00,0.000000000000000000e+00,0.000000000000000000e+00,0.000000000000000000e+00,0.000000000000000000e+00,0.000000000000000000e+00,0.000000000000000000e+00,0.000000000000000000e+00,0.000000000000000000e+00,0.000000000000000000e+00,0.000000000000000000e+00,0.000000000000000000e+00,0.000000000000000000e+00,0.000000000000000000e+00,0.000000000000000000e+00,0.000000000000000000e+00,0.000000000000000000e+00,0.000000000000000000e+00,0.000000000000000000e+00,0.000000000000000000e+00,0.000000000000000000e+00,0.000000000000000000e+00,0.000000000000000000e+00,0.000000000000000000e+00,0.000000000000000000e+00,0.000000000000000000e+00,0.000000000000000000e+00,0.000000000000000000e+00,0.000000000000000000e+00,0.000000000000000000e+00,0.000000000000000000e+00,0.000000000000000000e+00,0.000000000000000000e+00,0.000000000000000000e+00,0.000000000000000000e+00,0.000000000000000000e+00,0.000000000000000000e+00,0.000000000000000000e+00,0.000000000000000000e+00,0.000000000000000000e+00,0.000000000000000000e+00
0.000000000000000000e+00,1.365384319797158241e-03,2.688987879082560539e-03,3.934443928301334381e-03,5.075612571090459824e-03,6.100247148424386978e-03,7.012083660811185837e-03,7.831083610653877258e-03,8.591729216277599335e-03,9.339482523500919342e-03,1.012570224702358246e-02,1.100146584212779999e-02,1.201089378446340561e-02,1.318460702896118164e-02,1.453400030732154846e-02,1.604692451655864716e-02,1.768529973924160004e-02,1.938498578965663910e-02,2.105807885527610779e-02,2.259754575788974762e-02,2.388394810259342194e-02,2.479376643896102905e-02,2.520870789885520935e-02,2.502525225281715393e-02,2.416365593671798706e-02,2.257566899061203003e-02,2.025027945637702942e-02,1.721694692969322205e-02,1.354602631181478500e-02,9.346209466457366943e-03,4.759181756526231766e-03,-4.822276605409570038e-05,-4.893769044429063797e-03,-9.590777568519115448e-03,-1.395947951823472977e-02,-1.783791743218898773e-02,-2.109158597886562347e-02,-2.362111210823059082e-02,-2.536739781498908997e-02,-2.631391771137714386e-02,-2.648601494729518890e-02,-2.594733983278274536e-02,-2.479376643896102905e-02,-2.314531616866588593e-02,-2.113678306341171265e-02,-1.890781708061695099e-02,-1.659325696527957916e-02,-1.431446522474288940e-02,-1.217228453606367111e-02,-1.024210825562477112e-02,-8.571336977183818817e-03,-7.179297972470521927e-03,-6.059474311769008636e-03,-5.183710251003503799e-03,-4.507887177169322968e-03,-3.978459164500236511e-03,-3.539192257449030876e-03,-3.137444611638784409e-03,-2.729413332417607307e-03,-2.283883513882756233e-03,-1.784181687980890274e-03,-1.228225650265812874e-03,-6.267532589845359325e-04,-1.549982302137709292e-18
0.000000000000000000e+00,2.704952610656619072e-03,5.326665937900543213e-03,7.792641408741474152e-03,1.005067210644483566e-02,1.207611989229917526e-02,1.387607958167791367e-02,1.548986881971359253e-02,1.698567718267440796e-02,1.845356449484825134e-02,1.999540627002716064e-02,2.171267196536064148e-02,2.369320020079612732e-02,2.599823661148548126e-02,2.865108288824558258e-02,3.162852302193641663e-02,3.485607355833053589e-02,3.820767253637313843e-02,4.151019454002380371e-02,4.455258697271347046e-02,4.709912091493606567e-02,4.890583828091621399e-02,4.973893240094184875e-02,4.939359053969383240e-02,4.771184176206588745e-02,4.459778219461441040e-02,4.002894461154937744e-02,3.406274691224098206e-02,2.683730982244014740e-02,1.856647059321403503e-02,9.529230184853076935e-03,5.429461452877148986e-05,-9.499160572886466980e-03,-1.876311376690864563e-02,-2.738310024142265320e-02,-3.503973782062530518e-02,-4.146774858236312866e-02,-4.647110030055046082e-02,-4.993318393826484680e-02,-5.182130634784698486e-02,-5.218531936407089233e-02,-5.115056037902832031e-02,-4.890583828091621399e-02,-4.568748921155929565e-02,-4.176085814833641052e-02,-3.740072995424270630e-02,-3.287227079272270203e-02,-2.841391786932945251e-02,-2.422352507710456848e-02,-2.044865302741527557e-02,-1.718160696327686310e-02,-1.445931661874055862e-02,-1.226780656725168228e-02,-1.055053994059562683e-02,-9.219680912792682648e-03,-8.169045671820640564e-03,-7.287439424544572830e-03,-6.471079774200916290e-03,-5.633965600281953812e-03,-4.715270362794399261e-03,-3.683176822960376740e-03,-2.534936415031552315e-03,-1.293321140110492706e-03,-3.198206777676810299e-18
0.000000000000000000e+00,3.993264865130186081e-03,7.862513884902000427e-03,1.149962656199932098e-02,1.482650823891162872e-02,1.780587807297706604e-02,2.044745907187461853e-02,2.280874177813529968e-02,2.499008551239967346e-02,2.712442725896835327e-02,2.936247177422046661e-02,3.185468167066574097e-02,3.473176807165145874e-02,3.808555752038955688e-02,4.195221140980720520e-02,4.629952833056449890e-02,5.101984739303588867e-02,5.592953041195869446e-02,6.077548861503601074e-02,6.524854898452758789e-02,6.900288909673690796e-02,7.168017327785491943e-02,7.293655723333358765e-02,7.247039675712585449e-02,7.004848867654800415e-02,6.552847474813461304e-02,5.887566879391670227e-02,5.017250031232833862e-02,3.961984813213348389e-02,2.752976678311824799e-02,1.431003492325544357e-02,4.415184957906603813e-04,-1.355004031211137772e-02,-2.712573483586311340e-02,-3.976636007428169250e-02,-5.100399255752563477e-02,-6.044989451766014099e-02,-6.781672686338424683e-02,-7.293348014354705811e-02,-7.575200498104095459e-02,-7.634504139423370361e-02,-7.489576190710067749e-02,-7.168017327785491943e-02,-6.704368442296981812e-02,-6.137390807271003723e-02,-5.507196485996246338e-02,-4.852453246712684631e-02,-4.207878932356834412e-02,-3.602213785052299500e-02,-3.056806698441505432e-02,-2.584896422922611237e-02,-2.191606909036636353e-02,-1.874615997076034546e-02,-1.625395007431507111e-02,-1.430872827768325806e-02,-1.275349128991365433e-02,-1.142459735274314880e-02,-1.017006672918796539e-02,-8.864818140864372253e-03,-7.421508897095918655e-03,-5.796104203909635544e-03,-3.987875301390886307e-03,-2.034062519669532776e-03,-5.029447962272989183e-18
0.000000000000000000e+00,5.205583292990922928e-03,1.024749409407377243e-02,1.498284097760915756e-02,1.930800080299377441e-02,2.317276038229465485e-02,2.658844180405139923e-02,2.962899394333362579e-02,3.242468088865280151e-02,3.514874354004859924e-02,3.799817338585853577e-02,4.117027670145034790e-02,4.483727365732192993e-02,4.912137985229492188e-02,5.407285690307617188e-02,5.965342372655868530e-02,6.572684645652770996e-02,7.205814868211746216e-02,7.832186669111251831e-02,8.411929011344909668e-02,8.900354057550430298e-02,9.251077473163604736e-02,9.419514238834381104e-02,9.366475790739059448e-02,9.061564505100250244e-02,8.486092835664749146e-02,7.635261863470077515e-02,6.519406288862228394e-02,5.164172872900962830e-02,3.609590232372283936e-02,1.908082328736782074e-02,1.215463038533926010e-03,-1.682289130985736847e-02,-3.433960676193237305e-02,-5.066518858075141907e-02,-6.519605964422225952e-02,-7.743065804243087769e-02,-8.699813485145568848e-02,-9.367755800485610962e-02,-9.740643948316574097e-02,-9.827803075313568115e-02,-9.652783721685409546e-02,-9.251077473163604736e-02,-8.667084574699401855e-02,-7.950601726770401001e-02,-7.153107225894927979e-02,-6.324151903390884399e-02,-5.508133396506309509e-02,-4.741682857275009155e-02,-4.051852598786354065e-02,-3.455209732055664062e-02,-2.957849018275737762e-02,-2.556284703314304352e-02,-2.239074558019638062e-02,-1.988996006548404694e-02,-1.785539649426937103e-02,-1.607466302812099457e-02,-1.435184571892023087e-02,-1.252724602818489075e-02,-1.049137115478515625e-02,-8.192042820155620575e-03,-5.634224507957696915e-03,-2.872894285246729851e-03,-7.102702962152942107e-18
0.000000000000000000e+00,6.318111438304185867e-03,1.243455149233341217e-02,1.817296259105205536e-02,2.340483479201793671e-02,2.806677110493183136e-02,3.217046707868576050e-02,3.580414876341819763e-02,3.912504017353057861e-02,4.234328866004943848e-02,4.569874331355094910e-02,4.943260923027992249e-02,5.375663936138153076e-02,5.882292613387107849e-02,6.469719856977462769e-02,7.133854925632476807e-02,7.858790457248687744e-02,8.616673201322555542e-02,9.368681907653808594e-02,1.006708517670631409e-01,1.065824404358863831e-01,1.108636632561683655e-01,1.129771023988723755e-01,1.124491468071937561e-01,1.089110076427459717e-01,1.021339148283004761e-01,9.205553680658340454e-02,7.879507541656494141e-02,6.265562772750854492e-02,4.411320015788078308e-02,2.379291504621505737e-02,2.434056252241134644e-03,-1.915360242128372192e-02,-4.013897478580474854e-02,-5.972063168883323669e-02,-7.717578113079071045e-02,-9.190359711647033691e-02,-1.034596040844917297e-01,-1.115787848830223083e-01,-1.161856874823570251e-01,-1.173911392688751221e-01,-1.154760122299194336e-01,-1.108636632561683655e-01,-1.040835380554199219e-01,-9.572885930538177490e-02,-8.641213923692703247e-02,-7.672186195850372314e-02,-6.718383729457855225e-02,-5.823003128170967102e-02,-5.017704144120216370e-02,-4.321549832820892334e-02,-3.741057962179183960e-02,-3.271305933594703674e-02,-2.897919714450836182e-02,-2.599722892045974731e-02,-2.351761050522327423e-02,-2.128399722278118134e-02,-1.906194537878036499e-02,-1.666270382702350616e-02,-1.395996939390897751e-02,-1.089828088879585266e-02,-7.492559961974620819e-03,-3.819204866886138916e-03,-9.441104503532173905e-18
0.000000000000000000e+00,7.308114785701036453e-03,1.437888666987419128e-02,2.100437320768833160e-02,2.703222259879112244e-02,3.238577768206596375e-02,3.707576915621757507e-02,4.120215028524398804e-02,4.494553431868553162e-02,4.854880273342132568e-02,5.229035019874572754e-02,5.645145103335380554e-02,6.128070876002311707e-02,6.695907562971115112e-02,7.356896996498107910e-02,8.107064664363861084e-02,8.928857743740081787e-02,9.790969640016555786e-02,1.064942851662635803e-01,1.144992560148239136e-01,1.213124543428421021e-01,1.262954622507095337e-01,1.288318186998367310e-01,1.283765882253646851e-01,1.245034933090209961e-01,1.169453486800193787e-01,1.056245416402816772e-01,9.067054092884063721e-02,7.242283970117568970e-02,5.141863971948623657e-02,2.836583368480205536e-02,4.103221930563449860e-03,-2.044928073883056641e-02,-4.434674978256225586e-02,-6.667742133140563965e-02,-8.661863952875137329e-02,-1.034862399101257324e-01,-1.167738586664199829e-01,-1.261792331933975220e-01,-1.316156685352325439e-01,-1.332081854343414307e-01,-1.312749087810516357e-01,-1.262954622507095337e-01,-1.188693717122077942e-01,-1.096676662564277649e-01,-9.938210994005203247e-02,-8.867581188678741455e-02,-7.813925296068191528e-02,-6.825494766235351562e-02,-5.937317758798599243e-02,-5.170029401779174805e-02,-4.529979079961776733e-02,-4.010539129376411438e-02,-3.594429045915603638e-02,-3.256788477301597595e-02,-2.968675084412097931e-02,-2.700635232031345367e-02,-2.426006831228733063e-02,-2.123645693063735962e-02,-1.779833994805812836e-02,-1.389219611883163452e-02,-9.547291323542594910e-03,-4.865029826760292053e-03,-1.202494707626814007e-17
0.000000000000000000e+00,8.153930306434631348e-03,1.603798568248748779e-02,2.341523766517639160e-02,3.011107817292213440e-02,3.603581339120864868e-02,4.119790717959403992e-02,4.570621624588966370e-02,4.976066201925277710e-02,5.363190174102783203e-02,5.763170868158340454e-02,6.207668781280517578e-02,6.724872440099716187e-02,7.335598766803741455e-02,8.049837499856948853e-02,8.864098787307739258e-02,9.759864211082458496e-02,1.070334911346435547e-01,1.164666414260864258e-01,1.253035664558410645e-01,1.328717023134231567e-01,1.384675949811935425e-01,1.414099931716918945e-01,1.410946696996688843e-01,1.370464563369750977e-01,1.289641708135604858e-01,1.167543530464172363e-01,1.005509719252586365e-01,8.071894198656082153e-02,5.784082040190696716e-02,3.268737345933914185e-02,6.173957139253616333e-03,-2.069411054253578186e-02,-4.688316956162452698e-02,-7.139515131711959839e-02,-9.332902729511260986e-02,-1.119351238012313843e-01,-1.266582608222961426e-01,-1.371666043996810913e-01,-1.433641761541366577e-01,-1.453865617513656616e-01,-1.435801684856414795e-01,-1.384675949811935425e-01,-1.307015120983123779e-01,-1.210116744041442871e-01,-1.101489141583442688e-01,-9.883105754852294922e-02,-8.769473433494567871e-02,-7.725683599710464478e-02,-6.788828969001770020e-02,-5.980165675282478333e-02,-5.305292829871177673e-02,-4.755653440952301025e-02,-4.311155527830123901e-02,-3.943610563874244690e-02,-3.620633110404014587e-02,-3.309613466262817383e-02,-2.981376275420188904e-02,-2.613190747797489166e-02,-2.190864831209182739e-02,-1.709751412272453308e-02,-1.174609456211328506e-02,-5.983745679259300232e-03,-1.478846237703736194e-17
0.000000000000000000e+00,8.834882639348506927e-03,1.737145148217678070e-02,2.534725330770015717e-02,3.256769850850105286e-02,3.893073275685310364e-02,4.444140568375587463e-02,4.921451210975646973e-02,5.346475914120674133e-02,5.748498067259788513e-02,6.161427870392799377e-02,6.619889289140701294e-02,7.154946774244308472e-02,7.789886742830276489e-02,8.536459505558013916e-02,9.391990303993225098e-02,1.033766269683837891e-01,1.133821383118629456e-01,1.234313249588012695e-01,1.328934580087661743e-01,1.410521417856216431e-01,1.471555978059768677e-01,1.504735052585601807e-01,1.503556817770004272e-01,1.462879329919815063e-01,1.379403471946716309e-01,1.252036988735198975e-01,1.082109063863754272e-01,8.734110742807388306e-02,6.320580840110778809e-02,3.661778196692466736e-02,8.544736541807651520e-03,-1.994880475103855133e-02,-4.776710271835327148e-02,-7.385132461786270142e-02,-9.724500775337219238e-02,-1.171519681811332703e-01,-1.329821795225143433e-01,-1.443824917078018188e-01,-1.512498557567596436e-01,-1.537265181541442871e-01,-1.521779596805572510e-01,-1.471555978059768677e-01,-1.393476873636245728e-01,-1.295226216316223145e-01,-1.184694096446037292e-01,-1.069399788975715637e-01,-9.559814631938934326e-02,-8.497884869575500488e-02,-7.546069473028182983e-02,-6.725335121154785156e-02,-6.040015071630477905e-02,-5.479482188820838928e-02,-5.021021142601966858e-02,-4.633566364645957947e-02,-4.281924292445182800e-02,-3.931060433387756348e-02,-3.550034388899803162e-02,-3.115224838256835938e-02,-2.612554468214511871e-02,-2.038533799350261688e-02,-1.400061789900064468e-02,-7.130428217351436615e-03,-1.762070232463932700e-17
0.000000000000000000e+00,9.331149049103260040e-03,1.834072545170783997e-02,2.674521133303642273e-02,3.433313593268394470e-02,4.099134728312492371e-02,4.672062769532203674e-02,5.163876712322235107e-02,5.597041919827461243e-02,6.002439558506011963e-02,6.416027247905731201e-02,6.874725222587585449e-02,7.411919534206390381e-02,8.053008466958999634e-02,8.811425417661666870e-02,9.685561805963516235e-02,1.065692082047462463e-01,1.168973818421363831e-01,1.273218542337417603e-01,1.371912658214569092e-01,1.457625627517700195e-01,1.522532403469085693e-01,1.559005677700042725e-01,1.560227870941162109e-01,1.520775556564331055e-01,1.437124609947204590e-01,1.308034062385559082e-01,1.134772822260856628e-01,9.211659431457519531e-02,6.734552234411239624e-02,3.999783843755722046e-02,1.106906402856111526e-02,-1.834374479949474335e-02,-4.711001366376876831e-02,-7.413631677627563477e-02,-9.843432158231735229e-02,-1.191808059811592102e-01,-1.357653290033340454e-01,-1.478219181299209595e-01,-1.552427709102630615e-01,-1.581730544567108154e-01,-1.569878458976745605e-01,-1.522532403469085693e-01,-1.446752846240997314e-01,-1.350410133600234985e-01,-1.241566464304924011e-01,-1.127879172563552856e-01,-1.016072928905487061e-01,-9.115209430456161499e-02,-8.179652690887451172e-02,-7.373929023742675781e-02,-6.700702011585235596e-02,-6.147256866097450256e-02,-5.688558891415596008e-02,-5.291222035884857178e-02,-4.917962104082107544e-02,-4.532104358077049255e-02,-4.101710766553878784e-02,-3.602943569421768188e-02,-3.022367134690284729e-02,-2.357999421656131744e-02,-1.619046367704868317e-02,-8.243873715400695801e-03,-2.037052695909018370e-17
0.000000000000000000e+00,9.623651392757892609e-03,1.890884153544902802e-02,2.755655720829963684e-02,3.534249588847160339e-02,4.214439168572425842e-02,4.795836284756660461e-02,5.290235579013824463e-02,5.720598250627517700e-02,6.118736788630485535e-02,6.521894782781600952e-02,6.968531012535095215e-02,7.493687421083450317e-02,8.124401420354843140e-02,8.875595778226852417e-02,9.746877104043960571e-02,1.072059124708175659e-01,1.176138073205947876e-01,1.281735450029373169e-01,1.382284909486770630e-01,1.470261961221694946e-01,1.537713259458541870e-01,1.576858758926391602e-01,1.580716222524642944e-01,1.543697416782379150e-01,1.462125480175018311e-01,1.334628164768218994e-01,1.162373125553131104e-01,9.491198509931564331e-02,7.010813057422637939e-02,4.266019538044929504e-02,1.356754824519157410e-02,-1.606645435094833374e-02,-4.510328173637390137e-02,-7.244081795215606689e-02,-9.708217531442642212e-02,-1.181965172290802002e-01,-1.351672708988189697e-01,-1.476241797208786011e-01,-1.554570198059082031e-01,-1.588102579116821289e-01,-1.580593585968017578e-01,-1.537713259458541870e-01,-1.466527134180068970e-01,-1.374898701906204224e-01,-1.270862668752670288e-01,-1.162021756172180176e-01,-1.055014580488204956e-01,-9.550956636667251587e-02,-8.658577501773834229e-02,-7.891132682561874390e-02,-7.249379158020019531e-02,-6.718640029430389404e-02,-6.272004544734954834e-02,-5.874428153038024902e-02,-5.487329140305519104e-02,-5.073216930031776428e-02,-4.599915817379951477e-02,-4.043993726372718811e-02,-3.393086791038513184e-02,-2.646928280591964722e-02,-1.817021146416664124e-02,-9.250164031982421875e-03,-2.285540729770153075e-17
0.000000000000000000e+00,9.694037958979606628e-03,1.904035732150077820e-02,2.773119509220123291e-02,3.553450480103492737e-02,4.232170805335044861e-02,4.808444157242774963e-02,5.293827131390571594e-02,5.711273103952407837e-02,6.092825159430503845e-02,6.476194411516189575e-02,6.900525093078613281e-02,7.401747256517410278e-02,8.007941395044326782e-02,8.735194802284240723e-02,9.584344178438186646e-02,1.053897961974143982e-01,1.156494095921516418e-01,1.261143088340759277e-01,1.361372619867324829e-01,1.449730992317199707e-01,1.518312990665435791e-01,1.559358686208724976e-01,1.565875113010406494e-01,1.532231569290161133e-01,1.454677581787109375e-01,1.331738382577896118e-01,1.164451092481613159e-01,9.564223885536193848e-02,7.136946171522140503e-02,4.444298893213272095e-02,1.584341004490852356e-02,-1.334450300782918930e-02,-4.199990630149841309e-02,-6.903677433729171753e-02,-9.347205609083175659e-02,-1.144859045743942261e-01,-1.314693838357925415e-01,-1.440561264753341675e-01,-1.521358788013458252e-01,-1.558488756418228149e-01,-1.555623859167098999e-01,-1.518312990665435791e-01,-1.453465819358825684e-01,-1.368758976459503174e-01,-1.272015869617462158e-01,-1.170610412955284119e-01,-1.070942506194114685e-01,-9.780264645814895630e-02,-8.952213078737258911e-02,-8.241210132837295532e-02,-7.646055519580841064e-02,-7.150416076183319092e-02,-6.726084649562835693e-02,-6.337133795022964478e-02,-5.944542214274406433e-02,-5.510845780372619629e-02,-5.004364252090454102e-02,-4.402616247534751892e-02,-3.694613650441169739e-02,-2.881847135722637177e-02,-1.977898925542831421e-02,-1.006752531975507736e-02,-2.487341531805937323e-17
0.000000000000000000e+00,9.524852037429809570e-03,1.870162226259708405e-02,2.722175419330596924e-02,3.485161811113357544e-02,4.146004468202590942e-02,4.703503102064132690e-02,5.168763920664787292e-02,5.564242228865623474e-02,5.921494960784912109e-02,6.277830898761749268e-02,6.672159582376480103e-02,7.140421122312545776e-02,7.711026817560195923e-02,8.400762826204299927e-02,9.211562573909759521e-02,1.012850552797317505e-01,1.111926808953285217e-01,1.213516667485237122e-01,1.311375200748443604e-01,1.398280858993530273e-01,1.466545462608337402e-01,1.508596837520599365e-01,1.517584174871444702e-01,1.487960368394851685e-01,1.415987312793731689e-01,1.300124675035476685e-01,1.141264140605926514e-01,9.427881985902786255e-02,7.104449719190597534e-02,4.520447924733161926e-02,1.770005747675895691e-02,-1.042537670582532883e-02,-3.809230029582977295e-02,-6.425369530916213989e-02,-8.796109259128570557e-02,-1.084228903055191040e-01,-1.250505596399307251e-01,-1.374892741441726685e-01,-1.456308215856552124e-01,-1.496081501245498657e-01,-1.497724056243896484e-01,-1.466545462608337402e-01,-1.409153640270233154e-01,-1.332877874374389648e-01,-1.245168820023536682e-01,-1.153021454811096191e-01,-1.062469631433486938e-01,-9.781914949417114258e-02,-9.032534807920455933e-02,-8.390107005834579468e-02,-7.851638644933700562e-02,-7.399627566337585449e-02,-7.005298882722854614e-02,-6.632712483406066895e-02,-6.243322044610977173e-02,-5.800536274909973145e-02,-5.273855477571487427e-02,-4.642195999622344971e-02,-3.896108269691467285e-02,-3.038696944713592529e-02,-2.085188403725624084e-02,-1.061212737113237381e-02,-2.621754245442741555e-17
0.000000000000000000e+00,9.099938906729221344e-03,1.786153763532638550e-02,2.598456293344497681e-02,3.324103727936744690e-02,3.950184211134910583e-02,4.475293681025505066e-02,4.909928515553474426e-02,5.275584012269973755e-02,5.602613836526870728e-02,5.927029624581336975e-02,6.286523491144180298e-02,6.716085225343704224e-02,7.243625074625015259e-02,7.886026799678802490e-02,8.646027743816375732e-02,9.510269016027450562e-02,1.044872924685478210e-01,1.141567453742027283e-01,1.235210001468658447e-01,1.318950951099395752e-01,1.385475695133209229e-01,1.427558660507202148e-01,1.438639760017395020e-01,1.413379609584808350e-01,1.348143070936203003e-01,1.241371408104896545e-01,1.093808114528656006e-01,9.085590392351150513e-02,6.909762322902679443e-02,4.483732581138610840e-02,1.895913109183311462e-02,-7.555062882602214813e-03,-3.368800878524780273e-02,-5.845211073756217957e-02,-8.095199614763259888e-02,-1.004397496581077576e-01,-1.163586527109146118e-01,-1.283721625804901123e-01,-1.363760381937026978e-01,-1.404931396245956421e-01,-1.410514116287231445e-01,-1.385475695133209229e-01,-1.335995495319366455e-01,-1.268918365240097046e-01,-1.191186532378196716e-01,-1.109294444322586060e-01,-1.028811782598495483e-01,-9.540133923292160034e-02,-8.876416832208633423e-02,-8.308176696300506592e-02,-7.831017673015594482e-02,-7.426930218935012817e-02,-7.067435979843139648e-02,-6.717546284198760986e-02,-6.340135633945465088e-02,-5.900319293141365051e-02,-5.369399860501289368e-02,-4.728033021092414856e-02,-3.968318924307823181e-02,-3.094647824764251709e-02,-2.123237214982509613e-02,-1.080439332872629166e-02,-2.669128037176511024e-17
0.000000000000000000e+00,8.405169472098350525e-03,1.649291999638080597e-02,2.398150414228439331e-02,3.065682016313076019e-02,3.639735281467437744e-02,4.118940234184265137e-02,4.513087123632431030e-02,4.842292517423629761e-02,5.135010555386543274e-02,5.425051599740982056e-02,5.747873336076736450e-02,6.136490404605865479e-02,6.617379933595657349e-02,7.206790894269943237e-02,7.907819002866744995e-02,8.708559721708297729e-02,9.581559151411056519e-02,1.048466861248016357e-01,1.136329472064971924e-01,1.215388998389244080e-01,1.278844326734542847e-01,1.319961249828338623e-01,1.332610100507736206e-01,1.311779618263244629e-01,1.254029572010040283e-01,1.157836765050888062e-01,1.023808345198631287e-01,8.547390997409820557e-02,6.555069983005523682e-02,4.328114539384841919e-02,1.947735249996185303e-02,-4.957199562340974808e-03,-2.908534929156303406e-02,-5.199637264013290405e-02,-7.286383211612701416e-02,-9.099669009447097778e-02,-1.058797687292098999e-01,-1.172005236148834229e-01,-1.248602345585823059e-01,-1.289691179990768433e-01,-1.298259496688842773e-01,-1.278844326734542847e-01,-1.237090826034545898e-01,-1.179248392581939697e-01,-1.111644133925437927e-01,-1.040180176496505737e-01,-9.698950499296188354e-02,-9.046234190464019775e-02,-8.467799425125122070e-02,-7.972812652587890625e-02,-7.556070387363433838e-02,-7.199888676404953003e-02,-6.877066940069198608e-02,-6.554590165615081787e-02,-6.197725236415863037e-02,-5.774095281958580017e-02,-5.257355049252510071e-02,-4.630126059055328369e-02,-3.885925188660621643e-02,-3.029922954738140106e-02,-2.078481204807758331e-02,-1.057535409927368164e-02,-2.612430431014166338e-17
0.000000000000000000e+00,7.429472170770168304e-03,1.457448303699493408e-02,2.118278294801712036e-02,2.706321328878402710e-02,3.210822120308876038e-02,3.630759939551353455e-02,3.975190594792366028e-02,4.262490570545196533e-02,4.518557339906692505e-02,4.774115979671478271e-02,5.061363801360130310e-02,5.410270765423774719e-02,5.844879895448684692e-02,6.379966437816619873e-02,7.018387317657470703e-02,7.749413698911666870e-02,8.548223227262496948e-02,9.376670420169830322e-02,1.018531173467636108e-01,1.091655716300010681e-01,1.150872185826301575e-01,1.190066635608673096e-01,1.203664541244506836e-01,1.187096834182739258e-01,1.137207821011543274e-01,1.052569821476936340e-01,9.336763620376586914e-02,7.829956710338592529e-02,6.048777699470520020e-02,4.053197428584098816e-02,1.916065625846385956e-02,-2.814597217366099358e-03,-2.455106005072593689e-02,-4.522899165749549866e-02,-6.410377472639083862e-02,-8.055193722248077393e-02,-9.410766512155532837e-02,-1.044868975877761841e-01,-1.115975081920623779e-01,-1.155348569154739380e-01,-1.165635809302330017e-01,-1.150872185826301575e-01,-1.116086542606353760e-01,-1.066847145557403564e-01,-1.008788868784904480e-01,-9.471611678600311279e-02,-8.864346146583557129e-02,-8.299957215785980225e-02,-7.799545675516128540e-02,-7.370758801698684692e-02,-7.008362561464309692e-02,-6.695969402790069580e-02,-6.408721953630447388e-02,-6.116649135947227478e-02,-5.788368731737136841e-02,-5.394770577549934387e-02,-4.912329837679862976e-02,-4.325753822922706604e-02,-3.629709780216217041e-02,-2.829496003687381744e-02,-1.940607838332653046e-02,-9.872556664049625397e-03,-2.438706951382514529e-17
0.000000000000000000e+00,6.166183855384588242e-03,1.209344808012247086e-02,1.757062971591949463e-02,2.243918739259243011e-02,2.661254815757274628e-02,3.008785285055637360e-02,3.294873610138893127e-02,3.535861521959304810e-02,3.754494339227676392e-02,3.977569937705993652e-02,4.233021289110183716e-02,4.546701535582542419e-02,4.939173534512519836e-02,5.422816425561904907e-02,5.999538674950599670e-02,6.659343093633651733e-02,7.379909604787826538e-02,8.127292245626449585e-02,8.857698738574981689e-02,9.520260989665985107e-02,1.006058678030967712e-01,1.042481064796447754e-01,1.056383773684501648e-01,1.043741181492805481e-01,1.001768037676811218e-01,9.291934967041015625e-02,8.264304697513580322e-02,6.956216692924499512e-02,5.405586212873458862e-02,3.664769232273101807e-02,1.797425374388694763e-02,-1.254706410691142082e-03,-2.030163258314132690e-02,-3.844843432307243347e-02,-5.504201352596282959e-02,-6.953452527523040771e-02,-8.151528239250183105e-02,-9.073193371295928955e-02,-9.709943830966949463e-02,-1.006963849067687988e-01,-1.017492040991783142e-01,-1.006058678030967712e-01,-9.770151972770690918e-02,-9.351897239685058594e-02,-8.854760229587554932e-02,-8.324396610260009766e-02,-7.799749821424484253e-02,-7.310391217470169067e-02,-6.874831765890121460e-02,-6.499916315078735352e-02,-6.181307509541511536e-02,-5.904975906014442444e-02,-5.649524554610252380e-02,-5.389100313186645508e-02,-5.096604302525520325e-02,-4.746888950467109680e-02,-4.319637641310691833e-02,-3.801661357283592224e-02,-3.188405185937881470e-02,-2.484531141817569733e-02,-1.703543961048126221e-02,-8.665090426802635193e-03,-2.140321397738711068e-17
0.000000000000000000e+00,4.614639095962047577e-03,9.048645384609699249e-03,1.314374059438705444e-02,1.678398624062538147e-02,1.991124451160430908e-02,2.253441512584686279e-02,2.473132312297821045e-02,2.664286829531192780e-02,2.845977433025836945e-02,3.040306642651557922e-02,3.269994631409645081e-02,3.555734828114509583e-02,3.913561627268791199e-02,4.352495446801185608e-02,4.872693866491317749e-02,5.464318022131919861e-02,6.107246875762939453e-02,6.771714240312576294e-02,7.419845461845397949e-02,8.008012175559997559e-02,8.489823341369628906e-02,8.819536119699478149e-02,8.955604583024978638e-02,8.864081650972366333e-02,8.521588891744613647e-02,7.917597889900207520e-02,7.055820524692535400e-02,5.954582244157791138e-02,4.646123573184013367e-02,3.174864873290061951e-02,1.594766974449157715e-02,-3.402413567528128624e-04,-1.648986525833606720e-02,-3.189195320010185242e-02,-4.599149525165557861e-02,-5.832160636782646179e-02,-6.853046268224716187e-02,-7.639925926923751831e-02,-8.185002207756042480e-02,-8.494277298450469971e-02,-8.586267381906509399e-02,-8.489823341369628906e-02,-8.241280913352966309e-02,-7.881172746419906616e-02,-7.450793683528900146e-02,-6.988909840583801270e-02,-6.528869271278381348e-02,-6.096353381872177124e-02,-5.707928538322448730e-02,-5.370490252971649170e-02,-5.081613361835479736e-02,-4.830737784504890442e-02,-4.601049423217773438e-02,-4.371855780482292175e-02,-4.121215268969535828e-02,-3.828565403819084167e-02,-3.477101027965545654e-02,-3.055675886571407318e-02,-2.560061588883399963e-02,-1.993453875184059143e-02,-1.366191543638706207e-02,-6.947328336536884308e-03,-1.715881625111829209e-17
0.000000000000000000e+00,2.781908027827739716e-03,5.453910678625106812e-03,7.922193966805934906e-03,1.012334227561950684e-02,1.203525438904762268e-02,1.368338149040937424e-02,1.514147035777568817e-02,1.652652956545352936e-02,1.798831298947334290e-02,1.969416625797748566e-02,2.181058563292026520e-02,2.448318526148796082e-02,2.781696990132331848e-02,3.185892477631568909e-02,3.658465296030044556e-02,4.189065843820571899e-02,4.759321734309196472e-02,5.343439802527427673e-02,5.909502133727073669e-02,6.421384960412979126e-02,6.841161102056503296e-02,7.131808251142501831e-02,7.260011881589889526e-02,7.198835164308547974e-02,6.930033117532730103e-02,6.445816159248352051e-02,5.749909579753875732e-02,4.857797548174858093e-02,3.796133026480674744e-02,2.601326629519462585e-02,1.317425072193145752e-02,-6.572831625817343593e-05,-1.319756638258695602e-02,-2.572473324835300446e-02,-3.719383105635643005e-02,-4.722170159220695496e-02,-5.551710352301597595e-02,-6.189532950520515442e-02,-6.628482788801193237e-02,-6.872548162937164307e-02,-6.935887783765792847e-02,-6.841161102056503296e-02,-6.617305427789688110e-02,-6.296966224908828735e-02,-5.913792178034782410e-02,-5.499821901321411133e-02,-5.083172023296356201e-02,-4.686204716563224792e-02,-4.324306920170783997e-02,-4.005356505513191223e-02,-3.729888424277305603e-02,-3.491910919547080994e-02,-3.280268609523773193e-02,-3.080401197075843811e-02,-2.876312471926212311e-02,-2.652561664581298828e-02,-2.396077476441860199e-02,-2.097631432116031647e-02,-1.752834208309650421e-02,-1.362571679055690765e-02,-9.328549727797508240e-03,-4.741110373288393021e-03,-1.170777542373264480e-17
0.000000000000000000e+00,6.845363532193005085e-04,1.341508352197706699e-03,1.952430815435945988e-03,2.515839179977774620e-03,3.053067950531840324e-03,3.611060790717601776e-03,4.261713474988937378e-03,5.097598303109407425e-03,6.224309559911489487e-03,7.750026881694793701e-03,9.773205965757369995e-03,1.236955262720584869e-02,1.557954773306846619e-02,1.939782872796058655e-02,2.376560680568218231e-02,2.856706455349922180e-02,3.363040834665298462e-02,3.873379528522491455e-02,4.361598566174507141e-02,4.799111932516098022e-02,5.156661942601203918e-02,5.406297743320465088e-02,5.523388087749481201e-02,5.488511919975280762e-02,5.289075151085853577e-02,4.920514300465583801e-02,4.386984929442405701e-02,3.701464086771011353e-02,2.885249070823192596e-02,1.966872066259384155e-02,9.805073030292987823e-03,-3.602071374189108610e-04,-1.043483708053827286e-02,-2.003585919737815857e-02,-2.881221100687980652e-02,-3.646485134959220886e-02,-4.276299104094505310e-02,-4.755534976720809937e-02,-5.077565461397171021e-02,-5.244214832782745361e-02,-5.265134572982788086e-02,-5.156661942601203918e-02,-4.940275102853775024e-02,-4.640771821141242981e-02,-4.284325987100601196e-02,-3.896581009030342102e-02,-3.500922024250030518e-02,-3.117060661315917969e-02,-2.760025858879089355e-02,-2.439617738127708435e-02,-2.160343527793884277e-02,-1.921807229518890381e-02,-1.719489321112632751e-02,-1.545819267630577087e-02,-1.391422841697931290e-02,-1.246414240449666977e-02,-1.101606059819459915e-02,-9.495222009718418121e-03,-7.851240225136280060e-03,-6.061895284801721573e-03,-4.133237525820732117e-03,-2.096167765557765961e-03,-5.172881080489684182e-18
0.000000000000000000e+00,-1.649879734031856060e-03,-3.234760602936148643e-03,-4.688177723437547684e-03,-5.941187497228384018e-03,-6.922204047441482544e-03,-7.557983975857496262e-03,-7.775919977575540543e-03,-7.507635746151208878e-03,-6.693709176033735275e-03,-5.289187654852867126e-03,-3.269422333687543869e-03,-6.356596131809055805e-04,2.580221043899655342e-03,6.312411278486251831e-03,1.045983936637639999e-02,1.488717831671237946e-02,1.942841708660125732e-02,2.389299683272838593e-02,2.807429432868957520e-02,3.176005184650421143e-02,3.474410995841026306e-02,3.683870658278465271e-02,3.788651153445243835e-02,3.777145594358444214e-02,3.642762824892997742e-02,3.384544327855110168e-02,3.007457032799720764e-02,2.522333152592182159e-02,1.945445872843265533e-02,1.297741662710905075e-02,6.037770304828882217e-03,-1.095778541639447212e-03,-8.145820349454879761e-03,-1.484118867665529251e-02,-2.093144133687019348e-02,-2.619993127882480621e-02,-3.047460876405239105e-02,-3.363589942455291748e-02,-3.562119230628013611e-02,-3.642575070261955261e-02,-3.610007837414741516e-02,-3.474410995841026306e-02,-3.249868378043174744e-02,-2.953505702316761017e-02,-2.604325860738754272e-02,-2.222014591097831726e-02,-1.825801096856594086e-02,-1.433447748422622681e-02,-1.060430239886045456e-02,-7.193490862846374512e-03,-4.195936024188995361e-03,-1.672569313086569309e-03,3.471959207672625780e-04,1.862113480456173420e-03,2.894365694373846054e-03,3.484028624370694160e-03,3.683344926685094833e-03,3.551370464265346527e-03,3.149458207190036774e-03,2.537915250286459923e-03,1.773998257704079151e-03,9.112487314268946648e-04,2.257581239244278814e-18
0.000000000000000000e+00,-4.181471653282642365e-03,-8.197126910090446472e-03,-1.188772544264793396e-02,-1.510691549628973007e-02,-1.772703975439071655e-02,-1.964419893920421600e-02,-2.078236639499664307e-02,-2.109640836715698242e-02,-2.057387307286262512e-02,-1.923547871410846710e-02,-1.713430136442184448e-02,-1.435366366058588028e-02,-1.100383047014474869e-02,-7.217640057206153870e-03,-3.145234193652868271e-03,1.051896135322749615e-03,5.207313224673271179e-03,9.156234562397003174e-03,1.274206489324569702e-02,1.582260802388191223e-02,1.827570609748363495e-02,2.000408060848712921e-02,2.093919180333614349e-02,2.104396000504493713e-02,2.031422778964042664e-02,1.877893693745136261e-02,1.649896427989006042e-02,1.356472633779048920e-02,1.009257789701223373e-02,6.220208946615457535e-03,2.101177116855978966e-03,-2.101177116855978966e-03,-6.220208946615457535e-03,-1.009257789701223373e-02,-1.356472633779048920e-02,-1.649896427989006042e-02,-1.877893693745136261e-02,-2.031422778964042664e-02,-2.104396000504493713e-02,-2.093919180333614349e-02,-2.000408060848712921e-02,-1.827570609748363495e-02,-1.582260802388191223e-02,-1.274206489324569702e-02,-9.156234562397003174e-03,-5.207313224673271179e-03,-1.051896135322749615e-03,3.145234193652868271e-03,7.217640057206153870e-03,1.100383047014474869e-02,1.435366366058588028e-02,1.713430136442184448e-02,1.923547871410846710e-02,2.057387307286262512e-02,2.109640836715698242e-02,2.078236639499664307e-02,1.964419893920421600e-02,1.772703975439071655e-02,1.510691549628973007e-02,1.188772544264793396e-02,8.197126910090446472e-03,4.181471653282642365e-03,1.033747298406097447e-17
0.000000000000000000e+00,-6.857414729893207550e-03,-1.344247162342071533e-02,-1.949765719473361969e-02,-2.479415759444236755e-02,-2.914384193718433380e-02,-3.240856528282165527e-02,-3.450625389814376831e-02,-3.541346266865730286e-02,-3.516427800059318542e-02,-3.384580835700035095e-02,-3.159068524837493896e-02,-2.856718003749847412e-02,-2.496775239706039429e-02,-2.099685557186603546e-02,-1.685888506472110748e-02,-1.274707261472940445e-02,-8.834025822579860687e-03,-5.264439154416322708e-03,-2.150287851691246033e-03,4.313876270316541195e-04,2.438211347907781601e-03,3.860026365146040916e-03,4.714728333055973053e-03,5.042935255914926529e-03,4.902108572423458099e-03,4.360710270702838898e-03,3.492931136861443520e-03,2.374396892264485359e-03,1.079110894352197647e-03,-3.222665109205991030e-04,-1.762880012392997742e-03,-3.179111750796437263e-03,-4.509329330176115036e-03,-5.692380946129560471e-03,-6.666288245469331741e-03,-7.367570418864488602e-03,-7.731543853878974915e-03,-7.693837862461805344e-03,-7.193197961896657944e-03,-6.175490561872720718e-03,-4.598657600581645966e-03,-2.438211347907781601e-03,3.072433755733072758e-04,3.611050080507993698e-03,7.414701394736766815e-03,1.162575464695692062e-02,1.611790619790554047e-02,2.073352411389350891e-02,2.528874762356281281e-02,2.958102151751518250e-02,3.339877352118492126e-02,3.653267771005630493e-02,3.878780081868171692e-02,3.999587520956993103e-02,4.002673551440238953e-02,3.879814594984054565e-02,3.628320246934890747e-02,3.251467645168304443e-02,2.758588828146457672e-02,2.164791896939277649e-02,1.490323431789875031e-02,7.596045732498168945e-03,1.877423050426290068e-17
0.000000000000000000e+00,-9.611953049898147583e-03,-1.884232461452484131e-02,-2.733265049755573273e-02,-3.476900979876518250e-02,-4.090018942952156067e-02,-4.555130377411842346e-02,-4.863194003701210022e-02,-5.013830214738845825e-02,-5.014939978718757629e-02,-4.881765693426132202e-02,-4.635483399033546448e-02,-4.301453754305839539e-02,-3.907265886664390564e-02,-3.480744734406471252e-02,-3.048066236078739166e-02,-2.632127329707145691e-02,-2.251282520592212677e-02,-1.918529160320758820e-02,-1.641175709664821625e-02,-1.420994661748409271e-02,-1.254809834063053131e-02,-1.135438773781061172e-02,-1.052883267402648926e-02,-9.956394322216510773e-03,-9.519998915493488312e-03,-9.112230502068996429e-03,-8.644660934805870056e-03,-8.054033853113651276e-03,-7.304897066205739975e-03,-6.388611625880002975e-03,-5.319072864949703217e-03,-4.125792998820543289e-03,-2.845271490514278412e-03,-1.511733862571418285e-03,-1.483959058532491326e-04,1.239661243744194508e-03,2.670077141374349594e-03,4.184597637504339218e-03,5.846929736435413361e-03,7.737102918326854706e-03,9.942756034433841705e-03,1.254809834063053131e-02,1.562157832086086273e-02,1.920348592102527618e-02,2.329475618898868561e-02,2.784822694957256317e-02,3.276342526078224182e-02,3.788566216826438904e-02,4.300987720489501953e-02,4.788928851485252380e-02,5.224841833114624023e-02,5.579970031976699829e-02,5.826252326369285583e-02,5.938328430056571960e-02,5.895493179559707642e-02,5.683436617255210876e-02,5.295630544424057007e-02,4.734234511852264404e-02,4.010441154241561890e-02,3.144211694598197937e-02,2.163405343890190125e-02,1.102358382195234299e-02,2.724332251460952474e-17
0.000000000000000000e+00,-1.236725971102714539e-02,-2.424450591206550598e-02,-3.517289087176322937e-02,-4.475351423025131226e-02,-5.267164483666419983e-02,-5.871454998850822449e-02,-6.278170645236968994e-02,-6.488665193319320679e-02,-6.515060365200042725e-02,-6.378840655088424683e-02,-6.108821928501129150e-02,-5.738665163516998291e-02,-5.304148420691490173e-02,-4.840420186519622803e-02,-4.379459843039512634e-02,-3.947935625910758972e-02,-3.565628826618194580e-02,-3.244519978761672974e-02,-2.988588623702526093e-02,-2.794306538999080658e-02,-2.651749365031719208e-02,-2.546194195747375488e-02,-2.460038661956787109e-02,-2.374845556914806366e-02,-2.273322641849517822e-02,-2.141047269105911255e-02,-1.967787183821201324e-02,-1.748302206397056580e-02,-1.482571568340063095e-02,-1.175443734973669052e-02,-8.357639424502849579e-03,-4.750882275402545929e-03,-1.061262330040335655e-03,2.589120762422680855e-03,6.098875775933265686e-03,9.400478564202785492e-03,1.246941275894641876e-02,1.532822754234075546e-02,1.804493367671966553e-02,2.072574757039546967e-02,2.350274100899696350e-02,2.651749365031719208e-02,2.990226820111274719e-02,3.376052528619766235e-02,3.814872354269027710e-02,4.306128993630409241e-02,4.842041805386543274e-02,5.407198891043663025e-02,5.978835001587867737e-02,6.527807563543319702e-02,7.020235061645507812e-02,7.419674098491668701e-02,7.689692825078964233e-02,7.796631008386611938e-02,7.712324708700180054e-02,7.416585087776184082e-02,6.899194419384002686e-02,6.161270290613174438e-02,5.215851590037345886e-02,4.087641462683677673e-02,2.811914496123790741e-02,1.432646159082651138e-02,3.540476951153542675e-17
0.000000000000000000e+00,-1.503522414714097977e-02,-2.947658486664295197e-02,-4.276896640658378601e-02,-5.443170666694641113e-02,-6.408854573965072632e-02,-7.148943841457366943e-02,-7.652275264263153076e-02,-7.921691983938217163e-02,-7.973162084817886353e-02,-7.833952456712722778e-02,-7.540009170770645142e-02,-7.132790237665176392e-02,-6.655810028314590454e-02,-6.151193007826805115e-02,-5.656513199210166931e-02,-5.202176421880722046e-02,-4.809540137648582458e-02,-4.489902406930923462e-02,-4.244414344429969788e-02,-4.064882919192314148e-02,-3.935361281037330627e-02,-3.834348544478416443e-02,-3.737379238009452820e-02,-3.619747608900070190e-02,-3.459110110998153687e-02,-3.237726539373397827e-02,-2.944137342274188995e-02,-2.574136853218078613e-02,-2.130967006087303162e-02,-1.624735817313194275e-02,-1.071135699748992920e-02,-4.896071273833513260e-03,9.885741164907813072e-04,6.740386132150888443e-03,1.218703761696815491e-02,1.720477826893329620e-02,2.173175103962421417e-02,2.577446959912776947e-02,2.940667606890201569e-02,3.276051953434944153e-02,3.601079434156417847e-02,3.935361281037330627e-02,4.298151656985282898e-02,4.705741256475448608e-02,5.168982222676277161e-02,5.691203102469444275e-02,6.266728043556213379e-02,6.880172342061996460e-02,7.506626099348068237e-02,8.112738281488418579e-02,8.658668398857116699e-02,9.100752323865890503e-02,9.394694864749908447e-02,9.499040991067886353e-02,9.378620237112045288e-02,9.007708728313446045e-02,8.372603356838226318e-02,7.473405450582504272e-02,6.324833631515502930e-02,4.955976456403732300e-02,3.408985584974288940e-02,1.736791245639324188e-02,4.292068144970249575e-17
0.000000000000000000e+00,-1.752016507089138031e-02,-3.435116633772850037e-02,-4.984945803880691528e-02,-6.345910578966140747e-02,-7.474691420793533325e-02,-8.342789113521575928e-02,-8.937925100326538086e-02,-9.264185279607772827e-02,-9.340932965278625488e-02,-9.200593829154968262e-02,-8.885511010885238647e-02,-8.444162458181381226e-02,-7.927051931619644165e-02,-7.382627576589584351e-02,-6.853566318750381470e-02,-6.373720616102218628e-02,-5.965964123606681824e-02,-5.641093105077743530e-02,-5.397836118936538696e-02,-5.223936587572097778e-02,-5.098170787096023560e-02,-4.993088170886039734e-02,-4.878203198313713074e-02,-4.723330214619636536e-02,-4.501742497086524963e-02,-4.192876815795898438e-02,-3.784328699111938477e-02,-3.272976353764533997e-02,-2.665140852332115173e-02,-1.975791156291961670e-02,-1.226891111582517624e-02,-4.450635053217411041e-03,3.411852288991212845e-03,1.104397978633642197e-02,1.820961199700832367e-02,2.473476529121398926e-02,3.052469901740550995e-02,3.557255864143371582e-02,3.995861858129501343e-02,4.384004324674606323e-02,4.743197187781333923e-02,5.098170787096023560e-02,5.473827198147773743e-02,5.892035365104675293e-02,6.368561089038848877e-02,6.910450756549835205e-02,7.514127343893051147e-02,8.164418488740921021e-02,8.834642916917800903e-02,9.487794339656829834e-02,1.007876843214035034e-01,1.055746525526046753e-01,1.087254807353019714e-01,1.097553893923759460e-01,1.082492768764495850e-01,1.038994044065475464e-01,9.653641283512115479e-02,8.615098148584365845e-02,7.290396839380264282e-02,5.712413787841796875e-02,3.929315879940986633e-02,2.001907117664813995e-02,4.947263018922476842e-17
0.000000000000000000e+00,-1.972242817282676697e-02,-3.867291659116744995e-02,-5.613107234239578247e-02,-7.147548347711563110e-02,-8.422330021858215332e-02,-9.405886381864547729e-02,-1.008492261171340942e-01,-1.046454682946205139e-01,-1.056699529290199280e-01,-1.042908430099487305e-01,-1.009861454367637634e-01,-9.630052000284194946e-02,-9.079855680465698242e-02,-8.501853793859481812e-02,-7.943043857812881470e-02,-7.440170645713806152e-02,-7.017344236373901367e-02,-6.684862822294235229e-02,-6.439319252967834473e-02,-6.264926493167877197e-02,-6.135913357138633728e-02,-6.019739806652069092e-02,-5.880808830261230469e-02,-5.684331431984901428e-02,-5.399972200393676758e-02,-5.004947632551193237e-02,-4.486293345689773560e-02,-3.842112421989440918e-02,-3.081697598099708557e-02,-2.224541082978248596e-02,-1.298348326236009598e-02,-3.362576477229595184e-03,6.264494732022285461e-03,1.555819064378738403e-02,2.422532811760902405e-02,3.204723447561264038e-02,3.890015557408332825e-02,4.476584121584892273e-02,4.973113909363746643e-02,5.397649481892585754e-02,5.775431171059608459e-02,6.135913357138633728e-02,6.509234756231307983e-02,6.922478228807449341e-02,7.396080344915390015e-02,7.940732687711715698e-02,8.555103093385696411e-02,9.224613755941390991e-02,9.921433776617050171e-02,1.060573458671569824e-01,1.122814342379570007e-01,1.173322051763534546e-01,1.206369027495384216e-01,1.216508671641349792e-01,1.199042499065399170e-01,1.150450259447097778e-01,1.068745627999305725e-01,9.537261724472045898e-02,8.070936799049377441e-02,6.324324756860733032e-02,4.350451380014419556e-02,2.216551266610622406e-02,5.477782583972751608e-17
0.000000000000000000e+00,-2.154271304607391357e-02,-4.224703833460807800e-02,-6.133091449737548828e-02,-7.812043279409408569e-02,-9.209299832582473755e-02,-1.029084622859954834e-01,-1.104258820414543152e-01,-1.147046089172363281e-01,-1.159900575876235962e-01,-1.146854385733604431e-01,-1.113120838999748230e-01,-1.064619123935699463e-01,-1.007461473345756531e-01,-9.474463015794754028e-02,-8.896003663539886475e-02,-8.378070592880249023e-02,-7.945501059293746948e-02,-7.607920467853546143e-02,-7.359933108091354370e-02,-7.182668894529342651e-02,-7.046495378017425537e-02,-6.914637982845306396e-02,-6.747326999902725220e-02,-6.506106257438659668e-02,-6.157876178622245789e-02,-5.678313970565795898e-02,-5.054361745715141296e-02,-4.285562038421630859e-02,-3.384136781096458435e-02,-2.373820357024669647e-02,-1.287577673792839050e-02,-1.644377014599740505e-03,9.542405605316162109e-03,2.028703689575195312e-02,3.024553693830966949e-02,3.915946930646896362e-02,4.687923192977905273e-02,5.337633192539215088e-02,5.874334275722503662e-02,6.318137794733047485e-02,6.697618961334228516e-02,7.046495378017425537e-02,7.399687170982360840e-02,7.789122313261032104e-02,8.239692449569702148e-02,8.765743672847747803e-02,9.368460625410079956e-02,1.003441810607910156e-01,1.073547080159187317e-01,1.143004745244979858e-01,1.206577122211456299e-01,1.258322447538375854e-01,1.292055994272232056e-01,1.301858574151992798e-01,1.282589435577392578e-01,1.230359598994255066e-01,1.142926141619682312e-01,1.019968986511230469e-01,8.632285892963409424e-02,6.764864176511764526e-02,4.653892666101455688e-02,2.371289767324924469e-02,5.860305971675243853e-17
0.000000000000000000e+00,-2.288693748414516449e-02,-4.488881304860115051e-02,-6.518034636974334717e-02,-8.305101841688156128e-02,-9.795080125331878662e-02,-1.095230877399444580e-01,-1.176221594214439392e-01,-1.223141625523567200e-01,-1.238615736365318298e-01,-1.226928234100341797e-01,-1.193598359823226929e-01,-1.144872382283210754e-01,-1.087176874279975891e-01,-1.026580110192298889e-01,-9.683062881231307983e-02,-9.163441509008407593e-02,-8.731792122125625610e-02,-8.396713435649871826e-02,-8.150831609964370728e-02,-7.972535490989685059e-02,-7.828956842422485352e-02,-7.679912447929382324e-02,-7.482401281595230103e-02,-7.195256650447845459e-02,-6.783496588468551636e-02,-6.221990287303924561e-02,-5.498101562261581421e-02,-4.613077268004417419e-02,-3.582073748111724854e-02,-2.432827651500701904e-02,-1.203120499849319458e-02,6.271373131312429905e-04,1.317895669490098953e-02,2.517522498965263367e-02,3.622686862945556641e-02,4.603995382785797119e-02,5.444141849875450134e-02,6.139281019568443298e-02,6.699065119028091431e-02,7.145318388938903809e-02,7.509467005729675293e-02,7.828956842422485352e-02,8.142980933189392090e-02,8.487915247678756714e-02,8.892904967069625854e-02,9.376008063554763794e-02,9.941290318965911865e-02,1.057716906070709229e-01,1.125619113445281982e-01,1.193632036447525024e-01,1.256365627050399780e-01,1.307639032602310181e-01,1.340968906879425049e-01,1.350108981132507324e-01,1.329596787691116333e-01,1.275260597467422485e-01,1.184641495347023010e-01,1.057292893528938293e-01,8.949317038059234619e-02,7.014226168394088745e-02,4.825964570045471191e-02,2.459139190614223480e-02,6.077562643456581423e-17
0.000000000000000000e+00,-2.367136068642139435e-02,-4.643365740776062012e-02,-6.743960827589035034e-02,-8.596044033765792847e-02,-1.014331206679344177e-01,-1.134941279888153076e-01,-1.219973191618919373e-01,-1.270145475864410400e-01,-1.288192570209503174e-01,-1.278546452522277832e-01,-1.246893554925918579e-01,-1.199646815657615662e-01,-1.143377795815467834e-01,-1.084259226918220520e-01,-1.027563959360122681e-01,-9.772633761167526245e-02,-9.357560425996780396e-02,-9.037483483552932739e-02,-8.802931755781173706e-02,-8.629796653985977173e-02,-8.482526242733001709e-02,-8.318305015563964844e-02,-8.091817051172256470e-02,-7.760134339332580566e-02,-7.287283241748809814e-02,-6.648068130016326904e-02,-5.830808728933334351e-02,-4.838743433356285095e-02,-3.689987957477569580e-02,-2.416063286364078522e-02,-1.059147901833057404e-02,3.316798247396945953e-03,1.704845577478408813e-02,3.010908141732215881e-02,4.206971079111099243e-02,5.260456353425979614e-02,6.151876598596572876e-02,6.876336783170700073e-02,7.443612813949584961e-02,7.876791059970855713e-02,8.209577202796936035e-02,8.482526242733001709e-02,8.738524466753005981e-02,9.017958492040634155e-02,9.354005008935928345e-02,9.768506884574890137e-02,1.026882529258728027e-01,1.084599196910858154e-01,1.147436425089836121e-01,1.211285814642906189e-01,1.270768642425537109e-01,1.319640427827835083e-01,1.351293325424194336e-01,1.359314322471618652e-01,1.338053494691848755e-01,1.283150464296340942e-01,1.191976517438888550e-01,1.063950359821319580e-01,9.006990492343902588e-02,7.060482352972030640e-02,4.858392104506492615e-02,2.475863508880138397e-02,6.119067257872042140e-17
0.000000000000000000e+00,-2.382763847708702087e-02,-4.674709215760231018e-02,-6.791234761476516724e-02,-8.659669756889343262e-02,-1.022400632500648499e-01,-1.144828945398330688e-01,-1.231837943196296692e-01,-1.284197270870208740e-01,-1.304690539836883545e-01,-1.297789067029953003e-01,-1.269201189279556274e-01,-1.225336268544197083e-01,-1.172729581594467163e-01,-1.117479577660560608e-01,-1.064745038747787476e-01,-1.018343344330787659e-01,-9.804840385913848877e-02,-9.516573697328567505e-02,-9.306839108467102051e-02,-9.149182587862014771e-02,-9.005843102931976318e-02,-8.832100033760070801e-02,-8.581190556287765503e-02,-8.209342509508132935e-02,-7.680457085371017456e-02,-6.970001012086868286e-02,-6.067771464586257935e-02,-4.979273304343223572e-02,-3.725600242614746094e-02,-2.341834828257560730e-02,-8.741317316889762878e-03,6.242410279810428619e-03,2.097526192665100098e-02,3.492331132292747498e-02,4.762255027890205383e-02,5.871851369738578796e-02,6.799555569887161255e-02,7.539293915033340454e-02,8.100615441799163818e-02,8.507326990365982056e-02,8.794751018285751343e-02,9.005843102931976318e-02,9.186530858278274536e-02,9.380701929330825806e-02,9.625301510095596313e-02,9.946003556251525879e-02,1.035387888550758362e-01,1.084337010979652405e-01,1.139181405305862427e-01,1.196056455373764038e-01,1.249767094850540161e-01,1.294190287590026855e-01,1.322778016328811646e-01,1.329121440649032593e-01,1.307524293661117554e-01,1.253539770841598511e-01,1.164420992136001587e-01,1.039445176720619202e-01,8.800832927227020264e-02,6.899962574243545532e-02,4.748572036623954773e-02,2.420112490653991699e-02,5.981463446868130838e-17
0.000000000000000000e+00,-2.330748923122882843e-02,-4.573388770222663879e-02,-6.645905971527099609e-02,-8.477977663278579712e-02,-1.001560166478157043e-01,-1.122438684105873108e-01,-1.209125071763992310e-01,-1.262438446283340454e-01,-1.285152286291122437e-01,-1.281669288873672485e-01,-1.257572025060653687e-01,-1.219091415405273438e-01,-1.172539815306663513e-01,-1.123756393790245056e-01,-1.077615246176719666e-01,-1.037635877728462219e-01,-1.005729064345359802e-01,-9.820982068777084351e-02,-9.653016924858093262e-02,-9.524681419134140015e-02,-9.396418929100036621e-02,-9.222265332937240601e-02,-8.954825997352600098e-02,-8.550352603197097778e-02,-7.973436266183853149e-02,-7.200886309146881104e-02,-6.224456056952476501e-02,-5.052151158452033997e-02,-3.708023205399513245e-02,-2.230460382997989655e-02,-6.691460032016038895e-03,9.190366603434085846e-03,2.474769018590450287e-02,3.941291943192481995e-02,5.269169807434082031e-02,6.420376151800155640e-02,7.371331751346588135e-02,8.114599436521530151e-02,8.659080415964126587e-02,9.028688818216323853e-02,9.259613603353500366e-02,9.396418929100036621e-02,9.487332403659820557e-02,9.579154103994369507e-02,9.712255001068115234e-02,9.916127473115921021e-02,1.020591333508491516e-01,1.058023273944854736e-01,1.102054491639137268e-01,1.149212867021560669e-01,1.194660589098930359e-01,1.232582926750183105e-01,1.256680190563201904e-01,1.260721385478973389e-01,1.239111497998237610e-01,1.187423244118690491e-01,1.102846711874008179e-01,9.845156222581863403e-02,8.336814492940902710e-02,6.537178158760070801e-02,4.499525576829910278e-02,2.293400280177593231e-02,5.668471537967866014e-17
0.000000000000000000e+00,-2.208660915493965149e-02,-4.334582388401031494e-02,-6.300837546586990356e-02,-8.041634410619735718e-02,-9.506717324256896973e-02,-1.066446900367736816e-01,-1.150347739458084106e-01,-1.203244030475616455e-01,-1.227844059467315674e-01,-1.228375434875488281e-01,-1.210149452090263367e-01,-1.179046332836151123e-01,-1.140969544649124146e-01,-1.101314574480056763e-01,-1.064500659704208374e-01,-1.033604294061660767e-01,-1.010126248002052307e-01,-9.939102828502655029e-02,-9.832196682691574097e-02,-9.749614447355270386e-02,-9.650372713804244995e-02,-9.487870335578918457e-02,-9.214839339256286621e-02,-8.788355439901351929e-02,-8.174448460340499878e-02,-7.351880520582199097e-02,-6.314766407012939453e-02,-5.073778703808784485e-02,-3.655840083956718445e-02,-2.102326974272727966e-02,-4.659484140574932098e-03,1.193416491150856018e-02,2.813544683158397675e-02,4.334919899702072144e-02,5.705551430583000183e-02,6.885118782520294189e-02,7.848072052001953125e-02,8.585394918918609619e-02,9.104877710342407227e-02,9.429865330457687378e-02,9.596598148345947266e-02,9.650372713804244995e-02,9.640887379646301270e-02,9.617170691490173340e-02,9.622581303119659424e-02,9.690316021442413330e-02,9.839851409196853638e-02,1.007465422153472900e-01,1.038137301802635193e-01,1.073061525821685791e-01,1.107924580574035645e-01,1.137402653694152832e-01,1.155628636479377747e-01,1.156722307205200195e-01,1.135336086153984070e-01,1.087170541286468506e-01,1.009411737322807312e-01,9.010525792837142944e-02,7.630687952041625977e-02,5.984315648674964905e-02,4.119556397199630737e-02,2.099933288991451263e-02,5.190469008264092933e-17
0.000000000000000000e+00,-2.016752958297729492e-02,-3.958734869956970215e-02,-5.756542831659317017e-02,-7.351053506135940552e-02,-8.697465062141418457e-02,-9.768120944499969482e-02,-1.055389866232872009e-01,-1.106403544545173645e-01,-1.132443994283676147e-01,-1.137463748455047607e-01,-1.126363649964332581e-01,-1.104508414864540100e-01,-1.077215075492858887e-01,-1.049258857965469360e-01,-1.024441346526145935e-01,-1.005257740616798401e-01,-9.926924854516983032e-02,-9.861604869365692139e-02,-9.835984557867050171e-02,-9.816961735486984253e-02,-9.762468189001083374e-02,-9.625834971666336060e-02,-9.360617399215698242e-02,-8.925449103116989136e-02,-8.288461714982986450e-02,-7.430893182754516602e-02,-6.349533051252365112e-02,-5.057791620492935181e-02,-3.585284948348999023e-02,-1.975973881781101227e-02,-2.850115299224853516e-03,1.425418350845575333e-02,3.090905956923961639e-02,4.649836197495460510e-02,6.048182025551795959e-02,7.243639230728149414e-02,8.208741247653961182e-02,8.932676911354064941e-02,9.421639889478683472e-02,9.697701036930084229e-02,9.796279668807983398e-02,9.762468189001083374e-02,9.646516293287277222e-02,9.498901665210723877e-02,9.365413337945938110e-02,9.282709658145904541e-02,9.274729341268539429e-02,9.350307285785675049e-02,9.502197802066802979e-02,9.707599133253097534e-02,9.930152446031570435e-02,1.012322977185249329e-01,1.023423075675964355e-01,1.020950749516487122e-01,9.999483823776245117e-02,9.563507884740829468e-02,8.874015510082244873e-02,7.919616252183914185e-02,6.706838309764862061e-02,5.260351300239562988e-02,3.621651232242584229e-02,1.846307516098022461e-02,4.563737419189815348e-17
0.000000000000000000e+00,-1.758116483688354492e-02,-3.451861813664436340e-02,-5.021641775965690613e-02,-6.417000293731689453e-02,-7.600187510251998901e-02,-8.548625558614730835e-02,-9.256058931350708008e-02,-9.732305258512496948e-02,-1.000162214040756226e-01,-1.009985879063606262e-01,-1.007064059376716614e-01,-9.960942715406417847e-02,-9.816440194845199585e-02,-9.677072614431381226e-02,-9.573199599981307983e-02,-9.522711485624313354e-02,-9.529346972703933716e-02,-9.582367539405822754e-02,-9.657625854015350342e-02,-9.719923138618469238e-02,-9.726455062627792358e-02,-9.631028026342391968e-02,-9.388671815395355225e-02,-8.960231393575668335e-02,-8.316522091627120972e-02,-7.441676408052444458e-02,-6.335364282131195068e-02,-5.013692378997802734e-02,-3.508684784173965454e-02,-1.866375282406806946e-02,-1.436800113879144192e-03,1.595695316791534424e-02,3.285954892635345459e-02,4.864117875695228577e-02,6.274700909852981567e-02,7.473778724670410156e-02,8.432067185640335083e-02,9.136765450239181519e-02,9.592004120349884033e-02,9.817861020565032959e-02,9.848046302795410156e-02,9.726455062627792358e-02,9.502904117107391357e-02,9.228436648845672607e-02,8.950595557689666748e-02,8.709104359149932861e-02,8.532320708036422729e-02,8.434785157442092896e-02,8.416064083576202393e-02,8.461007475852966309e-02,8.541362732648849487e-02,8.618625253438949585e-02,8.647843450307846069e-02,8.582042157649993896e-02,8.376871794462203979e-02,7.995051145553588867e-02,7.410211116075515747e-02,6.609796732664108276e-02,5.596757307648658752e-02,4.389869049191474915e-02,3.022672608494758606e-02,1.541098020970821381e-02,3.809455903148840981e-17
0.000000000000000000e+00,-1.438685134053230286e-02,-2.825565263628959656e-02,-4.112888500094413757e-02,-5.260644108057022095e-02,-6.239555776119232178e-02,-7.033107429742813110e-02,-7.638423144817352295e-02,-8.065925538539886475e-02,-8.337793499231338501e-02,-8.485373854637145996e-02,-8.545779436826705933e-02,-8.557976037263870239e-02,-8.558726310729980469e-02,-8.578758686780929565e-02,-8.639515191316604614e-02,-8.750783652067184448e-02,-8.909432590007781982e-02,-9.099385887384414673e-02,-9.292845427989959717e-02,-9.452664852142333984e-02,-9.535685926675796509e-02,-9.496728330850601196e-02,-9.292902052402496338e-02,-8.887855708599090576e-02,-8.255576342344284058e-02,-7.383402436971664429e-02,-6.273974478244781494e-02,-4.945936799049377441e-02,-3.433309867978096008e-02,-1.783575490117073059e-02,-5.461778491735458374e-04,1.689223758876323700e-02,3.381667286157608032e-02,4.959188401699066162e-02,6.365516036748886108e-02,7.555544376373291016e-02,8.498334139585494995e-02,9.178964793682098389e-02,9.599073976278305054e-02,9.776061773300170898e-02,9.741036593914031982e-02,9.535685926675796509e-02,9.208356589078903198e-02,8.809685707092285156e-02,8.388168364763259888e-02,7.986044883728027344e-02,7.635851949453353882e-02,7.357945293188095093e-02,7.159178704023361206e-02,7.032847404479980469e-02,6.959884613752365112e-02,6.911173462867736816e-02,6.850767880678176880e-02,6.739701330661773682e-02,6.540047377347946167e-02,6.218843907117843628e-02,5.751537159085273743e-02,5.124623700976371765e-02,4.337255656719207764e-02,3.401670604944229126e-02,2.342405728995800018e-02,1.194376591593027115e-02,2.952506383839009925e-17
0.000000000000000000e+00,-1.067078858613967896e-02,-2.096730098128318787e-02,-3.054741583764553070e-02,-3.913028538227081299e-02,-4.651962593197822571e-02,-5.261897668242454529e-02,-5.743742734193801880e-02,-6.108521670103073120e-02,-6.375953555107116699e-02,-6.572179496288299561e-02,-6.726845353841781616e-02,-6.869799643754959106e-02,-7.027729600667953491e-02,-7.221035659313201904e-02,-7.461256533861160278e-02,-7.749294489622116089e-02,-8.074621111154556274e-02,-8.415569365024566650e-02,-8.740707486867904663e-02,-9.011199325323104858e-02,-9.183968603610992432e-02,-9.215398132801055908e-02,-9.065262228250503540e-02,-8.700542896986007690e-02,-8.098794519901275635e-02,-7.250771671533584595e-02,-6.162057816982269287e-02,-4.853551462292671204e-02,-3.360739350318908691e-02,-1.731802709400653839e-02,-2.468490274623036385e-04,1.696639508008956909e-02,3.366408497095108032e-02,4.921482130885124207e-02,6.305566430091857910e-02,7.472909986972808838e-02,8.391178399324417114e-02,9.043280780315399170e-02,9.428010880947113037e-02,9.559461474418640137e-02,9.465288370847702026e-02,9.183968603610992432e-02,8.761309087276458740e-02,8.246508240699768066e-02,7.688101381063461304e-02,7.130134105682373047e-02,6.608887016773223877e-02,6.150403991341590881e-02,5.769019946455955505e-02,5.466986820101737976e-02,5.235194042325019836e-02,5.054890736937522888e-02,4.900224879384040833e-02,4.741347208619117737e-02,4.547778517007827759e-02,4.291727393865585327e-02,3.951045498251914978e-02,3.511555865406990051e-02,2.968541905283927917e-02,2.327273413538932800e-02,1.602530851960182190e-02,8.171882480382919312e-03,2.020183339932734434e-17
0.000000000000000000e+00,-6.542915944010019302e-03,-1.286912802606821060e-02,-1.878481358289718628e-02,-2.413954772055149078e-02,-2.884228341281414032e-02,-3.287111595273017883e-02,-3.627568110823631287e-02,-3.917180746793746948e-02,-4.172874987125396729e-02,-4.415012896060943604e-02,-4.665022715926170349e-02,-4.942791163921356201e-02,-5.264066159725189209e-02,-5.638122931122779846e-02,-6.065934151411056519e-02,-6.539043039083480835e-02,-7.039272785186767578e-02,-7.539349049329757690e-02,-8.004407584667205811e-02,-8.394309878349304199e-02,-8.666577190160751343e-02,-8.779737353324890137e-02,-8.696791529655456543e-02,-8.388529717922210693e-02,-7.836395502090454102e-02,-7.034667581319808960e-02,-5.991730839014053345e-02,-4.730341210961341858e-02,-3.286806121468544006e-02,-1.709145493805408478e-02,-5.434573395177721977e-04,1.615088619291782379e-02,3.235023841261863708e-02,4.743734374642372131e-02,6.085773929953575134e-02,7.215390354394912720e-02,8.099218457937240601e-02,8.718059211969375610e-02,9.067609161138534546e-02,9.158118814229965210e-02,9.013006091117858887e-02,8.666577190160751343e-02,8.161041140556335449e-02,7.543081045150756836e-02,6.860268861055374146e-02,6.157609820365905762e-02,5.474491417407989502e-02,4.842274636030197144e-02,4.282689839601516724e-02,3.807137906551361084e-02,3.416913002729415894e-02,3.104279935359954834e-02,2.854270115494728088e-02,2.646996639668941498e-02,2.460252121090888977e-02,2.272135205566883087e-02,2.063452079892158508e-02,1.819676905870437622e-02,1.532291620969772339e-02,1.199401542544364929e-02,8.255857974290847778e-03,4.210226703435182571e-03,1.040886859709165140e-17
0.000000000000000000e+00,-2.132334746420383453e-03,-4.214449785649776459e-03,-6.209091749042272568e-03,-8.103298023343086243e-03,-9.916603565216064453e-03,-1.170496828854084015e-02,-1.355971954762935638e-02,-1.560130063444375992e-02,-1.796819269657135010e-02,-2.080187760293483734e-02,-2.422920055687427521e-02,-2.834378555417060852e-02,-3.318839520215988159e-02,-3.874006122350692749e-02,-4.489976912736892700e-02,-5.148798599839210510e-02,-5.824700370430946350e-02,-6.485039740800857544e-02,-7.091929763555526733e-02,-7.604461163282394409e-02,-7.981362938880920410e-02,-8.183921128511428833e-02,-8.178921788930892944e-02,-7.941392809152603149e-02,-7.456915825605392456e-02,-6.723308563232421875e-02,-5.751523002982139587e-02,-4.565671831369400024e-02,-3.202138468623161316e-02,-1.707828789949417114e-02,-1.376630272716283798e-03,1.448515243828296661e-02,2.989398874342441559e-02,4.425797984004020691e-02,5.704086273908615112e-02,6.779262423515319824e-02,7.617413997650146484e-02,8.197415620088577271e-02,8.511745184659957886e-02,8.566385507583618164e-02,8.379841595888137817e-02,7.981362938880920410e-02,7.408540695905685425e-02,6.704466044902801514e-02,5.914687365293502808e-02,5.084200575947761536e-02,4.254692420363426208e-02,3.462237492203712463e-02,2.735591493546962738e-02,2.095179818570613861e-02,1.552808750420808792e-02,1.112067792564630508e-02,7.693355903029441833e-03,5.152493249624967575e-03,3.364705946296453476e-03,2.175573958083987236e-03,1.427575480192899704e-03,9.755432838574051857e-04,6.982990307733416557e-04,5.055688670836389065e-04,3.398106200620532036e-04,1.731325610307976604e-04,4.288396910616586100e-19
0.000000000000000000e+00,2.418482443317770958e-03,4.717034287750720978e-03,6.773040164262056351e-03,8.459389209747314453e-03,9.644304402172565460e-03,1.019338332116603851e-02,9.974156506359577179e-03,8.863136172294616699e-03,6.755000445991754532e-03,3.573263762518763542e-03,-7.185140275396406651e-04,-6.106076296418905258e-03,-1.251556538045406342e-02,-1.980751939117908478e-02,-2.777476049959659576e-02,-3.614493086934089661e-02,-4.458804056048393250e-02,-5.272906273603439331e-02,-6.016506627202033997e-02,-6.648609787225723267e-02,-7.129852473735809326e-02,-7.424934208393096924e-02,-7.504977285861968994e-02,-7.349639385938644409e-02,-6.948821246623992920e-02,-6.303822994232177734e-02,-5.427844822406768799e-02,-4.345777258276939392e-02,-3.093261085450649261e-02,-1.715067028999328613e-02,-2.628805348649621010e-03,1.207367144525051117e-02,2.638455294072628021e-02,3.974924236536026001e-02,5.166020244359970093e-02,6.168344616889953613e-02,6.948038190603256226e-02,7.482361048460006714e-02,7.760585844516754150e-02,7.784149795770645142e-02,7.566097378730773926e-02,7.129852473735809326e-02,6.507446616888046265e-02,5.737333744764328003e-02,4.861959815025329590e-02,3.925263881683349609e-02,2.970277518033981323e-02,2.036976069211959839e-02,1.160508953034877777e-02,3.698934800922870636e-03,-3.127806819975376129e-03,-8.726351894438266754e-03,-1.301812939345836639e-02,-1.598888263106346130e-02,-1.767976582050323486e-02,-1.817658543586730957e-02,-1.759838312864303589e-02,-1.608645729720592499e-02,-1.379479095339775085e-02,-1.088250521570444107e-02,-7.508763577789068222e-03,-3.830113913863897324e-03,-9.467996145246272834e-18
0.000000000000000000e+00,6.960366852581501007e-03,1.363235712051391602e-02,1.973527111113071442e-02,2.500384859740734100e-02,2.919615991413593292e-02,3.210159018635749817e-02,3.354879841208457947e-02,3.341344743967056274e-02,3.162526711821556091e-02,2.817416563630104065e-02,2.311473526060581207e-02,1.656876504421234131e-02,8.725179359316825867e-03,-1.629170437809079885e-04,-9.784431196749210358e-03,-1.977973431348800659e-02,-2.975329756736755371e-02,-3.928910940885543823e-02,-4.796834290027618408e-02,-5.538843199610710144e-02,-6.118262559175491333e-02,-6.503894180059432983e-02,-6.671739369630813599e-02,-6.606440246105194092e-02,-6.302344053983688354e-02,-5.764112249016761780e-02,-5.006812512874603271e-02,-4.055482521653175354e-02,-2.944159880280494690e-02,-1.714427396655082703e-02,-4.135442432016134262e-03,9.077434428036212921e-03,2.197586931288242340e-02,3.405486792325973511e-02,4.484671726822853088e-02,5.394276604056358337e-02,6.101195514202117920e-02,6.581517308950424194e-02,6.821466237306594849e-02,6.817815452814102173e-02,6.577757000923156738e-02,6.118262559175491333e-02,5.464980006217956543e-02,4.650757834315299988e-02,3.713884577155113220e-02,2.696156688034534454e-02,1.640890166163444519e-02,5.909791681915521622e-03,-4.128974396735429764e-03,-1.333844941109418869e-02,-2.140036039054393768e-02,-2.805672772228717804e-02,-3.311615809798240662e-02,-3.645686432719230652e-02,-3.802671656012535095e-02,-3.784069046378135681e-02,-3.597622737288475037e-02,-3.256699442863464355e-02,-2.779557742178440094e-02,-2.188553288578987122e-02,-1.509311888366937637e-02,-7.698997855186462402e-03,-1.903301726762256560e-17
0.000000000000000000e+00,1.134461909532546997e-02,2.223936840891838074e-02,3.225221484899520874e-02,4.098609462380409241e-02,4.809467494487762451e-02,5.329605937004089355e-02,5.638398602604866028e-02,5.723600462079048157e-02,5.581832677125930786e-02,5.218717083334922791e-02,4.648653417825698853e-02,3.894247114658355713e-02,2.985414676368236542e-02,1.958195306360721588e-02,8.533235639333724976e-03,-2.853866200894117355e-03,-1.412779837846755981e-02,-2.484149299561977386e-02,-3.457009419798851013e-02,-4.292782023549079895e-02,-4.958324506878852844e-02,-5.427243933081626892e-02,-5.680946260690689087e-02,-5.709370598196983337e-02,-5.511389300227165222e-02,-5.094854161143302917e-02,-4.476282373070716858e-02,-3.680203109979629517e-02,-2.738185599446296692e-02,-1.687585376203060150e-02,-5.700637586414813995e-03,5.700637586414813995e-03,1.687585376203060150e-02,2.738185599446296692e-02,3.680203109979629517e-02,4.476282373070716858e-02,5.094854161143302917e-02,5.511389300227165222e-02,5.709370598196983337e-02,5.680946260690689087e-02,5.427243933081626892e-02,4.958324506878852844e-02,4.292782023549079895e-02,3.457009419798851013e-02,2.484149299561977386e-02,1.412779837846755981e-02,2.853866200894117355e-03,-8.533235639333724976e-03,-1.958195306360721588e-02,-2.985414676368236542e-02,-3.894247114658355713e-02,-4.648653417825698853e-02,-5.218717083334922791e-02,-5.581832677125930786e-02,-5.723600462079048157e-02,-5.638398602604866028e-02,-5.329605937004089355e-02,-4.809467494487762451e-02,-4.098609462380409241e-02,-3.225221484899520874e-02,-2.223936840891838074e-02,-1.134461909532546997e-02,-2.804627335265964913e-17
0.000000000000000000e+00,1.543021481484174728e-02,3.026090748608112335e-02,4.392008855938911438e-02,5.588934943079948425e-02,6.572705507278442383e-02,7.308746129274368286e-02,7.773481309413909912e-02,7.955177128314971924e-02,7.854191958904266357e-02,7.482630759477615356e-02,6.863453984260559082e-02,6.029098853468894958e-02,5.019717663526535034e-02,3.881131112575531006e-02,2.662625722587108612e-02,1.414713263511657715e-02,1.869626459665596485e-03,-9.739902801811695099e-03,-2.026176266372203827e-02,-2.933710254728794098e-02,-3.667854145169258118e-02,-4.207717254757881165e-02,-4.540597647428512573e-02,-4.661997035145759583e-02,-4.575343057513237000e-02,-4.291469603776931763e-02,-3.827909752726554871e-02,-3.208039328455924988e-02,-2.460126578807830811e-02,-1.616316102445125580e-02,-7.115758489817380905e-03,2.173766726627945900e-03,1.133156567811965942e-02,1.998799480497837067e-02,2.778850123286247253e-02,3.440446034073829651e-02,3.954386338591575623e-02,4.296169802546501160e-02,4.446971043944358826e-02,4.394521564245223999e-02,4.133854061365127563e-02,3.667854145169258118e-02,3.007573261857032776e-02,2.172252535820007324e-02,1.189016457647085190e-02,9.221028303727507591e-04,-1.077629905194044113e-02,-2.275161817669868469e-02,-3.451941907405853271e-02,-4.558390751481056213e-02,-5.545939132571220398e-02,-6.369254738092422485e-02,-6.988431513309478760e-02,-7.371032238006591797e-02,-7.493850588798522949e-02,-7.344292104244232178e-02,-6.921282410621643066e-02,-6.235622242093086243e-02,-5.309762060642242432e-02,-4.176982492208480835e-02,-2.880014665424823761e-02,-1.469158381223678589e-02,-3.632118636857067505e-17
0.000000000000000000e+00,1.909059472382068634e-02,3.744817897677421570e-02,5.437624454498291016e-02,6.924909353256225586e-02,8.154184371232986450e-02,9.085443615913391113e-02,9.692828357219696045e-02,9.965471178293228149e-02,9.907496720552444458e-02,9.537214040756225586e-02,8.885566890239715576e-02,7.993990182876586914e-02,6.911818683147430420e-02,5.693434923887252808e-02,4.395353421568870544e-02,3.073407895863056183e-02,1.780213415622711182e-02,5.630292929708957672e-03,-5.378860048949718475e-03,-1.490383781492710114e-02,-2.270990237593650818e-02,-2.864967100322246552e-02,-3.265936672687530518e-02,-3.475166112184524536e-02,-3.500617668032646179e-02,-3.355876728892326355e-02,-3.059059940278530121e-02,-2.631784230470657349e-02,-2.098261564970016479e-02,-1.484547182917594910e-02,-8.179442025721073151e-03,-1.265423605218529701e-03,5.611588247120380402e-03,1.216598600149154663e-02,1.811541430652141571e-02,2.318560145795345306e-02,2.711661532521247864e-02,2.967077493667602539e-02,3.064219839870929718e-02,2.986763976514339447e-02,2.723803929984569550e-02,2.270990237593650818e-02,1.631546951830387115e-02,8.170589804649353027e-03,-1.520828576758503914e-03,-1.246673241257667542e-02,-2.429192513227462769e-02,-3.654853627085685730e-02,-4.873191937804222107e-02,-6.030155345797538757e-02,-7.070602476596832275e-02,-7.941080629825592041e-02,-8.592727780342102051e-02,-8.984109014272689819e-02,-9.083808213472366333e-02,-8.872585743665695190e-02,-8.344943821430206299e-02,-7.509969174861907959e-02,-6.391368806362152100e-02,-5.026677995920181274e-02,-3.465645015239715576e-02,-1.767896488308906555e-02,-4.370694309171375025e-17
0.000000000000000000e+00,2.221960388123989105e-02,4.359242692589759827e-02,6.331624090671539307e-02,8.067503571510314941e-02,9.507509320974349976e-02,1.060732528567314148e-01,1.133956164121627808e-01,1.169458180665969849e-01,1.168025135993957520e-01,1.132067218422889709e-01,1.065402477979660034e-01,9.729699790477752686e-02,8.604942262172698975e-02,7.341270148754119873e-02,6.000908091664314270e-02,4.643480852246284485e-02,3.323172032833099365e-02,2.086498588323593140e-02,9.708005934953689575e-03,3.476989149930886924e-05,-7.980586960911750793e-03,-1.425789948552846909e-02,-1.880005374550819397e-02,-2.167863212525844574e-02,-2.301786281168460846e-02,-2.297858707606792450e-02,-2.174374088644981384e-02,-1.950653828680515289e-02,-1.646210253238677979e-02,-1.280282065272331238e-02,-8.717162534594535828e-03,-4.391359630972146988e-03,-1.287886152567807585e-05,4.225508309900760651e-03,8.122391998767852783e-03,1.146634761244058609e-02,1.403752714395523071e-02,1.561286393553018570e-02,1.597510837018489838e-02,1.492541469633579254e-02,1.229869760572910309e-02,7.980586960911750793e-03,1.924432232044637203e-03,-5.833367351442575455e-03,-1.516146399080753326e-02,-2.582672052085399628e-02,-3.749374672770500183e-02,-4.973169043660163879e-02,-6.202856078743934631e-02,-7.381282746791839600e-02,-8.448129892349243164e-02,-9.343172609806060791e-02,-1.000982001423835754e-01,-1.039868146181106567e-01,-1.047092229127883911e-01,-1.020114719867706299e-01,-9.579586237668991089e-02,-8.613403886556625366e-02,-7.327003777027130127e-02,-5.761272087693214417e-02,-3.971778601408004761e-02,-2.026040107011795044e-02,-5.008877055773591704e-17
0.000000000000000000e+00,2.473617903888225555e-02,4.853419959545135498e-02,7.050739228725433350e-02,8.986857533454895020e-02,1.059712767601013184e-01,1.183415204286575317e-01,1.266981661319732666e-01,1.309606581926345825e-01,1.312440931797027588e-01,1.278422176837921143e-01,1.212002560496330261e-01,1.118796020746231079e-01,1.005174815654754639e-01,8.778462558984756470e-02,7.434401661157608032e-02,6.081371009349822998e-02,4.773610830307006836e-02,3.555541485548019409e-02,2.460433170199394226e-02,1.510014105588197708e-02,7.149576675146818161e-03,7.611534092575311661e-04,-4.136902280151844025e-03,-7.675360422581434250e-03,-1.002169121056795120e-02,-1.135903783142566681e-02,-1.186842005699872971e-02,-1.171567291021347046e-02,-1.104397419840097427e-02,-9.972197003662586212e-03,-8.598603308200836182e-03,-7.008825894445180893e-03,-5.286587867885828018e-03,-3.525309963151812553e-03,-1.838657422922551632e-03,-3.681747184600681067e-04,7.135228952392935753e-04,1.205060631036758423e-03,8.845623233355581760e-04,-4.763678589370101690e-04,-3.093842649832367897e-03,-7.149576675146818161e-03,-1.276745181530714035e-02,-1.999106071889400482e-02,-2.876461669802665710e-02,-3.891947492957115173e-02,-5.016819387674331665e-02,-6.210741773247718811e-02,-7.423029839992523193e-02,-8.594819903373718262e-02,-9.662082046270370483e-02,-1.055928319692611694e-01,-1.122347936034202576e-01,-1.159853041172027588e-01,-1.163913756608963013e-01,-1.131438314914703369e-01,-1.061049252748489380e-01,-9.532576054334640503e-02,-8.105194568634033203e-02,-6.371659785509109497e-02,-4.392092674970626831e-02,-2.240348979830741882e-02,-5.538641901232973087e-17
0.000000000000000000e+00,2.658750303089618683e-02,5.216955393552780151e-02,7.579787820577621460e-02,9.663455188274383545e-02,1.139973625540733337e-01,1.273943483829498291e-01,1.365452259778976440e-01,1.413884013891220093e-01,1.420736908912658691e-01,1.389413774013519287e-01,1.324899345636367798e-01,1.233350262045860291e-01,1.121632233262062073e-01,9.968420118093490601e-02,8.658485114574432373e-02,7.348891347646713257e-02,6.092464178800582886e-02,4.930261150002479553e-02,3.890457749366760254e-02,2.988345175981521606e-02,2.227345667779445648e-02,1.600871980190277100e-02,1.094787567853927612e-02,6.901880260556936264e-03,3.662111470475792885e-03,1.025954145006835461e-03,-1.182503998279571533e-03,-3.098432673141360283e-03,-4.809867590665817261e-03,-6.359114311635494232e-03,-7.751252967864274979e-03,-8.968293666839599609e-03,-9.986945427954196930e-03,-1.079756114631891251e-02,-1.142172049731016159e-02,-1.192601770162582397e-02,-1.243002247065305710e-02,-1.310697756707668304e-02,-1.417656149715185165e-02,-1.588986814022064209e-02,-1.850762590765953064e-02,-2.227345667779445648e-02,-2.738454565405845642e-02,-3.396258503198623657e-02,-4.202793166041374207e-02,-5.147977545857429504e-02,-6.208484619855880737e-02,-7.347632944583892822e-02,-8.516404777765274048e-02,-9.655579924583435059e-02,-1.069889664649963379e-01,-1.157703921198844910e-01,-1.222218349575996399e-01,-1.257276386022567749e-01,-1.257809847593307495e-01,-1.220250651240348816e-01,-1.142858266830444336e-01,-1.025932952761650085e-01,-8.718968927860260010e-02,-6.852319836616516113e-02,-4.722756147384643555e-02,-2.408859692513942719e-02,-5.955128001397912564e-17
0.000000000000000000e+00,2.775041200220584869e-02,5.445284396409988403e-02,7.912085205316543579e-02,1.008866131305694580e-01,1.190493851900100708e-01,1.331119388341903687e-01,1.428025811910629272e-01,1.480812430381774902e-01,1.491299569606781006e-01,1.463283896446228027e-01,1.402172893285751343e-01,1.314526200294494629e-01,1.207543909549713135e-01,1.088544353842735291e-01,9.644700586795806885e-02,8.414608240127563477e-02,7.245228439569473267e-02,6.173146143555641174e-02,5.220609903335571289e-02,4.395919293165206909e-02,3.694955259561538696e-02,3.103625960648059845e-02,2.600947767496109009e-02,2.162419073283672333e-02,1.763354428112506866e-02,1.381844189018011093e-02,1.001071929931640625e-02,6.107871420681476593e-03,2.078239107504487038e-03,-2.043403917923569679e-03,-6.168971769511699677e-03,-1.017708797007799149e-02,-1.393751148134469986e-02,-1.733702421188354492e-02,-2.030366845428943634e-02,-2.282641828060150146e-02,-2.496776171028614044e-02,-2.686742693185806274e-02,-2.873636782169342041e-02,-3.084107302129268646e-02,-3.347934409976005554e-02,-3.694955259561538696e-02,-4.151610657572746277e-02,-4.737450182437896729e-02,-5.461928620934486389e-02,-6.321839988231658936e-02,-7.299676537513732910e-02,-8.363130688667297363e-02,-9.465863555669784546e-02,-1.054956093430519104e-01,-1.154717057943344116e-01,-1.238712370395660400e-01,-1.299823224544525146e-01,-1.331490278244018555e-01,-1.328224688768386841e-01,-1.286067813634872437e-01,-1.202962473034858704e-01,-1.079000681638717651e-01,-9.165273606777191162e-02,-7.200867682695388794e-02,-4.962124675512313843e-02,-2.530732750892639160e-02,-6.256258140314166971e-17
0.000000000000000000e+00,2.823097258806228638e-02,5.539591610431671143e-02,8.049331605434417725e-02,1.026458665728569031e-01,1.211509481072425842e-01,1.355181485414505005e-01,1.454912871122360229e-01,1.510535925626754761e-01,1.524159014225006104e-01,1.499895155429840088e-01,1.443458348512649536e-01,1.361668258905410767e-01,1.261901110410690308e-01,1.151533648371696472e-01,1.037426069378852844e-01,9.254803508520126343e-02,8.203094452619552612e-02,7.250362634658813477e-02,6.412343680858612061e-02,5.690056085586547852e-02,5.071807652711868286e-02,4.536180198192596436e-02,4.055660218000411987e-02,3.600536286830902100e-02,3.142682835459709167e-02,2.658861130475997925e-02,2.133235521614551544e-02,1.558886468410491943e-02,9.382016025483608246e-03,2.821476431563496590e-03,-3.914696630090475082e-03,-1.060545630753040314e-02,-1.701727323234081268e-02,-2.293634600937366486e-02,-2.819894626736640930e-02,-3.271650150418281555e-02,-3.649251535534858704e-02,-3.962925821542739868e-02,-4.232308641076087952e-02,-4.484849423170089722e-02,-4.753198847174644470e-02,-5.071807652711868286e-02,-5.473037436604499817e-02,-5.983154475688934326e-02,-6.618589907884597778e-02,-7.382851094007492065e-02,-8.264413475990295410e-02,-9.235846251249313354e-02,-1.025432795286178589e-01,-1.126357764005661011e-01,-1.219710335135459900e-01,-1.298256814479827881e-01,-1.354693621397018433e-01,-1.382201015949249268e-01,-1.374992579221725464e-01,-1.328812092542648315e-01,-1.241340041160583496e-01,-1.112470477819442749e-01,-9.444344043731689453e-02,-7.417558878660202026e-02,-5.110402405261993408e-02,-2.606078796088695526e-02,-6.442310912412044168e-17
0.000000000000000000e+00,2.806230634450912476e-02,5.506383627653121948e-02,8.000990748405456543e-02,1.020329669117927551e-01,1.204439774155616760e-01,1.347702145576477051e-01,1.447768807411193848e-01,1.504711806774139404e-01,1.520886570215225220e-01,1.500636935234069824e-01,1.449865847826004028e-01,1.375510990619659424e-01,1.284971535205841064e-01,1.185530647635459900e-01,1.083824560046195984e-01,9.853975474834442139e-02,8.943764120340347290e-02,8.132872730493545532e-02,7.430234551429748535e-02,6.829593330621719360e-02,6.311944872140884399e-02,5.848987773060798645e-02,5.407218262553215027e-02,4.952269047498703003e-02,4.453057423233985901e-02,3.885358199477195740e-02,3.234465420246124268e-02,2.496719360351562500e-02,1.679767668247222900e-02,8.015747182071208954e-03,-1.116987201385200024e-03,-1.028708089143037796e-02,-1.916506700217723846e-02,-2.744319103658199310e-02,-3.487109765410423279e-02,-4.128571599721908569e-02,-4.663206636905670166e-02,-5.097272992134094238e-02,-5.448460206389427185e-02,-5.744301527738571167e-02,-6.019433215260505676e-02,-6.311944872140884399e-02,-6.659147888422012329e-02,-7.093150913715362549e-02,-7.636681944131851196e-02,-8.299548923969268799e-02,-9.076126664876937866e-02,-9.944139420986175537e-02,-1.086491569876670837e-01,-1.178516373038291931e-01,-1.264017820358276367e-01,-1.335825175046920776e-01,-1.386596262454986572e-01,-1.409393399953842163e-01,-1.398256570100784302e-01,-1.348729878664016724e-01,-1.258291453123092651e-01,-1.126654893159866333e-01,-9.559081494808197021e-02,-7.504799216985702515e-02,-5.169300362467765808e-02,-2.635785192251205444e-02,-6.515491912076855547e-17
0.000000000000000000e+00,2.730081789195537567e-02,5.356747657060623169e-02,7.783212512731552124e-02,9.925436228513717651e-02,1.171724349260330200e-01,1.311406046152114868e-01,1.409499645233154297e-01,1.466311961412429810e-01,1.484396010637283325e-01,1.468237936496734619e-01,1.423810720443725586e-01,1.358033567667007446e-01,1.278185099363327026e-01,1.191317066550254822e-01,1.103721112012863159e-01,1.020487397909164429e-01,9.451921284198760986e-02,8.797339349985122681e-02,8.243287354707717896e-02,7.776567339897155762e-02,7.371429353952407837e-02,6.993402540683746338e-02,6.603764742612838745e-02,6.164216995239257812e-02,5.641305446624755859e-02,5.010185763239860535e-02,4.257379472255706787e-02,3.382285311818122864e-02,2.397316135466098785e-02,1.326679624617099762e-02,2.039359183982014656e-03,-9.314039722084999084e-03,-2.037897333502769470e-02,-3.076395951211452484e-02,-4.014057666063308716e-02,-4.827731847763061523e-02,-5.506376922130584717e-02,-6.052251905202865601e-02,-6.480738520622253418e-02,-6.818790733814239502e-02,-7.102129608392715454e-02,-7.371429353952407837e-02,-7.667840272188186646e-02,-8.028260618448257446e-02,-8.480817824602127075e-02,-9.040974825620651245e-02,-9.708682447671890259e-02,-1.046685874462127686e-01,-1.128139793872833252e-01,-1.210277080535888672e-01,-1.286911815404891968e-01,-1.351063847541809082e-01,-1.395491212606430054e-01,-1.413274258375167847e-01,-1.398403942584991455e-01,-1.346322447061538696e-01,-1.254370808601379395e-01,-1.122105196118354797e-01,-9.514489769935607910e-02,-7.466690987348556519e-02,-5.141721293330192566e-02,-2.621354348957538605e-02,-6.479530731254480201e-17
0.000000000000000000e+00,2.602113410830497742e-02,5.105356499552726746e-02,7.417382299900054932e-02,9.458369761705398560e-02,1.116603091359138489e-01,1.249923408031463623e-01,1.343996226787567139e-01,1.399347484111785889e-01,1.418670266866683960e-01,1.406501531600952148e-01,1.368768215179443359e-01,1.312242299318313599e-01,1.243951246142387390e-01,1.170596629381179810e-01,1.098026856780052185e-01,1.030809432268142700e-01,9.719352424144744873e-02,9.226771444082260132e-02,8.826097100973129272e-02,8.497843146324157715e-02,8.210382610559463501e-02,7.924062758684158325e-02,7.595936954021453857e-02,7.184665650129318237e-02,6.655105948448181152e-02,5.982192233204841614e-02,5.153724551200866699e-02,4.171842709183692932e-02,3.053046204149723053e-02,1.826788298785686493e-02,5.327861756086349487e-03,-7.826767861843109131e-03,-2.071096748113632202e-02,-3.286315128207206726e-02,-4.388861358165740967e-02,-5.349645018577575684e-02,-6.152637675404548645e-02,-6.796269118785858154e-02,-7.293392717838287354e-02,-7.669800519943237305e-02,-7.961411029100418091e-02,-8.210382610559463501e-02,-8.460494875907897949e-02,-8.752233535051345825e-02,-9.118043631315231323e-02,-9.578189253807067871e-02,-1.013764888048171997e-01,-1.078434810042381287e-01,-1.148894727230072021e-01,-1.220624297857284546e-01,-1.287811398506164551e-01,-1.343779116868972778e-01,-1.381512433290481567e-01,-1.394239366054534912e-01,-1.376020610332489014e-01,-1.322294324636459351e-01,-1.230331435799598694e-01,-1.099558547139167786e-01,-9.317206591367721558e-02,-7.308654487133026123e-02,-5.031493678689002991e-02,-2.564764767885208130e-02,-6.339341484527973155e-17
0.000000000000000000e+00,2.431013621389865875e-02,4.769295454025268555e-02,6.928406655788421631e-02,8.833987265825271606e-02,1.042855754494667053e-01,1.167496293783187866e-01,1.255818605422973633e-01,1.308540403842926025e-01,1.328430622816085815e-01,1.319984793663024902e-01,1.288972347974777222e-01,1.241898909211158752e-01,1.185426786541938782e-01,1.125807985663414001e-01,1.068374291062355042e-01,1.017129570245742798e-01,9.744753688573837280e-02,9.410920739173889160e-02,9.159809350967407227e-02,8.966606110334396362e-02,8.794960379600524902e-02,8.601273596286773682e-02,8.339574187994003296e-02,7.966517657041549683e-02,7.446052134037017822e-02,6.753312051296234131e-02,5.877390503883361816e-02,4.822750762104988098e-02,3.609142452478408813e-02,2.270060032606124878e-02,8.498863317072391510e-03,-5.999956745654344559e-03,-2.025751583278179169e-02,-3.375873342156410217e-02,-4.605732113122940063e-02,-5.681470409035682678e-02,-6.582866609096527100e-02,-7.304888963699340820e-02,-7.857789844274520874e-02,-8.265710622072219849e-02,-8.563925325870513916e-02,-8.794960379600524902e-02,-9.003954380750656128e-02,-9.233672171831130981e-02,-9.519647806882858276e-02,-9.885916858911514282e-02,-1.034174114465713501e-01,-1.087966337800025940e-01,-1.147509813308715820e-01,-1.208753734827041626e-01,-1.266329735517501831e-01,-1.313961446285247803e-01,-1.344973742961883545e-01,-1.352861523628234863e-01,-1.331867277622222900e-01,-1.277520507574081421e-01,-1.187088340520858765e-01,-1.059900298714637756e-01,-8.975150436162948608e-02,-7.037134468555450439e-02,-4.843158274888992310e-02,-2.468362450599670410e-02,-6.100746861665217683e-17
0.000000000000000000e+00,2.226053737103939056e-02,4.366795718669891357e-02,6.342869997024536133e-02,8.086338639259338379e-02,9.545204043388366699e-02,1.068662032485008240e-01,1.149853765964508057e-01,1.198966503143310547e-01,1.218776628375053406e-01,1.213646158576011658e-01,1.189082637429237366e-01,1.151217743754386902e-01,1.106251031160354614e-01,1.059907004237174988e-01,1.016952022910118103e-01,9.808124601840972900e-02,9.533254057168960571e-02,9.346413612365722656e-02,9.232847392559051514e-02,9.163649380207061768e-02,9.099145978689193726e-02,8.993239700794219971e-02,8.798302710056304932e-02,8.470155298709869385e-02,7.972682267427444458e-02,7.281666994094848633e-02,6.387481838464736938e-02,5.296415463089942932e-02,4.030510410666465759e-02,2.625932358205318451e-02,1.130041386932134628e-02,-4.025732632726430893e-03,-1.914714649319648743e-02,-3.351430594921112061e-02,-4.664643108844757080e-02,-5.817129090428352356e-02,-6.785475462675094604e-02,-7.561735808849334717e-02,-8.153633773326873779e-02,-8.583276718854904175e-02,-8.884512633085250854e-02,-9.099145978689193726e-02,-9.272377192974090576e-02,-9.447874128818511963e-02,-9.662935137748718262e-02,-9.944200515747070312e-02,-1.030431613326072693e-01,-1.073987260460853577e-01,-1.123084202408790588e-01,-1.174158975481987000e-01,-1.222339496016502380e-01,-1.261829435825347900e-01,-1.286392956972122192e-01,-1.289898455142974854e-01,-1.266874521970748901e-01,-1.213030964136123657e-01,-1.125697270035743713e-01,-1.004139557480812073e-01,-8.497285097837448120e-02,-6.659391522407531738e-02,-4.581822082400321960e-02,-2.334781177341938019e-02,-5.770282251249872745e-17
0.000000000000000000e+00,1.996447890996932983e-02,3.915978595614433289e-02,5.687193572521209717e-02,7.249268889427185059e-02,8.556125313043594360e-02,9.579361975193023682e-02,1.030972227454185486e-01,1.075697392225265503e-01,1.094823554158210754e-01,1.092490181326866150e-01,1.073845624923706055e-01,1.044553667306900024e-01,1.010270416736602783e-01,9.761355072259902954e-02,9.463240951299667358e-02,9.236959367990493774e-02,9.095735102891921997e-02,9.036649018526077271e-02,9.041383117437362671e-02,9.078387916088104248e-02,9.106258302927017212e-02,9.078010916709899902e-02,8.945855498313903809e-02,8.666033297777175903e-02,8.203271776437759399e-02,7.534462958574295044e-02,6.651224941015243530e-02,5.561125278472900391e-02,4.287451133131980896e-02,2.867562323808670044e-02,1.349973212927579880e-02,-2.095664152875542641e-03,-1.752630248665809631e-02,-3.222899511456489563e-02,-4.570734500885009766e-02,-5.757119134068489075e-02,-6.756614148616790771e-02,-7.559055835008621216e-02,-8.169841766357421875e-02,-8.608772605657577515e-02,-8.907565474510192871e-02,-9.106258302927017212e-02,-9.248833358287811279e-02,-9.378466755151748657e-02,-9.532839804887771606e-02,-9.739950299263000488e-02,-1.001480817794799805e-01,-1.035734638571739197e-01,-1.075174584984779358e-01,-1.116725504398345947e-01,-1.156046837568283081e-01,-1.187886297702789307e-01,-1.206530854105949402e-01,-1.206316798925399780e-01,-1.182152554392814636e-01,-1.130011305212974548e-01,-1.047346815466880798e-01,-9.333974123001098633e-02,-7.893484830856323242e-02,-6.183384731411933899e-02,-4.253061860799789429e-02,-2.166893333196640015e-02,-5.355069678356019910e-17
0.000000000000000000e+00,1.750763319432735443e-02,3.433688730001449585e-02,4.985937476158142090e-02,6.354240328073501587e-02,7.498657703399658203e-02,8.395200222730636597e-02,9.037110209465026855e-02,9.434677660465240479e-02,9.613647311925888062e-02,9.612338989973068237e-02,9.477765113115310669e-02,9.261076897382736206e-02,9.012755751609802246e-02,8.777967840433120728e-02,8.592491596937179565e-02,8.479577302932739258e-02,8.448001742362976074e-02,8.491487801074981689e-02,8.589529991149902344e-02,8.709535002708435059e-02,8.810083568096160889e-02,8.845011889934539795e-02,8.767938613891601562e-02,8.536828309297561646e-02,8.118179440498352051e-02,7.490462809801101685e-02,6.646495312452316284e-02,5.594544857740402222e-02,4.358060657978057861e-02,2.974064461886882782e-02,1.490339171141386032e-02,-3.832384536508470774e-04,-1.554484758526086807e-02,-3.002627752721309662e-02,-4.333536699414253235e-02,-5.508081242442131042e-02,-6.500072032213211060e-02,-7.297936826944351196e-02,-7.905055582523345947e-02,-8.338749408721923828e-02,-8.627993613481521606e-02,-8.810083568096160889e-02,-8.926553279161453247e-02,-9.018719196319580078e-02,-9.123260527849197388e-02,-9.268244355916976929e-02,-9.469968080520629883e-02,-9.730906039476394653e-02,-1.003897562623023987e-01,-1.036818847060203552e-01,-1.068065688014030457e-01,-1.092978045344352722e-01,-1.106435433030128479e-01,-1.103322654962539673e-01,-1.079011112451553345e-01,-1.029811799526214600e-01,-9.533614665269851685e-02,-8.489047735929489136e-02,-7.174483686685562134e-02,-5.617709830403327942e-02,-3.862877935171127319e-02,-1.967781782150268555e-02,-4.862749975737934004e-17
0.000000000000000000e+00,1.496422383934259415e-02,2.934519574046134949e-02,4.260372370481491089e-02,5.428493395447731018e-02,6.405124068260192871e-02,7.170522212982177734e-02,7.720043510198593140e-02,8.063931763172149658e-02,8.225841075181961060e-02,8.240229636430740356e-02,8.148857951164245605e-02,7.996711879968643188e-02,7.827701419591903687e-02,7.680539786815643311e-02,7.585139572620391846e-02,7.559868693351745605e-02,7.609897851943969727e-02,7.726774364709854126e-02,7.889271527528762817e-02,8.065421134233474731e-02,8.215553313493728638e-02,8.296055346727371216e-02,8.263533562421798706e-02,8.078977465629577637e-02,7.711580395698547363e-02,7.141850888729095459e-02,6.363753229379653931e-02,5.385677516460418701e-02,4.230158030986785889e-02,2.932354621589183807e-02,1.537446677684783936e-02,9.715929627418518066e-04,-1.334263011813163757e-02,-2.704279497265815735e-02,-3.966097906231880188e-02,-5.082182958722114563e-02,-6.026918813586235046e-02,-6.788192689418792725e-02,-7.367759943008422852e-02,-7.780373841524124146e-02,-8.051747083663940430e-02,-8.215553313493728638e-02,-8.309730142354965210e-02,-8.372430503368377686e-02,-8.437991887331008911e-02,-8.533286303281784058e-02,-8.674801141023635864e-02,-8.866709470748901367e-02,-9.100119769573211670e-02,-9.353580325841903687e-02,-9.594803303480148315e-02,-9.783463925123214722e-02,-9.874835610389709473e-02,-9.823932498693466187e-02,-9.589810669422149658e-02,-9.139623492956161499e-02,-8.452092111110687256e-02,-7.520056515932083130e-02,-6.351881474256515503e-02,-4.971589893102645874e-02,-3.417678922414779663e-02,-1.740730926394462585e-02,-4.301454990561501333e-17
0.000000000000000000e+00,1.239333581179380417e-02,2.430081367492675781e-02,3.527412563562393188e-02,4.493677988648414612e-02,5.301209539175033569e-02,5.934248119592666626e-02,6.389835476875305176e-02,6.677591055631637573e-02,6.818406283855438232e-02,6.842165440320968628e-02,6.784703582525253296e-02,6.684284657239913940e-02,6.577891111373901367e-02,6.497685611248016357e-02,6.467934697866439819e-02,6.502691656351089478e-02,6.604424118995666504e-02,6.763722747564315796e-02,6.960118561983108521e-02,7.163918763399124146e-02,7.338923215866088867e-02,7.445753365755081177e-02,7.445520907640457153e-02,7.303493469953536987e-02,6.992434710264205933e-02,6.495328992605209351e-02,5.807238072156906128e-02,4.936124011874198914e-02,3.902574256062507629e-02,2.738440223038196564e-02,1.484512817114591599e-02,1.874418696388602257e-03,-1.103834249079227448e-02,-2.341831475496292114e-02,-3.484108671545982361e-02,-4.496385902166366577e-02,-5.354922637343406677e-02,-6.047948077321052551e-02,-6.576025485992431641e-02,-6.951321661472320557e-02,-7.195862382650375366e-02,-7.338923215866088867e-02,-7.413809746503829956e-02,-7.454317808151245117e-02,-7.491190731525421143e-02,-7.548910379409790039e-02,-7.643098384141921997e-02,-7.778786867856979370e-02,-7.949700951576232910e-02,-8.138634264469146729e-02,-8.318890631198883057e-02,-8.456658571958541870e-02,-8.514119684696197510e-02,-8.453012257814407349e-02,-8.238334208726882935e-02,-7.841850817203521729e-02,-7.245100289583206177e-02,-6.441616266965866089e-02,-5.438164621591567993e-02,-4.254880547523498535e-02,-2.924280427396297455e-02,-1.489224191755056381e-02,-3.679803613937279423e-17
0.000000000000000000e+00,9.836747311055660248e-03,1.928577944636344910e-02,2.798994630575180054e-02,3.565053641796112061e-02,4.204998910427093506e-02,4.706743732094764709e-02,5.068576708436012268e-02,5.298950895667076111e-02,5.415383726358413696e-02,5.442565307021141052e-02,5.409843847155570984e-02,5.348318815231323242e-02,5.287795513868331909e-02,5.253883823752403259e-02,5.265492200851440430e-02,5.332949757575988770e-02,5.456922203302383423e-02,5.628220736980438232e-02,5.828529223799705505e-02,6.031976267695426941e-02,6.207427754998207092e-02,6.321289390325546265e-02,6.340574473142623901e-02,6.235967949032783508e-02,5.984609201550483704e-02,5.572355538606643677e-02,4.995316267013549805e-02,4.260526224970817566e-02,3.385693207383155823e-02,2.398042753338813782e-02,1.332357618957757950e-02,2.283852547407150269e-03,-8.721642196178436279e-03,-1.928764954209327698e-02,-2.905093319714069366e-02,-3.771656751632690430e-02,-4.507803916931152344e-02,-5.102945864200592041e-02,-5.556888133287429810e-02,-5.879247561097145081e-02,-6.088020280003547668e-02,-6.207427754998207092e-02,-6.265245378017425537e-02,-6.289856135845184326e-02,-6.307300925254821777e-02,-6.338585168123245239e-02,-6.397501379251480103e-02,-6.489151716232299805e-02,-6.609316915273666382e-02,-6.744723767042160034e-02,-6.874196976423263550e-02,-6.970586627721786499e-02,-7.003308087587356567e-02,-6.941261887550354004e-02,-6.755879521369934082e-02,-6.424009799957275391e-02,-5.930403247475624084e-02,-5.269550159573554993e-02,-4.446716979146003723e-02,-3.478074446320533752e-02,-2.389904856681823730e-02,-1.216943655163049698e-02,-3.006896156092331665e-17
0.000000000000000000e+00,7.318429183214902878e-03,1.434705685824155807e-02,2.081930637359619141e-02,2.651298791170120239e-02,3.126749768853187561e-02,3.499557077884674072e-02,3.768847137689590454e-02,3.941423818469047546e-02,4.030911624431610107e-02,4.056293144822120667e-02,4.039976373314857483e-02,4.005561769008636475e-02,3.975513577461242676e-02,3.968941420316696167e-02,3.999695181846618652e-02,4.074944555759429932e-02,4.194375127553939819e-02,4.350070655345916748e-02,4.527102783322334290e-02,4.704774543642997742e-02,4.858411103487014771e-02,4.961545020341873169e-02,4.988297447562217712e-02,4.915754497051239014e-02,4.726121574640274048e-02,4.408470541238784790e-02,3.959920257329940796e-02,3.386146575212478638e-02,2.701178938150405884e-02,1.926489919424057007e-02,1.089466176927089691e-02,2.213859930634498596e-03,-6.449198815971612930e-03,-1.477519329637289047e-02,-2.247732132673263550e-02,-2.932180836796760559e-02,-3.514364734292030334e-02,-3.985621780157089233e-02,-4.345402121543884277e-02,-4.600833728909492493e-02,-4.765624925494194031e-02,-4.858411103487014771e-02,-4.900694638490676880e-02,-4.914566501975059509e-02,-4.920422658324241638e-02,-4.934874922037124634e-02,-4.969050735235214233e-02,-5.027434229850769043e-02,-5.107355862855911255e-02,-5.199173092842102051e-02,-5.287131667137145996e-02,-5.350828543305397034e-02,-5.367145314812660217e-02,-5.312481522560119629e-02,-5.165083333849906921e-02,-4.907261580228805542e-02,-4.527296498417854309e-02,-4.020855948328971863e-02,-3.391798585653305054e-02,-2.652283012866973877e-02,-1.822169497609138489e-02,-9.277631528675556183e-03,-2.292300449735936417e-17
0.000000000000000000e+00,4.845682531595230103e-03,9.498789906501770020e-03,1.378237083554267883e-02,1.754932105541229248e-02,2.069393917918205261e-02,2.315977029502391815e-02,2.494305931031703949e-02,2.609145827591419220e-02,2.669817395508289337e-02,2.689200453460216522e-02,2.682421915233135223e-02,2.665344439446926117e-02,2.652988955378532410e-02,2.658038586378097534e-02,2.689555287361145020e-02,2.752028219401836395e-02,2.844840660691261292e-02,2.962206862866878510e-02,3.093586117029190063e-02,3.224542364478111267e-02,3.337974846363067627e-02,3.415613248944282532e-02,3.439646959304809570e-02,3.394345194101333618e-02,3.267526999115943909e-02,3.051749058067798615e-02,2.745108492672443390e-02,2.351585216820240021e-02,1.880897022783756256e-02,1.347874663770198822e-02,7.714109495282173157e-03,1.730756252072751522e-03,-4.244863521307706833e-03,-9.992339648306369781e-03,-1.531342230737209320e-02,-2.004608511924743652e-02,-2.407533675432205200e-02,-2.733986824750900269e-02,-2.983398735523223877e-02,-3.160474076867103577e-02,-3.274450451135635376e-02,-3.337974846363067627e-02,-3.365705534815788269e-02,-3.372758999466896057e-02,-3.373153135180473328e-02,-3.378380835056304932e-02,-3.396243602037429810e-02,-3.430055081844329834e-02,-3.478281572461128235e-02,-3.534651920199394226e-02,-3.588732704520225525e-02,-3.626908734440803528e-02,-3.633686900138854980e-02,-3.593205660581588745e-02,-3.490808978676795959e-02,-3.314548730850219727e-02,-3.056477010250091553e-02,-2.713609300553798676e-02,-2.288472279906272888e-02,-1.789183542132377625e-02,-1.229051873087882996e-02,-6.257313769310712814e-03,-1.546010491028959361e-17
0.000000000000000000e+00,2.411804161965847015e-03,4.727541003376245499e-03,6.858996581286191940e-03,8.732955902814865112e-03,1.029700506478548050e-02,1.152346190065145493e-02,1.241108868271112442e-02,1.298441831022500992e-02,1.329077780246734619e-02,1.339524704962968826e-02,1.337402872741222382e-02,1.330681052058935165e-02,1.326882187277078629e-02,1.332328561693429947e-02,1.351497042924165726e-02,1.386541593819856644e-02,1.437027938663959503e-02,1.499906275421380997e-02,1.569725573062896729e-02,1.639071851968765259e-02,1.699195243418216705e-02,1.740768924355506897e-02,1.754716970026493073e-02,1.733034849166870117e-02,1.669534854590892792e-02,1.560447085648775101e-02,1.404825504869222641e-02,1.204719860106706619e-02,9.651004336774349213e-03,6.935399491339921951e-03,3.996786195784807205e-03,9.452055091969668865e-04,-2.103803446516394615e-03,-5.037734750658273697e-03,-7.755307015031576157e-03,-1.017361599951982498e-02,-1.223363727331161499e-02,-1.390361879020929337e-02,-1.518008578568696976e-02,-1.608640700578689575e-02,-1.666905917227268219e-02,-1.699195243418216705e-02,-1.712934859097003937e-02,-1.715801842510700226e-02,-1.714932546019554138e-02,-1.716200821101665497e-02,-1.723624952137470245e-02,-1.738961040973663330e-02,-1.761517673730850220e-02,-1.788209192454814911e-02,-1.813840679824352264e-02,-1.831601932644844055e-02,-1.833723857998847961e-02,-1.812237314879894257e-02,-1.759768836200237274e-02,-1.670297980308532715e-02,-1.539810094982385635e-02,-1.366783864796161652e-02,-1.152468472719192505e-02,-9.009258821606636047e-03,-6.188303232192993164e-03,-3.150435164570808411e-03,-7.783751366150514254e-18
0.000000000000000000e+00,5.913549767907934628e-18,1.159136629612805722e-17,1.681703680253995680e-17,2.141104572342676274e-17,2.524504109749984687e-17,2.825150017135650551e-17,3.042790831593457747e-17,3.183510797400978815e-17,3.258992351785422676e-17,3.285273534207457471e-17,3.281115793576520933e-17,3.266119339943179562e-17,3.258768682147788337e-17,3.274574118420206569e-17,3.324484873092676174e-17,3.413714169257751354e-17,3.541092042657037107e-17,3.698997843743204899e-17,3.873894927227946943e-17,4.047413266067685601e-17,4.197899918803742777e-17,4.302291104724669934e-17,4.338156001723744108e-17,4.285722346182987768e-17,4.129713104805281558e-17,3.860831098377774467e-17,3.476756250718377763e-17,2.982572413871842354e-17,2.390578109185606656e-17,1.719499878547258662e-17,9.931734276158813975e-18,2.388038375191854468e-18,-5.150429744303769905e-18,-1.240547083755784663e-17,-1.912657139490231303e-17,-2.510856787695717304e-17,-3.020524122120265306e-17,-3.433769659517467042e-17,-3.749688464297189498e-17,-3.974006280659524734e-17,-4.118159707753630910e-17,-4.197899918803742777e-17,-4.231544993910969646e-17,-4.238044648292166316e-17,-4.235031725629003168e-17,-4.237035487944851623e-17,-4.254021145515260514e-17,-4.290384005243091611e-17,-4.344489558237940130e-17,-4.408799542141487819e-17,-4.470576037264908096e-17,-4.513092789877888697e-17,-4.517250861381070257e-17,-4.463449049107151209e-17,-4.333541657394678298e-17,-4.112705940538946287e-17,-3.791049480158311009e-17,-3.364811251443616358e-17,-2.837047852194368280e-17,-2.217737396703671439e-17,-1.523286516113147606e-17,-7.754865391979549974e-18,-1.915978209213174367e-32
