0.000000000000000000e+00,0.000000000000000000e+00,0.000000000000000000e+00,0.000000000000000000e+00,0.000000000000000000e+00,0.000000000000000000e+00,0.000000000000000000e+00,0.000000000000000000e+00,0.000000000000000000e+00,0.000000000000000000e+00,0.000000000000000000e+00,0.000000000000000000e+00,0.000000000000000000e+00,0.000000000000000000e+00,0.000000000000000000e+00,0.000000000000000000e+00,0.000000000000000000e+00,0.000000000000000000e+00,0.000000000000000000e+00,0.000000000000000000e+00,0.000000000000000000e+00,0.000000000000000000e+00,0.000000000000000000e+00,0.000000000000000000e+00,0.000000000000000000e+00,0.000000000000000000e+00,0.000000000000000000e+00,0.000000000000000000e+00,0.000000000000000000e+00,0.000000000000000000e+00,0.000000000000000000e+00,0.000000000000000000e+00,0.000000000000000000e+00,0.000000000000000000e+00,0.000000000000000000e+00,0.000000000000000000e+00,0.000000000000000000e+00,0.000000000000000000e+00,0.000000000000000000e+00,0.000000000000000000e+00,0.000000000000000000e+00,0.000000000000000000e+00,0.000000000000000000e+00,0.000000000000000000e+00,0.000000000000000000e+00,0.000000000000000000e+00,0.000000000000000000e+00,0.000000000000000000e+00,0.000000000000000000e+00,0.000000000000000000e+00,0.000000000000000000e+00,0.000000000000000000e+00,0.000000000000000000e+00,0.000000000000000000e+00,0.000000000000000000e+00,0.000000000000000000e+00,0.000000000000000000e+00,0.000000000000000000e+00,0.000000000000000000e+00,0.000000000000000000e+00,0.000000000000000000e+00,0.000000000000000000e+00,0.000000000000000000e+00,0.000000000000000000e+00
0.000000000000000000e+00,3.002670360729098320e-03,5.828383378684520721e-03,8.313286118209362030e-03,1.031866949051618576e-02,1.174095552414655685e-02,1.251883432269096375e-02,1.263699401170015335e-02,1.212614495307207108e-02,1.105940062552690506e-02,9.545333683490753174e-03,7.718335837125778198e-03,5.727114155888557434e-03,3.722307039424777031e-03,1.844275626353919506e-03,2.120873396052047610e-04,-1.085396623238921165e-03,-1.995612867176532745e-03,-2.505098236724734306e-03,-2.638826379552483559e-03,-2.456196583807468414e-03,-2.044089836999773979e-03,-1.507645123638212681e-03,-9.596088202670216560e-04,-5.092163337394595146e-04,-2.515963278710842133e-04,-2.586315677035599947e-04,-5.720692570321261883e-04,-1.199467573314905167e-03,-2.113309688866138458e-03,-3.253332804888486862e-03,-4.531837534159421921e-03,-5.841477308422327042e-03,-7.064825389534235001e-03,-8.084847591817378998e-03,-8.795361965894699097e-03,-9.110545739531517029e-03,-8.972683921456336975e-03,-8.357467129826545715e-03,-7.276413496583700180e-03,-5.776217672973871231e-03,-3.935122862458229065e-03,-1.856650691479444504e-03,3.387265023775398731e-04,2.523223636671900749e-03,4.571837373077869415e-03,6.372012197971343994e-03,7.832044735550880432e-03,8.887522853910923004e-03,9.505266323685646057e-03,9.684499353170394897e-03,9.455188177525997162e-03,8.873793296515941620e-03,8.016860112547874451e-03,6.973102688789367676e-03,5.834726616740226746e-03,4.688829649239778519e-03,3.609666833654046059e-03,2.652490278705954552e-03,1.849512802436947823e-03,1.208335976116359234e-03,7.129468722268939018e-04,3.271408786531537771e-04,7.787480503147056441e-19
0.000000000000000000e+00,5.842421203851699829e-03,1.134370546787977219e-02,1.618786528706550598e-02,2.010716684162616730e-02,2.290130965411663055e-02,2.445115149021148682e-02,2.472587861120700836e-02,2.378311380743980408e-02,2.176201157271862030e-02,1.886999420821666718e-02,1.536430511623620987e-02,1.152999140322208405e-02,7.656185887753963470e-03,4.012707620859146118e-03,8.289364050142467022e-04,-1.723299385048449039e-03,-3.541442099958658218e-03,-4.597638268023729324e-03,-4.937537480145692825e-03,-4.672691226005554199e-03,-3.967325203120708466e-03,-3.020752454176545143e-03,-2.047038637101650238e-03,-1.253762515261769295e-03,-8.217652793973684311e-04,-8.876714855432510376e-04,-1.530701876617968082e-03,-2.764902077615261078e-03,-4.537423141300678253e-03,-6.732945330440998077e-03,-9.183802641928195953e-03,-1.168485358357429504e-02,-1.401175186038017273e-02,-1.594096235930919647e-02,-1.726974546909332275e-02,-1.783435977995395660e-02,-1.752486079931259155e-02,-1.629527099430561066e-02,-1.416822057217359543e-02,-1.123373117297887802e-02,-7.642296142876148224e-03,-3.592913039028644562e-03,6.828298210166394711e-04,4.939178936183452606e-03,8.935527876019477844e-03,1.245492044836282730e-02,1.532016135752201080e-02,1.740616932511329651e-02,1.864758320152759552e-02,1.904105581343173981e-02,1.864216849207878113e-02,1.755737513303756714e-02,1.593182049691677094e-02,1.393427792936563492e-02,1.174061000347137451e-02,9.517369791865348816e-03,7.407033350318670273e-03,5.516227334737777710e-03,3.907992038875818253e-03,2.598739927634596825e-03,1.560100470669567585e-03,7.253907970152795315e-04,1.735473935587545829e-18
0.000000000000000000e+00,8.368967100977897644e-03,1.625711657106876373e-02,2.321879193186759949e-02,2.887581102550029755e-02,3.294431790709495544e-02,3.525400534272193909e-02,3.575823456048965454e-02,3.453429043292999268e-02,3.177383914589881897e-02,2.776454202830791473e-02,2.286440692842006683e-02,1.747114025056362152e-02,1.198909338563680649e-02,6.796646397560834885e-03,2.216690685600042343e-03,-1.507303444668650627e-03,-4.227752331644296646e-03,-5.900687538087368011e-03,-6.584262475371360779e-03,-6.428350228816270828e-03,-5.656312219798564911e-03,-4.540674854069948196e-03,-3.374970285221934319e-03,-2.444279612973332405e-03,-1.997126964852213860e-03,-2.221191534772515297e-03,-3.224958200007677078e-03,-5.026873666793107986e-03,-7.552892435342073441e-03,-1.064255833625793457e-02,-1.406299602240324020e-02,-1.752951182425022125e-02,-2.073092013597488403e-02,-2.335732057690620422e-02,-2.512784674763679504e-02,-2.581595070660114288e-02,-2.527000196278095245e-02,-2.342743426561355591e-02,-2.032125554978847504e-02,-1.607841812074184418e-02,-1.091024465858936310e-02,-5.095857661217451096e-03,1.039903727360069752e-03,7.152076810598373413e-03,1.290242746472358704e-02,1.798521354794502258e-02,2.214965224266052246e-02,2.521719783544540405e-02,2.709226310253143311e-02,2.776557579636573792e-02,2.731007523834705353e-02,2.586990781128406525e-02,2.364370226860046387e-02,2.086379379034042358e-02,1.777340099215507507e-02,1.460395287722349167e-02,1.155462302267551422e-02,8.775992318987846375e-03,6.359257735311985016e-03,4.331910517066717148e-03,2.660154597833752632e-03,1.257707597687840462e-03,3.027808191876346012e-18
0.000000000000000000e+00,1.045623514801263809e-02,2.032616361975669861e-02,2.906582877039909363e-02,3.621255233883857727e-02,4.141730815172195435e-02,4.446800425648689270e-02,4.530178755521774292e-02,4.400554671883583069e-02,4.080468416213989258e-02,3.604120388627052307e-02,3.014313243329524994e-02,2.358782850205898285e-02,1.686243526637554169e-02,1.042471639811992645e-02,4.667605273425579071e-03,-1.096637424780055881e-04,-3.721518674865365028e-03,-6.105603184551000595e-03,-7.321322802454233170e-03,-7.537744008004665375e-03,-7.012115791440010071e-03,-6.061087362468242645e-03,-5.027289036661386490e-03,-4.244320094585418701e-03,-4.003281239420175552e-03,-4.523814655840396881e-03,-5.932172760367393494e-03,-8.248206228017807007e-03,-1.138232462108135223e-02,-1.514262612909078598e-02,-1.925145648419857025e-02,-2.336985431611537933e-02,-2.712767198681831360e-02,-3.015661612153053284e-02,-3.212331980466842651e-02,-3.275949135422706604e-02,-3.188652172684669495e-02,-2.943240851163864136e-02,-2.543963119387626648e-02,-2.006327547132968903e-02,-1.355973631143569946e-02,-6.267012562602758408e-03,1.421563909389078617e-03,9.087854065001010895e-03,1.632097363471984863e-02,2.274812571704387665e-02,2.806154824793338776e-02,3.203935921192169189e-02,3.455860167741775513e-02,3.559957444667816162e-02,3.524127230048179626e-02,3.364862874150276184e-02,3.105290792882442474e-02,2.772723883390426636e-02,2.395967580378055573e-02,2.002633735537528992e-02,1.616712287068367004e-02,1.256624888628721237e-02,9.339298121631145477e-03,6.527889054268598557e-03,4.102285020053386688e-03,1.971537945792078972e-03,4.774659789994405599e-18
0.000000000000000000e+00,1.201192010194063187e-02,2.337311767041683197e-02,3.347901254892349243e-02,4.181362688541412354e-02,4.798494279384613037e-02,5.175041407346725464e-02,5.303062498569488525e-02,5.191015824675559998e-02,4.862573370337486267e-02,4.354278743267059326e-02,3.712254762649536133e-02,2.988253533840179443e-02,2.235378324985504150e-02,1.503842510282993317e-02,8.371184580028057098e-03,2.687868429347872734e-03,-1.796604716219007969e-03,-4.999008961021900177e-03,-6.966781802475452423e-03,-7.865522988140583038e-03,-7.956366986036300659e-03,-7.565441541373729706e-03,-7.048260420560836792e-03,-6.752318702638149261e-03,-6.981255020946264267e-03,-7.963766343891620636e-03,-9.830002672970294952e-03,-1.259746402502059937e-02,-1.616758108139038086e-02,-2.033316716551780701e-02,-2.479601465165615082e-02,-2.919296175241470337e-02,-3.312807157635688782e-02,-3.620801866054534912e-02,-3.807754814624786377e-02,-3.845182806253433228e-02,-3.714294731616973877e-02,-3.407818078994750977e-02,-2.930856496095657349e-02,-2.300704084336757660e-02,-1.545644085854291916e-02,-7.028467021882534027e-03,1.844480750150978565e-03,1.070207357406616211e-02,1.909057237207889557e-02,2.659610845148563385e-02,3.287390619516372681e-02,3.767101094126701355e-02,4.084076359868049622e-02,4.234795644879341125e-02,4.226448386907577515e-02,4.075622558593750000e-02,3.806252777576446533e-02,3.447043523192405701e-02,3.028618358075618744e-02,2.580666169524192810e-02,2.129351720213890076e-02,1.695227250456809998e-02,1.291828881949186325e-02,9.250748902559280396e-03,5.935018882155418396e-03,2.892963821068406105e-03,7.041603266206712718e-18
0.000000000000000000e+00,1.298422645777463913e-02,2.529788576066493988e-02,3.631669655442237854e-02,4.550528526306152344e-02,5.245279148221015930e-02,5.689867213368415833e-02,5.874678120017051697e-02,5.806669220328330994e-02,5.508238449692726135e-02,5.014941468834877014e-02,4.372254386544227600e-02,3.631675615906715393e-02,2.846488170325756073e-02,2.067544870078563690e-02,1.339422911405563354e-02,6.972580682486295700e-03,1.645087962970137596e-03,-2.481858944520354271e-03,-5.429849959909915924e-03,-7.336935494095087051e-03,-8.436093106865882874e-03,-9.025814011693000793e-03,-9.435609914362430573e-03,-9.989615529775619507e-03,-1.097159460186958313e-02,-1.259449217468500137e-02,-1.497719902545213699e-02,-1.813056319952011108e-02,-2.195380255579948425e-02,-2.624155022203922272e-02,-3.070084378123283386e-02,-3.497643396258354187e-02,-3.868215158581733704e-02,-4.143545031547546387e-02,-4.289211332798004150e-02,-4.277800396084785461e-02,-4.091509804129600525e-02,-3.723955899477005005e-02,-3.181029856204986572e-02,-2.480735443532466888e-02,-1.652029529213905334e-02,-7.327703293412923813e-03,2.330370945855975151e-03,1.198460347950458527e-02,2.117041125893592834e-02,2.946088835597038269e-02,3.649589046835899353e-02,4.200491309165954590e-02,4.582193866372108459e-02,4.789126291871070862e-02,4.826407879590988159e-02,4.708640277385711670e-02,4.457979276776313782e-02,4.101677238941192627e-02,3.669348731637001038e-02,3.190214186906814575e-02,2.690584957599639893e-02,2.191816084086894989e-02,1.708909124135971069e-02,1.249876618385314941e-02,8.159074932336807251e-03,4.022934474050998688e-03,9.831465096666361066e-18
0.000000000000000000e+00,1.336524169892072678e-02,2.608450502157211304e-02,3.755462169647216797e-02,4.725470393896102905e-02,5.477927252650260925e-02,5.986243486404418945e-02,6.239141896367073059e-02,6.240848824381828308e-02,6.010129675269126892e-02,5.578270927071571350e-02,4.986181855201721191e-02,4.280880466103553772e-02,3.511652350425720215e-02,2.726207673549652100e-02,1.967152580618858337e-02,1.269054133445024490e-02,6.563276052474975586e-03,1.420991146005690098e-03,-2.718913601711392403e-03,-5.943690426647663116e-03,-8.426981046795845032e-03,-1.040337141603231430e-02,-1.213823072612285614e-02,-1.389566995203495026e-02,-1.590756699442863464e-02,-1.834647171199321747e-02,-2.130478620529174805e-02,-2.478208206593990326e-02,-2.868160791695117950e-02,-3.281622752547264099e-02,-3.692322224378585815e-02,-4.068654775619506836e-02,-4.376454278826713562e-02,-4.582057148218154907e-02,-4.655387625098228455e-02,-4.572792351245880127e-02,-4.319372773170471191e-02,-3.890613839030265808e-02,-3.293169289827346802e-02,-2.544741146266460419e-02,-1.673063263297080994e-02,-7.140858098864555359e-03,2.904816530644893646e-03,1.296053174883127213e-02,2.258230373263359070e-02,3.135788440704345703e-02,3.893336281180381775e-02,4.503441229462623596e-02,4.948053508996963501e-02,5.219135805964469910e-02,5.318474397063255310e-02,5.256721377372741699e-02,5.051784962415695190e-02,4.726739227771759033e-02,4.307464882731437683e-02,3.820250555872917175e-02,3.289578109979629517e-02,2.736296504735946655e-02,2.176342904567718506e-02,1.620108261704444885e-02,1.072490308433771133e-02,5.335961002856492996e-03,1.308105488642889348e-17
0.000000000000000000e+00,1.319067366421222687e-02,2.580065093934535980e-02,3.728529438376426697e-02,4.716935381293296814e-02,5.507510527968406677e-02,6.074320897459983826e-02,6.404478847980499268e-02,6.498403847217559814e-02,6.369124352931976318e-02,6.040707975625991821e-02,5.545959621667861938e-02,4.923588410019874573e-02,4.215081781148910522e-02,3.461551293730735779e-02,2.700799889862537384e-02,1.964841596782207489e-02,1.278061978518962860e-02,6.561478599905967712e-03,1.058440655469894409e-03,-3.744727000594139099e-03,-7.934871129691600800e-03,-1.165048684924840927e-02,-1.505877170711755753e-02,-1.833093725144863129e-02,-2.161809988319873810e-02,-2.502999268472194672e-02,-2.861843071877956390e-02,-3.236704319715499878e-02,-3.618812933564186096e-02,-3.992693871259689331e-02,-4.337289929389953613e-02,-4.627680033445358276e-02,-4.837235808372497559e-02,-4.940019175410270691e-02,-4.913211241364479065e-02,-4.739351943135261536e-02,-4.408197477459907532e-02,-3.918028250336647034e-02,-3.276296332478523254e-02,-2.499554120004177094e-02,-1.612673886120319366e-02,-6.474211812019348145e-03,3.594921901822090149e-03,1.368713658303022385e-02,2.340720966458320618e-02,3.238257393240928650e-02,4.028534889221191406e-02,4.685036465525627136e-02,5.188786238431930542e-02,5.529004707932472229e-02,5.703124776482582092e-02,5.716199800372123718e-02,5.579787492752075195e-02,5.310434475541114807e-02,4.927924275398254395e-02,4.453457891941070557e-02,3.907942771911621094e-02,3.310543298721313477e-02,2.677618525922298431e-02,2.022125199437141418e-02,1.353520341217517853e-02,6.781425792723894119e-03,1.666442363388514830e-17
0.000000000000000000e+00,1.253599580377340317e-02,2.459027804434299469e-02,3.570777922868728638e-02,4.548483341932296753e-02,5.359030887484550476e-02,5.978170037269592285e-02,6.391507387161254883e-02,6.594832241535186768e-02,6.593771278858184814e-02,6.402814388275146484e-02,6.043803319334983826e-02,5.544026196002960205e-02,4.934065416455268860e-02,4.245583340525627136e-02,3.509213775396347046e-02,2.752720750868320465e-02,1.999558322131633759e-02,1.267920900136232376e-02,5.703380797058343887e-03,-8.618670981377363205e-04,-6.995377596467733383e-03,-1.271435897797346115e-02,-1.806093752384185791e-02,-2.308719791471958160e-02,-2.784023433923721313e-02,-3.234864398837089539e-02,-3.661181777715682983e-02,-4.059300199151039124e-02,-4.421680420637130737e-02,-4.737137258052825928e-02,-4.991507902741432190e-02,-5.168702453374862671e-02,-5.252054333686828613e-02,-5.225834622979164124e-02,-5.076806247234344482e-02,-4.795671626925468445e-02,-4.378287121653556824e-02,-3.826532512903213501e-02,-3.148761391639709473e-02,-2.359782904386520386e-02,-1.480378117412328720e-02,-5.363813135772943497e-03,4.425985272973775864e-03,1.424716878682374954e-02,2.377574704587459564e-02,3.269911184906959534e-02,4.073183238506317139e-02,4.762919247150421143e-02,5.319753289222717285e-02,5.730084329843521118e-02,5.986331403255462646e-02,6.086789816617965698e-02,6.035136431455612183e-02,5.839650332927703857e-02,5.512237921357154846e-02,5.067367106676101685e-02,4.521011933684349060e-02,3.889700770378112793e-02,3.189751505851745605e-02,2.436738833785057068e-02,1.645223982632160187e-02,8.287406526505947113e-03,2.040239657373062675e-17
0.000000000000000000e+00,1.150934956967830658e-02,2.266004122793674469e-02,3.310882672667503357e-02,4.254236817359924316e-02,5.069001019001007080e-02,5.733405798673629761e-02,6.231707707047462463e-02,6.554584950208663940e-02,6.699184328317642212e-02,6.668843328952789307e-02,6.472508609294891357e-02,6.123910471796989441e-02,5.640563368797302246e-02,5.042662099003791809e-02,4.351955279707908630e-02,3.590672835707664490e-02,2.780572511255741119e-02,1.942157931625843048e-02,1.094107702374458313e-02,2.529284916818141937e-03,-5.671676248311996460e-03,-1.354182418435811996e-02,-2.098084427416324615e-02,-2.790443226695060730e-02,-3.424001485109329224e-02,-3.992238640785217285e-02,-4.488988220691680908e-02,-4.908145219087600708e-02,-5.243508890271186829e-02,-5.488774925470352173e-02,-5.637684091925621033e-02,-5.684318765997886658e-02,-5.623518303036689758e-02,-5.451376736164093018e-02,-5.165781453251838684e-02,-4.766933247447013855e-02,-4.257808253169059753e-02,-3.644506633281707764e-02,-2.936456352472305298e-02,-2.146442979574203491e-02,-1.290452107787132263e-02,-3.873263020068407059e-03,5.417492240667343140e-03,1.473905239254236221e-02,2.385354600846767426e-02,3.252221271395683289e-02,4.051386937499046326e-02,4.761307314038276672e-02,5.362756550312042236e-02,5.839464440941810608e-02,6.178616732358932495e-02,6.371210515499114990e-02,6.412246078252792358e-02,6.300774961709976196e-02,6.039802730083465576e-02,5.636080726981163025e-02,5.099795386195182800e-02,4.444196075201034546e-02,3.685171529650688171e-02,2.840806730091571808e-02,1.930930837988853455e-02,9.766682982444763184e-03,2.407754845477515297e-17
0.000000000000000000e+00,1.024182047694921494e-02,2.026068232953548431e-02,2.983696945011615753e-02,3.875787183642387390e-02,4.682112112641334534e-02,5.383901298046112061e-02,5.964274704456329346e-02,6.408701092004776001e-02,6.705456972122192383e-02,6.846079975366592407e-02,6.825768202543258667e-02,6.643708795309066772e-02,6.303302198648452759e-02,5.812246352434158325e-02,5.182466655969619751e-02,4.429873079061508179e-02,3.573944047093391418e-02,2.637144550681114197e-02,1.644197665154933929e-02,6.212459411472082138e-03,-4.050583578646183014e-03,-1.408487185835838318e-02,-2.364140935242176056e-02,-3.249274194240570068e-02,-4.043997451663017273e-02,-4.731817543506622314e-02,-5.299989506602287292e-02,-5.739668756723403931e-02,-6.045868247747421265e-02,-6.217230856418609619e-02,-6.255653500556945801e-02,-6.165799126029014587e-02,-5.954541638493537903e-02,-5.630401894450187683e-02,-5.203014239668846130e-02,-4.682670533657073975e-02,-4.079976677894592285e-02,-3.405641019344329834e-02,-2.670399472117424011e-02,-1.885075680911540985e-02,-1.060745492577552795e-02,-2.089792862534523010e-03,6.578868720680475235e-03,1.526496745645999908e-02,2.382286265492439270e-02,3.209406509995460510e-02,3.990795835852622986e-02,4.708418995141983032e-02,5.343689396977424622e-02,5.878059193491935730e-02,6.293755769729614258e-02,6.574623286724090576e-02,6.707014888525009155e-02,6.680674105882644653e-02,6.489542126655578613e-02,6.132421270012855530e-02,5.613442137837409973e-02,4.942282289266586304e-02,4.134112223982810974e-02,3.209249302744865417e-02,2.192531526088714600e-02,1.112438272684812546e-02,2.745327418896528402e-17
0.000000000000000000e+00,8.875927887856960297e-03,1.766500994563102722e-02,2.627187222242355347e-02,3.458524495363235474e-02,4.247277230024337769e-02,4.977883026003837585e-02,5.632590129971504211e-02,6.191964447498321533e-02,6.635746359825134277e-02,6.944001466035842896e-02,7.098481059074401855e-02,7.084068655967712402e-02,6.890196353197097778e-02,6.512098014354705811e-02,5.951775982975959778e-02,5.218583345413208008e-02,4.329347237944602966e-02,3.308002278208732605e-02,2.184733934700489044e-02,9.946815669536590576e-03,-2.237176755443215370e-03,-1.430631242692470551e-02,-2.586843818426132202e-02,-3.655735403299331665e-02,-4.605081677436828613e-02,-5.408547818660736084e-02,-6.046772748231887817e-02,-6.507969647645950317e-02,-6.788013875484466553e-02,-6.890034675598144531e-02,-6.823549419641494751e-02,-6.603242456912994385e-02,-6.247489526867866516e-02,-5.776777118444442749e-02,-5.212138593196868896e-02,-4.573752731084823608e-02,-3.879813849925994873e-02,-3.145759552717208862e-02,-2.383908443152904510e-02,-1.603518798947334290e-02,-8.112399838864803314e-03,-1.188832611660473049e-04,7.905488833785057068e-03,1.591800153255462646e-02,2.386218681931495667e-02,3.165839612483978271e-02,3.919703885912895203e-02,4.633535817265510559e-02,5.289834737777709961e-02,5.868398025631904602e-02,6.347250938415527344e-02,6.703928858041763306e-02,6.917000561952590942e-02,6.967727094888687134e-02,6.841696798801422119e-02,6.530311703681945801e-02,6.031976267695426941e-02,5.352878943085670471e-02,4.507288336753845215e-02,3.517311066389083862e-02,2.412113919854164124e-02,1.226655207574367523e-02,3.029518222356676887e-17
0.000000000000000000e+00,7.553320843726396561e-03,1.514431834220886230e-02,2.279150485992431641e-02,3.047711588442325592e-02,3.813390433788299561e-02,4.563735798001289368e-02,5.280429497361183167e-02,5.939830467104911804e-02,6.514171510934829712e-02,6.973332166671752930e-02,7.287034392356872559e-02,7.427291572093963623e-02,7.370885461568832397e-02,7.101660966873168945e-02,6.612430512905120850e-02,5.906300619244575500e-02,4.997299984097480774e-02,3.910225257277488708e-02,2.679695747792720795e-02,1.348474435508251190e-02,-3.482806496322154999e-04,-1.418495737016201019e-02,-2.750690467655658722e-02,-3.982445225119590759e-02,-5.070441588759422302e-02,-5.979358404874801636e-02,-6.683620065450668335e-02,-7.168420404195785522e-02,-7.429960370063781738e-02,-7.474903017282485962e-02,-7.319116592407226562e-02,-6.985828280448913574e-02,-6.503368914127349854e-02,-5.902702733874320984e-02,-5.214974284172058105e-02,-4.469266161322593689e-02,-3.690767288208007812e-02,-2.899485826492309570e-02,-2.109606936573982239e-02,-1.329516526311635971e-02,-5.624649114906787872e-03,1.922248979099094868e-03,9.375456720590591431e-03,1.676969788968563080e-02,2.412586845457553864e-02,3.143417462706565857e-02,3.864082694053649902e-02,4.563980177044868469e-02,5.227069929242134094e-02,5.832307040691375732e-02,6.354709714651107788e-02,6.766978651285171509e-02,7.041538506746292114e-02,7.152822613716125488e-02,7.079603523015975952e-02,6.807155907154083252e-02,6.329055875539779663e-02,5.648440495133399963e-02,4.778603464365005493e-02,3.742853552103042603e-02,2.573623135685920715e-02,1.310887467116117477e-02,3.239282623021754153e-17
0.000000000000000000e+00,6.402717437595129013e-03,1.294530183076858521e-02,1.973994821310043335e-02,2.684625610709190369e-02,3.425158932805061340e-02,4.185872524976730347e-02,4.948216676712036133e-02,5.685374513268470764e-02,6.363718211650848389e-02,6.945060938596725464e-02,7.389513403177261353e-02,7.658717036247253418e-02,7.719164341688156128e-02,7.545326650142669678e-02,7.122310996055603027e-02,6.447800248861312866e-02,5.533097311854362488e-02,4.403173178434371948e-02,3.095679916441440582e-02,1.659000106155872345e-02,1.494766445830464363e-03,-1.371973194181919098e-02,-2.843587845563888550e-02,-4.206549376249313354e-02,-5.408533662557601929e-02,-6.406745314598083496e-02,-7.170214504003524780e-02,-7.681185007095336914e-02,-7.935506850481033325e-02,-7.942030578851699829e-02,-7.721082121133804321e-02,-7.302173227071762085e-02,-6.721157580614089966e-02,-6.017102301120758057e-02,-5.229140818119049072e-02,-4.393578693270683289e-02,-3.541498258709907532e-02,-2.697045356035232544e-02,-1.876529119908809662e-02,-1.088374480605125427e-02,-3.339001908898353577e-03,3.911887295544147491e-03,1.094766240566968918e-02,1.785930432379245758e-02,2.472576685249805450e-02,3.159153461456298828e-02,3.844832628965377808e-02,4.522290080785751343e-02,5.177228152751922607e-02,5.788707733154296875e-02,6.330271810293197632e-02,6.771778315305709839e-02,7.081773877143859863e-02,7.230216264724731445e-02,7.191277295351028442e-02,6.945990771055221558e-02,6.484483927488327026e-02,5.807583034038543701e-02,4.927638545632362366e-02,3.868465125560760498e-02,2.664390392601490021e-02,1.358469761908054352e-02,3.357975430861478137e-17
0.000000000000000000e+00,5.529117770493030548e-03,1.126937847584486008e-02,1.739857718348503113e-02,2.403103001415729523e-02,3.119358234107494354e-02,3.881014510989189148e-02,4.669637978076934814e-02,5.456522107124328613e-02,6.204302608966827393e-02,6.869506090879440308e-02,7.405833154916763306e-02,7.767895609140396118e-02,7.915095239877700806e-02,7.815300673246383667e-02,7.448015362024307251e-02,6.806743144989013672e-02,5.900340899825096130e-02,4.753231629729270935e-02,3.404434025287628174e-02,1.905478909611701965e-02,3.173629753291606903e-03,-1.293218135833740234e-02,-2.858067303895950317e-02,-4.311779141426086426e-02,-5.595793947577476501e-02,-6.661899387836456299e-02,-7.474911957979202271e-02,-8.014347404241561890e-02,-8.274967968463897705e-02,-8.266197144985198975e-02,-8.010481297969818115e-02,-7.540772855281829834e-02,-6.897360086441040039e-02,-6.124347075819969177e-02,-5.266085267066955566e-02,-4.363863542675971985e-02,-3.453134745359420776e-02,-2.561495639383792877e-02,-1.707570627331733704e-02,-9.008543565869331360e-03,-1.424897462129592896e-03,5.731332581490278244e-03,1.256148423999547958e-02,1.918593607842922211e-02,2.571677975356578827e-02,3.223219513893127441e-02,3.875513002276420593e-02,4.523853957653045654e-02,5.155866220593452454e-02,5.751720815896987915e-02,6.285230070352554321e-02,6.725734472274780273e-02,7.040605694055557251e-02,7.198153436183929443e-02,7.170650362968444824e-02,6.937209516763687134e-02,6.486236304044723511e-02,5.817218124866485596e-02,4.941678792238235474e-02,3.883183747529983521e-02,2.676385268568992615e-02,1.365160942077636719e-02,3.374992190422919022e-17
0.000000000000000000e+00,5.005189217627048492e-03,1.025616563856601715e-02,1.596299372613430023e-02,2.226766943931579590e-02,2.921824902296066284e-02,3.675195574760437012e-02,4.468899220228195190e-02,5.273780971765518188e-02,6.051161885261535645e-02,6.755486130714416504e-02,7.337753474712371826e-02,7.749444991350173950e-02,7.946622371673583984e-02,7.893835008144378662e-02,7.567512989044189453e-02,6.958538293838500977e-02,6.073770672082901001e-02,4.936381801962852478e-02,3.584961965680122375e-02,2.071446739137172699e-02,4.580306820571422577e-03,-1.186699233949184418e-02,-2.792100794613361359e-02,-4.289946332573890686e-02,-5.618675798177719116e-02,-6.727100163698196411e-02,-7.577285915613174438e-02,-8.146397024393081665e-02,-8.427390456199645996e-02,-8.428537845611572266e-02,-8.171842247247695923e-02,-7.690530270338058472e-02,-7.025845348834991455e-02,-6.223445385694503784e-02,-5.329715088009834290e-02,-4.388312622904777527e-02,-3.437232598662376404e-02,-2.506623975932598114e-02,-1.617509126663208008e-02,-7.814852520823478699e-03,-1.383208382321754470e-05,7.272233255207538605e-03,1.413841173052787781e-02,2.070455439388751984e-02,2.708779089152812958e-02,3.337639197707176208e-02,3.960769623517990112e-02,4.575233533978462219e-02,5.170642957091331482e-02,5.729254707694053650e-02,6.226950511336326599e-02,6.635010242462158203e-02,6.922519952058792114e-02,7.059190422296524048e-02,7.018326967954635620e-02,6.779664009809494019e-02,6.331796944141387939e-02,5.673976615071296692e-02,4.817081615328788757e-02,3.783668577671051025e-02,2.607067860662937164e-02,1.329593081027269363e-02,3.286891499485611193e-17
0.000000000000000000e+00,4.865533672273159027e-03,9.972482919692993164e-03,1.552762743085622787e-02,2.167172171175479889e-02,2.845432609319686890e-02,3.581727668642997742e-02,4.358844459056854248e-02,5.148658156394958496e-02,5.913696438074111938e-02,6.609673053026199341e-02,7.188787311315536499e-02,7.603508979082107544e-02,7.810541987419128418e-02,7.774627208709716797e-02,7.471859455108642578e-02,6.892228126525878906e-02,6.041169539093971252e-02,4.939977079629898071e-02,3.625030443072319031e-02,2.145886421203613281e-02,5.623817909508943558e-03,-1.059031765908002853e-02,-2.649434283375740051e-02,-4.141740873456001282e-02,-5.474829673767089844e-02,-6.597178429365158081e-02,-7.469742745161056519e-02,-8.067859709262847900e-02,-8.382073789834976196e-02,-8.417838811874389648e-02,-8.194160461425781250e-02,-7.741338014602661133e-02,-7.098013162612915039e-02,-6.307795643806457520e-02,-5.415776744484901428e-02,-4.465208575129508972e-02,-3.494637086987495422e-02,-2.535700798034667969e-02,-1.611760817468166351e-02,-7.374300155788660049e-03,8.099989499896764755e-04,8.443274535238742828e-03,1.558565441519021988e-02,2.232638560235500336e-02,2.875906042754650116e-02,3.495770320296287537e-02,4.095623642206192017e-02,4.673338308930397034e-02,5.220463499426841736e-02,5.722204968333244324e-02,6.158205121755599976e-02,6.504043936729431152e-02,6.733327358961105347e-02,6.820160150527954102e-02,6.741773337125778198e-02,6.481042504310607910e-02,6.028668209910392761e-02,5.384783819317817688e-02,4.559846594929695129e-02,3.574694320559501648e-02,2.459756471216678619e-02,1.253466121852397919e-02,3.097882053006224454e-17
0.000000000000000000e+00,5.104299169033765793e-03,1.040773652493953705e-02,1.607923395931720734e-02,2.223010733723640442e-02,2.889209985733032227e-02,3.600293397903442383e-02,4.340087249875068665e-02,5.082890018820762634e-02,5.794845148921012878e-02,6.436157226562500000e-02,6.963986158370971680e-02,7.335776090621948242e-02,7.512750476598739624e-02,7.463277876377105713e-02,7.165824621915817261e-02,6.611241400241851807e-02,5.804193019866943359e-02,4.763586819171905518e-02,3.521972522139549255e-02,2.123930491507053375e-02,6.235840730369091034e-03,-9.185901843011379242e-03,-2.439399249851703644e-02,-3.876744955778121948e-02,-5.173319205641746521e-02,-6.279908120632171631e-02,-7.158062607049942017e-02,-7.781950384378433228e-02,-8.139282464981079102e-02,-8.231256902217864990e-02,-8.071582019329071045e-02,-7.684686034917831421e-02,-7.103281468152999878e-02,-6.365531682968139648e-02,-5.512041598558425903e-02,-4.582950472831726074e-02,-3.615345433354377747e-02,-2.641200460493564606e-02,-1.685982197523117065e-02,-7.679961621761322021e-03,1.015143585391342640e-03,9.175818413496017456e-03,1.680163107812404633e-02,2.392393164336681366e-02,3.058649227023124695e-02,3.682634234428405762e-02,4.265693575143814087e-02,4.805531352758407593e-02,5.295473337173461914e-02,5.724340677261352539e-02,6.076959893107414246e-02,6.335254758596420288e-02,6.479815393686294556e-02,6.491788476705551147e-02,6.354909390211105347e-02,6.057460978627204895e-02,5.593977123498916626e-02,4.966508224606513977e-02,4.185316339135169983e-02,3.268920257687568665e-02,2.243466302752494812e-02,1.141466107219457626e-02,2.819620149304611050e-17
0.000000000000000000e+00,5.676302593201398849e-03,1.147603616118431091e-02,1.749974675476551056e-02,2.380436845123767853e-02,3.038664348423480988e-02,3.717229142785072327e-02,4.401207715272903442e-02,5.068527534604072571e-02,5.691042542457580566e-02,6.236266717314720154e-02,6.669626384973526001e-02,6.957060098648071289e-02,7.067748159170150757e-02,6.976760923862457275e-02,6.667386740446090698e-02,6.132967397570610046e-02,5.378061532974243164e-02,4.418849572539329529e-02,3.282725811004638672e-02,2.007099427282810211e-02,6.374947726726531982e-03,-7.749236654490232468e-03,-2.176208794116973877e-02,-3.512667864561080933e-02,-4.733856022357940674e-02,-5.795309692621231079e-02,-6.660835444927215576e-02,-7.304196804761886597e-02,-7.710096985101699829e-02,-7.874426245689392090e-02,-7.803767919540405273e-02,-7.514255493879318237e-02,-7.029885798692703247e-02,-6.380457431077957153e-02,-5.599306151270866394e-02,-4.721032455563545227e-02,-3.779392689466476440e-02,-2.805512771010398865e-02,-1.826543547213077545e-02,-8.648257702589035034e-03,6.240648217499256134e-04,9.428136982023715973e-03,1.768299750983715057e-02,2.534030936658382416e-02,3.237257897853851318e-02,3.876088187098503113e-02,4.448349401354789734e-02,4.950674623250961304e-02,5.377906560897827148e-02,5.722884833812713623e-02,5.976639688014984131e-02,6.128966435790061951e-02,6.169323623180389404e-02,6.087953969836235046e-02,5.877115577459335327e-02,5.532286316156387329e-02,5.053214728832244873e-02,4.444702714681625366e-02,3.717024624347686768e-02,2.885933406651020050e-02,1.972227357327938080e-02,1.000909972935914993e-02,2.470326592041844054e-17
0.000000000000000000e+00,6.501531694084405899e-03,1.302477717399597168e-02,1.957813650369644165e-02,2.614468708634376526e-02,3.267268463969230652e-02,3.906953707337379456e-02,4.519996792078018188e-02,5.088867619633674622e-02,5.592747032642364502e-02,6.008639931678771973e-02,6.312815845012664795e-02,6.482465565204620361e-02,6.497443467378616333e-02,6.341972947120666504e-02,6.006156280636787415e-02,5.487188696861267090e-02,4.790157452225685120e-02,3.928362950682640076e-02,2.923122234642505646e-02,1.803058572113513947e-02,6.029176060110330582e-03,-6.380158010870218277e-03,-1.877794973552227020e-02,-3.073859214782714844e-02,-4.185115918517112732e-02,-5.173922330141067505e-02,-6.007842719554901123e-02,-6.661068648099899292e-02,-7.115431129932403564e-02,-7.360950112342834473e-02,-7.395907491445541382e-02,-7.226471602916717529e-02,-6.865909695625305176e-02,-6.333483755588531494e-02,-5.653111264109611511e-02,-4.851901903748512268e-02,-3.958678245544433594e-02,-3.002578765153884888e-02,-2.011828310787677765e-02,-1.012741215527057648e-02,-2.899680403061211109e-04,9.187986142933368683e-03,1.813275367021560669e-02,2.640222199261188507e-02,3.388318419456481934e-02,4.048740118741989136e-02,4.614704474806785583e-02,5.081024020910263062e-02,5.443720147013664246e-02,5.699746310710906982e-02,5.846844986081123352e-02,5.883544310927391052e-02,5.809288844466209412e-02,5.624672770500183105e-02,5.331737920641899109e-02,4.934291541576385498e-02,4.438188672065734863e-02,3.851535916328430176e-02,3.184779360890388489e-02,2.450646460056304932e-02,1.663933321833610535e-02,8.411440998315811157e-03,2.073287838950271279e-17
0.000000000000000000e+00,7.472604978829622269e-03,1.484888605773448944e-02,2.203016169369220734e-02,2.891337312757968903e-02,3.538971021771430969e-02,4.134415090084075928e-02,4.665611684322357178e-02,5.120131745934486389e-02,5.485484749078750610e-02,5.749540776014328003e-02,5.901048332452774048e-02,5.930221825838088989e-02,5.829363688826560974e-02,5.593480542302131653e-02,5.220854282379150391e-02,4.713527113199234009e-02,4.077656939625740051e-02,3.323714807629585266e-02,2.466495335102081299e-02,1.524927653372287750e-02,5.216774996370077133e-03,-5.174492485821247101e-03,-1.564284600317478180e-02,-2.589228563010692596e-02,-3.562290593981742859e-02,-4.454199224710464478e-02,-5.237523838877677917e-02,-5.887756869196891785e-02,-6.384301930665969849e-02,-6.711322069168090820e-02,-6.858393549919128418e-02,-6.820952892303466797e-02,-6.600482761859893799e-02,-6.204460933804512024e-02,-5.646044760942459106e-02,-4.943526163697242737e-02,-4.119574278593063354e-02,-3.200307860970497131e-02,-2.214242704212665558e-02,-1.191165763884782791e-02,-1.609932282008230686e-03,8.473353460431098938e-03,1.806873269379138947e-02,2.693548239767551422e-02,3.486871346831321716e-02,4.170447215437889099e-02,4.732271283864974976e-02,5.164808779954910278e-02,5.464867874979972839e-02,5.633284524083137512e-02,5.674451589584350586e-02,5.595729127526283264e-02,5.406780540943145752e-02,5.118875578045845032e-02,4.744211584329605103e-02,4.295287281274795532e-02,3.784371912479400635e-02,3.223089873790740967e-02,2.622144669294357300e-02,1.991186849772930145e-02,1.338822674006223679e-02,6.727501284331083298e-03,1.654875896883185844e-17
0.000000000000000000e+00,8.464515209197998047e-03,1.670945622026920319e-02,2.452425286173820496e-02,3.171569854021072388e-02,3.811503201723098755e-02,4.358329996466636658e-02,4.801464080810546875e-02,5.133741721510887146e-02,5.351319164037704468e-02,5.453387647867202759e-02,5.441745370626449585e-02,5.320280417799949646e-02,5.094429105520248413e-02,4.770666733384132385e-02,4.356088489294052124e-02,3.858122974634170532e-02,3.284408524632453918e-02,2.642833441495895386e-02,1.941732503473758698e-02,1.190205849707126617e-02,3.985085990279912949e-03,-4.215472843497991562e-03,-1.256248913705348969e-02,-2.089761197566986084e-02,-2.904087863862514496e-02,-3.679259493947029114e-02,-4.393772780895233154e-02,-5.025281384587287903e-02,-5.551516637206077576e-02,-5.951386690139770508e-02,-6.206187233328819275e-02,-6.300833821296691895e-02,-6.225024536252021790e-02,-5.974228307604789734e-02,-5.550415441393852234e-02,-4.962449148297309875e-02,-4.226085916161537170e-02,-3.363559767603874207e-02,-2.402752637863159180e-02,-1.375992503017187119e-02,-3.185404464602470398e-03,7.331335917115211487e-03,1.743179373443126678e-02,2.678173966705799103e-02,3.508785367012023926e-02,4.211175441741943359e-02,4.768048226833343506e-02,5.169269070029258728e-02,5.412014946341514587e-02,5.500455945730209351e-02,5.444996058940887451e-02,5.261138081550598145e-02,4.968070611357688904e-02,4.587086662650108337e-02,4.139965400099754333e-02,3.647441044449806213e-02,3.127878531813621521e-02,2.596258930861949921e-02,2.063543163239955902e-02,1.536460407078266144e-02,1.017721090465784073e-02,5.066251847892999649e-03,1.242256204337441729e-17
0.000000000000000000e+00,9.345804341137409210e-03,1.835511066019535065e-02,2.671120129525661469e-02,3.413534164428710938e-02,4.040189832448959351e-02,4.534926638007164001e-02,4.888572916388511658e-02,5.098992958664894104e-02,5.170608311891555786e-02,5.113447457551956177e-02,4.941828548908233643e-02,4.672799259424209595e-02,4.324490576982498169e-02,3.914534300565719604e-02,3.458695858716964722e-02,2.969840727746486664e-02,2.457329817116260529e-02,1.926886662840843201e-02,1.380941644310951233e-02,8.194020017981529236e-03,2.407622523605823517e-03,-3.565705148503184319e-03,-9.728823788464069366e-03,-1.605844870209693909e-02,-2.249445021152496338e-02,-2.893280424177646637e-02,-3.522321209311485291e-02,-4.117189347743988037e-02,-4.654962942004203796e-02,-5.110461264848709106e-02,-5.457919836044311523e-02,-5.672922357916831970e-02,-5.734425410628318787e-02,-5.626707524061203003e-02,-5.341057851910591125e-02,-4.877050966024398804e-02,-4.243273288011550903e-02,-3.457420319318771362e-02,-2.545724622905254364e-02,-1.541735697537660599e-02,-4.845312796533107758e-03,5.835224408656358719e-03,1.619290933012962341e-02,2.581485733389854431e-02,3.433169797062873840e-02,4.143960773944854736e-02,4.691760241985321045e-02,5.063873901963233948e-02,5.257441848516464233e-02,5.279144644737243652e-02,5.144220963120460510e-02,4.874885082244873047e-02,4.498277232050895691e-02,4.044121876358985901e-02,3.542299941182136536e-02,3.020526096224784851e-02,2.502333559095859528e-02,2.005528844892978668e-02,1.541236415505409241e-02,1.113608106970787048e-02,7.202070672065019608e-03,3.530206158757209778e-03,8.609900484479688303e-18
0.000000000000000000e+00,9.990182705223560333e-03,1.954425126314163208e-02,2.825511991977691650e-02,3.577137365937232971e-02,4.181933403015136719e-02,4.621875658631324768e-02,4.889097064733505249e-02,4.985889419913291931e-02,4.923902079463005066e-02,4.722633957862854004e-02,4.407354444265365601e-02,4.006651416420936584e-02,3.549836948513984680e-02,3.064433299005031586e-02,2.573978714644908905e-02,2.096332982182502747e-02,1.642635650932788849e-02,1.216995250433683395e-02,8.169276639819145203e-03,4.344844259321689606e-03,5.795285105705261230e-04,-3.260466270148754120e-03,-7.302777376025915146e-03,-1.164649799466133118e-02,-1.634249836206436157e-02,-2.137849107384681702e-02,-2.667043358087539673e-02,-3.206128627061843872e-02,-3.732748702168464661e-02,-4.219273850321769714e-02,-4.634809121489524841e-02,-4.947659373283386230e-02,-5.128046870231628418e-02,-5.150834098458290100e-02,-4.998013004660606384e-02,-4.660727083683013916e-02,-4.140637069940567017e-02,-3.450489416718482971e-02,-2.613817341625690460e-02,-1.663777790963649750e-02,-6.412018090486526489e-03,4.079960752278566360e-03,1.435845065861940384e-02,2.395540662109851837e-02,3.244601190090179443e-02,3.947701305150985718e-02,4.478950053453445435e-02,4.823432490229606628e-02,4.977886006236076355e-02,4.950468614697456360e-02,4.759640619158744812e-02,4.432268068194389343e-02,4.001112654805183411e-02,3.501929342746734619e-02,2.970426529645919800e-02,2.439346909523010254e-02,1.935924775898456573e-02,1.479929219931364059e-02,1.082460023462772369e-02,7.455883082002401352e-03,4.628633614629507065e-03,2.206258010119199753e-03,5.327490649552889414e-18
0.000000000000000000e+00,1.028760150074958801e-02,2.006625384092330933e-02,2.886295132339000702e-02,3.627360239624977112e-02,4.199027642607688904e-02,4.582056775689125061e-02,4.769745469093322754e-02,4.767902940511703491e-02,4.593821242451667786e-02,4.274348542094230652e-02,3.843248635530471802e-02,3.338083624839782715e-02,2.796898595988750458e-02,2.255006134510040283e-02,1.742150261998176575e-02,1.280293427407741547e-02,8.822163566946983337e-03,5.510387476533651352e-03,2.806906588375568390e-03,5.727342795580625534e-04,-1.388298231177031994e-03,-3.303020261228084564e-03,-5.399557296186685562e-03,-7.877946831285953522e-03,-1.088356412947177887e-02,-1.448591798543930054e-02,-1.866489835083484650e-02,-2.330586872994899750e-02,-2.820419892668724060e-02,-3.307893499732017517e-02,-3.759454190731048584e-02,-4.138878360390663147e-02,-4.410436749458312988e-02,-4.542147368192672729e-02,-4.508830606937408447e-02,-4.294686391949653625e-02,-3.895153105258941650e-02,-3.317874297499656677e-02,-2.582673169672489166e-02,-1.720518246293067932e-02,-7.715569809079170227e-03,2.176261972635984421e-03,1.197305135428905487e-02,2.118184603750705719e-02,2.934952825307846069e-02,3.609515726566314697e-02,4.113642498850822449e-02,4.430802911520004272e-02,4.557045921683311462e-02,4.500852525234222412e-02,4.281989112496376038e-02,3.929461538791656494e-02,3.478766232728958130e-02,2.968676574528217316e-02,2.437854371964931488e-02,1.921583525836467743e-02,1.448910497128963470e-02,1.040440425276756287e-02,7.069752085953950882e-03,4.491050727665424347e-03,2.577774925157427788e-03,1.157813821919262409e-03,2.733528142407796366e-18
0.000000000000000000e+00,1.015382725745439529e-02,1.975981704890727997e-02,2.831006236374378204e-02,3.537321463227272034e-02,4.062477126717567444e-02,4.386856034398078918e-02,4.504770040512084961e-02,4.424422234296798706e-02,4.166755452752113342e-02,3.763292357325553894e-02,3.253172710537910461e-02,2.679646946489810944e-02,2.086339704692363739e-02,1.513606123626232147e-02,9.952990338206291199e-03,5.562204867601394653e-03,2.104692859575152397e-03,-3.918342699762433767e-04,-2.008540788665413857e-03,-2.920989412814378738e-03,-3.376059932634234428e-03,-3.662499366328120232e-03,-4.077890887856483459e-03,-4.895140416920185089e-03,-6.331603042781352997e-03,-8.523721247911453247e-03,-1.150953769683837891e-02,-1.522072032094001770e-02,-1.948488131165504456e-02,-2.403802983462810516e-02,-2.854608558118343353e-02,-3.263353928923606873e-02,-3.591672703623771667e-02,-3.803873062133789062e-02,-3.870278224349021912e-02,-3.770114108920097351e-02,-3.493684902787208557e-02,-3.043633699417114258e-02,-2.435171045362949371e-02,-1.695242524147033691e-02,-8.606991730630397797e-03,2.437660295981913805e-04,9.119610302150249481e-03,1.753716170787811279e-02,2.504641748964786530e-02,3.126441687345504761e-02,3.590318188071250916e-02,3.878953680396080017e-02,3.987527638673782349e-02,3.923675790429115295e-02,3.706419095396995544e-02,3.364160284399986267e-02,2.931937016546726227e-02,2.448181807994842529e-02,1.951284520328044891e-02,1.476258970797061920e-02,1.051816530525684357e-02,6.980989594012498856e-03,4.252697806805372238e-03,2.330790739506483078e-03,1.114319544285535812e-03,4.189598257653415203e-04,9.131213694748370382e-19
0.000000000000000000e+00,9.537720121443271637e-03,1.852691546082496643e-02,2.645972371101379395e-02,3.290624916553497314e-02,3.754545003175735474e-02,4.018709063529968262e-02,4.078301787376403809e-02,3.942687064409255981e-02,3.634246811270713806e-02,3.186189383268356323e-02,2.639527060091495514e-02,2.039492502808570862e-02,1.431704126298427582e-02,8.584080263972282410e-03,3.551218425855040550e-03,-5.204267799854278564e-04,-3.481554100289940834e-03,-5.302052944898605347e-03,-6.067526992410421371e-03,-5.965464748442173004e-03,-5.262462887912988663e-03,-4.274677950888872147e-03,-3.334265435114502907e-03,-2.754895482212305069e-03,-2.799480920657515526e-03,-3.653044812381267548e-03,-5.403153598308563232e-03,-8.029666729271411896e-03,-1.140469312667846680e-02,-1.530273072421550751e-02,-1.942005380988121033e-02,-2.340158447623252869e-02,-2.687280811369419098e-02,-2.947387471795082092e-02,-3.089282102882862091e-02,-3.089491277933120728e-02,-2.934551984071731567e-02,-2.622444741427898407e-02,-2.163045480847358704e-02,-1.577555015683174133e-02,-8.969568647444248199e-03,-1.596370595507323742e-03,5.916231311857700348e-03,1.313019078224897385e-02,1.963164098560810089e-02,2.506301365792751312e-02,2.915009856224060059e-02,3.172172605991363525e-02,3.272045403718948364e-02,3.220342844724655151e-02,3.033343888819217682e-02,2.736116759479045868e-02,2.360024861991405487e-02,1.939752139151096344e-02,1.510119996964931488e-02,1.102986186742782593e-02,7.445042487233877182e-03,4.529902711510658264e-03,2.375827170908451080e-03,9.780942928045988083e-04,2.409087028354406357e-04,-8.773155059316195548e-06,-1.297907644159817630e-19
0.000000000000000000e+00,8.425608277320861816e-03,1.634122431278228760e-02,2.327493205666542053e-02,2.882786281406879425e-02,3.270319849252700806e-02,3.472686931490898132e-02,3.485833480954170227e-02,3.319057449698448181e-02,2.993948757648468018e-02,2.542362548410892487e-02,2.003606967628002167e-02,1.421093102544546127e-02,8.387294597923755646e-03,2.973700407892465591e-03,-1.683879410848021507e-03,-5.327920429408550262e-03,-7.806999143213033676e-03,-9.083868004381656647e-03,-9.233441203832626343e-03,-8.431055583059787750e-03,-6.932214833796024323e-03,-5.045736208558082581e-03,-3.102782182395458221e-03,-1.424571615643799305e-03,-2.916553930845111609e-04,8.253720443462952971e-05,-4.284139140509068966e-04,-1.852290588431060314e-03,-4.115805495530366898e-03,-7.051486056298017502e-03,-1.041316241025924683e-02,-1.389858871698379517e-02,-1.717712543904781342e-02,-1.991993747651576996e-02,-2.183003164827823639e-02,-2.266942150890827179e-02,-2.228104323148727417e-02,-2.060349099338054657e-02,-1.767734810709953308e-02,-1.364257279783487320e-02,-8.727284148335456848e-03,-3.228970570489764214e-03,2.510128542780876160e-03,8.131252601742744446e-03,1.328843552619218826e-02,1.767631992697715759e-02,2.105402201414108276e-02,2.326302230358123779e-02,2.423756383359432220e-02,2.400677651166915894e-02,2.268847078084945679e-02,2.047530375421047211e-02,1.761470735073089600e-02,1.438450906425714493e-02,1.106655318289995193e-02,7.920769974589347839e-03,5.162097513675689697e-03,2.942334627732634544e-03,1.338566653430461884e-03,3.491403185762465000e-04,-1.025195088004693389e-04,-1.567082508699968457e-04,-4.732070224808005017e-19
0.000000000000000000e+00,6.842434406280517578e-03,1.325034350156784058e-02,1.882162131369113922e-02,2.321639657020568848e-02,2.618184313178062439e-02,2.757002972066402435e-02,2.734740078449249268e-02,2.559519745409488678e-02,2.250085771083831787e-02,1.834121719002723694e-02,1.345892809331417084e-02,8.234144188463687897e-03,3.053827676922082901e-03,-1.718773390166461468e-03,-5.771978758275508881e-03,-8.868611417710781097e-03,-1.086221914738416672e-02,-1.170537713915109634e-02,-1.144953165203332901e-02,-1.023659296333789825e-02,-8.283152244985103607e-03,-5.858834367245435715e-03,-3.260744968429207802e-03,-7.862811326049268246e-04,1.293321722187101841e-03,2.756455447524785995e-03,3.449653042480349541e-03,3.299653530120849609e-03,2.318110549822449684e-03,5.986870382912456989e-04,-1.693050493486225605e-03,-4.335906356573104858e-03,-7.073945831507444382e-03,-9.640073403716087341e-03,-1.178016792982816696e-02,-1.327564474195241928e-02,-1.396247744560241699e-02,-1.374506950378417969e-02,-1.260385476052761078e-02,-1.059607975184917450e-02,-7.849828340113162994e-03,-4.551962949335575104e-03,-9.311810717917978764e-04,2.762207295745611191e-03,6.277903448790311813e-03,9.386680088937282562e-03,1.189900841563940048e-02,1.367963198572397232e-02,1.465687621384859085e-02,1.482596900314092636e-02,1.424624118953943253e-02,1.303260400891304016e-02,1.134224515408277512e-02,9.357914328575134277e-03,7.269433699548244476e-03,5.255238153040409088e-03,3.465701593086123466e-03,2.009807154536247253e-03,9.463836904615163803e-04,2.806774864438921213e-04,-3.349564212840050459e-05,-8.630913362139835954e-05,-2.703190311165436669e-19
0.000000000000000000e+00,4.849605262279510498e-03,9.371742606163024902e-03,1.326312590390443802e-02,1.626695506274700165e-02,1.819158345460891724e-02,1.892414316534996033e-02,1.843806728720664978e-02,1.679397001862525940e-02,1.413388922810554504e-02,1.066939160227775574e-02,6.664549931883811951e-03,2.415186958387494087e-03,-1.773933181539177895e-03,-5.612144246697425842e-03,-8.844335563480854034e-03,-1.126917451620101929e-02,-1.275271270424127579e-02,-1.323640905320644379e-02,-1.273906603455543518e-02,-1.135265734046697617e-02,-9.232554584741592407e-03,-6.583065260201692581e-03,-3.639589296653866768e-03,-6.489107036031782627e-04,2.150719519704580307e-03,4.548092372715473175e-03,6.374686956405639648e-03,7.516264449805021286e-03,7.919612340629100800e-03,7.594043854624032974e-03,6.607722956687211990e-03,5.079317837953567505e-03,3.165844595059752464e-03,1.047876547090709209e-03,-1.086541335098445415e-03,-3.057857975363731384e-03,-4.709513392299413681e-03,-5.919797811657190323e-03,-6.610169541090726852e-03,-6.749469786882400513e-03,-6.353862583637237549e-03,-5.482696462422609329e-03,-4.230844788253307343e-03,-2.718375762924551964e-03,-1.078594475984573364e-03,5.543826264329254627e-04,2.057373756542801857e-03,3.328162711113691330e-03,4.292973782867193222e-03,4.910829942673444748e-03,5.174542311578989029e-03,5.108418874442577362e-03,4.763074684888124466e-03,4.208009224385023117e-03,3.522795159369707108e-03,2.787834266200661659e-03,2.075648866593837738e-03,1.443583867512643337e-03,9.286326239816844463e-04,5.448567098937928677e-04,2.835941559169441462e-04,1.163517736131325364e-04,2.642611222017232842e-19
0.000000000000000000e+00,2.539785578846931458e-03,4.882833454757928848e-03,6.846490316092967987e-03,8.275256492197513580e-03,9.051904082298278809e-03,9.105850942432880402e-03,8.418194949626922607e-03,7.023061159998178482e-03,5.005196202546358109e-03,2.493993612006306648e-03,-3.455895348452031612e-04,-3.324553603306412697e-03,-6.242969073355197906e-03,-8.903739042580127716e-03,-1.112602371722459793e-02,-1.275739725679159164e-02,-1.368388440459966660e-02,-1.383723132312297821e-02,-1.319893542677164078e-02,-1.180082932114601135e-02,-9.722259826958179474e-03,-7.084121927618980408e-03,-4.040264524519443512e-03,-7.669188780710101128e-04,2.549060387536883354e-03,5.722291301935911179e-03,8.580467663705348969e-03,1.097468659281730652e-02,1.278785709291696548e-02,1.394068915396928787e-02,1.439497712999582291e-02,1.415406353771686554e-02,1.326061878353357315e-02,1.179200503975152969e-02,9.853676892817020416e-03,7.571181748062372208e-03,5.081378389149904251e-03,2.523511415347456932e-03,3.074663618463091552e-05,-2.277295570820569992e-03,-4.300592001527547836e-03,-5.963055882602930069e-03,-7.215023040771484375e-03,-8.033869788050651550e-03,-8.422896265983581543e-03,-8.408706635236740112e-03,-8.037400431931018829e-03,-7.369955070316791534e-03,-6.477171555161476135e-03,-5.434556864202022552e-03,-4.317486193031072617e-03,-3.196900244802236557e-03,-2.135742921382188797e-03,-1.186257228255271912e-03,-3.881793527398258448e-04,2.321928477613255382e-04,6.621318752877414227e-04,9.019289864227175713e-04,9.637887706048786640e-04,8.703042985871434212e-04,6.526352954097092152e-04,3.484916815068572760e-04,8.741769824528045113e-19
0.000000000000000000e+00,2.912520722020417452e-05,6.142345227999612689e-06,-1.180712570203468204e-04,-3.867339983116835356e-04,-8.343823719769716263e-04,-1.484324457123875618e-03,-2.346431603655219078e-03,-3.415395040065050125e-03,-4.669585265219211578e-03,-6.070654373615980148e-03,-7.564011495560407639e-03,-9.080274030566215515e-03,-1.053775567561388016e-02,-1.184597890824079514e-02,-1.291014999151229858e-02,-1.363642700016498566e-02,-1.393774524331092834e-02,-1.373988948762416840e-02,-1.298743020743131638e-02,-1.164910942316055298e-02,-9.722259826958179474e-03,-7.235841825604438782e-03,-4.251769743859767914e-03,-8.642607717774808407e-04,2.802920760586857796e-03,6.601321045309305191e-03,1.036459393799304962e-02,1.391692645847797394e-02,1.708264276385307312e-02,1.969641074538230896e-02,2.161339856684207916e-02,2.271871082484722137e-02,2.293539978563785553e-02,2.223046123981475830e-02,2.061830274760723114e-02,1.816135644912719727e-02,1.496766507625579834e-02,1.118550170212984085e-02,6.995308212935924530e-03,2.599395578727126122e-03,-1.789931440725922585e-03,-5.963055882602930069e-03,-9.725683368742465973e-03,-1.291056163609027863e-02,-1.538745779544115067e-02,-1.707069575786590576e-02,-1.792368665337562561e-02,-1.796013116836547852e-02,-1.724179834127426147e-02,-1.587301306426525116e-02,-1.399226766079664230e-02,-1.176154799759387970e-02,-9.354164823889732361e-03,-6.941977888345718384e-03,-4.682966042309999466e-03,-2.710047410801053047e-03,-1.121994340792298317e-03,2.289939038746524602e-05,7.099283393472433090e-04,9.676461922936141491e-04,8.641401072964072227e-04,5.002114339731633663e-04,1.285235909259752946e-18
0.000000000000000000e+00,-2.552371472120285034e-03,-5.009094718843698502e-03,-7.282692939043045044e-03,-9.301161393523216248e-03,-1.101361401379108429e-02,-1.239366456866264343e-02,-1.344017218798398972e-02,-1.417523901909589767e-02,-1.463966444134712219e-02,-1.488631404936313629e-02,-1.497209537774324417e-02,-1.494941022247076035e-02,-1.485802605748176575e-02,-1.471827924251556396e-02,-1.452645193785429001e-02,-1.425293553620576859e-02,-1.384353823959827423e-02,-1.322399917989969254e-02,-1.230742409825325012e-02,-1.100405864417552948e-02,-9.232554584741592407e-03,-6.931664422154426575e-03,-4.071231931447982788e-03,-6.613205769099295139e-04,3.241545287892222404e-03,7.531853392720222473e-03,1.205680333077907562e-02,1.662239991128444672e-02,2.100370638072490692e-02,2.495864219963550568e-02,2.824436873197555542e-02,3.063502348959445953e-02,3.193939849734306335e-02,3.201708570122718811e-02,3.079169802367687225e-02,2.825994975864887238e-02,2.449568361043930054e-02,1.964831724762916565e-02,1.393564976751804352e-02,7.631367072463035583e-03,1.048114034347236156e-03,-5.482696462422609329e-03,-1.163282152265310287e-02,-1.709921285510063171e-02,-2.162441425025463104e-02,-2.501373365521430969e-02,-2.714782208204269409e-02,-2.798964641988277435e-02,-2.758526615798473358e-02,-2.605837956070899963e-02,-2.359901182353496552e-02,-2.044728770852088928e-02,-1.687357015907764435e-02,-1.315658818930387497e-02,-9.561298415064811707e-03,-6.318300962448120117e-03,-3.606467507779598236e-03,-1.540176919661462307e-03,-1.621933188289403915e-04,5.572666414082050323e-04,7.152367033995687962e-04,4.649510083254426718e-04,1.231470720407454684e-18
0.000000000000000000e+00,-5.071472376585006714e-03,-9.907245635986328125e-03,-1.429007481783628464e-02,-1.803791336715221405e-02,-2.101736515760421753e-02,-2.315262891352176666e-02,-2.442909218370914459e-02,-2.489126846194267273e-02,-2.463532984256744385e-02,-2.379692345857620239e-02,-2.253554388880729675e-02,-2.101692743599414825e-02,-1.939524710178375244e-02,-1.779684424400329590e-02,-1.630714535713195801e-02,-1.496209390461444855e-02,-1.374499313533306122e-02,-1.258920878171920776e-02,-1.138651184737682343e-02,-1.000040024518966675e-02,-8.283152244985103607e-03,-6.095026619732379913e-03,-3.323765005916357040e-03,9.755024075275287032e-05,4.176096059381961823e-03,8.849938400089740753e-03,1.398481987416744232e-02,1.937772333621978760e-02,2.476718463003635406e-02,2.984975837171077728e-02,3.430142253637313843e-02,3.780223429203033447e-02,4.006224125623703003e-02,4.084639251232147217e-02,3.999632596969604492e-02,3.744701296091079712e-02,3.323673084378242493e-02,2.750924043357372284e-02,2.050784230232238770e-02,1.256150938570499420e-02,4.064078908413648605e-03,-4.551962949335575104e-03,-1.284508779644966125e-02,-2.039538137614727020e-02,-2.683379314839839935e-02,-3.186763077974319458e-02,-3.530019894242286682e-02,-3.704302757978439331e-02,-3.711961582303047180e-02,-3.566049784421920776e-02,-3.288994729518890381e-02,-2.910553663969039917e-02,-2.465222589671611786e-02,-1.989315636456012726e-02,-1.517964061349630356e-02,-1.082283165305852890e-02,-7.069465704262256622e-03,-4.083675332367420197e-03,-1.936390763148665428e-03,-6.031538941897451878e-04,2.952441536763217300e-05,1.498830970376729965e-04,4.810523136029831236e-19
0.000000000000000000e+00,-7.402405142784118652e-03,-1.444672793149948120e-02,-2.080191858112812042e-02,-2.618857473134994507e-02,-3.039898723363876343e-02,-3.331081569194793701e-02,-3.489324450492858887e-02,-3.520509228110313416e-02,-3.438516333699226379e-02,-3.263574838638305664e-02,-3.020091541111469269e-02,-2.734161354601383209e-02,-2.430994994938373566e-02,-2.132510021328926086e-02,-1.855311170220375061e-02,-1.609251275658607483e-02,-1.396713498979806900e-02,-1.212680339813232422e-02,-1.045590825378894806e-02,-8.789036422967910767e-03,-6.932214833796024323e-03,-4.687755834311246872e-03,-1.880315365269780159e-03,1.618363312445580959e-03,5.868480075150728226e-03,1.084712985903024673e-02,1.644081808626651764e-02,2.244651131331920624e-02,2.858144044876098633e-02,3.450106084346771240e-02,3.982382267713546753e-02,4.416078329086303711e-02,4.714752733707427979e-02,4.847573116421699524e-02,4.792154952883720398e-02,4.536826536059379578e-02,4.082113876938819885e-02,3.441294655203819275e-02,2.639950253069400787e-02,1.714537851512432098e-02,7.100728806108236313e-03,-3.228970570489764214e-03,-1.331788487732410431e-02,-2.265669964253902435e-02,-3.078841418027877808e-02,-3.734011575579643250e-02,-4.204815998673439026e-02,-4.477466270327568054e-02,-4.551401361823081970e-02,-4.438889026641845703e-02,-4.163618013262748718e-02,-3.758406639099121094e-02,-3.262227773666381836e-02,-2.716803550720214844e-02,-2.163069136440753937e-02,-1.637803018093109131e-02,-1.170713454484939575e-02,-7.822258397936820984e-03,-4.821568727493286133e-03,-2.693794667720794678e-03,-1.324986340478062630e-03,-5.146886687725782394e-04,-1.140271576331645724e-18
0.000000000000000000e+00,-9.436678141355514526e-03,-1.841882243752479553e-02,-2.652511000633239746e-02,-3.339776769280433655e-02,-3.876743838191032410e-02,-4.247042909264564514e-02,-4.445695504546165466e-02,-4.478966444730758667e-02,-4.363281652331352234e-02,-4.123303294181823730e-02,-3.789360821247100830e-02,-3.394466638565063477e-02,-2.971200272440910339e-02,-2.548743411898612976e-02,-2.150342613458633423e-02,-1.791428215801715851e-02,-1.478559896349906921e-02,-1.209296472370624542e-02,-9.729925543069839478e-03,-7.524475920945405960e-03,-5.262462887912988663e-03,-2.715666545554995537e-03,3.281327954027801752e-04,4.036015830934047699e-03,8.504563942551612854e-03,1.374081056565046310e-02,1.965149119496345520e-02,2.604184672236442566e-02,3.262434899806976318e-02,3.903686255216598511e-02,4.486882314085960388e-02,4.969334229826927185e-02,5.310247838497161865e-02,5.474266037344932556e-02,5.434715002775192261e-02,5.176261067390441895e-02,4.696736484766006470e-02,4.007956758141517639e-02,3.135437890887260437e-02,2.117018774151802063e-02,1.000482961535453796e-02,-1.596370595507323742e-03,-1.305816601961851120e-02,-2.381554618477821350e-02,-3.335319086909294128e-02,-4.124100133776664734e-02,-4.716278985142707825e-02,-5.093579739332199097e-02,-5.251951515674591064e-02,-5.201310664415359497e-02,-4.964184761047363281e-02,-4.573376104235649109e-02,-4.068863019347190857e-02,-3.494207188487052917e-02,-2.892784215509891510e-02,-2.304165251553058624e-02,-1.760960370302200317e-02,-1.286395266652107239e-02,-8.928217925131320953e-03,-5.812816787511110306e-03,-3.421489614993333817e-03,-1.567784580402076244e-03,-3.730353365632946242e-18
0.000000000000000000e+00,-1.109120342880487442e-02,-2.166322991251945496e-02,-3.123344853520393372e-02,-3.938923403620719910e-02,-4.581556096673011780e-02,-5.031441897153854370e-02,-5.281450226902961731e-02,-5.337047949433326721e-02,-5.215200036764144897e-02,-4.942363873124122620e-02,-4.551757872104644775e-02,-4.080165177583694458e-02,-3.564558178186416626e-02,-3.038855269551277161e-02,-2.531095780432224274e-02,-2.061286941170692444e-02,-1.640110462903976440e-02,-1.268594898283481598e-02,-9.387765079736709595e-03,-6.352713331580162048e-03,-3.376059932634234428e-03,-2.307753456989303231e-04,3.301333403214812279e-03,7.398974616080522537e-03,1.217419374734163284e-02,1.765135303139686584e-02,2.375441044569015503e-02,3.030389361083507538e-02,3.702409565448760986e-02,4.356009140610694885e-02,4.950322210788726807e-02,5.442302301526069641e-02,5.790283158421516418e-02,5.957597494125366211e-02,5.915942043066024780e-02,5.648183822631835938e-02,5.150348320603370667e-02,4.432611167430877686e-02,3.519180044531822205e-02,2.447061985731124878e-02,1.263803895562887192e-02,2.437660295981913805e-04,-1.212541945278644562e-02,-2.388588525354862213e-02,-3.449709340929985046e-02,-4.349802806973457336e-02,-5.053715035319328308e-02,-5.539344251155853271e-02,-5.798692628741264343e-02,-5.837794765830039978e-02,-5.675536394119262695e-02,-5.341495946049690247e-02,-4.872993752360343933e-02,-4.311630129814147949e-02,-3.699613362550735474e-02,-3.076202236115932465e-02,-2.474578283727169037e-02,-1.919408515095710754e-02,-1.425309944897890091e-02,-9.963324293494224548e-03,-6.264904513955116272e-03,-3.012764267623424530e-03,-7.298198828123724668e-18
0.000000000000000000e+00,-1.231404207646846771e-02,-2.407912164926528931e-02,-3.478309884667396545e-02,-4.398448392748832703e-02,-5.134047567844390869e-02,-5.662700906395912170e-02,-5.974924936890602112e-02,-6.074175238609313965e-02,-5.975855141878128052e-02,-5.705409869551658630e-02,-5.295696482062339783e-02,-4.783863574266433716e-02,-4.208026453852653503e-02,-3.604033961892127991e-02,-3.002610430121421814e-02,-2.427116408944129944e-02,-1.892123930156230927e-02,-1.402911171317100525e-02,-9.559106081724166870e-03,-5.400473251938819885e-03,-1.388298231177031994e-03,2.670187037438154221e-03,6.966454908251762390e-03,1.166155282407999039e-02,1.685983873903751373e-02,2.258818224072456360e-02,2.878270857036113739e-02,3.528453409671783447e-02,4.184504970908164978e-02,4.814053699374198914e-02,5.379491299390792847e-02,5.840879678726196289e-02,6.159239634871482849e-02,6.299931555986404419e-02,6.235839799046516418e-02,5.950071290135383606e-02,5.437922105193138123e-02,4.707933962345123291e-02,3.781931847333908081e-02,2.694019116461277008e-02,1.488607376813888550e-02,2.176261972635984421e-03,-1.062859222292900085e-02,-2.296352759003639221e-02,-3.429652377963066101e-02,-4.416292533278465271e-02,-5.219432339072227478e-02,-5.813954770565032959e-02,-6.187624484300613403e-02,-6.341225653886795044e-02,-6.287687271833419800e-02,-6.050296872854232788e-02,-5.660179257392883301e-02,-5.153270810842514038e-02,-4.567070677876472473e-02,-3.937456756830215454e-02,-3.295850008726119995e-02,-2.666969597339630127e-02,-2.067365124821662903e-02,-1.504844892770051956e-02,-9.788237512111663818e-03,-4.815393593162298203e-03,-1.175912679615993676e-17
0.000000000000000000e+00,-1.308732386678457260e-02,-2.563076466321945190e-02,-3.712057694792747498e-02,-4.711258411407470703e-02,-5.525450035929679871e-02,-6.130506098270416260e-02,-6.514460593461990356e-02,-6.677637249231338501e-02,-6.631866097450256348e-02,-6.398866325616836548e-02,-6.007955595850944519e-02,-5.493293702602386475e-02,-4.890903457999229431e-02,-4.235733300447463989e-02,-3.559010848402976990e-02,-2.886110730469226837e-02,-2.235104888677597046e-02,-1.616109348833560944e-02,-1.031457353383302689e-02,-4.766606725752353668e-03,5.795285105705261230e-04,5.850984714925289154e-03,1.118107326328754425e-02,1.668454892933368683e-02,2.243490703403949738e-02,2.844594605267047882e-02,3.465946391224861145e-02,4.094037786126136780e-02,4.707991331815719604e-02,5.280671268701553345e-02,5.780500918626785278e-02,6.173840910196304321e-02,6.427721679210662842e-02,6.512692570686340332e-02,6.405545026063919067e-02,6.091654673218727112e-02,5.566746369004249573e-02,4.837906360626220703e-02,3.923752158880233765e-02,2.853723801672458649e-02,1.666548848152160645e-02,4.079960752278566360e-03,-8.719055913388729095e-03,-2.121960930526256561e-02,-3.292968124151229858e-02,-4.340694472193717957e-02,-5.228433012962341309e-02,-5.928949266672134399e-02,-6.425672024488449097e-02,-6.713058054447174072e-02,-6.796127557754516602e-02,-6.689232587814331055e-02,-6.414197385311126709e-02,-5.998015776276588440e-02,-5.470313876867294312e-02,-4.860819503664970398e-02,-4.197064787149429321e-02,-3.502514585852622986e-02,-2.795280516147613525e-02,-2.087516337633132935e-02,-1.385521702468395233e-02,-6.905192974954843521e-03,-1.693810130263199282e-17
0.000000000000000000e+00,-1.342713832855224609e-02,-2.634739875793457031e-02,-3.828269615769386292e-02,-4.881039634346961975e-02,-5.758588761091232300e-02,-6.435945630073547363e-02,-6.898627430200576782e-02,-7.142900675535202026e-02,-7.175286859273910522e-02,-7.011399418115615845e-02,-6.674198806285858154e-02,-6.191848218441009521e-02,-5.595342069864273071e-02,-4.916117340326309204e-02,-4.183842241764068604e-02,-3.424555808305740356e-02,-2.659307792782783508e-02,-1.903386786580085754e-02,-1.166175026446580887e-02,-4.516192711889743805e-03,2.407622523605823517e-03,9.144507348537445068e-03,1.574234291911125183e-02,2.224428392946720123e-02,2.867192588746547699e-02,3.501116111874580383e-02,4.120216891169548035e-02,4.713462293148040771e-02,5.264869332313537598e-02,5.754186213016510010e-02,6.158107519149780273e-02,6.451924890279769897e-02,6.611470133066177368e-02,6.615185737609863281e-02,6.446142494678497314e-02,6.093821302056312561e-02,5.555505305528640747e-02,4.837153479456901550e-02,3.953665494918823242e-02,2.928515151143074036e-02,1.792762987315654755e-02,5.835224408656358719e-03,-6.580033805221319199e-03,-1.888765208423137665e-02,-3.066220134496688843e-02,-4.150613024830818176e-02,-5.107018351554870605e-02,-5.906997993588447571e-02,-6.529758125543594360e-02,-6.962748616933822632e-02,-7.201674580574035645e-02,-7.249961793422698975e-02,-7.117750495672225952e-02,-6.820525228977203369e-02,-6.377532333135604858e-02,-5.810125917196273804e-02,-5.140204355120658875e-02,-4.388867691159248352e-02,-3.575401380658149719e-02,-2.716665156185626984e-02,-1.826909556984901428e-02,-9.180006571114063263e-03,-2.258109766296669571e-17
0.000000000000000000e+00,-1.338048093020915985e-02,-2.631744369864463806e-02,-3.838873282074928284e-02,-4.921351745724678040e-02,-5.846955999732017517e-02,-6.590669602155685425e-02,-7.135573029518127441e-02,-7.473228871822357178e-02,-7.603556662797927856e-02,-7.534226775169372559e-02,-7.279631495475769043e-02,-6.859537959098815918e-02,-6.297530978918075562e-02,-5.619366839528083801e-02,-4.851372539997100830e-02,-4.019005596637725830e-02,-3.145669400691986084e-02,-2.251859568059444427e-02,-1.354684308171272278e-02,-4.677650984376668930e-03,3.985085990279912949e-03,1.236423663794994354e-02,2.040168084204196930e-02,2.804931811988353729e-02,3.525990247726440430e-02,4.197869077324867249e-02,4.813687875866889954e-02,5.364752188324928284e-02,5.840443819761276245e-02,6.228432059288024902e-02,6.515189260244369507e-02,6.686780601739883423e-02,6.729851663112640381e-02,6.632742285728454590e-02,6.386621296405792236e-02,5.986550450325012207e-02,5.432373657822608948e-02,4.729361832141876221e-02,3.888545930385589600e-02,2.926697395741939545e-02,1.865959167480468750e-02,7.331335917115211487e-03,-4.413202870637178421e-03,-1.624515838921070099e-02,-2.782513201236724854e-02,-3.881746158003807068e-02,-4.890410974621772766e-02,-5.779730528593063354e-02,-6.525021791458129883e-02,-7.106514275074005127e-02,-7.509879767894744873e-02,-7.726476341485977173e-02,-7.753305882215499878e-02,-7.592732459306716919e-02,-7.251995056867599487e-02,-6.742592900991439819e-02,-6.079582124948501587e-02,-5.280869826674461365e-02,-4.366534948348999023e-02,-3.358232602477073669e-02,-2.278695814311504364e-02,-1.151345763355493546e-02,-2.837366151294078685e-17
0.000000000000000000e+00,-1.301958318799734116e-02,-2.567772753536701202e-02,-3.762558102607727051e-02,-4.853888601064682007e-02,-5.812891200184822083e-02,-6.615178287029266357e-02,-7.241584360599517822e-02,-7.678680121898651123e-02,-7.919038832187652588e-02,-7.961259782314300537e-02,-7.809752225875854492e-02,-7.474301755428314209e-02,-6.969448179006576538e-02,-6.313715875148773193e-02,-5.528739094734191895e-02,-4.638335108757019043e-02,-3.667568787932395935e-02,-2.641859464347362518e-02,-1.586166024208068848e-02,-5.242911167442798615e-03,5.216774996370077133e-03,1.531769521534442902e-02,2.488376758992671967e-02,3.376345708966255188e-02,4.182935506105422974e-02,4.897662997245788574e-02,5.512069165706634521e-02,6.019439175724983215e-02,6.414509564638137817e-02,6.693201512098312378e-02,6.852406263351440430e-02,6.889847666025161743e-02,6.804040819406509399e-02,6.594350934028625488e-02,6.261151283979415894e-02,5.806067213416099548e-02,5.232287943363189697e-02,4.544917866587638855e-02,3.751331567764282227e-02,2.861495688557624817e-02,1.888225600123405457e-02,8.473353460431098938e-03,-2.423454541712999344e-03,-1.359113119542598724e-02,-2.478702925145626068e-02,-3.574778884649276733e-02,-4.619590938091278076e-02,-5.584784597158432007e-02,-6.442327797412872314e-02,-7.165527343750000000e-02,-7.730071991682052612e-02,-8.115071058273315430e-02,-8.304020017385482788e-02,-8.285647630691528320e-02,-8.054600656032562256e-02,-7.611908763647079468e-02,-6.965221464633941650e-02,-6.128772348165512085e-02,-5.123081058263778687e-02,-3.974387422204017639e-02,-2.713838778436183929e-02,-1.376468595117330551e-02,-3.396515099089303781e-17
0.000000000000000000e+00,-1.243418641388416290e-02,-2.459877915680408478e-02,-3.622747585177421570e-02,-4.706086218357086182e-02,-5.685053765773773193e-02,-6.536398828029632568e-02,-7.239019870758056641e-02,-7.774585485458374023e-02,-8.128203451633453369e-02,-8.289081603288650513e-02,-8.251143246889114380e-02,-8.013542741537094116e-02,-7.581019401550292969e-02,-6.964046508073806763e-02,-6.178735196590423584e-02,-5.246464163064956665e-02,-4.193240776658058167e-02,-3.048803843557834625e-02,-1.845506392419338226e-02,-6.170419510453939438e-03,6.029176060110330582e-03,1.782084628939628601e-02,2.890833653509616852e-02,3.903307765722274780e-02,4.798282682895660400e-02,5.559730157256126404e-02,6.177048757672309875e-02,6.644951552152633667e-02,6.963032484054565430e-02,7.135058194398880005e-02,7.168051600456237793e-02,7.071249932050704956e-02,6.855040788650512695e-02,6.529969722032546997e-02,6.105905398726463318e-02,5.591451004147529602e-02,4.993643984198570251e-02,4.317976161837577820e-02,3.568733111023902893e-02,2.749614417552947998e-02,1.864575035870075226e-02,9.187986142933368683e-03,-8.029640885069966316e-04,-1.122133526951074600e-02,-2.192242816090583801e-02,-3.271814808249473572e-02,-4.337617382407188416e-02,-5.362328886985778809e-02,-6.315296143293380737e-02,-7.163707166910171509e-02,-7.874105870723724365e-02,-8.414177596569061279e-02,-8.754670619964599609e-02,-8.871335536241531372e-02,-8.746725320816040039e-02,-8.371727913618087769e-02,-7.746702432632446289e-02,-6.882116943597793579e-02,-5.798618867993354797e-02,-4.526520520448684692e-02,-3.104695305228233337e-02,-1.578956469893455505e-02,-3.899668882498364222e-17
0.000000000000000000e+00,-1.172251161187887192e-02,-2.326759696006774902e-02,-3.445218876004219055e-02,-4.508304223418235779e-02,-5.495433136820793152e-02,-6.384810060262680054e-02,-7.153803855180740356e-02,-7.779666036367416382e-02,-8.240552246570587158e-02,-8.516784012317657471e-02,-8.592244237661361694e-02,-8.455783128738403320e-02,-8.102506399154663086e-02,-7.534799724817276001e-02,-6.762986630201339722e-02,-5.805512517690658569e-02,-4.688615724444389343e-02,-3.445460274815559387e-02,-2.114772051572799683e-02,-7.390549406409263611e-03,6.374947726726531982e-03,1.971230842173099518e-02,3.221288695931434631e-02,4.351641982793807983e-02,5.332821235060691833e-02,6.143169850111007690e-02,6.769537180662155151e-02,7.207363843917846680e-02,7.460157573223114014e-02,7.538416981697082520e-02,7.458102703094482422e-02,7.238795608282089233e-02,6.901708990335464478e-02,6.467736512422561646e-02,5.955705791711807251e-02,5.381006747484207153e-02,4.754704982042312622e-02,4.083228111267089844e-02,3.368650004267692566e-02,2.609537541866302490e-02,1.802287809550762177e-02,9.428136982023715973e-03,2.841841778717935085e-04,-9.403324685990810394e-03,-1.957935467362403870e-02,-3.012652881443500519e-02,-4.085747897624969482e-02,-5.151364579796791077e-02,-6.177105382084846497e-02,-7.125308364629745483e-02,-7.954955101013183594e-02,-8.624084293842315674e-02,-9.092546999454498291e-02,-9.324888885021209717e-02,-9.293138980865478516e-02,-8.979274332523345947e-02,-8.377158641815185547e-02,-7.493776828050613403e-02,-6.349652260541915894e-02,-4.978376626968383789e-02,-3.425270318984985352e-02,-1.745244488120079041e-02,-4.313042467454389166e-17
0.000000000000000000e+00,-1.098174881190061569e-02,-2.186950668692588806e-02,-3.255588188767433167e-02,-4.290848225355148315e-02,-5.276177078485488892e-02,-6.191362813115119934e-02,-7.012740522623062134e-02,-7.713976502418518066e-02,-8.267383277416229248e-02,-8.645677566528320312e-02,-8.824039250612258911e-02,-8.782275021076202393e-02,-8.506903052330017090e-02,-7.992941141128540039e-02,-7.245223969221115112e-02,-6.279084831476211548e-02,-5.120320990681648254e-02,-3.804389387369155884e-02,-2.374868467450141907e-02,-8.812798187136650085e-03,6.235840730369091034e-03,2.086620219051837921e-02,3.457441553473472595e-02,4.691231623291969299e-02,5.751194804906845093e-02,6.610418111085891724e-02,7.252985984086990356e-02,7.674268633127212524e-02,7.880371063947677612e-02,7.886794209480285645e-02,7.716443389654159546e-02,7.397149503231048584e-02,6.958946585655212402e-02,6.431334465742111206e-02,5.840786173939704895e-02,5.208705738186836243e-02,4.550041630864143372e-02,3.872658312320709229e-02,3.177529200911521912e-02,2.459728159010410309e-02,1.710119098424911499e-02,9.175818413496017456e-03,7.155822822824120522e-04,-8.353311568498611450e-03,-1.804862357676029205e-02,-2.831224538385868073e-02,-3.899693489074707031e-02,-4.986124858260154724e-02,-6.057354435324668884e-02,-7.072526216506958008e-02,-7.985267788171768188e-02,-8.746580034494400024e-02,-9.308210760354995728e-02,-9.626262634992599487e-02,-9.664744138717651367e-02,-9.398758411407470703e-02,-8.817071467638015747e-02,-7.923818379640579224e-02,-6.739197671413421631e-02,-5.299055948853492737e-02,-3.653374686837196350e-02,-1.863744296133518219e-02,-4.607764272729072757e-17
0.000000000000000000e+00,-1.029895059764385223e-02,-2.057076431810855865e-02,-3.076901473104953766e-02,-4.081102460622787476e-02,-5.056529492139816284e-02,-5.984503775835037231e-02,-6.840880960226058960e-02,-7.596865296363830566e-02,-8.220526576042175293e-02,-8.678920567035675049e-02,-8.940619230270385742e-02,-8.978442847728729248e-02,-8.772134780883789062e-02,-8.310728520154953003e-02,-7.594368606805801392e-02,-6.635399162769317627e-02,-5.458573251962661743e-02,-4.100342467427253723e-02,-2.607230469584465027e-02,-1.033405587077140808e-02,5.623817909508943558e-03,2.120260149240493774e-02,3.582826629281044006e-02,4.898578673601150513e-02,6.024913117289543152e-02,6.930448114871978760e-02,7.596486061811447144e-02,8.017496764659881592e-02,8.200602978467941284e-02,8.164113014936447144e-02,7.935246825218200684e-02,7.547255605459213257e-02,7.036209851503372192e-02,6.437727808952331543e-02,5.783949047327041626e-02,5.101022496819496155e-02,4.407325014472007751e-02,3.712573647499084473e-02,3.017903491854667664e-02,2.316894754767417908e-02,1.597448252141475677e-02,8.443274535238742828e-03,4.211707855574786663e-04,-8.216860704123973846e-03,-1.753758266568183899e-02,-2.752504125237464905e-02,-3.806338459253311157e-02,-4.892892763018608093e-02,-5.979262292385101318e-02,-7.023318111896514893e-02,-7.976017892360687256e-02,-8.784549683332443237e-02,-9.396079927682876587e-02,-9.761791676282882690e-02,-9.840903431177139282e-02,-9.604313224554061890e-02,-9.037560224533081055e-02,-8.142843097448348999e-02,-6.939896196126937866e-02,-5.465625226497650146e-02,-3.772504255175590515e-02,-1.925825886428356171e-02,-4.762325617162566148e-17
0.000000000000000000e+00,-9.743142873048782349e-03,-1.950347982347011566e-02,-2.927541546523571014e-02,-3.901037201285362244e-02,-4.860156029462814331e-02,-5.787555873394012451e-02,-6.659193336963653564e-02,-7.445134222507476807e-02,-8.111166208982467651e-02,-8.621098101139068604e-02,-8.939556777477264404e-02,-9.035026282072067261e-02,-8.882866054773330688e-02,-8.468016982078552246e-02,-7.787141203880310059e-02,-6.849968433380126953e-02,-5.679698660969734192e-02,-4.312398657202720642e-02,-2.795385010540485382e-02,-1.184717006981372833e-02,4.580306820571422577e-03,2.069464512169361115e-02,3.588246181607246399e-02,4.958833754062652588e-02,6.134793907403945923e-02,7.081406563520431519e-02,7.777368277311325073e-02,8.215454965829849243e-02,8.402097225189208984e-02,8.355933427810668945e-02,8.105468004941940308e-02,7.686054706573486328e-02,7.136482745409011841e-02,6.495469808578491211e-02,5.798377469182014465e-02,5.074439197778701782e-02,4.344748333096504211e-02,3.621180355548858643e-02,2.906331978738307953e-02,2.194479480385780334e-02,1.473450008779764175e-02,7.272233255207538605e-03,-6.099208258092403412e-04,-9.055091999471187592e-03,-1.815061829984188080e-02,-2.790164947509765625e-02,-3.821211308240890503e-02,-4.887517914175987244e-02,-5.957449972629547119e-02,-6.989660859107971191e-02,-7.935377210378646851e-02,-8.741573989391326904e-02,-9.354791045188903809e-02,-9.725281596183776855e-02,-9.811160713434219360e-02,-9.582187980413436890e-02,-9.022857248783111572e-02,-8.134529739618301392e-02,-6.936387717723846436e-02,-5.465111881494522095e-02,-3.773279115557670593e-02,-1.926570758223533630e-02,-4.764457427037237811e-17
0.000000000000000000e+00,-9.359364397823810577e-03,-1.875420287251472473e-02,-2.819636464118957520e-02,-3.765307366847991943e-02,-4.703095555305480957e-02,-5.616694688796997070e-02,-6.482739746570587158e-02,-7.271573692560195923e-02,-7.948843389749526978e-02,-8.477790653705596924e-02,-8.822068572044372559e-02,-8.948819339275360107e-02,-8.831749856472015381e-02,-8.453922718763351440e-02,-7.809981703758239746e-02,-6.907613575458526611e-02,-5.768066644668579102e-02,-4.425654560327529907e-02,-2.926257997751235962e-02,-1.324908062815666199e-02,3.173629753291606903e-03,1.937168650329113007e-02,3.472624719142913818e-02,4.867107421159744263e-02,6.072613596916198730e-02,7.052457332611083984e-02,7.783085107803344727e-02,8.254875242710113525e-02,8.471877127885818481e-02,8.450517803430557251e-02,8.217420428991317749e-02,7.806523889303207397e-02,7.255785912275314331e-02,6.603749096393585205e-02,5.886292085051536560e-02,5.133845657110214233e-02,4.369319230318069458e-02,3.606914728879928589e-02,2.851923368871212006e-02,2.101503871381282806e-02,1.346358470618724823e-02,5.731332581490278244e-03,-2.326997695490717888e-03,-1.083764526993036270e-02,-1.987816207110881805e-02,-2.945191040635108948e-02,-3.946940600872039795e-02,-4.973855242133140564e-02,-5.996511131525039673e-02,-6.976374983787536621e-02,-7.867915928363800049e-02,-8.621562272310256958e-02,-9.187296032905578613e-02,-9.518561512231826782e-02,-9.576194733381271362e-02,-9.332013130187988281e-02,-8.771760761737823486e-02,-7.897138595581054688e-02,-6.726729124784469604e-02,-5.295702442526817322e-02,-3.654306754469871521e-02,-1.865225844085216522e-02,-4.612261488283401058e-17
0.000000000000000000e+00,-9.165122173726558685e-03,-1.835712045431137085e-02,-2.758110128343105316e-02,-3.680105134844779968e-02,-4.592506587505340576e-02,-5.479691177606582642e-02,-6.319507956504821777e-02,-7.083976268768310547e-02,-7.740738242864608765e-02,-8.255166560411453247e-02,-8.592952787876129150e-02,-8.722949773073196411e-02,-8.620028942823410034e-02,-8.267676085233688354e-02,-7.660097628831863403e-02,-6.803625077009201050e-02,-5.717263743281364441e-02,-4.432323202490806580e-02,-2.991110831499099731e-02,-1.444787066429853439e-02,1.494766445830464363e-03,1.731814071536064148e-02,3.243203088641166687e-02,4.628947004675865173e-02,5.841827392578125000e-02,6.844679266214370728e-02,7.612194120883941650e-02,8.131817728281021118e-02,8.403686434030532837e-02,8.439636975526809692e-02,8.261383324861526489e-02,7.898054271936416626e-02,7.383298873901367188e-02,6.752248108386993408e-02,6.038584187626838684e-02,5.271985009312629700e-02,4.476167634129524231e-02,3.667685762047767639e-02,2.855575829744338989e-02,2.041867747902870178e-02,1.222883723676204681e-02,3.911887295544147491e-03,-4.620176739990711212e-03,-1.344311702996492386e-02,-2.259528078138828278e-02,-3.205577284097671509e-02,-4.172832891345024109e-02,-5.143273621797561646e-02,-6.090496852993965149e-02,-6.980643421411514282e-02,-7.774184644222259521e-02,-8.428449183702468872e-02,-8.900691568851470947e-02,-9.151450544595718384e-02,-9.147915989160537720e-02,-8.867011964321136475e-02,-8.297925442457199097e-02,-7.443841546773910522e-02,-6.322722136974334717e-02,-4.967031255364418030e-02,-3.422400355339050293e-02,-1.745317503809928894e-02,-4.314497974460237474e-17
0.000000000000000000e+00,-9.149571880698204041e-03,-1.829244010150432587e-02,-2.740446850657463074e-02,-3.642861545085906982e-02,-4.526317492127418518e-02,-5.375522002577781677e-02,-6.170006468892097473e-02,-6.884726881980895996e-02,-7.491273432970046997e-02,-7.959625124931335449e-02,-8.260289579629898071e-02,-8.366665244102478027e-02,-8.257410675287246704e-02,-7.918617129325866699e-02,-7.345576584339141846e-02,-6.543980538845062256e-02,-5.530426651239395142e-02,-4.332158714532852173e-02,-2.986040897667407990e-02,-1.536824833601713181e-02,-3.482806496322154999e-04,1.466803438961505890e-02,2.915046364068984985e-02,4.259938746690750122e-02,5.457284674048423767e-02,6.470922380685806274e-02,7.274387031793594360e-02,7.851858437061309814e-02,8.198335766792297363e-02,8.319053798913955688e-02,8.228207379579544067e-02,7.947128266096115112e-02,7.502076029777526855e-02,6.921853870153427124e-02,6.235462054610252380e-02,5.469991266727447510e-02,4.648941010236740112e-02,3.791087120771408081e-02,2.909990586340427399e-02,2.014159411191940308e-02,1.107824314385652542e-02,1.922248979099094868e-03,-7.327435538172721863e-03,-1.666706055402755737e-02,-2.607010491192340851e-02,-3.547155484557151794e-02,-4.475625604391098022e-02,-5.375277251005172729e-02,-6.223366409540176392e-02,-6.992249935865402222e-02,-7.650735229253768921e-02,-8.165978640317916870e-02,-8.505785465240478516e-02,-8.641134202480316162e-02,-8.548692613840103149e-02,-8.213122934103012085e-02,-7.628951221704483032e-02,-6.801840662956237793e-02,-5.749122798442840576e-02,-4.499530419707298279e-02,-3.092113696038722992e-02,-1.574411801993846893e-02,-3.889988884098023671e-17
0.000000000000000000e+00,-9.275435470044612885e-03,-1.849001459777355194e-02,-2.757180109620094299e-02,-3.642802685499191284e-02,-4.493784531950950623e-02,-5.294859781861305237e-02,-6.027616560459136963e-02,-6.670971959829330444e-02,-7.202065736055374146e-02,-7.597515732049942017e-02,-7.834942638874053955e-02,-7.894638925790786743e-02,-7.761251926422119141e-02,-7.425319403409957886e-02,-6.884536147117614746e-02,-6.144621968269348145e-02,-5.219708755612373352e-02,-4.132188111543655396e-02,-2.912016399204730988e-02,-1.595512405037879944e-02,-2.237176755443215370e-03,1.159562636166810989e-02,2.509906515479087830e-02,3.784454986453056335e-02,4.943974688649177551e-02,5.954657495021820068e-02,6.789539009332656860e-02,7.429447770118713379e-02,7.863434404134750366e-02,8.088673651218414307e-02,8.109874278306961060e-02,7.938275486230850220e-02,7.590322196483612061e-02,7.086159288883209229e-02,6.448068469762802124e-02,5.698990076780319214e-02,4.861247912049293518e-02,3.955567628145217896e-02,3.000459074974060059e-02,2.011983655393123627e-02,1.003896351903676987e-02,-1.188832611660473049e-04,-1.024587452411651611e-02,-2.023702114820480347e-02,-2.998148836195468903e-02,-3.935487568378448486e-02,-4.821357876062393188e-02,-5.639206990599632263e-02,-6.370371580123901367e-02,-6.994538754224777222e-02,-7.490561157464981079e-02,-7.837589085102081299e-02,-8.016423135995864868e-02,-8.010980486869812012e-02,-7.809751480817794800e-02,-7.407104969024658203e-02,-6.804335862398147583e-02,-6.010326370596885681e-02,-5.041767656803131104e-02,-3.922879323363304138e-02,-2.684636227786540985e-02,-1.363538764417171478e-02,-3.366184371260454384e-17
0.000000000000000000e+00,-9.483438916504383087e-03,-1.883775182068347931e-02,-2.793047018349170685e-02,-3.662300482392311096e-02,-4.476895183324813843e-02,-5.221384763717651367e-02,-5.879672244191169739e-02,-6.435348838567733765e-02,-6.872212886810302734e-02,-7.174941897392272949e-02,-7.329876720905303955e-02,-7.325867563486099243e-02,-7.155114412307739258e-02,-6.813938915729522705e-02,-6.303424388170242310e-02,-5.629859864711761475e-02,-4.804956540465354919e-02,-3.845789656043052673e-02,-2.774465456604957581e-02,-1.617518067359924316e-02,-4.050583578646183014e-03,8.302766829729080200e-03,2.054522186517715454e-02,3.233660012483596802e-02,4.334903135895729065e-02,5.327915027737617493e-02,6.185901165008544922e-02,6.886517256498336792e-02,7.412548363208770752e-02,7.752345502376556396e-02,7.899990677833557129e-02,7.855223119258880615e-02,7.623128592967987061e-02,7.213647663593292236e-02,6.640932708978652954e-02,5.922615528106689453e-02,5.079030618071556091e-02,4.132447019219398499e-02,3.106344304978847504e-02,2.024767734110355377e-02,9.117804467678070068e-03,-2.089792862534523010e-03,-1.314639020711183548e-02,-2.383346669375896454e-02,-3.394457697868347168e-02,-4.328681156039237976e-02,-5.168211460113525391e-02,-5.896866694092750549e-02,-6.500257551670074463e-02,-6.965990364551544189e-02,-7.283914089202880859e-02,-7.446398586034774780e-02,-7.448629289865493774e-02,-7.288902252912521362e-02,-6.968874484300613403e-02,-6.493764370679855347e-02,-5.872448533773422241e-02,-5.117450281977653503e-02,-4.244788363575935364e-02,-3.273684903979301453e-02,-2.226131409406661987e-02,-1.126325689256191254e-02,-2.777005127634859149e-17
0.000000000000000000e+00,-9.698819369077682495e-03,-1.919399574398994446e-02,-2.828690595924854279e-02,-3.678871318697929382e-02,-4.452465847134590149e-02,-5.133769661188125610e-02,-5.709134414792060852e-02,-6.167170032858848572e-02,-6.498867273330688477e-02,-6.697648018598556519e-02,-6.759359687566757202e-02,-6.682234257459640503e-02,-6.466823816299438477e-02,-6.115941330790519714e-02,-5.634615197777748108e-02,-5.030068382620811462e-02,-4.311722889542579651e-02,-3.491225093603134155e-02,-2.582476474344730377e-02,-1.601650379598140717e-02,-5.671676248311996460e-03,5.003965459764003754e-03,1.578499749302864075e-02,2.642939612269401550e-02,3.668294101953506470e-02,4.628502577543258667e-02,5.497582256793975830e-02,6.250458210706710815e-02,6.863878667354583740e-02,7.317370176315307617e-02,7.594184577465057373e-02,7.682172209024429321e-02,7.574532926082611084e-02,7.270377874374389648e-02,6.775061041116714478e-02,6.100242212414741516e-02,5.263658612966537476e-02,4.288601875305175781e-02,3.203117102384567261e-02,2.038960717618465424e-02,8.303648792207241058e-03,-3.873263020068407059e-03,-1.579067669808864594e-02,-2.711498364806175232e-02,-3.754218667745590210e-02,-4.680886864662170410e-02,-5.470079928636550903e-02,-6.105868145823478699e-02,-6.578085571527481079e-02,-6.882290542125701904e-02,-7.019434124231338501e-02,-6.995280832052230835e-02,-6.819622218608856201e-02,-6.505370140075683594e-02,-6.067584827542304993e-02,-5.522523075342178345e-02,-4.886775091290473938e-02,-4.176545143127441406e-02,-3.407123684883117676e-02,-2.592576108872890472e-02,-1.745653338730335236e-02,-8.779105730354785919e-03,-2.160136013004051314e-17
0.000000000000000000e+00,-9.839254431426525116e-03,-1.940262690186500549e-02,-2.842741832137107849e-02,-3.667625784873962402e-02,-4.394726455211639404e-02,-5.008145421743392944e-02,-5.496691167354583740e-02,-5.853950977325439453e-02,-6.078028678894042969e-02,-6.170991808176040649e-02,-6.138096749782562256e-02,-5.986878275871276855e-02,-5.726205930113792419e-02,-5.365404486656188965e-02,-4.913532733917236328e-02,-4.378893226385116577e-02,-3.768821805715560913e-02,-3.089776076376438141e-02,-2.347704581916332245e-02,-1.548654120415449142e-02,-6.995377596467733383e-03,1.910315593704581261e-03,1.111948955804109573e-02,2.048977091908454895e-02,2.984356693923473358e-02,3.896749392151832581e-02,4.761564731597900391e-02,5.551688000559806824e-02,6.238591298460960388e-02,6.793767213821411133e-02,7.190392166376113892e-02,7.405103743076324463e-02,7.419745624065399170e-02,7.222948223352432251e-02,6.811392307281494141e-02,6.190643832087516785e-02,5.375470221042633057e-02,4.389576613903045654e-02,3.264758735895156860e-02,2.039507776498794556e-02,7.571469061076641083e-03,-5.363813135772943497e-03,-1.794926449656486511e-02,-2.974573709070682526e-02,-4.035945236682891846e-02,-4.946197941899299622e-02,-5.680574104189872742e-02,-6.223396584391593933e-02,-6.568445265293121338e-02,-6.718698889017105103e-02,-6.685468554496765137e-02,-6.487016379833221436e-02,-6.146763637661933899e-02,-5.691254138946533203e-02,-5.148033797740936279e-02,-4.543620720505714417e-02,-3.901734575629234314e-02,-3.241913020610809326e-02,-2.578628435730934143e-02,-1.920958049595355988e-02,-1.272818632423877716e-02,-6.337267812341451645e-03,-1.554000228565609055e-17
0.000000000000000000e+00,-9.823461063206195831e-03,-1.930943131446838379e-02,-2.814078144729137421e-02,-3.603937104344367981e-02,-4.278135672211647034e-02,-4.820794984698295593e-02,-5.223071202635765076e-02,-5.483115091919898987e-02,-5.605469271540641785e-02,-5.599985271692276001e-02,-5.480366572737693787e-02,-5.262493714690208435e-02,-4.962698370218276978e-02,-4.596156999468803406e-02,-4.175566509366035461e-02,-3.710232302546501160e-02,-3.205656632781028748e-02,-2.663673087954521179e-02,-2.083103358745574951e-02,-1.460876222699880600e-02,-7.934871129691600800e-03,-7.864513900130987167e-04,6.830702535808086395e-03,1.486727222800254822e-02,2.321908622980117798e-02,3.172074630856513977e-02,4.014523327350616455e-02,4.821003973484039307e-02,5.558966845273971558e-02,6.193387880921363831e-02,6.689036637544631958e-02,7.013013213872909546e-02,7.137358188629150391e-02,7.041499763727188110e-02,6.714339554309844971e-02,6.155763566493988037e-02,5.377448722720146179e-02,4.402843862771987915e-02,3.266311436891555786e-02,2.011454291641712189e-02,6.887395866215229034e-03,-6.474211812019348145e-03,-1.941921189427375793e-02,-3.142294660210609436e-02,-4.201886430382728577e-02,-5.082614719867706299e-02,-5.757111310958862305e-02,-6.210079044103622437e-02,-6.438764184713363647e-02,-6.452514231204986572e-02,-6.271468847990036011e-02,-5.924493446946144104e-02,-5.446538701653480530e-02,-4.875647276639938354e-02,-4.249855503439903259e-02,-3.604250028729438782e-02,-2.968423627316951752e-02,-2.364530228078365326e-02,-1.806100085377693176e-02,-1.297695841640233994e-02,-8.354269899427890778e-03,-4.082609433680772781e-03,-9.946626835907218685e-18
0.000000000000000000e+00,-9.579633362591266632e-03,-1.877819187939167023e-02,-2.724045142531394958e-02,-3.466061875224113464e-02,-4.080158844590187073e-02,-4.550819844007492065e-02,-4.871341586112976074e-02,-5.043698847293853760e-02,-5.077677592635154724e-02,-4.989377409219741821e-02,-4.799227789044380188e-02,-4.529716074466705322e-02,-4.203052818775177002e-02,-3.838998451828956604e-02,-3.453065082430839539e-02,-3.055272810161113739e-02,-2.649574726819992065e-02,-2.234016545116901398e-02,-1.801612600684165955e-02,-1.341853290796279907e-02,-8.426981046795845032e-03,-2.928529167547821999e-03,3.158981213346123695e-03,9.865486994385719299e-03,1.715145446360111237e-02,2.489679865539073944e-02,3.289739042520523071e-02,4.086997732520103455e-02,4.846544563770294189e-02,5.528973788022994995e-02,6.093087419867515564e-02,6.498993188142776489e-02,6.711352616548538208e-02,6.702490150928497314e-02,6.455095857381820679e-02,5.964270606637001038e-02,5.238712951540946960e-02,4.300918802618980408e-02,3.186338022351264954e-02,1.941528543829917908e-02,6.214241962879896164e-03,-7.140858098864555359e-03,-2.004005946218967438e-02,-3.190216794610023499e-02,-4.221276938915252686e-02,-5.055744200944900513e-02,-5.664749816060066223e-02,-6.033622100949287415e-02,-6.162430346012115479e-02,-6.065411865711212158e-02,-5.769332870841026306e-02,-5.310926958918571472e-02,-4.733624681830406189e-02,-4.083857312798500061e-02,-3.407240286469459534e-02,-2.744955383241176605e-02,-2.130639739334583282e-02,-1.588030345737934113e-02,-1.129559334367513657e-02,-7.560073863714933395e-03,-4.572309087961912155e-03,-2.138881245627999306e-03,-5.129306446591309514e-18
0.000000000000000000e+00,-9.052936919033527374e-03,-1.770496740937232971e-02,-2.558429539203643799e-02,-3.237476199865341187e-02,-3.783740848302841187e-02,-4.182521253824234009e-02,-4.428970441222190857e-02,-4.527897015213966370e-02,-4.492732509970664978e-02,-4.343770071864128113e-02,-4.105852171778678894e-02,-3.805726394057273865e-02,-3.469328954815864563e-02,-3.119258396327495575e-02,-2.772677876055240631e-02,-2.439858578145503998e-02,-2.123498544096946716e-02,-1.818892918527126312e-02,-1.514936331659555435e-02,-1.195871271193027496e-02,-8.436093106865882874e-03,-4.404036328196525574e-03,2.839032677002251148e-04,5.717454012483358383e-03,1.190847903490066528e-02,1.877667382359504700e-02,2.614380791783332825e-02,3.373746946454048157e-02,4.120437055826187134e-02,4.813246801495552063e-02,5.408022180199623108e-02,5.861067771911621094e-02,6.132755801081657410e-02,6.191021203994750977e-02,6.014437228441238403e-02,5.594588071107864380e-02,4.937509819865226746e-02,4.064048826694488525e-02,3.009069338440895081e-02,1.819549873471260071e-02,5.516869015991687775e-03,-7.327703293412923813e-03,-1.970679312944412231e-02,-3.101824969053268433e-02,-4.073058068752288818e-02,-4.841915890574455261e-02,-5.379430577158927917e-02,-5.671897158026695251e-02,-5.721454694867134094e-02,-5.545439943671226501e-02,-5.174563452601432800e-02,-4.650071263313293457e-02,-4.020127281546592712e-02,-3.335724771022796631e-02,-2.646468579769134521e-02,-1.996589079499244690e-02,-1.421515922993421555e-02,-9.453005157411098480e-03,-5.790982395410537720e-03,-3.208303824067115784e-03,-1.560438773594796658e-03,-5.988430930301547050e-04,-1.318915705273191728e-18
0.000000000000000000e+00,-8.211341686546802521e-03,-1.602921634912490845e-02,-2.308997884392738342e-02,-2.908694371581077576e-02,-3.379242122173309326e-02,-3.707266971468925476e-02,-3.889448568224906921e-02,-3.932287916541099548e-02,-3.851014003157615662e-02,-3.667738288640975952e-02,-3.409036621451377869e-02,-3.103190474212169647e-02,-2.777353115379810333e-02,-2.454909496009349823e-02,-2.153286710381507874e-02,-1.882423833012580872e-02,-1.644052378833293915e-02,-1.431860588490962982e-02,-1.232529338449239731e-02,-1.027547754347324371e-02,-7.956366986036300659e-03,-5.155486054718494415e-03,-1.689748954959213734e-03,2.567278686910867691e-03,7.662665098905563354e-03,1.354834064841270447e-02,2.007404901087284088e-02,2.699005603790283203e-02,3.395973145961761475e-02,4.058127105236053467e-02,4.641689732670783997e-02,5.102720484137535095e-02,5.400780588388442993e-02,5.502501875162124634e-02,5.384756252169609070e-02,5.037125572562217712e-02,4.463442042469978333e-02,3.682238981127738953e-02,2.726042643189430237e-02,1.639529317617416382e-02,4.766819998621940613e-03,-7.028467021882534027e-03,-1.837878115475177765e-02,-2.870026044547557831e-02,-3.747842088341712952e-02,-4.430446401238441467e-02,-4.890346154570579529e-02,-5.115207284688949585e-02,-5.108434706926345825e-02,-4.888508096337318420e-02,-4.487138986587524414e-02,-3.946394100785255432e-02,-3.315038233995437622e-02,-2.644400484859943390e-02,-1.984112896025180817e-02,-1.378085836768150330e-02,-8.610534481704235077e-03,-4.559834022074937820e-03,-1.725630834698677063e-03,-6.884826871100813150e-05,5.765075911767780781e-04,4.830085963476449251e-04,1.348976792901864152e-18
0.000000000000000000e+00,-7.049259264022111893e-03,-1.374075096100568771e-02,-1.974458992481231689e-02,-2.478413283824920654e-02,-2.865653857588768005e-02,-3.124668635427951813e-02,-3.253321722149848938e-02,-3.258620202541351318e-02,-3.155671805143356323e-02,-2.965934388339519501e-02,-2.714928798377513885e-02,-2.429628185927867889e-02,-2.135778032243251801e-02,-1.855398714542388916e-02,-1.604711636900901794e-02,-1.392685901373624802e-02,-1.220352016389369965e-02,-1.080947089940309525e-02,-9.608876891434192657e-03,-8.414802141487598419e-03,-7.012115791440010071e-03,-5.184029228985309601e-03,-2.739735413342714310e-03,4.595474747475236654e-04,4.478720016777515411e-03,9.293381124734878540e-03,1.478254795074462891e-02,2.073049917817115784e-02,2.683789096772670746e-02,3.274148330092430115e-02,3.804096579551696777e-02,4.233069345355033875e-02,4.523372650146484375e-02,4.643513262271881104e-02,4.571168497204780579e-02,4.295519739389419556e-02,3.818732500076293945e-02,3.156427666544914246e-02,2.337078936398029327e-02,1.400363910943269730e-02,3.945758100599050522e-03,-6.267012562602758408e-03,-1.608392968773841858e-02,-2.497906237840652466e-02,-3.248944506049156189e-02,-3.824855759739875793e-02,-4.201230034232139587e-02,-4.367533326148986816e-02,-4.327640309929847717e-02,-4.099217429757118225e-02,-3.712012991309165955e-02,-3.205192089080810547e-02,-2.623951248824596405e-02,-2.015687152743339539e-02,-1.426053885370492935e-02,-8.952368050813674927e-03,-4.547598771750926971e-03,-1.250946894288063049e-03,8.572973310947418213e-04,1.824021688662469387e-03,1.814731513150036335e-03,1.094479463063180447e-03,2.844178024997483496e-18
0.000000000000000000e+00,-5.588657688349485397e-03,-1.088186074048280716e-02,-1.560760103166103363e-02,-1.953864656388759613e-02,-2.250981330871582031e-02,-2.442962117493152618e-02,-2.528533525764942169e-02,-2.514090575277805328e-02,-2.412810176610946655e-02,-2.243166044354438782e-02,-2.026989124715328217e-02,-1.787257194519042969e-02,-1.545823644846677780e-02,-1.321300957351922989e-02,-1.127301529049873352e-02,-9.712039493024349213e-03,-8.535659871995449066e-03,-7.682431489229202271e-03,-7.032073102891445160e-03,-6.419919896870851517e-03,-5.656312219798564911e-03,-4.549105651676654816e-03,-2.927159657701849937e-03,-6.625358946621417999e-04,2.310780342668294907e-03,5.983544513583183289e-03,1.026474684476852417e-02,1.498278230428695679e-02,1.989443786442279816e-02,2.470115385949611664e-02,2.907130308449268341e-02,3.266669064760208130e-02,3.517102077603340149e-02,3.631787747144699097e-02,3.591572493314743042e-02,3.386767581105232239e-02,3.018412925302982330e-02,2.498702518641948700e-02,1.850513555109500885e-02,1.106055732816457748e-02,3.047379897907376289e-03,-5.095857661217451096e-03,-1.291772164404392242e-02,-1.998689956963062286e-02,-2.592396549880504608e-02,-3.042924404144287109e-02,-3.330447897315025330e-02,-3.446643054485321045e-02,-3.395130857825279236e-02,-3.190961852669715881e-02,-2.859186567366123199e-02,-2.432629466056823730e-02,-1.949059590697288513e-02,-1.447991933673620224e-02,-9.673928841948509216e-03,-5.405703093856573105e-03,-1.935082487761974335e-03,5.712562124244868755e-04,2.051350427791476250e-03,2.550166565924882889e-03,2.212344203144311905e-03,1.266138278879225254e-03,3.243020734927942541e-18
0.000000000000000000e+00,-3.877545241266489029e-03,-7.544433232396841049e-03,-1.080691907554864883e-02,-1.350354962050914764e-02,-1.551761105656623840e-02,-1.678552851080894470e-02,-1.730046421289443970e-02,-1.711080223321914673e-02,-1.631370373070240021e-02,-1.504433993250131607e-02,-1.346183381974697113e-02,-1.173324603587388992e-02,-1.001712214201688766e-02,-8.448150008916854858e-03,-7.124405354261398315e-03,-6.098398473113775253e-03,-5.372796207666397095e-03,-4.901256877928972244e-03,-4.594333469867706299e-03,-4.329927731305360794e-03,-3.967325203120708466e-03,-3.363516181707382202e-03,-2.390242647379636765e-03,-9.501439053565263748e-04,1.009588944725692272e-03,3.487427486106753349e-03,6.422639824450016022e-03,9.695955552160739899e-03,1.313588488847017288e-02,1.653029210865497589e-02,1.964233629405498505e-02,2.222948148846626282e-02,2.406396530568599701e-02,2.495295554399490356e-02,2.475659735500812531e-02,2.340232208371162415e-02,2.089405991137027740e-02,1.731544546782970428e-02,1.282656379044055939e-02,7.654407527297735214e-03,2.077670069411396980e-03,-3.592913039028644562e-03,-9.037137031555175781e-03,-1.394895929843187332e-02,-1.805925741791725159e-02,-2.115579508244991302e-02,-2.309875935316085815e-02,-2.383051067590713501e-02,-2.337875962257385254e-02,-2.185286022722721100e-02,-1.943354867398738861e-02,-1.635695993900299072e-02,-1.289431750774383545e-02,-9.328959509730339050e-03,-5.932698026299476624e-03,-2.943487837910652161e-03,-5.463081761263310909e-04,1.141128130257129669e-03,2.076637931168079376e-03,2.295121317729353905e-03,1.903304480947554111e-03,1.068154466338455677e-03,2.720487433255744746e-18
0.000000000000000000e+00,-1.985981361940503120e-03,-3.862368874251842499e-03,-5.528424400836229324e-03,-6.900315172970294952e-03,-7.917631417512893677e-03,-8.547778241336345673e-03,-8.787850849330425262e-03,-8.663833141326904297e-03,-8.227208629250526428e-03,-7.549307309091091156e-03,-6.713924463838338852e-03,-5.808918736875057220e-03,-4.917571321129798889e-03,-4.110536072403192520e-03,-3.439139341935515404e-03,-2.930677263066172600e-03,-2.586162416264414787e-03,-2.380753634497523308e-03,-2.266848459839820862e-03,-2.179561415687203407e-03,-2.044089836999773979e-03,-1.784280291758477688e-03,-1.331586739979684353e-03,-6.335610523819923401e-04,3.389532212167978287e-04,1.586649101227521896e-03,3.079157322645187378e-03,4.755343776196241379e-03,6.526568904519081116e-03,8.282699622213840485e-03,9.900422766804695129e-03,1.125316321849822998e-02,1.222178339958190918e-02,1.270512957125902176e-02,1.262948289513587952e-02,1.195606682449579239e-02,1.068590208888053894e-02,8.861517533659934998e-03,6.565297488123178482e-03,3.914534579962491989e-03,1.053528860211372375e-03,-1.856650691479444504e-03,-4.649925045669078827e-03,-7.167528383433818817e-03,-9.269873611629009247e-03,-1.084697246551513672e-02,-1.182654220610857010e-02,-1.217909064143896103e-02,-1.191957760602235794e-02,-1.110547874122858047e-02,-9.831421077251434326e-03,-8.220847696065902710e-03,-6.415399722754955292e-03,-4.562930203974246979e-03,-2.805151976644992828e-03,-1.265981933102011681e-03,-4.155988426646217704e-05,8.072095224633812904e-04,1.258963253349065781e-03,1.332680694758892059e-03,1.084924791939556599e-03,6.037761340849101543e-04,1.533964569961079326e-18
0.000000000000000000e+00,-4.916615150046774614e-18,-9.560527050108292169e-18,-1.368111155510956102e-17,-1.706989929835251693e-17,-1.957682069156595195e-17,-2.112115035159020356e-17,-2.169618480674114202e-17,-2.136723162074105397e-17,-2.026315064377467518e-17,-1.856223900251658564e-17,-1.647381805969577923e-17,-1.421726603992866953e-17,-1.200045343114983237e-17,-9.999659866519830948e-18,-8.342846878078168425e-18,-7.097920203851160501e-18,-6.267100823783512058e-18,-5.787993263499429387e-18,-5.541292436069776754e-18,-5.364452388044208903e-18,-5.070060048807505183e-18,-4.467217435823759038e-18,-3.383898899027614375e-18,-1.688154758453720173e-18,6.939189207385909809e-19,3.765245084641351779e-18,7.451244612238898401e-18,1.160053890194065774e-17,1.599303256353913275e-17,2.035487504753945531e-17,2.437915008664056260e-17,2.775058771653521875e-17,3.017222347987198641e-17,3.139168953484461214e-17,3.122478103084366222e-17,2.957418513188594825e-17,2.644161906492313032e-17,2.193211160669229147e-17,1.624993500946340187e-17,9.686297380705142368e-18,2.599700659054373401e-18,-4.609547095103308298e-18,-1.152860644869243390e-17,-1.776278548409633546e-17,-2.296509475564851243e-17,-2.686219904737571724e-17,-2.927459685763149268e-17,-3.012929942352538470e-17,-2.946396827834693263e-17,-2.742207459062100892e-17,-2.423956170391101408e-17,-2.022406139674786930e-17,-1.572844395536302089e-17,-1.112096108947833867e-17,-6.754476054290062240e-18,-2.937423407113595508e-18,9.105286235435778575e-20,2.179673646841278179e-18,3.275748549453909357e-18,3.427162306220515967e-18,2.775489980906845769e-18,1.540873182437122213e-18,3.911970629113692538e-33
