-5.619802512228488922e-03,-1.972781028598546982e-03,-1.289820065721869469e-03,-2.065194566966965795e-04,-6.619426130782812834e-05,2.722960198298096657e-04,1.017798495013266802e-04,1.185572036774829030e-04,6.906778435222804546e-05,4.369455928099341691e-05,6.663885869784280658e-05,2.494170039426535368e-04,2.720849297475069761e-04,2.470684703439474106e-04,3.165233356412500143e-04,4.236787790432572365e-04,2.985033788718283176e-04,2.812799721141345799e-05,1.185496803373098373e-04,2.272632409585639834e-04,4.188954189885407686e-04,5.473656347021460533e-04,5.358146154321730137e-04,5.372629384510219097e-04,3.960652684327214956e-04,1.676357060205191374e-04,1.760814629960805178e-04,-1.101876478060148656e-04,1.576098147779703140e-04,3.536270742188207805e-05,1.597125374246388674e-04,8.734272705623880029e-05,1.360134920105338097e-04,-4.030015552416443825e-04,-3.721882530953735113e-04,-4.872394492849707603e-04,-5.673739360645413399e-04,-6.104115745984017849e-04,-8.869138546288013458e-04,-2.794379543047398329e-04,-4.412653215695172548e-04,-3.562395868357270956e-04,-7.539144717156887054e-04,-3.271405876148492098e-04,-6.249112775549292564e-04,-4.789011727552860975e-04,-8.277109591290354729e-04,-6.746922153979539871e-04,-8.217135327868163586e-04,-5.050807376392185688e-04,-5.257492884993553162e-04,-1.129130250774323940e-04,-1.376541040372103453e-04,-2.195164051954634488e-05,-9.920963930198922753e-05,7.306002662517130375e-04,6.137959426268935204e-04,1.673389488132670522e-04,-8.676519792061299086e-05,1.136225619120523334e-04,-1.651782658882439137e-04,-7.235040538944303989e-04,-1.764664077199995518e-03,-2.955960575491189957e-03
-2.038834849372506142e-03,-2.453618799336254597e-04,7.660296396352350712e-04,1.611583982594311237e-03,1.893523847684264183e-03,2.179843839257955551e-03,2.252255566418170929e-03,1.785861211828887463e-03,1.402935711666941643e-03,5.938598769716918468e-04,-4.706646141130477190e-04,-1.570012536831200123e-03,-2.888459712266921997e-03,-4.010998643934726715e-03,-5.267869215458631516e-03,-6.340216379612684250e-03,-7.256723009049892426e-03,-7.826001383364200592e-03,-8.427946828305721283e-03,-8.468634448945522308e-03,-8.672589436173439026e-03,-8.899668231606483459e-03,-8.902291767299175262e-03,-8.891957812011241913e-03,-8.980732411146163940e-03,-9.028042666614055634e-03,-9.052615612745285034e-03,-8.907425217330455780e-03,-9.218341670930385590e-03,-9.500620886683464050e-03,-9.717285633087158203e-03,-9.826108813285827637e-03,-1.013523060828447342e-02,-1.065568719059228897e-02,-1.055359933525323868e-02,-1.058900821954011917e-02,-1.045330148190259933e-02,-1.051955949515104294e-02,-9.709895588457584381e-03,-8.890571072697639465e-03,-7.906434126198291779e-03,-6.953717209398746490e-03,-6.368302274495363235e-03,-5.499936174601316452e-03,-5.070684012025594711e-03,-4.383794497698545456e-03,-4.261447116732597351e-03,-3.655626904219388962e-03,-3.702413057908415794e-03,-3.186373505741357803e-03,-3.571733366698026657e-03,-3.767154412344098091e-03,-4.265272524207830429e-03,-4.502371884882450104e-03,-4.948636982589960098e-03,-5.071904510259628296e-03,-5.040371324867010117e-03,-4.989499226212501526e-03,-4.946341738104820251e-03,-4.541376605629920959e-03,-3.602119861170649529e-03,-2.903232350945472717e-03,-2.434787107631564140e-03,-1.665276708081364632e-03
-7.658171234652400017e-04,5.759717314504086971e-04,2.346960129216313362e-03,3.168869297951459885e-03,3.953527659177780151e-03,3.964192233979701996e-03,4.099954385310411453e-03,2.941441489383578300e-03,1.991569995880126953e-03,4.236661479808390141e-04,-1.273065921850502491e-03,-3.838675795122981071e-03,-5.989428609609603882e-03,-8.403707295656204224e-03,-1.027727499604225159e-02,-1.247429568320512772e-02,-1.407749950885772705e-02,-1.551190484315156937e-02,-1.609775237739086151e-02,-1.697184890508651733e-02,-1.716690510511398315e-02,-1.748507469892501831e-02,-1.706584356725215912e-02,-1.734365336596965790e-02,-1.722703501582145691e-02,-1.738254539668560028e-02,-1.697650179266929626e-02,-1.747039705514907837e-02,-1.756453327834606171e-02,-1.816265657544136047e-02,-1.809730567038059235e-02,-1.898503303527832031e-02,-1.915878988802433014e-02,-1.985788717865943909e-02,-1.972074620425701141e-02,-1.995052024722099304e-02,-1.980077289044857025e-02,-1.924196071922779083e-02,-1.794053614139556885e-02,-1.659248769283294678e-02,-1.497410051524639130e-02,-1.338835060596466064e-02,-1.165762078016996384e-02,-1.036027539521455765e-02,-9.131613187491893768e-03,-8.200358599424362183e-03,-7.404945790767669678e-03,-6.901542190462350845e-03,-6.775294430553913116e-03,-6.659898441284894943e-03,-6.902597378939390182e-03,-7.738532498478889465e-03,-8.413528092205524445e-03,-9.182875975966453552e-03,-9.620685130357742310e-03,-1.008321531116962433e-02,-1.012020092457532883e-02,-9.882329963147640228e-03,-8.906902745366096497e-03,-8.131021633744239807e-03,-6.245558150112628937e-03,-4.800185561180114746e-03,-3.031469881534576416e-03,-9.710922604426741600e-04
-5.308698746375739574e-04,1.746625639498233795e-03,3.355585969984531403e-03,4.479370545595884323e-03,5.306081846356391907e-03,5.553375929594039917e-03,5.278774071484804153e-03,4.196757450699806213e-03,2.512248232960700989e-03,3.978484164690598845e-05,-2.736542141065001488e-03,-6.140309851616621017e-03,-9.788866154849529266e-03,-1.292490027844905853e-02,-1.606285013258457184e-02,-1.888077892363071442e-02,-2.129595726728439331e-02,-2.294455468654632568e-02,-2.387003786861896515e-02,-2.463107556104660034e-02,-2.498257160186767578e-02,-2.508327551186084747e-02,-2.491753734648227692e-02,-2.496002987027168274e-02,-2.486474625766277313e-02,-2.439157851040363312e-02,-2.445577271282672882e-02,-2.451622858643531799e-02,-2.510129101574420929e-02,-2.537729218602180481e-02,-2.624732628464698792e-02,-2.666432224214076996e-02,-2.782901190221309662e-02,-2.796000242233276367e-02,-2.839587628841400146e-02,-2.832839637994766235e-02,-2.819353528320789337e-02,-2.740261703729629517e-02,-2.561913989484310150e-02,-2.391993813216686249e-02,-2.174135483801364899e-02,-1.943041011691093445e-02,-1.698985323309898376e-02,-1.502754259854555130e-02,-1.330313459038734436e-02,-1.187529880553483963e-02,-1.086688134819269180e-02,-9.806782938539981842e-03,-9.672425687313079834e-03,-9.768411517143249512e-03,-1.052847877144813538e-02,-1.149313431233167648e-02,-1.279491651803255081e-02,-1.370940264314413071e-02,-1.492426451295614243e-02,-1.554302033036947250e-02,-1.548724621534347534e-02,-1.533585600554943085e-02,-1.373102050274610519e-02,-1.224398054182529449e-02,-9.661025367677211761e-03,-6.654947530478239059e-03,-3.450722200796008110e-03,9.546525689074769616e-05
1.682624570094048977e-04,2.526122611016035080e-03,4.320364445447921753e-03,5.325426347553730011e-03,6.162842735648155212e-03,6.443671416491270065e-03,5.673069972544908524e-03,3.911052364856004715e-03,1.809405395761132240e-03,-1.178482547402381897e-03,-4.578649066388607025e-03,-9.432784281671047211e-03,-1.389275304973125458e-02,-1.774302683770656586e-02,-2.152908407151699066e-02,-2.512299828231334686e-02,-2.803975343704223633e-02,-2.973931655287742615e-02,-3.091553598642349243e-02,-3.178519010543823242e-02,-3.200825676321983337e-02,-3.184134140610694885e-02,-3.125163912773132324e-02,-3.090903908014297485e-02,-3.037545084953308105e-02,-2.994395792484283447e-02,-2.960293740034103394e-02,-3.008334152400493622e-02,-3.034613654017448425e-02,-3.096361272037029266e-02,-3.172782436013221741e-02,-3.300191834568977356e-02,-3.407160565257072449e-02,-3.487377986311912537e-02,-3.527285531163215637e-02,-3.556257858872413635e-02,-3.527835384011268616e-02,-3.430830687284469604e-02,-3.233294561505317688e-02,-3.020516224205493927e-02,-2.751825936138629913e-02,-2.449038252234458923e-02,-2.157723717391490936e-02,-1.909927092492580414e-02,-1.691514253616333008e-02,-1.514752116054296494e-02,-1.392940804362297058e-02,-1.283698901534080505e-02,-1.280867774039506912e-02,-1.293904054909944534e-02,-1.393626071512699127e-02,-1.548080332577228546e-02,-1.723719015717506409e-02,-1.835248805582523346e-02,-1.969710178673267365e-02,-2.061828039586544037e-02,-2.080652862787246704e-02,-1.998690329492092133e-02,-1.820833422243595123e-02,-1.589657738804817200e-02,-1.263657771050930023e-02,-8.664843626320362091e-03,-4.265269264578819275e-03,3.359913243912160397e-04
-3.780955157708376646e-04,2.816989319398999214e-03,4.559138789772987366e-03,6.129353307187557220e-03,6.799383088946342468e-03,6.882209796458482742e-03,5.663405172526836395e-03,3.395634936168789864e-03,6.794591317884624004e-04,-3.289022250100970268e-03,-7.865628227591514587e-03,-1.328631024807691574e-02,-1.853791438043117523e-02,-2.353952080011367798e-02,-2.760975435376167297e-02,-3.137340396642684937e-02,-3.431946411728858948e-02,-3.636630997061729431e-02,-3.736036643385887146e-02,-3.807096183300018311e-02,-3.779166564345359802e-02,-3.734865412116050720e-02,-3.613469377160072327e-02,-3.514811769127845764e-02,-3.410588204860687256e-02,-3.335598483681678772e-02,-3.292728960514068604e-02,-3.326437994837760925e-02,-3.368650376796722412e-02,-3.469647467136383057e-02,-3.592057898640632629e-02,-3.714905679225921631e-02,-3.890744969248771667e-02,-3.978244587779045105e-02,-4.071770980954170227e-02,-4.085354134440422058e-02,-4.056218266487121582e-02,-3.971321880817413330e-02,-3.734057396650314331e-02,-3.505973145365715027e-02,-3.196554258465766907e-02,-2.872214838862419128e-02,-2.553672343492507935e-02,-2.260666340589523315e-02,-2.016811817884445190e-02,-1.797874458134174347e-02,-1.676893793046474457e-02,-1.548942644149065018e-02,-1.561958063393831253e-02,-1.597972400486469269e-02,-1.748239435255527496e-02,-1.943376287817955017e-02,-2.145560644567012787e-02,-2.349278144538402557e-02,-2.505001053214073181e-02,-2.600375562906265259e-02,-2.582794800400733948e-02,-2.506244182586669922e-02,-2.285527810454368591e-02,-2.012176997959613800e-02,-1.582000218331813812e-02,-1.118818577378988266e-02,-5.357472691684961319e-03,2.107003674609586596e-04
4.250732308719307184e-04,3.124460810795426369e-03,5.073766689747571945e-03,6.120076868683099747e-03,6.718021817505359650e-03,6.233054678887128830e-03,4.738444928079843521e-03,1.758231665007770061e-03,-1.597017399035394192e-03,-6.153251044452190399e-03,-1.157831680029630661e-02,-1.782704889774322510e-02,-2.371879480779170990e-02,-2.899062260985374451e-02,-3.370345011353492737e-02,-3.758814558386802673e-02,-4.052045568823814392e-02,-4.249507933855056763e-02,-4.340203106403350830e-02,-4.351993277668952942e-02,-4.252071678638458252e-02,-4.101222008466720581e-02,-3.900512307882308960e-02,-3.717052936553955078e-02,-3.535443544387817383e-02,-3.419584780931472778e-02,-3.344109654426574707e-02,-3.376916050910949707e-02,-3.402886167168617249e-02,-3.531929850578308105e-02,-3.664773330092430115e-02,-3.832833096385002136e-02,-4.013375192880630493e-02,-4.174385592341423035e-02,-4.311393573880195618e-02,-4.383625090122222900e-02,-4.391593858599662781e-02,-4.339806735515594482e-02,-4.142840206623077393e-02,-3.881075233221054077e-02,-3.540044650435447693e-02,-3.197808563709259033e-02,-2.842285484075546265e-02,-2.547346055507659912e-02,-2.269434183835983276e-02,-2.066881954669952393e-02,-1.937492750585079193e-02,-1.829573698341846466e-02,-1.843822374939918518e-02,-1.918175444006919861e-02,-2.114494703710079193e-02,-2.342090383172035217e-02,-2.616297639906406403e-02,-2.830819040536880493e-02,-3.034180589020252228e-02,-3.112683445215225220e-02,-3.129467740654945374e-02,-3.004713542759418488e-02,-2.753208018839359283e-02,-2.388380654156208038e-02,-1.880965381860733032e-02,-1.333737932145595551e-02,-6.772116757929325104e-03,2.876719227060675621e-04
2.074646909022703767e-04,2.894153352826833725e-03,4.447008017450571060e-03,5.793882068246603012e-03,6.004635244607925415e-03,4.878711886703968048e-03,2.804602263495326042e-03,-7.500111823901534081e-04,-5.251992493867874146e-03,-1.100407540798187256e-02,-1.691336371004581451e-02,-2.396563813090324402e-02,-3.004733473062515259e-02,-3.563915193080902100e-02,-4.021715000271797180e-02,-4.404339566826820374e-02,-4.656222462654113770e-02,-4.843497648835182190e-02,-4.834213107824325562e-02,-4.792117327451705933e-02,-4.554401338100433350e-02,-4.316066578030586243e-02,-3.983378410339355469e-02,-3.710728511214256287e-02,-3.405302762985229492e-02,-3.231205046176910400e-02,-3.085610270500183105e-02,-3.089691512286663055e-02,-3.086581081151962280e-02,-3.252530097961425781e-02,-3.423771634697914124e-02,-3.646531328558921814e-02,-3.885229676961898804e-02,-4.094946011900901794e-02,-4.293080419301986694e-02,-4.425497725605964661e-02,-4.485131427645683289e-02,-4.477443918585777283e-02,-4.307824745774269104e-02,-4.084253311157226562e-02,-3.751341998577117920e-02,-3.434439003467559814e-02,-3.067498095333576202e-02,-2.757638879120349884e-02,-2.484197542071342468e-02,-2.295736223459243774e-02,-2.171066775918006897e-02,-2.084114402532577515e-02,-2.124534174799919128e-02,-2.275558933615684509e-02,-2.513550408184528351e-02,-2.813253737986087799e-02,-3.120996057987213135e-02,-3.412058949470520020e-02,-3.631521388888359070e-02,-3.738708794116973877e-02,-3.702732920646667480e-02,-3.595697879791259766e-02,-3.285389766097068787e-02,-2.850393019616603851e-02,-2.290840819478034973e-02,-1.587669365108013153e-02,-7.928617298603057861e-03,8.364606037503108382e-05
5.054912762716412544e-04,2.430922817438840866e-03,3.388577140867710114e-03,3.971551544964313507e-03,3.736573969945311546e-03,2.166293794289231300e-03,-5.249597597867250443e-04,-5.145477131009101868e-03,-1.002128701657056808e-02,-1.630514301359653473e-02,-2.301107533276081085e-02,-3.043796308338642120e-02,-3.685585409402847290e-02,-4.228116199374198914e-02,-4.693461209535598755e-02,-5.058209970593452454e-02,-5.256216600537300110e-02,-5.365261808037757874e-02,-5.267022922635078430e-02,-5.065364018082618713e-02,-4.694050550460815430e-02,-4.287544265389442444e-02,-3.842919319868087769e-02,-3.415971994400024414e-02,-3.048510849475860596e-02,-2.742842771112918854e-02,-2.559516392648220062e-02,-2.475639618933200836e-02,-2.512246370315551758e-02,-2.663098834455013275e-02,-2.860434353351593018e-02,-3.125828877091407776e-02,-3.431611135601997375e-02,-3.738629445433616638e-02,-3.994949534535408020e-02,-4.189194738864898682e-02,-4.355971142649650574e-02,-4.406075552105903625e-02,-4.281037673354148865e-02,-4.115695133805274963e-02,-3.815222531557083130e-02,-3.518695384263992310e-02,-3.188883885741233826e-02,-2.891388349235057831e-02,-2.638754621148109436e-02,-2.449013851583003998e-02,-2.369057387113571167e-02,-2.330669015645980835e-02,-2.416310645639896393e-02,-2.619847096502780914e-02,-2.928123809397220612e-02,-3.270190209150314331e-02,-3.648586198687553406e-02,-3.954881057143211365e-02,-4.203197732567787170e-02,-4.333251342177391052e-02,-4.292311146855354309e-02,-4.154264181852340698e-02,-3.783132508397102356e-02,-3.278540447354316711e-02,-2.602185122668743134e-02,-1.814257539808750153e-02,-9.214216843247413635e-03,1.803530176403000951e-04
3.359904076205566525e-05,1.594507135450839996e-03,2.084334380924701691e-03,2.120302291586995125e-03,1.139698550105094910e-03,-1.172175048850476742e-03,-4.486030898988246918e-03,-1.004259753972291946e-02,-1.587880030274391174e-02,-2.343480475246906281e-02,-3.034041635692119598e-02,-3.744282573461532593e-02,-4.417894035577774048e-02,-4.985489323735237122e-02,-5.409654974937438965e-02,-5.702414363622665405e-02,-5.826263874769210815e-02,-5.807419121265411377e-02,-5.574449151754379272e-02,-5.214507132768630981e-02,-4.695476964116096497e-02,-4.134156927466392517e-02,-3.499365597963333130e-02,-2.917724847793579102e-02,-2.421512454748153687e-02,-2.022175863385200500e-02,-1.680540479719638824e-02,-1.555809751152992249e-02,-1.523888111114501953e-02,-1.714778691530227661e-02,-1.916821300983428955e-02,-2.282768860459327698e-02,-2.659740298986434937e-02,-3.030999936163425446e-02,-3.402253612875938416e-02,-3.691790252923965454e-02,-3.951487317681312561e-02,-4.064709693193435669e-02,-4.042823612689971924e-02,-3.899054229259490967e-02,-3.677932918071746826e-02,-3.434784710407257080e-02,-3.174714371562004089e-02,-2.939289994537830353e-02,-2.725973539054393768e-02,-2.565071731805801392e-02,-2.528644166886806488e-02,-2.554610744118690491e-02,-2.725479006767272949e-02,-2.969998307526111603e-02,-3.343858197331428528e-02,-3.800814226269721985e-02,-4.208115488290786743e-02,-4.571073502302169800e-02,-4.821243509650230408e-02,-4.978008568286895752e-02,-4.943050071597099304e-02,-4.745605587959289551e-02,-4.312958568334579468e-02,-3.722311183810234070e-02,-2.973854728043079376e-02,-2.092771418392658234e-02,-1.024966407567262650e-02,9.180638153338804841e-05
-6.854962975921807811e-06,8.639583829790353775e-04,1.398997846990823746e-04,-8.438609656877815723e-04,-2.295307582244277000e-03,-5.569865461438894272e-03,-9.753482416272163391e-03,-1.605913415551185608e-02,-2.280261367559432983e-02,-3.064190596342086792e-02,-3.826822713017463684e-02,-4.563740640878677368e-02,-5.225279182195663452e-02,-5.764435976743698120e-02,-6.153304874897003174e-02,-6.378126889467239380e-02,-6.398158520460128784e-02,-6.228009611368179321e-02,-5.824960023164749146e-02,-5.262815579771995544e-02,-4.513669013977050781e-02,-3.740682825446128845e-02,-2.940868772566318512e-02,-2.219790220260620117e-02,-1.531849894672632217e-02,-9.939005598425865173e-03,-5.903790704905986786e-03,-3.876259084790945053e-03,-3.174071433022618294e-03,-4.674715921282768250e-03,-7.165228016674518585e-03,-1.122000068426132202e-02,-1.567766256630420685e-02,-2.060342580080032349e-02,-2.502709440886974335e-02,-2.918206341564655304e-02,-3.275853767991065979e-02,-3.502385318279266357e-02,-3.546348214149475098e-02,-3.535465896129608154e-02,-3.377283737063407898e-02,-3.225462883710861206e-02,-3.003137186169624329e-02,-2.847884781658649445e-02,-2.700013667345046997e-02,-2.643971890211105347e-02,-2.638087421655654907e-02,-2.780016697943210602e-02,-2.984423935413360596e-02,-3.325042873620986938e-02,-3.791719302535057068e-02,-4.286805167794227600e-02,-4.746425524353981018e-02,-5.122136324644088745e-02,-5.435906723141670227e-02,-5.628561228513717651e-02,-5.584629625082015991e-02,-5.356719717383384705e-02,-4.878425225615501404e-02,-4.201737791299819946e-02,-3.329521417617797852e-02,-2.339984104037284851e-02,-1.171705313026905060e-02,1.475519529776647687e-04
-1.511245955043705180e-05,5.469221287057735026e-05,-1.582063967362046242e-03,-3.304333891719579697e-03,-6.279645022004842758e-03,-1.056087296456098557e-02,-1.580643281340599060e-02,-2.307395450770854950e-02,-3.073787316679954529e-02,-3.875272721052169800e-02,-4.656590521335601807e-02,-5.414601042866706848e-02,-6.085218489170074463e-02,-6.606217473745346069e-02,-6.900992989540100098e-02,-7.035551965236663818e-02,-6.881026178598403931e-02,-6.568707525730133057e-02,-5.922128632664680481e-02,-5.146243795752525330e-02,-4.231860488653182983e-02,-3.247818350791931152e-02,-2.226923033595085144e-02,-1.252869330346584320e-02,-4.042769782245159149e-03,2.998552750796079636e-03,7.824451662600040436e-03,1.073845755308866501e-02,1.177034154534339905e-02,1.064383331686258316e-02,7.832362316548824310e-03,3.385046031326055527e-03,-1.701933098956942558e-03,-7.634130306541919708e-03,-1.343509461730718613e-02,-1.925373449921607971e-02,-2.379450015723705292e-02,-2.686272934079170227e-02,-2.873881347477436066e-02,-2.948090992867946625e-02,-2.938293665647506714e-02,-2.885240316390991211e-02,-2.792459167540073395e-02,-2.717576920986175537e-02,-2.656543254852294922e-02,-2.650519460439682007e-02,-2.759261988103389740e-02,-2.937530726194381714e-02,-3.264440223574638367e-02,-3.701553493738174438e-02,-4.247599467635154724e-02,-4.798978194594383240e-02,-5.298416316509246826e-02,-5.745135992765426636e-02,-6.105141714215278625e-02,-6.302788108587265015e-02,-6.228021532297134399e-02,-5.990974232554435730e-02,-5.422499030828475952e-02,-4.677106067538261414e-02,-3.735665977001190186e-02,-2.601542696356773376e-02,-1.299098785966634750e-02,4.885503585683181882e-05
5.824512918479740620e-04,-1.324256765656173229e-03,-3.859186777845025063e-03,-7.084887940436601639e-03,-1.098877377808094025e-02,-1.615795306861400604e-02,-2.277627028524875641e-02,-3.118756972253322601e-02,-3.921386227011680603e-02,-4.728171601891517639e-02,-5.578164383769035339e-02,-6.350968778133392334e-02,-6.978575885295867920e-02,-7.446464151144027710e-02,-7.640140503644943237e-02,-7.653169333934783936e-02,-7.370016723871231079e-02,-6.843138486146926880e-02,-5.961104482412338257e-02,-4.978170618414878845e-02,-3.768869861960411072e-02,-2.572502940893173218e-02,-1.313124969601631165e-02,-1.502663129940629005e-03,9.038544259965419769e-03,1.774775423109531403e-02,2.424906566739082336e-02,2.787273190915584564e-02,2.944126352667808533e-02,2.830003760755062103e-02,2.528540231287479401e-02,2.055238187313079834e-02,1.447296608239412308e-02,7.441227324306964874e-03,3.403987793717533350e-04,-6.572511047124862671e-03,-1.271250937134027481e-02,-1.718447357416152954e-02,-2.014409750699996948e-02,-2.271822281181812286e-02,-2.371480874717235565e-02,-2.467692643404006958e-02,-2.462593279778957367e-02,-2.513231895864009857e-02,-2.527133934199810028e-02,-2.629392594099044800e-02,-2.824848517775535583e-02,-3.110817447304725647e-02,-3.517844155430793762e-02,-4.053431004285812378e-02,-4.702368751168251038e-02,-5.328795313835144043e-02,-5.886128917336463928e-02,-6.375310570001602173e-02,-6.766954809427261353e-02,-6.999952346086502075e-02,-6.917683035135269165e-02,-6.656315922737121582e-02,-6.041944026947021484e-02,-5.192599445581436157e-02,-4.143158718943595886e-02,-2.887882292270660400e-02,-1.437395159155130386e-02,2.530945057515054941e-04
1.084741816157475114e-04,-2.449556253850460052e-03,-6.284198723733425140e-03,-1.034334208816289902e-02,-1.572849228978157043e-02,-2.235268801450729370e-02,-3.006412647664546967e-02,-3.908199816942214966e-02,-4.769739136099815369e-02,-5.645616725087165833e-02,-6.541012972593307495e-02,-7.306412607431411743e-02,-7.922293990850448608e-02,-8.330043405294418335e-02,-8.377914130687713623e-02,-8.219632506370544434e-02,-7.777956128120422363e-02,-7.048086822032928467e-02,-5.924043059349060059e-02,-4.685946181416511536e-02,-3.306033462285995483e-02,-1.819162070751190186e-02,-3.007634077221155167e-03,1.071253512054681778e-02,2.313120849430561066e-02,3.365883603692054749e-02,4.165725782513618469e-02,4.707572609186172485e-02,4.870416969060897827e-02,4.796401038765907288e-02,4.427769780158996582e-02,3.930116817355155945e-02,3.225488215684890747e-02,2.450992353260517120e-02,1.646843180060386658e-02,8.529587648808956146e-03,1.209151465445756912e-03,-5.244228057563304901e-03,-9.992869570851325989e-03,-1.394782122224569321e-02,-1.654858887195587158e-02,-1.896802149713039398e-02,-2.017405442893505096e-02,-2.177478000521659851e-02,-2.313482388854026794e-02,-2.530094236135482788e-02,-2.835318446159362793e-02,-3.230268135666847229e-02,-3.797042369842529297e-02,-4.469848424196243286e-02,-5.177249014377593994e-02,-5.846486985683441162e-02,-6.512937694787979126e-02,-7.087828963994979858e-02,-7.497099786996841431e-02,-7.734788954257965088e-02,-7.659594714641571045e-02,-7.291597872972488403e-02,-6.608570367097854614e-02,-5.714223533868789673e-02,-4.514381662011146545e-02,-3.158636763691902161e-02,-1.572355814278125763e-02,3.940487222280353308e-04
7.564033876406028867e-05,-4.062561318278312683e-03,-9.084857068955898285e-03,-1.444553211331367493e-02,-2.091887779533863068e-02,-2.873902954161167145e-02,-3.778292983770370483e-02,-4.743520542979240417e-02,-5.693465471267700195e-02,-6.625990569591522217e-02,-7.567333430051803589e-02,-8.303759247064590454e-02,-8.873051404953002930e-02,-9.165930747985839844e-02,-9.146489202976226807e-02,-8.840640634298324585e-02,-8.217793703079223633e-02,-7.235959917306900024e-02,-5.864309519529342651e-02,-4.410963132977485657e-02,-2.701231651008129120e-02,-9.650127030909061432e-03,7.340497337281703949e-03,2.310891821980476379e-02,3.873504698276519775e-02,5.079286545515060425e-02,6.075495108962059021e-02,6.639999896287918091e-02,6.975463032722473145e-02,6.851772964000701904e-02,6.530378013849258423e-02,5.922237411141395569e-02,5.162927508354187012e-02,4.291561990976333618e-02,3.391453623771667480e-02,2.454114891588687897e-02,1.556276064366102219e-02,7.754102349281311035e-03,1.229710411280393600e-03,-4.500890150666236877e-03,-8.667493239045143127e-03,-1.233853213489055634e-02,-1.480104774236679077e-02,-1.808739081025123596e-02,-2.079954929649829865e-02,-2.425001375377178192e-02,-2.829975262284278870e-02,-3.388832882046699524e-02,-4.070053994655609131e-02,-4.850857332348823547e-02,-5.678609386086463928e-02,-6.413686275482177734e-02,-7.177907228469848633e-02,-7.757650315761566162e-02,-8.257135748863220215e-02,-8.467265963554382324e-02,-8.392578363418579102e-02,-7.981742173433303833e-02,-7.268180698156356812e-02,-6.276112794876098633e-02,-4.957153648138046265e-02,-3.479470312595367432e-02,-1.758232526481151581e-02,5.130771896801888943e-04
-2.100547717418521643e-04,-5.083359312266111374e-03,-1.172822527587413788e-02,-1.795740239322185516e-02,-2.638842165470123291e-02,-3.580309078097343445e-02,-4.528438299894332886e-02,-5.532052367925643921e-02,-6.584836542606353760e-02,-7.621920853853225708e-02,-8.561367541551589966e-02,-9.311900287866592407e-02,-9.797724336385726929e-02,-1.006607115268707275e-01,-9.890190511941909790e-02,-9.437724202871322632e-02,-8.623192459344863892e-02,-7.386269420385360718e-02,-5.754627659916877747e-02,-4.056489095091819763e-02,-2.137735672295093536e-02,-1.454816316254436970e-03,1.821223087608814240e-02,3.691064938902854919e-02,5.455287918448448181e-02,6.880745291709899902e-02,7.984350621700286865e-02,8.746052533388137817e-02,9.104749560356140137e-02,9.087544679641723633e-02,8.725649118423461914e-02,8.091600239276885986e-02,7.219842076301574707e-02,6.251451373100280762e-02,5.193632841110229492e-02,4.119292274117469788e-02,3.100685961544513702e-02,2.169597707688808441e-02,1.357179414480924606e-02,6.030282936990261078e-03,2.343442756682634354e-04,-5.032327026128768921e-03,-9.338050149381160736e-03,-1.360668800771236420e-02,-1.785279251635074615e-02,-2.273122407495975494e-02,-2.852513641119003296e-02,-3.506016731262207031e-02,-4.359174519777297974e-02,-5.287198722362518311e-02,-6.171262636780738831e-02,-7.015192508697509766e-02,-7.854414731264114380e-02,-8.517588675022125244e-02,-9.004380553960800171e-02,-9.236367791891098022e-02,-9.123949706554412842e-02,-8.677716553211212158e-02,-7.890181243419647217e-02,-6.777996569871902466e-02,-5.373698472976684570e-02,-3.759166598320007324e-02,-1.927053183317184448e-02,4.617402155417948961e-04
-6.378760735969990492e-05,-6.679132115095853806e-03,-1.429317425936460495e-02,-2.224424295127391815e-02,-3.166172653436660767e-02,-4.173510894179344177e-02,-5.237346887588500977e-02,-6.363570690155029297e-02,-7.515609264373779297e-02,-8.558027446269989014e-02,-9.527331590652465820e-02,-1.025961786508560181e-01,-1.071358919143676758e-01,-1.085587814450263977e-01,-1.058735325932502747e-01,-9.981860220432281494e-02,-8.980308473110198975e-02,-7.545001059770584106e-02,-5.701017752289772034e-02,-3.726203367114067078e-02,-1.481101475656032562e-02,7.169077172875404358e-03,2.918488159775733948e-02,5.069478228688240051e-02,7.036831974983215332e-02,8.673427999019622803e-02,9.920547902584075928e-02,1.075010225176811218e-01,1.121382191777229309e-01,1.120967417955398560e-01,1.092830672860145569e-01,1.021425426006317139e-01,9.353219717741012573e-02,8.237044513225555420e-02,7.101885229349136353e-02,5.886828154325485229e-02,4.703164845705032349e-02,3.609824180603027344e-02,2.644713595509529114e-02,1.707755215466022491e-02,9.629320353269577026e-03,2.559626940637826920e-03,-3.155899234116077423e-03,-9.122138842940330505e-03,-1.476934924721717834e-02,-2.102582342922687531e-02,-2.798337303102016449e-02,-3.638722002506256104e-02,-4.645831510424613953e-02,-5.640739575028419495e-02,-6.647939234972000122e-02,-7.595395296812057495e-02,-8.553592115640640259e-02,-9.252642095088958740e-02,-9.765221178531646729e-02,-1.003666818141937256e-01,-9.873715043067932129e-02,-9.433171898126602173e-02,-8.556797355413436890e-02,-7.384955883026123047e-02,-5.844198539853096008e-02,-4.090182855725288391e-02,-2.094467170536518097e-02,5.762638757005333900e-04
-5.197679274715483189e-04,-8.012572303414344788e-03,-1.707013323903083801e-02,-2.580293826758861542e-02,-3.644514828920364380e-02,-4.787449538707733154e-02,-5.881041660904884338e-02,-7.121457904577255249e-02,-8.326426893472671509e-02,-9.456785768270492554e-02,-1.041697114706039429e-01,-1.111438348889350891e-01,-1.153570860624313354e-01,-1.164859980344772339e-01,-1.125754415988922119e-01,-1.051445305347442627e-01,-9.330057352781295776e-02,-7.665394246578216553e-02,-5.586464330554008484e-02,-3.389700874686241150e-02,-9.795286692678928375e-03,1.458079461008310318e-02,3.986403718590736389e-02,6.367256492376327515e-02,8.539278805255889893e-02,1.034824922680854797e-01,1.179955154657363892e-01,1.275594681501388550e-01,1.325056254863739014e-01,1.330835223197937012e-01,1.299204826354980469e-01,1.233152449131011963e-01,1.136186122894287109e-01,1.024530827999114990e-01,8.966989815235137939e-02,7.639971375465393066e-02,6.284794956445693970e-02,5.026971548795700073e-02,3.894711658358573914e-02,2.844006381928920746e-02,1.927236467599868774e-02,1.048022694885730743e-02,3.205698914825916290e-03,-4.181609489023685455e-03,-1.129918359220027924e-02,-1.889584027230739594e-02,-2.763867378234863281e-02,-3.774390369653701782e-02,-4.920857772231101990e-02,-6.030953675508499146e-02,-7.118840515613555908e-02,-8.193994313478469849e-02,-9.205409139394760132e-02,-1.001314818859100342e-01,-1.055105403065681458e-01,-1.085697263479232788e-01,-1.067805439233779907e-01,-1.014559194445610046e-01,-9.228903800249099731e-02,-7.937474548816680908e-02,-6.235293671488761902e-02,-4.342095926403999329e-02,-2.204962819814682007e-02,5.683119525201618671e-04
-5.281604826450347900e-04,-9.195543825626373291e-03,-1.935303956270217896e-02,-2.943047694861888885e-02,-4.090130329132080078e-02,-5.283719301223754883e-02,-6.516783684492111206e-02,-7.807715982198715210e-02,-9.088031202554702759e-02,-1.022585555911064148e-01,-1.123663634061813354e-01,-1.194431409239768982e-01,-1.230763196945190430e-01,-1.234211996197700500e-01,-1.185321882367134094e-01,-1.098205372691154480e-01,-9.667643904685974121e-02,-7.826459407806396484e-02,-5.551308020949363708e-02,-3.106547333300113678e-02,-4.101968370378017426e-03,2.245207689702510834e-02,5.002355203032493591e-02,7.591344416141510010e-02,9.990099072456359863e-02,1.196307167410850525e-01,1.354957222938537598e-01,1.462351679801940918e-01,1.527737379074096680e-01,1.535701006650924683e-01,1.506782621145248413e-01,1.431228965520858765e-01,1.334004998207092285e-01,1.207650080323219299e-01,1.077266857028007507e-01,9.268717467784881592e-02,7.847584784030914307e-02,6.449874490499496460e-02,5.176984146237373352e-02,3.947590664029121399e-02,2.888808026909828186e-02,1.875591464340686798e-02,9.788298048079013824e-03,8.398636709898710251e-04,-7.734153419733047485e-03,-1.707185432314872742e-02,-2.704229764640331268e-02,-3.869027271866798401e-02,-5.149277299642562866e-02,-6.347922235727310181e-02,-7.635328918695449829e-02,-8.767715841531753540e-02,-9.881124645471572876e-02,-1.075580716133117676e-01,-1.135882884263992310e-01,-1.166848763823509216e-01,-1.149271950125694275e-01,-1.088882312178611755e-01,-9.894190728664398193e-02,-8.530700206756591797e-02,-6.737945228815078735e-02,-4.668446630239486694e-02,-2.381684072315692902e-02,4.119934746995568275e-04
-8.725151419639587402e-04,-1.010443363338708878e-02,-2.125708386301994324e-02,-3.211663663387298584e-02,-4.488560184836387634e-02,-5.804989486932754517e-02,-7.026787847280502319e-02,-8.400061726570129395e-02,-9.693812578916549683e-02,-1.089144796133041382e-01,-1.192565858364105225e-01,-1.264904737472534180e-01,-1.301450729370117188e-01,-1.300036907196044922e-01,-1.241083592176437378e-01,-1.145336106419563293e-01,-9.975974261760711670e-02,-8.007203787565231323e-02,-5.500743910670280457e-02,-2.846042066812515259e-02,-3.827549808192998171e-04,2.855315804481506348e-02,5.811025947332382202e-02,8.694901317358016968e-02,1.126733049750328064e-01,1.341297775506973267e-01,1.513556391000747681e-01,1.632226109504699707e-01,1.705778688192367554e-01,1.718422323465347290e-01,1.688797175884246826e-01,1.614198684692382812e-01,1.510432958602905273e-01,1.380783617496490479e-01,1.239085048437118530e-01,1.078540012240409851e-01,9.252873063087463379e-02,7.734651863574981689e-02,6.377300620079040527e-02,4.994624108076095581e-02,3.789509832859039307e-02,2.647652663290500641e-02,1.596577465534210205e-02,5.749983713030815125e-03,-4.302748478949069977e-03,-1.495006587356328964e-02,-2.646191045641899109e-02,-3.959164395928382874e-02,-5.360372364521026611e-02,-6.715311855077743530e-02,-8.095634728670120239e-02,-9.352957457304000854e-02,-1.053378656506538391e-01,-1.146843507885932922e-01,-1.209127381443977356e-01,-1.244733110070228577e-01,-1.222698241472244263e-01,-1.157751828432083130e-01,-1.050568297505378723e-01,-9.019180387258529663e-02,-7.080429047346115112e-02,-4.913406446576118469e-02,-2.511432953178882599e-02,5.024506826885044575e-04
-5.331781576387584209e-04,-1.100626308470964432e-02,-2.254583500325679779e-02,-3.472810238599777222e-02,-4.806388542056083679e-02,-6.110614910721778870e-02,-7.479519397020339966e-02,-8.872761577367782593e-02,-1.025650873780250549e-01,-1.144817620515823364e-01,-1.250978112220764160e-01,-1.326995939016342163e-01,-1.359627246856689453e-01,-1.351567655801773071e-01,-1.288215517997741699e-01,-1.184410825371742249e-01,-1.025634557008743286e-01,-8.155110478401184082e-02,-5.577350780367851257e-02,-2.709409780800342560e-02,3.759126877412199974e-03,3.407153487205505371e-02,6.570408493280410767e-02,9.626538306474685669e-02,1.230050027370452881e-01,1.467332988977432251e-01,1.650237888097763062e-01,1.783396750688552856e-01,1.858509182929992676e-01,1.885093003511428833e-01,1.853428781032562256e-01,1.779136359691619873e-01,1.668595373630523682e-01,1.530030816793441772e-01,1.385312378406524658e-01,1.218089237809181213e-01,1.059176325798034668e-01,8.946181088685989380e-02,7.465024292469024658e-02,5.982944741845130920e-02,4.658835381269454956e-02,3.364047035574913025e-02,2.175234816968441010e-02,1.034058630466461182e-02,-9.272363386116921902e-04,-1.295543462038040161e-02,-2.600911632180213928e-02,-4.035810008645057678e-02,-5.566406622529029846e-02,-6.981152296066284180e-02,-8.485490083694458008e-02,-9.861059486865997314e-02,-1.115659922361373901e-01,-1.212801560759544373e-01,-1.278558522462844849e-01,-1.318016946315765381e-01,-1.291071325540542603e-01,-1.224827766418457031e-01,-1.113400012254714966e-01,-9.574732929468154907e-02,-7.592792063951492310e-02,-5.250083282589912415e-02,-2.669240720570087433e-02,2.043320710072293878e-04
-8.707958040758967400e-04,-1.166090276092290878e-02,-2.380412817001342773e-02,-3.592603281140327454e-02,-4.954254627227783203e-02,-6.391517817974090576e-02,-7.758855819702148438e-02,-9.275496751070022583e-02,-1.065508648753166199e-01,-1.193403378129005432e-01,-1.300932914018630981e-01,-1.372539699077606201e-01,-1.409475952386856079e-01,-1.402556747198104858e-01,-1.332819908857345581e-01,-1.222808882594108582e-01,-1.054921746253967285e-01,-8.393000811338424683e-02,-5.648287013173103333e-02,-2.619167976081371307e-02,4.919917788356542587e-03,3.753941878676414490e-02,7.079423964023590088e-02,1.026808321475982666e-01,1.312678605318069458e-01,1.554094702005386353e-01,1.755265593528747559e-01,1.893919706344604492e-01,1.983603239059448242e-01,2.007438093423843384e-01,1.980550587177276611e-01,1.905531585216522217e-01,1.796054542064666748e-01,1.660141199827194214e-01,1.504634618759155273e-01,1.332506984472274780e-01,1.164555400609970093e-01,9.927725791931152344e-02,8.380578458309173584e-02,6.789273023605346680e-02,5.365519970655441284e-02,3.942295163869857788e-02,2.703080140054225922e-02,1.418834365904331207e-02,1.772354124113917351e-03,-1.146015804260969162e-02,-2.564918436110019684e-02,-4.169084504246711731e-02,-5.770696327090263367e-02,-7.335084676742553711e-02,-8.893692493438720703e-02,-1.036039143800735474e-01,-1.172281950712203979e-01,-1.281878501176834106e-01,-1.349272578954696655e-01,-1.387036144733428955e-01,-1.361660510301589966e-01,-1.288809627294540405e-01,-1.172765791416168213e-01,-1.008627265691757202e-01,-7.922173291444778442e-02,-5.451679229736328125e-02,-2.762094512581825256e-02,8.354526362381875515e-04
-7.277401164174079895e-04,-1.193320844322443008e-02,-2.427650056779384613e-02,-3.705657273530960083e-02,-5.116854608058929443e-02,-6.544227153062820435e-02,-8.037162572145462036e-02,-9.499881416559219360e-02,-1.097808331251144409e-01,-1.224539577960968018e-01,-1.338163018226623535e-01,-1.413296759128570557e-01,-1.447064280509948730e-01,-1.441479623317718506e-01,-1.371370553970336914e-01,-1.256418526172637939e-01,-1.081653609871864319e-01,-8.582369238138198853e-02,-5.767226591706275940e-02,-2.682944200932979584e-02,6.578103639185428619e-03,3.996166959404945374e-02,7.471825182437896729e-02,1.075852811336517334e-01,1.371020376682281494e-01,1.630210876464843750e-01,1.838766932487487793e-01,1.985676288604736328e-01,2.076168805360794067e-01,2.111839205026626587e-01,2.083482146263122559e-01,2.015000730752944946e-01,1.900175958871841431e-01,1.760382652282714844e-01,1.600216329097747803e-01,1.422404050827026367e-01,1.253441870212554932e-01,1.074739098548889160e-01,9.089427441358566284e-02,7.455863803625106812e-02,5.946557596325874329e-02,4.501042887568473816e-02,3.101859241724014282e-02,1.742892712354660034e-02,3.727730130776762962e-03,-1.021172571927309036e-02,-2.562341839075088501e-02,-4.249394685029983521e-02,-5.991878360509872437e-02,-7.562897354364395142e-02,-9.302064031362533569e-02,-1.080937907099723816e-01,-1.225452870130538940e-01,-1.339947730302810669e-01,-1.416873782873153687e-01,-1.452550739049911499e-01,-1.424843668937683105e-01,-1.345758885145187378e-01,-1.225737631320953369e-01,-1.054027974605560303e-01,-8.348204195499420166e-02,-5.745545774698257446e-02,-2.968415431678295135e-02,4.505410906858742237e-04
-9.593141148798167706e-04,-1.171769388020038605e-02,-2.457339502871036530e-02,-3.678414598107337952e-02,-5.120286345481872559e-02,-6.632316112518310547e-02,-8.099720627069473267e-02,-9.651993215084075928e-02,-1.107831895351409912e-01,-1.245782151818275452e-01,-1.361458003520965576e-01,-1.439349800348281860e-01,-1.476883143186569214e-01,-1.474928855895996094e-01,-1.402339637279510498e-01,-1.288836151361465454e-01,-1.111044883728027344e-01,-8.855608105659484863e-02,-5.929272994399070740e-02,-2.725901827216148376e-02,5.665471311658620834e-03,4.023225605487823486e-02,7.573260366916656494e-02,1.093875169754028320e-01,1.406237781047821045e-01,1.663826555013656616e-01,1.886478960514068604e-01,2.030811607837677002e-01,2.140330821275711060e-01,2.165714651346206665e-01,2.148739397525787354e-01,2.076369822025299072e-01,1.970418244600296021e-01,1.825471818447113037e-01,1.667622476816177368e-01,1.484097987413406372e-01,1.307903826236724854e-01,1.128716617822647095e-01,9.650889784097671509e-02,7.927443087100982666e-02,6.392354518175125122e-02,4.865571483969688416e-02,3.412912786006927490e-02,1.971147581934928894e-02,5.420824512839317322e-03,-9.612178429961204529e-03,-2.569153904914855957e-02,-4.367903992533683777e-02,-6.140485405921936035e-02,-7.896252721548080444e-02,-9.645587950944900513e-02,-1.125517487525939941e-01,-1.272941976785659790e-01,-1.393401771783828735e-01,-1.467479914426803589e-01,-1.506388336420059204e-01,-1.482428908348083496e-01,-1.400547027587890625e-01,-1.271739751100540161e-01,-1.091368496417999268e-01,-8.622547239065170288e-02,-5.953641608357429504e-02,-3.050503879785537720e-02,8.630210068076848984e-04
-6.527971709147095680e-04,-1.161644887179136276e-02,-2.428365685045719147e-02,-3.676139563322067261e-02,-5.106883123517036438e-02,-6.533114612102508545e-02,-8.128479123115539551e-02,-9.615775197744369507e-02,-1.114478334784507751e-01,-1.247411295771598816e-01,-1.366786658763885498e-01,-1.452064812183380127e-01,-1.493874043226242065e-01,-1.492891609668731689e-01,-1.423124074935913086e-01,-1.313842535018920898e-01,-1.134547963738441467e-01,-9.047481417655944824e-02,-6.199134513735771179e-02,-2.971550449728965759e-02,5.042679142206907272e-03,3.939209878444671631e-02,7.536160945892333984e-02,1.096551269292831421e-01,1.403734833002090454e-01,1.677931994199752808e-01,1.899499297142028809e-01,2.053144723176956177e-01,2.156928777694702148e-01,2.195819765329360962e-01,2.172668278217315674e-01,2.106888443231582642e-01,1.995175033807754517e-01,1.855713874101638794e-01,1.695125102996826172e-01,1.515472531318664551e-01,1.339295208454132080e-01,1.159214898943901062e-01,9.904689341783523560e-02,8.199734985828399658e-02,6.624531745910644531e-02,5.071404203772544861e-02,3.548942506313323975e-02,2.129516191780567169e-02,6.344751920551061630e-03,-9.064113721251487732e-03,-2.604576386511325836e-02,-4.428771510720252991e-02,-6.318067759275436401e-02,-8.027404546737670898e-02,-9.868991374969482422e-02,-1.150128096342086792e-01,-1.310294419527053833e-01,-1.431452035903930664e-01,-1.507272720336914062e-01,-1.549996286630630493e-01,-1.518919765949249268e-01,-1.439083665609359741e-01,-1.307792961597442627e-01,-1.128234565258026123e-01,-8.923284709453582764e-02,-6.165254116058349609e-02,-3.162442520260810852e-02,6.053221295587718487e-04
-1.136175706051290035e-03,-1.184089016169309616e-02,-2.391605824232101440e-02,-3.596008196473121643e-02,-4.928437992930412292e-02,-6.424733251333236694e-02,-7.953549176454544067e-02,-9.599582850933074951e-02,-1.104006022214889526e-01,-1.247878298163414001e-01,-1.370639652013778687e-01,-1.452748924493789673e-01,-1.505751609802246094e-01,-1.507798582315444946e-01,-1.445488035678863525e-01,-1.332742124795913696e-01,-1.162183731794357300e-01,-9.341337531805038452e-02,-6.498213857412338257e-02,-3.225822001695632935e-02,1.151276985183358192e-03,3.603054955601692200e-02,7.201956957578659058e-02,1.062797158956527710e-01,1.379444301128387451e-01,1.645083874464035034e-01,1.880320310592651367e-01,2.032962441444396973e-01,2.146104425191879272e-01,2.178577482700347900e-01,2.165602743625640869e-01,2.095320224761962891e-01,1.988214701414108276e-01,1.850612312555313110e-01,1.691474318504333496e-01,1.513484716415405273e-01,1.334386467933654785e-01,1.157836318016052246e-01,9.921763837337493896e-02,8.208996057510375977e-02,6.666957587003707886e-02,5.076711997389793396e-02,3.637067228555679321e-02,2.132335118949413300e-02,6.397902034223079681e-03,-9.429433383047580719e-03,-2.634886838495731354e-02,-4.548654705286026001e-02,-6.434337794780731201e-02,-8.286692202091217041e-02,-1.010407358407974243e-01,-1.182676255702972412e-01,-1.344881653785705566e-01,-1.469493657350540161e-01,-1.548504233360290527e-01,-1.587855964899063110e-01,-1.560779064893722534e-01,-1.476707756519317627e-01,-1.346317082643508911e-01,-1.152460202574729919e-01,-9.126602113246917725e-02,-6.258264183998107910e-02,-3.165814653038978577e-02,9.186099632643163204e-04
-8.384791435673832893e-04,-1.097394619137048721e-02,-2.272971905767917633e-02,-3.478091955184936523e-02,-4.787508398294448853e-02,-6.160836294293403625e-02,-7.811781764030456543e-02,-9.352973103523254395e-02,-1.086470410227775574e-01,-1.224556639790534973e-01,-1.355160027742385864e-01,-1.446435600519180298e-01,-1.497139781713485718e-01,-1.510168612003326416e-01,-1.450092494487762451e-01,-1.347671896219253540e-01,-1.181865110993385315e-01,-9.545082598924636841e-02,-6.832516193389892578e-02,-3.630565851926803589e-02,-2.190410159528255463e-03,3.214476257562637329e-02,6.797371804714202881e-02,1.019191816449165344e-01,1.332175880670547485e-01,1.607903391122817993e-01,1.831179857254028320e-01,1.987033486366271973e-01,2.097748368978500366e-01,2.137247920036315918e-01,2.122440487146377563e-01,2.057394534349441528e-01,1.951453983783721924e-01,1.814894527196884155e-01,1.657399833202362061e-01,1.478293389081954956e-01,1.306935697793960571e-01,1.132409051060676575e-01,9.650301933288574219e-02,7.987342774868011475e-02,6.482390314340591431e-02,4.971642419695854187e-02,3.480930626392364502e-02,2.060212939977645874e-02,5.348768550902605057e-03,-1.019035559147596359e-02,-2.733659185469150543e-02,-4.609631001949310303e-02,-6.597751379013061523e-02,-8.325935900211334229e-02,-1.026402339339256287e-01,-1.197638958692550659e-01,-1.359331756830215454e-01,-1.489359885454177856e-01,-1.571669429540634155e-01,-1.614809185266494751e-01,-1.584211885929107666e-01,-1.500882804393768311e-01,-1.366410553455352783e-01,-1.174374371767044067e-01,-9.326092898845672607e-02,-6.384443491697311401e-02,-3.294712305068969727e-02,2.152484958060085773e-04
-1.323872362263500690e-03,-1.036512665450572968e-02,-2.167934924364089966e-02,-3.305086493492126465e-02,-4.559097066521644592e-02,-5.944820865988731384e-02,-7.442168891429901123e-02,-9.116526693105697632e-02,-1.056082025170326233e-01,-1.202660948038101196e-01,-1.336579173803329468e-01,-1.432528644800186157e-01,-1.493514180183410645e-01,-1.506727635860443115e-01,-1.455802470445632935e-01,-1.358351409435272217e-01,-1.201442182064056396e-01,-9.864793717861175537e-02,-7.185272872447967529e-02,-4.031902179121971130e-02,-7.829032838344573975e-03,2.653046697378158569e-02,6.132570654153823853e-02,9.493999928236007690e-02,1.264638900756835938e-01,1.527224928140640259e-01,1.754087507724761963e-01,1.904087513685226440e-01,2.020144313573837280e-01,2.052716314792633057e-01,2.041188329458236694e-01,1.973290741443634033e-01,1.876221001148223877e-01,1.738782227039337158e-01,1.587594449520111084e-01,1.414656192064285278e-01,1.245499923825263977e-01,1.076770871877670288e-01,9.214025735855102539e-02,7.575813680887222290e-02,6.133263558149337769e-02,4.683838039636611938e-02,3.292145207524299622e-02,1.844498701393604279e-02,3.943232353776693344e-03,-1.186167821288108826e-02,-2.835710532963275909e-02,-4.736595600843429565e-02,-6.669398397207260132e-02,-8.530838787555694580e-02,-1.037137359380722046e-01,-1.213357225060462952e-01,-1.373084634542465210e-01,-1.503340154886245728e-01,-1.585647910833358765e-01,-1.624985337257385254e-01,-1.599775403738021851e-01,-1.515986621379852295e-01,-1.375488638877868652e-01,-1.179858297109603882e-01,-9.343610703945159912e-02,-6.421089172363281250e-02,-3.278566524386405945e-02,4.404748906381428242e-04
-7.042989600449800491e-04,-9.610309265553951263e-03,-2.021706849336624146e-02,-3.122368827462196350e-02,-4.342671111226081848e-02,-5.575704202055931091e-02,-7.134446501731872559e-02,-8.736176788806915283e-02,-1.027214303612709045e-01,-1.165907531976699829e-01,-1.300200074911117554e-01,-1.402457654476165771e-01,-1.469658911228179932e-01,-1.491472870111465454e-01,-1.449382752180099487e-01,-1.364430040121078491e-01,-1.215840131044387817e-01,-1.006861701607704163e-01,-7.524148374795913696e-02,-4.497680068016052246e-02,-1.279092300683259964e-02,2.032862231135368347e-02,5.468598753213882446e-02,8.728393167257308960e-02,1.173347756266593933e-01,1.441642940044403076e-01,1.659397035837173462e-01,1.809274405241012573e-01,1.916982233524322510e-01,1.952897310256958008e-01,1.940661370754241943e-01,1.876574009656906128e-01,1.779178977012634277e-01,1.644340604543685913e-01,1.494213789701461792e-01,1.327867209911346436e-01,1.163622662425041199e-01,1.003838554024696350e-01,8.496622741222381592e-02,6.970398128032684326e-02,5.578005313873291016e-02,4.216960445046424866e-02,2.874032594263553619e-02,1.557756401598453522e-02,1.567518571391701698e-03,-1.363621558994054794e-02,-3.004804998636245728e-02,-4.794746637344360352e-02,-6.771038472652435303e-02,-8.499133586883544922e-02,-1.030435413122177124e-01,-1.201825961470603943e-01,-1.368515938520431519e-01,-1.493978947401046753e-01,-1.575814783573150635e-01,-1.622583419084548950e-01,-1.593691706657409668e-01,-1.512489169836044312e-01,-1.377324014902114868e-01,-1.185966581106185913e-01,-9.425987303256988525e-02,-6.490126252174377441e-02,-3.313294425606727600e-02,-1.380192552460357547e-04
-9.908108040690422058e-04,-8.932039141654968262e-03,-1.861689426004886627e-02,-2.871114760637283325e-02,-3.989280015230178833e-02,-5.219960957765579224e-02,-6.628691405057907104e-02,-8.382848650217056274e-02,-9.867954999208450317e-02,-1.137191951274871826e-01,-1.270535886287689209e-01,-1.377772390842437744e-01,-1.455245316028594971e-01,-1.482063978910446167e-01,-1.450024247169494629e-01,-1.368785202503204346e-01,-1.234799548983573914e-01,-1.034925803542137146e-01,-7.920889556407928467e-02,-4.968071356415748596e-02,-1.939176581799983978e-02,1.345997117459774017e-02,4.589729011058807373e-02,7.800938189029693604e-02,1.075726598501205444e-01,1.324588209390640259e-01,1.544169932603836060e-01,1.688971668481826782e-01,1.795249730348587036e-01,1.822018474340438843e-01,1.813406199216842651e-01,1.745292544364929199e-01,1.649606078863143921e-01,1.516598612070083618e-01,1.370428204536437988e-01,1.211410164833068848e-01,1.055030673742294312e-01,8.988215029239654541e-02,7.550033926963806152e-02,6.107950583100318909e-02,4.844526574015617371e-02,3.539279848337173462e-02,2.351885102689266205e-02,1.071461290121078491e-02,-1.867431565187871456e-03,-1.620614156126976013e-02,-3.128951787948608398e-02,-4.853775352239608765e-02,-6.732607632875442505e-02,-8.563090860843658447e-02,-1.028408259153366089e-01,-1.198484152555465698e-01,-1.358036249876022339e-01,-1.487436890602111816e-01,-1.567244529724121094e-01,-1.607632488012313843e-01,-1.583834588527679443e-01,-1.502803266048431396e-01,-1.370452791452407837e-01,-1.174408346414566040e-01,-9.307419508695602417e-02,-6.391869485378265381e-02,-3.245776146650314331e-02,8.548859041184186935e-04
-6.950816605240106583e-04,-7.782283239066600800e-03,-1.675480417907238007e-02,-2.642665058374404907e-02,-3.709248080849647522e-02,-4.877090081572532654e-02,-6.291496008634567261e-02,-7.890903204679489136e-02,-9.553299844264984131e-02,-1.092756986618041992e-01,-1.232735812664031982e-01,-1.343516260385513306e-01,-1.423205435276031494e-01,-1.460920274257659912e-01,-1.438236981630325317e-01,-1.370328366756439209e-01,-1.243293881416320801e-01,-1.058832034468650818e-01,-8.247045427560806274e-02,-5.495939403772354126e-02,-2.530301734805107117e-02,5.886489525437355042e-03,3.762436658143997192e-02,6.811708956956863403e-02,9.643989056348800659e-02,1.209381520748138428e-01,1.415883898735046387e-01,1.553242802619934082e-01,1.653147488832473755e-01,1.683275103569030762e-01,1.669854819774627686e-01,1.603912562131881714e-01,1.504709720611572266e-01,1.378358602523803711e-01,1.233037114143371582e-01,1.082932651042938232e-01,9.284351766109466553e-02,7.834743708372116089e-02,6.457376480102539062e-02,5.177965760231018066e-02,4.018592089414596558e-02,2.870001271367073059e-02,1.757926121354103088e-02,6.209844723343849182e-03,-5.797659512609243393e-03,-1.880199462175369263e-02,-3.308219462633132935e-02,-4.900055378675460815e-02,-6.789650768041610718e-02,-8.456267416477203369e-02,-1.020218953490257263e-01,-1.177502721548080444e-01,-1.336345821619033813e-01,-1.459481269121170044e-01,-1.545338183641433716e-01,-1.588483303785324097e-01,-1.562865525484085083e-01,-1.483475863933563232e-01,-1.352378726005554199e-01,-1.163700148463249207e-01,-9.254095703363418579e-02,-6.373029202222824097e-02,-3.298943117260932922e-02,1.908916019601747394e-04
-1.008986379019916058e-03,-6.718171760439872742e-03,-1.505264546722173691e-02,-2.367841079831123352e-02,-3.398687019944190979e-02,-4.539285972714424133e-02,-5.827964469790458679e-02,-7.490239292383193970e-02,-9.088052064180374146e-02,-1.060993298888206482e-01,-1.197658553719520569e-01,-1.315676867961883545e-01,-1.400802731513977051e-01,-1.444008350372314453e-01,-1.429416835308074951e-01,-1.369503736495971680e-01,-1.254917532205581665e-01,-1.081588566303253174e-01,-8.607298135757446289e-02,-5.955177173018455505e-02,-3.173500671982765198e-02,-1.595360576175153255e-03,2.794675529003143311e-02,5.803352594375610352e-02,8.504842966794967651e-02,1.080655008554458618e-01,1.279378831386566162e-01,1.412241011857986450e-01,1.504513472318649292e-01,1.527624577283859253e-01,1.513930410146713257e-01,1.442718952894210815e-01,1.346585154533386230e-01,1.218534931540489197e-01,1.084607988595962524e-01,9.380092471837997437e-02,7.930178940296173096e-02,6.504364311695098877e-02,5.312141031026840210e-02,4.073600843548774719e-02,3.040651418268680573e-02,2.031335979700088501e-02,1.048939861357212067e-02,-1.421109336661174893e-04,-1.056854613125324249e-02,-2.244270034134387970e-02,-3.524950891733169556e-02,-4.982149973511695862e-02,-6.679193675518035889e-02,-8.438656479120254517e-02,-1.004902049899101257e-01,-1.160936579108238220e-01,-1.306824982166290283e-01,-1.429191082715988159e-01,-1.509469896554946899e-01,-1.549049615859985352e-01,-1.530310362577438354e-01,-1.453903466463088989e-01,-1.319656670093536377e-01,-1.134393736720085144e-01,-9.018050879240036011e-02,-6.251244246959686279e-02,-3.213277831673622131e-02,6.869005737826228142e-04
-4.475317837204784155e-04,-5.759761203080415726e-03,-1.354231219738721848e-02,-2.142979577183723450e-02,-3.120645508170127869e-02,-4.192249849438667297e-02,-5.511090531945228577e-02,-7.040363550186157227e-02,-8.761545270681381226e-02,-1.017183959484100342e-01,-1.155287697911262512e-01,-1.273882091045379639e-01,-1.368398666381835938e-01,-1.416905969381332397e-01,-1.411053538322448730e-01,-1.363632529973983765e-01,-1.256602853536605835e-01,-1.098586395382881165e-01,-8.892691135406494141e-02,-6.429819762706756592e-02,-3.699386492371559143e-02,-8.975668810307979584e-03,1.974203065037727356e-02,4.785865172743797302e-02,7.358388602733612061e-02,9.569045901298522949e-02,1.140832826495170593e-01,1.267643868923187256e-01,1.350412219762802124e-01,1.375575512647628784e-01,1.348071396350860596e-01,1.283033490180969238e-01,1.179862096905708313e-01,1.059085577726364136e-01,9.222545474767684937e-02,7.842931896448135376e-02,6.434035301208496094e-02,5.162541195750236511e-02,4.087688773870468140e-02,2.948230318725109100e-02,2.039722725749015808e-02,1.182379480451345444e-02,3.462642431259155273e-03,-5.360491108149290085e-03,-1.459291856735944748e-02,-2.524007111787796021e-02,-3.725638240575790405e-02,-5.033064261078834534e-02,-6.654901057481765747e-02,-8.243490010499954224e-02,-9.819169342517852783e-02,-1.121213734149932861e-01,-1.270281076431274414e-01,-1.385882794857025146e-01,-1.466081887483596802e-01,-1.510068476200103760e-01,-1.490021646022796631e-01,-1.415843516588211060e-01,-1.288454085588455200e-01,-1.117102205753326416e-01,-8.846842497587203979e-02,-6.142865493893623352e-02,-3.147277235984802246e-02,4.741052107419818640e-04
-5.264737410470843315e-04,-5.510918796062469482e-03,-1.214456744492053986e-02,-1.934148184955120087e-02,-2.833990193903446198e-02,-3.887346759438514709e-02,-5.105057358741760254e-02,-6.692693382501602173e-02,-8.295770734548568726e-02,-9.837016463279724121e-02,-1.119187027215957642e-01,-1.241489425301551819e-01,-1.342571079730987549e-01,-1.395435035228729248e-01,-1.399689018726348877e-01,-1.356698125600814819e-01,-1.263950169086456299e-01,-1.112909168004989624e-01,-9.192281216382980347e-02,-6.829640269279479980e-02,-4.255812615156173706e-02,-1.581863872706890106e-02,1.115493942052125931e-02,3.817726671695709229e-02,6.256061047315597534e-02,8.298215270042419434e-02,1.006891131401062012e-01,1.125740855932235718e-01,1.204403191804885864e-01,1.210065707564353943e-01,1.186040937900543213e-01,1.106497645378112793e-01,1.010597944259643555e-01,8.908387273550033569e-02,7.553532719612121582e-02,6.216427683830261230e-02,4.915513843297958374e-02,3.775436803698539734e-02,2.715961448848247528e-02,1.756603084504604340e-02,9.516870602965354919e-03,2.080621896311640739e-03,-4.886515438556671143e-03,-1.208204776048660278e-02,-1.983198523521423340e-02,-2.864094823598861694e-02,-3.912666812539100647e-02,-5.100800096988677979e-02,-6.492481380701065063e-02,-8.074203878641128540e-02,-9.569036960601806641e-02,-1.097040623426437378e-01,-1.232838779687881470e-01,-1.347342282533645630e-01,-1.423262208700180054e-01,-1.464446634054183960e-01,-1.444118320941925049e-01,-1.371347904205322266e-01,-1.250279992818832397e-01,-1.075093001127243042e-01,-8.514964580535888672e-02,-5.904941633343696594e-02,-2.968021668493747711e-02,9.671864681877195835e-04
-3.827828913927078247e-04,-4.502551630139350891e-03,-1.093256659805774689e-02,-1.771463453769683838e-02,-2.624429762363433838e-02,-3.621220216155052185e-02,-4.840689152479171753e-02,-6.311192363500595093e-02,-7.992856204509735107e-02,-9.429090470075607300e-02,-1.085374578833580017e-01,-1.205841228365898132e-01,-1.305549293756484985e-01,-1.368614584207534790e-01,-1.378220915794372559e-01,-1.345394849777221680e-01,-1.259557008743286133e-01,-1.124263480305671692e-01,-9.421272575855255127e-02,-7.206905633211135864e-02,-4.723444581031799316e-02,-2.191823348402976990e-02,3.881093114614486694e-03,2.934535406529903412e-02,5.244204401969909668e-02,7.201709598302841187e-02,8.798003941774368286e-02,9.909522533416748047e-02,1.055442467331886292e-01,1.065015941858291626e-01,1.024529039859771729e-01,9.553228318691253662e-02,8.516082167625427246e-02,7.325035333633422852e-02,5.964561179280281067e-02,4.705552011728286743e-02,3.453532233834266663e-02,2.317348122596740723e-02,1.419357117265462875e-02,5.302607081830501556e-03,-1.038349466398358345e-03,-7.032535970211029053e-03,-1.212123595178127289e-02,-1.766002550721168518e-02,-2.394329942762851715e-02,-3.173873946070671082e-02,-4.054939001798629761e-02,-5.130425840616226196e-02,-6.438366323709487915e-02,-7.794319093227386475e-02,-9.343179315328598022e-02,-1.057576164603233337e-01,-1.185040548443794250e-01,-1.292173117399215698e-01,-1.370161026716232300e-01,-1.412140280008316040e-01,-1.396110206842422485e-01,-1.326486021280288696e-01,-1.206986829638481140e-01,-1.044938489794731140e-01,-8.266875892877578735e-02,-5.768026039004325867e-02,-2.956898696720600128e-02,2.029771858360618353e-04
-7.083722157403826714e-04,-4.084529355168342590e-03,-9.957308880984783173e-03,-1.657999679446220398e-02,-2.468148805201053619e-02,-3.451521322131156921e-02,-4.608057066798210144e-02,-6.072292849421501160e-02,-7.664731144905090332e-02,-9.183112531900405884e-02,-1.055384352803230286e-01,-1.181048452854156494e-01,-1.282275170087814331e-01,-1.347091794013977051e-01,-1.359169185161590576e-01,-1.334087401628494263e-01,-1.255035400390625000e-01,-1.128840222954750061e-01,-9.573583304882049561e-02,-7.482378184795379639e-02,-5.122486129403114319e-02,-2.716741897165775299e-02,-2.785509685054421425e-03,2.176683954894542694e-02,4.374213889241218567e-02,6.159486994147300720e-02,7.664781063795089722e-02,8.688747882843017578e-02,9.256429225206375122e-02,9.236899763345718384e-02,8.827142417430877686e-02,8.086536824703216553e-02,7.046557962894439697e-02,5.834035202860832214e-02,4.537868499755859375e-02,3.282121568918228149e-02,2.092136256396770477e-02,1.072501391172409058e-02,1.983664464205503464e-03,-5.531052127480506897e-03,-1.122446265071630478e-02,-1.613352447748184204e-02,-1.983336918056011200e-02,-2.465392090380191803e-02,-2.933767996728420258e-02,-3.528754040598869324e-02,-4.291717708110809326e-02,-5.186429619789123535e-02,-6.306590139865875244e-02,-7.599777728319168091e-02,-8.992771804332733154e-02,-1.028850525617599487e-01,-1.142838522791862488e-01,-1.241973638534545898e-01,-1.316121369600296021e-01,-1.354332119226455688e-01,-1.337643414735794067e-01,-1.273213326930999756e-01,-1.153625175356864929e-01,-9.992764145135879517e-02,-7.897708564996719360e-02,-5.533897876739501953e-02,-2.808053046464920044e-02,4.233270592521876097e-04
-2.642719773575663567e-04,-3.923560492694377899e-03,-9.519205428659915924e-03,-1.582328416407108307e-02,-2.364628762006759644e-02,-3.308564051985740662e-02,-4.460659250617027283e-02,-5.881851539015769958e-02,-7.488212734460830688e-02,-8.878646790981292725e-02,-1.027440428733825684e-01,-1.149086207151412964e-01,-1.252783238887786865e-01,-1.317420750856399536e-01,-1.336965411901473999e-01,-1.316003948450088501e-01,-1.242198720574378967e-01,-1.126606464385986328e-01,-9.641620516777038574e-02,-7.657349109649658203e-02,-5.361943319439888000e-02,-3.107075206935405731e-02,-7.367096375674009323e-03,1.557886227965354919e-02,3.608298674225807190e-02,5.343790352344512939e-02,6.711283326148986816e-02,7.647807896137237549e-02,8.098905533552169800e-02,8.087776601314544678e-02,7.597528398036956787e-02,6.851234287023544312e-02,5.803190544247627258e-02,4.570179060101509094e-02,3.268249705433845520e-02,2.088006958365440369e-02,9.476631879806518555e-03,-1.031831605359911919e-03,-8.300116285681724548e-03,-1.585008762776851654e-02,-2.026008069515228271e-02,-2.384888380765914917e-02,-2.626032382249832153e-02,-2.957432903349399567e-02,-3.301656618714332581e-02,-3.775064274668693542e-02,-4.421772435307502747e-02,-5.181032046675682068e-02,-6.195412203669548035e-02,-7.279852032661437988e-02,-8.625793457031250000e-02,-9.813331067562103271e-02,-1.096452847123146057e-01,-1.186904907226562500e-01,-1.254867017269134521e-01,-1.296784281730651855e-01,-1.281898319721221924e-01,-1.218792200088500977e-01,-1.111887916922569275e-01,-9.626899659633636475e-02,-7.626418769359588623e-02,-5.363135784864425659e-02,-2.702752128243446350e-02,-1.141746088251238689e-05
-5.359452916309237480e-04,-3.719780361279845238e-03,-9.008330292999744415e-03,-1.487212907522916794e-02,-2.238244935870170593e-02,-3.144948184490203857e-02,-4.273162037134170532e-02,-5.743363127112388611e-02,-7.224130630493164062e-02,-8.708310127258300781e-02,-1.005323082208633423e-01,-1.129915863275527954e-01,-1.231119781732559204e-01,-1.300313174724578857e-01,-1.318736523389816284e-01,-1.300128549337387085e-01,-1.233620941638946533e-01,-1.119408309459686279e-01,-9.657921642065048218e-02,-7.715827226638793945e-02,-5.538051947951316833e-02,-3.354378417134284973e-02,-1.081630215048789978e-02,1.080043986439704895e-02,3.100007772445678711e-02,4.669933393597602844e-02,5.987467616796493530e-02,6.816682219505310059e-02,7.251568883657455444e-02,7.076520472764968872e-02,6.576726585626602173e-02,5.755813047289848328e-02,4.662182927131652832e-02,3.480181097984313965e-02,2.208575606346130371e-02,1.047672238200902939e-02,-5.865406128577888012e-04,-9.755237959325313568e-03,-1.718470826745033264e-02,-2.327158115804195404e-02,-2.720340713858604431e-02,-3.027979657053947449e-02,-3.224912658333778381e-02,-3.422402217984199524e-02,-3.655144572257995605e-02,-3.968409448862075806e-02,-4.509472474455833435e-02,-5.166185274720191956e-02,-6.034934148192405701e-02,-7.073601335287094116e-02,-8.241453766822814941e-02,-9.443391859531402588e-02,-1.047672256827354431e-01,-1.137172654271125793e-01,-1.200656741857528687e-01,-1.237712055444717407e-01,-1.223454847931861877e-01,-1.161395460367202759e-01,-1.059526577591896057e-01,-9.163322299718856812e-02,-7.227946072816848755e-02,-5.069313943386077881e-02,-2.539732493460178375e-02,7.839442114345729351e-04
-5.368173005990684032e-04,-3.697731997817754745e-03,-8.949491195380687714e-03,-1.475657802075147629e-02,-2.198982238769531250e-02,-3.103375062346458435e-02,-4.234782978892326355e-02,-5.619861185550689697e-02,-7.169208675622940063e-02,-8.508830517530441284e-02,-9.911175817251205444e-02,-1.109089553356170654e-01,-1.208336278796195984e-01,-1.276303231716156006e-01,-1.299216449260711670e-01,-1.282498985528945923e-01,-1.215417012572288513e-01,-1.109825447201728821e-01,-9.611626714468002319e-02,-7.735838741064071655e-02,-5.591132119297981262e-02,-3.477327153086662292e-02,-1.279149856418371201e-02,7.888304069638252258e-03,2.702431753277778625e-02,4.211970046162605286e-02,5.452023446559906006e-02,6.211468204855918884e-02,6.537185609340667725e-02,6.332650035619735718e-02,5.800724402070045471e-02,4.956110939383506775e-02,3.882984817028045654e-02,2.687403745949268341e-02,1.394388638436794281e-02,2.682141494005918503e-03,-8.595265448093414307e-03,-1.764468289911746979e-02,-2.448898367583751678e-02,-3.004958294332027435e-02,-3.323986753821372986e-02,-3.512103110551834106e-02,-3.572918474674224854e-02,-3.714949265122413635e-02,-3.852855041623115540e-02,-4.108062013983726501e-02,-4.515513777732849121e-02,-5.137505382299423218e-02,-5.918881669640541077e-02,-6.802873313426971436e-02,-7.978851348161697388e-02,-9.005719423294067383e-02,-1.004127785563468933e-01,-1.083338260650634766e-01,-1.147504076361656189e-01,-1.183451786637306213e-01,-1.170096769928932190e-01,-1.113231703639030457e-01,-1.016850247979164124e-01,-8.789267390966415405e-02,-6.959898024797439575e-02,-4.922590032219886780e-02,-2.505114860832691193e-02,3.623419033829122782e-04
-4.593021876644343138e-04,-3.531741676852107048e-03,-8.854237385094165802e-03,-1.475796755403280258e-02,-2.237414568662643433e-02,-3.129471465945243835e-02,-4.244994744658470154e-02,-5.654031783342361450e-02,-7.076984643936157227e-02,-8.482854813337326050e-02,-9.800481051206588745e-02,-1.099114492535591125e-01,-1.193976476788520813e-01,-1.259447336196899414e-01,-1.277132034301757812e-01,-1.261318027973175049e-01,-1.196011826395988464e-01,-1.090809032320976257e-01,-9.419932216405868530e-02,-7.548882812261581421e-02,-5.544118583202362061e-02,-3.467703610658645630e-02,-1.348178554326295853e-02,6.983033847063779831e-03,2.555413171648979187e-02,3.989005088806152344e-02,5.130213499069213867e-02,5.896154418587684631e-02,6.157560646533966064e-02,5.933446437120437622e-02,5.336362123489379883e-02,4.475389048457145691e-02,3.331920504570007324e-02,2.139202319085597992e-02,9.008967317640781403e-03,-3.149355063214898109e-03,-1.410690881311893463e-02,-2.270944602787494659e-02,-2.907679416239261627e-02,-3.419483453035354614e-02,-3.704792633652687073e-02,-3.836891055107116699e-02,-3.889175131916999817e-02,-3.963016718626022339e-02,-4.050318524241447449e-02,-4.214435070753097534e-02,-4.589006677269935608e-02,-5.075065046548843384e-02,-5.768135562539100647e-02,-6.616255640983581543e-02,-7.619978487491607666e-02,-8.697944879531860352e-02,-9.628800302743911743e-02,-1.039031669497489929e-01,-1.097156330943107605e-01,-1.131399571895599365e-01,-1.119407266378402710e-01,-1.065398752689361572e-01,-9.687805175781250000e-02,-8.380569517612457275e-02,-6.686669588088989258e-02,-4.704384133219718933e-02,-2.388617768883705139e-02,7.021711207926273346e-04
-1.195586301037110388e-04,-3.800920443609356880e-03,-9.404424577951431274e-03,-1.527610793709754944e-02,-2.258861623704433441e-02,-3.167078644037246704e-02,-4.303359985351562500e-02,-5.665027722716331482e-02,-7.099726051092147827e-02,-8.396109193563461304e-02,-9.718500077724456787e-02,-1.084080636501312256e-01,-1.178396046161651611e-01,-1.237485855817794800e-01,-1.256501823663711548e-01,-1.236100196838378906e-01,-1.168894767761230469e-01,-1.067666783928871155e-01,-9.191509336233139038e-02,-7.370973378419876099e-02,-5.333285033702850342e-02,-3.292646259069442749e-02,-1.194775477051734924e-02,7.639222778379917145e-03,2.568283490836620331e-02,3.989301249384880066e-02,5.092804506421089172e-02,5.743116885423660278e-02,5.987718328833580017e-02,5.769594758749008179e-02,5.158131197094917297e-02,4.237309843301773071e-02,3.171084448695182800e-02,1.943351887166500092e-02,6.495400331914424896e-03,-5.224387627094984055e-03,-1.640573516488075256e-02,-2.475700341165065765e-02,-3.097143024206161499e-02,-3.644534945487976074e-02,-3.884726762771606445e-02,-3.987615555524826050e-02,-3.966455906629562378e-02,-4.037378728389739990e-02,-4.075874760746955872e-02,-4.203630983829498291e-02,-4.521015658974647522e-02,-4.974690079689025879e-02,-5.606333911418914795e-02,-6.369444727897644043e-02,-7.350976020097732544e-02,-8.292441070079803467e-02,-9.268725663423538208e-02,-9.998815506696701050e-02,-1.054736673831939697e-01,-1.090603172779083252e-01,-1.079674586653709412e-01,-1.027972474694252014e-01,-9.378287941217422485e-02,-8.126621693372726440e-02,-6.466104835271835327e-02,-4.564099758863449097e-02,-2.314446307718753815e-02,5.273774149827659130e-04
-1.831809931900352240e-04,-4.094163887202739716e-03,-9.533656761050224304e-03,-1.561450213193893433e-02,-2.299555763602256775e-02,-3.239414095878601074e-02,-4.344308376312255859e-02,-5.763148888945579529e-02,-7.065051048994064331e-02,-8.414463698863983154e-02,-9.660445898771286011e-02,-1.077513322234153748e-01,-1.166469082236289978e-01,-1.221053674817085266e-01,-1.233648434281349182e-01,-1.210936009883880615e-01,-1.141680181026458740e-01,-1.036069020628929138e-01,-8.827296644449234009e-02,-7.023183256387710571e-02,-5.068091675639152527e-02,-3.028704971075057983e-02,-9.132190607488155365e-03,1.007145363837480545e-02,2.805333025753498077e-02,4.169887304306030273e-02,5.275063589215278625e-02,5.873478576540946960e-02,6.110424920916557312e-02,5.842751637101173401e-02,5.269511416554450989e-02,4.309299588203430176e-02,3.202843666076660156e-02,2.020855806767940521e-02,7.336499169468879700e-03,-4.323370754718780518e-03,-1.511436514556407928e-02,-2.389005199074745178e-02,-3.071895614266395569e-02,-3.537434339523315430e-02,-3.781405463814735413e-02,-3.905699774622917175e-02,-3.968381136655807495e-02,-3.987775743007659912e-02,-4.022154584527015686e-02,-4.126378893852233887e-02,-4.418164119124412537e-02,-4.839372634887695312e-02,-5.434891954064369202e-02,-6.204747036099433899e-02,-7.094829529523849487e-02,-8.089020848274230957e-02,-8.970959484577178955e-02,-9.704262763261795044e-02,-1.021748185157775879e-01,-1.056075990200042725e-01,-1.043183282017707825e-01,-9.930721670389175415e-02,-9.050016850233078003e-02,-7.813894003629684448e-02,-6.218217313289642334e-02,-4.358147829771041870e-02,-2.165236137807369232e-02,8.909349562600255013e-04
-1.659524423303082585e-04,-4.635672550648450851e-03,-1.049990858882665634e-02,-1.670474000275135040e-02,-2.414555661380290985e-02,-3.335956111550331116e-02,-4.471913352608680725e-02,-5.826281756162643433e-02,-7.124988734722137451e-02,-8.372545242309570312e-02,-9.637429565191268921e-02,-1.066645607352256775e-01,-1.148909628391265869e-01,-1.201557666063308716e-01,-1.210003495216369629e-01,-1.180390641093254089e-01,-1.109186336398124695e-01,-1.004009917378425598e-01,-8.454472571611404419e-02,-6.656228750944137573e-02,-4.622997716069221497e-02,-2.588547207415103912e-02,-5.225853994488716125e-03,1.389639638364315033e-02,3.190724924206733704e-02,4.567721113562583923e-02,5.657278746366500854e-02,6.223997846245765686e-02,6.440615653991699219e-02,6.165250018239021301e-02,5.615120753645896912e-02,4.698697105050086975e-02,3.601617738604545593e-02,2.405051700770854950e-02,1.141606457531452179e-02,-6.013186648488044739e-04,-1.163000799715518951e-02,-2.062927372753620148e-02,-2.758063748478889465e-02,-3.276436030864715576e-02,-3.505071252584457397e-02,-3.655829280614852905e-02,-3.680023923516273499e-02,-3.786214441061019897e-02,-3.810925409197807312e-02,-3.982914611697196960e-02,-4.230191931128501892e-02,-4.704017192125320435e-02,-5.278925597667694092e-02,-6.025850027799606323e-02,-6.972880661487579346e-02,-7.843059301376342773e-02,-8.708941191434860229e-02,-9.395045787096023560e-02,-9.922875463962554932e-02,-1.025617495179176331e-01,-1.014369502663612366e-01,-9.695901721715927124e-02,-8.845485001802444458e-02,-7.625839859247207642e-02,-6.065425649285316467e-02,-4.285905137658119202e-02,-2.160720899701118469e-02,5.829127621836960316e-04
-2.849671291187405586e-04,-4.958054050803184509e-03,-1.117610931396484375e-02,-1.798230409622192383e-02,-2.578769251704216003e-02,-3.557821735739707947e-02,-4.638643562793731689e-02,-5.950204282999038696e-02,-7.178978621959686279e-02,-8.449508994817733765e-02,-9.596583247184753418e-02,-1.063112467527389526e-01,-1.136676669120788574e-01,-1.182117611169815063e-01,-1.180136874318122864e-01,-1.150507777929306030e-01,-1.073386967182159424e-01,-9.617108106613159180e-02,-7.954954355955123901e-02,-6.208521500229835510e-02,-4.229073971509933472e-02,-2.125426568090915680e-02,-5.535518284887075424e-04,1.904735341668128967e-02,3.703327849507331848e-02,5.103044211864471436e-02,6.163374334573745728e-02,6.804080307483673096e-02,6.983262300491333008e-02,6.767493486404418945e-02,6.225408241152763367e-02,5.349458754062652588e-02,4.240268096327781677e-02,3.032878413796424866e-02,1.789974793791770935e-02,5.815366283059120178e-03,-5.476995371282100677e-03,-1.449674554169178009e-02,-2.175454795360565186e-02,-2.673993259668350220e-02,-2.993350103497505188e-02,-3.232896327972412109e-02,-3.356761485338211060e-02,-3.489085659384727478e-02,-3.595761209726333618e-02,-3.759903460741043091e-02,-4.079469293355941772e-02,-4.512120038270950317e-02,-5.172397196292877197e-02,-5.955738946795463562e-02,-6.838140636682510376e-02,-7.743614912033081055e-02,-8.555542677640914917e-02,-9.227411448955535889e-02,-9.759767353534698486e-02,-1.005225554108619690e-01,-9.938448667526245117e-02,-9.480475634336471558e-02,-8.608657121658325195e-02,-7.459707558155059814e-02,-5.934817716479301453e-02,-4.183324426412582397e-02,-2.095843106508255005e-02,6.042427266947925091e-04
-1.166673755506053567e-04,-5.673368927091360092e-03,-1.213860977441072464e-02,-1.936250925064086914e-02,-2.717321179807186127e-02,-3.691421449184417725e-02,-4.800805822014808655e-02,-6.059478968381881714e-02,-7.267133891582489014e-02,-8.414030820131301880e-02,-9.555039554834365845e-02,-1.049649789929389954e-01,-1.119389981031417847e-01,-1.155527606606483459e-01,-1.152093857526779175e-01,-1.114129275083541870e-01,-1.033878624439239502e-01,-9.168229997158050537e-02,-7.493115961551666260e-02,-5.706084147095680237e-02,-3.625754266977310181e-02,-1.548217888921499252e-02,5.357390269637107849e-03,2.488535083830356598e-02,4.313717409968376160e-02,5.749276652932167053e-02,6.864485889673233032e-02,7.454682886600494385e-02,7.725136727094650269e-02,7.523602992296218872e-02,7.047432661056518555e-02,6.166195496916770935e-02,5.139531195163726807e-02,3.925196081399917603e-02,2.705504186451435089e-02,1.477895211428403854e-02,3.339553251862525940e-03,-6.115836557000875473e-03,-1.312655583024024963e-02,-1.930599845945835114e-02,-2.312962710857391357e-02,-2.656205929815769196e-02,-2.810892462730407715e-02,-3.072206676006317139e-02,-3.228650987148284912e-02,-3.476104512810707092e-02,-3.826832771301269531e-02,-4.325232654809951782e-02,-4.993516579270362854e-02,-5.802135169506072998e-02,-6.727148592472076416e-02,-7.581435143947601318e-02,-8.439477533102035522e-02,-9.104102849960327148e-02,-9.595505148172378540e-02,-9.926841408014297485e-02,-9.804174304008483887e-02,-9.362290799617767334e-02,-8.533574640750885010e-02,-7.377305626869201660e-02,-5.875224992632865906e-02,-4.141395539045333862e-02,-2.093789540231227875e-02,3.864637692458927631e-04
-2.967975451610982418e-04,-5.672712344676256180e-03,-1.261408720165491104e-02,-1.989152655005455017e-02,-2.804535627365112305e-02,-3.779692947864532471e-02,-4.863863810896873474e-02,-6.141077727079391479e-02,-7.250168919563293457e-02,-8.446314930915832520e-02,-9.487279504537582397e-02,-1.039434969425201416e-01,-1.099390164017677307e-01,-1.132067367434501648e-01,-1.118409261107444763e-01,-1.073888093233108521e-01,-9.894401580095291138e-02,-8.626752346754074097e-02,-6.949012726545333862e-02,-5.148682370781898499e-02,-3.060459531843662262e-02,-9.538291022181510925e-03,1.186541095376014709e-02,3.155927360057830811e-02,5.013900995254516602e-02,6.497251987457275391e-02,7.611099630594253540e-02,8.331120014190673828e-02,8.588266372680664062e-02,8.446720242500305176e-02,7.964402437210083008e-02,7.224979996681213379e-02,6.177365407347679138e-02,5.027915164828300476e-02,3.779134899377822876e-02,2.599052898585796356e-02,1.467590965330600739e-02,5.082283634692430496e-03,-3.372533246874809265e-03,-9.934598580002784729e-03,-1.490407623350620270e-02,-1.898258179426193237e-02,-2.201479300856590271e-02,-2.494923211634159088e-02,-2.757521905004978180e-02,-3.078324906527996063e-02,-3.527678921818733215e-02,-4.093668609857559204e-02,-4.852695018053054810e-02,-5.740672722458839417e-02,-6.629080325365066528e-02,-7.529003173112869263e-02,-8.371036499738693237e-02,-9.079023450613021851e-02,-9.569899737834930420e-02,-9.830997884273529053e-02,-9.707999229431152344e-02,-9.221172332763671875e-02,-8.417998254299163818e-02,-7.292816042900085449e-02,-5.761669576168060303e-02,-4.049307107925415039e-02,-2.036058157682418823e-02,5.808870773762464523e-04
-1.884989615064114332e-04,-6.271361839026212692e-03,-1.333021465688943863e-02,-2.074569463729858398e-02,-2.879866212606430054e-02,-3.876936435699462891e-02,-4.983283206820487976e-02,-6.163406372070312500e-02,-7.291367650032043457e-02,-8.356083184480667114e-02,-9.400399774312973022e-02,-1.021832972764968872e-01,-1.075744926929473877e-01,-1.101353093981742859e-01,-1.085708662867546082e-01,-1.036787480115890503e-01,-9.455683827400207520e-02,-8.136817812919616699e-02,-6.403877586126327515e-02,-4.575405269861221313e-02,-2.413340657949447632e-02,-2.906688954681158066e-03,1.852315478026866913e-02,3.831972926855087280e-02,5.764991417527198792e-02,7.264491915702819824e-02,8.468348532915115356e-02,9.185047447681427002e-02,9.547653049230575562e-02,9.415110200643539429e-02,9.029304236173629761e-02,8.281670510768890381e-02,7.349646836519241333e-02,6.211682409048080444e-02,5.012189596891403198e-02,3.848014399409294128e-02,2.692294307053089142e-02,1.698132976889610291e-02,7.899222895503044128e-03,2.967730688396841288e-04,-5.723076406866312027e-03,-1.071786321699619293e-02,-1.443578302860260010e-02,-1.888996921479701996e-02,-2.219229191541671753e-02,-2.675716392695903778e-02,-3.177434206008911133e-02,-3.877802938222885132e-02,-4.694017022848129272e-02,-5.620511621236801147e-02,-6.600401550531387329e-02,-7.463504374027252197e-02,-8.339038491249084473e-02,-9.020861983299255371e-02,-9.549195319414138794e-02,-9.813618659973144531e-02,-9.669688344001770020e-02,-9.213913977146148682e-02,-8.422772586345672607e-02,-7.265869528055191040e-02,-5.782906711101531982e-02,-4.066586121916770935e-02,-2.079468034207820892e-02,3.888907958753407001e-04
-1.906078687170520425e-04,-6.146868690848350525e-03,-1.378308515995740891e-02,-2.118960209190845490e-02,-2.993363328278064728e-02,-3.997934237122535706e-02,-5.054830759763717651e-02,-6.224170699715614319e-02,-7.268158346414566040e-02,-8.347459882497787476e-02,-9.269393980503082275e-02,-1.006171628832817078e-01,-1.051457077264785767e-01,-1.071039065718650818e-01,-1.045455634593963623e-01,-9.933317452669143677e-02,-8.933037519454956055e-02,-7.546032220125198364e-02,-5.812274292111396790e-02,-3.939883038401603699e-02,-1.830330491065979004e-02,3.342958400025963783e-03,2.530086413025856018e-02,4.589747637510299683e-02,6.514647603034973145e-02,8.069459348917007446e-02,9.281130880117416382e-02,1.011589914560317993e-01,1.050106212496757507e-01,1.047417819499969482e-01,1.012457385659217834e-01,9.509470313787460327e-02,8.576570451259613037e-02,7.521726936101913452e-02,6.333146989345550537e-02,5.144026875495910645e-02,4.007293283939361572e-02,2.971246466040611267e-02,2.039326168596744537e-02,1.170894596725702286e-02,4.897455219179391861e-03,-1.067029079422354698e-03,-6.406377535313367844e-03,-1.153119746595621109e-02,-1.654326170682907104e-02,-2.192791365087032318e-02,-2.868225984275341034e-02,-3.636298701167106628e-02,-4.577999934554100037e-02,-5.562420561909675598e-02,-6.514392793178558350e-02,-7.467347383499145508e-02,-8.351141214370727539e-02,-9.052959084510803223e-02,-9.558316320180892944e-02,-9.796662628650665283e-02,-9.668154269456863403e-02,-9.167755395174026489e-02,-8.348285406827926636e-02,-7.222536951303482056e-02,-5.741443857550621033e-02,-4.037075862288475037e-02,-2.055335231125354767e-02,6.014293758198618889e-04
7.499237835872918367e-05,-6.636533420532941818e-03,-1.429637707769870758e-02,-2.189057506620883942e-02,-3.046387061476707458e-02,-4.026484489440917969e-02,-5.097587406635284424e-02,-6.190784648060798645e-02,-7.222360372543334961e-02,-8.200516551733016968e-02,-9.097982943058013916e-02,-9.791083633899688721e-02,-1.021272465586662292e-01,-1.032819822430610657e-01,-1.005697771906852722e-01,-9.476053714752197266e-02,-8.456326276063919067e-02,-7.010517269372940063e-02,-5.267081782221794128e-02,-3.365912660956382751e-02,-1.184440869837999344e-02,9.899379685521125793e-03,3.168758004903793335e-02,5.257776007056236267e-02,7.210620492696762085e-02,8.845262229442596436e-02,1.008994132280349731e-01,1.094784364104270935e-01,1.144485473632812500e-01,1.149852424860000610e-01,1.125305294990539551e-01,1.060760617256164551e-01,9.822897613048553467e-02,8.788439631462097168e-02,7.702161371707916260e-02,6.501954793930053711e-02,5.357674136757850647e-02,4.272293671965599060e-02,3.297552093863487244e-02,2.356129884719848633e-02,1.585142686963081360e-02,8.442798629403114319e-03,2.074025105684995651e-03,-4.631644580513238907e-03,-1.052460167557001114e-02,-1.737349294126033783e-02,-2.500987984240055084e-02,-3.409740328788757324e-02,-4.417272657155990601e-02,-5.438519641757011414e-02,-6.474586576223373413e-02,-7.428729534149169922e-02,-8.382651209831237793e-02,-9.094981104135513306e-02,-9.596633911132812500e-02,-9.851265698671340942e-02,-9.700138121843338013e-02,-9.235504269599914551e-02,-8.408075571060180664e-02,-7.278979569673538208e-02,-5.770828574895858765e-02,-4.046640545129776001e-02,-2.064939774572849274e-02,6.175893358886241913e-04
-2.519281406421214342e-04,-6.743120495229959488e-03,-1.434921752661466599e-02,-2.211799100041389465e-02,-3.055400960147380829e-02,-4.041517153382301331e-02,-5.032372102141380310e-02,-6.147300824522972107e-02,-7.091914117336273193e-02,-8.063287287950515747e-02,-8.854652941226959229e-02,-9.506999701261520386e-02,-9.866797924041748047e-02,-9.930017590522766113e-02,-9.597577154636383057e-02,-9.002494812011718750e-02,-7.869653403759002686e-02,-6.455640494823455811e-02,-4.722936451435089111e-02,-2.818653173744678497e-02,-6.371465511620044708e-03,1.525375340133905411e-02,3.774798661470413208e-02,5.839843302965164185e-02,7.833831012248992920e-02,9.462152421474456787e-02,1.077882274985313416e-01,1.168109476566314697e-01,1.224345788359642029e-01,1.233308315277099609e-01,1.218897923827171326e-01,1.166253015398979187e-01,1.089618206024169922e-01,9.990092366933822632e-02,8.924295008182525635e-02,7.806364446878433228e-02,6.624155491590499878e-02,5.495238304138183594e-02,4.482300579547882080e-02,3.517364338040351868e-02,2.639602683484554291e-02,1.815068349242210388e-02,1.046833675354719162e-02,2.843648195266723633e-03,-4.622607957571744919e-03,-1.263463869690895081e-02,-2.157435566186904907e-02,-3.178519010543823242e-02,-4.259533062577247620e-02,-5.353081598877906799e-02,-6.409959495067596436e-02,-7.446569949388504028e-02,-8.413880318403244019e-02,-9.142126142978668213e-02,-9.633950144052505493e-02,-9.875748306512832642e-02,-9.718555957078933716e-02,-9.193357080221176147e-02,-8.364707976579666138e-02,-7.230060547590255737e-02,-5.705297738313674927e-02,-3.978784754872322083e-02,-2.000699564814567566e-02,7.400866015814244747e-04
-1.086828342522494495e-05,-6.854089442640542984e-03,-1.436527725309133530e-02,-2.211077697575092316e-02,-3.036445192992687225e-02,-3.972846642136573792e-02,-4.975425824522972107e-02,-6.007800251245498657e-02,-6.929905712604522705e-02,-7.785851508378982544e-02,-8.563889563083648682e-02,-9.134010970592498779e-02,-9.441264718770980835e-02,-9.471489489078521729e-02,-9.140066802501678467e-02,-8.483390510082244873e-02,-7.376921176910400391e-02,-5.931104719638824463e-02,-4.202587530016899109e-02,-2.272489480674266815e-02,-1.010909909382462502e-03,2.061846107244491577e-02,4.268242046236991882e-02,6.366745382547378540e-02,8.362249284982681274e-02,1.004601269960403442e-01,1.137094497680664062e-01,1.233275681734085083e-01,1.295244395732879639e-01,1.316505372524261475e-01,1.307983547449111938e-01,1.261586099863052368e-01,1.196188181638717651e-01,1.105294525623321533e-01,1.008486524224281311e-01,8.943922817707061768e-02,7.862056791782379150e-02,6.739497929811477661e-02,5.658725276589393616e-02,4.620444029569625854e-02,3.681454807519912720e-02,2.757130749523639679e-02,1.883090101182460785e-02,9.921981953084468842e-03,1.434860867448151112e-03,-7.892999798059463501e-03,-1.811481080949306488e-02,-2.943453751504421234e-02,-4.089957848191261292e-02,-5.216324329376220703e-02,-6.362041831016540527e-02,-7.389542460441589355e-02,-8.356051892042160034e-02,-9.108790755271911621e-02,-9.615121781826019287e-02,-9.855778515338897705e-02,-9.701754152774810791e-02,-9.207457304000854492e-02,-8.382338285446166992e-02,-7.217636704444885254e-02,-5.721598118543624878e-02,-3.979566320776939392e-02,-2.006678283214569092e-02,3.704541013576090336e-04
-3.300523385405540466e-04,-6.675578653812408447e-03,-1.434991694986820221e-02,-2.180156670510768890e-02,-3.004460595548152924e-02,-3.938351944088935852e-02,-4.832041636109352112e-02,-5.817018449306488037e-02,-6.672839820384979248e-02,-7.521107792854309082e-02,-8.179815113544464111e-02,-8.751457929611206055e-02,-8.993005007505416870e-02,-8.988828212022781372e-02,-8.591639995574951172e-02,-7.958191633224487305e-02,-6.786902993917465210e-02,-5.413822829723358154e-02,-3.697896003723144531e-02,-1.816133968532085419e-02,2.918189624324440956e-03,2.455929107964038849e-02,4.675902426242828369e-02,6.759471446275711060e-02,8.758284896612167358e-02,1.043941602110862732e-01,1.181342452764511108e-01,1.278927028179168701e-01,1.345987617969512939e-01,1.374536752700805664e-01,1.372634023427963257e-01,1.335096508264541626e-01,1.277206838130950928e-01,1.195383518934249878e-01,1.102808862924575806e-01,9.878106415271759033e-02,8.832103759050369263e-02,7.749609649181365967e-02,6.684063374996185303e-02,5.585798993706703186e-02,4.588597640395164490e-02,3.612832352519035339e-02,2.642839588224887848e-02,1.644157990813255310e-02,6.780660711228847504e-03,-3.768136724829673767e-03,-1.502607110887765884e-02,-2.706227079033851624e-02,-3.911723196506500244e-02,-5.111102387309074402e-02,-6.241142749786376953e-02,-7.357125729322433472e-02,-8.303358405828475952e-02,-9.067210555076599121e-02,-9.564882516860961914e-02,-9.793549031019210815e-02,-9.621151536703109741e-02,-9.114498645067214966e-02,-8.254570513963699341e-02,-7.131119072437286377e-02,-5.608000978827476501e-02,-3.915495797991752625e-02,-1.985873281955718994e-02,5.604394245892763138e-04
-5.580723518505692482e-05,-6.727028638124465942e-03,-1.397316623479127884e-02,-2.140736952424049377e-02,-2.935283444821834564e-02,-3.789771348237991333e-02,-4.677074030041694641e-02,-5.565436556935310364e-02,-6.400377303361892700e-02,-7.136684656143188477e-02,-7.770260423421859741e-02,-8.250347524881362915e-02,-8.474253118038177490e-02,-8.416982740163803101e-02,-8.039967715740203857e-02,-7.354371249675750732e-02,-6.229598820209503174e-02,-4.858049005270004272e-02,-3.185881674289703369e-02,-1.321690343320369720e-02,7.220769766718149185e-03,2.846971154212951660e-02,4.987777769565582275e-02,7.063464075326919556e-02,8.981367200613021851e-02,1.069523096084594727e-01,1.202121600508689880e-01,1.305679380893707275e-01,1.374596059322357178e-01,1.415843218564987183e-01,1.417692005634307861e-01,1.389288008213043213e-01,1.340901106595993042e-01,1.263253241777420044e-01,1.177316382527351379e-01,1.068496704101562500e-01,9.709191322326660156e-02,8.627662807703018188e-02,7.561900466680526733e-02,6.448469310998916626e-02,5.428427085280418396e-02,4.341776296496391296e-02,3.292245417833328247e-02,2.230974100530147552e-02,1.188599690794944763e-02,5.852792528457939625e-04,-1.150771696120500565e-02,-2.437140420079231262e-02,-3.685360774397850037e-02,-4.883770272135734558e-02,-6.078250333666801453e-02,-7.150231301784515381e-02,-8.131908625364303589e-02,-8.873008936643600464e-02,-9.373520314693450928e-02,-9.624982625246047974e-02,-9.446842223405838013e-02,-8.953618258237838745e-02,-8.144620060920715332e-02,-7.003759592771530151e-02,-5.500933527946472168e-02,-3.845367953181266785e-02,-1.947824284434318542e-02,1.596062356838956475e-04
-2.629694936331361532e-04,-6.071458104997873306e-03,-1.324756443500518799e-02,-2.032722905278205872e-02,-2.770521678030490875e-02,-3.594614937901496887e-02,-4.377715662121772766e-02,-5.295606702566146851e-02,-6.021893024444580078e-02,-6.766286492347717285e-02,-7.328266650438308716e-02,-7.775098830461502075e-02,-7.935943454504013062e-02,-7.882184535264968872e-02,-7.467110455036163330e-02,-6.775937229394912720e-02,-5.667864531278610229e-02,-4.376117140054702759e-02,-2.805355191230773926e-02,-1.031835936009883881e-02,9.721996262669563293e-03,2.993208356201648712e-02,5.078355595469474792e-02,7.037211954593658447e-02,8.958663046360015869e-02,1.059440523386001587e-01,1.196483969688415527e-01,1.296741515398025513e-01,1.374145448207855225e-01,1.410358995199203491e-01,1.424701064825057983e-01,1.400504559278488159e-01,1.361312717199325562e-01,1.296053975820541382e-01,1.216690465807914734e-01,1.118166372179985046e-01,1.021781116724014282e-01,9.162834286689758301e-02,8.132299035787582397e-02,7.026998698711395264e-02,5.953557789325714111e-02,4.869946464896202087e-02,3.785230964422225952e-02,2.659524604678153992e-02,1.542804576456546783e-02,3.662081668153405190e-03,-8.540078997611999512e-03,-2.169105596840381622e-02,-3.443877026438713074e-02,-4.706519469618797302e-02,-5.860541388392448425e-02,-6.979268044233322144e-02,-7.911409437656402588e-02,-8.658912032842636108e-02,-9.141657501459121704e-02,-9.336063265800476074e-02,-9.187153726816177368e-02,-8.713256567716598511e-02,-7.921620458364486694e-02,-6.823319941759109497e-02,-5.342903360724449158e-02,-3.724175691604614258e-02,-1.882427185773849487e-02,2.544287708587944508e-04
8.278636232716962695e-05,-5.895525682717561722e-03,-1.253970805555582047e-02,-1.921605505049228668e-02,-2.596038766205310822e-02,-3.367268666625022888e-02,-4.139966890215873718e-02,-4.913540929555892944e-02,-5.656904727220535278e-02,-6.284561753273010254e-02,-6.817308068275451660e-02,-7.187614589929580688e-02,-7.335890829563140869e-02,-7.241580635309219360e-02,-6.858579069375991821e-02,-6.165102869272232056e-02,-5.125136673450469971e-02,-3.914251923561096191e-02,-2.386057563126087189e-02,-6.889097392559051514e-03,1.203142944723367691e-02,3.149180486798286438e-02,5.125452578067779541e-02,6.984720379114151001e-02,8.814750611782073975e-02,1.039768755435943604e-01,1.173281744122505188e-01,1.273685842752456665e-01,1.347580105066299438e-01,1.394193768501281738e-01,1.411016732454299927e-01,1.393725425004959106e-01,1.363117396831512451e-01,1.304077655076980591e-01,1.232380345463752747e-01,1.140820980072021484e-01,1.050747111439704895e-01,9.492299705743789673e-02,8.453044295310974121e-02,7.368265092372894287e-02,6.328703463077545166e-02,5.247156322002410889e-02,4.137068241834640503e-02,2.984932996332645416e-02,1.847937703132629395e-02,6.544981617480516434e-03,-6.117400247603654861e-03,-1.920874789357185364e-02,-3.208876773715019226e-02,-4.431162029504776001e-02,-5.603264644742012024e-02,-6.669425964355468750e-02,-7.574672251939773560e-02,-8.314024657011032104e-02,-8.772113174200057983e-02,-8.991380035877227783e-02,-8.828875422477722168e-02,-8.384758979082107544e-02,-7.639684528112411499e-02,-6.509648263454437256e-02,-5.148186162114143372e-02,-3.567029535770416260e-02,-1.827596500515937805e-02,-2.356753393542021513e-04
-1.723091554595157504e-04,-5.099787376821041107e-03,-1.165405195206403732e-02,-1.751340925693511963e-02,-2.394142933189868927e-02,-3.102518059313297272e-02,-3.773242607712745667e-02,-4.521691426634788513e-02,-5.134594812989234924e-02,-5.763640999794006348e-02,-6.186707690358161926e-02,-6.587068736553192139e-02,-6.640939414501190186e-02,-6.566838175058364868e-02,-6.149408593773841858e-02,-5.531026050448417664e-02,-4.539919644594192505e-02,-3.429277613759040833e-02,-2.004168741405010223e-02,-4.542253911495208740e-03,1.314242277294397354e-02,3.115979209542274475e-02,5.000343173742294312e-02,6.712589412927627563e-02,8.440104126930236816e-02,9.912489354610443115e-02,1.125999093055725098e-01,1.217691674828529358e-01,1.298065036535263062e-01,1.337123811244964600e-01,1.363528072834014893e-01,1.349916607141494751e-01,1.327715665102005005e-01,1.270406693220138550e-01,1.211909353733062744e-01,1.125328764319419861e-01,1.042887046933174133e-01,9.434943646192550659e-02,8.486950397491455078e-02,7.461719959974288940e-02,6.451871991157531738e-02,5.378725752234458923e-02,4.287290945649147034e-02,3.144235908985137939e-02,2.026036940515041351e-02,8.174192160367965698e-03,-4.132967907935380936e-03,-1.691842637956142426e-02,-2.917322702705860138e-02,-4.156097769737243652e-02,-5.254234001040458679e-02,-6.319876760244369507e-02,-7.157288491725921631e-02,-7.817738503217697144e-02,-8.256901055574417114e-02,-8.470308780670166016e-02,-8.314012736082077026e-02,-7.923076301813125610e-02,-7.156056910753250122e-02,-6.134584918618202209e-02,-4.841148853302001953e-02,-3.361592069268226624e-02,-1.727564074099063873e-02,-9.832401701714843512e-05
2.185940684285014868e-04,-4.856095183640718460e-03,-1.062860246747732162e-02,-1.623548381030559540e-02,-2.199044823646545410e-02,-2.793114632368087769e-02,-3.424022719264030457e-02,-4.031711816787719727e-02,-4.630235210061073303e-02,-5.153347551822662354e-02,-5.553033947944641113e-02,-5.827117711305618286e-02,-5.931862816214561462e-02,-5.807443335652351379e-02,-5.418720841407775879e-02,-4.843305423855781555e-02,-3.973004966974258423e-02,-2.956162393093109131e-02,-1.638155989348888397e-02,-1.990496879443526268e-03,1.390853431075811386e-02,3.057472966611385345e-02,4.760092869400978088e-02,6.370709091424942017e-02,7.918878644704818726e-02,9.335841983556747437e-02,1.053872033953666687e-01,1.145507320761680603e-01,1.218217834830284119e-01,1.264042705297470093e-01,1.286929845809936523e-01,1.277951598167419434e-01,1.258963346481323242e-01,1.213722154498100281e-01,1.160534471273422241e-01,1.084602400660514832e-01,1.008789166808128357e-01,9.196262806653976440e-02,8.307974785566329956e-02,7.343030720949172974e-02,6.369180977344512939e-02,5.338089168071746826e-02,4.291976243257522583e-02,3.222380205988883972e-02,2.127510122954845428e-02,9.790312498807907104e-03,-2.081165555864572525e-03,-1.406686566770076752e-02,-2.616144716739654541e-02,-3.784734755754470825e-02,-4.836003109812736511e-02,-5.792461335659027100e-02,-6.612472981214523315e-02,-7.246084511280059814e-02,-7.650287449359893799e-02,-7.860372215509414673e-02,-7.737440615892410278e-02,-7.325110584497451782e-02,-6.605990976095199585e-02,-5.643388256430625916e-02,-4.440261796116828918e-02,-3.114272840321063995e-02,-1.583902537822723389e-02,-4.627215967047959566e-04
-2.959705852845218033e-05,-4.578462336212396622e-03,-9.618023410439491272e-03,-1.428298279643058777e-02,-1.924707368016242981e-02,-2.478522621095180511e-02,-2.987023629248142242e-02,-3.557359427213668823e-02,-4.020294919610023499e-02,-4.526749625802040100e-02,-4.845478385686874390e-02,-5.103472992777824402e-02,-5.136148631572723389e-02,-5.048259720206260681e-02,-4.721003398299217224e-02,-4.208249971270561218e-02,-3.426339849829673767e-02,-2.525205351412296295e-02,-1.391408871859312057e-02,-1.069519552402198315e-03,1.332002971321344376e-02,2.776308171451091766e-02,4.289506375789642334e-02,5.755136534571647644e-02,7.142046838998794556e-02,8.362904936075210571e-02,9.512789547443389893e-02,1.035175397992134094e-01,1.106981262564659119e-01,1.141763851046562195e-01,1.170821115374565125e-01,1.164651364088058472e-01,1.149270832538604736e-01,1.110135987401008606e-01,1.066427528858184814e-01,9.999484568834304810e-02,9.336220473051071167e-02,8.517091721296310425e-02,7.747048139572143555e-02,6.849826872348785400e-02,5.981123819947242737e-02,5.017838254570960999e-02,4.081913083791732788e-02,3.064167127013206482e-02,2.066227048635482788e-02,9.726150892674922943e-03,-1.032928004860877991e-03,-1.224398240447044373e-02,-2.285727486014366150e-02,-3.399103879928588867e-02,-4.366338625550270081e-02,-5.254328623414039612e-02,-5.991439148783683777e-02,-6.561163067817687988e-02,-6.956195831298828125e-02,-7.122310250997543335e-02,-6.979259103536605835e-02,-6.561142951250076294e-02,-5.917255580425262451e-02,-5.079085007309913635e-02,-4.020111635327339172e-02,-2.787898294627666473e-02,-1.437185611575841904e-02,-3.145186201436445117e-05
1.153555131168104708e-04,-3.798901336267590523e-03,-8.000771515071392059e-03,-1.230895612388849258e-02,-1.626878604292869568e-02,-2.110484428703784943e-02,-2.570585720241069794e-02,-3.023544140160083771e-02,-3.442236408591270447e-02,-3.826026245951652527e-02,-4.103273898363113403e-02,-4.286547377705574036e-02,-4.336102306842803955e-02,-4.255999252200126648e-02,-3.968866541981697083e-02,-3.535808995366096497e-02,-2.859501168131828308e-02,-2.124454081058502197e-02,-1.129487808793783188e-02,-2.879647363442927599e-04,1.233341917395591736e-02,2.479318529367446899e-02,3.788321092724800110e-02,5.043058097362518311e-02,6.254158169031143188e-02,7.330352813005447388e-02,8.272875845432281494e-02,9.062669426202774048e-02,9.680146723985671997e-02,1.002677306532859802e-01,1.026074066758155823e-01,1.024768874049186707e-01,1.014880314469337463e-01,9.809123724699020386e-02,9.436358511447906494e-02,8.871823549270629883e-02,8.315184712409973145e-02,7.627845555543899536e-02,6.929612904787063599e-02,6.161499768495559692e-02,5.409843847155570984e-02,4.592869058251380920e-02,3.743114322423934937e-02,2.846737392246723175e-02,1.938049867749214172e-02,9.798157028853893280e-03,4.508456549956463277e-05,-9.712539613246917725e-03,-1.967381872236728668e-02,-2.885357290506362915e-02,-3.750576823949813843e-02,-4.523896798491477966e-02,-5.185811221599578857e-02,-5.713307112455368042e-02,-6.027054041624069214e-02,-6.166068091988563538e-02,-6.030539423227310181e-02,-5.698533728718757629e-02,-5.124159157276153564e-02,-4.400824755430221558e-02,-3.473225980997085571e-02,-2.445089071989059448e-02,-1.254694629460573196e-02,-4.066801047883927822e-04
-2.977518888656049967e-04,-3.115542931482195854e-03,-6.740657612681388855e-03,-9.510252624750137329e-03,-1.324728690087795258e-02,-1.708254590630531311e-02,-2.098009921610355377e-02,-2.443816512823104858e-02,-2.804586291313171387e-02,-3.093344531953334808e-02,-3.324978426098823547e-02,-3.462911024689674377e-02,-3.510386124253273010e-02,-3.425973281264305115e-02,-3.213123604655265808e-02,-2.862728387117385864e-02,-2.320227771997451782e-02,-1.673869974911212921e-02,-8.755784481763839722e-03,6.545509677380323410e-05,1.036037597805261612e-02,2.099413610994815826e-02,3.181917220354080200e-02,4.187794402241706848e-02,5.192355439066886902e-02,6.081151217222213745e-02,6.911883503198623657e-02,7.506087422370910645e-02,8.037495613098144531e-02,8.341090381145477295e-02,8.580739796161651611e-02,8.554931730031967163e-02,8.487500995397567749e-02,8.223509043455123901e-02,7.965809851884841919e-02,7.465622574090957642e-02,7.017770409584045410e-02,6.439498066902160645e-02,5.897325277328491211e-02,5.242116749286651611e-02,4.619659483432769775e-02,3.912283107638359070e-02,3.220508992671966553e-02,2.446880191564559937e-02,1.699724234640598297e-02,8.668556809425354004e-03,2.194590342696756124e-04,-7.743467576801776886e-03,-1.572456583380699158e-02,-2.376163564622402191e-02,-3.085275739431381226e-02,-3.729671984910964966e-02,-4.278189688920974731e-02,-4.709118977189064026e-02,-5.007648095488548279e-02,-5.051636323332786560e-02,-4.967161267995834351e-02,-4.692233353853225708e-02,-4.268022626638412476e-02,-3.711243346333503723e-02,-2.983354218304157257e-02,-2.031745947897434235e-02,-1.076359208673238754e-02,-3.644029493443667889e-04
-1.431888667866587639e-04,-2.831444144248962402e-03,-5.021681543439626694e-03,-7.738112937659025192e-03,-1.020476967096328735e-02,-1.323435828089714050e-02,-1.598999090492725372e-02,-1.857289299368858337e-02,-2.139324881136417389e-02,-2.352081052958965302e-02,-2.533641085028648376e-02,-2.613030001521110535e-02,-2.644444257020950317e-02,-2.605539932847023010e-02,-2.424538694322109222e-02,-2.167930826544761658e-02,-1.717347092926502228e-02,-1.270463969558477402e-02,-6.229043938219547272e-03,7.281113066710531712e-04,8.687749505043029785e-03,1.648288965225219727e-02,2.500217035412788391e-02,3.292465955018997192e-02,4.033040255308151245e-02,4.705537855625152588e-02,5.329783260822296143e-02,5.796862393617630005e-02,6.177429109811782837e-02,6.432677060365676880e-02,6.596994400024414062e-02,6.613348424434661865e-02,6.556306779384613037e-02,6.355487555265426636e-02,6.153362989425659180e-02,5.794395878911018372e-02,5.455686524510383606e-02,5.011563375592231750e-02,4.600011557340621948e-02,4.116885736584663391e-02,3.641508147120475769e-02,3.080513328313827515e-02,2.561701647937297821e-02,1.968062669038772583e-02,1.386821828782558441e-02,7.001749705523252487e-03,7.502195658162236214e-04,-5.560584366321563721e-03,-1.197647582739591599e-02,-1.804173178970813751e-02,-2.360369823873043060e-02,-2.825825661420822144e-02,-3.263424709439277649e-02,-3.602892532944679260e-02,-3.809024021029472351e-02,-3.907008841633796692e-02,-3.800065815448760986e-02,-3.602282702922821045e-02,-3.272806107997894287e-02,-2.842634357511997223e-02,-2.263391762971878052e-02,-1.551973540335893631e-02,-8.463205769658088684e-03,-3.297687508165836334e-04
-1.021947595290839672e-03,-2.412601839751005173e-03,-4.258591216057538986e-03,-5.293781403452157974e-03,-7.348588202148675919e-03,-9.084004908800125122e-03,-1.098143775016069412e-02,-1.279264129698276520e-02,-1.482689473778009415e-02,-1.624530553817749023e-02,-1.750416308641433716e-02,-1.802468113601207733e-02,-1.819570176303386688e-02,-1.796176470816135406e-02,-1.674238033592700958e-02,-1.480125542730093002e-02,-1.173882931470870972e-02,-8.715367875993251801e-03,-4.412159789353609085e-03,3.116748412139713764e-04,5.901239812374114990e-03,1.137694437056779861e-02,1.707629300653934479e-02,2.233210578560829163e-02,2.740571834146976471e-02,3.220416605472564697e-02,3.624082356691360474e-02,3.970477730035781860e-02,4.199152812361717224e-02,4.414930567145347595e-02,4.497245699167251587e-02,4.522990062832832336e-02,4.476370289921760559e-02,4.364845156669616699e-02,4.212378337979316711e-02,3.990003466606140137e-02,3.732265159487724304e-02,3.446984663605690002e-02,3.138917312026023865e-02,2.846748195588588715e-02,2.481572143733501434e-02,2.132359705865383148e-02,1.750614121556282043e-02,1.351018901914358139e-02,8.998634293675422668e-03,4.536014050245285034e-03,-3.885452315444126725e-05,-4.160679411143064499e-03,-8.913299068808555603e-03,-1.303731277585029602e-02,-1.668633520603179932e-02,-2.017716690897941589e-02,-2.289171703159809113e-02,-2.500655129551887512e-02,-2.642609924077987671e-02,-2.673891745507717133e-02,-2.635341696441173553e-02,-2.502069622278213501e-02,-2.261051908135414124e-02,-1.976629905402660370e-02,-1.615146920084953308e-02,-1.128833275288343430e-02,-6.595631595700979233e-03,-1.335070817731320858e-03
-5.776191828772425652e-04,-1.883870456367731094e-03,-2.229086123406887054e-03,-3.123348811641335487e-03,-3.516439581289887428e-03,-4.535567481070756912e-03,-5.598551128059625626e-03,-6.316567771136760712e-03,-7.086580619215965271e-03,-8.185300044715404510e-03,-8.826365694403648376e-03,-9.052831679582595825e-03,-8.956977166235446930e-03,-8.968467824161052704e-03,-8.152477443218231201e-03,-7.502208463847637177e-03,-5.547510460019111633e-03,-4.321633838117122650e-03,-1.973418751731514931e-03,3.385095624253153801e-04,3.216080367565155029e-03,6.116366945207118988e-03,8.731740526854991913e-03,1.152116246521472931e-02,1.404683198779821396e-02,1.656685583293437958e-02,1.834691874682903290e-02,2.005850337445735931e-02,2.111943252384662628e-02,2.213370241224765778e-02,2.243137545883655548e-02,2.236006967723369598e-02,2.231403253972530365e-02,2.156828902661800385e-02,2.116966247558593750e-02,1.981513015925884247e-02,1.879871822893619537e-02,1.696558110415935516e-02,1.581995747983455658e-02,1.404392719268798828e-02,1.260712649673223495e-02,1.026931777596473694e-02,8.868737146258354187e-03,6.492160260677337646e-03,4.733183421194553375e-03,1.950298901647329330e-03,-8.386583431274630129e-06,-2.456212649121880531e-03,-4.533498082309961319e-03,-6.750964559614658356e-03,-8.679386228322982788e-03,-1.042598299682140350e-02,-1.164383068680763245e-02,-1.280608773231506348e-02,-1.330230291932821274e-02,-1.347165275365114212e-02,-1.311878766864538193e-02,-1.264603901654481888e-02,-1.165395230054855347e-02,-1.023322343826293945e-02,-8.151894435286521912e-03,-6.218967493623495102e-03,-4.071196075528860092e-03,-1.231745351105928421e-03
-3.131483215838670731e-03,-9.736691135913133621e-04,-7.571814930997788906e-04,-3.577269671950489283e-04,-1.649604528211057186e-04,-3.432313387747853994e-04,-4.061432264279574156e-04,-4.002082569058984518e-04,-3.918104048352688551e-04,-4.708904598373919725e-04,-5.122224101796746254e-04,-2.973143709823489189e-04,-3.085567732341587543e-04,-1.751122908899560571e-04,-3.423508896958082914e-04,4.151350003667175770e-05,3.164923327858559787e-05,1.207579698530025780e-04,7.436501618940383196e-05,6.865349132567644119e-05,-2.593706994957756251e-05,1.851306587923318148e-04,2.633394615259021521e-04,1.967002608580514789e-04,-7.031141285551711917e-05,2.531315549276769161e-04,2.365121472394093871e-04,-1.662053255131468177e-04,-4.379324964247643948e-04,-1.179543614853173494e-04,-2.707805251702666283e-04,-6.116781732998788357e-04,-9.268239373341202736e-04,-6.711309542879462242e-04,-9.705226693768054247e-05,-7.735085091553628445e-04,-9.077554568648338318e-04,-6.677080527879297733e-04,-1.904990058392286301e-04,-5.596695700660347939e-04,-5.907473387196660042e-04,-5.872436449863016605e-04,-1.388950768159702420e-04,-5.561407306231558323e-04,-5.416140193119645119e-04,-5.075842491351068020e-04,-3.657693159766495228e-04,-6.870577926747500896e-04,-8.578444248996675014e-04,-7.109240395948290825e-04,-6.727200816385447979e-04,-5.057218368165194988e-04,-3.331410116516053677e-04,4.916271063848398626e-05,-1.099347282433882356e-04,8.612040255684405565e-05,-5.659694215864874423e-05,9.047109779203310609e-05,-5.190795636735856533e-04,-3.872280940413475037e-04,-7.299589342437684536e-04,-9.326751460321247578e-04,-1.113540492951869965e-03,-2.264519920572638512e-03
