4.947771783918142319e-03,1.777858124114573002e-03,1.648255041800439358e-03,9.120690083364024758e-05,1.909419188450556248e-05,1.315813860855996609e-04,-1.323399192187935114e-04,-7.296651601791381836e-04,-6.479214644059538841e-04,-2.514199295546859503e-04,-5.352059961296617985e-04,-7.467961986549198627e-04,-4.120258090551942587e-04,2.146022015949711204e-04,2.525214804336428642e-04,-2.004019625019282103e-04,1.654756051721051335e-04,3.631722065620124340e-04,6.945491186343133450e-04,4.322989116190001369e-05,7.021439960226416588e-04,5.278525641188025475e-04,8.687474764883518219e-04,4.262879956513643265e-04,7.426220108754932880e-04,9.238023776561021805e-04,1.049226964823901653e-03,1.282643293961882591e-03,1.538528944365680218e-03,1.723926630802452564e-03,1.379667781293392181e-03,1.348736230283975601e-03,8.481587283313274384e-04,1.254534348845481873e-03,4.403528582770377398e-04,4.806035431101918221e-04,-3.649533900897949934e-04,-8.035324572119861841e-05,-7.947720587253570557e-04,-3.904134209733456373e-04,-7.179589592851698399e-04,-7.481577340513467789e-04,-1.361408852972090244e-03,-1.105514238588511944e-03,-1.330079277977347374e-03,-1.142150023952126503e-03,-1.730822259560227394e-03,-1.763956388458609581e-03,-1.779310870915651321e-03,-1.932491664774715900e-03,-1.502166851423680782e-03,-1.412710524164140224e-03,-1.066261786036193371e-03,-1.040142378769814968e-03,-5.884902784600853920e-04,-1.228322624228894711e-03,-8.526432793587446213e-04,-1.305154757574200630e-03,-9.188412805087864399e-04,-1.368330442346632481e-03,-6.122200284153223038e-04,5.478130187839269638e-04,1.409461838193237782e-03,4.900686908513307571e-03
2.926726592704653740e-03,7.518279599025845528e-04,1.008388644549995661e-04,-1.541507954243570566e-04,-1.027661026455461979e-03,-1.516106189228594303e-03,-1.808915287256240845e-03,-1.574229565449059010e-03,-2.203085925430059433e-03,-2.123661339282989502e-03,-2.432308625429868698e-03,-2.322322921827435493e-03,-2.686260268092155457e-03,-2.796576125547289848e-03,-3.566218307241797447e-03,-3.381635760888457298e-03,-4.467650316655635834e-03,-4.795246757566928864e-03,-5.784972105175256729e-03,-6.034571677446365356e-03,-7.242139428853988647e-03,-8.050965145230293274e-03,-9.438868612051010132e-03,-9.977352805435657501e-03,-1.111609302461147308e-02,-1.183785405009984970e-02,-1.199552975594997406e-02,-1.232200115919113159e-02,-1.205302309244871140e-02,-1.155448239296674728e-02,-9.903991594910621643e-03,-8.864928036928176880e-03,-7.166966330260038376e-03,-5.246668588370084763e-03,-3.489366499707102776e-03,-1.340001355856657028e-03,3.580449556466192007e-04,3.510457463562488556e-03,5.529809743165969849e-03,8.850466459989547729e-03,1.089049410074949265e-02,1.342545635998249054e-02,1.381198037415742874e-02,1.584277674555778503e-02,1.639091037213802338e-02,1.764016412198543549e-02,1.665102876722812653e-02,1.666663587093353271e-02,1.583637669682502747e-02,1.535469852387905121e-02,1.310995873063802719e-02,1.177590806037187576e-02,1.041762251406908035e-02,9.457069449126720428e-03,7.350164931267499924e-03,5.924465600401163101e-03,4.773967899382114410e-03,3.416844177991151810e-03,2.644615015015006065e-03,2.057084580883383751e-03,1.952573191374540329e-03,1.298659830354154110e-03,1.695595332421362400e-03,9.973966516554355621e-04
1.630831044167280197e-03,9.315370698459446430e-04,-2.968425978906452656e-04,-1.088135642930865288e-03,-1.832996844314038754e-03,-1.952018123120069504e-03,-2.381176687777042389e-03,-2.482326701283454895e-03,-2.847840776666998863e-03,-2.379913581535220146e-03,-2.666223095729947090e-03,-2.778908237814903259e-03,-3.294013906270265579e-03,-3.311784472316503525e-03,-4.136353265494108200e-03,-5.083297379314899445e-03,-6.350404117256402969e-03,-7.603617385029792786e-03,-9.344556368887424469e-03,-1.124070771038532257e-02,-1.336550526320934296e-02,-1.572087407112121582e-02,-1.828411407768726349e-02,-2.060040831565856934e-02,-2.233750559389591217e-02,-2.442518994212150574e-02,-2.585323341190814972e-02,-2.632983028888702393e-02,-2.624966390430927277e-02,-2.506134286522865295e-02,-2.383253909647464752e-02,-2.090005762875080109e-02,-1.738882996141910553e-02,-1.356970611959695816e-02,-9.603464975953102112e-03,-5.216354504227638245e-03,-1.070337748387828469e-05,4.757252987474203110e-03,1.004820223897695541e-02,1.520304568111896515e-02,1.992156915366649628e-02,2.420867606997489929e-02,2.770162560045719147e-02,3.041055053472518921e-02,3.225892409682273865e-02,3.385028615593910217e-02,3.431188687682151794e-02,3.348773717880249023e-02,3.203763067722320557e-02,3.003437258303165436e-02,2.768284827470779419e-02,2.499257773160934448e-02,2.207864075899124146e-02,1.940051279962062836e-02,1.606685854494571686e-02,1.369634177535772324e-02,1.107892673462629318e-02,8.597751148045063019e-03,6.544554606080055237e-03,4.784490447491407394e-03,3.549807239323854446e-03,2.409126376733183861e-03,1.968829659745097160e-03,1.512030255980789661e-03
7.393469568341970444e-04,4.272930382285267115e-04,-9.586319793015718460e-04,-9.635981405153870583e-04,-2.166884951293468475e-03,-2.415704773738980293e-03,-2.572718076407909393e-03,-2.480022842064499855e-03,-2.962131518870592117e-03,-2.664705971255898476e-03,-2.613034332171082497e-03,-2.906795125454664230e-03,-3.353182459250092506e-03,-3.988176584243774414e-03,-4.860165528953075409e-03,-6.144917570054531097e-03,-8.273831568658351898e-03,-1.036956906318664551e-02,-1.294869463890790939e-02,-1.525235362350940704e-02,-1.880526542663574219e-02,-2.256820164620876312e-02,-2.624562382698059082e-02,-2.937509119510650635e-02,-3.290743380784988403e-02,-3.553567454218864441e-02,-3.801533579826354980e-02,-3.882977366447448730e-02,-3.885674849152565002e-02,-3.779238834977149963e-02,-3.507186099886894226e-02,-3.155886009335517883e-02,-2.624594978988170624e-02,-2.082618698477745056e-02,-1.434149034321308136e-02,-7.884440012276172638e-03,-6.117172306403517723e-04,7.770061492919921875e-03,1.522662211209535599e-02,2.390626259148120880e-02,3.120280243456363678e-02,3.769385442137718201e-02,4.239729046821594238e-02,4.690436646342277527e-02,4.974381998181343079e-02,5.178674682974815369e-02,5.169359967112541199e-02,5.085141584277153015e-02,4.905784875154495239e-02,4.644535854458808899e-02,4.217485338449478149e-02,3.808326646685600281e-02,3.355567902326583862e-02,2.958797290921211243e-02,2.461836300790309906e-02,2.024467661976814270e-02,1.614662073552608490e-02,1.308964751660823822e-02,9.587156586349010468e-03,7.152523845434188843e-03,4.488718230277299881e-03,2.645187778398394585e-03,1.330642728134989738e-03,-1.999178639380261302e-04
-1.838237949414178729e-04,-2.683943021111190319e-04,-1.329102669842541218e-03,-1.446557580493390560e-03,-2.483591670170426369e-03,-2.434981754049658775e-03,-2.485672943294048309e-03,-2.064680214971303940e-03,-1.999808941036462784e-03,-1.542845857329666615e-03,-1.436198595911264420e-03,-1.451254705898463726e-03,-1.803586957976222038e-03,-2.423369092866778374e-03,-3.496235003694891930e-03,-5.215920507907867432e-03,-7.652706932276487350e-03,-1.048255059868097305e-02,-1.406525727361440659e-02,-1.752802357077598572e-02,-2.216261252760887146e-02,-2.701446227729320526e-02,-3.234602138400077820e-02,-3.657361492514610291e-02,-4.151505976915359497e-02,-4.539724439382553101e-02,-4.870540648698806763e-02,-4.991744831204414368e-02,-5.013734102249145508e-02,-4.976361244916915894e-02,-4.725932702422142029e-02,-4.315648972988128662e-02,-3.628866747021675110e-02,-2.952002733945846558e-02,-2.079686149954795837e-02,-1.152739487588405609e-02,-1.769465394318103790e-03,8.052271790802478790e-03,1.853894069790840149e-02,2.858216315507888794e-02,3.771086409687995911e-02,4.600951820611953735e-02,5.290640145540237427e-02,5.870499461889266968e-02,6.244066357612609863e-02,6.533059477806091309e-02,6.576475501060485840e-02,6.449067592620849609e-02,6.215776875615119934e-02,5.828290432691574097e-02,5.326063185930252075e-02,4.826361685991287231e-02,4.200991243124008179e-02,3.654707595705986023e-02,3.059837408363819122e-02,2.527869679033756256e-02,1.983447372913360596e-02,1.551936939358711243e-02,1.176548469811677933e-02,8.388804271817207336e-03,5.500520579516887665e-03,3.111066296696662903e-03,1.785180647857487202e-03,4.622608248610049486e-04
7.207686430774629116e-04,7.844142237445339561e-05,-1.289604348130524158e-03,-1.105487463064491749e-03,-2.275360049679875374e-03,-1.791313057765364647e-03,-1.829549670219421387e-03,-8.169614593498408794e-04,-9.724887204356491566e-04,9.110251994570717216e-05,3.891203086823225021e-04,1.060035778209567070e-03,6.164029473438858986e-04,3.065397904720157385e-04,-1.073239836841821671e-03,-2.657765289768576622e-03,-6.041172891855239868e-03,-9.349538013339042664e-03,-1.395872235298156738e-02,-1.820347644388675690e-02,-2.413456328213214874e-02,-3.030936233699321747e-02,-3.739904612302780151e-02,-4.265270009636878967e-02,-4.875751584768295288e-02,-5.336560681462287903e-02,-5.829036608338356018e-02,-5.982088297605514526e-02,-6.072076782584190369e-02,-5.990193784236907959e-02,-5.779461190104484558e-02,-5.262525379657745361e-02,-4.533617198467254639e-02,-3.727960959076881409e-02,-2.677217684686183929e-02,-1.604661345481872559e-02,-4.470583982765674591e-03,8.077312260866165161e-03,1.988411881029605865e-02,3.221846744418144226e-02,4.361797869205474854e-02,5.380800366401672363e-02,6.211363151669502258e-02,6.879830360412597656e-02,7.371342927217483521e-02,7.660513371229171753e-02,7.688567787408828735e-02,7.574803382158279419e-02,7.306253165006637573e-02,6.890139728784561157e-02,6.332592666149139404e-02,5.649295076727867126e-02,4.954728111624717712e-02,4.303328320384025574e-02,3.606019541621208191e-02,2.921918779611587524e-02,2.335626445710659027e-02,1.845625787973403931e-02,1.369383651763200760e-02,9.778700768947601318e-03,6.262516137212514877e-03,3.760471241548657417e-03,1.703822286799550056e-03,-4.018922627437859774e-04
-3.472714524832554162e-05,-2.048978640232235193e-04,-1.102361246012151241e-03,-1.092162914574146271e-03,-1.207348774187266827e-03,-3.085924836341291666e-04,5.651890205626841635e-06,1.026905141770839691e-03,2.184687415137887001e-03,3.563669277355074883e-03,4.567055031657218933e-03,5.454282741993665695e-03,5.733076017349958420e-03,5.491226445883512497e-03,4.160764627158641815e-03,2.306808950379490852e-03,-1.308531500399112701e-03,-5.184340756386518478e-03,-1.089121028780937195e-02,-1.621864363551139832e-02,-2.337551116943359375e-02,-3.046554140746593475e-02,-3.883842378854751587e-02,-4.601271450519561768e-02,-5.318001285195350647e-02,-5.942538008093833923e-02,-6.498354673385620117e-02,-6.807272881269454956e-02,-6.939703971147537231e-02,-6.895653903484344482e-02,-6.682013720273971558e-02,-6.262148171663284302e-02,-5.387402698397636414e-02,-4.517984017729759216e-02,-3.429740667343139648e-02,-2.149688452482223511e-02,-7.893517613410949707e-03,5.103907547891139984e-03,1.922245882451534271e-02,3.259791806340217590e-02,4.593957215547561646e-02,5.757540464401245117e-02,6.724186986684799194e-02,7.478532940149307251e-02,8.064702153205871582e-02,8.387680351734161377e-02,8.512368798255920410e-02,8.381097763776779175e-02,8.122416585683822632e-02,7.633427530527114868e-02,7.026212662458419800e-02,6.238671764731407166e-02,5.489024892449378967e-02,4.731791839003562927e-02,3.950843587517738342e-02,3.205999732017517090e-02,2.537698484957218170e-02,1.909059286117553711e-02,1.418387796729803085e-02,9.954141452908515930e-03,6.259307730942964554e-03,3.925144672393798828e-03,1.995227066799998283e-03,-1.266698818653821945e-04
5.721728084608912468e-04,3.009518550243228674e-04,-3.071834507863968611e-04,4.971861490048468113e-04,5.586597253568470478e-04,1.699907355941832066e-03,2.976099727675318718e-03,4.888873081654310226e-03,6.092980038374662399e-03,8.459440432488918304e-03,1.010730676352977753e-02,1.171315368264913559e-02,1.195646449923515320e-02,1.207818929105997086e-02,1.122570037841796875e-02,9.447051212191581726e-03,5.586391314864158630e-03,8.934582001529633999e-04,-5.402698181569576263e-03,-1.169986464083194733e-02,-1.994763500988483429e-02,-2.873190306127071381e-02,-3.801107406616210938e-02,-4.644387960433959961e-02,-5.568127706646919250e-02,-6.283354014158248901e-02,-7.075368613004684448e-02,-7.403814792633056641e-02,-7.727372646331787109e-02,-7.757271826267242432e-02,-7.620533555746078491e-02,-7.149118185043334961e-02,-6.401826441287994385e-02,-5.447399243712425232e-02,-4.182878881692886353e-02,-2.834238670766353607e-02,-1.384160108864307404e-02,5.987288895994424820e-04,1.553684193640947342e-02,3.110756352543830872e-02,4.503531008958816528e-02,5.861064046621322632e-02,6.956960260868072510e-02,7.862230390310287476e-02,8.496266603469848633e-02,8.861059695482254028e-02,9.019003063440322876e-02,8.895134180784225464e-02,8.677514642477035522e-02,8.145950734615325928e-02,7.533655315637588501e-02,6.659892946481704712e-02,5.901145190000534058e-02,5.060793459415435791e-02,4.227288812398910522e-02,3.407780826091766357e-02,2.704850025475025177e-02,2.069305814802646637e-02,1.542596239596605301e-02,1.070965826511383057e-02,6.838961038738489151e-03,4.345503170043230057e-03,2.034405944868922234e-03,-1.045564640662632883e-04
2.797135093715041876e-04,7.999024237506091595e-04,9.949909290298819542e-04,2.167241880670189857e-03,3.353214589878916740e-03,5.098334047943353653e-03,7.163478992879390717e-03,9.894828312098979950e-03,1.263740286231040955e-02,1.530254725366830826e-02,1.762263849377632141e-02,1.958658732473850250e-02,2.080724574625492096e-02,2.115618437528610229e-02,2.058007940649986267e-02,1.889367029070854187e-02,1.500091701745986938e-02,1.044316031038761139e-02,3.050213214010000229e-03,-4.711343906819820404e-03,-1.431090570986270905e-02,-2.374703995883464813e-02,-3.424829617142677307e-02,-4.472196102142333984e-02,-5.573841184377670288e-02,-6.516297906637191772e-02,-7.333891093730926514e-02,-7.920580357313156128e-02,-8.332057297229766846e-02,-8.465512096881866455e-02,-8.375775814056396484e-02,-7.998473942279815674e-02,-7.310739159584045410e-02,-6.322877854108810425e-02,-5.087557062506675720e-02,-3.709067404270172119e-02,-2.068984322249889374e-02,-5.398526322096586227e-03,1.155332848429679871e-02,2.683644928038120270e-02,4.305653646588325500e-02,5.720950663089752197e-02,6.950105726718902588e-02,7.908061146736145020e-02,8.638602495193481445e-02,9.080006182193756104e-02,9.312593936920166016e-02,9.212861210107803345e-02,8.983911573886871338e-02,8.471803367137908936e-02,7.795931398868560791e-02,6.926963478326797485e-02,6.094321236014366150e-02,5.263070389628410339e-02,4.333306849002838135e-02,3.500304371118545532e-02,2.705043554306030273e-02,2.058506570756435394e-02,1.509973220527172089e-02,1.004933565855026245e-02,6.330471951514482498e-03,4.044309724122285843e-03,2.356015378609299660e-03,6.889007636345922947e-04
1.051225350238382816e-03,1.942773000337183475e-03,2.923944499343633652e-03,4.820566158741712570e-03,6.223625503480434418e-03,8.965232409536838531e-03,1.181771233677864075e-02,1.548871491104364395e-02,1.867286115884780884e-02,2.275711856782436371e-02,2.585913240909576416e-02,2.859018370509147644e-02,3.054372966289520264e-02,3.162057325243949890e-02,3.131736442446708679e-02,2.987967059016227722e-02,2.620744146406650543e-02,2.091164328157901764e-02,1.314425840973854065e-02,4.908833187073469162e-03,-5.910394713282585144e-03,-1.689169183373451233e-02,-2.918466739356517792e-02,-4.138361290097236633e-02,-5.295606330037117004e-02,-6.455543637275695801e-02,-7.511863857507705688e-02,-8.164630085229873657e-02,-8.726809173822402954e-02,-8.981802314519882202e-02,-9.063036739826202393e-02,-8.754676580429077148e-02,-8.162079751491546631e-02,-7.307648658752441406e-02,-5.935214087367057800e-02,-4.557846114039421082e-02,-2.965936437249183655e-02,-1.243953127413988113e-02,4.658714402467012405e-03,2.170163393020629883e-02,3.715110197663307190e-02,5.332025885581970215e-02,6.628526747226715088e-02,7.703112810850143433e-02,8.508392423391342163e-02,9.014199674129486084e-02,9.280543774366378784e-02,9.237492084503173828e-02,9.037440270185470581e-02,8.492065221071243286e-02,7.860897481441497803e-02,7.011392712593078613e-02,6.186190247535705566e-02,5.278939381241798401e-02,4.375723749399185181e-02,3.524594008922576904e-02,2.715691551566123962e-02,2.055000141263008118e-02,1.501144189387559891e-02,1.004307530820369720e-02,6.081835366785526276e-03,4.116014577448368073e-03,2.101872349157929420e-03,3.385875606909394264e-04
7.921564974822103977e-04,2.583682769909501076e-03,4.433723166584968567e-03,7.353611756116151810e-03,1.045877300202846527e-02,1.415708474814891815e-02,1.816196553409099579e-02,2.256341278553009033e-02,2.691444009542465210e-02,3.146047517657279968e-02,3.564107045531272888e-02,3.915496915578842163e-02,4.180535301566123962e-02,4.356855899095535278e-02,4.383689910173416138e-02,4.245930537581443787e-02,3.899091482162475586e-02,3.315734118223190308e-02,2.514022216200828552e-02,1.597436517477035522e-02,3.990994300693273544e-03,-8.567019365727901459e-03,-2.157058753073215485e-02,-3.509502485394477844e-02,-4.926156252622604370e-02,-6.271688640117645264e-02,-7.447533309459686279e-02,-8.344262838363647461e-02,-9.090854227542877197e-02,-9.508889168500900269e-02,-9.640387445688247681e-02,-9.441360086202621460e-02,-8.975023776292800903e-02,-8.212920278310775757e-02,-6.970772147178649902e-02,-5.509573966264724731e-02,-3.951713070273399353e-02,-2.248708531260490417e-02,-3.735830076038837433e-03,1.347768679261207581e-02,3.107840567827224731e-02,4.651213809847831726e-02,6.096099317073822021e-02,7.243303954601287842e-02,8.159503340721130371e-02,8.737026154994964600e-02,9.051863849163055420e-02,9.097588807344436646e-02,8.916028589010238647e-02,8.442095667123794556e-02,7.768527418375015259e-02,6.963025778532028198e-02,6.086772307753562927e-02,5.218337103724479675e-02,4.260008037090301514e-02,3.450978547334671021e-02,2.622585743665695190e-02,1.973153837025165558e-02,1.379065960645675659e-02,9.122001007199287415e-03,5.318193230777978897e-03,3.881201380863785744e-03,2.334942575544118881e-03,7.836305303499102592e-04
1.254875562153756618e-03,3.750029718503355980e-03,6.572884973138570786e-03,1.029014028608798981e-02,1.400139555335044861e-02,1.891233026981353760e-02,2.354268543422222137e-02,2.914559841156005859e-02,3.415043652057647705e-02,4.019523784518241882e-02,4.517914727330207825e-02,5.014063417911529541e-02,5.367070063948631287e-02,5.652642995119094849e-02,5.691622197628021240e-02,5.622116103768348694e-02,5.230723321437835693e-02,4.710502177476882935e-02,3.813242539763450623e-02,2.862876467406749725e-02,1.526456046849489212e-02,2.030405914410948753e-03,-1.290750410407781601e-02,-2.738803252577781677e-02,-4.273140430450439453e-02,-5.836493894457817078e-02,-7.283926010131835938e-02,-8.288259059190750122e-02,-9.264279901981353760e-02,-9.777336567640304565e-02,-1.015333756804466248e-01,-1.001312062144279480e-01,-9.624607861042022705e-02,-9.078712016344070435e-02,-7.991398125886917114e-02,-6.577683240175247192e-02,-4.824558645486831665e-02,-3.235847130417823792e-02,-1.270618196576833725e-02,5.029639229178428650e-03,2.245386689901351929e-02,3.838818147778511047e-02,5.300029739737510681e-02,6.563721597194671631e-02,7.585612684488296509e-02,8.232925087213516235e-02,8.623967319726943970e-02,8.711151033639907837e-02,8.571738749742507935e-02,8.123081922531127930e-02,7.521773874759674072e-02,6.677696108818054199e-02,5.858447402715682983e-02,5.041292682290077209e-02,4.112580418586730957e-02,3.321471437811851501e-02,2.499201335012912750e-02,1.896875351667404175e-02,1.360744144767522812e-02,8.678633719682693481e-03,4.732788074761629105e-03,3.504888387396931648e-03,1.785021973773837090e-03,7.095279288478195667e-04
7.746458286419510841e-04,4.612235352396965027e-03,8.541619405150413513e-03,1.372570637613534927e-02,1.891383342444896698e-02,2.440423890948295593e-02,3.062764368951320648e-02,3.727186843752861023e-02,4.383626207709312439e-02,5.060327798128128052e-02,5.667337030172348022e-02,6.287179887294769287e-02,6.747979670763015747e-02,7.097843289375305176e-02,7.220266759395599365e-02,7.161855697631835938e-02,6.796415895223617554e-02,6.200092285871505737e-02,5.342555046081542969e-02,4.299680143594741821e-02,2.903493680059909821e-02,1.356291491538286209e-02,-3.398324828594923019e-03,-2.002625353634357452e-02,-3.639164566993713379e-02,-5.412718281149864197e-02,-6.981687247753143311e-02,-8.257254958152770996e-02,-9.398397058248519897e-02,-1.017847806215286255e-01,-1.061857044696807861e-01,-1.073112860321998596e-01,-1.047066152095794678e-01,-9.861266613006591797e-02,-9.025388211011886597e-02,-7.692912220954895020e-02,-5.922705680131912231e-02,-4.367840662598609924e-02,-2.538163587450981140e-02,-6.455241236835718155e-03,1.275207474827766418e-02,2.899527363479137421e-02,4.431056603789329529e-02,5.707544460892677307e-02,6.824874877929687500e-02,7.566723227500915527e-02,8.043945580720901489e-02,8.232122659683227539e-02,8.131133019924163818e-02,7.787335664033889771e-02,7.172830402851104736e-02,6.473296135663986206e-02,5.592957884073257446e-02,4.896286502480506897e-02,4.005364328622817993e-02,3.204853832721710205e-02,2.366283722221851349e-02,1.761654950678348541e-02,1.232810039073228836e-02,7.685989141464233398e-03,3.938094712793827057e-03,3.183812368661165237e-03,1.963326707482337952e-03,1.496514305472373962e-03
1.207868917845189571e-03,5.939401686191558838e-03,1.104119233787059784e-02,1.688259840011596680e-02,2.243490517139434814e-02,2.946529909968376160e-02,3.646766766905784607e-02,4.480369761586189270e-02,5.229801312088966370e-02,6.047656759619712830e-02,6.835573911666870117e-02,7.521522045135498047e-02,8.073046058416366577e-02,8.491431921720504761e-02,8.686311542987823486e-02,8.642494678497314453e-02,8.349666744470596313e-02,7.732003927230834961e-02,6.849536299705505371e-02,5.748498439788818359e-02,4.281213879585266113e-02,2.625511214137077332e-02,6.754890084266662598e-03,-1.021345146000385284e-02,-2.893165871500968933e-02,-4.762905091047286987e-02,-6.570093333721160889e-02,-7.996062934398651123e-02,-9.327939152717590332e-02,-1.020756885409355164e-01,-1.099363788962364197e-01,-1.120099201798439026e-01,-1.110786795616149902e-01,-1.061550676822662354e-01,-9.824226051568984985e-02,-8.785930275917053223e-02,-7.187482714653015137e-02,-5.425855144858360291e-02,-3.585302457213401794e-02,-1.776664704084396362e-02,1.650202204473316669e-03,1.846361346542835236e-02,3.401539102196693420e-02,4.737058654427528381e-02,5.907291546463966370e-02,6.754976511001586914e-02,7.397185266017913818e-02,7.583478093147277832e-02,7.606457918882369995e-02,7.237601280212402344e-02,6.817027181386947632e-02,6.132732331752777100e-02,5.373475328087806702e-02,4.683267325162887573e-02,3.862830996513366699e-02,3.123766556382179260e-02,2.329132519662380219e-02,1.710586622357368469e-02,1.196300610899925232e-02,7.631863467395305634e-03,4.087145440280437469e-03,2.857097191736102104e-03,1.415273873135447502e-03,8.379434584639966488e-04
6.753145135007798672e-04,6.375347729772329330e-03,1.268093101680278778e-02,1.976506225764751434e-02,2.698274701833724976e-02,3.492057323455810547e-02,4.333163797855377197e-02,5.228491127490997314e-02,6.106403097510337830e-02,7.030589133501052856e-02,7.864724099636077881e-02,8.666718006134033203e-02,9.281731396913528442e-02,9.829812496900558472e-02,1.005808338522911072e-01,1.009133011102676392e-01,9.757149964570999146e-02,9.167289733886718750e-02,8.246871083974838257e-02,7.110892981290817261e-02,5.600457638502120972e-02,3.853071480989456177e-02,1.843006908893585205e-02,-2.591168275102972984e-03,-2.211302891373634338e-02,-4.248655959963798523e-02,-6.111909821629524231e-02,-7.777374982833862305e-02,-9.290154278278350830e-02,-1.043463647365570068e-01,-1.125346049666404724e-01,-1.174757853150367737e-01,-1.177289262413978577e-01,-1.145284697413444519e-01,-1.072719171643257141e-01,-9.731636941432952881e-02,-8.326292783021926880e-02,-6.649611890316009521e-02,-4.768094047904014587e-02,-3.009152039885520935e-02,-1.047986093908548355e-02,7.335014641284942627e-03,2.394767291843891144e-02,3.736798837780952454e-02,4.989869892597198486e-02,5.929302051663398743e-02,6.594230979681015015e-02,6.985414028167724609e-02,7.034378498792648315e-02,6.877911090850830078e-02,6.418622285127639771e-02,5.898667126893997192e-02,5.190888047218322754e-02,4.546144232153892517e-02,3.785424679517745972e-02,3.074357099831104279e-02,2.313258685171604156e-02,1.713798195123672485e-02,1.166738104075193405e-02,7.571824826300144196e-03,3.813752438873052597e-03,3.203014843165874481e-03,1.920098904520273209e-03,1.006411621347069740e-03
1.011176616884768009e-03,7.672724779695272446e-03,1.475393120199441910e-02,2.255086041986942291e-02,3.012809529900550842e-02,3.919823467731475830e-02,4.850720241665840149e-02,5.856309086084365845e-02,6.858754903078079224e-02,7.923406362533569336e-02,8.878810703754425049e-02,9.753398597240447998e-02,1.047309562563896179e-01,1.106884777545928955e-01,1.137739419937133789e-01,1.139653176069259644e-01,1.117477118968963623e-01,1.052822247147560120e-01,9.612784534692764282e-02,8.385055512189865112e-02,6.887196749448776245e-02,5.029759928584098816e-02,2.910597994923591614e-02,7.464572321623563766e-03,-1.429389417171478271e-02,-3.535838425159454346e-02,-5.672474205493927002e-02,-7.442990690469741821e-02,-9.193869680166244507e-02,-1.041160225868225098e-01,-1.156660392880439758e-01,-1.203347221016883850e-01,-1.234681680798530579e-01,-1.210220158100128174e-01,-1.156926378607749939e-01,-1.062282770872116089e-01,-9.371086210012435913e-02,-7.793015241622924805e-02,-5.890539661049842834e-02,-4.087403789162635803e-02,-2.206097170710563660e-02,-3.534555668011307716e-03,1.341693289577960968e-02,2.784070186316967010e-02,4.043747857213020325e-02,5.060477927327156067e-02,5.888545140624046326e-02,6.278771907091140747e-02,6.505012512207031250e-02,6.419257819652557373e-02,6.149587407708168030e-02,5.693573132157325745e-02,5.118188261985778809e-02,4.530346393585205078e-02,3.810733184218406677e-02,3.134684264659881592e-02,2.391963638365268707e-02,1.820911280810832977e-02,1.339895464479923248e-02,9.060791693627834320e-03,5.299744196236133575e-03,3.974247258156538010e-03,2.199672628194093704e-03,8.787168189883232117e-04
1.037152600474655628e-03,8.403460495173931122e-03,1.641557179391384125e-02,2.528572455048561096e-02,3.434314206242561340e-02,4.377260059118270874e-02,5.396993830800056458e-02,6.487365812063217163e-02,7.600082457065582275e-02,8.701627701520919800e-02,9.677598625421524048e-02,1.062062904238700867e-01,1.139123290777206421e-01,1.207340136170387268e-01,1.240211501717567444e-01,1.251753866672515869e-01,1.222270056605339050e-01,1.165617555379867554e-01,1.071876063942909241e-01,9.531652927398681641e-02,7.884702086448669434e-02,6.023938208818435669e-02,3.851490095257759094e-02,1.493113674223423004e-02,-8.154302835464477539e-03,-3.118882887065410614e-02,-5.232772231101989746e-02,-7.269307971000671387e-02,-9.163103997707366943e-02,-1.063092947006225586e-01,-1.176452934741973877e-01,-1.255585104227066040e-01,-1.293679475784301758e-01,-1.285548955202102661e-01,-1.234727501869201660e-01,-1.149655506014823914e-01,-1.033407896757125854e-01,-8.855323493480682373e-02,-7.035475224256515503e-02,-5.153159797191619873e-02,-3.258741647005081177e-02,-1.404263358563184738e-02,3.318174043670296669e-03,1.923745311796665192e-02,3.278193622827529907e-02,4.393432661890983582e-02,5.264697968959808350e-02,5.831686034798622131e-02,6.120935827493667603e-02,6.224248558282852173e-02,6.005251780152320862e-02,5.673582106828689575e-02,5.145418643951416016e-02,4.661014303565025330e-02,4.008936882019042969e-02,3.321579843759536743e-02,2.583219110965728760e-02,2.026340924203395844e-02,1.512447744607925415e-02,1.030115224421024323e-02,6.550032179802656174e-03,4.835349507629871368e-03,3.012574743479490280e-03,1.347615383565425873e-03
1.305380486883223057e-03,9.567777626216411591e-03,1.801162771880626678e-02,2.708150260150432587e-02,3.615803644061088562e-02,4.694460332393646240e-02,5.761556327342987061e-02,6.974597275257110596e-02,8.126739412546157837e-02,9.336792677640914917e-02,1.043998524546623230e-01,1.139528825879096985e-01,1.221879571676254272e-01,1.286971718072891235e-01,1.324440836906433105e-01,1.336701512336730957e-01,1.314176619052886963e-01,1.251204609870910645e-01,1.156125590205192566e-01,1.035871207714080811e-01,8.744028210639953613e-02,6.794781982898712158e-02,4.492996260523796082e-02,2.164331637322902679e-02,-2.673648996278643608e-03,-2.591769956052303314e-02,-5.031391978263854980e-02,-7.086893171072006226e-02,-9.111557155847549438e-02,-1.064416170120239258e-01,-1.210943534970283508e-01,-1.285868883132934570e-01,-1.346097290515899658e-01,-1.337533295154571533e-01,-1.307625621557235718e-01,-1.226220577955245972e-01,-1.113402843475341797e-01,-9.721097350120544434e-02,-7.967019826173782349e-02,-6.080099195241928101e-02,-4.173793643712997437e-02,-2.293628826737403870e-02,-5.116343032568693161e-03,1.185981277376413345e-02,2.630172856152057648e-02,3.791999444365501404e-02,4.802157729864120483e-02,5.447759106755256653e-02,5.890521034598350525e-02,6.034601107239723206e-02,5.981076881289482117e-02,5.762840434908866882e-02,5.320534110069274902e-02,4.834597185254096985e-02,4.215737432241439819e-02,3.587860241532325745e-02,2.893252298235893250e-02,2.317060530185699463e-02,1.792020536959171295e-02,1.318487524986267090e-02,8.771731518208980560e-03,6.201162002980709076e-03,3.275640541687607765e-03,6.060024024918675423e-04
1.037167035974562168e-03,9.822966530919075012e-03,1.881112344563007355e-02,2.886016480624675751e-02,3.938101977109909058e-02,5.015466734766960144e-02,6.129509210586547852e-02,7.339159399271011353e-02,8.552039414644241333e-02,9.771929681301116943e-02,1.088374480605125427e-01,1.187076121568679810e-01,1.270296424627304077e-01,1.344628483057022095e-01,1.382347941398620605e-01,1.396714895963668823e-01,1.370152384042739868e-01,1.311775296926498413e-01,1.211232319474220276e-01,1.094350218772888184e-01,9.245710074901580811e-02,7.307721674442291260e-02,5.053166672587394714e-02,2.563028223812580109e-02,6.782113923691213131e-04,-2.378635853528976440e-02,-4.788413271307945251e-02,-7.007472962141036987e-02,-9.130856394767761230e-02,-1.083435043692588806e-01,-1.228743940591812134e-01,-1.325057744979858398e-01,-1.387061327695846558e-01,-1.395918577909469604e-01,-1.362323611974716187e-01,-1.291101723909378052e-01,-1.184394359588623047e-01,-1.042191907763481140e-01,-8.720785379409790039e-02,-6.826080381870269775e-02,-4.893037676811218262e-02,-3.017961420118808746e-02,-1.147799659520387650e-02,6.283750291913747787e-03,2.167827077209949493e-02,3.474240750074386597e-02,4.558224231004714966e-02,5.390695109963417053e-02,5.899150297045707703e-02,6.190362945199012756e-02,6.239665299654006958e-02,6.124664843082427979e-02,5.762681365013122559e-02,5.325270816683769226e-02,4.742282256484031677e-02,4.168200120329856873e-02,3.433506563305854797e-02,2.843366377055644989e-02,2.222875505685806274e-02,1.679493859410285950e-02,1.178035885095596313e-02,8.464368991553783417e-03,4.385397769510746002e-03,6.221343646757304668e-04
1.509350026026368141e-03,1.028106361627578735e-02,1.972943730652332306e-02,3.003427572548389435e-02,4.019627720117568970e-02,5.167389288544654846e-02,6.287660449743270874e-02,7.550959289073944092e-02,8.770871162414550781e-02,1.001523435115814209e-01,1.115293577313423157e-01,1.216825172305107117e-01,1.308045089244842529e-01,1.374846994876861572e-01,1.414469778537750244e-01,1.428281664848327637e-01,1.406016200780868530e-01,1.341322660446166992e-01,1.244199052453041077e-01,1.118844822049140930e-01,9.584511816501617432e-02,7.593066990375518799e-02,5.293663591146469116e-02,2.737189270555973053e-02,3.025566227734088898e-03,-2.149949595332145691e-02,-4.749791324138641357e-02,-6.947156786918640137e-02,-9.166457504034042358e-02,-1.093538925051689148e-01,-1.254577636718750000e-01,-1.346303820610046387e-01,-1.418223381042480469e-01,-1.425862163305282593e-01,-1.415066719055175781e-01,-1.344958543777465820e-01,-1.242424100637435913e-01,-1.100858673453330994e-01,-9.254381805658340454e-02,-7.419990003108978271e-02,-5.470169335603713989e-02,-3.483793511986732483e-02,-1.555499155074357986e-02,2.775516128167510033e-03,1.909879781305789948e-02,3.273957595229148865e-02,4.477912560105323792e-02,5.427570268511772156e-02,6.062877923250198364e-02,6.451024860143661499e-02,6.614587455987930298e-02,6.576551496982574463e-02,6.278989464044570923e-02,5.904204025864601135e-02,5.334049463272094727e-02,4.785291105508804321e-02,4.042633622884750366e-02,3.436085954308509827e-02,2.809307724237442017e-02,2.144281752407550812e-02,1.528298109769821167e-02,1.049297489225864410e-02,5.221872590482234955e-03,4.742237797472625971e-04
1.292053493671119213e-03,1.064910367131233215e-02,2.039260417222976685e-02,3.141660988330841064e-02,4.194076359272003174e-02,5.318289622664451599e-02,6.459485739469528198e-02,7.703237235546112061e-02,8.924203366041183472e-02,1.011424586176872253e-01,1.122169196605682373e-01,1.222662106156349182e-01,1.311255246400833130e-01,1.379009336233139038e-01,1.417906284332275391e-01,1.429171860218048096e-01,1.403552144765853882e-01,1.338599026203155518e-01,1.238938942551612854e-01,1.120483204722404480e-01,9.536425024271011353e-02,7.571038603782653809e-02,5.289872363209724426e-02,2.728446200489997864e-02,1.982105895876884460e-03,-2.303280495107173920e-02,-4.819536581635475159e-02,-7.085615396499633789e-02,-9.278029948472976685e-02,-1.117133498191833496e-01,-1.267783045768737793e-01,-1.377291679382324219e-01,-1.447566300630569458e-01,-1.468319594860076904e-01,-1.441270709037780762e-01,-1.381828784942626953e-01,-1.274619996547698975e-01,-1.134371981024742126e-01,-9.609723836183547974e-02,-7.743804901838302612e-02,-5.766586214303970337e-02,-3.749582171440124512e-02,-1.755753159523010254e-02,1.522367005236446857e-03,1.874888129532337189e-02,3.382193297147750854e-02,4.690750315785408020e-02,5.705144256353378296e-02,6.482952833175659180e-02,6.993566453456878662e-02,7.240085303783416748e-02,7.266785949468612671e-02,7.048087567090988159e-02,6.731919199228286743e-02,6.227539852261543274e-02,5.627612769603729248e-02,4.857680201530456543e-02,4.206066206097602844e-02,3.424163907766342163e-02,2.701310440897941589e-02,1.973298564553260803e-02,1.349029596894979477e-02,6.793593056499958038e-03,6.429481436498463154e-04
1.346734934486448765e-03,1.081221364438533783e-02,2.048433572053909302e-02,3.098136372864246368e-02,4.144397750496864319e-02,5.306433513760566711e-02,6.430549919605255127e-02,7.740040868520736694e-02,8.900568634271621704e-02,1.009400263428688049e-01,1.120003908872604370e-01,1.217129752039909363e-01,1.300279349088668823e-01,1.359941959381103516e-01,1.402926146984100342e-01,1.405648589134216309e-01,1.377702057361602783e-01,1.309049874544143677e-01,1.211723983287811279e-01,1.086421012878417969e-01,9.202595055103302002e-02,7.198491692543029785e-02,4.936511814594268799e-02,2.483391575515270233e-02,2.142488956451416016e-04,-2.461311221122741699e-02,-5.150179937481880188e-02,-7.294932007789611816e-02,-9.484925866127014160e-02,-1.128903627395629883e-01,-1.287562549114227295e-01,-1.389116644859313965e-01,-1.464408189058303833e-01,-1.474249064922332764e-01,-1.457802057266235352e-01,-1.396528035402297974e-01,-1.292102038860321045e-01,-1.143933758139610291e-01,-9.672072529792785645e-02,-7.883115112781524658e-02,-5.865155532956123352e-02,-3.760236874222755432e-02,-1.725122891366481781e-02,2.282853936776518822e-03,2.089474722743034363e-02,3.673866763710975647e-02,5.078151077032089233e-02,6.175423413515090942e-02,7.051017135381698608e-02,7.605598121881484985e-02,7.998971641063690186e-02,8.099403232336044312e-02,7.901386171579360962e-02,7.633432000875473022e-02,7.099928706884384155e-02,6.529888510704040527e-02,5.762969702482223511e-02,5.011373385787010193e-02,4.150883480906486511e-02,3.333361819386482239e-02,2.492899820208549500e-02,1.664088107645511627e-02,8.211925625801086426e-03,3.126105730189010501e-05
9.927168721333146095e-04,1.044855453073978424e-02,2.059380337595939636e-02,3.098546899855136871e-02,4.219332337379455566e-02,5.334615707397460938e-02,6.453620642423629761e-02,7.643892616033554077e-02,8.803500980138778687e-02,9.932088851928710938e-02,1.096046864986419678e-01,1.182255744934082031e-01,1.262961030006408691e-01,1.318348944187164307e-01,1.352062225341796875e-01,1.351655125617980957e-01,1.320104002952575684e-01,1.252387464046478271e-01,1.151276826858520508e-01,1.026677265763282776e-01,8.610291033983230591e-02,6.637181341648101807e-02,4.466207325458526611e-02,2.004436589777469635e-02,-4.839336499571800232e-03,-3.010861761868000031e-02,-5.491952970623970032e-02,-7.633923739194869995e-02,-9.713157266378402710e-02,-1.153636574745178223e-01,-1.301926672458648682e-01,-1.405658274888992310e-01,-1.472832262516021729e-01,-1.489410400390625000e-01,-1.460961550474166870e-01,-1.398213207721710205e-01,-1.285545229911804199e-01,-1.138894930481910706e-01,-9.599867463111877441e-02,-7.832942157983779907e-02,-5.680264905095100403e-02,-3.573491796851158142e-02,-1.465344522148370743e-02,5.591117776930332184e-03,2.493616193532943726e-02,4.184238985180854797e-02,5.700666457414627075e-02,6.900772452354431152e-02,7.888159155845642090e-02,8.528823405504226685e-02,8.953726291656494141e-02,9.074338525533676147e-02,8.970500528812408447e-02,8.628325164318084717e-02,8.172191679477691650e-02,7.509072870016098022e-02,6.721615791320800781e-02,5.872120335698127747e-02,4.905705899000167847e-02,3.993539139628410339e-02,2.967830374836921692e-02,2.031971886754035950e-02,1.024563517421483994e-02,-1.299930299865081906e-04
1.429962227120995522e-03,1.092020608484745026e-02,2.079497091472148895e-02,3.134558349847793579e-02,4.142350703477859497e-02,5.272091552615165710e-02,6.366482377052307129e-02,7.536216825246810913e-02,8.613570034503936768e-02,9.715483337640762329e-02,1.066666170954704285e-01,1.148934885859489441e-01,1.215923205018043518e-01,1.262528747320175171e-01,1.290114969015121460e-01,1.283095031976699829e-01,1.247463673353195190e-01,1.171945556998252869e-01,1.071099191904067993e-01,9.383980184793472290e-02,7.768319547176361084e-02,5.791491642594337463e-02,3.668951615691184998e-02,1.279811654239892960e-02,-1.079109869897365570e-02,-3.570917248725891113e-02,-6.106089428067207336e-02,-8.028197288513183594e-02,-1.003175079822540283e-01,-1.171185597777366638e-01,-1.318329572677612305e-01,-1.408441066741943359e-01,-1.471718102693557739e-01,-1.476473957300186157e-01,-1.457403749227523804e-01,-1.379422694444656372e-01,-1.266446709632873535e-01,-1.108521372079849243e-01,-9.352523833513259888e-02,-7.529049366712570190e-02,-5.369192734360694885e-02,-3.125739097595214844e-02,-1.058552227914333344e-02,1.109210867434740067e-02,3.110609762370586395e-02,4.880460724234580994e-02,6.490191072225570679e-02,7.751687616109848022e-02,8.866069465875625610e-02,9.547293186187744141e-02,1.005047485232353210e-01,1.018614396452903748e-01,1.013749241828918457e-01,9.825732558965682983e-02,9.322457015514373779e-02,8.625667542219161987e-02,7.738943397998809814e-02,6.840315461158752441e-02,5.822997167706489563e-02,4.691192880272865295e-02,3.533045947551727295e-02,2.351206541061401367e-02,1.200248301029205322e-02,-3.294403722975403070e-04
1.457609236240386963e-03,1.104722637683153152e-02,2.117159217596054077e-02,3.173198178410530090e-02,4.203641042113304138e-02,5.260017141699790955e-02,6.289727985858917236e-02,7.376303523778915405e-02,8.378708362579345703e-02,9.373297542333602905e-02,1.022546738386154175e-01,1.090023666620254517e-01,1.150405108928680420e-01,1.188531443476676941e-01,1.206777989864349365e-01,1.187100037932395935e-01,1.146717295050621033e-01,1.068753823637962341e-01,9.658883512020111084e-02,8.312256634235382080e-02,6.667838245630264282e-02,4.798153042793273926e-02,2.623690105974674225e-02,3.324299585074186325e-03,-1.983661763370037079e-02,-4.438559338450431824e-02,-6.644179672002792358e-02,-8.506918698549270630e-02,-1.040937900543212891e-01,-1.201767250895500183e-01,-1.333756744861602783e-01,-1.420226097106933594e-01,-1.475340574979782104e-01,-1.478850096464157104e-01,-1.438664197921752930e-01,-1.359758526086807251e-01,-1.229275465011596680e-01,-1.078075915575027466e-01,-9.051342308521270752e-02,-7.105437666177749634e-02,-4.780412465333938599e-02,-2.629712410271167755e-02,-3.865609876811504364e-03,1.770533248782157898e-02,3.838086128234863281e-02,5.660562962293624878e-02,7.390759885311126709e-02,8.727024495601654053e-02,9.913710504770278931e-02,1.067901551723480225e-01,1.124390512704849243e-01,1.138132065534591675e-01,1.139641627669334412e-01,1.104695573449134827e-01,1.057934537529945374e-01,9.769599884748458862e-02,8.850757032632827759e-02,7.815863192081451416e-02,6.647712737321853638e-02,5.439304932951927185e-02,4.113554954528808594e-02,2.757907845079898834e-02,1.446458045393228531e-02,6.687182758469134569e-05
1.497729797847568989e-03,1.136353798210620880e-02,2.113591134548187256e-02,3.112891502678394318e-02,4.082416370511054993e-02,5.149513855576515198e-02,6.139746308326721191e-02,7.220043241977691650e-02,8.113980293273925781e-02,9.088829904794692993e-02,9.796676784753799438e-02,1.043642088770866394e-01,1.087485253810882568e-01,1.116196364164352417e-01,1.117848530411720276e-01,1.093188002705574036e-01,1.046351641416549683e-01,9.608172625303268433e-02,8.508981764316558838e-02,7.109667360782623291e-02,5.502714589238166809e-02,3.589175641536712646e-02,1.541774161159992218e-02,-6.604155991226434708e-03,-3.050567582249641418e-02,-5.280680954456329346e-02,-7.435628026723861694e-02,-9.146689623594284058e-02,-1.085917204618453979e-01,-1.230896040797233582e-01,-1.352753490209579468e-01,-1.428843140602111816e-01,-1.464729011058807373e-01,-1.456519067287445068e-01,-1.409496665000915527e-01,-1.317722797393798828e-01,-1.180657073855400085e-01,-1.026137918233871460e-01,-8.551803231239318848e-02,-6.408706307411193848e-02,-4.217742010951042175e-02,-1.952973939478397369e-02,3.280775621533393860e-03,2.572581171989440918e-02,4.665226489305496216e-02,6.559196859598159790e-02,8.314432948827743530e-02,9.713998436927795410e-02,1.097772121429443359e-01,1.177884936332702637e-01,1.241021379828453064e-01,1.263793557882308960e-01,1.264538466930389404e-01,1.230531111359596252e-01,1.178967952728271484e-01,1.096642315387725830e-01,9.970604628324508667e-02,8.831340074539184570e-02,7.534703612327575684e-02,6.133767217397689819e-02,4.657595232129096985e-02,3.114912845194339752e-02,1.593652181327342987e-02,-2.965345629490911961e-04
1.014597364701330662e-03,1.106073707342147827e-02,2.136965282261371613e-02,3.148131445050239563e-02,4.218618571758270264e-02,5.215004086494445801e-02,6.158723682165145874e-02,7.125954329967498779e-02,7.964684069156646729e-02,8.795673400163650513e-02,9.371134638786315918e-02,9.851868450641632080e-02,1.019012331962585449e-01,1.037168875336647034e-01,1.024367436766624451e-01,9.899707138538360596e-02,9.295675903558731079e-02,8.409126102924346924e-02,7.199423760175704956e-02,5.852494388818740845e-02,4.187973588705062866e-02,2.299778349697589874e-02,2.681650454178452492e-03,-1.905861869454383850e-02,-4.068239033222198486e-02,-6.207964569330215454e-02,-8.044622093439102173e-02,-9.675236791372299194e-02,-1.130502223968505859e-01,-1.263058483600616455e-01,-1.367160379886627197e-01,-1.428623348474502563e-01,-1.455072015523910522e-01,-1.435488015413284302e-01,-1.368791311979293823e-01,-1.265598684549331665e-01,-1.124339699745178223e-01,-9.882642328739166260e-02,-7.925905287265777588e-02,-5.739012360572814941e-02,-3.476697206497192383e-02,-1.245135720819234848e-02,1.077958568930625916e-02,3.323093429207801819e-02,5.475990474224090576e-02,7.431048154830932617e-02,9.229493886232376099e-02,1.076877638697624207e-01,1.195700243115425110e-01,1.288483440876007080e-01,1.351771801710128784e-01,1.379783898591995239e-01,1.381780654191970825e-01,1.347573548555374146e-01,1.294548064470291138e-01,1.209430247545242310e-01,1.099634319543838501e-01,9.814283996820449829e-02,8.361739665269851685e-02,6.866662204265594482e-02,5.190117657184600830e-02,3.525272384285926819e-02,1.792086102068424225e-02,-8.196600538212805986e-05
1.577220973558723927e-03,1.173841860145330429e-02,2.221349999308586121e-02,3.267590701580047607e-02,4.230881854891777039e-02,5.247521772980690002e-02,6.146624311804771423e-02,7.093197107315063477e-02,7.869221270084381104e-02,8.600509166717529297e-02,9.075221419334411621e-02,9.435740858316421509e-02,9.618137031793594360e-02,9.600698947906494141e-02,9.368050843477249146e-02,8.886773139238357544e-02,8.136676251888275146e-02,7.153183221817016602e-02,5.948854982852935791e-02,4.508529230952262878e-02,2.894276566803455353e-02,9.574472904205322266e-03,-9.662616997957229614e-03,-3.021637164056301117e-02,-5.131014063954353333e-02,-6.956426054239273071e-02,-8.779790252447128296e-02,-1.022731065750122070e-01,-1.168934851884841919e-01,-1.283619999885559082e-01,-1.374266743659973145e-01,-1.416929364204406738e-01,-1.424758732318878174e-01,-1.397640109062194824e-01,-1.319072395563125610e-01,-1.208409145474433899e-01,-1.077220961451530457e-01,-9.206203371286392212e-02,-7.209839671850204468e-02,-5.006819590926170349e-02,-2.826748788356781006e-02,-4.792989231646060944e-03,1.809388026595115662e-02,4.089998453855514526e-02,6.273486465215682983e-02,8.294358104467391968e-02,1.010559871792793274e-01,1.166857928037643433e-01,1.299894005060195923e-01,1.382931470870971680e-01,1.453162133693695068e-01,1.478280574083328247e-01,1.488750278949737549e-01,1.449358463287353516e-01,1.397544741630554199e-01,1.303420811891555786e-01,1.193946972489356995e-01,1.063539236783981323e-01,9.125232696533203125e-02,7.416897267103195190e-02,5.664635449647903442e-02,3.741424903273582458e-02,1.912956684827804565e-02,-1.985956623684614897e-04
9.582400089129805565e-04,1.233769021928310394e-02,2.356427907943725586e-02,3.498841449618339539e-02,4.524663835763931274e-02,5.471447110176086426e-02,6.354700028896331787e-02,7.217770069837570190e-02,7.902313023805618286e-02,8.507996797561645508e-02,8.832721412181854248e-02,9.080796688795089722e-02,9.049820899963378906e-02,8.955060690641403198e-02,8.530721068382263184e-02,7.983932644128799438e-02,7.040681689977645874e-02,6.034041941165924072e-02,4.711946099996566772e-02,3.249748423695564270e-02,1.570417545735836029e-02,-3.520754631608724594e-03,-2.198890782892704010e-02,-4.179592430591583252e-02,-6.052440404891967773e-02,-7.776351273059844971e-02,-9.419766813516616821e-02,-1.074898615479469299e-01,-1.209386438131332397e-01,-1.309331208467483521e-01,-1.379846632480621338e-01,-1.405825167894363403e-01,-1.405830830335617065e-01,-1.359256953001022339e-01,-1.269731521606445312e-01,-1.161719262599945068e-01,-1.028195247054100037e-01,-8.555059880018234253e-02,-6.497692316770553589e-02,-4.338065907359123230e-02,-2.042834646999835968e-02,1.932477694936096668e-03,2.522714994847774506e-02,4.771435633301734924e-02,6.924201548099517822e-02,9.007920324802398682e-02,1.081391721963882446e-01,1.236575096845626831e-01,1.364298015832901001e-01,1.462167501449584961e-01,1.527883112430572510e-01,1.563079655170440674e-01,1.566111147403717041e-01,1.537536829710006714e-01,1.481883972883224487e-01,1.388204395771026611e-01,1.271589249372482300e-01,1.136389374732971191e-01,9.721408784389495850e-02,8.017955720424652100e-02,6.099918857216835022e-02,4.049849882721900940e-02,2.074405923485755920e-02,2.476006920915096998e-04
9.926269995048642159e-04,1.335613336414098740e-02,2.479145675897598267e-02,3.576448559761047363e-02,4.620737954974174500e-02,5.647192150354385376e-02,6.496478617191314697e-02,7.412005960941314697e-02,8.001374453306198120e-02,8.524568378925323486e-02,8.750139921903610229e-02,8.874893933534622192e-02,8.717237412929534912e-02,8.444770425558090210e-02,7.835372537374496460e-02,7.089312374591827393e-02,6.067638099193572998e-02,4.946827515959739685e-02,3.540621325373649597e-02,2.001794613897800446e-02,3.056666348129510880e-03,-1.463076006621122360e-02,-3.322297334671020508e-02,-5.096822604537010193e-02,-6.900527328252792358e-02,-8.464138954877853394e-02,-1.003485172986984253e-01,-1.124335825443267822e-01,-1.237088814377784729e-01,-1.318925321102142334e-01,-1.372163742780685425e-01,-1.392713636159896851e-01,-1.365038603544235229e-01,-1.311427801847457886e-01,-1.221905499696731567e-01,-1.114950925111770630e-01,-9.708758443593978882e-02,-7.886044681072235107e-02,-5.925475060939788818e-02,-3.772069886326789856e-02,-1.558009069412946701e-02,7.622198667377233505e-03,3.058389946818351746e-02,5.334048345685005188e-02,7.461057603359222412e-02,9.531189501285552979e-02,1.135003268718719482e-01,1.289197653532028198e-01,1.422430127859115601e-01,1.515918076038360596e-01,1.595879197120666504e-01,1.624582558870315552e-01,1.635006964206695557e-01,1.600439548492431641e-01,1.548995226621627808e-01,1.453593075275421143e-01,1.335669159889221191e-01,1.198446676135063171e-01,1.027805954217910767e-01,8.414388447999954224e-02,6.451785564422607422e-02,4.274936765432357788e-02,2.151233516633510590e-02,-3.649047284852713346e-04
4.557910433504730463e-04,1.370338909327983856e-02,2.683011442422866821e-02,3.919320926070213318e-02,5.084876343607902527e-02,6.084745749831199646e-02,6.998952478170394897e-02,7.768257707357406616e-02,8.351393789052963257e-02,8.778260648250579834e-02,8.864133059978485107e-02,8.832941949367523193e-02,8.537604659795761108e-02,8.124875277280807495e-02,7.368508726358413696e-02,6.521901488304138184e-02,5.354075506329536438e-02,4.074763506650924683e-02,2.612225525081157684e-02,9.819276630878448486e-03,-6.654443219304084778e-03,-2.547680959105491638e-02,-4.196167737245559692e-02,-5.945708602666854858e-02,-7.599247246980667114e-02,-9.159079194068908691e-02,-1.053672879934310913e-01,-1.162737011909484863e-01,-1.263057142496109009e-01,-1.327944248914718628e-01,-1.365328729152679443e-01,-1.363678574562072754e-01,-1.329542696475982666e-01,-1.267896741628646851e-01,-1.176747828722000122e-01,-1.068637743592262268e-01,-9.092588722705841064e-02,-7.399266213178634644e-02,-5.397766456007957458e-02,-3.294321522116661072e-02,-1.067241840064525604e-02,1.168617233633995056e-02,3.438295796513557434e-02,5.644235014915466309e-02,7.804666459560394287e-02,9.792320430278778076e-02,1.157797351479530334e-01,1.315361708402633667e-01,1.442414373159408569e-01,1.549283415079116821e-01,1.621195524930953979e-01,1.662555783987045288e-01,1.670876741409301758e-01,1.643276065587997437e-01,1.589880287647247314e-01,1.495606452226638794e-01,1.374421119689941406e-01,1.241480708122253418e-01,1.060355752706527710e-01,8.783199638128280640e-02,6.694296747446060181e-02,4.495613649487495422e-02,2.275274693965911865e-02,-5.243451450951397419e-04
7.098272908478975296e-04,1.501553505659103394e-02,2.876462414860725403e-02,4.221045225858688354e-02,5.417235940694808960e-02,6.527460366487503052e-02,7.451796531677246094e-02,8.255191892385482788e-02,8.827886730432510376e-02,9.160473197698593140e-02,9.208154678344726562e-02,9.068465232849121094e-02,8.620893955230712891e-02,8.027020096778869629e-02,7.113316655158996582e-02,6.135090440511703491e-02,4.808490350842475891e-02,3.478159382939338684e-02,1.896676607429981232e-02,2.853590529412031174e-03,-1.519731525331735611e-02,-3.219307959079742432e-02,-4.987178370356559753e-02,-6.575274467468261719e-02,-8.194264769554138184e-02,-9.584940224885940552e-02,-1.090458631515502930e-01,-1.187508553266525269e-01,-1.270640790462493896e-01,-1.320965439081192017e-01,-1.340574473142623901e-01,-1.333871483802795410e-01,-1.285999864339828491e-01,-1.226137727499008179e-01,-1.133989617228507996e-01,-1.010705232620239258e-01,-8.569968491792678833e-02,-6.835268437862396240e-02,-4.986274987459182739e-02,-2.923933416604995728e-02,-8.179795928299427032e-03,1.383535098284482956e-02,3.581200540065765381e-02,5.787530913949012756e-02,7.862034440040588379e-02,9.850171208381652832e-02,1.164731159806251526e-01,1.319517493247985840e-01,1.457540839910507202e-01,1.552296429872512817e-01,1.637864112854003906e-01,1.671676188707351685e-01,1.695735752582550049e-01,1.661042869091033936e-01,1.612941324710845947e-01,1.520284414291381836e-01,1.405347734689712524e-01,1.263389587402343750e-01,1.086761429905891418e-01,8.913996815681457520e-02,6.837189197540283203e-02,4.540997371077537537e-02,2.305125072598457336e-02,-8.393312455154955387e-04
5.680928588844835758e-04,1.633470505475997925e-02,3.229381516575813293e-02,4.775569960474967957e-02,6.088170036673545837e-02,7.173116505146026611e-02,8.160052448511123657e-02,8.930437266826629639e-02,9.488795697689056396e-02,9.745721518993377686e-02,9.712679684162139893e-02,9.415701776742935181e-02,8.878557384014129639e-02,8.161311596632003784e-02,7.160222530364990234e-02,6.022053956985473633e-02,4.628231748938560486e-02,3.077986650168895721e-02,1.454037800431251526e-02,-2.755783032625913620e-03,-2.079703845083713531e-02,-3.826378658413887024e-02,-5.541183054447174072e-02,-7.080812752246856689e-02,-8.639054745435714722e-02,-9.936267137527465820e-02,-1.114032492041587830e-01,-1.195916756987571716e-01,-1.270303726196289062e-01,-1.302802711725234985e-01,-1.316489428281784058e-01,-1.293617337942123413e-01,-1.249363198876380920e-01,-1.184286922216415405e-01,-1.093379110097885132e-01,-9.686866402626037598e-02,-8.104166388511657715e-02,-6.514092534780502319e-02,-4.615287110209465027e-02,-2.714973129332065582e-02,-6.070487201213836670e-03,1.452303305268287659e-02,3.679048269987106323e-02,5.675669386982917786e-02,7.729660719633102417e-02,9.613775461912155151e-02,1.139765307307243347e-01,1.289029866456985474e-01,1.424084007740020752e-01,1.529141366481781006e-01,1.610496342182159424e-01,1.652673929929733276e-01,1.675659120082855225e-01,1.652861982583999634e-01,1.604608744382858276e-01,1.518306732177734375e-01,1.402307897806167603e-01,1.269284039735794067e-01,1.091394722461700439e-01,9.067280590534210205e-02,6.943151354789733887e-02,4.619222506880760193e-02,2.377107553184032440e-02,-2.932164934463799000e-04
6.478920695371925831e-04,1.809427887201309204e-02,3.479890897870063782e-02,5.139112100005149841e-02,6.544601917266845703e-02,7.868459075689315796e-02,8.870838582515716553e-02,9.716466814279556274e-02,1.024938821792602539e-01,1.052193492650985718e-01,1.040210723876953125e-01,1.000833436846733093e-01,9.336794167757034302e-02,8.492654561996459961e-02,7.294643670320510864e-02,6.069584935903549194e-02,4.497830942273139954e-02,2.959522418677806854e-02,1.156885083764791489e-02,-5.714180879294872284e-03,-2.430679090321063995e-02,-4.156012088060379028e-02,-5.909801647067070007e-02,-7.407769560813903809e-02,-8.903668820858001709e-02,-1.013910919427871704e-01,-1.123011261224746704e-01,-1.203751936554908752e-01,-1.258947849273681641e-01,-1.287640184164047241e-01,-1.289676725864410400e-01,-1.270552724599838257e-01,-1.219633072614669800e-01,-1.158340424299240112e-01,-1.061143428087234497e-01,-9.376578778028488159e-02,-7.927637547254562378e-02,-6.287678331136703491e-02,-4.553265497088432312e-02,-2.696818672120571136e-02,-7.596696726977825165e-03,1.273562759160995483e-02,3.320287540555000305e-02,5.355007946491241455e-02,7.247698307037353516e-02,9.138759225606918335e-02,1.089593991637229919e-01,1.237569972872734070e-01,1.377665996551513672e-01,1.475466340780258179e-01,1.573134511709213257e-01,1.610574275255203247e-01,1.641941815614700317e-01,1.620131731033325195e-01,1.586532741785049438e-01,1.503785848617553711e-01,1.392512321472167969e-01,1.261743307113647461e-01,1.090628355741500854e-01,8.979278057813644409e-02,6.895705312490463257e-02,4.594589024782180786e-02,2.331602759659290314e-02,-6.619054474867880344e-04
3.621359355747699738e-04,2.039359696209430695e-02,3.889569267630577087e-02,5.783385038375854492e-02,7.370505481958389282e-02,8.702199161052703857e-02,9.813534468412399292e-02,1.069691255688667297e-01,1.121651977300643921e-01,1.143562942743301392e-01,1.128035932779312134e-01,1.080663502216339111e-01,1.003115922212600708e-01,9.042509645223617554e-02,7.779260724782943726e-02,6.402000784873962402e-02,4.710515588521957397e-02,3.025508299469947815e-02,1.156244799494743347e-02,-6.839149631559848785e-03,-2.592566423118114471e-02,-4.357936605811119080e-02,-6.040565297007560730e-02,-7.543033361434936523e-02,-8.968401700258255005e-02,-1.014718562364578247e-01,-1.113969907164573669e-01,-1.178217455744743347e-01,-1.229033470153808594e-01,-1.249468401074409485e-01,-1.244915425777435303e-01,-1.224770620465278625e-01,-1.178141608834266663e-01,-1.123193278908729553e-01,-1.021380871534347534e-01,-9.059899300336837769e-02,-7.669766247272491455e-02,-6.253334879875183105e-02,-4.554025456309318542e-02,-2.820813469588756561e-02,-9.170103818178176880e-03,9.123834781348705292e-03,2.935631200671195984e-02,4.744678735733032227e-02,6.729362905025482178e-02,8.393148332834243774e-02,1.011790484189987183e-01,1.158542558550834656e-01,1.296359300613403320e-01,1.403561830520629883e-01,1.496941447257995605e-01,1.543046385049819946e-01,1.580373942852020264e-01,1.571831554174423218e-01,1.536415517330169678e-01,1.466973572969436646e-01,1.360859721899032593e-01,1.242371127009391785e-01,1.069526448845863342e-01,8.884263038635253906e-02,6.827452033758163452e-02,4.605439305305480957e-02,2.332312986254692078e-02,-5.350227584131062031e-04
7.175562786869704723e-04,2.195744216442108154e-02,4.256768524646759033e-02,6.339927762746810913e-02,7.986298203468322754e-02,9.516628086566925049e-02,1.066031977534294128e-01,1.160827279090881348e-01,1.225381270051002502e-01,1.242353618144989014e-01,1.229269430041313171e-01,1.174118518829345703e-01,1.085524633526802063e-01,9.710154682397842407e-02,8.320249617099761963e-02,6.850924342870712280e-02,5.040152743458747864e-02,3.330800682306289673e-02,1.369591057300567627e-02,-4.843107890337705612e-03,-2.420259639620780945e-02,-4.143634065985679626e-02,-5.885635316371917725e-02,-7.363668084144592285e-02,-8.781953155994415283e-02,-9.910424798727035522e-02,-1.084433197975158691e-01,-1.145654022693634033e-01,-1.189717724919319153e-01,-1.207163855433464050e-01,-1.201397106051445007e-01,-1.182803362607955933e-01,-1.136925444006919861e-01,-1.085326150059700012e-01,-9.933487325906753540e-02,-8.885116875171661377e-02,-7.609839737415313721e-02,-6.253987550735473633e-02,-4.718943312764167786e-02,-3.078186325728893280e-02,-1.348787918686866760e-02,3.351170336827635765e-03,2.196221612393856049e-02,4.007103666663169861e-02,5.766597390174865723e-02,7.476484775543212891e-02,9.067575633525848389e-02,1.061981469392776489e-01,1.196362525224685669e-01,1.300833225250244141e-01,1.399604976177215576e-01,1.453501582145690918e-01,1.496500819921493530e-01,1.495766341686248779e-01,1.469470858573913574e-01,1.411284357309341431e-01,1.314744204282760620e-01,1.198372989892959595e-01,1.038424447178840637e-01,8.607437461614608765e-02,6.618019938468933105e-02,4.440626502037048340e-02,2.239910140633583069e-02,-6.012879312038421631e-04
6.756540969945490360e-04,2.471559494733810425e-02,4.706381633877754211e-02,7.010633498430252075e-02,8.816973865032196045e-02,1.042354404926300049e-01,1.171701177954673767e-01,1.272503435611724854e-01,1.337381601333618164e-01,1.353522092103958130e-01,1.338789463043212891e-01,1.273330599069595337e-01,1.182947531342506409e-01,1.055438145995140076e-01,9.064754843711853027e-02,7.444269955158233643e-02,5.648621544241905212e-02,3.760176524519920349e-02,1.758522912859916687e-02,-1.534178503789007664e-03,-2.169143967330455780e-02,-3.956326469779014587e-02,-5.626710876822471619e-02,-7.070556282997131348e-02,-8.430206030607223511e-02,-9.502975642681121826e-02,-1.035920828580856323e-01,-1.089391633868217468e-01,-1.133047491312026978e-01,-1.151675656437873840e-01,-1.151549071073532104e-01,-1.133385673165321350e-01,-1.092322021722793579e-01,-1.043164283037185669e-01,-9.637270122766494751e-02,-8.686444163322448730e-02,-7.540096342563629150e-02,-6.384997814893722534e-02,-4.995510354638099670e-02,-3.543278202414512634e-02,-1.919118314981460571e-02,-3.513398813083767891e-03,1.370840147137641907e-02,3.024830855429172516e-02,4.759045690298080444e-02,6.368456780910491943e-02,7.984939217567443848e-02,9.379505366086959839e-02,1.073691844940185547e-01,1.189007684588432312e-01,1.286891549825668335e-01,1.351065784692764282e-01,1.397454142570495605e-01,1.409835070371627808e-01,1.391973793506622314e-01,1.344797313213348389e-01,1.253926604986190796e-01,1.153798475861549377e-01,1.000101119279861450e-01,8.371169120073318481e-02,6.445959955453872681e-02,4.331790655851364136e-02,2.223099395632743835e-02,4.871959754382260144e-05
6.620116764679551125e-04,2.650957368314266205e-02,5.036213621497154236e-02,7.452810555696487427e-02,9.408300369977951050e-02,1.121968552470207214e-01,1.257343143224716187e-01,1.368081122636795044e-01,1.439728438854217529e-01,1.459379196166992188e-01,1.441859751939773560e-01,1.376728117465972900e-01,1.280374228954315186e-01,1.148369759321212769e-01,9.848936647176742554e-02,8.112336695194244385e-02,6.180916354060173035e-02,4.300624877214431763e-02,2.212246693670749664e-02,2.949092071503400803e-03,-1.708521135151386261e-02,-3.492978215217590332e-02,-5.199510231614112854e-02,-6.586104631423950195e-02,-7.925789058208465576e-02,-8.965089172124862671e-02,-9.786594659090042114e-02,-1.033083647489547729e-01,-1.077399849891662598e-01,-1.100751534104347229e-01,-1.103030517697334290e-01,-1.090286821126937866e-01,-1.055794507265090942e-01,-1.009489074349403381e-01,-9.420268982648849487e-02,-8.589646220207214355e-02,-7.658977061510086060e-02,-6.590899825096130371e-02,-5.402350798249244690e-02,-4.045887663960456848e-02,-2.641377225518226624e-02,-1.138877402991056442e-02,4.110823851078748703e-03,2.015541866421699524e-02,3.565807268023490906e-02,5.183877050876617432e-02,6.690127402544021606e-02,8.154466748237609863e-02,9.422977268695831299e-02,1.056703627109527588e-01,1.161257624626159668e-01,1.231266632676124573e-01,1.286361217498779297e-01,1.310063004493713379e-01,1.310526132583618164e-01,1.267714351415634155e-01,1.194949448108673096e-01,1.093744114041328430e-01,9.562967717647552490e-02,7.967913895845413208e-02,6.156662106513977051e-02,4.143663123250007629e-02,2.066742628812789917e-02,-5.130821373313665390e-04
-2.401208330411463976e-04,2.844809554517269135e-02,5.428817495703697205e-02,8.000239729881286621e-02,1.009373590350151062e-01,1.196414530277252197e-01,1.345116198062896729e-01,1.460618376731872559e-01,1.527069658041000366e-01,1.553996503353118896e-01,1.533203274011611938e-01,1.472885459661483765e-01,1.370919346809387207e-01,1.232407242059707642e-01,1.068286895751953125e-01,8.837798982858657837e-02,6.871766597032546997e-02,4.908805340528488159e-02,2.824091911315917969e-02,8.534757420420646667e-03,-1.154061034321784973e-02,-2.942110225558280945e-02,-4.611508175730705261e-02,-5.986962094902992249e-02,-7.280865311622619629e-02,-8.302065730094909668e-02,-9.125436097383499146e-02,-9.709189832210540771e-02,-1.012194156646728516e-01,-1.044616177678108215e-01,-1.048811525106430054e-01,-1.040541604161262512e-01,-1.009548902511596680e-01,-9.782282263040542603e-02,-9.156820923089981079e-02,-8.507809042930603027e-02,-7.695724070072174072e-02,-6.847055256366729736e-02,-5.831702053546905518e-02,-4.718010500073432922e-02,-3.439032286405563354e-02,-2.144146524369716644e-02,-6.961948703974485397e-03,7.495930418372154236e-03,2.308633737266063690e-02,3.812777996063232422e-02,5.290288105607032776e-02,6.690535694360733032e-02,8.086360991001129150e-02,9.287153184413909912e-02,1.038389056921005249e-01,1.111743226647377014e-01,1.178008392453193665e-01,1.208396181464195251e-01,1.215463802218437195e-01,1.187812536954879761e-01,1.122539788484573364e-01,1.041247099637985229e-01,9.058527648448944092e-02,7.646242529153823853e-02,5.926277115941047668e-02,4.004140570759773254e-02,2.001780271530151367e-02,-8.790598367340862751e-04
-6.463952013291418552e-04,2.918810024857521057e-02,5.628702417016029358e-02,8.323411643505096436e-02,1.050501316785812378e-01,1.256689727306365967e-01,1.410766243934631348e-01,1.532922089099884033e-01,1.622938960790634155e-01,1.633899211883544922e-01,1.621637046337127686e-01,1.552471369504928589e-01,1.458283364772796631e-01,1.316093653440475464e-01,1.149091571569442749e-01,9.545335173606872559e-02,7.564365118741989136e-02,5.558217689394950867e-02,3.450911492109298706e-02,1.464307308197021484e-02,-5.126202479004859924e-03,-2.276191674172878265e-02,-3.957957029342651367e-02,-5.348761379718780518e-02,-6.635306030511856079e-02,-7.656376063823699951e-02,-8.451150357723236084e-02,-9.046414494514465332e-02,-9.517240524291992188e-02,-9.783099591732025146e-02,-9.902536123991012573e-02,-9.890136867761611938e-02,-9.680324047803878784e-02,-9.387976676225662231e-02,-8.953199535608291626e-02,-8.381158858537673950e-02,-7.774502038955688477e-02,-7.005690038204193115e-02,-6.252426654100418091e-02,-5.237026512622833252e-02,-4.212497174739837646e-02,-3.058939985930919647e-02,-1.884725503623485565e-02,-4.498244728893041611e-03,9.343606419861316681e-03,2.514672838151454926e-02,3.948853537440299988e-02,5.401405319571495056e-02,6.695608794689178467e-02,7.983934879302978516e-02,9.084758162498474121e-02,9.948942065238952637e-02,1.065975055098533630e-01,1.110145673155784607e-01,1.130324080586433411e-01,1.114750802516937256e-01,1.064236015081405640e-01,9.827046096324920654e-02,8.672711253166198730e-02,7.273691147565841675e-02,5.637752637267112732e-02,3.826838359236717224e-02,1.943445019423961639e-02,-1.046441495418548584e-03
-6.601552013307809830e-04,2.999267913401126862e-02,5.865956097841262817e-02,8.695777505636215210e-02,1.101666241884231567e-01,1.307769417762756348e-01,1.469915360212326050e-01,1.600077450275421143e-01,1.678919941186904907e-01,1.701266616582870483e-01,1.688427925109863281e-01,1.624442785978317261e-01,1.520765572786331177e-01,1.380230337381362915e-01,1.208025142550468445e-01,1.017109826207160950e-01,8.199708908796310425e-02,6.129511445760726929e-02,4.048428684473037720e-02,2.026362344622612000e-02,6.338736857287585735e-04,-1.691062189638614655e-02,-3.335556015372276306e-02,-4.732607305049896240e-02,-5.998064950108528137e-02,-6.976243108510971069e-02,-7.776534557342529297e-02,-8.394170552492141724e-02,-8.837562054395675659e-02,-9.127134829759597778e-02,-9.308099746704101562e-02,-9.339959174394607544e-02,-9.227641671895980835e-02,-9.031301736831665039e-02,-8.734218776226043701e-02,-8.340131491422653198e-02,-7.878803461790084839e-02,-7.309273630380630493e-02,-6.664168834686279297e-02,-5.821251869201660156e-02,-4.925217106938362122e-02,-3.944820910692214966e-02,-2.871602401137351990e-02,-1.645143143832683563e-02,-3.716646693646907806e-03,1.094110868871212006e-02,2.587521448731422424e-02,4.015769809484481812e-02,5.375477299094200134e-02,6.719398498535156250e-02,7.946471124887466431e-02,8.873351663351058960e-02,9.664411842823028564e-02,1.022108718752861023e-01,1.047307178378105164e-01,1.041027829051017761e-01,9.967157244682312012e-02,9.346935153007507324e-02,8.267576992511749268e-02,7.024834305047988892e-02,5.461084097623825073e-02,3.694511950016021729e-02,1.912658847868442535e-02,-4.730122454930096865e-04
-4.293868551030755043e-04,3.107754699885845184e-02,5.969776213169097900e-02,8.818708360195159912e-02,1.119487136602401733e-01,1.333617419004440308e-01,1.505815237760543823e-01,1.633525937795639038e-01,1.728421747684478760e-01,1.746611297130584717e-01,1.732311099767684937e-01,1.665556728839874268e-01,1.571995317935943604e-01,1.430240720510482788e-01,1.259242445230484009e-01,1.063241809606552124e-01,8.623753488063812256e-02,6.553701311349868774e-02,4.497758671641349792e-02,2.481258101761341095e-02,5.886590573936700821e-03,-1.195863634347915649e-02,-2.772770822048187256e-02,-4.138262197375297546e-02,-5.361864715814590454e-02,-6.376776844263076782e-02,-7.136626541614532471e-02,-7.701466232538223267e-02,-8.156656473875045776e-02,-8.449034392833709717e-02,-8.649374544620513916e-02,-8.761592209339141846e-02,-8.779663592576980591e-02,-8.674661070108413696e-02,-8.497891575098037720e-02,-8.242428302764892578e-02,-7.940895110368728638e-02,-7.500784844160079956e-02,-7.050877064466476440e-02,-6.366309523582458496e-02,-5.608209595084190369e-02,-4.755389690399169922e-02,-3.788999840617179871e-02,-2.658328227698802948e-02,-1.463581062853336334e-02,-2.090911584673449397e-04,1.396621856838464737e-02,2.872495725750923157e-02,4.237959533929824829e-02,5.614048987627029419e-02,6.842352449893951416e-02,7.943041622638702393e-02,8.801757544279098511e-02,9.399585425853729248e-02,9.805439412593841553e-02,9.793423116207122803e-02,9.533198177814483643e-02,8.909200876951217651e-02,7.961128652095794678e-02,6.738127768039703369e-02,5.242176353931427002e-02,3.546552360057830811e-02,1.743780449032783508e-02,-1.285693491809070110e-03
-1.365384785458445549e-03,3.112607821822166443e-02,6.056982651352882385e-02,8.941510319709777832e-02,1.140972822904586792e-01,1.350523084402084351e-01,1.519339680671691895e-01,1.653756797313690186e-01,1.732431650161743164e-01,1.765923351049423218e-01,1.745817512273788452e-01,1.691927760839462280e-01,1.583469659090042114e-01,1.449633389711380005e-01,1.277416348457336426e-01,1.087702363729476929e-01,8.867063373327255249e-02,6.851752102375030518e-02,4.795705899596214294e-02,2.844411879777908325e-02,9.828269481658935547e-03,-7.148842792958021164e-03,-2.304428629577159882e-02,-3.613413125276565552e-02,-4.765102639794349670e-02,-5.725325271487236023e-02,-6.461774557828903198e-02,-7.021378725767135620e-02,-7.455076277256011963e-02,-7.770815491676330566e-02,-8.045461028814315796e-02,-8.202984184026718140e-02,-8.294130861759185791e-02,-8.352243155241012573e-02,-8.244632184505462646e-02,-8.116605132818222046e-02,-7.974247634410858154e-02,-7.712912559509277344e-02,-7.401363551616668701e-02,-6.851396709680557251e-02,-6.242371723055839539e-02,-5.488621816039085388e-02,-4.556759074330329895e-02,-3.518351539969444275e-02,-2.360264025628566742e-02,-1.021135132759809494e-02,3.793137846514582634e-03,1.840716227889060974e-02,3.230681642889976501e-02,4.656607285141944885e-02,6.035726889967918396e-02,7.135657221078872681e-02,8.139831572771072388e-02,8.819787949323654175e-02,9.253738075494766235e-02,9.389239549636840820e-02,9.144099801778793335e-02,8.615660667419433594e-02,7.692238688468933105e-02,6.583314388990402222e-02,5.150896683335304260e-02,3.467644751071929932e-02,1.731694862246513367e-02,-1.181574072688817978e-03
-1.164453686214983463e-03,3.112645819783210754e-02,6.006926298141479492e-02,8.923421055078506470e-02,1.130262911319732666e-01,1.350217461585998535e-01,1.518755704164505005e-01,1.647394895553588867e-01,1.744846552610397339e-01,1.756204664707183838e-01,1.746185272932052612e-01,1.675448864698410034e-01,1.582719832658767700e-01,1.448339372873306274e-01,1.280834823846817017e-01,1.085352674126625061e-01,8.966154605150222778e-02,6.983032077550888062e-02,5.041869729757308960e-02,3.108015842735767365e-02,1.378115359693765640e-02,-2.821683650836348534e-03,-1.738287694752216339e-02,-3.058067522943019867e-02,-4.128450900316238403e-02,-5.052193254232406616e-02,-5.740080028772354126e-02,-6.328503787517547607e-02,-6.763689219951629639e-02,-7.109582424163818359e-02,-7.393285632133483887e-02,-7.675195485353469849e-02,-7.832927256822586060e-02,-7.963519543409347534e-02,-7.988008111715316772e-02,-7.963582873344421387e-02,-7.930529117584228516e-02,-7.775673270225524902e-02,-7.664052397012710571e-02,-7.165581732988357544e-02,-6.736347824335098267e-02,-6.022799387574195862e-02,-5.281858518719673157e-02,-4.209543019533157349e-02,-3.105314448475837708e-02,-1.758668199181556702e-02,-3.691510763019323349e-03,1.101315300911664963e-02,2.545506507158279419e-02,3.961180523037910461e-02,5.397292599081993103e-02,6.575954705476760864e-02,7.658963650465011597e-02,8.413210511207580566e-02,8.944159746170043945e-02,9.097474813461303711e-02,8.950354903936386108e-02,8.410283923149108887e-02,7.570590078830718994e-02,6.472612917423248291e-02,5.028992518782615662e-02,3.402737900614738464e-02,1.683327928185462952e-02,-1.482123392634093761e-03
-1.268724328838288784e-03,2.995530888438224792e-02,5.938376113772392273e-02,8.791095763444900513e-02,1.120301187038421631e-01,1.326548606157302856e-01,1.492270231246948242e-01,1.619431674480438232e-01,1.703307628631591797e-01,1.722176223993301392e-01,1.705709546804428101e-01,1.646357476711273193e-01,1.546142548322677612e-01,1.416828036308288574e-01,1.247501522302627563e-01,1.066764220595359802e-01,8.775661885738372803e-02,6.893695890903472900e-02,4.954364150762557983e-02,3.166341781616210938e-02,1.440423540771007538e-02,-9.167956304736435413e-04,-1.482449006289243698e-02,-2.683330327272415161e-02,-3.684442862868309021e-02,-4.549560323357582092e-02,-5.185941234230995178e-02,-5.741543695330619812e-02,-6.158700585365295410e-02,-6.515782326459884644e-02,-6.860498338937759399e-02,-7.129073888063430786e-02,-7.376609742641448975e-02,-7.563808560371398926e-02,-7.704219967126846313e-02,-7.723477482795715332e-02,-7.819652557373046875e-02,-7.783055305480957031e-02,-7.666080445051193237e-02,-7.369188964366912842e-02,-6.980652362108230591e-02,-6.426165252923965454e-02,-5.648130550980567932e-02,-4.689936712384223938e-02,-3.604832664132118225e-02,-2.311763353645801544e-02,-8.953962475061416626e-03,4.860364831984043121e-03,2.001502364873886108e-02,3.529414534568786621e-02,4.977509751915931702e-02,6.249684467911720276e-02,7.323418557643890381e-02,8.178554475307464600e-02,8.768957108259201050e-02,8.984275907278060913e-02,8.870605379343032837e-02,8.434442430734634399e-02,7.577505707740783691e-02,6.540086120367050171e-02,5.129782482981681824e-02,3.453094139695167542e-02,1.766853034496307373e-02,-8.622475434094667435e-04
-1.689995755441486835e-03,2.892547659575939178e-02,5.692322924733161926e-02,8.489709347486495972e-02,1.077577173709869385e-01,1.274584680795669556e-01,1.441533714532852173e-01,1.554486900568008423e-01,1.640063375234603882e-01,1.653797328472137451e-01,1.638807207345962524e-01,1.572049260139465332e-01,1.478399187326431274e-01,1.350715309381484985e-01,1.194701641798019409e-01,1.012788489460945129e-01,8.344534784555435181e-02,6.501300632953643799e-02,4.726823419332504272e-02,2.995948679745197296e-02,1.407893281430006027e-02,-5.944615695625543594e-04,-1.320734433829784393e-02,-2.392774634063243866e-02,-3.363369032740592957e-02,-4.110116511583328247e-02,-4.708902537822723389e-02,-5.190745368599891663e-02,-5.586718395352363586e-02,-5.942109227180480957e-02,-6.241048872470855713e-02,-6.546445935964584351e-02,-6.866940855979919434e-02,-7.149287313222885132e-02,-7.332073897123336792e-02,-7.477419823408126831e-02,-7.612585276365280151e-02,-7.674859464168548584e-02,-7.717979699373245239e-02,-7.410170882940292358e-02,-7.151211053133010864e-02,-6.550797820091247559e-02,-5.918461829423904419e-02,-4.945840686559677124e-02,-3.856928274035453796e-02,-2.518200129270553589e-02,-1.165207009762525558e-02,2.229764126241207123e-03,1.798633858561515808e-02,3.294645994901657104e-02,4.798817262053489685e-02,6.088395416736602783e-02,7.328467816114425659e-02,8.148715645074844360e-02,8.787674456834793091e-02,9.007658064365386963e-02,8.977030217647552490e-02,8.506178110837936401e-02,7.661895453929901123e-02,6.625021249055862427e-02,5.193188786506652832e-02,3.522850200533866882e-02,1.709491387009620667e-02,-1.550282700918614864e-03
-2.240807516500353813e-03,2.742003463208675385e-02,5.510323122143745422e-02,8.080541342496871948e-02,1.029631569981575012e-01,1.208758279681205750e-01,1.366857439279556274e-01,1.471690535545349121e-01,1.546172350645065308e-01,1.563657969236373901e-01,1.543004661798477173e-01,1.487281173467636108e-01,1.389407664537429810e-01,1.268512159585952759e-01,1.111979335546493530e-01,9.444425255060195923e-02,7.723705470561981201e-02,6.012756004929542542e-02,4.264547675848007202e-02,2.672106586396694183e-02,1.205833442509174347e-02,-1.857669441960752010e-03,-1.335990801453590393e-02,-2.316616475582122803e-02,-3.094077296555042267e-02,-3.809852525591850281e-02,-4.320920631289482117e-02,-4.781036823987960815e-02,-5.110580474138259888e-02,-5.438333377242088318e-02,-5.732000619173049927e-02,-6.053132563829421997e-02,-6.374368071556091309e-02,-6.713065505027770996e-02,-6.934572756290435791e-02,-7.131921499967575073e-02,-7.330033183097839355e-02,-7.456584274768829346e-02,-7.515912503004074097e-02,-7.354052364826202393e-02,-7.044441998004913330e-02,-6.562346965074539185e-02,-5.865484476089477539e-02,-4.955286905169487000e-02,-3.819305077195167542e-02,-2.576193399727344513e-02,-1.236997079104185104e-02,1.763962092809379101e-03,1.844723895192146301e-02,3.321614861488342285e-02,4.888841509819030762e-02,6.217902898788452148e-02,7.436998188495635986e-02,8.300311863422393799e-02,8.986263722181320190e-02,9.201466292142868042e-02,9.172072261571884155e-02,8.726690709590911865e-02,7.845876365900039673e-02,6.815164536237716675e-02,5.361246317625045776e-02,3.608793765306472778e-02,1.804166287183761597e-02,-1.487747416831552982e-03
-2.181211486458778381e-03,2.557108551263809204e-02,5.113704130053520203e-02,7.631658762693405151e-02,9.591019153594970703e-02,1.132306158542633057e-01,1.276928037405014038e-01,1.374631077051162720e-01,1.441952288150787354e-01,1.449082195758819580e-01,1.430299133062362671e-01,1.359246671199798584e-01,1.269013583660125732e-01,1.147149056196212769e-01,1.005170792341232300e-01,8.407558500766754150e-02,6.852036714553833008e-02,5.275142937898635864e-02,3.653825446963310242e-02,2.177920751273632050e-02,8.136462420225143433e-03,-3.818325465545058250e-03,-1.443369127810001373e-02,-2.343501895666122437e-02,-3.057937696576118469e-02,-3.584681451320648193e-02,-4.053140431642532349e-02,-4.424785450100898743e-02,-4.738686233758926392e-02,-4.998870193958282471e-02,-5.288380011916160583e-02,-5.616055056452751160e-02,-5.912797152996063232e-02,-6.266003847122192383e-02,-6.528265029191970825e-02,-6.721168756484985352e-02,-6.960491091012954712e-02,-7.084421813488006592e-02,-7.265087217092514038e-02,-7.034968584775924683e-02,-6.875421106815338135e-02,-6.283021718263626099e-02,-5.712528154253959656e-02,-4.662487283349037170e-02,-3.614711761474609375e-02,-2.368159964680671692e-02,-1.071785297244787216e-02,5.488827358931303024e-03,2.132089436054229736e-02,3.595719113945960999e-02,5.254603177309036255e-02,6.614001095294952393e-02,7.879387587308883667e-02,8.703935146331787109e-02,9.394735842943191528e-02,9.615354239940643311e-02,9.565857797861099243e-02,9.001156687736511230e-02,8.187565207481384277e-02,7.009349018335342407e-02,5.515953898429870605e-02,3.705856576561927795e-02,1.844502985477447510e-02,-2.088815672323107719e-03
-1.751329866237938404e-03,2.291166596114635468e-02,4.749063029885292053e-02,6.956548988819122314e-02,8.842699229717254639e-02,1.034966409206390381e-01,1.168434321880340576e-01,1.256920397281646729e-01,1.308513879776000977e-01,1.315871477127075195e-01,1.289324313402175903e-01,1.224158555269241333e-01,1.130509003996849060e-01,1.017989888787269592e-01,8.747278898954391479e-02,7.309764623641967773e-02,5.750207975506782532e-02,4.299663752317428589e-02,2.798871509730815887e-02,1.467953994870185852e-02,2.248169621452689171e-03,-8.127355016767978668e-03,-1.716826669871807098e-02,-2.479256503283977509e-02,-3.057315573096275330e-02,-3.507970273494720459e-02,-3.858575224876403809e-02,-4.174907505512237549e-02,-4.427027329802513123e-02,-4.642861336469650269e-02,-4.899654537439346313e-02,-5.155315250158309937e-02,-5.465519055724143982e-02,-5.775051191449165344e-02,-6.098070368170738220e-02,-6.272214651107788086e-02,-6.532227993011474609e-02,-6.675919890403747559e-02,-6.793772429227828979e-02,-6.660108268260955811e-02,-6.431224942207336426e-02,-5.924599990248680115e-02,-5.227608233690261841e-02,-4.317319393157958984e-02,-3.219597414135932922e-02,-2.051250450313091278e-02,-6.241616327315568924e-03,9.761359542608261108e-03,2.598763443529605865e-02,4.114873334765434265e-02,5.739956349134445190e-02,7.084242254495620728e-02,8.321764320135116577e-02,9.215489774942398071e-02,9.878341853618621826e-02,1.012257710099220276e-01,1.001815423369407654e-01,9.446052461862564087e-02,8.518938720226287842e-02,7.353688776493072510e-02,5.818003043532371521e-02,3.882418945431709290e-02,2.007250487804412842e-02,-1.099325483664870262e-03
-1.929147285409271717e-03,2.075034752488136292e-02,4.266094788908958435e-02,6.329780817031860352e-02,7.984305173158645630e-02,9.310047328472137451e-02,1.051704362034797668e-01,1.122962161898612976e-01,1.170797571539878845e-01,1.165575087070465088e-01,1.133932620286941528e-01,1.063474491238594055e-01,9.789521247148513794e-02,8.653262257575988770e-02,7.415497303009033203e-02,6.037481129169464111e-02,4.602940753102302551e-02,3.236110880970954895e-02,1.882256753742694855e-02,7.098566740751266479e-03,-4.352348390966653824e-03,-1.326309144496917725e-02,-2.091291733086109161e-02,-2.673689834773540497e-02,-3.198457881808280945e-02,-3.478707000613212585e-02,-3.747472539544105530e-02,-3.930702805519104004e-02,-4.143268242478370667e-02,-4.294055327773094177e-02,-4.496215656399726868e-02,-4.740866273641586304e-02,-5.012021586298942566e-02,-5.309638381004333496e-02,-5.587067082524299622e-02,-5.802816897630691528e-02,-6.011265516281127930e-02,-6.075236946344375610e-02,-6.193998456001281738e-02,-6.040564179420471191e-02,-5.826785787940025330e-02,-5.291775986552238464e-02,-4.618100821971893311e-02,-3.685231134295463562e-02,-2.688379958271980286e-02,-1.451835501939058304e-02,3.107697702944278717e-04,1.549879647791385651e-02,3.201699256896972656e-02,4.752167686820030212e-02,6.376950442790985107e-02,7.720524817705154419e-02,8.967875689268112183e-02,9.776211529970169067e-02,1.044671535491943359e-01,1.062621101737022400e-01,1.048373207449913025e-01,9.864401072263717651e-02,8.856073021888732910e-02,7.566510885953903198e-02,5.957052111625671387e-02,3.959963470697402954e-02,1.951723545789718628e-02,-1.621382310986518860e-03
-2.102614613249897957e-03,1.855978928506374359e-02,3.811575844883918762e-02,5.600859224796295166e-02,7.107710838317871094e-02,8.185306191444396973e-02,9.191259741783142090e-02,9.795801341533660889e-02,1.010332852602005005e-01,1.003215610980987549e-01,9.651240706443786621e-02,8.966879546642303467e-02,8.086337149143218994e-02,7.093664258718490601e-02,5.859797075390815735e-02,4.570974037051200867e-02,3.243612498044967651e-02,1.974000781774520874e-02,8.305770345032215118e-03,-2.288475632667541504e-03,-1.164813712239265442e-02,-1.952686719596385956e-02,-2.558862604200839996e-02,-3.035838715732097626e-02,-3.322441130876541138e-02,-3.567472472786903381e-02,-3.675178065896034241e-02,-3.796079754829406738e-02,-3.894037753343582153e-02,-4.013426229357719421e-02,-4.127231612801551819e-02,-4.340890794992446899e-02,-4.526558518409729004e-02,-4.827377945184707642e-02,-5.046466365456581116e-02,-5.250300839543342590e-02,-5.429065600037574768e-02,-5.544164404273033142e-02,-5.566773191094398499e-02,-5.425120890140533447e-02,-5.125312507152557373e-02,-4.649709537625312805e-02,-3.940313309431076050e-02,-3.109094500541687012e-02,-2.007333189249038696e-02,-7.550994865596294403e-03,7.322190329432487488e-03,2.240849100053310394e-02,3.885461762547492981e-02,5.449915304780006409e-02,6.994435191154479980e-02,8.316509425640106201e-02,9.504414349794387817e-02,1.037204116582870483e-01,1.090363338589668274e-01,1.107260584831237793e-01,1.083560883998870850e-01,1.023424044251441956e-01,9.145743399858474731e-02,7.844524830579757690e-02,6.149532645940780640e-02,4.109393060207366943e-02,2.037649787962436676e-02,-1.286047277972102165e-03
-6.642167572863399982e-04,1.543945912271738052e-02,3.258461505174636841e-02,4.817340523004531860e-02,6.051772832870483398e-02,7.046524435281753540e-02,7.823218405246734619e-02,8.331376314163208008e-02,8.480038493871688843e-02,8.330523222684860229e-02,7.924363762140274048e-02,7.235164940357208252e-02,6.415259093046188354e-02,5.394897237420082092e-02,4.257406294345855713e-02,3.104092180728912354e-02,1.893134601414203644e-02,8.317183703184127808e-03,-2.015288686379790306e-03,-1.027565542608499527e-02,-1.854773424565792084e-02,-2.449004538357257843e-02,-2.990063466131687164e-02,-3.336204215884208679e-02,-3.590791299939155579e-02,-3.633679077029228210e-02,-3.675743192434310913e-02,-3.664493188261985779e-02,-3.723425790667533875e-02,-3.739472106099128723e-02,-3.836980089545249939e-02,-3.971930220723152161e-02,-4.115953296422958374e-02,-4.303521290421485901e-02,-4.495599120855331421e-02,-4.690864682197570801e-02,-4.826457425951957703e-02,-4.868551343679428101e-02,-4.897044599056243896e-02,-4.674086719751358032e-02,-4.372319206595420837e-02,-3.911332413554191589e-02,-3.267502039670944214e-02,-2.395843900740146637e-02,-1.248120702803134918e-02,3.718598163686692715e-04,1.439218688756227493e-02,2.995396032929420471e-02,4.642168059945106506e-02,6.124942004680633545e-02,7.677268981933593750e-02,8.924324810504913330e-02,1.011108756065368652e-01,1.092463657259941101e-01,1.147509217262268066e-01,1.148751303553581238e-01,1.128006204962730408e-01,1.049842387437820435e-01,9.458233416080474854e-02,8.030451089143753052e-02,6.338986009359359741e-02,4.138239100575447083e-02,2.099054306745529175e-02,-2.121122088283300400e-03
-5.349266575649380684e-04,1.297444012016057968e-02,2.751609496772289276e-02,4.035143181681632996e-02,5.026547238230705261e-02,5.853808298707008362e-02,6.472068279981613159e-02,6.869999319314956665e-02,6.877642124891281128e-02,6.723371148109436035e-02,6.221184879541397095e-02,5.629018694162368774e-02,4.731681942939758301e-02,3.805362433195114136e-02,2.764194831252098083e-02,1.707209646701812744e-02,6.443895865231752396e-03,-2.979530254378914833e-03,-1.209555193781852722e-02,-1.894586347043514252e-02,-2.597218565642833710e-02,-3.061608597636222839e-02,-3.479811176657676697e-02,-3.681191056966781616e-02,-3.818381205201148987e-02,-3.754096478223800659e-02,-3.707058727741241455e-02,-3.567131236195564270e-02,-3.532181307673454285e-02,-3.507373481988906860e-02,-3.543545678257942200e-02,-3.609076514840126038e-02,-3.693771362304687500e-02,-3.843199461698532104e-02,-3.994190320372581482e-02,-4.106146469712257385e-02,-4.257372021675109863e-02,-4.270502552390098572e-02,-4.222359135746955872e-02,-4.021402448415756226e-02,-3.700739517807960510e-02,-3.203398361802101135e-02,-2.500269375741481781e-02,-1.539586763828992844e-02,-4.297414328902959824e-03,7.935362868010997772e-03,2.196114324033260345e-02,3.712871298193931580e-02,5.288732424378395081e-02,6.756163388490676880e-02,8.215495944023132324e-02,9.469386190176010132e-02,1.050887778401374817e-01,1.128507852554321289e-01,1.174763441085815430e-01,1.177593395113945007e-01,1.147294491529464722e-01,1.073419079184532166e-01,9.604962170124053955e-02,8.195915818214416504e-02,6.448563188314437866e-02,4.282764717936515808e-02,2.235896699130535126e-02,-1.086925854906439781e-03
-3.634252352640032768e-04,1.064627617597579956e-02,2.282128110527992249e-02,3.301293030381202698e-02,4.087661951780319214e-02,4.736233130097389221e-02,5.216819792985916138e-02,5.416641011834144592e-02,5.336692184209823608e-02,5.090199783444404602e-02,4.621484875679016113e-02,4.004627466201782227e-02,3.210899606347084045e-02,2.374158240854740143e-02,1.386453490704298019e-02,5.009123589843511581e-03,-4.406014923006296158e-03,-1.274431683123111725e-02,-2.030541561543941498e-02,-2.610460296273231506e-02,-3.158162534236907959e-02,-3.513365238904953003e-02,-3.768425807356834412e-02,-3.901802375912666321e-02,-3.976553678512573242e-02,-3.820439428091049194e-02,-3.665089234709739685e-02,-3.478232771158218384e-02,-3.362895920872688293e-02,-3.269052878022193909e-02,-3.229321911931037903e-02,-3.220427781343460083e-02,-3.291101381182670593e-02,-3.348464518785476685e-02,-3.477434441447257996e-02,-3.521396964788436890e-02,-3.616458922624588013e-02,-3.630362823605537415e-02,-3.551357612013816833e-02,-3.298334032297134399e-02,-2.987850829958915710e-02,-2.436637878417968750e-02,-1.724534295499324799e-02,-7.618440780788660049e-03,2.815848216414451599e-03,1.512376032769680023e-02,2.889326214790344238e-02,4.392905160784721375e-02,5.862122774124145508e-02,7.292505353689193726e-02,8.683975785970687866e-02,9.882940351963043213e-02,1.085993349552154541e-01,1.156046614050865173e-01,1.192349791526794434e-01,1.191731020808219910e-01,1.152676641941070557e-01,1.078750938177108765e-01,9.638953953981399536e-02,8.183018863201141357e-02,6.434059888124465942e-02,4.259395226836204529e-02,2.171749994158744812e-02,-1.613227999769151211e-03
-1.363215997116640210e-04,9.002034552395343781e-03,1.903379335999488831e-02,2.716819755733013153e-02,3.329190611839294434e-02,3.757673501968383789e-02,4.091051965951919556e-02,4.173289239406585693e-02,4.027159884572029114e-02,3.712556138634681702e-02,3.260235860943794250e-02,2.622996084392070770e-02,1.887096650898456573e-02,1.086052786558866501e-02,2.707126084715127945e-03,-5.347373429685831070e-03,-1.365412678569555283e-02,-2.055559679865837097e-02,-2.720480039715766907e-02,-3.156606853008270264e-02,-3.608006983995437622e-02,-3.874143213033676147e-02,-4.048443958163261414e-02,-4.067615792155265808e-02,-3.996613249182701111e-02,-3.814008459448814392e-02,-3.598004952073097229e-02,-3.339148312807083130e-02,-3.153600543737411499e-02,-2.995624579489231110e-02,-2.868686616420745850e-02,-2.853360399603843689e-02,-2.816262282431125641e-02,-2.898665145039558411e-02,-2.911170944571495056e-02,-2.953911758959293365e-02,-2.991224080324172974e-02,-2.955923043191432953e-02,-2.881165035068988800e-02,-2.602584660053253174e-02,-2.223165705800056458e-02,-1.667861081659793854e-02,-9.792412631213665009e-03,-4.562659887596964836e-04,9.529491886496543884e-03,2.119104377925395966e-02,3.434189036488533020e-02,4.859928041696548462e-02,6.262402236461639404e-02,7.664843648672103882e-02,8.972132205963134766e-02,1.005052551627159119e-01,1.086367592215538025e-01,1.151952072978019714e-01,1.185817942023277283e-01,1.174224019050598145e-01,1.137906908988952637e-01,1.067532300949096680e-01,9.493526071310043335e-02,8.113862574100494385e-02,6.357396394014358521e-02,4.251425340771675110e-02,2.202141284942626953e-02,-8.798281778581440449e-04
3.756981750484555960e-04,7.096701767295598984e-03,1.494267117232084274e-02,2.084724046289920807e-02,2.532865479588508606e-02,2.834828756749629974e-02,2.997294813394546509e-02,3.028185479342937469e-02,2.787052839994430542e-02,2.505788765847682953e-02,2.007526159286499023e-02,1.483240537345409393e-02,7.379972375929355621e-03,1.387770898872986436e-04,-7.638732437044382095e-03,-1.437825895845890045e-02,-2.152377367019653320e-02,-2.762519195675849915e-02,-3.262382373213768005e-02,-3.623188287019729614e-02,-3.913079202175140381e-02,-4.138190299272537231e-02,-4.176495596766471863e-02,-4.157679900527000427e-02,-4.043907299637794495e-02,-3.797811642289161682e-02,-3.509169816970825195e-02,-3.256750851869583130e-02,-3.012862615287303925e-02,-2.808968722820281982e-02,-2.641800232231616974e-02,-2.574687637388706207e-02,-2.489930950105190277e-02,-2.457012981176376343e-02,-2.449303120374679565e-02,-2.466190047562122345e-02,-2.449963614344596863e-02,-2.366634085774421692e-02,-2.245623245835304260e-02,-1.969119347631931305e-02,-1.601255871355533600e-02,-1.047611329704523087e-02,-3.797554876655340195e-03,5.028914194554090500e-03,1.431182213127613068e-02,2.572593837976455688e-02,3.806141391396522522e-02,5.158992111682891846e-02,6.463865190744400024e-02,7.742165774106979370e-02,8.937826752662658691e-02,9.972406178712844849e-02,1.070821359753608704e-01,1.127828508615493774e-01,1.155734509229660034e-01,1.142772659659385681e-01,1.105765923857688904e-01,1.026904135942459106e-01,9.137604385614395142e-02,7.742974162101745605e-02,6.046758592128753662e-02,3.991008549928665161e-02,2.044990099966526031e-02,-1.215914031490683556e-03
2.080643898807466030e-04,5.170256365090608597e-03,1.128829177469015121e-02,1.560853328555822372e-02,1.839212700724601746e-02,2.071306668221950531e-02,2.142886817455291748e-02,2.072689309716224670e-02,1.884778402745723724e-02,1.492726989090442657e-02,1.045792270451784134e-02,5.319099873304367065e-03,-1.040760893374681473e-03,-7.878865115344524384e-03,-1.441158819943666458e-02,-2.051438018679618835e-02,-2.663415484130382538e-02,-3.170045092701911926e-02,-3.558682277798652649e-02,-3.837585449218750000e-02,-4.051525145769119263e-02,-4.159276187419891357e-02,-4.174359887838363647e-02,-4.089689627289772034e-02,-3.889890015125274658e-02,-3.646444156765937805e-02,-3.346303477883338928e-02,-3.031247109174728394e-02,-2.762899547815322876e-02,-2.543655410408973694e-02,-2.335951477289199829e-02,-2.214033529162406921e-02,-2.079635672271251678e-02,-2.060295455157756805e-02,-1.996658928692340851e-02,-1.985526084899902344e-02,-1.925557479262351990e-02,-1.843897812068462372e-02,-1.679320074617862701e-02,-1.435749605298042297e-02,-1.033895555883646011e-02,-4.979725461453199387e-03,1.445906003937125206e-03,9.147607721388339996e-03,1.848067343235015869e-02,2.925805002450942993e-02,4.072510078549385071e-02,5.257343873381614685e-02,6.460525840520858765e-02,7.623478025197982788e-02,8.677010238170623779e-02,9.566113352775573730e-02,1.023391783237457275e-01,1.075382232666015625e-01,1.097990721464157104e-01,1.080542579293251038e-01,1.045843139290809631e-01,9.689912945032119751e-02,8.604269474744796753e-02,7.345288991928100586e-02,5.748608708381652832e-02,3.815113008022308350e-02,2.015894278883934021e-02,-2.056048542726784945e-04
1.114385595428757370e-04,3.636272158473730087e-03,7.540525402873754501e-03,1.051254943013191223e-02,1.221027504652738571e-02,1.333473343402147293e-02,1.382556371390819550e-02,1.301011070609092712e-02,1.016101613640785217e-02,7.587693631649017334e-03,2.681030659005045891e-03,-1.313606509938836098e-03,-7.226994726806879044e-03,-1.264437753707170486e-02,-1.874042861163616180e-02,-2.343219332396984100e-02,-2.881581149995326996e-02,-3.267515450716018677e-02,-3.598112985491752625e-02,-3.769743442535400391e-02,-3.946437686681747437e-02,-4.012604430317878723e-02,-3.989315405488014221e-02,-3.852510079741477966e-02,-3.685431182384490967e-02,-3.347425907850265503e-02,-3.043699823319911957e-02,-2.694942243397235870e-02,-2.459679730236530304e-02,-2.193378470838069916e-02,-1.995141245424747467e-02,-1.832819357514381409e-02,-1.729399152100086212e-02,-1.641030795872211456e-02,-1.595211587846279144e-02,-1.500360947102308273e-02,-1.458737254142761230e-02,-1.300463266670703888e-02,-1.170517690479755402e-02,-8.850600570440292358e-03,-5.640397779643535614e-03,-4.700396093539893627e-04,5.412436556071043015e-03,1.292464509606361389e-02,2.083303220570087433e-02,3.068228624761104584e-02,4.080180823802947998e-02,5.179983749985694885e-02,6.207343563437461853e-02,7.263954728841781616e-02,8.191931247711181641e-02,9.007098525762557983e-02,9.573282301425933838e-02,9.981236606836318970e-02,1.013229638338088989e-01,1.000174582004547119e-01,9.631276130676269531e-02,8.980216085910797119e-02,7.923840731382369995e-02,6.712662428617477417e-02,5.206747353076934814e-02,3.480384126305580139e-02,1.809290796518325806e-02,-3.740660031326115131e-04
-7.307493942789733410e-04,2.335003344342112541e-03,5.188507493585348129e-03,6.996635347604751587e-03,8.533914573490619659e-03,8.597989566624164581e-03,8.463049307465553284e-03,7.236042059957981110e-03,4.843301605433225632e-03,1.961843576282262802e-03,-1.693186000920832157e-03,-6.088898517191410065e-03,-1.110152527689933777e-02,-1.534645352512598038e-02,-2.033179998397827148e-02,-2.434076368808746338e-02,-2.850981429219245911e-02,-3.142442554235458374e-02,-3.403231129050254822e-02,-3.533118218183517456e-02,-3.645764663815498352e-02,-3.717520833015441895e-02,-3.696124628186225891e-02,-3.529254719614982605e-02,-3.278997167944908142e-02,-3.012523241341114044e-02,-2.754880487918853760e-02,-2.400304004549980164e-02,-2.151780575513839722e-02,-1.881813630461692810e-02,-1.709481887519359589e-02,-1.509471237659454346e-02,-1.376583147794008255e-02,-1.305567566305398941e-02,-1.215008553117513657e-02,-1.120104081928730011e-02,-1.045901421457529068e-02,-9.437831118702888489e-03,-7.900156080722808838e-03,-5.180678330361843109e-03,-2.026866422966122627e-03,1.973657868802547455e-03,7.547373417764902115e-03,1.405091956257820129e-02,2.135189622640609741e-02,2.948661893606185913e-02,3.848677128553390503e-02,4.770623892545700073e-02,5.708280950784683228e-02,6.554029881954193115e-02,7.380237430334091187e-02,8.010181784629821777e-02,8.545369654893875122e-02,8.846139907836914062e-02,8.972606807947158813e-02,8.779710531234741211e-02,8.483743667602539062e-02,7.865021377801895142e-02,6.943271309137344360e-02,5.891392752528190613e-02,4.570319131016731262e-02,3.113873302936553955e-02,1.652009040117263794e-02,1.247831969521939754e-04
-1.903170486912131310e-04,1.628572354093194008e-03,3.909573890268802643e-03,4.979437217116355896e-03,5.116092506796121597e-03,5.226967390626668930e-03,4.642145242542028427e-03,3.962136339396238327e-03,1.134040998294949532e-03,-1.131600234657526016e-03,-4.828374367207288742e-03,-7.878136821091175079e-03,-1.229986455291509628e-02,-1.591927558183670044e-02,-1.973885111510753632e-02,-2.264898642897605896e-02,-2.616732753813266754e-02,-2.896288409829139709e-02,-3.028221242129802704e-02,-3.118938766419887543e-02,-3.227350860834121704e-02,-3.256247192621231079e-02,-3.157161921262741089e-02,-2.999939769506454468e-02,-2.887678146362304688e-02,-2.576960250735282898e-02,-2.309924364089965820e-02,-2.020268514752388000e-02,-1.825777627527713776e-02,-1.579077914357185364e-02,-1.381846703588962555e-02,-1.227765437215566635e-02,-1.128578092902898788e-02,-1.006758678704500198e-02,-9.262502193450927734e-03,-8.356464095413684845e-03,-7.549704052507877350e-03,-6.119619589298963547e-03,-4.782918840646743774e-03,-2.514180727303028107e-03,2.055854129139333963e-04,3.772935597226023674e-03,8.476219139993190765e-03,1.352637633681297302e-02,1.982966810464859009e-02,2.661683596670627594e-02,3.421051055192947388e-02,4.194078221917152405e-02,4.985494539141654968e-02,5.707848817110061646e-02,6.348388642072677612e-02,6.892577558755874634e-02,7.353115826845169067e-02,7.543247938156127930e-02,7.612277567386627197e-02,7.435516268014907837e-02,7.122860103845596313e-02,6.636723130941390991e-02,5.778439342975616455e-02,4.992874339222908020e-02,3.856681659817695618e-02,2.643003128468990326e-02,1.390133704990148544e-02,-2.508710313122719526e-04
1.249860797543078661e-04,9.359939722344279289e-04,2.719274256378412247e-03,2.261634217575192451e-03,2.569144591689109802e-03,2.054440556094050407e-03,1.670827274210751057e-03,3.241713566239923239e-04,-1.099686836823821068e-03,-3.569498425349593163e-03,-6.389901973307132721e-03,-9.383288212120532990e-03,-1.217824220657348633e-02,-1.489066891372203827e-02,-1.743277162313461304e-02,-2.036105841398239136e-02,-2.235713414847850800e-02,-2.393247000873088837e-02,-2.510155178606510162e-02,-2.615020237863063812e-02,-2.609189599752426147e-02,-2.618455328047275543e-02,-2.519278600811958313e-02,-2.433318831026554108e-02,-2.250608988106250763e-02,-2.004413492977619171e-02,-1.824587583541870117e-02,-1.578126102685928345e-02,-1.383080892264842987e-02,-1.191531587392091751e-02,-1.046079955995082855e-02,-9.015909396111965179e-03,-7.845957763493061066e-03,-6.963325664401054382e-03,-6.452732253819704056e-03,-5.476889200508594513e-03,-4.689924418926239014e-03,-3.495442215353250504e-03,-2.576040802523493767e-03,-7.430603145621716976e-04,1.644924632273614407e-03,4.576822277158498764e-03,7.795604877173900604e-03,1.216255221515893936e-02,1.667986437678337097e-02,2.238877303898334503e-02,2.806022949516773224e-02,3.446017950773239136e-02,4.012743011116981506e-02,4.592843726277351379e-02,5.066882446408271790e-02,5.490298941731452942e-02,5.758642032742500305e-02,5.946516990661621094e-02,5.988508462905883789e-02,5.818238481879234314e-02,5.589968711137771606e-02,5.224031582474708557e-02,4.595620185136795044e-02,3.956918045878410339e-02,3.074157424271106720e-02,2.081854641437530518e-02,1.141487527638673782e-02,3.249324799980968237e-04
1.375794410705566406e-03,2.056210534647107124e-03,2.057595876976847649e-03,1.789232133887708187e-03,1.241321675479412079e-03,1.322516938671469688e-03,4.145162820350378752e-04,-3.909668303094804287e-04,-1.816373434849083424e-03,-3.096112748607993126e-03,-5.200807005167007446e-03,-7.409286219626665115e-03,-9.335304610431194305e-03,-1.109952293336391449e-02,-1.312473043799400330e-02,-1.481467857956886292e-02,-1.643558405339717865e-02,-1.726217567920684814e-02,-1.809940673410892487e-02,-1.855874061584472656e-02,-1.840580999851226807e-02,-1.807241514325141907e-02,-1.746012084186077118e-02,-1.643131859600543976e-02,-1.533889211714267731e-02,-1.358961220830678940e-02,-1.243218965828418732e-02,-1.079331617802381516e-02,-9.328959509730339050e-03,-8.375417441129684448e-03,-7.108195219188928604e-03,-6.350692361593246460e-03,-5.290395580232143402e-03,-4.930884577333927155e-03,-4.420136567205190659e-03,-3.977454733103513718e-03,-3.064970485866069794e-03,-2.811657264828681946e-03,-1.526005566120147705e-03,-5.845234845764935017e-04,1.670485245995223522e-03,3.172715427353978157e-03,5.864220205694437027e-03,8.382043801248073578e-03,1.210579834878444672e-02,1.506760250777006149e-02,1.961789093911647797e-02,2.339955978095531464e-02,2.768382616341114044e-02,3.152104839682579041e-02,3.464553877711296082e-02,3.825516998767852783e-02,4.000728577375411987e-02,4.113488271832466125e-02,4.127467051148414612e-02,4.036018252372741699e-02,3.878563269972801208e-02,3.657329827547073364e-02,3.176268562674522400e-02,2.752869948744773865e-02,2.154934592545032501e-02,1.563472487032413483e-02,8.755659684538841248e-03,8.346405811607837677e-04
1.616902998648583889e-03,1.710091251879930496e-03,1.849992200732231140e-03,1.429310534149408340e-03,1.111565856263041496e-03,7.639034884050488472e-04,4.114120383746922016e-04,-1.521359226899221539e-04,-7.211132324300706387e-04,-1.595718087628483772e-03,-2.967298263683915138e-03,-4.262930247932672501e-03,-5.074958782643079758e-03,-5.912388209253549576e-03,-7.031301967799663544e-03,-7.536306045949459076e-03,-8.069621399044990540e-03,-8.370854891836643219e-03,-9.222920984029769897e-03,-9.291448630392551422e-03,-9.101911447942256927e-03,-8.897132240235805511e-03,-8.810596540570259094e-03,-7.968622259795665741e-03,-7.643538527190685272e-03,-6.414905190467834473e-03,-6.149532273411750793e-03,-4.707436542958021164e-03,-4.239442292600870132e-03,-3.505632514134049416e-03,-3.219073405489325523e-03,-2.345158718526363373e-03,-2.206783974543213844e-03,-2.195144770666956902e-03,-1.922501251101493835e-03,-1.460906118154525757e-03,-1.117135980166494846e-03,-1.149432966485619545e-03,-4.624742723535746336e-04,-6.286767893470823765e-05,8.440826786682009697e-04,1.399864093400537968e-03,2.806362695991992950e-03,3.964600618928670883e-03,5.550617817789316177e-03,7.238151971250772476e-03,8.909412659704685211e-03,1.088481396436691284e-02,1.271950732916593552e-02,1.507856696844100952e-02,1.663676649332046509e-02,1.810833998024463654e-02,1.922451145946979523e-02,1.950588263571262360e-02,1.960125938057899475e-02,1.912032626569271088e-02,1.844000816345214844e-02,1.757071353495121002e-02,1.580825634300708771e-02,1.404199376702308655e-02,1.049260422587394714e-02,8.072446100413799286e-03,5.145066883414983749e-03,1.292639411985874176e-03
4.733410663902759552e-03,3.497315105050802231e-03,2.343697706237435341e-03,1.141770742833614349e-03,1.057277549989521503e-03,9.080823510885238647e-04,6.553931161761283875e-04,6.070071831345558167e-04,1.044121454469859600e-03,5.877995281480252743e-04,5.669876118190586567e-04,4.064904351253062487e-04,8.278649765998125076e-04,8.644234039820730686e-04,1.433241879567503929e-03,1.765469671227037907e-03,2.121259691193699837e-03,1.968272961676120758e-03,1.902283052913844585e-03,1.886214711703360081e-03,1.628060243092477322e-03,1.923298113979399204e-03,1.861243275925517082e-03,1.943725626915693283e-03,1.612306805327534676e-03,1.723499852232635021e-03,1.486136578023433685e-03,1.773842028342187405e-03,1.416955492459237576e-03,1.130332821048796177e-03,1.004915800876915455e-03,9.109983802773058414e-04,7.459124899469316006e-04,7.773144752718508244e-04,7.454181322827935219e-04,1.056144014000892639e-03,8.729723049327731133e-04,5.889926105737686157e-04,4.093404277227818966e-04,6.251900340430438519e-04,4.601951804943382740e-04,6.324629648588597775e-04,3.422486188355833292e-04,7.993559120222926140e-04,2.984246821142733097e-04,1.019359842757694423e-04,-4.745038459077477455e-04,4.377145669423043728e-04,-2.780397480819374323e-04,1.704385358607396483e-04,-3.941452014259994030e-04,5.668197991326451302e-04,-1.816924923332408071e-04,-4.580132954288274050e-04,-4.453895671758800745e-04,9.653915913077071309e-05,-9.769875759957358241e-05,-5.406983545981347561e-04,-3.229049034416675568e-04,-8.979836275102570653e-05,-5.215409328229725361e-04,1.288189319893717766e-03,5.420312518253922462e-04,3.787792054936289787e-03
