-2.660789061337709427e-03,-3.259625751525163651e-03,-3.345980308949947357e-03,7.821411127224564552e-04,1.576522772666066885e-04,6.143627106212079525e-04,-6.990812835283577442e-04,-4.781928437296301126e-04,-1.231990638189017773e-03,-1.150875817984342575e-03,-1.123755355365574360e-03,-1.614598790183663368e-03,-1.797607284970581532e-03,-9.802265558391809464e-04,1.306571066379547119e-04,8.311685814987868071e-05,1.096274820156395435e-03,4.511485749389976263e-04,2.230390207841992378e-03,1.765537192113697529e-03,2.470642793923616409e-03,2.031425712630152702e-03,1.922372845001518726e-03,1.510922913439571857e-03,1.911178231239318848e-03,8.652571705169975758e-04,-4.685848762164823711e-05,-7.002414786256849766e-04,-1.080633723177015781e-03,-8.489871979691088200e-04,-2.635440556332468987e-03,-2.943121828138828278e-03,-4.321620799601078033e-03,-2.626587869599461555e-03,-3.585356287658214569e-03,-2.777846762910485268e-03,-3.712761681526899338e-03,-2.189736114814877510e-03,-1.006921054795384407e-03,-3.902183671016246080e-04,2.532729122322052717e-04,9.209731360897421837e-04,2.601532498374581337e-03,3.163021057844161987e-03,2.932195086032152176e-03,2.264089882373809814e-03,2.447040518745779991e-03,2.503896597772836685e-03,2.062386367470026016e-03,1.924461335875093937e-03,4.992086323909461498e-04,7.287029293365776539e-04,7.078557246131822467e-05,7.350245141424238682e-05,-1.521605998277664185e-03,-1.182144391350448132e-03,-1.916578621603548527e-03,4.086917615495622158e-04,-9.084832272492349148e-04,2.603598870337009430e-03,2.465688856318593025e-03,-4.522609524428844452e-04,1.060444279573857784e-03,-5.739449989050626755e-04
-3.060423536226153374e-03,-2.824628027155995369e-03,3.385196905583143234e-03,6.131199188530445099e-03,1.174266543239355087e-02,1.313177309930324554e-02,1.830943860113620758e-02,2.054131589829921722e-02,2.675794996321201324e-02,3.011897392570972443e-02,3.393989056348800659e-02,3.658029809594154358e-02,4.102367535233497620e-02,4.372810572385787964e-02,4.634656012058258057e-02,4.830102249979972839e-02,5.093033611774444580e-02,5.197232961654663086e-02,5.254796147346496582e-02,5.224919691681861877e-02,5.200767144560813904e-02,5.100107938051223755e-02,5.084991455078125000e-02,4.933134093880653381e-02,4.859274998307228088e-02,4.661430418491363525e-02,4.745298996567726135e-02,4.636308178305625916e-02,4.711888730525970459e-02,4.706453531980514526e-02,4.853837937116622925e-02,4.996063560247421265e-02,5.301668122410774231e-02,5.632251501083374023e-02,5.847322195768356323e-02,6.227320805191993713e-02,6.354544311761856079e-02,6.794179230928421021e-02,6.749442964792251587e-02,7.067137211561203003e-02,6.912069022655487061e-02,7.014123350381851196e-02,6.771340966224670410e-02,6.703717261552810669e-02,6.135731935501098633e-02,5.903580784797668457e-02,5.463465675711631775e-02,4.973474517464637756e-02,4.302620887756347656e-02,3.651155531406402588e-02,3.281577304005622864e-02,2.658263966441154480e-02,2.240902557969093323e-02,1.693912968039512634e-02,1.395832933485507965e-02,9.629796259105205536e-03,6.904121022671461105e-03,2.743785735219717026e-03,2.896450692787766457e-03,-5.765443202108144760e-04,-1.089236102416180074e-04,-4.651057824958115816e-04,1.602039206773042679e-03,5.365587421692907810e-04
-4.298204090446233749e-03,1.898631569929420948e-03,7.344206329435110092e-03,1.342355087399482727e-02,2.101635187864303589e-02,2.740452252328395844e-02,3.449991345405578613e-02,4.108918830752372742e-02,5.061792954802513123e-02,5.785673484206199646e-02,6.579187512397766113e-02,7.115218788385391235e-02,8.061497658491134644e-02,8.436431735754013062e-02,9.169895201921463013e-02,9.342945367097854614e-02,9.875629842281341553e-02,9.966063499450683594e-02,1.015069782733917236e-01,1.005069017410278320e-01,1.000947207212448120e-01,9.921187162399291992e-02,9.598713368177413940e-02,9.444317966699600220e-02,9.249179810285568237e-02,9.166525304317474365e-02,8.973332494497299194e-02,8.999919891357421875e-02,9.123788774013519287e-02,9.279783815145492554e-02,9.457659721374511719e-02,9.862773865461349487e-02,1.051124110817909241e-01,1.107821837067604065e-01,1.159182488918304443e-01,1.205937415361404419e-01,1.268001049757003784e-01,1.305845975875854492e-01,1.354539990425109863e-01,1.354585140943527222e-01,1.372072100639343262e-01,1.353962868452072144e-01,1.335818469524383545e-01,1.272035241127014160e-01,1.201976016163825989e-01,1.142166033387184143e-01,1.042363420128822327e-01,9.512097388505935669e-02,8.236905932426452637e-02,7.264885306358337402e-02,6.083997711539268494e-02,5.156809091567993164e-02,4.093104973435401917e-02,3.094560839235782623e-02,2.246232330799102783e-02,1.551306806504726410e-02,8.899622596800327301e-03,5.179257597774267197e-03,1.711038872599601746e-03,3.486928762868046761e-04,-1.683534588664770126e-03,-2.957906806841492653e-03,-1.589203951880335808e-03,4.738779971376061440e-04
-2.319914987310767174e-03,4.966420587152242661e-03,1.332090795040130615e-02,2.169638872146606445e-02,3.387867659330368042e-02,4.299592971801757812e-02,5.432865023612976074e-02,6.468959152698516846e-02,7.709104567766189575e-02,8.943009376525878906e-02,9.940157830715179443e-02,1.098428368568420410e-01,1.200958415865898132e-01,1.289703547954559326e-01,1.359960883855819702e-01,1.424329429864883423e-01,1.461692303419113159e-01,1.502790600061416626e-01,1.505775302648544312e-01,1.514850705862045288e-01,1.490457504987716675e-01,1.481741368770599365e-01,1.446783840656280518e-01,1.428633034229278564e-01,1.408317685127258301e-01,1.396056413650512695e-01,1.386356353759765625e-01,1.389371752738952637e-01,1.405477374792098999e-01,1.427334249019622803e-01,1.476439535617828369e-01,1.538278162479400635e-01,1.606335937976837158e-01,1.698262691497802734e-01,1.769715100526809692e-01,1.864416748285293579e-01,1.920154243707656860e-01,2.004891932010650635e-01,2.032110840082168579e-01,2.066500782966613770e-01,2.045620232820510864e-01,2.037643194198608398e-01,1.977083086967468262e-01,1.908770650625228882e-01,1.792288124561309814e-01,1.692727059125900269e-01,1.557191908359527588e-01,1.409247964620590210e-01,1.242432966828346252e-01,1.085627377033233643e-01,9.245337545871734619e-02,7.778518646955490112e-02,6.181541830301284790e-02,4.810217395424842834e-02,3.673980385065078735e-02,2.520586922764778137e-02,1.658709906041622162e-02,9.483647532761096954e-03,6.274234037846326828e-03,1.879159477539360523e-03,-2.771664585452526808e-04,-2.347595058381557465e-03,-2.633305964991450310e-03,-1.263060694327577949e-04
-2.595634432509541512e-03,8.325201459228992462e-03,1.832479238510131836e-02,3.119080327451229095e-02,4.567973688244819641e-02,5.886454880237579346e-02,7.373999059200286865e-02,8.742920309305191040e-02,1.035739257931709290e-01,1.177184805274009705e-01,1.331394761800765991e-01,1.456670463085174561e-01,1.588781327009201050e-01,1.702939420938491821e-01,1.796665340662002563e-01,1.859881579875946045e-01,1.919875144958496094e-01,1.947162151336669922e-01,1.958340406417846680e-01,1.960023790597915649e-01,1.946998983621597290e-01,1.925370991230010986e-01,1.886096596717834473e-01,1.858479678630828857e-01,1.837145388126373291e-01,1.822196692228317261e-01,1.810914427042007446e-01,1.817672401666641235e-01,1.841527968645095825e-01,1.872198730707168579e-01,1.939719468355178833e-01,2.018152773380279541e-01,2.129762619733810425e-01,2.244293391704559326e-01,2.356486022472381592e-01,2.459106296300888062e-01,2.551800310611724854e-01,2.637986540794372559e-01,2.690736651420593262e-01,2.703352868556976318e-01,2.705870568752288818e-01,2.668993473052978516e-01,2.587679326534271240e-01,2.480179071426391602e-01,2.350612282752990723e-01,2.207889556884765625e-01,2.020189017057418823e-01,1.834167838096618652e-01,1.620041429996490479e-01,1.428089886903762817e-01,1.208302825689315796e-01,1.011277288198471069e-01,8.105409145355224609e-02,6.329870969057083130e-02,4.785942658782005310e-02,3.450358286499977112e-02,2.270145714282989502e-02,1.524788606911897659e-02,9.508409537374973297e-03,5.366019438952207565e-03,2.845359966158866882e-03,-1.262536039575934410e-03,-1.970231533050537109e-03,3.719088854268193245e-04
1.059170346707105637e-03,1.384336594492197037e-02,2.879043295979499817e-02,4.359590634703636169e-02,6.210974231362342834e-02,7.833237946033477783e-02,9.638853371143341064e-02,1.136677563190460205e-01,1.308088153600692749e-01,1.486658453941345215e-01,1.653471887111663818e-01,1.815967410802841187e-01,1.955506950616836548e-01,2.093144804239273071e-01,2.186906784772872925e-01,2.288963496685028076e-01,2.338655889034271240e-01,2.384338974952697754e-01,2.383045107126235962e-01,2.399917095899581909e-01,2.379927784204483032e-01,2.352551817893981934e-01,2.310807853937149048e-01,2.290737926959991455e-01,2.282266020774841309e-01,2.268910706043243408e-01,2.265215665102005005e-01,2.278814911842346191e-01,2.328708916902542114e-01,2.384244054555892944e-01,2.474839091300964355e-01,2.576630115509033203e-01,2.695976197719573975e-01,2.817515730857849121e-01,2.939079403877258301e-01,3.075234591960906982e-01,3.152636289596557617e-01,3.266964852809906006e-01,3.291223347187042236e-01,3.331352472305297852e-01,3.296629786491394043e-01,3.265322446823120117e-01,3.139659166336059570e-01,3.034776151180267334e-01,2.862650454044342041e-01,2.686898410320281982e-01,2.461056858301162720e-01,2.226979583501815796e-01,1.985285431146621704e-01,1.742400676012039185e-01,1.483721733093261719e-01,1.242516636848449707e-01,1.023501828312873840e-01,8.103465288877487183e-02,6.367629766464233398e-02,4.619962349534034729e-02,3.374746814370155334e-02,2.238923683762550354e-02,1.528244186192750931e-02,8.355505764484405518e-03,4.451845306903123856e-03,9.645592945162206888e-05,-1.065982272848486900e-03,-7.709349738433957100e-04
3.437637933529913425e-04,1.889366842806339264e-02,3.678458556532859802e-02,5.633526667952537537e-02,7.819474488496780396e-02,9.831281006336212158e-02,1.197312101721763611e-01,1.382976025342941284e-01,1.590900272130966187e-01,1.795729249715805054e-01,1.989239156246185303e-01,2.168814092874526978e-01,2.331660687923431396e-01,2.477972805500030518e-01,2.591421604156494141e-01,2.694403827190399170e-01,2.740937471389770508e-01,2.786942124366760254e-01,2.793961465358734131e-01,2.807840406894683838e-01,2.776000201702117920e-01,2.745283544063568115e-01,2.712370455265045166e-01,2.694717049598693848e-01,2.687502503395080566e-01,2.680740356445312500e-01,2.692921161651611328e-01,2.720453441143035889e-01,2.780469357967376709e-01,2.860127091407775879e-01,2.976594567298889160e-01,3.094830214977264404e-01,3.229499459266662598e-01,3.384490907192230225e-01,3.528841435909271240e-01,3.670444190502166748e-01,3.764393031597137451e-01,3.864620625972747803e-01,3.912417590618133545e-01,3.933800458908081055e-01,3.886392712593078613e-01,3.825491070747375488e-01,3.693454563617706299e-01,3.550828695297241211e-01,3.340627253055572510e-01,3.136776685714721680e-01,2.881402969360351562e-01,2.615527510643005371e-01,2.331602871417999268e-01,2.052649557590484619e-01,1.766042858362197876e-01,1.494848430156707764e-01,1.239584013819694519e-01,1.001448184251785278e-01,7.966375350952148438e-02,6.070560216903686523e-02,4.651025682687759399e-02,3.318803012371063232e-02,2.422486990690231323e-02,1.491810102015733719e-02,1.096961647272109985e-02,3.756766906008124352e-03,4.341309831943362951e-04,-4.789411032106727362e-04
1.942456437973305583e-04,2.474674582481384277e-02,4.640524461865425110e-02,6.911946088075637817e-02,9.503205865621566772e-02,1.192398965358734131e-01,1.429394036531448364e-01,1.667494326829910278e-01,1.888559460639953613e-01,2.124777585268020630e-01,2.331416755914688110e-01,2.521379292011260986e-01,2.694305777549743652e-01,2.841712236404418945e-01,2.955494821071624756e-01,3.051914870738983154e-01,3.101080656051635742e-01,3.152061104774475098e-01,3.153392672538757324e-01,3.152074515819549561e-01,3.133783936500549316e-01,3.114001750946044922e-01,3.093507289886474609e-01,3.070518374443054199e-01,3.086724579334259033e-01,3.098762929439544678e-01,3.128700554370880127e-01,3.185430765151977539e-01,3.280724287033081055e-01,3.394685387611389160e-01,3.534202277660369873e-01,3.678712546825408936e-01,3.835285902023315430e-01,4.006642103195190430e-01,4.140148460865020752e-01,4.303085207939147949e-01,4.386456906795501709e-01,4.485614895820617676e-01,4.507312774658203125e-01,4.510915875434875488e-01,4.431010484695434570e-01,4.346624016761779785e-01,4.178892672061920166e-01,4.006869792938232422e-01,3.768559396266937256e-01,3.537080287933349609e-01,3.248164951801300049e-01,2.958810329437255859e-01,2.650987207889556885e-01,2.346277534961700439e-01,2.026755213737487793e-01,1.745311766862869263e-01,1.459829509258270264e-01,1.206839457154273987e-01,9.817702323198318481e-02,7.802565395832061768e-02,6.060247123241424561e-02,4.478754848241806030e-02,3.298310935497283936e-02,2.157836593687534332e-02,1.433324441313743591e-02,7.390014827251434326e-03,2.101220423355698586e-03,-1.327332458458840847e-03
5.222592735663056374e-04,2.934390865266323090e-02,5.694307759404182434e-02,8.457839488983154297e-02,1.139867529273033142e-01,1.418434381484985352e-01,1.693896055221557617e-01,1.953519880771636963e-01,2.206206470727920532e-01,2.453484833240509033e-01,2.679131627082824707e-01,2.868609428405761719e-01,3.045682013034820557e-01,3.201633691787719727e-01,3.312603533267974854e-01,3.412623405456542969e-01,3.453657329082489014e-01,3.499975800514221191e-01,3.492597937583923340e-01,3.491187989711761475e-01,3.465236425399780273e-01,3.451955914497375488e-01,3.433596789836883545e-01,3.430293500423431396e-01,3.445426225662231445e-01,3.473380506038665771e-01,3.525877594947814941e-01,3.621058464050292969e-01,3.741673827171325684e-01,3.882099390029907227e-01,4.033176898956298828e-01,4.217980504035949707e-01,4.389848709106445312e-01,4.578737020492553711e-01,4.737894535064697266e-01,4.888946115970611572e-01,4.988631010055541992e-01,5.066437125205993652e-01,5.084460377693176270e-01,5.061498880386352539e-01,4.961319565773010254e-01,4.834310114383697510e-01,4.640714228153228760e-01,4.433425366878509521e-01,4.166795015335083008e-01,3.900196552276611328e-01,3.586397469043731689e-01,3.269990980625152588e-01,2.944222092628479004e-01,2.606375515460968018e-01,2.284703552722930908e-01,1.982751041650772095e-01,1.697992831468582153e-01,1.420617848634719849e-01,1.178469806909561157e-01,9.604447335004806519e-02,7.798646390438079834e-02,6.023789942264556885e-02,4.725895822048187256e-02,3.387046977877616882e-02,2.579806186258792877e-02,1.493076700717210770e-02,6.412165239453315735e-03,-1.450801733881235123e-03
1.024951809085905552e-03,3.411247953772544861e-02,6.685930490493774414e-02,9.874355047941207886e-02,1.315129846334457397e-01,1.635772883892059326e-01,1.942061483860015869e-01,2.235119193792343140e-01,2.496857792139053345e-01,2.774986326694488525e-01,3.012861609458923340e-01,3.210857510566711426e-01,3.387337028980255127e-01,3.527761697769165039e-01,3.639548420906066895e-01,3.727951943874359131e-01,3.773820400238037109e-01,3.803855180740356445e-01,3.798531293869018555e-01,3.787993192672729492e-01,3.784423768520355225e-01,3.768909871578216553e-01,3.772969543933868408e-01,3.778193295001983643e-01,3.817892074584960938e-01,3.872975409030914307e-01,3.960836231708526611e-01,4.070245921611785889e-01,4.220844507217407227e-01,4.376306235790252686e-01,4.578489065170288086e-01,4.773653745651245117e-01,4.947475492954254150e-01,5.157554745674133301e-01,5.318703055381774902e-01,5.477052330970764160e-01,5.555485486984252930e-01,5.636761784553527832e-01,5.625542402267456055e-01,5.583494305610656738e-01,5.444832444190979004e-01,5.295681357383728027e-01,5.062293410301208496e-01,4.835940897464752197e-01,4.538037478923797607e-01,4.242678582668304443e-01,3.891248703002929688e-01,3.561519384384155273e-01,3.218916058540344238e-01,2.869216799736022949e-01,2.518351972103118896e-01,2.214109897613525391e-01,1.914082616567611694e-01,1.634956151247024536e-01,1.372901201248168945e-01,1.149605661630630493e-01,9.382240474224090576e-02,7.664287835359573364e-02,6.073291227221488953e-02,4.561223834753036499e-02,3.370304778218269348e-02,2.219406701624393463e-02,1.130688097327947617e-02,6.484558252850547433e-05
1.669858582317829132e-03,3.884561732411384583e-02,7.605296373367309570e-02,1.133792027831077576e-01,1.510722190141677856e-01,1.860669553279876709e-01,2.193201482295989990e-01,2.508422434329986572e-01,2.805503606796264648e-01,3.090488910675048828e-01,3.329856693744659424e-01,3.532925844192504883e-01,3.711450397968292236e-01,3.857521116733551025e-01,3.950344324111938477e-01,4.041377604007720947e-01,4.071409106254577637e-01,4.099260866641998291e-01,4.078782796859741211e-01,4.067606329917907715e-01,4.051350057125091553e-01,4.048150479793548584e-01,4.047162830829620361e-01,4.071309268474578857e-01,4.129435122013092041e-01,4.205303192138671875e-01,4.330480694770812988e-01,4.467436671257019043e-01,4.641892313957214355e-01,4.830831289291381836e-01,5.053783059120178223e-01,5.281154513359069824e-01,5.486435294151306152e-01,5.695441365242004395e-01,5.873196721076965332e-01,6.021048426628112793e-01,6.099458932876586914e-01,6.152632236480712891e-01,6.131811738014221191e-01,6.059647202491760254e-01,5.898985266685485840e-01,5.716090798377990723e-01,5.460426211357116699e-01,5.187252759933471680e-01,4.859529137611389160e-01,4.529298841953277588e-01,4.168259799480438232e-01,3.807391822338104248e-01,3.443693220615386963e-01,3.087621331214904785e-01,2.746437489986419678e-01,2.420728802680969238e-01,2.133376747369766235e-01,1.847573965787887573e-01,1.595610678195953369e-01,1.348408013582229614e-01,1.145220473408699036e-01,9.547412395477294922e-02,7.829006761312484741e-02,6.019220128655433655e-02,4.602451995015144348e-02,2.994925528764724731e-02,1.488526165485382080e-02,-7.880926714278757572e-04
1.505280233686789870e-04,4.374070465564727783e-02,8.470144122838973999e-02,1.265721321105957031e-01,1.669119149446487427e-01,2.063811123371124268e-01,2.421433776617050171e-01,2.771088480949401855e-01,3.079107105731964111e-01,3.383034169673919678e-01,3.635441958904266357e-01,3.837730288505554199e-01,4.019218385219573975e-01,4.138489961624145508e-01,4.229283034801483154e-01,4.301824867725372314e-01,4.333468377590179443e-01,4.344109892845153809e-01,4.327378273010253906e-01,4.304545819759368896e-01,4.311944842338562012e-01,4.309766888618469238e-01,4.340220987796783447e-01,4.373526871204376221e-01,4.460140466690063477e-01,4.560577571392059326e-01,4.704921841621398926e-01,4.855285882949829102e-01,5.072144865989685059e-01,5.304979681968688965e-01,5.541191697120666504e-01,5.783820152282714844e-01,5.999295115470886230e-01,6.224951744079589844e-01,6.397779583930969238e-01,6.549206972122192383e-01,6.617635488510131836e-01,6.659405827522277832e-01,6.604635119438171387e-01,6.507554054260253906e-01,6.321579217910766602e-01,6.113143563270568848e-01,5.815382003784179688e-01,5.514005422592163086e-01,5.152602195739746094e-01,4.806465506553649902e-01,4.417807459831237793e-01,4.045939743518829346e-01,3.668737411499023438e-01,3.305040001869201660e-01,2.952251434326171875e-01,2.635465264320373535e-01,2.330873757600784302e-01,2.055285274982452393e-01,1.787241101264953613e-01,1.543921679258346558e-01,1.326425671577453613e-01,1.131647005677223206e-01,9.303656965494155884e-02,7.342925667762756348e-02,5.488568544387817383e-02,3.735135123133659363e-02,1.883968338370323181e-02,5.564418388530611992e-04
6.568395765498280525e-04,4.703727737069129944e-02,9.352179616689682007e-02,1.394500583410263062e-01,1.842752397060394287e-01,2.261642217636108398e-01,2.658317983150482178e-01,3.019743263721466064e-01,3.358831703662872314e-01,3.654102683067321777e-01,3.918706178665161133e-01,4.116936326026916504e-01,4.292637407779693604e-01,4.408723711967468262e-01,4.495940506458282471e-01,4.560993611812591553e-01,4.581258893013000488e-01,4.584648907184600830e-01,4.559095501899719238e-01,4.547240138053894043e-01,4.530655741691589355e-01,4.546898305416107178e-01,4.578092396259307861e-01,4.629860222339630127e-01,4.731151461601257324e-01,4.866454899311065674e-01,5.020174384117126465e-01,5.210977196693420410e-01,5.444909334182739258e-01,5.710566043853759766e-01,5.974224805831909180e-01,6.231397986412048340e-01,6.471460461616516113e-01,6.695703864097595215e-01,6.874021887779235840e-01,7.017073631286621094e-01,7.082259654998779297e-01,7.089650630950927734e-01,7.020939588546752930e-01,6.903131604194641113e-01,6.693003177642822266e-01,6.450524926185607910e-01,6.132838726043701172e-01,5.796025395393371582e-01,5.420590043067932129e-01,5.042081475257873535e-01,4.637512862682342529e-01,4.242595434188842773e-01,3.856723904609680176e-01,3.493156135082244873e-01,3.142323493957519531e-01,2.814899981021881104e-01,2.524262070655822754e-01,2.244103699922561646e-01,1.979820281267166138e-01,1.716285794973373413e-01,1.491067558526992798e-01,1.291047781705856323e-01,1.071198955178260803e-01,8.730452507734298706e-02,6.598840653896331787e-02,4.471805319190025330e-02,2.203394658863544464e-02,-7.508271955884993076e-04
9.034697432070970535e-04,5.141214653849601746e-02,1.016563326120376587e-01,1.506963372230529785e-01,1.967217028141021729e-01,2.423759847879409790e-01,2.842054367065429688e-01,3.227773606777191162e-01,3.574439287185668945e-01,3.885291814804077148e-01,4.154844284057617188e-01,4.360477924346923828e-01,4.538019597530364990e-01,4.652021527290344238e-01,4.734240174293518066e-01,4.787965118885040283e-01,4.813365638256072998e-01,4.786494672298431396e-01,4.775516986846923828e-01,4.740477800369262695e-01,4.752393960952758789e-01,4.764620065689086914e-01,4.821639060974121094e-01,4.901567399501800537e-01,5.023804903030395508e-01,5.163418650627136230e-01,5.345800518989562988e-01,5.555661916732788086e-01,5.822819471359252930e-01,6.102895736694335938e-01,6.389347314834594727e-01,6.650061011314392090e-01,6.911752223968505859e-01,7.138633728027343750e-01,7.317220568656921387e-01,7.454315423965454102e-01,7.504551410675048828e-01,7.506759166717529297e-01,7.409691810607910156e-01,7.266995906829833984e-01,7.039370536804199219e-01,6.760545969009399414e-01,6.413998603820800781e-01,6.058653593063354492e-01,5.655996203422546387e-01,5.261902809143066406e-01,4.844497144222259521e-01,4.445573389530181885e-01,4.054471850395202637e-01,3.680659234523773193e-01,3.324288129806518555e-01,3.006960749626159668e-01,2.704522311687469482e-01,2.430720776319503784e-01,2.152229845523834229e-01,1.898806989192962646e-01,1.653151512145996094e-01,1.445836871862411499e-01,1.204239949584007263e-01,9.772204607725143433e-02,7.419540733098983765e-02,5.110078305006027222e-02,2.654131501913070679e-02,4.826535005122423172e-04
1.312395179411396384e-04,5.314514413475990295e-02,1.048908382654190063e-01,1.571713536977767944e-01,2.081686109304428101e-01,2.559101879596710205e-01,2.996764481067657471e-01,3.398941755294799805e-01,3.769561648368835449e-01,4.084758460521697998e-01,4.354723989963531494e-01,4.565998017787933350e-01,4.750201404094696045e-01,4.871071577072143555e-01,4.949049353599548340e-01,4.998057782649993896e-01,5.000961422920227051e-01,5.000630021095275879e-01,4.968323111534118652e-01,4.944966137409210205e-01,4.949638545513153076e-01,4.982363879680633545e-01,5.033974647521972656e-01,5.122962594032287598e-01,5.265657901763916016e-01,5.432395339012145996e-01,5.622270703315734863e-01,5.857998132705688477e-01,6.148129701614379883e-01,6.442943811416625977e-01,6.748070120811462402e-01,7.027806639671325684e-01,7.292395830154418945e-01,7.515571713447570801e-01,7.691386938095092773e-01,7.817159891128540039e-01,7.857107520103454590e-01,7.836280465126037598e-01,7.729271650314331055e-01,7.569750547409057617e-01,7.314985394477844238e-01,7.031579017639160156e-01,6.661777496337890625e-01,6.272102594375610352e-01,5.862222909927368164e-01,5.456339716911315918e-01,5.023955702781677246e-01,4.610305428504943848e-01,4.207986593246459961e-01,3.850488662719726562e-01,3.486694991588592529e-01,3.167780637741088867e-01,2.870270609855651855e-01,2.599737048149108887e-01,2.324820309877395630e-01,2.057932317256927490e-01,1.815938353538513184e-01,1.587131768465042114e-01,1.331105977296829224e-01,1.091415882110595703e-01,8.210909366607666016e-02,5.610514804720878601e-02,2.813704311847686768e-02,-3.893184184562414885e-04
-5.395043990574777126e-04,5.592192709445953369e-02,1.093992665410041809e-01,1.634445190429687500e-01,2.152133285999298096e-01,2.632831037044525146e-01,3.107401430606842041e-01,3.521281480789184570e-01,3.897213935852050781e-01,4.235619902610778809e-01,4.520271718502044678e-01,4.744783341884613037e-01,4.934004247188568115e-01,5.051922798156738281e-01,5.139573812484741211e-01,5.195705890655517578e-01,5.201159715652465820e-01,5.198270082473754883e-01,5.189821124076843262e-01,5.166725516319274902e-01,5.183147192001342773e-01,5.205097794532775879e-01,5.274280905723571777e-01,5.360987186431884766e-01,5.515570640563964844e-01,5.670692324638366699e-01,5.873923301696777344e-01,6.117329597473144531e-01,6.428621411323547363e-01,6.729394197463989258e-01,7.057456970214843750e-01,7.341846823692321777e-01,7.623525857925415039e-01,7.851585149765014648e-01,8.020980954170227051e-01,8.150267601013183594e-01,8.174635171890258789e-01,8.152948021888732910e-01,8.034515380859375000e-01,7.863141298294067383e-01,7.601189613342285156e-01,7.298234701156616211e-01,6.910181045532226562e-01,6.515797972679138184e-01,6.074901819229125977e-01,5.655337572097778320e-01,5.220007896423339844e-01,4.793111681938171387e-01,4.383435845375061035e-01,4.007287323474884033e-01,3.644543290138244629e-01,3.323205411434173584e-01,3.020713329315185547e-01,2.738860249519348145e-01,2.455198615789413452e-01,2.200346738100051880e-01,1.935947239398956299e-01,1.707869321107864380e-01,1.423323005437850952e-01,1.171452850103378296e-01,8.843140304088592529e-02,5.978620424866676331e-02,3.011699765920639038e-02,3.009890788234770298e-04
4.632931377273052931e-04,5.597741529345512390e-02,1.117049232125282288e-01,1.666152477264404297e-01,2.205499857664108276e-01,2.709182202816009521e-01,3.181958198547363281e-01,3.612277507781982422e-01,3.999428451061248779e-01,4.345367550849914551e-01,4.646772146224975586e-01,4.874353110790252686e-01,5.074295997619628906e-01,5.213520526885986328e-01,5.309700965881347656e-01,5.368075966835021973e-01,5.377410650253295898e-01,5.386185646057128906e-01,5.379359126091003418e-01,5.373221635818481445e-01,5.381430387496948242e-01,5.415050983428955078e-01,5.470556020736694336e-01,5.569968223571777344e-01,5.723944902420043945e-01,5.902120471000671387e-01,6.097350120544433594e-01,6.346361637115478516e-01,6.661986112594604492e-01,6.975539922714233398e-01,7.312299013137817383e-01,7.604199051856994629e-01,7.881017327308654785e-01,8.112824559211730957e-01,8.286546468734741211e-01,8.405107259750366211e-01,8.436312079429626465e-01,8.393697738647460938e-01,8.274570703506469727e-01,8.094205856323242188e-01,7.818546295166015625e-01,7.513200640678405762e-01,7.119943499565124512e-01,6.696040630340576172e-01,6.265717744827270508e-01,5.828080773353576660e-01,5.377538800239562988e-01,4.942624270915985107e-01,4.522655606269836426e-01,4.150660037994384766e-01,3.779949247837066650e-01,3.448432087898254395e-01,3.143169581890106201e-01,2.854999601840972900e-01,2.575237751007080078e-01,2.294373512268066406e-01,2.039719969034194946e-01,1.787814348936080933e-01,1.508069187402725220e-01,1.237558051943778992e-01,9.460865706205368042e-02,6.348252296447753906e-02,3.195320069789886475e-02,-4.532495222520083189e-04
3.231267910450696945e-04,5.668848007917404175e-02,1.136147305369377136e-01,1.681801825761795044e-01,2.217281609773635864e-01,2.710485756397247314e-01,3.209810554981231689e-01,3.650058209896087646e-01,4.058023393154144287e-01,4.420177936553955078e-01,4.724622368812561035e-01,4.981739521026611328e-01,5.191345214843750000e-01,5.336949229240417480e-01,5.447623133659362793e-01,5.531187057495117188e-01,5.552009344100952148e-01,5.562309622764587402e-01,5.560424923896789551e-01,5.566390156745910645e-01,5.572717189788818359e-01,5.618066787719726562e-01,5.661638975143432617e-01,5.775459408760070801e-01,5.921785831451416016e-01,6.095855236053466797e-01,6.296516060829162598e-01,6.534610390663146973e-01,6.847724914550781250e-01,7.160899043083190918e-01,7.512951493263244629e-01,7.794442772865295410e-01,8.097476959228515625e-01,8.323333859443664551e-01,8.500633835792541504e-01,8.614236712455749512e-01,8.648968935012817383e-01,8.612449169158935547e-01,8.492482304573059082e-01,8.306173086166381836e-01,8.032891750335693359e-01,7.707626819610595703e-01,7.310791611671447754e-01,6.887852549552917480e-01,6.433414816856384277e-01,5.997034311294555664e-01,5.538530349731445312e-01,5.099168419837951660e-01,4.672095179557800293e-01,4.285382032394409180e-01,3.907969594001770020e-01,3.579502999782562256e-01,3.251764178276062012e-01,2.962419688701629639e-01,2.664207816123962402e-01,2.384668886661529541e-01,2.112484276294708252e-01,1.854413896799087524e-01,1.554361879825592041e-01,1.269008666276931763e-01,9.641089290380477905e-02,6.542311608791351318e-02,3.372889384627342224e-02,2.745823585428297520e-04
1.165423542261123657e-03,5.619269981980323792e-02,1.106232702732086182e-01,1.648835241794586182e-01,2.187044024467468262e-01,2.713861465454101562e-01,3.189996778964996338e-01,3.645832538604736328e-01,4.060258269309997559e-01,4.435634613037109375e-01,4.767001569271087646e-01,5.032733082771301270e-01,5.269235968589782715e-01,5.447903275489807129e-01,5.577168464660644531e-01,5.674322843551635742e-01,5.712206959724426270e-01,5.736155509948730469e-01,5.750675797462463379e-01,5.752514600753784180e-01,5.778735280036926270e-01,5.810661911964416504e-01,5.861243009567260742e-01,5.947335958480834961e-01,6.098877191543579102e-01,6.277981400489807129e-01,6.473808884620666504e-01,6.687597036361694336e-01,6.994750499725341797e-01,7.306680679321289062e-01,7.640461325645446777e-01,7.939434647560119629e-01,8.226188421249389648e-01,8.454278111457824707e-01,8.638395667076110840e-01,8.746155500411987305e-01,8.791340589523315430e-01,8.747845292091369629e-01,8.641029596328735352e-01,8.449354171752929688e-01,8.190469741821289062e-01,7.870226502418518066e-01,7.480642199516296387e-01,7.037672400474548340e-01,6.594862341880798340e-01,6.138918995857238770e-01,5.691364407539367676e-01,5.234030485153198242e-01,4.798708558082580566e-01,4.411895871162414551e-01,4.017400145530700684e-01,3.668549358844757080e-01,3.337762355804443359e-01,3.037205040454864502e-01,2.734064757823944092e-01,2.434022873640060425e-01,2.168241292238235474e-01,1.895220726728439331e-01,1.596290767192840576e-01,1.298535317182540894e-01,9.920120239257812500e-02,6.632564961910247803e-02,3.302579373121261597e-02,-3.599626652430742979e-04
2.008275361731648445e-03,5.501463636755943298e-02,1.093214675784111023e-01,1.631992608308792114e-01,2.149444073438644409e-01,2.636990845203399658e-01,3.135865330696105957e-01,3.592550158500671387e-01,4.025828242301940918e-01,4.424869418144226074e-01,4.777114689350128174e-01,5.077632665634155273e-01,5.327979922294616699e-01,5.528549551963806152e-01,5.680152773857116699e-01,5.819965600967407227e-01,5.877349376678466797e-01,5.911657810211181641e-01,5.936124324798583984e-01,5.952261090278625488e-01,5.980242490768432617e-01,6.014312505722045898e-01,6.047347187995910645e-01,6.129127144813537598e-01,6.262658238410949707e-01,6.411853432655334473e-01,6.613182425498962402e-01,6.792473793029785156e-01,7.098342180252075195e-01,7.381351590156555176e-01,7.721133232116699219e-01,7.987373471260070801e-01,8.309307098388671875e-01,8.525612354278564453e-01,8.723175525665283203e-01,8.844014406204223633e-01,8.890349864959716797e-01,8.874288201332092285e-01,8.767179846763610840e-01,8.591240048408508301e-01,8.334723711013793945e-01,8.015919327735900879e-01,7.641669511795043945e-01,7.207307815551757812e-01,6.742581725120544434e-01,6.294818520545959473e-01,5.837833285331726074e-01,5.386676192283630371e-01,4.934698939323425293e-01,4.517608284950256348e-01,4.115470051765441895e-01,3.753280341625213623e-01,3.411833941936492920e-01,3.087888956069946289e-01,2.772564888000488281e-01,2.475976645946502686e-01,2.189132124185562134e-01,1.909432113170623779e-01,1.595907360315322876e-01,1.294844746589660645e-01,9.888950735330581665e-02,6.707088649272918701e-02,3.391265124082565308e-02,1.745330664562061429e-04
3.274038434028625488e-03,5.376449972391128540e-02,1.051426008343696594e-01,1.562422960996627808e-01,2.061555385589599609e-01,2.558899223804473877e-01,3.033335506916046143e-01,3.506035506725311279e-01,3.926655948162078857e-01,4.351809620857238770e-01,4.735723733901977539e-01,5.061575174331665039e-01,5.340040326118469238e-01,5.581805109977722168e-01,5.763860344886779785e-01,5.923480987548828125e-01,6.005858182907104492e-01,6.075055599212646484e-01,6.103620529174804688e-01,6.118952035903930664e-01,6.159271001815795898e-01,6.189788579940795898e-01,6.223543882369995117e-01,6.270624399185180664e-01,6.383914351463317871e-01,6.534124016761779785e-01,6.709893345832824707e-01,6.866193413734436035e-01,7.137408256530761719e-01,7.414749860763549805e-01,7.732846736907958984e-01,8.000134229660034180e-01,8.301731944084167480e-01,8.537499904632568359e-01,8.748071193695068359e-01,8.862757682800292969e-01,8.931868672370910645e-01,8.908057808876037598e-01,8.827684521675109863e-01,8.658809065818786621e-01,8.415615558624267578e-01,8.105837702751159668e-01,7.743504643440246582e-01,7.333371639251708984e-01,6.874765753746032715e-01,6.408448815345764160e-01,5.953165292739868164e-01,5.474818348884582520e-01,5.034702420234680176e-01,4.609166979789733887e-01,4.191268682479858398e-01,3.812800347805023193e-01,3.463010489940643311e-01,3.130954802036285400e-01,2.806260287761688232e-01,2.487942874431610107e-01,2.204033583402633667e-01,1.906160414218902588e-01,1.600004881620407104e-01,1.294503808021545410e-01,9.932601451873779297e-02,6.598952412605285645e-02,3.283237293362617493e-02,2.225148346042260528e-04
3.046256955713033676e-03,5.005095154047012329e-02,1.014882177114486694e-01,1.505820155143737793e-01,1.986998915672302246e-01,2.457119673490524292e-01,2.937018573284149170e-01,3.397666811943054199e-01,3.838302195072174072e-01,4.269149005413055420e-01,4.673625826835632324e-01,5.035396814346313477e-01,5.343842506408691406e-01,5.610042810440063477e-01,5.817258358001708984e-01,6.000797152519226074e-01,6.113932132720947266e-01,6.203622817993164062e-01,6.249772310256958008e-01,6.283003091812133789e-01,6.321697831153869629e-01,6.358132362365722656e-01,6.381822228431701660e-01,6.440802812576293945e-01,6.510276794433593750e-01,6.637291908264160156e-01,6.802987456321716309e-01,6.946936845779418945e-01,7.195383906364440918e-01,7.440339326858520508e-01,7.742769122123718262e-01,7.999056577682495117e-01,8.302758336067199707e-01,8.531951308250427246e-01,8.752189278602600098e-01,8.880734443664550781e-01,8.953842520713806152e-01,8.951488733291625977e-01,8.865145444869995117e-01,8.706930279731750488e-01,8.468010425567626953e-01,8.176321983337402344e-01,7.816654443740844727e-01,7.417743206024169922e-01,6.965314745903015137e-01,6.509721875190734863e-01,6.041852831840515137e-01,5.587508678436279297e-01,5.117810964584350586e-01,4.679865837097167969e-01,4.244111180305480957e-01,3.870401382446289062e-01,3.499460220336914062e-01,3.157970309257507324e-01,2.816098034381866455e-01,2.496554553508758545e-01,2.193085402250289917e-01,1.890884041786193848e-01,1.573954671621322632e-01,1.261980235576629639e-01,9.581110626459121704e-02,6.389570981264114380e-02,3.159521147608757019e-02,3.535990799719002098e-06
2.819271059706807137e-03,4.643020778894424438e-02,9.375098347663879395e-02,1.406497955322265625e-01,1.855249106884002686e-01,2.337532341480255127e-01,2.783780694007873535e-01,3.250079751014709473e-01,3.690864145755767822e-01,4.137983918190002441e-01,4.569222629070281982e-01,4.950243234634399414e-01,5.300536751747131348e-01,5.604820847511291504e-01,5.845101475715637207e-01,6.058944463729858398e-01,6.191433668136596680e-01,6.313055157661437988e-01,6.388517022132873535e-01,6.426693201065063477e-01,6.459072232246398926e-01,6.475210189819335938e-01,6.518744230270385742e-01,6.547822952270507812e-01,6.614082455635070801e-01,6.713190078735351562e-01,6.856637597084045410e-01,6.984964609146118164e-01,7.191424369812011719e-01,7.414290308952331543e-01,7.684342861175537109e-01,7.940719723701477051e-01,8.210762739181518555e-01,8.444064855575561523e-01,8.672322630882263184e-01,8.805820941925048828e-01,8.895825147628784180e-01,8.901120424270629883e-01,8.846895098686218262e-01,8.697947859764099121e-01,8.483058810234069824e-01,8.195263743400573730e-01,7.857000827789306641e-01,7.474521398544311523e-01,7.037249207496643066e-01,6.577489972114562988e-01,6.114951372146606445e-01,5.640699863433837891e-01,5.193436145782470703e-01,4.740962684154510498e-01,4.295985102653503418e-01,3.908450603485107422e-01,3.523014783859252930e-01,3.178019523620605469e-01,2.839759886264801025e-01,2.495154589414596558e-01,2.185693830251693726e-01,1.874188184738159180e-01,1.561483591794967651e-01,1.262179613113403320e-01,9.515435993671417236e-02,6.231658160686492920e-02,3.061850182712078094e-02,-4.919376224279403687e-04
1.839543459936976433e-03,4.294205084443092346e-02,8.681367337703704834e-02,1.311971992254257202e-01,1.764593571424484253e-01,2.197440415620803833e-01,2.648737132549285889e-01,3.116238117218017578e-01,3.560515940189361572e-01,4.026943743228912354e-01,4.468223750591278076e-01,4.875541329383850098e-01,5.242384076118469238e-01,5.572872757911682129e-01,5.840462446212768555e-01,6.075021028518676758e-01,6.229541897773742676e-01,6.381689310073852539e-01,6.467682123184204102e-01,6.533589363098144531e-01,6.564314961433410645e-01,6.581557393074035645e-01,6.617023944854736328e-01,6.643812656402587891e-01,6.684603691101074219e-01,6.760187745094299316e-01,6.879349350929260254e-01,7.005349397659301758e-01,7.187958359718322754e-01,7.370066046714782715e-01,7.637777328491210938e-01,7.879921793937683105e-01,8.142901659011840820e-01,8.363667130470275879e-01,8.579196929931640625e-01,8.735376000404357910e-01,8.813688158988952637e-01,8.841597437858581543e-01,8.781526684761047363e-01,8.652819395065307617e-01,8.437455296516418457e-01,8.180214166641235352e-01,7.840246558189392090e-01,7.475151419639587402e-01,7.037521600723266602e-01,6.602131724357604980e-01,6.130751371383666992e-01,5.669058561325073242e-01,5.213423967361450195e-01,4.778895378112792969e-01,4.316075444221496582e-01,3.936387002468109131e-01,3.536314368247985840e-01,3.188229799270629883e-01,2.833570241928100586e-01,2.499032467603683472e-01,2.175817638635635376e-01,1.854370832443237305e-01,1.537903994321823120e-01,1.218555346131324768e-01,9.265933185815811157e-02,6.112224608659744263e-02,2.988888323307037354e-02,-7.839111494831740856e-04
1.652528997510671616e-03,4.123644530773162842e-02,8.017573505640029907e-02,1.216516345739364624e-01,1.620418280363082886e-01,2.069445997476577759e-01,2.497472763061523438e-01,2.957974672317504883e-01,3.396882414817810059e-01,3.878161311149597168e-01,4.332193434238433838e-01,4.748588800430297852e-01,5.150775313377380371e-01,5.510332584381103516e-01,5.807604193687438965e-01,6.074745059013366699e-01,6.252667307853698730e-01,6.416510939598083496e-01,6.519945859909057617e-01,6.598751544952392578e-01,6.624877452850341797e-01,6.638542413711547852e-01,6.658080220222473145e-01,6.676966547966003418e-01,6.713376045227050781e-01,6.763846278190612793e-01,6.852670907974243164e-01,6.977459192276000977e-01,7.136259078979492188e-01,7.299422621726989746e-01,7.522155642509460449e-01,7.752314805984497070e-01,7.991205453872680664e-01,8.220313191413879395e-01,8.434912562370300293e-01,8.575836420059204102e-01,8.691018223762512207e-01,8.707246780395507812e-01,8.674026131629943848e-01,8.547916412353515625e-01,8.361940383911132812e-01,8.097594380378723145e-01,7.771179080009460449e-01,7.434714436531066895e-01,7.012909054756164551e-01,6.579588651657104492e-01,6.111786961555480957e-01,5.643110871315002441e-01,5.207856297492980957e-01,4.766210615634918213e-01,4.332790076732635498e-01,3.936739265918731689e-01,3.544792830944061279e-01,3.188081383705139160e-01,2.835824787616729736e-01,2.495148181915283203e-01,2.178249061107635498e-01,1.856992989778518677e-01,1.538954079151153564e-01,1.226740777492523193e-01,9.331797808408737183e-02,6.082744896411895752e-02,2.912324480712413788e-02,-1.784159831004217267e-04
1.511053531430661678e-03,3.806290030479431152e-02,7.454551011323928833e-02,1.119944527745246887e-01,1.524420529603958130e-01,1.925086379051208496e-01,2.358545213937759399e-01,2.806631624698638916e-01,3.253170847892761230e-01,3.732585608959197998e-01,4.200230538845062256e-01,4.643978774547576904e-01,5.065546631813049316e-01,5.442418456077575684e-01,5.761144161224365234e-01,6.039224863052368164e-01,6.240999698638916016e-01,6.419140100479125977e-01,6.520585417747497559e-01,6.616819500923156738e-01,6.650506258010864258e-01,6.669108271598815918e-01,6.670698523521423340e-01,6.693463921546936035e-01,6.714347600936889648e-01,6.765453219413757324e-01,6.824979782104492188e-01,6.931828260421752930e-01,7.076581716537475586e-01,7.222050428390502930e-01,7.425312399864196777e-01,7.646113038063049316e-01,7.879008054733276367e-01,8.087975978851318359e-01,8.290460705757141113e-01,8.443877696990966797e-01,8.550999164581298828e-01,8.585035204887390137e-01,8.547908067703247070e-01,8.433086276054382324e-01,8.241415023803710938e-01,7.993776798248291016e-01,7.673512697219848633e-01,7.337101101875305176e-01,6.937388777732849121e-01,6.525499820709228516e-01,6.064118742942810059e-01,5.619655847549438477e-01,5.184229612350463867e-01,4.760571122169494629e-01,4.318028688430786133e-01,3.937437236309051514e-01,3.545046150684356689e-01,3.194306492805480957e-01,2.828365266323089600e-01,2.498598694801330566e-01,2.180640697479248047e-01,1.867827028036117554e-01,1.557505279779434204e-01,1.235657259821891785e-01,9.380786120891571045e-02,6.144845858216285706e-02,3.073111549019813538e-02,1.724621251923963428e-04
1.805533072911202908e-03,3.648971021175384521e-02,6.946720927953720093e-02,1.052407398819923401e-01,1.411636471748352051e-01,1.822797060012817383e-01,2.225583642721176147e-01,2.675369679927825928e-01,3.109703958034515381e-01,3.584953248500823975e-01,4.053499996662139893e-01,4.498423933982849121e-01,4.931308329105377197e-01,5.332073569297790527e-01,5.676545500755310059e-01,5.975432395935058594e-01,6.181558966636657715e-01,6.379107832908630371e-01,6.501189470291137695e-01,6.600793600082397461e-01,6.640378832817077637e-01,6.653878688812255859e-01,6.655241250991821289e-01,6.667497754096984863e-01,6.694949269294738770e-01,6.724455356597900391e-01,6.774613261222839355e-01,6.861137151718139648e-01,6.993479132652282715e-01,7.144471406936645508e-01,7.314462065696716309e-01,7.522212266921997070e-01,7.717016935348510742e-01,7.930371761322021484e-01,8.113493323326110840e-01,8.261368274688720703e-01,8.368832468986511230e-01,8.392223715782165527e-01,8.370419740676879883e-01,8.256971240043640137e-01,8.072612881660461426e-01,7.831909060478210449e-01,7.524989843368530273e-01,7.202810645103454590e-01,6.818243861198425293e-01,6.409254074096679688e-01,5.974488854408264160e-01,5.534850358963012695e-01,5.128486752510070801e-01,4.701609909534454346e-01,4.291927516460418701e-01,3.911757171154022217e-01,3.540517985820770264e-01,3.198192417621612549e-01,2.856277823448181152e-01,2.525965273380279541e-01,2.217684984207153320e-01,1.907862573862075806e-01,1.596267372369766235e-01,1.277608126401901245e-01,9.695248305797576904e-02,6.344953179359436035e-02,3.030515275895595551e-02,-4.017274477519094944e-04
1.745827961713075638e-03,3.324450179934501648e-02,6.498524546623229980e-02,9.812362492084503174e-02,1.347255408763885498e-01,1.702485978603363037e-01,2.105174660682678223e-01,2.536270916461944580e-01,2.960083484649658203e-01,3.433315157890319824e-01,3.904471695423126221e-01,4.360053837299346924e-01,4.792236387729644775e-01,5.196055173873901367e-01,5.550836920738220215e-01,5.856016278266906738e-01,6.082898974418640137e-01,6.275479793548583984e-01,6.404076218605041504e-01,6.516587138175964355e-01,6.566754579544067383e-01,6.592729091644287109e-01,6.594471335411071777e-01,6.610354781150817871e-01,6.631863713264465332e-01,6.666122674942016602e-01,6.705294251441955566e-01,6.797325611114501953e-01,6.918733119964599609e-01,7.047680616378784180e-01,7.231274843215942383e-01,7.394839525222778320e-01,7.589561343193054199e-01,7.777970433235168457e-01,7.937093377113342285e-01,8.077211976051330566e-01,8.156111240386962891e-01,8.182544112205505371e-01,8.139078021049499512e-01,8.027130365371704102e-01,7.843835353851318359e-01,7.602368593215942383e-01,7.299745082855224609e-01,6.982665657997131348e-01,6.616681218147277832e-01,6.248885989189147949e-01,5.827671289443969727e-01,5.439130067825317383e-01,5.039144754409790039e-01,4.648618698120117188e-01,4.253007471561431885e-01,3.900749087333679199e-01,3.546229600906372070e-01,3.219038844108581543e-01,2.881434559822082520e-01,2.563605904579162598e-01,2.264288067817687988e-01,1.948614120483398438e-01,1.635955870151519775e-01,1.305748969316482544e-01,9.915679693222045898e-02,6.683044135570526123e-02,3.313585743308067322e-02,2.207354846177622676e-04
1.382444752380251884e-03,3.204314038157463074e-02,6.068065389990806580e-02,9.264449030160903931e-02,1.251572817564010620e-01,1.604192554950714111e-01,1.982514560222625732e-01,2.411542832851409912e-01,2.832159698009490967e-01,3.297411501407623291e-01,3.759230673313140869e-01,4.198608100414276123e-01,4.635668694972991943e-01,5.039119720458984375e-01,5.397744178771972656e-01,5.714276432991027832e-01,5.949016809463500977e-01,6.155243515968322754e-01,6.290470361709594727e-01,6.411380171775817871e-01,6.470590233802795410e-01,6.505472660064697266e-01,6.509323120117187500e-01,6.517060995101928711e-01,6.541675925254821777e-01,6.566739678382873535e-01,6.603401303291320801e-01,6.683065295219421387e-01,6.801856756210327148e-01,6.945428848266601562e-01,7.094046473503112793e-01,7.250689864158630371e-01,7.425417304039001465e-01,7.594563364982604980e-01,7.750961780548095703e-01,7.842923998832702637e-01,7.933069467544555664e-01,7.919725775718688965e-01,7.881962656974792480e-01,7.747080922126770020e-01,7.574462890625000000e-01,7.329840064048767090e-01,7.045639753341674805e-01,6.738377809524536133e-01,6.398184299468994141e-01,6.031141281127929688e-01,5.656902790069580078e-01,5.273693799972534180e-01,4.917308986186981201e-01,4.538525342941284180e-01,4.188366830348968506e-01,3.856502175331115723e-01,3.542205691337585449e-01,3.228343427181243896e-01,2.924243211746215820e-01,2.626990973949432373e-01,2.336467504501342773e-01,2.030111402273178101e-01,1.706888228654861450e-01,1.381303220987319946e-01,1.055840924382209778e-01,7.103108614683151245e-02,3.433090075850486755e-02,-6.821268470957875252e-05
2.182438271120190620e-03,2.888722345232963562e-02,5.777052417397499084e-02,8.631130307912826538e-02,1.186857372522354126e-01,1.516150981187820435e-01,1.884680092334747314e-01,2.293626368045806885e-01,2.690652310848236084e-01,3.140376806259155273e-01,3.594451844692230225e-01,4.037721753120422363e-01,4.458307325839996338e-01,4.861555993556976318e-01,5.215114355087280273e-01,5.529339313507080078e-01,5.772028565406799316e-01,5.980542302131652832e-01,6.129174828529357910e-01,6.255505681037902832e-01,6.322352886199951172e-01,6.367729902267456055e-01,6.384192109107971191e-01,6.408756971359252930e-01,6.433265209197998047e-01,6.465364694595336914e-01,6.506108045578002930e-01,6.583344936370849609e-01,6.710351109504699707e-01,6.830259561538696289e-01,6.981064677238464355e-01,7.119727134704589844e-01,7.276422381401062012e-01,7.427886128425598145e-01,7.546257972717285156e-01,7.632302641868591309e-01,7.673920989036560059e-01,7.668209671974182129e-01,7.590200304985046387e-01,7.458286285400390625e-01,7.264206409454345703e-01,7.029033303260803223e-01,6.753287911415100098e-01,6.460317373275756836e-01,6.139280796051025391e-01,5.813775062561035156e-01,5.455970764160156250e-01,5.119484066963195801e-01,4.767557382583618164e-01,4.439015090465545654e-01,4.100194275379180908e-01,3.811462819576263428e-01,3.523336350917816162e-01,3.243069350719451904e-01,2.955879271030426025e-01,2.664058208465576172e-01,2.404978573322296143e-01,2.095464766025543213e-01,1.793172210454940796e-01,1.448064148426055908e-01,1.112687066197395325e-01,7.587064057588577271e-02,3.843170404434204102e-02,5.175453843548893929e-04
2.891159150749444962e-03,2.888148277997970581e-02,5.549177154898643494e-02,8.277203142642974854e-02,1.123577356338500977e-01,1.437342017889022827e-01,1.794316023588180542e-01,2.189459800720214844e-01,2.591344416141510010e-01,3.014656007289886475e-01,3.452457785606384277e-01,3.871432542800903320e-01,4.282768070697784424e-01,4.666704237461090088e-01,5.019486546516418457e-01,5.330520868301391602e-01,5.569167733192443848e-01,5.789088010787963867e-01,5.948831439018249512e-01,6.072537302970886230e-01,6.158770918846130371e-01,6.208484172821044922e-01,6.245262026786804199e-01,6.277734637260437012e-01,6.311482191085815430e-01,6.342000961303710938e-01,6.400945186614990234e-01,6.473633646965026855e-01,6.593099832534790039e-01,6.716319918632507324e-01,6.844040751457214355e-01,6.974167823791503906e-01,7.111641764640808105e-01,7.240833044052124023e-01,7.346276044845581055e-01,7.398884892463684082e-01,7.418884038925170898e-01,7.370941042900085449e-01,7.290037870407104492e-01,7.132972478866577148e-01,6.937137246131896973e-01,6.697849035263061523e-01,6.439374089241027832e-01,6.153688430786132812e-01,5.862569212913513184e-01,5.531990528106689453e-01,5.219678282737731934e-01,4.886699616909027100e-01,4.592666923999786377e-01,4.289036095142364502e-01,4.016309976577758789e-01,3.752513825893402100e-01,3.504953980445861816e-01,3.252142369747161865e-01,3.007025420665740967e-01,2.737412750720977783e-01,2.477844655513763428e-01,2.183605581521987915e-01,1.861490160226821899e-01,1.537427753210067749e-01,1.176143437623977661e-01,8.109318464994430542e-02,3.998516872525215149e-02,-4.777118738275021315e-04
2.975916955620050430e-03,2.599888294935226440e-02,5.323015525937080383e-02,7.881118357181549072e-02,1.072911620140075684e-01,1.379590332508087158e-01,1.706945449113845825e-01,2.093090564012527466e-01,2.453418374061584473e-01,2.869846820831298828e-01,3.279623389244079590e-01,3.695674538612365723e-01,4.073718488216400146e-01,4.452848434448242188e-01,4.784542024135589600e-01,5.094476938247680664e-01,5.340925455093383789e-01,5.560467839241027832e-01,5.719353556632995605e-01,5.866298079490661621e-01,5.950146317481994629e-01,6.010084152221679688e-01,6.054649353027343750e-01,6.105523109436035156e-01,6.148685216903686523e-01,6.198738813400268555e-01,6.273357272148132324e-01,6.349394917488098145e-01,6.466487050056457520e-01,6.564996838569641113e-01,6.697738170623779297e-01,6.805930733680725098e-01,6.929838061332702637e-01,7.032094001770019531e-01,7.099232077598571777e-01,7.130780816078186035e-01,7.108701467514038086e-01,7.059426903724670410e-01,6.943618059158325195e-01,6.779645681381225586e-01,6.584831476211547852e-01,6.353710293769836426e-01,6.094066500663757324e-01,5.824913382530212402e-01,5.534911155700683594e-01,5.232771039009094238e-01,4.939097762107849121e-01,4.659525156021118164e-01,4.385132193565368652e-01,4.151844978332519531e-01,3.901274502277374268e-01,3.685270249843597412e-01,3.491858541965484619e-01,3.279710710048675537e-01,3.061191141605377197e-01,2.814453244209289551e-01,2.569723129272460938e-01,2.271007895469665527e-01,1.969723403453826904e-01,1.622367203235626221e-01,1.259438246488571167e-01,8.667022734880447388e-02,4.443958029150962830e-02,6.805190932936966419e-04
1.378954853862524033e-03,2.443494647741317749e-02,4.896094650030136108e-02,7.352551072835922241e-02,1.000041589140892029e-01,1.288459450006484985e-01,1.610577404499053955e-01,1.966914534568786621e-01,2.335266172885894775e-01,2.729208171367645264e-01,3.122937977313995361e-01,3.501133322715759277e-01,3.878825306892395020e-01,4.231105148792266846e-01,4.556993842124938965e-01,4.850884675979614258e-01,5.099917054176330566e-01,5.309118628501892090e-01,5.484704375267028809e-01,5.620079636573791504e-01,5.717246532440185547e-01,5.791992545127868652e-01,5.850973725318908691e-01,5.919846892356872559e-01,5.978840589523315430e-01,6.042138338088989258e-01,6.114350557327270508e-01,6.198655366897583008e-01,6.307402849197387695e-01,6.405283808708190918e-01,6.518186330795288086e-01,6.621433496475219727e-01,6.736642122268676758e-01,6.805985569953918457e-01,6.848859786987304688e-01,6.839540004730224609e-01,6.809368133544921875e-01,6.703945398330688477e-01,6.576721668243408203e-01,6.389529109001159668e-01,6.207178831100463867e-01,5.957908630371093750e-01,5.708699822425842285e-01,5.406543612480163574e-01,5.147687196731567383e-01,4.852035641670227051e-01,4.625140130519866943e-01,4.381857216358184814e-01,4.171360433101654053e-01,3.973097801208496094e-01,3.782173395156860352e-01,3.615023791790008545e-01,3.454570174217224121e-01,3.280247151851654053e-01,3.093914091587066650e-01,2.884523272514343262e-01,2.654566168785095215e-01,2.373077571392059326e-01,2.043599486351013184e-01,1.711673736572265625e-01,1.328128874301910400e-01,9.152999520301818848e-02,4.583289101719856262e-02,-1.835887524066492915e-04
1.296888338401913643e-03,2.345960773527622223e-02,4.698634147644042969e-02,6.893447786569595337e-02,9.355422109365463257e-02,1.222797110676765442e-01,1.512852609157562256e-01,1.859378963708877563e-01,2.186309099197387695e-01,2.567675411701202393e-01,2.928616404533386230e-01,3.312088549137115479e-01,3.648911416530609131e-01,4.005227982997894287e-01,4.305442869663238525e-01,4.610379040241241455e-01,4.845209717750549316e-01,5.057704448699951172e-01,5.226973891258239746e-01,5.371690392494201660e-01,5.470393300056457520e-01,5.558314919471740723e-01,5.615987181663513184e-01,5.709876418113708496e-01,5.775879025459289551e-01,5.855973362922668457e-01,5.934652090072631836e-01,6.021996736526489258e-01,6.122198700904846191e-01,6.229076981544494629e-01,6.331807374954223633e-01,6.435400247573852539e-01,6.517325639724731445e-01,6.572582721710205078e-01,6.582928895950317383e-01,6.558540463447570801e-01,6.485403180122375488e-01,6.372386217117309570e-01,6.234110593795776367e-01,6.046561598777770996e-01,5.829829573631286621e-01,5.562713146209716797e-01,5.287499427795410156e-01,5.006078481674194336e-01,4.778676331043243408e-01,4.536186456680297852e-01,4.333795607089996338e-01,4.144006073474884033e-01,3.943653106689453125e-01,3.798447847366333008e-01,3.642581105232238770e-01,3.537333011627197266e-01,3.422346711158752441e-01,3.290608227252960205e-01,3.143432736396789551e-01,2.954238653182983398e-01,2.747720479965209961e-01,2.461044490337371826e-01,2.163079530000686646e-01,1.794636994600296021e-01,1.401806920766830444e-01,9.723559021949768066e-02,5.074806883931159973e-02,1.799976802431046963e-03
1.758752623572945595e-03,2.215027250349521637e-02,4.312841594219207764e-02,6.468621641397476196e-02,8.661154657602310181e-02,1.132629886269569397e-01,1.414224654436111450e-01,1.729017049074172974e-01,2.059826701879501343e-01,2.396683394908905029e-01,2.761340439319610596e-01,3.104087710380554199e-01,3.441513180732727051e-01,3.771232664585113525e-01,4.077736139297485352e-01,4.360091388225555420e-01,4.593186378479003906e-01,4.805674850940704346e-01,4.981922805309295654e-01,5.128120779991149902e-01,5.235559344291687012e-01,5.338892340660095215e-01,5.423530340194702148e-01,5.516124367713928223e-01,5.599111914634704590e-01,5.693557858467102051e-01,5.770778656005859375e-01,5.855351686477661133e-01,5.954377651214599609e-01,6.052413582801818848e-01,6.150349378585815430e-01,6.227643489837646484e-01,6.289868354797363281e-01,6.311767101287841797e-01,6.302965879440307617e-01,6.251162886619567871e-01,6.156706809997558594e-01,6.018681526184082031e-01,5.862963795661926270e-01,5.653204917907714844e-01,5.415729284286499023e-01,5.114800333976745605e-01,4.868508279323577881e-01,4.612171649932861328e-01,4.413626492023468018e-01,4.183766245841979980e-01,4.019754528999328613e-01,3.868471980094909668e-01,3.718905746936798096e-01,3.622526824474334717e-01,3.511317968368530273e-01,3.448547720909118652e-01,3.369776010513305664e-01,3.275497257709503174e-01,3.154822885990142822e-01,2.996601760387420654e-01,2.811108827590942383e-01,2.540901601314544678e-01,2.223445028066635132e-01,1.856840699911117554e-01,1.448055058717727661e-01,1.015073582530021667e-01,5.088681355118751526e-02,1.207560766488313675e-03
3.186779096722602844e-03,2.054852992296218872e-02,4.051157459616661072e-02,6.030025705695152283e-02,8.053585886955261230e-02,1.047579348087310791e-01,1.286077648401260376e-01,1.573346406221389771e-01,1.870767027139663696e-01,2.208865284919738770e-01,2.546962797641754150e-01,2.891018688678741455e-01,3.199967145919799805e-01,3.538660705089569092e-01,3.824663460254669189e-01,4.118128120899200439e-01,4.346331059932708740e-01,4.552182853221893311e-01,4.725897014141082764e-01,4.895868599414825439e-01,5.006518363952636719e-01,5.114445686340332031e-01,5.203306674957275391e-01,5.304437875747680664e-01,5.381689071655273438e-01,5.475986003875732422e-01,5.556671619415283203e-01,5.633207559585571289e-01,5.730112791061401367e-01,5.825343132019042969e-01,5.912155508995056152e-01,5.975263714790344238e-01,6.014641523361206055e-01,6.022732257843017578e-01,5.984978079795837402e-01,5.922861695289611816e-01,5.811899900436401367e-01,5.671273469924926758e-01,5.488198995590209961e-01,5.278748273849487305e-01,5.009624958038330078e-01,4.735150337219238281e-01,4.503751397132873535e-01,4.278792142868041992e-01,4.091340303421020508e-01,3.879857659339904785e-01,3.744649589061737061e-01,3.623983561992645264e-01,3.497650325298309326e-01,3.428973257541656494e-01,3.368893563747406006e-01,3.351000249385833740e-01,3.322713673114776611e-01,3.250624835491180420e-01,3.160173594951629639e-01,3.020510077476501465e-01,2.844485640525817871e-01,2.593201398849487305e-01,2.287702858448028564e-01,1.937168538570404053e-01,1.511792838573455811e-01,1.060026809573173523e-01,5.601811781525611877e-02,3.699325956404209137e-03
1.461075618863105774e-03,1.934342645108699799e-02,3.575602918863296509e-02,5.461702868342399597e-02,7.148815691471099854e-02,9.277103096246719360e-02,1.145883351564407349e-01,1.405594497919082642e-01,1.689574420452117920e-01,2.005795538425445557e-01,2.339992076158523560e-01,2.655085921287536621e-01,2.979575693607330322e-01,3.297308683395385742e-01,3.592637181282043457e-01,3.873376548290252686e-01,4.102894961833953857e-01,4.312730133533477783e-01,4.495604038238525391e-01,4.660205245018005371e-01,4.790099561214447021e-01,4.906492531299591064e-01,5.006202459335327148e-01,5.103776454925537109e-01,5.191881060600280762e-01,5.278516411781311035e-01,5.353185534477233887e-01,5.427189469337463379e-01,5.522295236587524414e-01,5.592622160911560059e-01,5.661895275115966797e-01,5.699794888496398926e-01,5.726493597030639648e-01,5.698999762535095215e-01,5.645029544830322266e-01,5.558778643608093262e-01,5.444191098213195801e-01,5.271059870719909668e-01,5.085558891296386719e-01,4.830746650695800781e-01,4.591005742549896240e-01,4.329688847064971924e-01,4.127042889595031738e-01,3.916734755039215088e-01,3.746367692947387695e-01,3.557792603969573975e-01,3.447052836418151855e-01,3.372775316238403320e-01,3.294519186019897461e-01,3.250193297863006592e-01,3.225723803043365479e-01,3.246064782142639160e-01,3.229111135005950928e-01,3.191698491573333740e-01,3.121636807918548584e-01,3.010832071304321289e-01,2.855949401855468750e-01,2.610890269279479980e-01,2.312555015087127686e-01,1.941495686769485474e-01,1.528874635696411133e-01,1.077764704823493958e-01,5.608643963932991028e-02,2.856375183910131454e-03
2.295782556757330894e-03,1.507942564785480499e-02,3.130864724516868591e-02,4.505506157875061035e-02,5.925949662923812866e-02,7.812298834323883057e-02,9.842207282781600952e-02,1.233678087592124939e-01,1.497011482715606689e-01,1.788472533226013184e-01,2.108891308307647705e-01,2.426545917987823486e-01,2.729836106300354004e-01,3.061667978763580322e-01,3.340264260768890381e-01,3.638885915279388428e-01,3.865694999694824219e-01,4.082650542259216309e-01,4.266927242279052734e-01,4.443691968917846680e-01,4.570071399211883545e-01,4.688923954963684082e-01,4.788930416107177734e-01,4.900017082691192627e-01,4.972071349620819092e-01,5.060319304466247559e-01,5.128893852233886719e-01,5.204493999481201172e-01,5.271292924880981445e-01,5.336875915527343750e-01,5.375133752822875977e-01,5.413081645965576172e-01,5.405217409133911133e-01,5.379354953765869141e-01,5.305874943733215332e-01,5.212925672531127930e-01,5.077031850814819336e-01,4.909266829490661621e-01,4.700666964054107666e-01,4.472765922546386719e-01,4.223451912403106689e-01,4.001210629940032959e-01,3.793961107730865479e-01,3.595795035362243652e-01,3.440208137035369873e-01,3.279526233673095703e-01,3.195677995681762695e-01,3.152075707912445068e-01,3.079528510570526123e-01,3.071854710578918457e-01,3.074749410152435303e-01,3.134118020534515381e-01,3.148363232612609863e-01,3.142378628253936768e-01,3.093541562557220459e-01,2.992192208766937256e-01,2.833020985126495361e-01,2.604795396327972412e-01,2.311405241489410400e-01,1.954539120197296143e-01,1.527286469936370850e-01,1.082380115985870361e-01,5.847854167222976685e-02,3.940854221582412720e-03
1.597844995558261871e-03,1.389841735363006592e-02,2.538592554628849030e-02,3.775189816951751709e-02,4.729419946670532227e-02,6.436186283826828003e-02,8.070459961891174316e-02,1.034954786300659180e-01,1.283202022314071655e-01,1.562830060720443726e-01,1.864037662744522095e-01,2.169511765241622925e-01,2.500426471233367920e-01,2.820946872234344482e-01,3.123798370361328125e-01,3.414131999015808105e-01,3.658901453018188477e-01,3.872633278369903564e-01,4.077370762825012207e-01,4.248855412006378174e-01,4.393759071826934814e-01,4.509211182594299316e-01,4.622066617012023926e-01,4.716572761535644531e-01,4.787807166576385498e-01,4.863259792327880859e-01,4.922350645065307617e-01,4.973685145378112793e-01,5.031636357307434082e-01,5.063831210136413574e-01,5.095595717430114746e-01,5.084239840507507324e-01,5.075030922889709473e-01,5.012153983116149902e-01,4.944808483123779297e-01,4.821494817733764648e-01,4.692533910274505615e-01,4.495597779750823975e-01,4.314252138137817383e-01,4.074900150299072266e-01,3.876337707042694092e-01,3.642708659172058105e-01,3.467380404472351074e-01,3.269929587841033936e-01,3.140164315700531006e-01,2.998931705951690674e-01,2.949883341789245605e-01,2.928866744041442871e-01,2.900474667549133301e-01,2.923449277877807617e-01,2.947370707988739014e-01,3.016612231731414795e-01,3.036144673824310303e-01,3.047934472560882568e-01,3.020545840263366699e-01,2.919397652149200439e-01,2.786310315132141113e-01,2.555697858333587646e-01,2.277865111827850342e-01,1.919383853673934937e-01,1.515142619609832764e-01,1.075199544429779053e-01,5.602334812283515930e-02,1.394272781908512115e-03
3.391623497009277344e-03,9.355061687529087067e-03,1.867574080824851990e-02,2.456202544271945953e-02,3.354611620306968689e-02,4.550174996256828308e-02,6.175367534160614014e-02,8.164003491401672363e-02,1.060291230678558350e-01,1.341329813003540039e-01,1.633360534906387329e-01,1.933434754610061646e-01,2.246734350919723511e-01,2.594943344593048096e-01,2.883971333503723145e-01,3.202348649501800537e-01,3.443417251110076904e-01,3.692407310009002686e-01,3.888018131256103516e-01,4.076949656009674072e-01,4.206183254718780518e-01,4.329758882522583008e-01,4.423479735851287842e-01,4.513783752918243408e-01,4.564952850341796875e-01,4.632494151592254639e-01,4.672461748123168945e-01,4.711607694625854492e-01,4.737304449081420898e-01,4.756141006946563721e-01,4.753029048442840576e-01,4.737384617328643799e-01,4.702881574630737305e-01,4.650009572505950928e-01,4.555301070213317871e-01,4.445869922637939453e-01,4.300692379474639893e-01,4.148006737232208252e-01,3.934943675994873047e-01,3.741133213043212891e-01,3.544977009296417236e-01,3.350612223148345947e-01,3.175418972969055176e-01,3.000985383987426758e-01,2.879058420658111572e-01,2.777157723903656006e-01,2.745344340801239014e-01,2.734582126140594482e-01,2.707566618919372559e-01,2.756974697113037109e-01,2.798323631286621094e-01,2.877900004386901855e-01,2.927398979663848877e-01,2.942454516887664795e-01,2.931439876556396484e-01,2.851292490959167480e-01,2.709997892379760742e-01,2.508901953697204590e-01,2.225593030452728271e-01,1.902728080749511719e-01,1.497830003499984741e-01,1.046995967626571655e-01,5.696576461195945740e-02,2.047864021733403206e-03
-1.925759483128786087e-03,5.170033313333988190e-03,7.513837423175573349e-03,1.366083044558763504e-02,1.725348085165023804e-02,2.882350608706474304e-02,3.934778645634651184e-02,5.861458182334899902e-02,8.029417693614959717e-02,1.090808063745498657e-01,1.370835602283477783e-01,1.671946495771408081e-01,2.003777772188186646e-01,2.367552220821380615e-01,2.683389782905578613e-01,2.998872399330139160e-01,3.262414932250976562e-01,3.506724238395690918e-01,3.714797496795654297e-01,3.902309238910675049e-01,4.049098491668701172e-01,4.162503182888031006e-01,4.251819550991058350e-01,4.328311681747436523e-01,4.372646212577819824e-01,4.415024816989898682e-01,4.433086216449737549e-01,4.443382620811462402e-01,4.443559646606445312e-01,4.430812597274780273e-01,4.412605464458465576e-01,4.354911446571350098e-01,4.322897195816040039e-01,4.238969683647155762e-01,4.157744944095611572e-01,4.021790325641632080e-01,3.905202746391296387e-01,3.726420104503631592e-01,3.564431965351104736e-01,3.375918567180633545e-01,3.218993842601776123e-01,3.025123178958892822e-01,2.872923910617828369e-01,2.725240886211395264e-01,2.638195157051086426e-01,2.550992667675018311e-01,2.543230056762695312e-01,2.540820837020874023e-01,2.558759450912475586e-01,2.615706324577331543e-01,2.666940987110137939e-01,2.757545709609985352e-01,2.793028652667999268e-01,2.819722890853881836e-01,2.800421714782714844e-01,2.719964087009429932e-01,2.610884606838226318e-01,2.406167685985565186e-01,2.149333208799362183e-01,1.806751340627670288e-01,1.435472816228866577e-01,1.001605093479156494e-01,5.272682011127471924e-02,1.295864465646445751e-03
-7.557545905001461506e-04,-1.518315984867513180e-03,-1.126513700000941753e-03,-3.507508896291255951e-03,-1.636939705349504948e-04,4.705639090389013290e-03,1.650537364184856415e-02,3.398013859987258911e-02,5.568151921033859253e-02,8.357081562280654907e-02,1.141249984502792358e-01,1.443398743867874146e-01,1.763253957033157349e-01,2.129359990358352661e-01,2.455027550458908081e-01,2.795234620571136475e-01,3.061977326869964600e-01,3.339027762413024902e-01,3.552921712398529053e-01,3.741818666458129883e-01,3.877514898777008057e-01,3.995845019817352295e-01,4.069910943508148193e-01,4.146308004856109619e-01,4.158540666103363037e-01,4.177307784557342529e-01,4.169236123561859131e-01,4.167822003364562988e-01,4.130852222442626953e-01,4.102362692356109619e-01,4.050327837467193604e-01,4.013504385948181152e-01,3.944655656814575195e-01,3.869479894638061523e-01,3.763872087001800537e-01,3.651918470859527588e-01,3.515951335430145264e-01,3.376284241676330566e-01,3.205767869949340820e-01,3.061251938343048096e-01,2.902792394161224365e-01,2.754105329513549805e-01,2.603656053543090820e-01,2.497265338897705078e-01,2.421282529830932617e-01,2.378139495849609375e-01,2.355587631464004517e-01,2.390017062425613403e-01,2.394463270902633667e-01,2.462430894374847412e-01,2.515139579772949219e-01,2.602669298648834229e-01,2.656658589839935303e-01,2.686080038547515869e-01,2.679300308227539062e-01,2.614241540431976318e-01,2.492754757404327393e-01,2.307177037000656128e-01,2.052760124206542969e-01,1.744435876607894897e-01,1.371603310108184814e-01,9.467660635709762573e-02,5.130012705922126770e-02,1.879151212051510811e-03
-4.709684755653142929e-03,-7.056888658553361893e-03,-1.301680598407983780e-02,-1.300179958343505859e-02,-1.736928150057792664e-02,-1.185753662139177322e-02,-5.195474252104759216e-03,1.257104799151420593e-02,3.145127743482589722e-02,5.881010368466377258e-02,8.965677022933959961e-02,1.213423907756805420e-01,1.538606584072113037e-01,1.921751499176025391e-01,2.274490892887115479e-01,2.617878913879394531e-01,2.913805842399597168e-01,3.186938464641571045e-01,3.419016897678375244e-01,3.606746196746826172e-01,3.748820722103118896e-01,3.854533433914184570e-01,3.932304978370666504e-01,3.979060649871826172e-01,3.980084955692291260e-01,3.973178565502166748e-01,3.933487534523010254e-01,3.906595706939697266e-01,3.837254941463470459e-01,3.777470588684082031e-01,3.707044720649719238e-01,3.626248538494110107e-01,3.552900254726409912e-01,3.451997339725494385e-01,3.358724415302276611e-01,3.231850862503051758e-01,3.123781979084014893e-01,2.978983223438262939e-01,2.862215340137481689e-01,2.722847461700439453e-01,2.608772516250610352e-01,2.469199597835540771e-01,2.371916621923446655e-01,2.276999503374099731e-01,2.245946377515792847e-01,2.199235260486602783e-01,2.207910716533660889e-01,2.242580801248550415e-01,2.282416522502899170e-01,2.349349409341812134e-01,2.391557544469833374e-01,2.490028738975524902e-01,2.513461410999298096e-01,2.547787129878997803e-01,2.531119287014007568e-01,2.463074177503585815e-01,2.355585992336273193e-01,2.174185514450073242e-01,1.942290812730789185e-01,1.630909442901611328e-01,1.295270770788192749e-01,8.987684547901153564e-02,4.625234380364418030e-02,3.521059697959572077e-04
-1.973838807316496968e-04,-1.437982916831970215e-02,-2.230281755328178406e-02,-3.048620931804180145e-02,-3.430844470858573914e-02,-3.510839492082595825e-02,-2.860717475414276123e-02,-1.347797922790050507e-02,6.345221307128667831e-03,3.200708702206611633e-02,6.493524461984634399e-02,9.829975664615631104e-02,1.311714351177215576e-01,1.696795672178268433e-01,2.062571793794631958e-01,2.421186417341232300e-01,2.723884880542755127e-01,3.028363287448883057e-01,3.265013098716735840e-01,3.467760086059570312e-01,3.595084846019744873e-01,3.701200187206268311e-01,3.758202195167541504e-01,3.809946477413177490e-01,3.782032728195190430e-01,3.744203448295593262e-01,3.678078651428222656e-01,3.625896275043487549e-01,3.524823188781738281e-01,3.443063795566558838e-01,3.350345194339752197e-01,3.271386027336120605e-01,3.184403777122497559e-01,3.088883459568023682e-01,2.983268201351165771e-01,2.878618538379669189e-01,2.764899432659149170e-01,2.665048837661743164e-01,2.535060942173004150e-01,2.432260364294052124e-01,2.322235107421875000e-01,2.241454273462295532e-01,2.147669345140457153e-01,2.099695652723312378e-01,2.055617421865463257e-01,2.053579241037368774e-01,2.052131593227386475e-01,2.106981128454208374e-01,2.137003839015960693e-01,2.206114828586578369e-01,2.260048389434814453e-01,2.335027456283569336e-01,2.381435483694076538e-01,2.401454299688339233e-01,2.389096468687057495e-01,2.339964210987091064e-01,2.224980443716049194e-01,2.064819484949111938e-01,1.824664175510406494e-01,1.557921320199966431e-01,1.222942471504211426e-01,8.444781601428985596e-02,4.543623328208923340e-02,1.566698309034109116e-03
-5.535403266549110413e-03,-1.665160246193408966e-02,-3.194135054945945740e-02,-3.730018436908721924e-02,-4.750280827283859253e-02,-4.885850846767425537e-02,-4.785436391830444336e-02,-3.164649009704589844e-02,-1.412187609821557999e-02,1.180120185017585754e-02,4.359015449881553650e-02,7.842187583446502686e-02,1.116464212536811829e-01,1.512594074010848999e-01,1.899821162223815918e-01,2.265743315219879150e-01,2.581692337989807129e-01,2.886404097080230713e-01,3.123753964900970459e-01,3.333839774131774902e-01,3.464404344558715820e-01,3.556350767612457275e-01,3.598445653915405273e-01,3.623410165309906006e-01,3.576736152172088623e-01,3.523853719234466553e-01,3.430182039737701416e-01,3.353445231914520264e-01,3.217070102691650391e-01,3.112810254096984863e-01,2.996733784675598145e-01,2.894631028175354004e-01,2.795507013797760010e-01,2.693523764610290527e-01,2.597072124481201172e-01,2.488493323326110840e-01,2.397114932537078857e-01,2.306946367025375366e-01,2.218097895383834839e-01,2.121445983648300171e-01,2.053322643041610718e-01,1.980442255735397339e-01,1.935706138610839844e-01,1.894591748714447021e-01,1.883855909109115601e-01,1.881049871444702148e-01,1.909866333007812500e-01,1.977335661649703979e-01,2.022298872470855713e-01,2.086818665266036987e-01,2.127556949853897095e-01,2.220197319984436035e-01,2.233016937971115112e-01,2.259441912174224854e-01,2.232168763875961304e-01,2.185804247856140137e-01,2.089859694242477417e-01,1.923006474971771240e-01,1.709434539079666138e-01,1.422604024410247803e-01,1.121553033590316772e-01,7.764127850532531738e-02,4.018305614590644836e-02,1.949789701029658318e-03
-2.885009860619902611e-03,-2.441299147903919220e-02,-3.894887492060661316e-02,-5.298276990652084351e-02,-6.126042455434799194e-02,-6.776671111583709717e-02,-6.438351422548294067e-02,-5.031816661357879639e-02,-3.314415365457534790e-02,-7.987771183252334595e-03,2.391399443149566650e-02,5.993634089827537537e-02,9.270025789737701416e-02,1.320409923791885376e-01,1.716312170028686523e-01,2.090868651866912842e-01,2.414118796586990356e-01,2.731027305126190186e-01,2.973302900791168213e-01,3.170819282531738281e-01,3.290796875953674316e-01,3.387515246868133545e-01,3.415863513946533203e-01,3.432376682758331299e-01,3.362097144126892090e-01,3.291284739971160889e-01,3.181709349155426025e-01,3.075090050697326660e-01,2.930255532264709473e-01,2.805385887622833252e-01,2.693722844123840332e-01,2.582518756389617920e-01,2.482251077890396118e-01,2.379067838191986084e-01,2.281390279531478882e-01,2.180624157190322876e-01,2.092961072921752930e-01,2.020767480134963989e-01,1.940129548311233521e-01,1.876260638236999512e-01,1.808636933565139771e-01,1.775340586900711060e-01,1.734909564256668091e-01,1.720196008682250977e-01,1.708467900753021240e-01,1.731070280075073242e-01,1.759272366762161255e-01,1.828694641590118408e-01,1.865178197622299194e-01,1.937306523323059082e-01,1.983219236135482788e-01,2.053395062685012817e-01,2.092512249946594238e-01,2.109822630882263184e-01,2.091590166091918945e-01,2.043494433164596558e-01,1.951790750026702881e-01,1.797772198915481567e-01,1.595276743173599243e-01,1.347209215164184570e-01,1.056526154279708862e-01,7.230722904205322266e-02,3.832513466477394104e-02,2.264014445245265961e-03
-4.808324854820966721e-03,-2.284556254744529724e-02,-4.319540038704872131e-02,-5.469650030136108398e-02,-6.947921961545944214e-02,-7.511208206415176392e-02,-7.603427022695541382e-02,-6.262062489986419678e-02,-4.602310806512832642e-02,-2.190851606428623199e-02,9.286234155297279358e-03,4.481520131230354309e-02,7.726665586233139038e-02,1.163815781474113464e-01,1.566495001316070557e-01,1.938112974166870117e-01,2.263598591089248657e-01,2.567937374114990234e-01,2.812671661376953125e-01,3.004824519157409668e-01,3.132754564285278320e-01,3.216105997562408447e-01,3.246711492538452148e-01,3.243998587131500244e-01,3.169309198856353760e-01,3.066591918468475342e-01,2.946228086948394775e-01,2.829585373401641846e-01,2.662896215915679932e-01,2.530874311923980713e-01,2.394689470529556274e-01,2.277376502752304077e-01,2.155507206916809082e-01,2.049264460802078247e-01,1.949834376573562622e-01,1.855090856552124023e-01,1.778445392847061157e-01,1.717358976602554321e-01,1.663867831230163574e-01,1.604018807411193848e-01,1.572942584753036499e-01,1.531607508659362793e-01,1.528660506010055542e-01,1.513159424066543579e-01,1.528405249118804932e-01,1.553843468427658081e-01,1.605724245309829712e-01,1.681631356477737427e-01,1.738190352916717529e-01,1.804757714271545410e-01,1.850426644086837769e-01,1.929562985897064209e-01,1.953336000442504883e-01,1.976493149995803833e-01,1.957143098115921021e-01,1.908605545759201050e-01,1.821399480104446411e-01,1.684062778949737549e-01,1.497815102338790894e-01,1.258734017610549927e-01,9.928437322378158569e-02,6.862042844295501709e-02,3.482794016599655151e-02,6.471935193985700607e-04
-1.251601381227374077e-03,-2.773366123437881470e-02,-4.710037261247634888e-02,-6.520660966634750366e-02,-7.910690456628799438e-02,-8.657056093215942383e-02,-8.576672524213790894e-02,-7.278017699718475342e-02,-5.735873058438301086e-02,-3.359897807240486145e-02,-4.370081238448619843e-03,3.173628076910972595e-02,6.238291040062904358e-02,1.001303791999816895e-01,1.384136527776718140e-01,1.752666383981704712e-01,2.082837522029876709e-01,2.385569065809249878e-01,2.623282372951507568e-01,2.808716595172882080e-01,2.929799258708953857e-01,3.021861314773559570e-01,3.036909997463226318e-01,3.044625818729400635e-01,2.955822348594665527e-01,2.860746979713439941e-01,2.728819847106933594e-01,2.603139579296112061e-01,2.434776574373245239e-01,2.292540967464447021e-01,2.159599363803863525e-01,2.018287181854248047e-01,1.909870654344558716e-01,1.787831038236618042e-01,1.698917150497436523e-01,1.597229838371276855e-01,1.530352234840393066e-01,1.474853754043579102e-01,1.423111110925674438e-01,1.371075958013534546e-01,1.345820128917694092e-01,1.338750869035720825e-01,1.326568871736526489e-01,1.332088559865951538e-01,1.350733637809753418e-01,1.396472901105880737e-01,1.449575573205947876e-01,1.519091874361038208e-01,1.576569378376007080e-01,1.657752543687820435e-01,1.719052791595458984e-01,1.783371567726135254e-01,1.834432184696197510e-01,1.852066069841384888e-01,1.850512772798538208e-01,1.803087741136550903e-01,1.718334853649139404e-01,1.576186567544937134e-01,1.405469030141830444e-01,1.186371594667434692e-01,9.376423060894012451e-02,6.435462832450866699e-02,3.489963710308074951e-02,1.438651932403445244e-03
-5.152365192770957947e-03,-2.586489170789718628e-02,-4.856484755873680115e-02,-6.479461491107940674e-02,-8.075495064258575439e-02,-8.842031657695770264e-02,-8.995833247900009155e-02,-7.867751270532608032e-02,-6.431787461042404175e-02,-4.214914143085479736e-02,-1.367645617574453354e-02,1.992974244058132172e-02,5.078320577740669250e-02,8.610938489437103271e-02,1.247344911098480225e-01,1.590880751609802246e-01,1.907660812139511108e-01,2.205666750669479370e-01,2.430265843868255615e-01,2.618085145950317383e-01,2.738670706748962402e-01,2.824931442737579346e-01,2.842975556850433350e-01,2.837466895580291748e-01,2.749925553798675537e-01,2.646683156490325928e-01,2.521423697471618652e-01,2.402801513671875000e-01,2.223445624113082886e-01,2.091957777738571167e-01,1.931493729352951050e-01,1.804253906011581421e-01,1.667317897081375122e-01,1.557733267545700073e-01,1.451127827167510986e-01,1.354478001594543457e-01,1.283454149961471558e-01,1.229748949408531189e-01,1.188111007213592529e-01,1.132360696792602539e-01,1.120396107435226440e-01,1.113554090261459351e-01,1.124262735247612000e-01,1.129677966237068176e-01,1.162064149975776672e-01,1.214940696954727173e-01,1.278059333562850952e-01,1.367849558591842651e-01,1.441805958747863770e-01,1.531864255666732788e-01,1.592650413513183594e-01,1.681628972291946411e-01,1.715242415666580200e-01,1.751098483800888062e-01,1.743074059486389160e-01,1.709209978580474854e-01,1.636739075183868408e-01,1.500852704048156738e-01,1.334758549928665161e-01,1.114837303757667542e-01,8.758441358804702759e-02,6.073773279786109924e-02,3.094736486673355103e-02,1.034938148222863674e-03
-2.161295153200626373e-03,-2.680377475917339325e-02,-4.554633423686027527e-02,-6.608281284570693970e-02,-8.056994527578353882e-02,-8.955121785402297974e-02,-9.067428857088088989e-02,-8.121209591627120972e-02,-6.857514381408691406e-02,-4.736693575978279114e-02,-2.153689786791801453e-02,1.071526296436786652e-02,3.910754993557929993e-02,7.272263616323471069e-02,1.075548455119132996e-01,1.413983404636383057e-01,1.714383214712142944e-01,1.991401463747024536e-01,2.212849706411361694e-01,2.390705794095993042e-01,2.504895329475402832e-01,2.589198052883148193e-01,2.607317864894866943e-01,2.605805397033691406e-01,2.519137263298034668e-01,2.425516694784164429e-01,2.305386513471603394e-01,2.184191495180130005e-01,2.029580622911453247e-01,1.880227029323577881e-01,1.731462329626083374e-01,1.593112945556640625e-01,1.484367996454238892e-01,1.355809867382049561e-01,1.260570883750915527e-01,1.156657338142395020e-01,1.091915592551231384e-01,1.029742434620857239e-01,9.819603711366653442e-02,9.394901245832443237e-02,9.234033524990081787e-02,9.153889119625091553e-02,9.204805642366409302e-02,9.471882879734039307e-02,9.843415766954421997e-02,1.035840362310409546e-01,1.098079606890678406e-01,1.190799251198768616e-01,1.273230165243148804e-01,1.361424773931503296e-01,1.446311473846435547e-01,1.528281271457672119e-01,1.600425541400909424e-01,1.628930568695068359e-01,1.648406237363815308e-01,1.615668386220932007e-01,1.558434367179870605e-01,1.427936702966690063e-01,1.279949694871902466e-01,1.084725782275199890e-01,8.531689643859863281e-02,5.830227583646774292e-02,3.093325160443782806e-02,1.414797734469175339e-03
-3.449612064287066460e-03,-2.341705001890659332e-02,-4.344930499792098999e-02,-6.025577709078788757e-02,-7.534186542034149170e-02,-8.459885418415069580e-02,-8.649140596389770508e-02,-7.923321425914764404e-02,-6.715673208236694336e-02,-4.984949901700019836e-02,-2.438933029770851135e-02,3.556144656613469124e-03,3.233617916703224182e-02,6.143057346343994141e-02,9.423459321260452271e-02,1.253680586814880371e-01,1.526244133710861206e-01,1.781904548406600952e-01,1.992602050304412842e-01,2.151757627725601196e-01,2.269267439842224121e-01,2.353727221488952637e-01,2.381390780210494995e-01,2.373985499143600464e-01,2.307764142751693726e-01,2.219268530607223511e-01,2.116108536720275879e-01,2.004697173833847046e-01,1.868399679660797119e-01,1.735490113496780396e-01,1.585553139448165894e-01,1.458474397659301758e-01,1.328570097684860229e-01,1.211715191602706909e-01,1.104115247726440430e-01,9.974757581949234009e-02,9.184383600950241089e-02,8.440632373094558716e-02,7.877434790134429932e-02,7.401115447282791138e-02,7.098892331123352051e-02,7.072111964225769043e-02,7.092157006263732910e-02,7.385383546352386475e-02,7.737851887941360474e-02,8.500063419342041016e-02,9.095149487257003784e-02,1.019877716898918152e-01,1.113056913018226624e-01,1.226914003491401672e-01,1.314473748207092285e-01,1.421927660703659058e-01,1.495452076196670532e-01,1.543879508972167969e-01,1.566893607378005981e-01,1.551425755023956299e-01,1.498070061206817627e-01,1.387150287628173828e-01,1.238838359713554382e-01,1.040572002530097961e-01,8.180261403322219849e-02,5.726483091711997986e-02,2.828505635261535645e-02,8.629776857560500503e-05
-1.105436938814818859e-03,-2.294649928808212280e-02,-3.885914385318756104e-02,-5.614561960101127625e-02,-6.939106434583663940e-02,-7.728210836648941040e-02,-7.983925938606262207e-02,-7.371259480714797974e-02,-6.426432728767395020e-02,-4.765709117054939270e-02,-2.660466358065605164e-02,-1.236274139955639839e-03,2.382496185600757599e-02,5.061695724725723267e-02,7.849415391683578491e-02,1.070615127682685852e-01,1.322349905967712402e-01,1.556537747383117676e-01,1.749188452959060669e-01,1.905649453401565552e-01,2.019443362951278687e-01,2.101276069879531860e-01,2.135621756315231323e-01,2.140686959028244019e-01,2.090736627578735352e-01,2.025290429592132568e-01,1.931176781654357910e-01,1.835627257823944092e-01,1.709446310997009277e-01,1.591419130563735962e-01,1.453830301761627197e-01,1.330603808164596558e-01,1.207442879676818848e-01,1.087788343429565430e-01,9.847594052553176880e-02,8.726250380277633667e-02,7.835387438535690308e-02,6.971558183431625366e-02,6.288656592369079590e-02,5.705036222934722900e-02,5.310171097517013550e-02,5.092744156718254089e-02,5.114588141441345215e-02,5.381970107555389404e-02,5.818087235093116760e-02,6.627175956964492798e-02,7.357866317033767700e-02,8.346945792436599731e-02,9.384461492300033569e-02,1.070619001984596252e-01,1.187051311135292053e-01,1.293055862188339233e-01,1.397025883197784424e-01,1.460446566343307495e-01,1.501238942146301270e-01,1.490939408540725708e-01,1.447160392999649048e-01,1.347686648368835449e-01,1.208836063742637634e-01,1.048293858766555786e-01,8.157066255807876587e-02,5.611497163772583008e-02,2.998495474457740784e-02,6.187048275023698807e-04
-5.121416877955198288e-03,-2.032849937677383423e-02,-3.541679680347442627e-02,-4.874492436647415161e-02,-6.159782782196998596e-02,-6.957982480525970459e-02,-7.142153382301330566e-02,-6.681791692972183228e-02,-5.713907256722450256e-02,-4.467338696122169495e-02,-2.491593547165393829e-02,-4.520344547927379608e-03,2.003589458763599396e-02,4.264913126826286316e-02,6.731255352497100830e-02,9.115837514400482178e-02,1.129946559667587280e-01,1.342721730470657349e-01,1.514377295970916748e-01,1.663259565830230713e-01,1.765515953302383423e-01,1.858491897583007812e-01,1.886841505765914917e-01,1.913353949785232544e-01,1.871691495180130005e-01,1.835722327232360840e-01,1.762173473834991455e-01,1.683917194604873657e-01,1.579208970069885254e-01,1.475497484207153320e-01,1.349708139896392822e-01,1.240176558494567871e-01,1.114096939563751221e-01,1.002539843320846558e-01,8.822456747293472290e-02,7.667347043752670288e-02,6.570625305175781250e-02,5.617571622133255005e-02,4.715000838041305542e-02,4.072439670562744141e-02,3.530083224177360535e-02,3.336512669920921326e-02,3.185069561004638672e-02,3.520256280899047852e-02,3.891019895672798157e-02,4.862306267023086548e-02,5.662005767226219177e-02,6.910051405429840088e-02,8.032660931348800659e-02,9.486903250217437744e-02,1.073715761303901672e-01,1.205978319048881531e-01,1.302667260169982910e-01,1.383825540542602539e-01,1.434483677148818970e-01,1.442578732967376709e-01,1.414057463407516479e-01,1.314198523759841919e-01,1.183918118476867676e-01,1.004560366272926331e-01,7.819481194019317627e-02,5.486592650413513184e-02,2.793178893625736237e-02,-2.884106070268899202e-04
-4.137373995035886765e-03,-1.887646690011024475e-02,-2.881861850619316101e-02,-4.281743243336677551e-02,-5.319733172655105591e-02,-6.060739979147911072e-02,-6.127885729074478149e-02,-5.715088918805122375e-02,-5.003833025693893433e-02,-3.942130133509635925e-02,-2.313319779932498932e-02,-7.289109751582145691e-03,1.303130760788917542e-02,3.309561312198638916e-02,5.454395338892936707e-02,7.475670427083969116e-02,9.393005818128585815e-02,1.122320443391799927e-01,1.290590018033981323e-01,1.414228081703186035e-01,1.527907252311706543e-01,1.600636243820190430e-01,1.650991886854171753e-01,1.678062528371810913e-01,1.667687147855758667e-01,1.643184572458267212e-01,1.589650511741638184e-01,1.533388495445251465e-01,1.444727778434753418e-01,1.354837715625762939e-01,1.246284618973731995e-01,1.144750490784645081e-01,1.028814017772674561e-01,9.170089662075042725e-02,8.056707680225372314e-02,6.741620600223541260e-02,5.657393485307693481e-02,4.411435127258300781e-02,3.553699329495429993e-02,2.591584436595439911e-02,2.008455805480480194e-02,1.535461936146020889e-02,1.506160758435726166e-02,1.652746088802814484e-02,2.150466665625572205e-02,2.938453853130340576e-02,4.026460275053977966e-02,5.224136635661125183e-02,6.548395007848739624e-02,7.973573356866836548e-02,9.464212507009506226e-02,1.088931709527969360e-01,1.217601522803306580e-01,1.311858892440795898e-01,1.373728513717651367e-01,1.398096084594726562e-01,1.371918320655822754e-01,1.291843652725219727e-01,1.166485026478767395e-01,1.012448370456695557e-01,7.859909534454345703e-02,5.582842975854873657e-02,3.029969334602355957e-02,1.174507429823279381e-03
-4.466068930923938751e-03,-1.449174061417579651e-02,-2.229176461696624756e-02,-3.169835731387138367e-02,-3.979847580194473267e-02,-4.614397883415222168e-02,-4.751225560903549194e-02,-4.420651122927665710e-02,-3.812947124242782593e-02,-3.163899108767509460e-02,-1.819459162652492523e-02,-5.751673597842454910e-03,1.112306769937276840e-02,2.654744312167167664e-02,4.450914263725280762e-02,6.114437803626060486e-02,7.667145878076553345e-02,9.242659062147140503e-02,1.058963462710380554e-01,1.186989769339561462e-01,1.271840333938598633e-01,1.370817571878433228e-01,1.418948620557785034e-01,1.461484283208847046e-01,1.464512348175048828e-01,1.460048854351043701e-01,1.433387249708175659e-01,1.392382383346557617e-01,1.331929266452789307e-01,1.251813769340515137e-01,1.161396726965904236e-01,1.068469732999801636e-01,9.640488028526306152e-02,8.471822738647460938e-02,7.366561889648437500e-02,6.174817681312561035e-02,4.763574898242950439e-02,3.538166731595993042e-02,2.363989315927028656e-02,1.449073106050491333e-02,5.923599936068058014e-03,2.187294652685523033e-03,-3.365754091646522284e-04,1.688834163360297680e-03,4.179970826953649521e-03,1.482294499874114990e-02,2.501599490642547607e-02,3.898143395781517029e-02,5.206074938178062439e-02,6.856959313154220581e-02,8.384544402360916138e-02,9.931851923465728760e-02,1.124979928135871887e-01,1.233383864164352417e-01,1.311332881450653076e-01,1.339869499206542969e-01,1.333660483360290527e-01,1.250327825546264648e-01,1.139382869005203247e-01,9.728344529867172241e-02,7.686396688222885132e-02,5.494152754545211792e-02,2.809154614806175232e-02,1.878791954368352890e-04
-3.008888568729162216e-03,-1.268874388188123703e-02,-1.821837574243545532e-02,-2.590996026992797852e-02,-3.139580786228179932e-02,-3.589583933353424072e-02,-3.720810264348983765e-02,-3.524249792098999023e-02,-3.104891441762447357e-02,-2.489593625068664551e-02,-1.566295512020587921e-02,-5.259549710899591446e-03,6.681641563773155212e-03,2.010868303477764130e-02,3.414878994226455688e-02,4.808130860328674316e-02,6.124960631132125854e-02,7.395233958959579468e-02,8.656103909015655518e-02,9.616830199956893921e-02,1.060509905219078064e-01,1.144093647599220276e-01,1.211809366941452026e-01,1.255954802036285400e-01,1.284839063882827759e-01,1.297594457864761353e-01,1.286432743072509766e-01,1.248575150966644287e-01,1.213422492146492004e-01,1.161356642842292786e-01,1.078837662935256958e-01,9.903585910797119141e-02,8.959283679723739624e-02,7.899110764265060425e-02,6.802660971879959106e-02,5.504025891423225403e-02,4.259881377220153809e-02,2.819009125232696533e-02,1.754687540233135223e-02,4.617060534656047821e-03,-2.046541078016161919e-03,-9.489292278885841370e-03,-1.106646284461021423e-02,-1.093681156635284424e-02,-6.430182605981826782e-03,1.239857752807438374e-03,1.301494985818862915e-02,2.501929551362991333e-02,3.928464651107788086e-02,5.552532151341438293e-02,7.260885089635848999e-02,8.759436011314392090e-02,1.029578298330307007e-01,1.145774722099304199e-01,1.240032017230987549e-01,1.276739537715911865e-01,1.265521645545959473e-01,1.211649402976036072e-01,1.097278743982315063e-01,9.686462581157684326e-02,7.574418187141418457e-02,5.345042049884796143e-02,3.009947761893272400e-02,2.364230575039982796e-03
-4.169177263975143433e-03,-1.011831313371658325e-02,-1.431190408766269684e-02,-1.947828941047191620e-02,-2.327456884086132050e-02,-2.695849351584911346e-02,-2.633824758231639862e-02,-2.558252401649951935e-02,-2.174828387796878815e-02,-1.793756335973739624e-02,-1.040538307279348373e-02,-3.061042400076985359e-03,6.443896330893039703e-03,1.619054935872554779e-02,2.661557123064994812e-02,3.765445202589035034e-02,4.784660413861274719e-02,5.861043557524681091e-02,6.722522526979446411e-02,7.800985872745513916e-02,8.530522882938385010e-02,9.444315731525421143e-02,1.004292741417884827e-01,1.066871955990791321e-01,1.098223477602005005e-01,1.128415837883949280e-01,1.133347153663635254e-01,1.123000457882881165e-01,1.099041774868965149e-01,1.061595901846885681e-01,9.970492124557495117e-02,9.222002327442169189e-02,8.303874731063842773e-02,7.330374419689178467e-02,6.233351677656173706e-02,5.096978321671485901e-02,3.701219335198402405e-02,2.378469519317150116e-02,1.007598266005516052e-02,-6.346740992739796638e-04,-1.013585738837718964e-02,-1.626460440456867218e-02,-1.963321119546890259e-02,-1.923407427966594696e-02,-1.613810472190380096e-02,-7.076990325003862381e-03,3.598381765186786652e-03,1.630993001163005829e-02,3.133617714047431946e-02,4.669400677084922791e-02,6.310988217592239380e-02,7.832175493240356445e-02,9.267847239971160889e-02,1.052832677960395813e-01,1.143335625529289246e-01,1.178457364439964294e-01,1.189504414796829224e-01,1.133313775062561035e-01,1.039499714970588684e-01,8.896800875663757324e-02,7.020121812820434570e-02,5.083570256829261780e-02,2.727041393518447876e-02,7.359894807450473309e-04
-2.602293854579329491e-03,-7.178636267781257629e-03,-9.561108425259590149e-03,-1.455118972808122635e-02,-1.729826442897319794e-02,-1.947121135890483856e-02,-1.896231248974800110e-02,-1.824028976261615753e-02,-1.534851919859647751e-02,-1.280487701296806335e-02,-7.483704481273889542e-03,-2.429856685921549797e-03,4.694201052188873291e-03,1.086271926760673523e-02,1.915760338306427002e-02,2.655397541821002960e-02,3.545749559998512268e-02,4.274636134505271912e-02,5.238871276378631592e-02,5.890632793307304382e-02,6.757685542106628418e-02,7.478249073028564453e-02,8.265246450901031494e-02,8.768306672573089600e-02,9.256950020790100098e-02,9.571006149053573608e-02,9.828246384859085083e-02,9.791644662618637085e-02,9.745448827743530273e-02,9.445891529321670532e-02,8.968328684568405151e-02,8.294723182916641235e-02,7.553579658269882202e-02,6.546331197023391724e-02,5.557275563478469849e-02,4.330030083656311035e-02,3.326892107725143433e-02,1.859356835484504700e-02,7.096259854733943939e-03,-6.544860079884529114e-03,-1.272778864949941635e-02,-2.176768332719802856e-02,-2.412113547325134277e-02,-2.554677426815032959e-02,-2.064584381878376007e-02,-1.478795427829027176e-02,-4.116698168218135834e-03,7.132466882467269897e-03,2.121701650321483612e-02,3.517225012183189392e-02,5.230374261736869812e-02,6.762935221195220947e-02,8.230393379926681519e-02,9.381892532110214233e-02,1.033970192074775696e-01,1.077775731682777405e-01,1.080298945307731628e-01,1.039495691657066345e-01,9.452354907989501953e-02,8.420753479003906250e-02,6.527537852525711060e-02,4.725623130798339844e-02,2.702840231359004974e-02,1.429660245776176453e-03
-2.620565705001354218e-03,-4.231233615428209305e-03,-6.448151078075170517e-03,-8.784238249063491821e-03,-1.140814367681741714e-02,-1.236350182443857193e-02,-1.264618895947933197e-02,-1.121777575463056564e-02,-9.683365933597087860e-03,-8.101765997707843781e-03,-4.509787075221538544e-03,-1.254045404493808746e-03,3.135907230898737907e-03,7.387172896414995193e-03,1.305659860372543335e-02,1.851818896830081940e-02,2.489109523594379425e-02,3.114673309028148651e-02,3.774756938219070435e-02,4.424920678138732910e-02,5.122614279389381409e-02,5.824236199259757996e-02,6.468786299228668213e-02,7.089778035879135132e-02,7.536236196756362915e-02,7.980898767709732056e-02,8.294775336980819702e-02,8.444817364215850830e-02,8.438812196254730225e-02,8.305160701274871826e-02,7.924335449934005737e-02,7.382033020257949829e-02,6.688544154167175293e-02,5.835664272308349609e-02,4.877218976616859436e-02,3.791815787553787231e-02,2.708541788160800934e-02,1.585255190730094910e-02,3.000100143253803253e-03,-7.682318333536386490e-03,-1.660843193531036377e-02,-2.357572317123413086e-02,-2.664503455162048340e-02,-2.749266102910041809e-02,-2.366717532277107239e-02,-1.809581182897090912e-02,-8.577252738177776337e-03,1.585269696079194546e-03,1.574536971747875214e-02,2.861764095723628998e-02,4.303565621376037598e-02,5.803645774722099304e-02,7.092405110597610474e-02,8.257149904966354370e-02,9.052238613367080688e-02,9.461638331413269043e-02,9.583054482936859131e-02,9.240594506263732910e-02,8.454518765211105347e-02,7.306538522243499756e-02,5.700808763504028320e-02,4.247444123029708862e-02,2.258596755564212799e-02,-7.428912213072180748e-04
-1.596416463144123554e-03,-2.060671802610158920e-03,-3.053248394280672073e-03,-4.319109022617340088e-03,-5.925577133893966675e-03,-7.160477340221405029e-03,-7.134973071515560150e-03,-6.504855118691921234e-03,-6.078693550080060959e-03,-4.830129910260438919e-03,-2.868422772735357285e-03,-6.485130288638174534e-04,1.920917769894003868e-03,4.693819209933280945e-03,8.823071606457233429e-03,1.244539953768253326e-02,1.669771969318389893e-02,2.148423902690410614e-02,2.694551646709442139e-02,3.173519670963287354e-02,3.751228004693984985e-02,4.284756630659103394e-02,4.953308776021003723e-02,5.409182235598564148e-02,5.918397009372711182e-02,6.253858655691146851e-02,6.704124063253402710e-02,6.763938069343566895e-02,6.919554620981216431e-02,6.736396998167037964e-02,6.524611264467239380e-02,6.112750619649887085e-02,5.539483204483985901e-02,4.804171994328498840e-02,3.984118252992630005e-02,3.005962446331977844e-02,2.229994721710681915e-02,1.149063650518655777e-02,1.845927210524678230e-03,-9.426800534129142761e-03,-1.612738706171512604e-02,-2.294315025210380554e-02,-2.501001395285129547e-02,-2.600154653191566467e-02,-2.274525165557861328e-02,-1.871974393725395203e-02,-1.073262188583612442e-02,-2.420668955892324448e-03,8.212749846279621124e-03,1.936115138232707977e-02,3.313735872507095337e-02,4.524497687816619873e-02,5.746442452073097229e-02,6.569556891918182373e-02,7.482537627220153809e-02,7.874575257301330566e-02,7.953245937824249268e-02,7.747838646173477173e-02,6.988851726055145264e-02,6.291008740663528442e-02,4.890655726194381714e-02,3.462544456124305725e-02,1.902921311557292938e-02,-9.973956039175391197e-04
-2.309133764356374741e-03,-5.566022591665387154e-04,-1.858545467257499695e-03,-1.608122140169143677e-03,-2.664186758920550346e-03,-3.756965743377804756e-03,-3.609243314713239670e-03,-3.662692848592996597e-03,-3.357889130711555481e-03,-2.753324341028928757e-03,-1.836823299527168274e-03,2.722817880567163229e-04,1.608519349247217178e-03,3.937507048249244690e-03,5.335041787475347519e-03,8.053942583501338959e-03,1.080100424587726593e-02,1.472160872071981430e-02,1.774891652166843414e-02,2.191524580121040344e-02,2.625362202525138855e-02,3.134810924530029297e-02,3.610191121697425842e-02,4.011245816946029663e-02,4.473038762807846069e-02,4.825393110513687134e-02,5.171504989266395569e-02,5.335228517651557922e-02,5.461404845118522644e-02,5.439230799674987793e-02,5.205853283405303955e-02,4.921867325901985168e-02,4.457221552729606628e-02,3.949382528662681580e-02,3.206383809447288513e-02,2.514472976326942444e-02,1.750548183917999268e-02,1.119244843721389771e-02,2.036903519183397293e-03,-4.901726730167865753e-03,-1.196081284433603287e-02,-1.639264822006225586e-02,-1.968230679631233215e-02,-2.034175768494606018e-02,-1.788042671978473663e-02,-1.528313755989074707e-02,-9.052461944520473480e-03,-2.896193414926528931e-03,7.612647954374551773e-03,1.516824774444103241e-02,2.595566213130950928e-02,3.504022583365440369e-02,4.406302422285079956e-02,5.240600183606147766e-02,5.829427018761634827e-02,6.087171286344528198e-02,6.199464574456214905e-02,6.084185466170310974e-02,5.564307421445846558e-02,4.949587211012840271e-02,3.815854713320732117e-02,2.651374414563179016e-02,1.337403524667024612e-02,-3.768008667975664139e-03
1.807976397685706615e-03,2.814625157043337822e-03,2.554069040343165398e-03,3.541826154105365276e-04,4.754744877573102713e-04,-1.217994256876409054e-03,-6.797502865083515644e-04,-1.481009647250175476e-03,-5.990691715851426125e-04,-1.617644680663943291e-03,-3.632263178587891161e-05,-4.825283540412783623e-04,1.386177260428667068e-03,1.908086589537560940e-03,3.703673603013157845e-03,4.994445480406284332e-03,6.703550461679697037e-03,8.633635006844997406e-03,1.136796642094850540e-02,1.396566629409790039e-02,1.713154464960098267e-02,2.050655148923397064e-02,2.446597814559936523e-02,2.714655362069606781e-02,3.085444308817386627e-02,3.292943909764289856e-02,3.738499805331230164e-02,3.710082173347473145e-02,3.914629295468330383e-02,3.704107925295829773e-02,3.703017160296440125e-02,3.310904651880264282e-02,3.063369356095790863e-02,2.501646801829338074e-02,2.222107723355293274e-02,1.568903401494026184e-02,1.219593361020088196e-02,5.355670116841793060e-03,1.986480318009853363e-03,-3.512945957481861115e-03,-7.990085519850254059e-03,-1.245411206036806107e-02,-1.473225560039281845e-02,-1.516960095614194870e-02,-1.486182957887649536e-02,-1.194824557751417160e-02,-9.212872944772243500e-03,-2.911959774792194366e-03,3.498215693980455399e-03,1.006736699491739273e-02,1.844166591763496399e-02,2.457635290920734406e-02,3.219149261713027954e-02,3.553280979394912720e-02,4.087177291512489319e-02,4.215284064412117004e-02,4.301230609416961670e-02,4.165676981210708618e-02,3.897197172045707703e-02,3.413280099630355835e-02,2.785449661314487457e-02,1.917243190109729767e-02,1.235092710703611374e-02,-1.067097997292876244e-03
4.842863418161869049e-03,6.460180971771478653e-03,4.396623466163873672e-03,1.821713522076606750e-03,1.411296194419264793e-03,1.717364648357033730e-03,1.666515367105603218e-03,2.005983376875519753e-03,1.377873937599360943e-03,8.358933846466243267e-04,6.542570772580802441e-04,4.005928931292146444e-04,2.263267670059576631e-04,1.038022106513381004e-03,2.051491057500243187e-03,1.648170640692114830e-03,2.847937867045402527e-03,3.192292293533682823e-03,4.979519639164209366e-03,6.124093197286128998e-03,8.639561012387275696e-03,1.012597605586051941e-02,1.259929221123456955e-02,1.448538061231374741e-02,1.695505529642105103e-02,1.880691200494766235e-02,2.042517438530921936e-02,2.226144820451736450e-02,2.268214151263237000e-02,2.318901382386684418e-02,2.179159410297870636e-02,2.088265307247638702e-02,1.826381497085094452e-02,1.624642498791217804e-02,1.328657101839780807e-02,9.889620356261730194e-03,6.408398039638996124e-03,3.809760557487607002e-03,1.423105946741998196e-03,-2.855133730918169022e-03,-4.525729455053806305e-03,-7.926048710942268372e-03,-8.203432895243167877e-03,-1.073051802814006805e-02,-9.046794846653938293e-03,-9.206552058458328247e-03,-5.289607681334018707e-03,-3.107673022896051407e-03,1.765463850460946560e-03,5.146752111613750458e-03,9.544866159558296204e-03,1.415836811065673828e-02,1.699289306998252869e-02,2.025315538048744202e-02,2.167690545320510864e-02,2.335416525602340698e-02,2.231865003705024719e-02,2.273738943040370941e-02,1.933211833238601685e-02,1.702548190951347351e-02,1.033614762127399445e-02,1.074226386845111847e-02,7.021446246653795242e-03,5.553338560275733471e-04
8.626821450889110565e-03,7.497773505747318268e-03,5.992805585265159607e-03,2.140951342880725861e-03,1.996848266571760178e-03,9.680155781097710133e-04,5.685064825229346752e-04,9.223124943673610687e-04,4.981857491657137871e-04,1.065213727997615933e-04,-3.510156820993870497e-04,3.908094076905399561e-04,2.117610274581238627e-04,-4.897697363048791885e-05,6.031260272720828652e-05,5.697919405065476894e-04,4.625435685738921165e-04,6.155066657811403275e-04,9.186088573187589645e-04,1.522182021290063858e-03,1.346900593489408493e-03,2.029205206781625748e-03,2.612676704302430153e-03,2.705275546759366989e-03,2.845700364559888840e-03,3.275641473010182381e-03,4.371689166873693466e-03,4.991785623133182526e-03,5.427426192909479141e-03,4.732750356197357178e-03,5.470864940434694290e-03,4.121597390621900558e-03,4.118958488106727600e-03,2.081637969240546227e-03,2.660798141732811928e-03,1.773211872205138206e-03,1.682506641373038292e-03,3.324783174321055412e-04,1.332557410933077335e-03,1.655875821597874165e-03,1.309099607169628143e-03,1.119785709306597710e-03,6.146527011878788471e-04,1.809740671887993813e-03,-2.487310848664492369e-04,6.759581156075000763e-04,3.706848656293004751e-04,1.529914443381130695e-03,4.668853653129190207e-04,1.105127623304724693e-03,1.483599538914859295e-03,2.229213947430253029e-03,1.610475708730518818e-03,2.020309912040829659e-03,2.669713692739605904e-03,3.042360534891486168e-03,2.640759572386741638e-03,1.721224543871358037e-04,1.221790735144168139e-04,-2.073039766401052475e-03,-2.052110387012362480e-03,-4.751320811919867992e-04,-6.896313861943781376e-04,4.380058497190475464e-03
