8.320295019075274467e-04,-9.348050807602703571e-04,-4.887143149971961975e-04,-1.235983683727681637e-03,-3.322061384096741676e-04,-9.077747236005961895e-04,-1.180958643089979887e-04,-3.843411395791918039e-04,2.216407119703944772e-05,-6.422037258744239807e-04,3.968623059336096048e-04,-4.437925235833972692e-04,1.004449150059372187e-04,1.503840612713247538e-04,5.506643792614340782e-04,5.159149295650422573e-04,1.047252677381038666e-03,5.279704928398132324e-04,1.062924857251346111e-03,1.108233933337032795e-03,1.712589873932301998e-03,1.462998450733721256e-03,1.491790055297315121e-03,1.727047841995954514e-03,1.650723512284457684e-03,1.151250675320625305e-03,8.919364190660417080e-04,6.229216814972460270e-04,8.335716556757688522e-04,2.065846929326653481e-04,3.476184210740029812e-04,8.344206435140222311e-05,4.088050918653607368e-04,-7.696427928749471903e-06,3.028567298315465450e-04,-4.569630837067961693e-04,3.670188016258180141e-05,-5.604474572464823723e-04,1.057336994563229382e-04,-4.782264586538076401e-04,-1.296468981308862567e-04,-4.146927385590970516e-04,1.456274621887132525e-04,-3.937724686693400145e-04,1.234405353898182511e-04,-1.871362619567662477e-04,2.678159507922828197e-04,4.218874091748148203e-04,6.996073643676936626e-04,7.495189784094691277e-04,1.020634081214666367e-03,1.242984551936388016e-03,1.372763537801802158e-03,1.026549492962658405e-03,1.066575059667229652e-03,1.031917519867420197e-03,8.660755120217800140e-04,1.578060328029096127e-03,1.445590634830296040e-03,1.307153957895934582e-03,1.358556211926043034e-03,1.068931072950363159e-03,9.124183561652898788e-04,5.464829155243933201e-05
1.100524677895009518e-03,3.470628056675195694e-03,8.487460203468799591e-03,1.119109150022268295e-02,1.583741419017314911e-02,1.817882247269153595e-02,2.149443514645099640e-02,2.344959042966365814e-02,2.640472352504730225e-02,2.742481976747512817e-02,2.879662811756134033e-02,2.948467247188091278e-02,2.990161627531051636e-02,2.955896966159343719e-02,2.937481552362442017e-02,2.826119400560855865e-02,2.767695300281047821e-02,2.610253356397151947e-02,2.497463859617710114e-02,2.334159985184669495e-02,2.259268239140510559e-02,2.085345610976219177e-02,2.022730559110641479e-02,1.875255070626735687e-02,1.876380853354930878e-02,1.722167059779167175e-02,1.757696829736232758e-02,1.653848029673099518e-02,1.760504581034183502e-02,1.751543395221233368e-02,1.910080015659332275e-02,1.989104039967060089e-02,2.231450192630290985e-02,2.269225008785724640e-02,2.463131956756114960e-02,2.522022090852260590e-02,2.703152596950531006e-02,2.791460976004600525e-02,2.932875789701938629e-02,3.039896301925182343e-02,3.142398595809936523e-02,3.180697187781333923e-02,3.251545876264572144e-02,3.261999413371086121e-02,3.262976557016372681e-02,3.223555162549018860e-02,3.180641680955886841e-02,3.088713437318801880e-02,2.990833856165409088e-02,2.853743359446525574e-02,2.721847780048847198e-02,2.538995444774627686e-02,2.386129274964332581e-02,2.133456245064735413e-02,2.005465701222419739e-02,1.743557862937450409e-02,1.576546765863895416e-02,1.303678285330533981e-02,1.186156459152698517e-02,8.654128760099411011e-03,7.542405743151903152e-03,6.280984263867139816e-03,4.661866463720798492e-03,3.691236779559403658e-04
-1.578348164912313223e-04,7.377453148365020752e-03,1.575246080756187439e-02,2.320245280861854553e-02,3.065180033445358276e-02,3.599593415856361389e-02,4.240529239177703857e-02,4.693744704127311707e-02,5.170964822173118591e-02,5.464674532413482666e-02,5.776252597570419312e-02,5.898077785968780518e-02,5.985490977764129639e-02,5.953367054462432861e-02,5.852592363953590393e-02,5.694293230772018433e-02,5.511721223592758179e-02,5.276696383953094482e-02,5.023263767361640930e-02,4.799364507198333740e-02,4.576567187905311584e-02,4.290210083127021790e-02,4.056946560740470886e-02,3.866700828075408936e-02,3.723112493753433228e-02,3.596082329750061035e-02,3.527121245861053467e-02,3.535582125186920166e-02,3.564445674419403076e-02,3.665673732757568359e-02,3.843455761671066284e-02,4.051829129457473755e-02,4.346939921379089355e-02,4.565799608826637268e-02,4.871728271245956421e-02,5.101532116532325745e-02,5.396197363734245300e-02,5.620091408491134644e-02,5.915082618594169617e-02,6.103935837745666504e-02,6.279130280017852783e-02,6.384086608886718750e-02,6.519271433353424072e-02,6.521915644407272339e-02,6.492533534765243530e-02,6.423548609018325806e-02,6.328873336315155029e-02,6.148045510053634644e-02,5.913253501057624817e-02,5.677417665719985962e-02,5.377615988254547119e-02,5.051772296428680420e-02,4.684724658727645874e-02,4.317514970898628235e-02,3.928152471780776978e-02,3.535274416208267212e-02,3.088980540633201599e-02,2.690430544316768646e-02,2.233773097395896912e-02,1.756701059639453888e-02,1.370836142450571060e-02,1.002901699393987656e-02,5.586199462413787842e-03,4.792543186340481043e-04
-1.525342377135530114e-04,1.111888512969017029e-02,2.330906689167022705e-02,3.369346633553504944e-02,4.504273459315299988e-02,5.415682122111320496e-02,6.248923763632774353e-02,7.026570290327072144e-02,7.682049274444580078e-02,8.209156244993209839e-02,8.600182086229324341e-02,8.822223544120788574e-02,8.919239789247512817e-02,8.894439786672592163e-02,8.774528652429580688e-02,8.520384877920150757e-02,8.250932395458221436e-02,7.904693484306335449e-02,7.570136338472366333e-02,7.176661491394042969e-02,6.882455199956893921e-02,6.507017463445663452e-02,6.233941018581390381e-02,5.888159573078155518e-02,5.709668993949890137e-02,5.517182871699333191e-02,5.456038564443588257e-02,5.424556136131286621e-02,5.462257936596870422e-02,5.575461685657501221e-02,5.814675986766815186e-02,6.099550798535346985e-02,6.439857184886932373e-02,6.795148551464080811e-02,7.223573327064514160e-02,7.594808191061019897e-02,8.001955598592758179e-02,8.335461467504501343e-02,8.721811324357986450e-02,9.029518067836761475e-02,9.293974190950393677e-02,9.497132152318954468e-02,9.668464213609695435e-02,9.748190641403198242e-02,9.712198376655578613e-02,9.611430764198303223e-02,9.460154920816421509e-02,9.223093092441558838e-02,8.889900147914886475e-02,8.520556986331939697e-02,8.119251579046249390e-02,7.581727206707000732e-02,7.078924775123596191e-02,6.501709669828414917e-02,5.949361994862556458e-02,5.303907021880149841e-02,4.681975021958351135e-02,4.047252982854843140e-02,3.410377725958824158e-02,2.661200985312461853e-02,2.058136463165283203e-02,1.469554007053375244e-02,7.762872613966464996e-03,1.109193894080817699e-03
-7.739108696114271879e-05,1.495580282062292099e-02,3.027515858411788940e-02,4.495440796017646790e-02,5.867051705718040466e-02,7.061176002025604248e-02,8.189404755830764771e-02,9.143226593732833862e-02,1.001460179686546326e-01,1.067484393715858459e-01,1.121868938207626343e-01,1.152676343917846680e-01,1.172418668866157532e-01,1.170513629913330078e-01,1.157907769083976746e-01,1.135030686855316162e-01,1.099949926137924194e-01,1.060345694422721863e-01,1.015450358390808105e-01,9.696294367313385010e-02,9.270953387022018433e-02,8.859747648239135742e-02,8.449128270149230957e-02,8.080824464559555054e-02,7.743273675441741943e-02,7.558455318212509155e-02,7.430274784564971924e-02,7.399933040142059326e-02,7.434100657701492310e-02,7.585727423429489136e-02,7.840143144130706787e-02,8.126840740442276001e-02,8.574174344539642334e-02,8.976006507873535156e-02,9.510148316621780396e-02,9.978896379470825195e-02,1.048730090260505676e-01,1.093611344695091248e-01,1.140263527631759644e-01,1.179158762097358704e-01,1.213363632559776306e-01,1.240350902080535889e-01,1.260797828435897827e-01,1.274410784244537354e-01,1.271204948425292969e-01,1.262019574642181396e-01,1.240062341094017029e-01,1.216892525553703308e-01,1.176342368125915527e-01,1.132170781493186951e-01,1.077031791210174561e-01,1.017456352710723877e-01,9.483254700899124146e-02,8.772953599691390991e-02,7.980545610189437866e-02,7.191849499940872192e-02,6.343943625688552856e-02,5.540558695793151855e-02,4.637731611728668213e-02,3.694863617420196533e-02,2.868735231459140778e-02,2.003534883260726929e-02,1.056567672640085220e-02,1.398089458234608173e-03
2.748272963799536228e-04,1.806076243519783020e-02,3.657038882374763489e-02,5.395116284489631653e-02,7.071774452924728394e-02,8.544372767210006714e-02,9.918192028999328613e-02,1.118637174367904663e-01,1.221172362565994263e-01,1.306698322296142578e-01,1.370138078927993774e-01,1.417087912559509277e-01,1.441549807786941528e-01,1.449313163757324219e-01,1.440912783145904541e-01,1.417438238859176636e-01,1.386022865772247314e-01,1.341898739337921143e-01,1.294780224561691284e-01,1.238727867603302002e-01,1.188534647226333618e-01,1.134770587086677551e-01,1.086742579936981201e-01,1.042937263846397400e-01,1.009560227394104004e-01,9.808029979467391968e-02,9.617082029581069946e-02,9.566234052181243896e-02,9.541108459234237671e-02,9.722379595041275024e-02,9.890135377645492554e-02,1.027832329273223877e-01,1.066464409232139587e-01,1.122169122099876404e-01,1.170507892966270447e-01,1.231948509812355042e-01,1.283658146858215332e-01,1.337656676769256592e-01,1.386412978172302246e-01,1.439227163791656494e-01,1.478977948427200317e-01,1.512691080570220947e-01,1.538767814636230469e-01,1.555867195129394531e-01,1.557914912700653076e-01,1.545817553997039795e-01,1.527635008096694946e-01,1.496778279542922974e-01,1.456768363714218140e-01,1.403163671493530273e-01,1.344843804836273193e-01,1.270107626914978027e-01,1.192396879196166992e-01,1.105691567063331604e-01,1.015864163637161255e-01,9.129097312688827515e-02,8.126901090145111084e-02,7.000280916690826416e-02,5.899510532617568970e-02,4.714665934443473816e-02,3.615556657314300537e-02,2.504133246839046478e-02,1.327386684715747833e-02,1.343437586911022663e-03
9.140391921391710639e-05,2.104421705007553101e-02,4.175378009676933289e-02,6.249094754457473755e-02,8.133108913898468018e-02,9.854570031166076660e-02,1.150724887847900391e-01,1.292029768228530884e-01,1.420246213674545288e-01,1.518886536359786987e-01,1.603188067674636841e-01,1.659202426671981812e-01,1.696850657463073730e-01,1.713580936193466187e-01,1.713159978389739990e-01,1.695017814636230469e-01,1.660811752080917358e-01,1.621150672435760498e-01,1.570507586002349854e-01,1.511566042900085449e-01,1.454164385795593262e-01,1.395471692085266113e-01,1.340319365262985229e-01,1.292739659547805786e-01,1.250555515289306641e-01,1.217738464474678040e-01,1.190253347158432007e-01,1.181190758943557739e-01,1.178693771362304688e-01,1.185645088553428650e-01,1.203935593366622925e-01,1.235756874084472656e-01,1.279752403497695923e-01,1.327508240938186646e-01,1.382030397653579712e-01,1.445824205875396729e-01,1.503931879997253418e-01,1.559619009494781494e-01,1.617890000343322754e-01,1.676515936851501465e-01,1.723192483186721802e-01,1.764226853847503662e-01,1.795117706060409546e-01,1.819161474704742432e-01,1.820784956216812134e-01,1.816187202930450439e-01,1.797489523887634277e-01,1.773398667573928833e-01,1.728514581918716431e-01,1.675608307123184204e-01,1.606747657060623169e-01,1.528089791536331177e-01,1.436135172843933105e-01,1.336115896701812744e-01,1.229372993111610413e-01,1.112857684493064880e-01,9.902279824018478394e-02,8.616030216217041016e-02,7.261118292808532715e-02,5.810775980353355408e-02,4.447424411773681641e-02,3.067799098789691925e-02,1.550494227558374405e-02,1.166240195743739605e-03
6.443817401304841042e-04,2.393031679093837738e-02,4.693020135164260864e-02,6.913954764604568481e-02,9.060648083686828613e-02,1.104539409279823303e-01,1.288698464632034302e-01,1.455263644456863403e-01,1.597762405872344971e-01,1.714198440313339233e-01,1.814086139202117920e-01,1.885319501161575317e-01,1.936424672603607178e-01,1.966779828071594238e-01,1.975600272417068481e-01,1.964097619056701660e-01,1.938171386718750000e-01,1.901919990777969360e-01,1.854024827480316162e-01,1.797467917203903198e-01,1.738003641366958618e-01,1.675143390893936157e-01,1.616902947425842285e-01,1.555105447769165039e-01,1.509461998939514160e-01,1.471266299486160278e-01,1.437450498342514038e-01,1.420649886131286621e-01,1.409477442502975464e-01,1.417276412248611450e-01,1.427340358495712280e-01,1.455833762884140015e-01,1.486364156007766724e-01,1.541395485401153564e-01,1.588652878999710083e-01,1.652411073446273804e-01,1.709877103567123413e-01,1.776944547891616821e-01,1.835834980010986328e-01,1.899798810482025146e-01,1.950842887163162231e-01,1.995732784271240234e-01,2.035628557205200195e-01,2.058407962322235107e-01,2.074186950922012329e-01,2.069378048181533813e-01,2.060992419719696045e-01,2.033311128616333008e-01,1.994495391845703125e-01,1.935850977897644043e-01,1.868660449981689453e-01,1.780394166707992554e-01,1.684863269329071045e-01,1.572349667549133301e-01,1.453054249286651611e-01,1.318654567003250122e-01,1.177009865641593933e-01,1.025392413139343262e-01,8.676920086145401001e-02,6.946041435003280640e-02,5.288274958729743958e-02,3.619398921728134155e-02,1.850854605436325073e-02,1.409665448591113091e-03
6.256538326852023602e-04,2.604032307863235474e-02,5.073226615786552429e-02,7.535693049430847168e-02,9.836500138044357300e-02,1.200855299830436707e-01,1.407257765531539917e-01,1.585869491100311279e-01,1.751095056533813477e-01,1.884323656558990479e-01,2.002338021993637085e-01,2.090261876583099365e-01,2.160237431526184082e-01,2.202919125556945801e-01,2.227445244789123535e-01,2.225277423858642578e-01,2.211321592330932617e-01,2.182488441467285156e-01,2.136161923408508301e-01,2.084709256887435913e-01,2.027344703674316406e-01,1.966937780380249023e-01,1.900285929441452026e-01,1.834890097379684448e-01,1.781683415174484253e-01,1.736212968826293945e-01,1.694664806127548218e-01,1.666156351566314697e-01,1.652244478464126587e-01,1.647624224424362183e-01,1.651601493358612061e-01,1.667196154594421387e-01,1.700321882963180542e-01,1.740658432245254517e-01,1.787381768226623535e-01,1.840424835681915283e-01,1.903278380632400513e-01,1.962889879941940308e-01,2.027412801980972290e-01,2.090728431940078735e-01,2.151107490062713623e-01,2.204184830188751221e-01,2.244658470153808594e-01,2.279397547245025635e-01,2.295687049627304077e-01,2.307666093111038208e-01,2.298410981893539429e-01,2.282480895519256592e-01,2.244898527860641479e-01,2.192748039960861206e-01,2.120790183544158936e-01,2.034929543733596802e-01,1.930364072322845459e-01,1.809332370758056641e-01,1.676896661520004272e-01,1.527910381555557251e-01,1.368046551942825317e-01,1.196810826659202576e-01,1.017309650778770447e-01,8.198063820600509644e-02,6.255116313695907593e-02,4.292957857251167297e-02,2.181985788047313690e-02,1.707704272121191025e-03
9.984530042856931686e-04,2.704737894237041473e-02,5.489862337708473206e-02,8.039145916700363159e-02,1.054310351610183716e-01,1.285026669502258301e-01,1.508645117282867432e-01,1.708322912454605103e-01,1.890172511339187622e-01,2.039192020893096924e-01,2.176142781972885132e-01,2.281348556280136108e-01,2.368700802326202393e-01,2.420535385608673096e-01,2.460406571626663208e-01,2.474649399518966675e-01,2.475914508104324341e-01,2.455546110868453979e-01,2.422183305025100708e-01,2.375919818878173828e-01,2.326223701238632202e-01,2.262144684791564941e-01,2.205119132995605469e-01,2.138419151306152344e-01,2.082680016756057739e-01,2.024807631969451904e-01,1.975301802158355713e-01,1.937057077884674072e-01,1.905394643545150757e-01,1.893803775310516357e-01,1.885755658149719238e-01,1.896031647920608521e-01,1.907535642385482788e-01,1.944790482521057129e-01,1.978908479213714600e-01,2.029067128896713257e-01,2.078388035297393799e-01,2.145725190639495850e-01,2.204038202762603760e-01,2.273022979497909546e-01,2.332287579774856567e-01,2.391207069158554077e-01,2.445183843374252319e-01,2.482979297637939453e-01,2.517817914485931396e-01,2.524052858352661133e-01,2.532202303409576416e-01,2.516358494758605957e-01,2.488937377929687500e-01,2.433289438486099243e-01,2.368920594453811646e-01,2.277830988168716431e-01,2.175793498754501343e-01,2.042375952005386353e-01,1.903450042009353638e-01,1.737051755189895630e-01,1.562270522117614746e-01,1.367906332015991211e-01,1.162694245576858521e-01,9.426181018352508545e-02,7.174842804670333862e-02,4.922971129417419434e-02,2.491639554500579834e-02,1.561464625410735607e-03
4.379862220957875252e-04,2.832765132188796997e-02,5.625225976109504700e-02,8.434486389160156250e-02,1.105316728353500366e-01,1.352617293596267700e-01,1.588554233312606812e-01,1.804258078336715698e-01,2.002827972173690796e-01,2.176108956336975098e-01,2.327733635902404785e-01,2.449939399957656860e-01,2.555501163005828857e-01,2.631764709949493408e-01,2.687071263790130615e-01,2.712939381599426270e-01,2.729222476482391357e-01,2.725901007652282715e-01,2.701568007469177246e-01,2.665192186832427979e-01,2.616809606552124023e-01,2.566345334053039551e-01,2.503108084201812744e-01,2.439351677894592285e-01,2.374091297388076782e-01,2.314622700214385986e-01,2.254920154809951782e-01,2.205560654401779175e-01,2.164834141731262207e-01,2.139899432659149170e-01,2.117645293474197388e-01,2.114149332046508789e-01,2.119768112897872925e-01,2.140039205551147461e-01,2.166358381509780884e-01,2.206105738878250122e-01,2.254183888435363770e-01,2.308648228645324707e-01,2.367442250251770020e-01,2.433915585279464722e-01,2.497932016849517822e-01,2.562936246395111084e-01,2.618374526500701904e-01,2.669065296649932861e-01,2.703186869621276855e-01,2.734098732471466064e-01,2.742721736431121826e-01,2.742020189762115479e-01,2.717671990394592285e-01,2.677281200885772705e-01,2.610869109630584717e-01,2.522828578948974609e-01,2.413340210914611816e-01,2.281708419322967529e-01,2.132611572742462158e-01,1.954526007175445557e-01,1.756622493267059326e-01,1.544726938009262085e-01,1.317580789327621460e-01,1.070478335022926331e-01,8.154981583356857300e-02,5.563227459788322449e-02,2.795953676104545593e-02,1.250354573130607605e-03
6.206490215845406055e-04,2.970385923981666565e-02,5.905372649431228638e-02,8.763545006513595581e-02,1.153077110648155212e-01,1.407549083232879639e-01,1.656871140003204346e-01,1.884958446025848389e-01,2.100397497415542603e-01,2.290185540914535522e-01,2.462643831968307495e-01,2.601869702339172363e-01,2.729829549789428711e-01,2.818457484245300293e-01,2.893688380718231201e-01,2.937375009059906006e-01,2.972349524497985840e-01,2.987109422683715820e-01,2.977416515350341797e-01,2.948666214942932129e-01,2.913054525852203369e-01,2.868115007877349854e-01,2.809801995754241943e-01,2.747284173965454102e-01,2.685353457927703857e-01,2.617871761322021484e-01,2.552717328071594238e-01,2.486355304718017578e-01,2.435383945703506470e-01,2.396914064884185791e-01,2.364248484373092651e-01,2.344659268856048584e-01,2.332133054733276367e-01,2.343195974826812744e-01,2.352768629789352417e-01,2.387627959251403809e-01,2.421264350414276123e-01,2.478058785200119019e-01,2.530632615089416504e-01,2.594910264015197754e-01,2.652104794979095459e-01,2.724463343620300293e-01,2.787106037139892578e-01,2.841106951236724854e-01,2.892267107963562012e-01,2.919709086418151855e-01,2.946812510490417480e-01,2.947913408279418945e-01,2.936660349369049072e-01,2.900487482547760010e-01,2.846215963363647461e-01,2.754350006580352783e-01,2.648063004016876221e-01,2.506784796714782715e-01,2.351209074258804321e-01,2.159236222505569458e-01,1.948344856500625610e-01,1.714011579751968384e-01,1.463254392147064209e-01,1.189652606844902039e-01,9.051153808832168579e-02,6.188438087701797485e-02,3.110623359680175781e-02,1.232251524925231934e-03
2.183703327318653464e-04,3.024236671626567841e-02,5.997068807482719421e-02,9.028708934783935547e-02,1.187143921852111816e-01,1.450771987438201904e-01,1.714877039194107056e-01,1.955476105213165283e-01,2.184245884418487549e-01,2.390363812446594238e-01,2.581474483013153076e-01,2.742563188076019287e-01,2.887801229953765869e-01,2.998792231082916260e-01,3.095597326755523682e-01,3.157397806644439697e-01,3.209757804870605469e-01,3.239404261112213135e-01,3.247340023517608643e-01,3.232879638671875000e-01,3.205453753471374512e-01,3.170217871665954590e-01,3.114493787288665771e-01,3.053105473518371582e-01,2.982765734195709229e-01,2.916094660758972168e-01,2.838112413883209229e-01,2.765449881553649902e-01,2.701489329338073730e-01,2.648597657680511475e-01,2.602497637271881104e-01,2.564710974693298340e-01,2.538494765758514404e-01,2.533558309078216553e-01,2.533719241619110107e-01,2.555546462535858154e-01,2.584026753902435303e-01,2.626554667949676514e-01,2.679096162319183350e-01,2.739366292953491211e-01,2.801865637302398682e-01,2.873848974704742432e-01,2.940272390842437744e-01,3.007146418094635010e-01,3.056448698043823242e-01,3.106108307838439941e-01,3.133077025413513184e-01,3.149816095829010010e-01,3.142488002777099609e-01,3.117518126964569092e-01,3.062856793403625488e-01,2.979251742362976074e-01,2.867443561553955078e-01,2.726302444934844971e-01,2.560653984546661377e-01,2.358226031064987183e-01,2.132953852415084839e-01,1.879157423973083496e-01,1.609234064817428589e-01,1.309908181428909302e-01,1.000523343682289124e-01,6.831640005111694336e-02,3.427099436521530151e-02,1.332601532340049744e-03
7.055322639644145966e-04,3.025930933654308319e-02,6.145479157567024231e-02,9.131012856960296631e-02,1.207991465926170349e-01,1.485782414674758911e-01,1.760958880186080933e-01,2.016640007495880127e-01,2.260342836380004883e-01,2.480462044477462769e-01,2.687142491340637207e-01,2.867275774478912354e-01,3.029507696628570557e-01,3.162516355514526367e-01,3.277063667774200439e-01,3.358997404575347900e-01,3.430721163749694824e-01,3.477478325366973877e-01,3.502596318721771240e-01,3.498797118663787842e-01,3.481371700763702393e-01,3.451809883117675781e-01,3.402164578437805176e-01,3.346694111824035645e-01,3.277716338634490967e-01,3.206726312637329102e-01,3.129872381687164307e-01,3.048330843448638916e-01,2.972735464572906494e-01,2.905434370040893555e-01,2.846143841743469238e-01,2.802016139030456543e-01,2.761189639568328857e-01,2.742754518985748291e-01,2.726241648197174072e-01,2.738602757453918457e-01,2.752310335636138916e-01,2.792750000953674316e-01,2.835350930690765381e-01,2.897737324237823486e-01,2.955004870891571045e-01,3.029581010341644287e-01,3.098781704902648926e-01,3.172322809696197510e-01,3.231663703918457031e-01,3.277838826179504395e-01,3.317101895809173584e-01,3.337547481060028076e-01,3.341138660907745361e-01,3.316284120082855225e-01,3.269218206405639648e-01,3.184052407741546631e-01,3.075905144214630127e-01,2.926810681819915771e-01,2.757669985294342041e-01,2.539778351783752441e-01,2.304870337247848511e-01,2.032447457313537598e-01,1.739261150360107422e-01,1.419290602207183838e-01,1.083913296461105347e-01,7.373131811618804932e-02,3.710300847887992859e-02,1.105103990994393826e-03
2.408678556093946099e-04,3.038615919649600983e-02,6.143638119101524353e-02,9.283583611249923706e-02,1.227516978979110718e-01,1.520036011934280396e-01,1.803059875965118408e-01,2.070625573396682739e-01,2.325134873390197754e-01,2.562814652919769287e-01,2.781880795955657959e-01,2.977856695652008057e-01,3.156630396842956543e-01,3.312331438064575195e-01,3.442783951759338379e-01,3.545605838298797607e-01,3.633904159069061279e-01,3.696117401123046875e-01,3.734421730041503906e-01,3.744444251060485840e-01,3.739069402217864990e-01,3.718194663524627686e-01,3.676113784313201904e-01,3.620470762252807617e-01,3.551365435123443604e-01,3.483321964740753174e-01,3.398281633853912354e-01,3.312728106975555420e-01,3.225733041763305664e-01,3.153188526630401611e-01,3.082292973995208740e-01,3.026557266712188721e-01,2.973034977912902832e-01,2.944824397563934326e-01,2.914979755878448486e-01,2.918266355991363525e-01,2.924511134624481201e-01,2.956592440605163574e-01,2.993812859058380127e-01,3.052192628383636475e-01,3.108746111392974854e-01,3.183512985706329346e-01,3.254044353961944580e-01,3.330884575843811035e-01,3.387689292430877686e-01,3.448269367218017578e-01,3.485303521156311035e-01,3.520176112651824951e-01,3.523224890232086182e-01,3.507535457611083984e-01,3.452469110488891602e-01,3.377496600151062012e-01,3.258818686008453369e-01,3.111360669136047363e-01,2.928788661956787109e-01,2.709579169750213623e-01,2.457821965217590332e-01,2.172008305788040161e-01,1.856791526079177856e-01,1.518781930208206177e-01,1.157001182436943054e-01,7.867576926946640015e-02,3.922660648822784424e-02,1.051594153977930546e-03
1.841616758611053228e-04,3.147386386990547180e-02,6.299047172069549561e-02,9.378582984209060669e-02,1.251241713762283325e-01,1.544706076383590698e-01,1.838887184858322144e-01,2.119095474481582642e-01,2.385694235563278198e-01,2.633818984031677246e-01,2.870388925075531006e-01,3.079108893871307373e-01,3.276965916156768799e-01,3.441926240921020508e-01,3.593733906745910645e-01,3.709037303924560547e-01,3.818323314189910889e-01,3.892946839332580566e-01,3.947700262069702148e-01,3.966619372367858887e-01,3.976417779922485352e-01,3.958600759506225586e-01,3.922078013420104980e-01,3.870530128479003906e-01,3.804708123207092285e-01,3.737378120422363281e-01,3.651862144470214844e-01,3.564995229244232178e-01,3.479118645191192627e-01,3.397308290004730225e-01,3.322459161281585693e-01,3.252148032188415527e-01,3.195160031318664551e-01,3.156284391880035400e-01,3.120926022529602051e-01,3.110622763633728027e-01,3.111057877540588379e-01,3.134769201278686523e-01,3.165278434753417969e-01,3.214782774448394775e-01,3.268303573131561279e-01,3.342995047569274902e-01,3.418045341968536377e-01,3.494338691234588623e-01,3.557497859001159668e-01,3.612799346446990967e-01,3.656621277332305908e-01,3.688214421272277832e-01,3.695032596588134766e-01,3.676216006278991699e-01,3.627921938896179199e-01,3.543989062309265137e-01,3.430034518241882324e-01,3.267190158367156982e-01,3.083419799804687500e-01,2.850203812122344971e-01,2.587077617645263672e-01,2.282608300447463989e-01,1.952261477708816528e-01,1.596949994564056396e-01,1.217706948518753052e-01,8.258668333292007446e-02,4.141956567764282227e-02,7.181267719715833664e-04
-9.906078730637091212e-07,3.191290050745010376e-02,6.415474414825439453e-02,9.653729200363159180e-02,1.279788017272949219e-01,1.585250496864318848e-01,1.888451129198074341e-01,2.172586172819137573e-01,2.447702437639236450e-01,2.708400189876556396e-01,2.955347001552581787e-01,3.176515996456146240e-01,3.383875489234924316e-01,3.567512631416320801e-01,3.734958767890930176e-01,3.865364789962768555e-01,3.982685804367065430e-01,4.073978960514068604e-01,4.138751029968261719e-01,4.171270430088043213e-01,4.186928868293762207e-01,4.182426333427429199e-01,4.155255854129791260e-01,4.103280305862426758e-01,4.043421447277069092e-01,3.974983692169189453e-01,3.888805806636810303e-01,3.801239132881164551e-01,3.713295459747314453e-01,3.627920448780059814e-01,3.546082079410552979e-01,3.471178114414215088e-01,3.407820165157318115e-01,3.361908495426177979e-01,3.322668969631195068e-01,3.309174180030822754e-01,3.303368091583251953e-01,3.317023515701293945e-01,3.344216048717498779e-01,3.391712009906768799e-01,3.448976278305053711e-01,3.522285819053649902e-01,3.589506745338439941e-01,3.661175370216369629e-01,3.714916706085205078e-01,3.779003322124481201e-01,3.817713260650634766e-01,3.848991692066192627e-01,3.851291239261627197e-01,3.832784891128540039e-01,3.776076436042785645e-01,3.691151738166809082e-01,3.565523028373718262e-01,3.401468992233276367e-01,3.205057978630065918e-01,2.961844205856323242e-01,2.689703106880187988e-01,2.374154478311538696e-01,2.034288793802261353e-01,1.661702096462249756e-01,1.267850846052169800e-01,8.625913411378860474e-02,4.314291104674339294e-02,7.843102794140577316e-04
5.700259134755469859e-05,3.227280080318450928e-02,6.598409265279769897e-02,9.772077947854995728e-02,1.310023218393325806e-01,1.617059409618377686e-01,1.930217742919921875e-01,2.226863652467727661e-01,2.511568367481231689e-01,2.775656580924987793e-01,3.029837012290954590e-01,3.263540863990783691e-01,3.483231961727142334e-01,3.674551248550415039e-01,3.850925564765930176e-01,3.992152512073516846e-01,4.124112129211425781e-01,4.223508238792419434e-01,4.300644695758819580e-01,4.345183074474334717e-01,4.367462694644927979e-01,4.368263185024261475e-01,4.347985386848449707e-01,4.310406148433685303e-01,4.252537786960601807e-01,4.191293418407440186e-01,4.109589159488677979e-01,4.027828276157379150e-01,3.938915431499481201e-01,3.858626186847686768e-01,3.776562809944152832e-01,3.703800737857818604e-01,3.636704981327056885e-01,3.588438332080841064e-01,3.544868230819702148e-01,3.521528840065002441e-01,3.511217832565307617e-01,3.521445393562316895e-01,3.542766869068145752e-01,3.584546446800231934e-01,3.643475174903869629e-01,3.701539337635040283e-01,3.771170675754547119e-01,3.830237984657287598e-01,3.889917731285095215e-01,3.936274051666259766e-01,3.974151611328125000e-01,3.996562361717224121e-01,3.995876908302307129e-01,3.962918221950531006e-01,3.908365964889526367e-01,3.810851275920867920e-01,3.686896562576293945e-01,3.500149250030517578e-01,3.302709460258483887e-01,3.044947683811187744e-01,2.764909863471984863e-01,2.438985854387283325e-01,2.089387774467468262e-01,1.706581264734268188e-01,1.304310560226440430e-01,8.813776820898056030e-02,4.451433196663856506e-02,8.949883049353957176e-04
-9.776527804206125438e-06,3.309530019760131836e-02,6.695160269737243652e-02,1.007646769285202026e-01,1.339154094457626343e-01,1.665075123310089111e-01,1.979293972253799438e-01,2.280796915292739868e-01,2.572447955608367920e-01,2.849446833133697510e-01,3.109903335571289062e-01,3.347246050834655762e-01,3.571566641330718994e-01,3.776636421680450439e-01,3.959595859050750732e-01,4.108547866344451904e-01,4.242823421955108643e-01,4.357046186923980713e-01,4.437636435031890869e-01,4.490548074245452881e-01,4.519200921058654785e-01,4.532685279846191406e-01,4.518134593963623047e-01,4.483014941215515137e-01,4.431492984294891357e-01,4.376031160354614258e-01,4.299536049365997314e-01,4.222540855407714844e-01,4.136921167373657227e-01,4.063582718372344971e-01,3.982792496681213379e-01,3.915828764438629150e-01,3.850501477718353271e-01,3.804014623165130615e-01,3.763462603092193604e-01,3.741567432880401611e-01,3.728955984115600586e-01,3.735619187355041504e-01,3.754028677940368652e-01,3.798348903656005859e-01,3.846048414707183838e-01,3.902300298213958740e-01,3.952277898788452148e-01,4.008000493049621582e-01,4.052048027515411377e-01,4.098294973373413086e-01,4.122505784034729004e-01,4.137422740459442139e-01,4.122917354106903076e-01,4.086637794971466064e-01,4.011686742305755615e-01,3.908422589302062988e-01,3.761376142501831055e-01,3.580203950405120850e-01,3.363644778728485107e-01,3.104036450386047363e-01,2.810252308845520020e-01,2.482736259698867798e-01,2.120218276977539062e-01,1.730620265007019043e-01,1.318147033452987671e-01,8.945357054471969604e-02,4.443889483809471130e-02,7.142179529182612896e-04
-5.323913646861910820e-04,3.458266332745552063e-02,6.961632519960403442e-02,1.031569987535476685e-01,1.379908919334411621e-01,1.702228039503097534e-01,2.027688622474670410e-01,2.341527640819549561e-01,2.637810707092285156e-01,2.917684614658355713e-01,3.184621036052703857e-01,3.431602120399475098e-01,3.661039471626281738e-01,3.865068852901458740e-01,4.051196575164794922e-01,4.209052324295043945e-01,4.350931942462921143e-01,4.465234279632568359e-01,4.551373124122619629e-01,4.611235857009887695e-01,4.647178649902343750e-01,4.663804769515991211e-01,4.653848409652709961e-01,4.627860188484191895e-01,4.586052298545837402e-01,4.538650512695312500e-01,4.471112787723541260e-01,4.403958916664123535e-01,4.330649077892303467e-01,4.264906346797943115e-01,4.198652505874633789e-01,4.135732352733612061e-01,4.080108106136322021e-01,4.030717611312866211e-01,3.999419510364532471e-01,3.973217606544494629e-01,3.969342708587646484e-01,3.966201245784759521e-01,3.996713459491729736e-01,4.017557501792907715e-01,4.065761566162109375e-01,4.100058674812316895e-01,4.151758551597595215e-01,4.187831878662109375e-01,4.221666455268859863e-01,4.251804053783416748e-01,4.264473319053649902e-01,4.267132580280303955e-01,4.235699176788330078e-01,4.179898798465728760e-01,4.099085330963134766e-01,3.975158035755157471e-01,3.824176192283630371e-01,3.619615733623504639e-01,3.399747312068939209e-01,3.130598366260528564e-01,2.831605374813079834e-01,2.491033673286437988e-01,2.126000076532363892e-01,1.734913885593414307e-01,1.322870701551437378e-01,8.932620286941528320e-02,4.478102922439575195e-02,6.476871785707771778e-04
-8.092414354905486107e-04,3.515512868762016296e-02,7.156081497669219971e-02,1.069908440113067627e-01,1.423556655645370483e-01,1.760900616645812988e-01,2.093499600887298584e-01,2.409251630306243896e-01,2.712102830410003662e-01,2.997473478317260742e-01,3.271243870258331299e-01,3.517706990242004395e-01,3.746941685676574707e-01,3.956405222415924072e-01,4.142273664474487305e-01,4.301952123641967773e-01,4.440722465515136719e-01,4.558349251747131348e-01,4.643899202346801758e-01,4.707887470722198486e-01,4.747137427330017090e-01,4.767819344997406006e-01,4.764816164970397949e-01,4.742106497287750244e-01,4.708167016506195068e-01,4.670149087905883789e-01,4.612405896186828613e-01,4.556486308574676514e-01,4.496639072895050049e-01,4.444363713264465332e-01,4.388205707073211670e-01,4.340503513813018799e-01,4.291971921920776367e-01,4.260304868221282959e-01,4.228866100311279297e-01,4.220427572727203369e-01,4.212380647659301758e-01,4.224152266979217529e-01,4.233857393264770508e-01,4.263085424900054932e-01,4.286436140537261963e-01,4.324968755245208740e-01,4.348906576633453369e-01,4.380145072937011719e-01,4.392988979816436768e-01,4.412712454795837402e-01,4.404236674308776855e-01,4.384913146495819092e-01,4.335899651050567627e-01,4.261819720268249512e-01,4.154326915740966797e-01,4.020709991455078125e-01,3.850248157978057861e-01,3.643206059932708740e-01,3.402795195579528809e-01,3.125883936882019043e-01,2.821504175662994385e-01,2.477597892284393311e-01,2.109250277280807495e-01,1.714515537023544312e-01,1.305601596832275391e-01,8.844546228647232056e-02,4.388832673430442810e-02,5.277791060507297516e-04
-9.119431488215923309e-04,3.608646988868713379e-02,7.399819046258926392e-02,1.100837141275405884e-01,1.468602418899536133e-01,1.812089979648590088e-01,2.154961377382278442e-01,2.478120028972625732e-01,2.785761356353759766e-01,3.072876036167144775e-01,3.347252309322357178e-01,3.595654368400573730e-01,3.825276494026184082e-01,4.030000269412994385e-01,4.210642278194427490e-01,4.366098046302795410e-01,4.506106674671173096e-01,4.619815945625305176e-01,4.706747829914093018e-01,4.767498373985290527e-01,4.810288548469543457e-01,4.834270179271697998e-01,4.838077723979949951e-01,4.830055534839630127e-01,4.804761409759521484e-01,4.779721796512603760e-01,4.738780260086059570e-01,4.698855578899383545e-01,4.656822979450225830e-01,4.618588089942932129e-01,4.580223560333251953e-01,4.544382691383361816e-01,4.517519176006317139e-01,4.485827088356018066e-01,4.476104378700256348e-01,4.463785290718078613e-01,4.473429918289184570e-01,4.470163583755493164e-01,4.489172101020812988e-01,4.500444829463958740e-01,4.525995850563049316e-01,4.540500044822692871e-01,4.556729197502136230e-01,4.570360779762268066e-01,4.567381441593170166e-01,4.556521773338317871e-01,4.523742198944091797e-01,4.483988285064697266e-01,4.409619271755218506e-01,4.314746856689453125e-01,4.188740849494934082e-01,4.034524857997894287e-01,3.851419985294342041e-01,3.623701930046081543e-01,3.375678956508636475e-01,3.089402914047241211e-01,2.779209017753601074e-01,2.434373199939727783e-01,2.069002687931060791e-01,1.679003685712814331e-01,1.279650777578353882e-01,8.596612513065338135e-02,4.328805580735206604e-02,4.044662928208708763e-04
-7.177883526310324669e-04,3.715281933546066284e-02,7.621340453624725342e-02,1.142332553863525391e-01,1.515995115041732788e-01,1.877938956022262573e-01,2.220654189586639404e-01,2.549953758716583252e-01,2.863387167453765869e-01,3.154365420341491699e-01,3.426542580127716064e-01,3.672347068786621094e-01,3.897511065006256104e-01,4.099207222461700439e-01,4.277519881725311279e-01,4.429298341274261475e-01,4.556879699230194092e-01,4.667770266532897949e-01,4.749912023544311523e-01,4.810042381286621094e-01,4.847337603569030762e-01,4.879925847053527832e-01,4.889418780803680420e-01,4.890098571777343750e-01,4.871929585933685303e-01,4.864687621593475342e-01,4.839524924755096436e-01,4.815332889556884766e-01,4.789246618747711182e-01,4.771113991737365723e-01,4.755244851112365723e-01,4.741266071796417236e-01,4.727300405502319336e-01,4.717421829700469971e-01,4.713676571846008301e-01,4.719099402427673340e-01,4.722430706024169922e-01,4.732584357261657715e-01,4.741235971450805664e-01,4.759601354598999023e-01,4.767828285694122314e-01,4.775083959102630615e-01,4.769683778285980225e-01,4.764510691165924072e-01,4.735471308231353760e-01,4.702322781085968018e-01,4.640875756740570068e-01,4.573810398578643799e-01,4.470883309841156006e-01,4.355377852916717529e-01,4.198964536190032959e-01,4.029397964477539062e-01,3.815572857856750488e-01,3.584433197975158691e-01,3.316049277782440186e-01,3.030533790588378906e-01,2.709417343139648438e-01,2.368632704019546509e-01,1.999362856149673462e-01,1.624424308538436890e-01,1.230124458670616150e-01,8.319870382547378540e-02,4.111342877149581909e-02,4.369243688415735960e-04
-9.748680167831480503e-04,3.897462412714958191e-02,7.904972881078720093e-02,1.176656708121299744e-01,1.561449170112609863e-01,1.926281452178955078e-01,2.279483377933502197e-01,2.617984712123870850e-01,2.931538820266723633e-01,3.221415281295776367e-01,3.493245542049407959e-01,3.739497363567352295e-01,3.960046172142028809e-01,4.150922894477844238e-01,4.322585761547088623e-01,4.469488859176635742e-01,4.591878056526184082e-01,4.692773818969726562e-01,4.770478308200836182e-01,4.825985729694366455e-01,4.875057637691497803e-01,4.903317689895629883e-01,4.925511181354522705e-01,4.929837286472320557e-01,4.936403334140777588e-01,4.936003088951110840e-01,4.930813312530517578e-01,4.921487271785736084e-01,4.924181103706359863e-01,4.922483265399932861e-01,4.929566681385040283e-01,4.927053451538085938e-01,4.939622879028320312e-01,4.941272735595703125e-01,4.955512583255767822e-01,4.964858591556549072e-01,4.982168078422546387e-01,4.990642368793487549e-01,5.001198053359985352e-01,5.007426142692565918e-01,5.008212327957153320e-01,5.000564455986022949e-01,4.976878464221954346e-01,4.948314428329467773e-01,4.892701804637908936e-01,4.827404320240020752e-01,4.739711880683898926e-01,4.640356302261352539e-01,4.508571922779083252e-01,4.360554218292236328e-01,4.188784360885620117e-01,3.986506164073944092e-01,3.763574957847595215e-01,3.503687381744384766e-01,3.235143125057220459e-01,2.938774526119232178e-01,2.621217966079711914e-01,2.273908555507659912e-01,1.920175105333328247e-01,1.552439928054809570e-01,1.181524693965911865e-01,7.933107018470764160e-02,3.984744101762771606e-02,-2.529438279452733696e-05
-1.100976485759019852e-03,3.975192084908485413e-02,8.167733997106552124e-02,1.214240416884422302e-01,1.606656759977340698e-01,1.983486860990524292e-01,2.343927025794982910e-01,2.681877613067626953e-01,2.997512817382812500e-01,3.289449214935302734e-01,3.561651408672332764e-01,3.796624839305877686e-01,4.013121724128723145e-01,4.199564456939697266e-01,4.369018375873565674e-01,4.501114189624786377e-01,4.619427025318145752e-01,4.712075591087341309e-01,4.784351885318756104e-01,4.843360185623168945e-01,4.887036085128784180e-01,4.923668503761291504e-01,4.948967993259429932e-01,4.964274168014526367e-01,4.979160726070404053e-01,4.996116161346435547e-01,5.006794333457946777e-01,5.018532276153564453e-01,5.040499567985534668e-01,5.063281655311584473e-01,5.085856914520263672e-01,5.110267400741577148e-01,5.136600136756896973e-01,5.161470770835876465e-01,5.184362530708312988e-01,5.213620066642761230e-01,5.233105421066284180e-01,5.250607728958129883e-01,5.254291296005249023e-01,5.259980559349060059e-01,5.243824124336242676e-01,5.220421552658081055e-01,5.174667835235595703e-01,5.120019316673278809e-01,5.036693811416625977e-01,4.945569038391113281e-01,4.827174544334411621e-01,4.694804549217224121e-01,4.537220001220703125e-01,4.360865354537963867e-01,4.157993793487548828e-01,3.931348621845245361e-01,3.685574829578399658e-01,3.419685959815979004e-01,3.130941092967987061e-01,2.828174233436584473e-01,2.511702775955200195e-01,2.173999696969985962e-01,1.824855357408523560e-01,1.468252241611480713e-01,1.108284816145896912e-01,7.509564608335494995e-02,3.703180700540542603e-02,-1.854472429840825498e-05
-1.070883125066757202e-03,4.087737202644348145e-02,8.381713926792144775e-02,1.246177256107330322e-01,1.646775305271148682e-01,2.029675692319869995e-01,2.397532463073730469e-01,2.737719714641571045e-01,3.058088719844818115e-01,3.343639671802520752e-01,3.608379662036895752e-01,3.842057585716247559e-01,4.050942063331604004e-01,4.230283796787261963e-01,4.386298060417175293e-01,4.517207145690917969e-01,4.627599418163299561e-01,4.713814854621887207e-01,4.785396158695220947e-01,4.840852618217468262e-01,4.894028306007385254e-01,4.934050142765045166e-01,4.968315064907073975e-01,4.995001256465911865e-01,5.025901198387145996e-01,5.060148239135742188e-01,5.088093876838684082e-01,5.118270516395568848e-01,5.160593986511230469e-01,5.203352570533752441e-01,5.244979858398437500e-01,5.285487771034240723e-01,5.330801606178283691e-01,5.370191931724548340e-01,5.412030816078186035e-01,5.446956157684326172e-01,5.472210645675659180e-01,5.490885972976684570e-01,5.491901636123657227e-01,5.489511489868164062e-01,5.460662841796875000e-01,5.413746833801269531e-01,5.350342392921447754e-01,5.268107056617736816e-01,5.163851380348205566e-01,5.034888982772827148e-01,4.891140460968017578e-01,4.730765223503112793e-01,4.541461765766143799e-01,4.333462119102478027e-01,4.107971489429473877e-01,3.858554661273956299e-01,3.596120774745941162e-01,3.308391869068145752e-01,3.019374310970306396e-01,2.704977393150329590e-01,2.390984892845153809e-01,2.062892615795135498e-01,1.727164834737777710e-01,1.383229196071624756e-01,1.041407585144042969e-01,6.975166499614715576e-02,3.483129292726516724e-02,-2.235069550806656480e-04
-7.771660457365214825e-04,4.188454151153564453e-02,8.554524928331375122e-02,1.272092312574386597e-01,1.681658774614334106e-01,2.071288824081420898e-01,2.435080856084823608e-01,2.779856026172637939e-01,3.096519708633422852e-01,3.381930291652679443e-01,3.643353283405303955e-01,3.869740962982177734e-01,4.071399569511413574e-01,4.249882996082305908e-01,4.402989149093627930e-01,4.522958695888519287e-01,4.621685743331909180e-01,4.712024629116058350e-01,4.779130518436431885e-01,4.841606318950653076e-01,4.889923930168151855e-01,4.940657615661621094e-01,4.976628422737121582e-01,5.018476843833923340e-01,5.058839917182922363e-01,5.112316012382507324e-01,5.160502791404724121e-01,5.211427807807922363e-01,5.271003842353820801e-01,5.329267382621765137e-01,5.395666956901550293e-01,5.453000068664550781e-01,5.519168376922607422e-01,5.572890639305114746e-01,5.626984834671020508e-01,5.670352578163146973e-01,5.701105594635009766e-01,5.716449618339538574e-01,5.714584589004516602e-01,5.698454380035400391e-01,5.655515789985656738e-01,5.592246055603027344e-01,5.504767298698425293e-01,5.400866270065307617e-01,5.266063809394836426e-01,5.116498470306396484e-01,4.936694800853729248e-01,4.747092723846435547e-01,4.528840482234954834e-01,4.297929108142852783e-01,4.038630723953247070e-01,3.772124052047729492e-01,3.488379120826721191e-01,3.195772469043731689e-01,2.894842326641082764e-01,2.583964169025421143e-01,2.271934151649475098e-01,1.950668543577194214e-01,1.621718257665634155e-01,1.292638182640075684e-01,9.683575481176376343e-02,6.522241234779357910e-02,3.181135654449462891e-02,-7.004418876022100449e-05
-9.761281544342637062e-04,4.313431680202484131e-02,8.696635812520980835e-02,1.288426220417022705e-01,1.698681265115737915e-01,2.083952575922012329e-01,2.452971488237380981e-01,2.799071371555328369e-01,3.115756511688232422e-01,3.391864299774169922e-01,3.649334609508514404e-01,3.876949250698089600e-01,4.076101779937744141e-01,4.243448078632354736e-01,4.389849901199340820e-01,4.513492286205291748e-01,4.614298641681671143e-01,4.698308706283569336e-01,4.771944284439086914e-01,4.835273325443267822e-01,4.896934032440185547e-01,4.946236610412597656e-01,4.999215304851531982e-01,5.047883391380310059e-01,5.108034014701843262e-01,5.170344114303588867e-01,5.239469408988952637e-01,5.305281281471252441e-01,5.391528606414794922e-01,5.461682677268981934e-01,5.547652840614318848e-01,5.615456700325012207e-01,5.696184039115905762e-01,5.765073895454406738e-01,5.827613472938537598e-01,5.871000289916992188e-01,5.902549028396606445e-01,5.917168855667114258e-01,5.905752182006835938e-01,5.876232385635375977e-01,5.817303061485290527e-01,5.734223127365112305e-01,5.629128813743591309e-01,5.498669743537902832e-01,5.341066718101501465e-01,5.160065293312072754e-01,4.959588050842285156e-01,4.743866026401519775e-01,4.499589502811431885e-01,4.236755073070526123e-01,3.962943851947784424e-01,3.673250377178192139e-01,3.378373980522155762e-01,3.071215152740478516e-01,2.772549390792846680e-01,2.460474520921707153e-01,2.150312364101409912e-01,1.831764876842498779e-01,1.523979753255844116e-01,1.208584904670715332e-01,9.050159901380538940e-02,6.049190089106559753e-02,2.970184385776519775e-02,-5.926649319007992744e-04
-8.597011328674852848e-04,4.296663403511047363e-02,8.716492354869842529e-02,1.288161873817443848e-01,1.701023578643798828e-01,2.084950208663940430e-01,2.449397146701812744e-01,2.792678773403167725e-01,3.105294108390808105e-01,3.382590711116790771e-01,3.642057478427886963e-01,3.862870037555694580e-01,4.060227870941162109e-01,4.225898385047912598e-01,4.377166032791137695e-01,4.493433237075805664e-01,4.594176411628723145e-01,4.685397148132324219e-01,4.760117828845977783e-01,4.834070801734924316e-01,4.898053407669067383e-01,4.961532950401306152e-01,5.022300481796264648e-01,5.085408687591552734e-01,5.157846212387084961e-01,5.240034461021423340e-01,5.321925282478332520e-01,5.406911373138427734e-01,5.500264763832092285e-01,5.592128634452819824e-01,5.684457421302795410e-01,5.768221616744995117e-01,5.859519839286804199e-01,5.936418771743774414e-01,5.999611616134643555e-01,6.049505472183227539e-01,6.077134609222412109e-01,6.086673140525817871e-01,6.067435741424560547e-01,6.023817062377929688e-01,5.953721404075622559e-01,5.851338505744934082e-01,5.721778273582458496e-01,5.573671460151672363e-01,5.391806960105895996e-01,5.190449953079223633e-01,4.960817992687225342e-01,4.714849591255187988e-01,4.451361894607543945e-01,4.171679615974426270e-01,3.880791664123535156e-01,3.576750159263610840e-01,3.271348774433135986e-01,2.958997189998626709e-01,2.649140655994415283e-01,2.339602559804916382e-01,2.037488818168640137e-01,1.731845140457153320e-01,1.426256597042083740e-01,1.124803647398948669e-01,8.365852385759353638e-02,5.623408034443855286e-02,2.691835351288318634e-02,-5.899204988963901997e-04
-7.708650664426386356e-04,4.190260171890258789e-02,8.560186624526977539e-02,1.271214634180068970e-01,1.672002822160720825e-01,2.049709111452102661e-01,2.419615238904953003e-01,2.749322950839996338e-01,3.068595826625823975e-01,3.337450623512268066e-01,3.593675494194030762e-01,3.815523386001586914e-01,4.013690054416656494e-01,4.182226061820983887e-01,4.331046342849731445e-01,4.461312890052795410e-01,4.569615423679351807e-01,4.660460650920867920e-01,4.752742946147918701e-01,4.828399419784545898e-01,4.908323585987091064e-01,4.975390732288360596e-01,5.056022405624389648e-01,5.129694342613220215e-01,5.223733186721801758e-01,5.308752059936523438e-01,5.418016910552978516e-01,5.506724119186401367e-01,5.619533061981201172e-01,5.718101263046264648e-01,5.818365216255187988e-01,5.910335183143615723e-01,6.007464528083801270e-01,6.092223525047302246e-01,6.153041124343872070e-01,6.200056076049804688e-01,6.223800778388977051e-01,6.222988963127136230e-01,6.187907457351684570e-01,6.133502721786499023e-01,6.047645211219787598e-01,5.930184125900268555e-01,5.781909823417663574e-01,5.610474944114685059e-01,5.413928031921386719e-01,5.186748504638671875e-01,4.941698908805847168e-01,4.680427610874176025e-01,4.396180510520935059e-01,4.100627601146697998e-01,3.798782825469970703e-01,3.486112058162689209e-01,3.172875046730041504e-01,2.852424979209899902e-01,2.542843222618103027e-01,2.235816121101379395e-01,1.934786438941955566e-01,1.638361811637878418e-01,1.344852149486541748e-01,1.062894612550735474e-01,7.810415327548980713e-02,5.214195325970649719e-02,2.511350810527801514e-02,-6.895033293403685093e-04
-7.056039175949990749e-04,4.077345505356788635e-02,8.334175497293472290e-02,1.235625147819519043e-01,1.632853299379348755e-01,2.006335854530334473e-01,2.361438721418380737e-01,2.696850001811981201e-01,3.001925647258758545e-01,3.274112343788146973e-01,3.529599010944366455e-01,3.751778900623321533e-01,3.949834704399108887e-01,4.123912155628204346e-01,4.280584156513214111e-01,4.419000148773193359e-01,4.530317485332489014e-01,4.643259644508361816e-01,4.736967682838439941e-01,4.835580885410308838e-01,4.923382103443145752e-01,5.013312697410583496e-01,5.101994276046752930e-01,5.200232863426208496e-01,5.295237302780151367e-01,5.405775308609008789e-01,5.511936545372009277e-01,5.620073080062866211e-01,5.731378793716430664e-01,5.837667584419250488e-01,5.949953198432922363e-01,6.043408513069152832e-01,6.139047145843505859e-01,6.218849420547485352e-01,6.280442476272583008e-01,6.316357851028442383e-01,6.329629421234130859e-01,6.320973038673400879e-01,6.277046203613281250e-01,6.204888820648193359e-01,6.102825403213500977e-01,5.971476435661315918e-01,5.807390809059143066e-01,5.620085597038269043e-01,5.401374697685241699e-01,5.162571668624877930e-01,4.892166554927825928e-01,4.617601037025451660e-01,4.322606325149536133e-01,4.020151793956756592e-01,3.706353008747100830e-01,3.390396535396575928e-01,3.069942891597747803e-01,2.755615115165710449e-01,2.443989664316177368e-01,2.142740637063980103e-01,1.845241934061050415e-01,1.559542417526245117e-01,1.275062263011932373e-01,1.001534536480903625e-01,7.409241050481796265e-02,4.946760460734367371e-02,2.330271713435649872e-02,-1.863226061686873436e-04
-7.669113110750913620e-04,3.878932446241378784e-02,8.007220178842544556e-02,1.183275878429412842e-01,1.565779298543930054e-01,1.917594820261001587e-01,2.274572402238845825e-01,2.589856982231140137e-01,2.896580696105957031e-01,3.160595297813415527e-01,3.418414294719696045e-01,3.644905388355255127e-01,3.847423493862152100e-01,4.034271538257598877e-01,4.200904369354248047e-01,4.355614483356475830e-01,4.485595226287841797e-01,4.610637128353118896e-01,4.727258384227752686e-01,4.839950501918792725e-01,4.955250024795532227e-01,5.049017071723937988e-01,5.166554450988769531e-01,5.263690948486328125e-01,5.387032032012939453e-01,5.495948791503906250e-01,5.621497631072998047e-01,5.727465152740478516e-01,5.852267146110534668e-01,5.959575176239013672e-01,6.069456338882446289e-01,6.163908839225769043e-01,6.253539323806762695e-01,6.329074501991271973e-01,6.378778219223022461e-01,6.404744386672973633e-01,6.406038999557495117e-01,6.380415558815002441e-01,6.321397423744201660e-01,6.241091489791870117e-01,6.123809814453125000e-01,5.975033640861511230e-01,5.797592997550964355e-01,5.593975782394409180e-01,5.363684892654418945e-01,5.108202695846557617e-01,4.835644364356994629e-01,4.547151923179626465e-01,4.246013760566711426e-01,3.934751152992248535e-01,3.620543181896209717e-01,3.300032913684844971e-01,2.981025874614715576e-01,2.669943273067474365e-01,2.362158298492431641e-01,2.062099874019622803e-01,1.769860535860061646e-01,1.482091993093490601e-01,1.213307157158851624e-01,9.512743353843688965e-02,7.032322138547897339e-02,4.668057337403297424e-02,2.232144959270954132e-02,-4.602629633154720068e-04
-3.904542536474764347e-04,3.702923282980918884e-02,7.590404152870178223e-02,1.115920245647430420e-01,1.480027437210083008e-01,1.820428669452667236e-01,2.159155756235122681e-01,2.465840280055999756e-01,2.766197621822357178e-01,3.031414747238159180e-01,3.291289806365966797e-01,3.517274260520935059e-01,3.731098771095275879e-01,3.929443359375000000e-01,4.113080203533172607e-01,4.279645383358001709e-01,4.427562952041625977e-01,4.576842188835144043e-01,4.711197614669799805e-01,4.854115247726440430e-01,4.980444014072418213e-01,5.109142661094665527e-01,5.227400064468383789e-01,5.356508493423461914e-01,5.477142930030822754e-01,5.609701871871948242e-01,5.725893974304199219e-01,5.848704576492309570e-01,5.966938138008117676e-01,6.081128716468811035e-01,6.179749965667724609e-01,6.271677613258361816e-01,6.350048184394836426e-01,6.410806775093078613e-01,6.443570852279663086e-01,6.453983783721923828e-01,6.440769433975219727e-01,6.400582194328308105e-01,6.325820088386535645e-01,6.227020025253295898e-01,6.099292635917663574e-01,5.936926007270812988e-01,5.744879245758056641e-01,5.529340505599975586e-01,5.288136005401611328e-01,5.028550028800964355e-01,4.743296205997467041e-01,4.454813301563262939e-01,4.153205752372741699e-01,3.844651281833648682e-01,3.531889915466308594e-01,3.216117620468139648e-01,2.902643382549285889e-01,2.597643136978149414e-01,2.293373495340347290e-01,2.000915408134460449e-01,1.715703010559082031e-01,1.440842300653457642e-01,1.177521273493766785e-01,9.213772416114807129e-02,6.794777512550354004e-02,4.572302848100662231e-02,2.126933261752128601e-02,-4.351234529167413712e-04
-7.548385183326900005e-04,3.322608023881912231e-02,6.929449737071990967e-02,1.032417863607406616e-01,1.367260813713073730e-01,1.683760732412338257e-01,2.010618001222610474e-01,2.296396046876907349e-01,2.598080635070800781e-01,2.857274115085601807e-01,3.114731609821319580e-01,3.359403610229492188e-01,3.580668568611145020e-01,3.798849284648895264e-01,3.993452489376068115e-01,4.189947843551635742e-01,4.359841346740722656e-01,4.533782601356506348e-01,4.696988761425018311e-01,4.855235815048217773e-01,5.010793805122375488e-01,5.153841376304626465e-01,5.297569036483764648e-01,5.440434217453002930e-01,5.578663349151611328e-01,5.716115236282348633e-01,5.849496126174926758e-01,5.970929265022277832e-01,6.087626814842224121e-01,6.198598742485046387e-01,6.285667419433593750e-01,6.368407011032104492e-01,6.427664756774902344e-01,6.469805836677551270e-01,6.485068798065185547e-01,6.478722691535949707e-01,6.444832682609558105e-01,6.390164494514465332e-01,6.295395493507385254e-01,6.182577610015869141e-01,6.036682724952697754e-01,5.864276885986328125e-01,5.660211443901062012e-01,5.435380935668945312e-01,5.188435316085815430e-01,4.926944077014923096e-01,4.647985100746154785e-01,4.360917508602142334e-01,4.062039554119110107e-01,3.756133615970611572e-01,3.451296091079711914e-01,3.141506612300872803e-01,2.836051285266876221e-01,2.533053159713745117e-01,2.237018197774887085e-01,1.952323615550994873e-01,1.676850765943527222e-01,1.408220976591110229e-01,1.151983290910720825e-01,9.039866924285888672e-02,6.665994971990585327e-02,4.398884624242782593e-02,2.075334452092647552e-02,-9.188921540044248104e-04
-1.163861248642206192e-03,3.015265055000782013e-02,6.209065020084381104e-02,9.277077019214630127e-02,1.234522685408592224e-01,1.535925567150115967e-01,1.833732426166534424e-01,2.121932357549667358e-01,2.404979765415191650e-01,2.672411799430847168e-01,2.937398850917816162e-01,3.182041049003601074e-01,3.415003716945648193e-01,3.642486035823822021e-01,3.867672383785247803e-01,4.083259105682373047e-01,4.284530282020568848e-01,4.488770067691802979e-01,4.675592184066772461e-01,4.869901835918426514e-01,5.049839615821838379e-01,5.219950079917907715e-01,5.384589433670043945e-01,5.548120141029357910e-01,5.695629715919494629e-01,5.847147107124328613e-01,5.976564288139343262e-01,6.102330684661865234e-01,6.209244132041931152e-01,6.307352781295776367e-01,6.385976672172546387e-01,6.448355317115783691e-01,6.488522887229919434e-01,6.513233780860900879e-01,6.506158709526062012e-01,6.476942896842956543e-01,6.420324444770812988e-01,6.343263387680053711e-01,6.231423020362854004e-01,6.102597713470458984e-01,5.940856933593750000e-01,5.758354067802429199e-01,5.541738867759704590e-01,5.316420793533325195e-01,5.065635442733764648e-01,4.807558059692382812e-01,4.526952803134918213e-01,4.251523911952972412e-01,3.958170115947723389e-01,3.666315376758575439e-01,3.369405269622802734e-01,3.074150383472442627e-01,2.778064310550689697e-01,2.490043044090270996e-01,2.205790281295776367e-01,1.932939738035202026e-01,1.662214100360870361e-01,1.405414193868637085e-01,1.150927692651748657e-01,9.042542427778244019e-02,6.671910732984542847e-02,4.442034661769866943e-02,2.008685097098350525e-02,-9.826505556702613831e-04
-1.111857010982930660e-03,2.613969705998897552e-02,5.469840764999389648e-02,8.250998705625534058e-02,1.099644005298614502e-01,1.382509768009185791e-01,1.644626110792160034e-01,1.916503161191940308e-01,2.185539603233337402e-01,2.448920458555221558e-01,2.718079388141632080e-01,2.973541617393493652e-01,3.228041827678680420e-01,3.475686609745025635e-01,3.718171417713165283e-01,3.967776596546173096e-01,4.196574687957763672e-01,4.428394734859466553e-01,4.649641513824462891e-01,4.869605898857116699e-01,5.081318020820617676e-01,5.272887945175170898e-01,5.462175607681274414e-01,5.644270777702331543e-01,5.809041857719421387e-01,5.964070558547973633e-01,6.101462841033935547e-01,6.221520304679870605e-01,6.325725913047790527e-01,6.407446861267089844e-01,6.468381285667419434e-01,6.511475443840026855e-01,6.529412269592285156e-01,6.528068184852600098e-01,6.498336791992187500e-01,6.444753408432006836e-01,6.363993287086486816e-01,6.265209317207336426e-01,6.137418746948242188e-01,5.991619229316711426e-01,5.815551877021789551e-01,5.621797442436218262e-01,5.404981970787048340e-01,5.175943970680236816e-01,4.926722347736358643e-01,4.676216244697570801e-01,4.408926665782928467e-01,4.141420423984527588e-01,3.861356675624847412e-01,3.581818938255310059e-01,3.300962746143341064e-01,3.019306957721710205e-01,2.744465768337249756e-01,2.462889850139617920e-01,2.193654179573059082e-01,1.919200122356414795e-01,1.668208241462707520e-01,1.407175958156585693e-01,1.161499321460723877e-01,9.115630388259887695e-02,6.772469729185104370e-02,4.488562792539596558e-02,2.127288654446601868e-02,-9.197968174703419209e-04
-1.778880250640213490e-03,2.361861616373062134e-02,4.679019376635551453e-02,7.022902369499206543e-02,9.477797895669937134e-02,1.198157817125320435e-01,1.449456661939620972e-01,1.704488396644592285e-01,1.965813040733337402e-01,2.226743996143341064e-01,2.493564784526824951e-01,2.762949168682098389e-01,3.026451468467712402e-01,3.295785784721374512e-01,3.561249971389770508e-01,3.833510279655456543e-01,4.097114503383636475e-01,4.361713826656341553e-01,4.618442952632904053e-01,4.870612919330596924e-01,5.109109282493591309e-01,5.327068567276000977e-01,5.539696812629699707e-01,5.738155245780944824e-01,5.913890600204467773e-01,6.071928143501281738e-01,6.211296916007995605e-01,6.327444911003112793e-01,6.422064900398254395e-01,6.491292715072631836e-01,6.532965898513793945e-01,6.554297804832458496e-01,6.553975939750671387e-01,6.525169610977172852e-01,6.466602087020874023e-01,6.386683583259582520e-01,6.282733082771301270e-01,6.163870096206665039e-01,6.011852025985717773e-01,5.849213600158691406e-01,5.662754178047180176e-01,5.464081168174743652e-01,5.238395333290100098e-01,5.010288357734680176e-01,4.769058525562286377e-01,4.526771903038024902e-01,4.270395338535308838e-01,4.013365507125854492e-01,3.752397000789642334e-01,3.490007519721984863e-01,3.223132789134979248e-01,2.961286902427673340e-01,2.695630192756652832e-01,2.436045259237289429e-01,2.172051668167114258e-01,1.918162405490875244e-01,1.665176004171371460e-01,1.419228315353393555e-01,1.171537935733795166e-01,9.311863780021667480e-02,6.879430264234542847e-02,4.614871740341186523e-02,2.130247093737125397e-02,-1.075465232133865356e-03
-1.763975713402032852e-03,1.949654892086982727e-02,3.822133690118789673e-02,5.856891721487045288e-02,7.959627360105514526e-02,1.017931178212165833e-01,1.240634396672248840e-01,1.479213535785675049e-01,1.725402027368545532e-01,1.989621520042419434e-01,2.253402173519134521e-01,2.529808580875396729e-01,2.822381258010864258e-01,3.102210462093353271e-01,3.391820192337036133e-01,3.697857260704040527e-01,3.988097608089447021e-01,4.282689988613128662e-01,4.574590623378753662e-01,4.860528111457824707e-01,5.123286843299865723e-01,5.370834469795227051e-01,5.598403215408325195e-01,5.815984010696411133e-01,6.002090573310852051e-01,6.166918873786926270e-01,6.307021379470825195e-01,6.422060132026672363e-01,6.506589651107788086e-01,6.558057665824890137e-01,6.580187678337097168e-01,6.578638553619384766e-01,6.554016470909118652e-01,6.497696042060852051e-01,6.419070959091186523e-01,6.308588981628417969e-01,6.183354258537292480e-01,6.034799218177795410e-01,5.873241424560546875e-01,5.692788958549499512e-01,5.498971343040466309e-01,5.295682549476623535e-01,5.075668096542358398e-01,4.847089946269989014e-01,4.610731601715087891e-01,4.376614987850189209e-01,4.135324060916900635e-01,3.896245062351226807e-01,3.646487891674041748e-01,3.400670588016510010e-01,3.152860701084136963e-01,2.909266054630279541e-01,2.660184502601623535e-01,2.410431653261184692e-01,2.163995802402496338e-01,1.915279477834701538e-01,1.674778163433074951e-01,1.433369517326354980e-01,1.195159032940864563e-01,9.460822492837905884e-02,7.079181075096130371e-02,4.681752249598503113e-02,2.242725901305675507e-02,-7.842558552511036396e-04
-1.543224789202213287e-03,1.561383903026580811e-02,2.995765022933483124e-02,4.666962474584579468e-02,6.562479585409164429e-02,8.424422889947891235e-02,1.046316474676132202e-01,1.266605108976364136e-01,1.501064449548721313e-01,1.755248159170150757e-01,2.025518864393234253e-01,2.296356558799743652e-01,2.597386837005615234e-01,2.899417579174041748e-01,3.209675848484039307e-01,3.543067574501037598e-01,3.868231177330017090e-01,4.193663597106933594e-01,4.510532617568969727e-01,4.824484288692474365e-01,5.116813182830810547e-01,5.384564399719238281e-01,5.634388327598571777e-01,5.864766240119934082e-01,6.059486269950866699e-01,6.232725977897644043e-01,6.373292803764343262e-01,6.482669711112976074e-01,6.560107469558715820e-01,6.602764725685119629e-01,6.611028313636779785e-01,6.584905982017517090e-01,6.537315249443054199e-01,6.459615826606750488e-01,6.353377103805541992e-01,6.219449043273925781e-01,6.068223714828491211e-01,5.907447934150695801e-01,5.720822215080261230e-01,5.533493161201477051e-01,5.327029228210449219e-01,5.117262005805969238e-01,4.897328317165374756e-01,4.674001336097717285e-01,4.444836378097534180e-01,4.223013818264007568e-01,3.996663987636566162e-01,3.768054544925689697e-01,3.543513715267181396e-01,3.311337828636169434e-01,3.083152472972869873e-01,2.853581607341766357e-01,2.621448934078216553e-01,2.390812635421752930e-01,2.156278938055038452e-01,1.921717524528503418e-01,1.684821993112564087e-01,1.450737118721008301e-01,1.206737682223320007e-01,9.705998003482818604e-02,7.195634394884109497e-02,4.845616966485977173e-02,2.246047556400299072e-02,-1.016878755763173103e-03
-7.861031917855143547e-04,1.089324336498975754e-02,2.245159260928630829e-02,3.609482198953628540e-02,5.017821118235588074e-02,6.703542917966842651e-02,8.350244909524917603e-02,1.046798229217529297e-01,1.257854998111724854e-01,1.514347344636917114e-01,1.779753118753433228e-01,2.066462934017181396e-01,2.384623438119888306e-01,2.701799273490905762e-01,3.037861585617065430e-01,3.386088311672210693e-01,3.736533522605895996e-01,4.090659916400909424e-01,4.436645805835723877e-01,4.773799777030944824e-01,5.090650916099548340e-01,5.382001996040344238e-01,5.648509860038757324e-01,5.894286036491394043e-01,6.102023720741271973e-01,6.278511881828308105e-01,6.419509053230285645e-01,6.530200242996215820e-01,6.595296263694763184e-01,6.621120572090148926e-01,6.611047983169555664e-01,6.573412418365478516e-01,6.502993106842041016e-01,6.402440667152404785e-01,6.273717284202575684e-01,6.116901040077209473e-01,5.947936773300170898e-01,5.765745043754577637e-01,5.572084784507751465e-01,5.364548563957214355e-01,5.155594348907470703e-01,4.940022826194763184e-01,4.726014137268066406e-01,4.504866302013397217e-01,4.281984567642211914e-01,4.071246385574340820e-01,3.855981528759002686e-01,3.647687733173370361e-01,3.431894183158874512e-01,3.223155438899993896e-01,3.007059991359710693e-01,2.798547148704528809e-01,2.585081458091735840e-01,2.363832890987396240e-01,2.145695537328720093e-01,1.913975179195404053e-01,1.689894199371337891e-01,1.455767899751663208e-01,1.221904531121253967e-01,9.785392880439758301e-02,7.366729527711868286e-02,4.867490381002426147e-02,2.382288686931133270e-02,-6.300897803157567978e-04
-1.157675404101610184e-03,7.316488772630691528e-03,1.599181815981864929e-02,2.561292052268981934e-02,3.826100006699562073e-02,5.145817250013351440e-02,6.728660315275192261e-02,8.495429903268814087e-02,1.061467155814170837e-01,1.299340277910232544e-01,1.567020565271377563e-01,1.850314587354660034e-01,2.163074314594268799e-01,2.504369616508483887e-01,2.846033275127410889e-01,3.218647539615631104e-01,3.591708838939666748e-01,3.970923125743865967e-01,4.336303770542144775e-01,4.691963791847229004e-01,5.027776360511779785e-01,5.338808298110961914e-01,5.622890591621398926e-01,5.878188014030456543e-01,6.092048287391662598e-01,6.272881031036376953e-01,6.419751048088073730e-01,6.524710655212402344e-01,6.585413813591003418e-01,6.601094007492065430e-01,6.582078933715820312e-01,6.526302099227905273e-01,6.442905664443969727e-01,6.322526335716247559e-01,6.174462437629699707e-01,6.006659269332885742e-01,5.821773409843444824e-01,5.630531907081604004e-01,5.417043566703796387e-01,5.205180644989013672e-01,4.983870983123779297e-01,4.767615199089050293e-01,4.550386965274810791e-01,4.333272576332092285e-01,4.120541810989379883e-01,3.915537297725677490e-01,3.717128038406372070e-01,3.511936366558074951e-01,3.318054676055908203e-01,3.119610846042633057e-01,2.924980223178863525e-01,2.727802693843841553e-01,2.526699602603912354e-01,2.322852611541748047e-01,2.110976427793502808e-01,1.897012293338775635e-01,1.675591468811035156e-01,1.449371278285980225e-01,1.216464564204216003e-01,9.847790747880935669e-02,7.343222945928573608e-02,4.957210645079612732e-02,2.341660670936107635e-02,-1.458868850022554398e-03
-8.908731397241353989e-04,3.737102029845118523e-03,9.422530420124530792e-03,1.655555516481399536e-02,2.514652721583843231e-02,3.651390969753265381e-02,4.943035170435905457e-02,6.657109409570693970e-02,8.527134358882904053e-02,1.098263263702392578e-01,1.349968761205673218e-01,1.646840274333953857e-01,1.968314051628112793e-01,2.322246134281158447e-01,2.675090730190277100e-01,3.054257631301879883e-01,3.440907001495361328e-01,3.840648531913757324e-01,4.228110909461975098e-01,4.602081775665283203e-01,4.952313005924224854e-01,5.279806256294250488e-01,5.573569536209106445e-01,5.837143063545227051e-01,6.060259342193603516e-01,6.243814826011657715e-01,6.390562653541564941e-01,6.494686603546142578e-01,6.546317338943481445e-01,6.556861996650695801e-01,6.524301767349243164e-01,6.460220217704772949e-01,6.358381509780883789e-01,6.224477291107177734e-01,6.064538359642028809e-01,5.883215069770812988e-01,5.688956379890441895e-01,5.481863021850585938e-01,5.264341235160827637e-01,5.042012333869934082e-01,4.819320440292358398e-01,4.599694013595581055e-01,4.380116462707519531e-01,4.168045520782470703e-01,3.957011997699737549e-01,3.764659762382507324e-01,3.569456934928894043e-01,3.385397195816040039e-01,3.197036385536193848e-01,3.016798794269561768e-01,2.834114432334899902e-01,2.653416097164154053e-01,2.463939189910888672e-01,2.268165349960327148e-01,2.070581167936325073e-01,1.864094585180282593e-01,1.650023311376571655e-01,1.432133018970489502e-01,1.207638606429100037e-01,9.681682288646697998e-02,7.304880023002624512e-02,4.813575372099876404e-02,2.374772727489471436e-02,-1.014758250676095486e-03
-1.906095887534320354e-03,9.293222101405262947e-04,4.528842400759458542e-03,8.299513719975948334e-03,1.663447916507720947e-02,2.465945482254028320e-02,3.754470124840736389e-02,5.192328244447708130e-02,7.084869593381881714e-02,9.209030866622924805e-02,1.187534108757972717e-01,1.462398618459701538e-01,1.789755970239639282e-01,2.138524204492568970e-01,2.498129010200500488e-01,2.887961864471435547e-01,3.284792304039001465e-01,3.693718016147613525e-01,4.086642861366271973e-01,4.473764896392822266e-01,4.833381474018096924e-01,5.171173810958862305e-01,5.474261641502380371e-01,5.747562050819396973e-01,5.967743396759033203e-01,6.161411404609680176e-01,6.304953098297119141e-01,6.411694288253784180e-01,6.462905406951904297e-01,6.474953293800354004e-01,6.441653370857238770e-01,6.368553042411804199e-01,6.261579990386962891e-01,6.123082637786865234e-01,5.953872799873352051e-01,5.765885114669799805e-01,5.560437440872192383e-01,5.348779559135437012e-01,5.122347474098205566e-01,4.896162152290344238e-01,4.666545987129211426e-01,4.444661438465118408e-01,4.225751161575317383e-01,4.013645648956298828e-01,3.806985318660736084e-01,3.614832162857055664e-01,3.433215022087097168e-01,3.251268863677978516e-01,3.076970577239990234e-01,2.901050746440887451e-01,2.728370428085327148e-01,2.552450597286224365e-01,2.373168319463729858e-01,2.185178995132446289e-01,1.998306065797805786e-01,1.801281422376632690e-01,1.599018126726150513e-01,1.386671066284179688e-01,1.167287081480026245e-01,9.458766132593154907e-02,7.039976865053176880e-02,4.748545959591865540e-02,2.205992303788661957e-02,-1.361152273602783680e-03
-9.994882857427000999e-04,-1.680549816228449345e-03,9.464615723118185997e-04,3.226613625884056091e-03,7.848068140447139740e-03,1.650876365602016449e-02,2.538788877427577972e-02,4.107820242643356323e-02,5.674244090914726257e-02,7.894167304039001465e-02,1.024849936366081238e-01,1.312054246664047241e-01,1.626028269529342651e-01,1.983722448348999023e-01,2.344143092632293701e-01,2.724564373493194580e-01,3.123596608638763428e-01,3.530659079551696777e-01,3.937328457832336426e-01,4.325194656848907471e-01,4.693324863910675049e-01,5.035108327865600586e-01,5.343417525291442871e-01,5.622460842132568359e-01,5.856518149375915527e-01,6.044497489929199219e-01,6.193811297416687012e-01,6.304451227188110352e-01,6.355692744255065918e-01,6.359400153160095215e-01,6.321449875831604004e-01,6.252881884574890137e-01,6.140075922012329102e-01,6.001065373420715332e-01,5.831950902938842773e-01,5.643835067749023438e-01,5.435455441474914551e-01,5.215178728103637695e-01,4.990562200546264648e-01,4.757817983627319336e-01,4.528428614139556885e-01,4.303390979766845703e-01,4.084036350250244141e-01,3.871710598468780518e-01,3.669199943542480469e-01,3.476944863796234131e-01,3.294290900230407715e-01,3.118986189365386963e-01,2.945606112480163574e-01,2.774494886398315430e-01,2.605952322483062744e-01,2.437498122453689575e-01,2.269996404647827148e-01,2.086725085973739624e-01,1.909093260765075684e-01,1.721546202898025513e-01,1.527197510004043579e-01,1.323489993810653687e-01,1.113055050373077393e-01,8.963937312364578247e-02,6.758365780115127563e-02,4.463572427630424500e-02,2.204660512506961823e-02,-6.919580046087503433e-04
-1.582656521350145340e-03,-2.405369887128472328e-03,-1.501719816587865353e-03,-9.340688120573759079e-04,3.506093285977840424e-03,9.194354526698589325e-03,1.921139284968376160e-02,3.156009688973426819e-02,4.825963824987411499e-02,6.723555177450180054e-02,9.172241389751434326e-02,1.176220476627349854e-01,1.491381973028182983e-01,1.837152093648910522e-01,2.186975181102752686e-01,2.567420899868011475e-01,2.954341769218444824e-01,3.364575505256652832e-01,3.758182525634765625e-01,4.147150218486785889e-01,4.506859481334686279e-01,4.858225882053375244e-01,5.162181258201599121e-01,5.445051789283752441e-01,5.672792196273803711e-01,5.872475504875183105e-01,6.025881767272949219e-01,6.136069893836975098e-01,6.192627549171447754e-01,6.200587749481201172e-01,6.176535487174987793e-01,6.105994582176208496e-01,6.002432703971862793e-01,5.863984227180480957e-01,5.703052878379821777e-01,5.517999529838562012e-01,5.311146974563598633e-01,5.097501873970031738e-01,4.866715669631958008e-01,4.640429615974426270e-01,4.405684471130371094e-01,4.184079170227050781e-01,3.959476053714752197e-01,3.746011257171630859e-01,3.535939455032348633e-01,3.342117369174957275e-01,3.156344890594482422e-01,2.973464727401733398e-01,2.799160182476043701e-01,2.626178562641143799e-01,2.461328357458114624e-01,2.288450598716735840e-01,2.126231491565704346e-01,1.951064914464950562e-01,1.780824065208435059e-01,1.600996255874633789e-01,1.418235749006271362e-01,1.223728135228157043e-01,1.029249578714370728e-01,8.292971551418304443e-02,6.191308051347732544e-02,4.160279408097267151e-02,2.000236883759498596e-02,-1.147180097177624702e-03
-9.668795391917228699e-04,-3.014024812728166580e-03,-2.028267597779631615e-03,-1.622727839276194572e-03,2.268753014504909515e-03,7.328249979764223099e-03,1.595358178019523621e-02,2.772343903779983521e-02,4.238658398389816284e-02,6.171647459268569946e-02,8.339992165565490723e-02,1.092465817928314209e-01,1.385098099708557129e-01,1.714639961719512939e-01,2.058816999197006226e-01,2.404003888368606567e-01,2.784644961357116699e-01,3.171340525150299072e-01,3.567588031291961670e-01,3.941998779773712158e-01,4.301793277263641357e-01,4.637101590633392334e-01,4.947436749935150146e-01,5.225639939308166504e-01,5.464853644371032715e-01,5.657314658164978027e-01,5.820817947387695312e-01,5.936701297760009766e-01,6.000626087188720703e-01,6.018832921981811523e-01,5.999861359596252441e-01,5.942923426628112793e-01,5.845136642456054688e-01,5.714990496635437012e-01,5.564998984336853027e-01,5.385380983352661133e-01,5.185852050781250000e-01,4.975322782993316650e-01,4.759569466114044189e-01,4.530999958515167236e-01,4.303106069564819336e-01,4.069603681564331055e-01,3.851612508296966553e-01,3.625990748405456543e-01,3.415408432483673096e-01,3.207286596298217773e-01,3.019097149372100830e-01,2.828022241592407227e-01,2.649313509464263916e-01,2.464608699083328247e-01,2.300788164138793945e-01,2.124570310115814209e-01,1.963111162185668945e-01,1.785446703433990479e-01,1.625250875949859619e-01,1.451223045587539673e-01,1.283573657274246216e-01,1.106494888663291931e-01,9.300378710031509399e-02,7.405047118663787842e-02,5.524040758609771729e-02,3.692663833498954773e-02,1.796975545585155487e-02,-9.407110628671944141e-04
-1.033002045005559921e-03,-2.274944679811596870e-03,-2.283446025103330612e-03,-7.023855578154325485e-04,2.567046089097857475e-03,7.625362835824489594e-03,1.597559824585914612e-02,2.657468803226947784e-02,4.089368879795074463e-02,5.776153132319450378e-02,7.958251982927322388e-02,1.025932058691978455e-01,1.310632377862930298e-01,1.605875343084335327e-01,1.926546990871429443e-01,2.267775684595108032e-01,2.617509961128234863e-01,2.988484501838684082e-01,3.358743786811828613e-01,3.722423017024993896e-01,4.065391421318054199e-01,4.392942190170288086e-01,4.692763686180114746e-01,4.968551397323608398e-01,5.195372700691223145e-01,5.397123098373413086e-01,5.559801459312438965e-01,5.682040452957153320e-01,5.759986042976379395e-01,5.795892477035522461e-01,5.794454216957092285e-01,5.746809840202331543e-01,5.672301650047302246e-01,5.554968118667602539e-01,5.419570803642272949e-01,5.251874327659606934e-01,5.071549415588378906e-01,4.870433807373046875e-01,4.658512771129608154e-01,4.438562691211700439e-01,4.206235706806182861e-01,3.979081809520721436e-01,3.748850226402282715e-01,3.522237837314605713e-01,3.295837640762329102e-01,3.084724843502044678e-01,2.885134518146514893e-01,2.684119343757629395e-01,2.495434433221817017e-01,2.302318066358566284e-01,2.134598344564437866e-01,1.956474035978317261e-01,1.792491972446441650e-01,1.614663451910018921e-01,1.457469910383224487e-01,1.291222572326660156e-01,1.132066696882247925e-01,9.684260189533233643e-02,8.065126091241836548e-02,6.472776085138320923e-02,4.754469171166419983e-02,3.210677206516265869e-02,1.520188990980386734e-02,-1.404308597557246685e-03
5.432679317891597748e-04,-7.967054261825978756e-04,3.470842493698000908e-04,2.356783952564001083e-03,5.912174470722675323e-03,1.132562290877103806e-02,1.874449662864208221e-02,2.954829670488834381e-02,4.284487664699554443e-02,5.882421135902404785e-02,7.770598679780960083e-02,9.994344413280487061e-02,1.251770257949829102e-01,1.525967419147491455e-01,1.823129206895828247e-01,2.122255414724349976e-01,2.458443045616149902e-01,2.790847718715667725e-01,3.141276538372039795e-01,3.474056124687194824e-01,3.799245953559875488e-01,4.105785787105560303e-01,4.400012493133544922e-01,4.667923152446746826e-01,4.898876249790191650e-01,5.102625489234924316e-01,5.272037982940673828e-01,5.403155088424682617e-01,5.489956736564636230e-01,5.545063614845275879e-01,5.554990172386169434e-01,5.540364980697631836e-01,5.479864478111267090e-01,5.391484498977661133e-01,5.267573595046997070e-01,5.121136307716369629e-01,4.947535991668701172e-01,4.770851731300354004e-01,4.561285674571990967e-01,4.349210262298583984e-01,4.119888544082641602e-01,3.892399668693542480e-01,3.659509122371673584e-01,3.420101702213287354e-01,3.188005089759826660e-01,2.960855960845947266e-01,2.742675542831420898e-01,2.528907358646392822e-01,2.323008477687835693e-01,2.124158889055252075e-01,1.943117529153823853e-01,1.761993169784545898e-01,1.591767817735671997e-01,1.425125896930694580e-01,1.263915151357650757e-01,1.102515459060668945e-01,9.546436369419097900e-02,8.124314993619918823e-02,6.725332140922546387e-02,5.278099700808525085e-02,3.901430219411849976e-02,2.554230764508247375e-02,1.262919232249259949e-02,-1.329067628830671310e-03
1.589675812283530831e-04,8.399923099204897881e-04,3.283074824139475822e-03,6.167716812342405319e-03,1.122772227972745895e-02,1.678804680705070496e-02,2.435587905347347260e-02,3.460737690329551697e-02,4.697079211473464966e-02,6.122566759586334229e-02,7.873170077800750732e-02,9.858787804841995239e-02,1.211494952440261841e-01,1.460775882005691528e-01,1.723039448261260986e-01,2.005025297403335571e-01,2.297875732183456421e-01,2.605354487895965576e-01,2.913899123668670654e-01,3.224665522575378418e-01,3.526592552661895752e-01,3.809393942356109619e-01,4.083950519561767578e-01,4.335713386535644531e-01,4.561771750450134277e-01,4.772937297821044922e-01,4.943258166313171387e-01,5.083845257759094238e-01,5.189425945281982422e-01,5.259355902671813965e-01,5.295026302337646484e-01,5.294611454010009766e-01,5.265045762062072754e-01,5.192051529884338379e-01,5.099367499351501465e-01,4.973154664039611816e-01,4.826882779598236084e-01,4.653105139732360840e-01,4.464315176010131836e-01,4.258728027343750000e-01,4.031356275081634521e-01,3.804361522197723389e-01,3.565408289432525635e-01,3.327874243259429932e-01,3.075616359710693359e-01,2.834522724151611328e-01,2.607136368751525879e-01,2.376187890768051147e-01,2.151776701211929321e-01,1.944137960672378540e-01,1.741181612014770508e-01,1.557709723711013794e-01,1.373281478881835938e-01,1.213986352086067200e-01,1.044025793671607971e-01,9.022745490074157715e-02,7.601946592330932617e-02,6.369093805551528931e-02,5.131418630480766296e-02,4.024193808436393738e-02,2.816699631512165070e-02,1.935330778360366821e-02,8.913131430745124817e-03,-1.775862067006528378e-03
-6.227549602044746280e-05,2.932892180979251862e-03,6.865996401757001877e-03,1.079399883747100830e-02,1.645406149327754974e-02,2.283059060573577881e-02,3.053430467844009399e-02,3.997817263007164001e-02,5.173183232545852661e-02,6.547019630670547485e-02,8.097318559885025024e-02,9.789410233497619629e-02,1.184086427092552185e-01,1.399058550596237183e-01,1.635843664407730103e-01,1.877263188362121582e-01,2.144389599561691284e-01,2.413589507341384888e-01,2.687607109546661377e-01,2.961082458496093750e-01,3.237185478210449219e-01,3.488526046276092529e-01,3.747832179069519043e-01,3.979039788246154785e-01,4.202098846435546875e-01,4.403069615364074707e-01,4.587290883064270020e-01,4.746738672256469727e-01,4.869088232517242432e-01,4.957191348075866699e-01,5.014361739158630371e-01,5.037356615066528320e-01,5.033003091812133789e-01,4.990862309932708740e-01,4.921509921550750732e-01,4.819318652153015137e-01,4.691918194293975830e-01,4.542429447174072266e-01,4.361034631729125977e-01,4.164229333400726318e-01,3.940624594688415527e-01,3.715672194957733154e-01,3.477911055088043213e-01,3.226923644542694092e-01,2.967950105667114258e-01,2.705078125000000000e-01,2.460777461528778076e-01,2.219153791666030884e-01,1.982833892107009888e-01,1.753416955471038818e-01,1.539094150066375732e-01,1.336724162101745605e-01,1.151600256562232971e-01,9.778051823377609253e-02,8.179606497287750244e-02,6.838887929916381836e-02,5.526757612824440002e-02,4.536805301904678345e-02,3.484467417001724243e-02,2.675638720393180847e-02,1.767504215240478516e-02,1.185337360948324203e-02,4.848164040595293045e-03,-1.813261187635362148e-03
-4.442060599103569984e-04,4.738564137369394302e-03,1.077654305845499039e-02,1.558084972202777863e-02,2.354846522212028503e-02,3.014606423676013947e-02,3.963070362806320190e-02,4.828374087810516357e-02,5.997740849852561951e-02,7.177968323230743408e-02,8.559044450521469116e-02,1.000406444072723389e-01,1.169582009315490723e-01,1.356141716241836548e-01,1.553102880716323853e-01,1.764975637197494507e-01,1.987280696630477905e-01,2.221840322017669678e-01,2.452882826328277588e-01,2.691646218299865723e-01,2.937205135822296143e-01,3.167720437049865723e-01,3.400799036026000977e-01,3.626132011413574219e-01,3.838274776935577393e-01,4.031936228275299072e-01,4.211387634277343750e-01,4.380666911602020264e-01,4.521266222000122070e-01,4.628972709178924561e-01,4.711534082889556885e-01,4.762819707393646240e-01,4.783935248851776123e-01,4.767024219036102295e-01,4.722099900245666504e-01,4.645614027976989746e-01,4.546238481998443604e-01,4.406458735466003418e-01,4.245442152023315430e-01,4.054393768310546875e-01,3.842759132385253906e-01,3.617258667945861816e-01,3.377975523471832275e-01,3.121120631694793701e-01,2.847052812576293945e-01,2.579974234104156494e-01,2.320835441350936890e-01,2.064135372638702393e-01,1.798951476812362671e-01,1.567806303501129150e-01,1.326874047517776489e-01,1.136452928185462952e-01,9.245845675468444824e-02,7.651485502719879150e-02,5.972682312130928040e-02,4.789193347096443176e-02,3.517153859138488770e-02,2.716009877622127533e-02,1.858204789459705353e-02,1.244578044861555099e-02,6.726004183292388916e-03,4.170440137386322021e-03,1.094824867323040962e-03,-1.355026732198894024e-03
-9.181213681586086750e-05,7.152369245886802673e-03,1.545311324298381805e-02,2.258497104048728943e-02,3.105744719505310059e-02,3.982390090823173523e-02,4.819686338305473328e-02,5.786468461155891418e-02,6.770650297403335571e-02,7.857572287321090698e-02,9.064931422472000122e-02,1.023702695965766907e-01,1.166651844978332520e-01,1.311532855033874512e-01,1.472338289022445679e-01,1.638911366462707520e-01,1.829657107591629028e-01,2.023874521255493164e-01,2.215740978717803955e-01,2.421086132526397705e-01,2.629534304141998291e-01,2.840033471584320068e-01,3.051838576793670654e-01,3.255193829536437988e-01,3.465937077999114990e-01,3.645911216735839844e-01,3.828298449516296387e-01,4.000601172447204590e-01,4.155629873275756836e-01,4.283984899520874023e-01,4.389879107475280762e-01,4.462601840496063232e-01,4.514903426170349121e-01,4.528542459011077881e-01,4.509401619434356689e-01,4.456943869590759277e-01,4.377865493297576904e-01,4.259970486164093018e-01,4.108739495277404785e-01,3.929574191570281982e-01,3.725514411926269531e-01,3.510359823703765869e-01,3.267396688461303711e-01,3.002002239227294922e-01,2.727495133876800537e-01,2.442906498908996582e-01,2.170894443988800049e-01,1.896210312843322754e-01,1.625877171754837036e-01,1.359565854072570801e-01,1.119458749890327454e-01,8.965501189231872559e-02,6.907777488231658936e-02,5.160074681043624878e-02,3.575550764799118042e-02,2.422805689275264740e-02,1.312426291406154633e-02,7.801627740263938904e-03,5.115098902024328709e-04,-9.201492648571729660e-04,-3.376792650669813156e-03,-2.543606096878647804e-03,-2.051964635029435158e-03,-1.075750915333628654e-03
-3.423076414037495852e-04,8.588524535298347473e-03,1.864989846944808960e-02,2.742934972047805786e-02,3.759703412652015686e-02,4.706855863332748413e-02,5.623869597911834717e-02,6.561534106731414795e-02,7.521589100360870361e-02,8.459679782390594482e-02,9.506294876337051392e-02,1.051508933305740356e-01,1.164459064602851868e-01,1.276552528142929077e-01,1.397546976804733276e-01,1.530914455652236938e-01,1.676326394081115723e-01,1.829145997762680054e-01,1.987563073635101318e-01,2.157167941331863403e-01,2.334661632776260376e-01,2.512177824974060059e-01,2.700790464878082275e-01,2.891803085803985596e-01,3.086371123790740967e-01,3.272221386432647705e-01,3.449492454528808594e-01,3.626771569252014160e-01,3.783693909645080566e-01,3.931386470794677734e-01,4.052936136722564697e-01,4.152308404445648193e-01,4.222588539123535156e-01,4.255648255348205566e-01,4.265490770339965820e-01,4.240072071552276611e-01,4.180475473403930664e-01,4.076394438743591309e-01,3.949607908725738525e-01,3.784129023551940918e-01,3.589167296886444092e-01,3.370550572872161865e-01,3.131769001483917236e-01,2.870528399944305420e-01,2.586583495140075684e-01,2.300283014774322510e-01,2.016199380159378052e-01,1.736084073781967163e-01,1.437996327877044678e-01,1.182624399662017822e-01,9.189078211784362793e-02,7.078772783279418945e-02,4.887876659631729126e-02,3.311863914132118225e-02,1.599822379648685455e-02,5.887409206479787827e-03,-4.536305088549852371e-03,-8.166992105543613434e-03,-1.308543514460325241e-02,-1.285983342677354813e-02,-1.253651361912488937e-02,-9.496418759226799011e-03,-5.507072899490594864e-03,-1.015878631733357906e-03
-4.654635558836162090e-04,1.030726730823516846e-02,2.200477384030818939e-02,3.324069455265998840e-02,4.380890354514122009e-02,5.465915799140930176e-02,6.380556523799896240e-02,7.371229678392410278e-02,8.169041574001312256e-02,9.114998579025268555e-02,9.864927828311920166e-02,1.068102270364761353e-01,1.150846630334854126e-01,1.231746897101402283e-01,1.320555359125137329e-01,1.415843963623046875e-01,1.525025814771652222e-01,1.643379777669906616e-01,1.766083836555480957e-01,1.898383945226669312e-01,2.043578475713729858e-01,2.196696698665618896e-01,2.359705418348312378e-01,2.529042065143585205e-01,2.713055014610290527e-01,2.887852787971496582e-01,3.062393665313720703e-01,3.234933912754058838e-01,3.404684960842132568e-01,3.562102615833282471e-01,3.699477612972259521e-01,3.815370500087738037e-01,3.913018703460693359e-01,3.973113298416137695e-01,4.002794325351715088e-01,3.994903564453125000e-01,3.957858085632324219e-01,3.876863718032836914e-01,3.761316537857055664e-01,3.606702983379364014e-01,3.425317406654357910e-01,3.215142190456390381e-01,2.978256046772003174e-01,2.712740898132324219e-01,2.436579018831253052e-01,2.144078165292739868e-01,1.859217584133148193e-01,1.560528278350830078e-01,1.273797005414962769e-01,9.888529777526855469e-02,7.346747070550918579e-02,5.018113926053047180e-02,3.018945455551147461e-02,1.176237873733043671e-02,-2.783210482448339462e-03,-1.317668799310922623e-02,-2.180392481386661530e-02,-2.421442605555057526e-02,-2.787301689386367798e-02,-2.440544404089450836e-02,-2.152535691857337952e-02,-1.488327793776988983e-02,-8.638551458716392517e-03,-1.701584318652749062e-03
-1.367885502986609936e-03,1.215384155511856079e-02,2.481342479586601257e-02,3.701741248369216919e-02,4.845284298062324524e-02,5.892692133784294128e-02,6.880626827478408813e-02,7.852619141340255737e-02,8.624368906021118164e-02,9.350458532571792603e-02,1.006003245711326599e-01,1.065883189439773560e-01,1.127439290285110474e-01,1.178207993507385254e-01,1.239330470561981201e-01,1.302222907543182373e-01,1.376194655895233154e-01,1.458273082971572876e-01,1.548173278570175171e-01,1.649849265813827515e-01,1.765381246805191040e-01,1.891184002161026001e-01,2.030825316905975342e-01,2.183676362037658691e-01,2.344416379928588867e-01,2.515489459037780762e-01,2.683446407318115234e-01,2.864373326301574707e-01,3.033069074153900146e-01,3.199602067470550537e-01,3.343611061573028564e-01,3.476308286190032959e-01,3.582026362419128418e-01,3.660613000392913818e-01,3.703883886337280273e-01,3.723324239253997803e-01,3.696613311767578125e-01,3.634360134601593018e-01,3.533087372779846191e-01,3.399481177330017090e-01,3.227082490921020508e-01,3.026325106620788574e-01,2.796926796436309814e-01,2.540536224842071533e-01,2.261803746223449707e-01,1.977957040071487427e-01,1.685469597578048706e-01,1.396031230688095093e-01,1.089177653193473816e-01,8.257387578487396240e-02,5.631458014249801636e-02,3.394076600670814514e-02,1.318210270255804062e-02,-3.464049194008111954e-03,-1.758671551942825317e-02,-2.759538590908050537e-02,-3.487540781497955322e-02,-3.628911077976226807e-02,-3.702260181307792664e-02,-3.254749625921249390e-02,-2.756793051958084106e-02,-1.963642984628677368e-02,-1.091462280601263046e-02,-1.104539842344820499e-03
-9.001669241115450859e-04,1.269449107348918915e-02,2.674995549023151398e-02,3.966536372900009155e-02,5.150755122303962708e-02,6.279201805591583252e-02,7.223619520664215088e-02,8.162283152341842651e-02,8.841994404792785645e-02,9.515473991632461548e-02,9.994381666183471680e-02,1.046189069747924805e-01,1.081607714295387268e-01,1.114931181073188782e-01,1.150163263082504272e-01,1.182355210185050964e-01,1.232776492834091187e-01,1.283155381679534912e-01,1.344128251075744629e-01,1.413931846618652344e-01,1.504775881767272949e-01,1.605533063411712646e-01,1.724648028612136841e-01,1.848219484090805054e-01,1.999151855707168579e-01,2.150770276784896851e-01,2.314689904451370239e-01,2.479796558618545532e-01,2.646836936473846436e-01,2.817719280719757080e-01,2.973839044570922852e-01,3.107427060604095459e-01,3.229236304759979248e-01,3.321728706359863281e-01,3.385484218597412109e-01,3.410205245018005371e-01,3.405541479587554932e-01,3.356910645961761475e-01,3.271292746067047119e-01,3.152129948139190674e-01,2.999733686447143555e-01,2.810265421867370605e-01,2.593813836574554443e-01,2.348096817731857300e-01,2.079884111881256104e-01,1.797397583723068237e-01,1.516326367855072021e-01,1.219595745205879211e-01,9.459894895553588867e-02,6.582867354154586792e-02,4.129178822040557861e-02,1.781967468559741974e-02,-9.920509764924645424e-04,-1.775189675390720367e-02,-3.069958463311195374e-02,-3.904737532138824463e-02,-4.561302438378334045e-02,-4.512185975909233093e-02,-4.598012194037437439e-02,-3.930343687534332275e-02,-3.267545625567436218e-02,-2.262678556144237518e-02,-1.223020534962415695e-02,-1.759415841661393642e-03
-7.112814928404986858e-04,1.334089599549770355e-02,2.661780454218387604e-02,4.006063193082809448e-02,5.189962685108184814e-02,6.283018738031387329e-02,7.196131348609924316e-02,8.102983981370925903e-02,8.729482442140579224e-02,9.258523583412170410e-02,9.641715884208679199e-02,9.963420778512954712e-02,1.017005741596221924e-01,1.031723618507385254e-01,1.046248450875282288e-01,1.061287298798561096e-01,1.081269457936286926e-01,1.107459440827369690e-01,1.138181984424591064e-01,1.190194711089134216e-01,1.251479685306549072e-01,1.333183348178863525e-01,1.427866220474243164e-01,1.544176787137985229e-01,1.671678721904754639e-01,1.811272948980331421e-01,1.960393637418746948e-01,2.123166471719741821e-01,2.284193038940429688e-01,2.450876682996749878e-01,2.601258158683776855e-01,2.740128934383392334e-01,2.865865826606750488e-01,2.962942719459533691e-01,3.030383884906768799e-01,3.068967461585998535e-01,3.077805936336517334e-01,3.039176762104034424e-01,2.965827286243438721e-01,2.862816751003265381e-01,2.726791501045227051e-01,2.560113072395324707e-01,2.353396564722061157e-01,2.124694287776947021e-01,1.870643347501754761e-01,1.606879979372024536e-01,1.336648017168045044e-01,1.069782301783561707e-01,7.871805131435394287e-02,5.227169767022132874e-02,2.785559557378292084e-02,6.060043815523386002e-03,-1.248219888657331467e-02,-2.781560271978378296e-02,-3.945933282375335693e-02,-4.767380282282829285e-02,-5.208931118249893188e-02,-5.206865072250366211e-02,-4.940246045589447021e-02,-4.309206455945968628e-02,-3.501766920089721680e-02,-2.470290847122669220e-02,-1.297948695719242096e-02,-1.297359238378703594e-03
9.767897427082061768e-05,1.305577997118234634e-02,2.632211148738861084e-02,3.948466107249259949e-02,5.046952143311500549e-02,6.098264455795288086e-02,6.978192180395126343e-02,7.746292650699615479e-02,8.329507708549499512e-02,8.826995640993118286e-02,9.107127785682678223e-02,9.290912002325057983e-02,9.347605705261230469e-02,9.344517439603805542e-02,9.380398690700531006e-02,9.325163811445236206e-02,9.417173266410827637e-02,9.461968392133712769e-02,9.652979671955108643e-02,9.903114289045333862e-02,1.038570106029510498e-01,1.095510795712471008e-01,1.176662072539329529e-01,1.264071017503738403e-01,1.377209126949310303e-01,1.490696221590042114e-01,1.629684716463088989e-01,1.775584965944290161e-01,1.921719312667846680e-01,2.077629715204238892e-01,2.222767919301986694e-01,2.356984466314315796e-01,2.474294602870941162e-01,2.578794956207275391e-01,2.653574943542480469e-01,2.702651321887969971e-01,2.717691957950592041e-01,2.695617675781250000e-01,2.635035812854766846e-01,2.544835507869720459e-01,2.418550252914428711e-01,2.272097468376159668e-01,2.087293565273284912e-01,1.875663101673126221e-01,1.641898900270462036e-01,1.399647146463394165e-01,1.156246885657310486e-01,9.009838849306106567e-02,6.583689898252487183e-02,4.067572951316833496e-02,1.842653937637805939e-02,-1.818217919208109379e-03,-1.818318665027618408e-02,-3.224436938762664795e-02,-4.339701309800148010e-02,-4.915377125144004822e-02,-5.408034473657608032e-02,-5.289655178785324097e-02,-5.059500038623809814e-02,-4.320697113871574402e-02,-3.567698970437049866e-02,-2.461025118827819824e-02,-1.360931247472763062e-02,-1.501204678788781166e-03
-4.555463383439928293e-04,1.206076424568891525e-02,2.349273860454559326e-02,3.550163656473159790e-02,4.580051451921463013e-02,5.499639362096786499e-02,6.305155903100967407e-02,6.983258575201034546e-02,7.530844211578369141e-02,7.890085130929946899e-02,8.136577159166336060e-02,8.203040808439254761e-02,8.185286074876785278e-02,8.093842864036560059e-02,8.065049350261688232e-02,7.857708632946014404e-02,7.855446636676788330e-02,7.744146883487701416e-02,7.850786298513412476e-02,7.962976396083831787e-02,8.296436816453933716e-02,8.671969920396804810e-02,9.352680295705795288e-02,1.003080606460571289e-01,1.095208525657653809e-01,1.193893104791641235e-01,1.316000372171401978e-01,1.446440666913986206e-01,1.581129133701324463e-01,1.714357584714889526e-01,1.848013103008270264e-01,1.968968212604522705e-01,2.082811444997787476e-01,2.177549451589584351e-01,2.247555106878280640e-01,2.300711870193481445e-01,2.320541888475418091e-01,2.304643690586090088e-01,2.257656455039978027e-01,2.179971784353256226e-01,2.076583057641983032e-01,1.945454776287078857e-01,1.787381470203399658e-01,1.598495393991470337e-01,1.394970715045928955e-01,1.179424673318862915e-01,9.650424122810363770e-02,7.492837309837341309e-02,5.211686342954635620e-02,3.042937256395816803e-02,1.049868948757648468e-02,-7.093869615346193314e-03,-2.158841304481029510e-02,-3.456939011812210083e-02,-4.317172244191169739e-02,-4.969230666756629944e-02,-5.226650834083557129e-02,-5.156866461038589478e-02,-4.781617969274520874e-02,-4.216066747903823853e-02,-3.380762040615081787e-02,-2.370833419263362885e-02,-1.279500965029001236e-02,-5.325155798345804214e-04
-1.700009306659922004e-04,9.489992633461952209e-03,2.035515196621417999e-02,3.051305189728736877e-02,3.940536826848983765e-02,4.739841446280479431e-02,5.436060577630996704e-02,6.014749035239219666e-02,6.447348743677139282e-02,6.749468296766281128e-02,6.908560544252395630e-02,6.938785314559936523e-02,6.852671504020690918e-02,6.740868091583251953e-02,6.634314358234405518e-02,6.442885845899581909e-02,6.314573436975479126e-02,6.163704395294189453e-02,6.109871342778205872e-02,6.193584203720092773e-02,6.327127665281295776e-02,6.615470349788665771e-02,7.062680274248123169e-02,7.627050578594207764e-02,8.364520967006683350e-02,9.128062427043914795e-02,1.015924513339996338e-01,1.124336868524551392e-01,1.236229240894317627e-01,1.345447599887847900e-01,1.466001570224761963e-01,1.569447517395019531e-01,1.671264022588729858e-01,1.747335046529769897e-01,1.823593825101852417e-01,1.861438155174255371e-01,1.887662112712860107e-01,1.878247857093811035e-01,1.846908777952194214e-01,1.786011308431625366e-01,1.700699180364608765e-01,1.594795584678649902e-01,1.463000774383544922e-01,1.303382217884063721e-01,1.135795414447784424e-01,9.540224075317382812e-02,7.703832536935806274e-02,5.822784081101417542e-02,3.971108049154281616e-02,2.110575325787067413e-02,4.311795346438884735e-03,-9.921113029122352600e-03,-2.195541374385356903e-02,-3.225114196538925171e-02,-3.953433781862258911e-02,-4.341726005077362061e-02,-4.583627730607986450e-02,-4.560122266411781311e-02,-4.224717617034912109e-02,-3.777762502431869507e-02,-3.081735782325267792e-02,-2.127474173903465271e-02,-1.104912627488374710e-02,-9.764762944541871548e-04
-9.726394782774150372e-04,7.961540482938289642e-03,1.571199297904968262e-02,2.399624139070510864e-02,3.106246143579483032e-02,3.704246878623962402e-02,4.244596883654594421e-02,4.698415473103523254e-02,5.060954391956329346e-02,5.300902575254440308e-02,5.372900143265724182e-02,5.400564149022102356e-02,5.301906168460845947e-02,5.194306001067161560e-02,5.032233148813247681e-02,4.829515144228935242e-02,4.708500206470489502e-02,4.532505199313163757e-02,4.438469931483268738e-02,4.452005773782730103e-02,4.526959732174873352e-02,4.721121862530708313e-02,4.983374476432800293e-02,5.418391525745391846e-02,6.002659723162651062e-02,6.615100055932998657e-02,7.339861243963241577e-02,8.211415261030197144e-02,9.110902994871139526e-02,9.992755204439163208e-02,1.088820695877075195e-01,1.171800345182418823e-01,1.256002634763717651e-01,1.320256739854812622e-01,1.376193314790725708e-01,1.406916528940200806e-01,1.430555582046508789e-01,1.427038758993148804e-01,1.403334885835647583e-01,1.358217000961303711e-01,1.297711730003356934e-01,1.216689720749855042e-01,1.115550249814987183e-01,9.938659518957138062e-02,8.649636805057525635e-02,7.216450572013854980e-02,5.745779350399971008e-02,4.246583208441734314e-02,2.805150113999843597e-02,1.375893782824277878e-02,7.267910405062139034e-04,-9.801073931157588959e-03,-1.929049566388130188e-02,-2.747057378292083740e-02,-3.326338902115821838e-02,-3.669419139623641968e-02,-3.826767578721046448e-02,-3.736881166696548462e-02,-3.535725548863410950e-02,-3.132083639502525330e-02,-2.516609616577625275e-02,-1.700504869222640991e-02,-9.269963018596172333e-03,-1.007748796837404370e-04
1.371147460304200649e-03,6.236423738300800323e-03,1.200938038527965546e-02,1.638611778616905212e-02,2.143998071551322937e-02,2.498912625014781952e-02,2.905544266104698181e-02,3.162280470132827759e-02,3.449676185846328735e-02,3.584314137697219849e-02,3.663245216012001038e-02,3.639207035303115845e-02,3.604067862033843994e-02,3.518288210034370422e-02,3.407130017876625061e-02,3.276586905121803284e-02,3.163542225956916809e-02,3.056441992521286011e-02,2.976025454699993134e-02,2.976488135755062103e-02,2.953940443694591522e-02,3.108307160437107086e-02,3.237231820821762085e-02,3.518234938383102417e-02,3.829781338572502136e-02,4.278514534235000610e-02,4.798955097794532776e-02,5.367823317646980286e-02,5.977652594447135925e-02,6.605576723814010620e-02,7.258348912000656128e-02,7.808800041675567627e-02,8.350703120231628418e-02,8.821449428796768188e-02,9.202171862125396729e-02,9.489598870277404785e-02,9.635534137487411499e-02,9.595508873462677002e-02,9.477198868989944458e-02,9.145996719598770142e-02,8.776386827230453491e-02,8.173670619726181030e-02,7.551777362823486328e-02,6.706438958644866943e-02,5.848326906561851501e-02,4.804144427180290222e-02,3.915437310934066772e-02,2.865188941359519958e-02,1.910412125289440155e-02,8.695434778928756714e-03,-2.656292053870856762e-04,-7.860597223043441772e-03,-1.508760452270507812e-02,-1.988150924444198608e-02,-2.453740499913692474e-02,-2.574750781059265137e-02,-2.784614264965057373e-02,-2.624658867716789246e-02,-2.474038489162921906e-02,-2.149256132543087006e-02,-1.796676218509674072e-02,-1.074262801557779312e-02,-5.756918806582689285e-03,1.068230601958930492e-03
8.470914326608181000e-04,3.395150182768702507e-03,5.352091975510120392e-03,6.574638187885284424e-03,9.316731244325637817e-03,1.136723160743713379e-02,1.336250174790620804e-02,1.498028449714183807e-02,1.623078994452953339e-02,1.728294976055622101e-02,1.732816919684410095e-02,1.788220368325710297e-02,1.710802875459194183e-02,1.768265850841999054e-02,1.702508144080638885e-02,1.645149290561676025e-02,1.577368378639221191e-02,1.500020269304513931e-02,1.431558281183242798e-02,1.374064106494188309e-02,1.386863179504871368e-02,1.432237960398197174e-02,1.485317479819059372e-02,1.583738997578620911e-02,1.820493303239345551e-02,2.032162249088287354e-02,2.273258939385414124e-02,2.580687031149864197e-02,2.949032746255397797e-02,3.272553533315658569e-02,3.576198965311050415e-02,3.855089098215103149e-02,4.129765182733535767e-02,4.330839216709136963e-02,4.507802799344062805e-02,4.670098796486854553e-02,4.756972566246986389e-02,4.716773703694343567e-02,4.614306613802909851e-02,4.528988897800445557e-02,4.267188906669616699e-02,4.014286771416664124e-02,3.685297816991806030e-02,3.381847217679023743e-02,2.894692309200763702e-02,2.418614923954010010e-02,1.951261796057224274e-02,1.405078824609518051e-02,9.284538216888904572e-03,3.424930153414607048e-03,-8.349950658157467842e-04,-6.121503654867410660e-03,-9.068363346159458160e-03,-1.225526537746191025e-02,-1.365731935948133469e-02,-1.507042255252599716e-02,-1.526724081486463547e-02,-1.504436228424310684e-02,-1.317549962550401688e-02,-1.164647843688726425e-02,-8.290189318358898163e-03,-4.797275178134441376e-03,-2.115055685862898827e-03,2.002148656174540520e-03
2.910238225013017654e-03,1.215629861690104008e-03,-1.882467768155038357e-04,-1.474089571274816990e-03,-1.891221967525780201e-03,-1.456174068152904510e-03,-2.075498923659324646e-03,-1.428513322025537491e-03,-2.032376592978835106e-03,-1.196476048789918423e-03,-1.406746101565659046e-03,-9.911995148286223412e-04,-1.017093309201300144e-03,-7.800959865562617779e-04,-1.118770102038979530e-03,-1.055169035680592060e-03,-1.098352717235684395e-03,-1.258793636225163937e-03,-1.035503461025655270e-03,-7.800419698469340801e-04,-9.194800513796508312e-04,-9.253309690393507481e-04,-8.288684766739606857e-04,-7.561440579593181610e-04,-5.265370709821581841e-04,-8.183423778973519802e-04,-3.985369403380900621e-04,-8.212145621655508876e-05,7.686070603085681796e-05,2.893789205700159073e-04,5.266325897537171841e-04,9.091707179322838783e-04,7.667311583645641804e-04,8.107897010631859303e-04,8.608835050836205482e-04,9.897724958136677742e-04,9.589503169991075993e-04,7.258797995746135712e-04,6.358607206493616104e-04,-1.638840330997481942e-04,2.661326434463262558e-04,9.212909935740754008e-05,4.721631412394344807e-04,3.095314968959428370e-05,4.653281648643314838e-04,-2.715025912038981915e-04,3.511868708301335573e-04,-5.856056232005357742e-04,-7.255836972035467625e-04,-8.845117408782243729e-04,-7.836403674446046352e-04,-2.372923772782087326e-04,-5.721376510336995125e-04,-1.449962728656828403e-04,-2.308039984200149775e-05,5.392339080572128296e-04,-2.711345732677727938e-04,7.427568198181688786e-04,1.801846083253622055e-04,1.486993394792079926e-03,9.827375179156661034e-04,2.380749210715293884e-03,2.615380799397826195e-03,5.797951947897672653e-03
