0.000000000000000000e+00,0.000000000000000000e+00,0.000000000000000000e+00,0.000000000000000000e+00,0.000000000000000000e+00,0.000000000000000000e+00,0.000000000000000000e+00,0.000000000000000000e+00,0.000000000000000000e+00,0.000000000000000000e+00,0.000000000000000000e+00,0.000000000000000000e+00,0.000000000000000000e+00,0.000000000000000000e+00,0.000000000000000000e+00,0.000000000000000000e+00,0.000000000000000000e+00,0.000000000000000000e+00,0.000000000000000000e+00,0.000000000000000000e+00,0.000000000000000000e+00,0.000000000000000000e+00,0.000000000000000000e+00,0.000000000000000000e+00,0.000000000000000000e+00,0.000000000000000000e+00,0.000000000000000000e+00,0.000000000000000000e+00,0.000000000000000000e+00,0.000000000000000000e+00,0.000000000000000000e+00,0.000000000000000000e+00,0.000000000000000000e+00,0.000000000000000000e+00,0.000000000000000000e+00,0.000000000000000000e+00,0.000000000000000000e+00,0.000000000000000000e+00,0.000000000000000000e+00,0.000000000000000000e+00,0.000000000000000000e+00,0.000000000000000000e+00,0.000000000000000000e+00,0.000000000000000000e+00,0.000000000000000000e+00,0.000000000000000000e+00,0.000000000000000000e+00,0.000000000000000000e+00,0.000000000000000000e+00,0.000000000000000000e+00,0.000000000000000000e+00,0.000000000000000000e+00,0.000000000000000000e+00,0.000000000000000000e+00,0.000000000000000000e+00,0.000000000000000000e+00,0.000000000000000000e+00,0.000000000000000000e+00,0.000000000000000000e+00,0.000000000000000000e+00,0.000000000000000000e+00,0.000000000000000000e+00,0.000000000000000000e+00,0.000000000000000000e+00
0.000000000000000000e+00,8.825525641441345215e-01,1.690903902053833008e+00,2.356261968612670898e+00,2.820265054702758789e+00,3.039250612258911133e+00,2.987470149993896484e+00,2.659014940261840820e+00,2.068320751190185547e+00,1.249211549758911133e+00,2.525587677955627441e-01,-8.572805523872375488e-01,-2.006985664367675781e+00,-3.119433403015136719e+00,-4.119130611419677734e+00,-4.937533855438232422e+00,-5.517879962921142578e+00,-5.819193840026855469e+00,-5.819196224212646484e+00,-5.515912055969238281e+00,-4.927877902984619141e+00,-4.092946052551269531e+00,-3.065769195556640625e+00,-1.914160370826721191e+00,-7.145730853080749512e-01,4.529727101325988770e-01,1.510177254676818848e+00,2.385601043701171875e+00,3.019318580627441406e+00,3.366781473159790039e+00,3.401650190353393555e+00,3.117423772811889648e+00,2.527780055999755859e+00,1.665627956390380859e+00,5.809559822082519531e-01,-6.623621582984924316e-01,-1.990582466125488281e+00,-3.324655055999755859e+00,-4.585042953491210938e+00,-5.696488857269287109e+00,-6.592444896697998047e+00,-7.218897819519042969e+00,-7.537385940551757812e+00,-7.527040004730224609e+00,-7.185566425323486328e+00,-6.529139995574951172e+00,-5.591248035430908203e+00,-4.420583724975585938e+00,-3.078140735626220703e+00,-1.633691549301147461e+00,-1.618634462356567383e-01,1.261956572532653809e+00,2.565670728683471680e+00,3.684255123138427734e+00,4.563095569610595703e+00,5.160713672637939453e+00,5.450763702392578125e+00,5.423223495483398438e+00,5.084734916687011719e+00,4.458106517791748047e+00,3.581012487411499023e+00,2.503969669342041016e+00,1.287698268890380859e+00,3.191926771181109734e-15
0.000000000000000000e+00,1.664296030998229980e+00,3.186565876007080078e+00,4.435203075408935547e+00,5.298687458038330078e+00,5.693799972534179688e+00,5.571791648864746094e+00,4.922066688537597656e+00,3.773109197616577148e+00,2.190600156784057617e+00,2.728531956672668457e-01,-1.856093406677246094e+00,-4.055229663848876953e+00,-6.176545619964599609e+00,-8.075508117675781250e+00,-9.621294021606445312e+00,-1.070606422424316406e+01,-1.125262355804443359e+01,-1.121993446350097656e+01,-1.060611820220947266e+01,-9.448736190795898438e+00,-7.822363853454589844e+00,-5.833635807037353516e+00,-3.614120721817016602e+00,-1.311539053916931152e+00,9.200668334960937500e-01,2.930533409118652344e+00,4.583457946777343750e+00,5.765100955963134766e+00,6.391737461090087891e+00,6.414981365203857422e+00,5.824779987335205078e+00,4.649909973144531250e+00,2.955989360809326172e+00,8.411878943443298340e-01,-1.570054888725280762e+00,-4.134855747222900391e+00,-6.700735569000244141e+00,-9.114907264709472656e+00,-1.123342800140380859e+01,-1.292964839935302734e+01,-1.410147094726562500e+01,-1.467701148986816406e+01,-1.461837387084960938e+01,-1.392337989807128906e+01,-1.262519741058349609e+01,-1.078998374938964844e+01,-8.512722015380859375e+00,-5.911547660827636719e+00,-3.120946168899536133e+00,-2.842142283916473389e-01,2.454367399215698242e+00,4.957232952117919922e+00,7.100697040557861328e+00,8.781232833862304688e+00,9.920576095581054688e+00,1.046943378448486328e+01,1.040965175628662109e+01,9.754784584045410156e+00,8.549079895019531250e+00,6.864962100982666016e+00,4.799162387847900391e+00,2.467706918716430664e+00,6.116648952337851511e-15
0.000000000000000000e+00,2.253702878952026367e+00,4.309731960296630859e+00,5.985080718994140625e+00,7.125009536743164062e+00,7.614579677581787109e+00,7.387288093566894531e+00,6.430177211761474609e+00,4.785038948059082031e+00,2.545645713806152344e+00,-1.488010883331298828e-01,-3.123517513275146484e+00,-6.180565357208251953e+00,-9.112961769104003906e+00,-1.171945762634277344e+01,-1.381891632080078125e+01,-1.526328086853027344e+01,-1.594820785522460938e+01,-1.582062149047851562e+01,-1.488268280029296875e+01,-1.319189548492431641e+01,-1.085739707946777344e+01,-8.032679557800292969e+00,-4.905307769775390625e+00,-1.684351205825805664e+00,1.413590788841247559e+00,4.178791522979736328e+00,6.422255992889404297e+00,7.988108158111572266e+00,8.763697624206542969e+00,8.686786651611328125e+00,7.749393463134765625e+00,5.998090267181396484e+00,3.530810832977294922e+00,4.904334545135498047e-01,-2.944371938705444336e+00,-6.570396423339843750e+00,-1.017247962951660156e+01,-1.353661155700683594e+01,-1.646272468566894531e+01,-1.877639198303222656e+01,-2.033875274658203125e+01,-2.105412673950195312e+01,-2.087493133544921875e+01,-1.980368804931640625e+01,-1.789211654663085938e+01,-1.523746967315673828e+01,-1.197640609741210938e+01,-8.276831626892089844e+00,-4.328265190124511719e+00,-3.312751948833465576e-01,3.513382434844970703e+00,7.015352725982666016e+00,1.000444984436035156e+01,1.233913421630859375e+01,1.391332912445068359e+01,1.466128158569335938e+01,1.456031894683837891e+01,1.363141918182373047e+01,1.193764686584472656e+01,9.580580711364746094e+00,6.694938659667968750e+00,3.441694021224975586e+00,8.530180820595992253e-15
0.000000000000000000e+00,2.576980829238891602e+00,4.917519092559814453e+00,6.803030490875244141e+00,8.049324989318847656e+00,8.520605087280273438e+00,8.139877319335937500e+00,6.895034313201904297e+00,4.840135574340820312e+00,2.091809988021850586e+00,-1.178953766822814941e+00,-4.759027957916259766e+00,-8.408473968505859375e+00,-1.187786293029785156e+01,-1.492631435394287109e+01,-1.733896446228027344e+01,-1.894258499145507812e+01,-1.961824226379394531e+01,-1.931011962890625000e+01,-1.802985191345214844e+01,-1.585613441467285156e+01,-1.292962455749511719e+01,-9.443539619445800781e+00,-5.630652427673339844e+00,-1.747595429420471191e+00,1.942393779754638672e+00,5.187095165252685547e+00,7.762083530426025391e+00,9.485533714294433594e+00,1.023007488250732422e+01,9.930958747863769531e+00,8.590041160583496094e+00,6.275395870208740234e+00,3.116681098937988281e+00,-7.033705711364746094e-01,-4.960689544677734375e+00,-9.404004096984863281e+00,-1.377041721343994141e+01,-1.780140495300292969e+01,-2.125821495056152344e+01,-2.393574333190917969e+01,-2.567407989501953125e+01,-2.636709785461425781e+01,-2.596767807006835938e+01,-2.448938560485839844e+01,-2.200462341308593750e+01,-1.863952255249023438e+01,-1.456597423553466797e+01,-9.991398811340332031e+00,-5.146877288818359375e+00,-2.744062244892120361e-01,4.386042118072509766e+00,8.608936309814453125e+00,1.219448184967041016e+01,1.497826290130615234e+01,1.683883857727050781e+01,1.770300102233886719e+01,1.754856681823730469e+01,1.640463256835937500e+01,1.434942817687988281e+01,1.150590324401855469e+01,8.035323143005371094e+00,4.129212379455566406e+00,1.023291863841858246e-14
0.000000000000000000e+00,2.584943532943725586e+00,4.914731025695800781e+00,6.753995895385742188e+00,7.905457496643066406e+00,8.225347518920898438e+00,7.634801864624023438e+00,6.126358509063720703e+00,3.765079259872436523e+00,6.842041015625000000e-01,-2.924335718154907227e+00,-6.823832988739013672e+00,-1.075011253356933594e+01,-1.443095111846923828e+01,-1.760615348815917969e+01,-2.004683494567871094e+01,-2.157245063781738281e+01,-2.206438446044921875e+01,-2.147507476806640625e+01,-1.983205413818359375e+01,-1.723661613464355469e+01,-1.385726737976074219e+01,-9.918406486511230469e+00,-5.685121059417724609e+00,-1.445170760154724121e+00,2.510537862777709961e+00,5.907614707946777344e+00,8.506620407104492188e+00,1.011901760101318359e+01,1.061958599090576172e+01,9.954504966735839844e+00,8.144646644592285156e+00,5.283926963806152344e+00,1.532949566841125488e+00,-2.891557693481445312e+00,-7.730705738067626953e+00,-1.269982051849365234e+01,-1.750610923767089844e+01,-2.186645889282226562e+01,-2.552421951293945312e+01,-2.826397514343261719e+01,-2.992345237731933594e+01,-3.040193748474121094e+01,-2.966483116149902344e+01,-2.774423789978027344e+01,-2.473572158813476562e+01,-2.079158210754394531e+01,-1.611122322082519531e+01,-1.092928695678710938e+01,-5.502334117889404297e+00,-9.486716240644454956e-02,5.034513473510742188e+00,9.646104812622070312e+00,1.353063678741455078e+01,1.651885032653808594e+01,1.848876762390136719e+01,1.937044143676757812e+01,1.914811897277832031e+01,1.785982894897460938e+01,1.559458637237548828e+01,1.248741149902343750e+01,8.712465286254882812e+00,4.474644660949707031e+00,1.108687184485195043e-14
0.000000000000000000e+00,2.257684707641601562e+00,4.262915134429931641e+00,5.783610820770263672e+00,6.626858234405517578e+00,6.654670238494873047e+00,5.795481681823730469e+00,4.050498962402343750e+00,1.494394183158874512e+00,-1.729702234268188477e+00,-5.420546054840087891e+00,-9.333663940429687500e+00,-1.319965839385986328e+01,-1.674452781677246094e+01,-1.971047401428222656e+01,-2.187562370300292969e+01,-2.307118034362792969e+01,-2.319470405578613281e+01,-2.221857833862304688e+01,-2.019298934936523438e+01,-1.724325180053710938e+01,-1.356168460845947266e+01,-9.394626617431640625e+00,-5.025604724884033203e+00,-7.558481693267822266e-01,3.116412162780761719e+00,6.316384792327880859e+00,8.611456871032714844e+00,9.826934814453125000e+00,9.857735633850097656e+00,8.675269126892089844e+00,6.329142093658447266e+00,2.943636178970336914e+00,-1.290662407875061035e+00,-6.129426956176757812e+00,-1.129039859771728516e+01,-1.647130584716796875e+01,-2.136865234375000000e+01,-2.569613075256347656e+01,-2.920149040222167969e+01,-3.168082237243652344e+01,-3.298948669433593750e+01,-3.304912185668945312e+01,-3.185049247741699219e+01,-2.945219039916992188e+01,-2.597548675537109375e+01,-2.159585189819335938e+01,-1.653181648254394531e+01,-1.103198242187500000e+01,-5.361055374145507812e+00,2.143052667379379272e-01,5.438998699188232422e+00,1.008170413970947266e+01,1.394528388977050781e+01,1.687496948242187500e+01,1.876413536071777344e+01,1.955756568908691406e+01,1.925227546691894531e+01,1.789605903625488281e+01,1.558397960662841797e+01,1.245311641693115234e+01,8.675836563110351562e+00,4.451947212219238281e+00,1.102743554294311618e-14
0.000000000000000000e+00,1.606637001037597656e+00,2.984352827072143555e+00,3.923869132995605469e+00,4.253608226776123047e+00,3.854711771011352539e+00,2.671800613403320312e+00,7.186020612716674805e-01,-1.922018766403198242e+00,-5.103652477264404297e+00,-8.627132415771484375e+00,-1.225568008422851562e+01,-1.573323154449462891e+01,-1.880450248718261719e+01,-2.123523712158203125e+01,-2.283104324340820312e+01,-2.345336151123046875e+01,-2.303130340576171875e+01,-2.156845855712890625e+01,-1.914412498474121094e+01,-1.590885543823242188e+01,-1.207468414306640625e+01,-7.900729656219482422e+00,-3.675283193588256836e+00,3.042941093444824219e-01,3.752372980117797852e+00,6.415039062500000000e+00,8.087814331054687500e+00,8.629860877990722656e+00,7.973695278167724609e+00,6.129789829254150391e+00,3.185807704925537109e+00,-6.993713378906250000e-01,-5.306313037872314453e+00,-1.036953926086425781e+01,-1.559479141235351562e+01,-2.067780113220214844e+01,-2.532325363159179688e+01,-2.926265907287597656e+01,-3.226999664306640625e+01,-3.417420578002929688e+01,-3.486778259277343750e+01,-3.431121444702148438e+01,-3.253306961059570312e+01,-2.962606811523437500e+01,-2.573953247070312500e+01,-2.106899833679199219e+01,-1.584375858306884766e+01,-1.031325912475585938e+01,-4.733250617980957031e+00,6.474754810333251953e-01,5.599057674407958984e+00,9.920694351196289062e+00,1.344855499267578125e+01,1.606130218505859375e+01,1.768320274353027344e+01,1.828495407104492188e+01,1.788251495361328125e+01,1.653419303894042969e+01,1.433640766143798828e+01,1.141841793060302734e+01,7.936352252960205078e+00,4.066777706146240234e+00,1.006867217368239559e-14
0.000000000000000000e+00,6.738294959068298340e-01,1.160618662834167480e+00,1.291073322296142578e+00,9.298771619796752930e-01,-1.098070479929447174e-02,-1.562929511070251465e+00,-3.696402788162231445e+00,-6.321693420410156250e+00,-9.295045852661132812e+00,-1.242952251434326172e+01,-1.550976848602294922e+01,-1.830949783325195312e+01,-2.061026954650878906e+01,-2.222003364562988281e+01,-2.298990249633789062e+01,-2.282779693603515625e+01,-2.170781517028808594e+01,-1.967452812194824219e+01,-1.684182739257812500e+01,-1.338635635375976562e+01,-9.536002159118652344e+00,-5.554321289062500000e+00,-1.722066402435302734e+00,1.682780027389526367e+00,4.404946327209472656e+00,6.230292797088623047e+00,7.001335620880126953e+00,6.628739833831787109e+00,5.097958564758300781e+00,2.470579385757446289e+00,-1.119656205177307129e+00,-5.475797176361083984e+00,-1.035086154937744141e+01,-1.546423053741455078e+01,-2.052000808715820312e+01,-2.522601699829101562e+01,-2.931207656860351562e+01,-3.254629516601562500e+01,-3.474836349487304688e+01,-3.579900360107421875e+01,-3.564513778686523438e+01,-3.430062484741210938e+01,-3.184274864196777344e+01,-2.840491676330566406e+01,-2.416637039184570312e+01,-1.933971786499023438e+01,-1.415733718872070312e+01,-8.857616424560546875e+00,-3.671951055526733398e+00,1.186716794967651367e+00,5.533238887786865234e+00,9.217114448547363281e+00,1.212672328948974609e+01,1.419102191925048828e+01,1.537897491455078125e+01,1.569712066650390625e+01,1.518576717376708984e+01,1.391433143615722656e+01,1.197630596160888672e+01,9.484241485595703125e+00,6.565058231353759766e+00,3.355817317962646484e+00,8.301622532306575375e-15
0.000000000000000000e+00,-4.715930521488189697e-01,-1.074166655540466309e+00,-1.923762679100036621e+00,-3.107933521270751953e+00,-4.674844741821289062e+00,-6.626062870025634766e+00,-8.913741111755371094e+00,-1.144252014160156250e+01,-1.407605266571044922e+01,-1.664764595031738281e+01,-1.897414970397949219e+01,-2.087191390991210938e+01,-2.217346191406250000e+01,-2.274342536926269531e+01,-2.249234580993652344e+01,-2.138710784912109375e+01,-1.945702171325683594e+01,-1.679497337341308594e+01,-1.355339908599853516e+01,-9.935335159301757812e+00,-6.181159973144531250e+00,-2.552027940750122070e+00,6.887494921684265137e-01,3.294914960861206055e+00,5.055581569671630859e+00,5.811216831207275391e+00,5.466047286987304688e+00,3.995913982391357422e+00,1.450977563858032227e+00,-2.046926975250244141e+00,-6.312070846557617188e+00,-1.110712432861328125e+01,-1.615901756286621094e+01,-2.117712783813476562e+01,-2.587245178222656250e+01,-2.997630691528320312e+01,-3.325722885131835938e+01,-3.553486633300781250e+01,-3.668999862670898438e+01,-3.667002868652343750e+01,-3.548978805541992188e+01,-3.322776031494140625e+01,-3.001823806762695312e+01,-2.604021453857421875e+01,-2.150395774841308594e+01,-1.663643646240234375e+01,-1.166672515869140625e+01,-6.812454700469970703e+00,-2.268243789672851562e+00,1.803224086761474609e+00,5.277044296264648438e+00,8.068738937377929688e+00,1.013386154174804688e+01,1.146497821807861328e+01,1.208660793304443359e+01,1.204887199401855469e+01,1.142060279846191406e+01,1.028266620635986328e+01,8.722107887268066406e+00,6.827610969543457031e+00,4.686500072479248047e+00,2.383348464965820312e+00,5.885821886299213990e-15
0.000000000000000000e+00,-1.739282369613647461e+00,-3.544795751571655273e+00,-5.471215248107910156e+00,-7.551328182220458984e+00,-9.788030624389648438e+00,-1.214954376220703125e+01,-1.456843185424804688e+01,-1.694464492797851562e+01,-1.915242004394531250e+01,-2.105049896240234375e+01,-2.249480628967285156e+01,-2.335243988037109375e+01,-2.351570892333984375e+01,-2.291490173339843750e+01,-2.152851867675781250e+01,-1.938992881774902344e+01,-1.658969306945800781e+01,-1.327314949035644531e+01,-9.633242607116699219e+00,-5.899053096771240234e+00,-2.320789813995361328e+00,8.476144075393676758e-01,3.366966962814331055e+00,5.030867099761962891e+00,5.681888580322265625e+00,5.224559307098388672e+00,3.634047985076904297e+00,9.598038792610168457e-01,-2.676208972930908203e+00,-7.086606025695800781e+00,-1.203050327301025391e+01,-1.722937583923339844e+01,-2.238565826416015625e+01,-2.720266342163085938e+01,-3.140431976318359375e+01,-3.475323104858398438e+01,-3.706571960449218750e+01,-3.822280883789062500e+01,-3.817631912231445312e+01,-3.694984436035156250e+01,-3.463458251953125000e+01,-3.138056182861328125e+01,-2.738403129577636719e+01,-2.287220954895019531e+01,-1.808658409118652344e+01,-1.326620101928710938e+01,-8.632187843322753906e+00,-4.374693393707275391e+00,-6.431308388710021973e-01,2.459706306457519531e+00,4.879427433013916016e+00,6.607884407043457031e+00,7.677543163299560547e+00,8.153167724609375000e+00,8.121775627136230469e+00,7.681948661804199219e+00,6.933573246002197266e+00,5.968984127044677734e+00,4.866303920745849609e+00,3.685498714447021484e+00,2.467371463775634766e+00,1.235398054122924805e+00,3.034762348916916069e-15
0.000000000000000000e+00,-3.025508165359497070e+00,-6.050135135650634766e+00,-9.065013885498046875e+00,-1.204634952545166016e+01,-1.495046329498291016e+01,-1.771153831481933594e+01,-2.024254226684570312e+01,-2.243941879272460938e+01,-2.418833160400390625e+01,-2.537537384033203125e+01,-2.589789581298828125e+01,-2.567637252807617188e+01,-2.466562461853027344e+01,-2.286419868469238281e+01,-2.032085800170898438e+01,-1.713729095458984375e+01,-1.346651363372802734e+01,-9.506793975830078125e+00,-5.491286754608154297e+00,-1.674030303955078125e+00,1.686756849288940430e+00,4.346814155578613281e+00,6.094005584716796875e+00,6.765029430389404297e+00,6.259263038635253906e+00,4.548522949218750000e+00,1.681825160980224609e+00,-2.215385437011718750e+00,-6.947636127471923828e+00,-1.226108837127685547e+01,-1.785967445373535156e+01,-2.342454147338867188e+01,-2.863535881042480469e+01,-3.319187164306640625e+01,-3.683406829833984375e+01,-3.935943222045898438e+01,-4.063592910766601562e+01,-4.060980987548828125e+01,-3.930764007568359375e+01,-3.683247756958007812e+01,-3.335456466674804688e+01,-2.909737777709960938e+01,-2.432017707824707031e+01,-1.929850006103515625e+01,-1.430421447753906250e+01,-9.586671829223632812e+00,-5.356472969055175781e+00,-1.773016333580017090e+00,1.063265323638916016e+00,3.113548994064331055e+00,4.398126125335693359e+00,4.989207267761230469e+00,4.999846458435058594e+00,4.570132732391357422e+00,3.851989507675170898e+00,2.994023323059082031e+00,2.127807140350341797e+00,1.356820106506347656e+00,7.489877343177795410e-01,3.334094583988189697e-01,1.014518812298774719e-01,1.196645759046077728e-02,-3.393756617182561944e-18
0.000000000000000000e+00,-4.222196578979492188e+00,-8.380642890930175781e+00,-1.240695476531982422e+01,-1.622435569763183594e+01,-1.974557685852050781e+01,-2.287298583984375000e+01,-2.550129127502441406e+01,-2.752282714843750000e+01,-2.883510208129882812e+01,-2.935004615783691406e+01,-2.900407028198242188e+01,-2.776792716979980469e+01,-2.565527153015136719e+01,-2.272888374328613281e+01,-1.910359382629394531e+01,-1.494528961181640625e+01,-1.046561717987060547e+01,-5.912441730499267578e+00,-1.556473135948181152e+00,2.325132608413696289e+00,5.467069149017333984e+00,7.634711742401123047e+00,8.641992568969726562e+00,8.366829872131347656e+00,6.762743949890136719e+00,3.865560293197631836e+00,-2.055710405111312866e-01,-5.253140449523925781e+00,-1.101208496093750000e+01,-1.716579627990722656e+01,-2.336626243591308594e+01,-2.925691413879394531e+01,-3.449649429321289062e+01,-3.878216171264648438e+01,-4.187003707885742188e+01,-4.359166336059570312e+01,-4.386499786376953125e+01,-4.269918060302734375e+01,-4.019262313842773438e+01,-3.652459335327148438e+01,-3.194100570678710938e+01,-2.673548316955566406e+01,-2.122726058959960938e+01,-1.573765754699707031e+01,-1.056698322296142578e+01,-5.973705291748046875e+00,-2.157479524612426758e+00,7.526710033416748047e-01,2.704185247421264648e+00,3.720467090606689453e+00,3.894255876541137695e+00,3.375568866729736328e+00,2.355373144149780273e+00,1.046481370925903320e+00,-3.366141915321350098e-01,-1.597188711166381836e+00,-2.573325157165527344e+00,-3.151092052459716797e+00,-3.272759199142456055e+00,-2.939413309097290039e+00,-2.207827091217041016e+00,-1.181968450546264648e+00,-2.968131772670577415e-15
0.000000000000000000e+00,-5.226380825042724609e+00,-1.033668899536132812e+01,-1.521296119689941406e+01,-1.973420333862304688e+01,-2.377663612365722656e+01,-2.721581077575683594e+01,-2.993080520629882812e+01,-3.181044578552246094e+01,-3.276117706298828125e+01,-3.271598052978515625e+01,-3.164344406127929688e+01,-2.955602073669433594e+01,-2.651645278930664062e+01,-2.264136505126953125e+01,-1.810127639770507812e+01,-1.311647415161132812e+01,-7.948605537414550781e+00,-2.888171434402465820e+00,1.761460900306701660e+00,5.702563762664794922e+00,8.662805557250976562e+00,1.041477584838867188e+01,1.079373168945312500e+01,9.712035179138183594e+00,7.168957233428955078e+00,3.254829645156860352e+00,-1.851095914840698242e+00,-7.889205455780029297e+00,-1.453413295745849609e+01,-2.141456031799316406e+01,-2.813688278198242188e+01,-3.431108093261718750e+01,-3.957691955566406250e+01,-4.362847900390625000e+01,-4.623516082763671875e+01,-4.725750350952148438e+01,-4.665657806396484375e+01,-4.449609756469726562e+01,-4.093713760375976562e+01,-3.622570800781250000e+01,-3.067420959472656250e+01,-2.463812065124511719e+01,-1.848975181579589844e+01,-1.259111881256103516e+01,-7.268029689788818359e+00,-2.787413120269775391e+00,6.603481769561767578e-01,2.972744464874267578e+00,4.139299392700195312e+00,4.238325119018554688e+00,3.426645517349243164e+00,1.923236966133117676e+00,-1.177322678267955780e-02,-2.100927591323852539e+00,-4.074040889739990234e+00,-5.691493034362792969e+00,-6.764257907867431641e+00,-7.168985366821289062e+00,-6.856919765472412109e+00,-5.855940341949462891e+00,-4.265629768371582031e+00,-2.245866298675537109e+00,-5.609951302191487285e-15
0.000000000000000000e+00,-5.949234962463378906e+00,-1.174605846405029297e+01,-1.723797798156738281e+01,-2.227299499511718750e+01,-2.670144081115722656e+01,-3.037944412231445312e+01,-3.317418289184570312e+01,-3.497083663940429688e+01,-3.568080139160156250e+01,-3.525048065185546875e+01,-3.366986465454101562e+01,-3.097982215881347656e+01,-2.727714920043945312e+01,-2.271647644042968750e+01,-1.750826072692871094e+01,-1.191250228881835938e+01,-6.228072643280029297e+00,-7.780087590217590332e-01,4.108492374420166016e+00,8.116291999816894531e+00,1.096534442901611328e+01,1.243097782135009766e+01,1.236178112030029297e+01,1.069355106353759766e+01,7.457962989807128906e+00,2.784979343414306641e+00,-3.101542949676513672e+00,-9.895055770874023438e+00,-1.722381973266601562e+01,-2.467364311218261719e+01,-3.181436920166015625e+01,-3.822823333740234375e+01,-4.353804779052734375e+01,-4.743305587768554688e+01,-4.969053649902343750e+01,-5.019134140014648438e+01,-4.892818832397460938e+01,-4.600592803955078125e+01,-4.163366317749023438e+01,-3.610927963256835938e+01,-2.979748725891113281e+01,-2.310299491882324219e+01,-1.644094085693359375e+01,-1.020677375793457031e+01,-4.747961044311523438e+00,-3.397197723388671875e-01,2.833365201950073242e+00,4.688413143157958984e+00,5.247194766998291016e+00,4.630782604217529297e+00,3.046418905258178711e+00,7.677360177040100098e-01,-1.889992356300354004e+00,-4.597485542297363281e+00,-7.039669990539550781e+00,-8.942129135131835938e+00,-1.009359359741210938e+01,-1.036263084411621094e+01,-9.707177162170410156e+00,-8.176164627075195312e+00,-5.903159618377685547e+00,-3.092624187469482422e+00,-7.712699158805499944e-15
0.000000000000000000e+00,-6.323875904083251953e+00,-1.247908306121826172e+01,-1.829748153686523438e+01,-2.361265373229980469e+01,-2.826231575012207031e+01,-3.209236526489257812e+01,-3.496266174316406250e+01,-3.675441741943359375e+01,-3.737877273559570312e+01,-3.678582763671875000e+01,-3.497326660156250000e+01,-3.199350929260253906e+01,-2.795844268798828125e+01,-2.304071426391601562e+01,-1.747095680236816406e+01,-1.153049278259277344e+01,-5.539519786834716797e+00,1.588515490293502808e-01,5.217884063720703125e+00,9.308652877807617188e+00,1.214215278625488281e+01,1.349041938781738281e+01,1.320493984222412109e+01,1.123075389862060547e+01,7.614854812622070312e+00,2.507908105850219727e+00,-3.841236114501953125e+00,-1.109819889068603516e+01,-1.886229515075683594e+01,-2.669116020202636719e+01,-3.412915420532226562e+01,-4.073754882812500000e+01,-4.612429428100585938e+01,-4.997111129760742188e+01,-5.205582809448242188e+01,-5.226814651489257812e+01,-5.061757659912109375e+01,-4.723274230957031250e+01,-4.235206222534179688e+01,-3.630634689331054688e+01,-2.949463844299316406e+01,-2.235501289367675781e+01,-1.533263683319091797e+01,-8.847464561462402344e+00,-3.264126062393188477e+00,1.133694291114807129e+00,4.162372589111328125e+00,5.749492645263671875e+00,5.936172485351562500e+00,4.870450019836425781e+00,2.792308330535888672e+00,1.160958409309387207e-02,-3.119218349456787109e+00,-6.235481739044189453e+00,-8.990998268127441406e+00,-1.108682250976562500e+01,-1.229555130004882812e+01,-1.247923088073730469e+01,-1.159940910339355469e+01,-9.718551635742187500e+00,-6.992744922637939453e+00,-3.656360149383544922e+00,-9.112883584132432102e-15
0.000000000000000000e+00,-6.311254978179931641e+00,-1.246005058288574219e+01,-1.828372955322265625e+01,-2.361997985839843750e+01,-2.830874252319335938e+01,-3.219593429565429688e+01,-3.513914871215820312e+01,-3.701521301269531250e+01,-3.772913360595703125e+01,-3.722373199462890625e+01,-3.548896026611328125e+01,-3.256988525390625000e+01,-2.857217979431152344e+01,-2.366413688659667969e+01,-1.807443428039550781e+01,-1.208518028259277344e+01,-6.020168304443359375e+00,-2.287292182445526123e-01,4.934008598327636719e+00,9.129238128662109375e+00,1.205743122100830078e+01,1.348040676116943359e+01,1.324069690704345703e+01,1.127653312683105469e+01,7.630960941314697266e+00,2.454056501388549805e+00,-4.002361297607421875e+00,-1.139749050140380859e+01,-1.932118415832519531e+01,-2.731927871704101562e+01,-3.492292404174804688e+01,-4.167986297607421875e+01,-4.718533325195312500e+01,-5.111026763916015625e+01,-5.322462463378906250e+01,-5.341389465332031250e+01,-5.168750000000000000e+01,-4.817822647094726562e+01,-4.313264846801757812e+01,-3.689317321777343750e+01,-2.987298011779785156e+01,-2.252571487426757812e+01,-1.531227016448974609e+01,-8.667212486267089844e+00,-2.967421770095825195e+00,1.494567155838012695e+00,4.530464649200439453e+00,6.067815780639648438e+00,6.152395725250244141e+00,4.941267013549804688e+00,2.687116146087646484e+00,-2.848159372806549072e-01,-3.605284929275512695e+00,-6.892707824707031250e+00,-9.785327911376953125e+00,-1.197122573852539062e+01,-1.321370506286621094e+01,-1.336998748779296875e+01,-1.240168380737304688e+01,-1.037623405456542969e+01,-7.459221839904785156e+00,-3.898287057876586914e+00,-9.714249024595725951e-15
0.000000000000000000e+00,-5.903609275817871094e+00,-1.167389869689941406e+01,-1.717525863647460938e+01,-2.226839828491210938e+01,-2.681061553955078125e+01,-3.065831375122070312e+01,-3.367198562622070312e+01,-3.572363281250000000e+01,-3.670612716674804688e+01,-3.654378509521484375e+01,-3.520310592651367188e+01,-3.270247268676757812e+01,-2.911960983276367188e+01,-2.459560203552246094e+01,-1.933458137512207031e+01,-1.359846496582031250e+01,-7.696543216705322266e+00,-1.970226764678955078e+00,3.226302385330200195e+00,7.548335075378417969e+00,1.068421459197998047e+01,1.237845611572265625e+01,1.245251846313476562e+01,1.082141304016113281e+01,7.504549980163574219e+00,2.629646062850952148e+00,-3.571021795272827148e+00,-1.077210903167724609e+01,-1.857392120361328125e+01,-2.652722740173339844e+01,-3.416250991821289062e+01,-4.102156448364257812e+01,-4.668909072875976562e+01,-5.082191085815429688e+01,-5.317346954345703125e+01,-5.361166763305664062e+01,-5.212856292724609375e+01,-4.884100341796875000e+01,-4.398209762573242188e+01,-3.788401031494140625e+01,-3.095338058471679688e+01,-2.364120674133300781e+01,-1.640949630737304688e+01,-9.697288513183593750e+00,-3.888704299926757812e+00,7.144643068313598633e-01,3.913484334945678711e+00,5.625094890594482422e+00,5.884664058685302734e+00,4.839894294738769531e+00,2.735641241073608398e+00,-1.088448613882064819e-01,-3.328341722488403320e+00,-6.543360233306884766e+00,-9.392483711242675781e+00,-1.156265354156494141e+01,-1.281488895416259766e+01,-1.300331878662109375e+01,-1.208597850799560547e+01,-1.012649631500244141e+01,-7.286608219146728516e+00,-3.810154914855957031e+00,-9.496320999794350542e-15
0.000000000000000000e+00,-5.125164508819580078e+00,-1.016757774353027344e+01,-1.503883552551269531e+01,-1.964035606384277344e+01,-2.386096382141113281e+01,-2.757735061645507812e+01,-3.065778350830078125e+01,-3.296907806396484375e+01,-3.438641738891601562e+01,-3.480520629882812500e+01,-3.415382003784179688e+01,-3.240596008300781250e+01,-2.959111213684082031e+01,-2.580180358886718750e+01,-2.119649696350097656e+01,-1.599727344512939453e+01,-1.048193740844726562e+01,-4.970674037933349609e+00,1.921197921037673950e-01,4.659677028656005859e+00,8.106841087341308594e+00,1.025433540344238281e+01,1.089133644104003906e+01,9.894400596618652344e+00,7.240974426269531250e+00,3.016115427017211914e+00,-2.588475704193115234e+00,-9.283391952514648438e+00,-1.669806861877441406e+01,-2.440395545959472656e+01,-3.194271087646484375e+01,-3.885741424560546875e+01,-4.472444152832031250e+01,-4.918352890014648438e+01,-5.196369552612304688e+01,-5.290288925170898438e+01,-5.195975875854492188e+01,-4.921652603149414062e+01,-4.487264251708984375e+01,-3.922962188720703125e+01,-3.266822814941406250e+01,-2.561971664428710938e+01,-1.853344726562500000e+01,-1.184336090087890625e+01,-5.936007976531982422e+00,-1.122683048248291016e+00,2.382166385650634766e+00,4.474527835845947266e+00,5.165392398834228516e+00,4.576001644134521484e+00,2.924254179000854492e+00,5.034797191619873047e-01,-2.344580650329589844e+00,-5.260272502899169922e+00,-7.897411823272705078e+00,-9.952895164489746094e+00,-1.119204616546630859e+01,-1.146757316589355469e+01,-1.073057651519775391e+01,-9.032724380493164062e+00,-6.519467353820800781e+00,-3.414956092834472656e+00,-8.516153954989461039e-15
0.000000000000000000e+00,-4.030034542083740234e+00,-8.045979499816894531e+00,-1.202366256713867188e+01,-1.592016696929931641e+01,-1.966785240173339844e+01,-2.317205238342285156e+01,-2.631300735473632812e+01,-2.895216178894042969e+01,-3.094244384765625000e+01,-3.214167022705078125e+01,-3.242786407470703125e+01,-3.171491813659667969e+01,-2.996702766418457031e+01,-2.721017265319824219e+01,-2.353928184509277344e+01,-1.911993598937988281e+01,-1.418398284912109375e+01,-9.018956184387207031e+00,-3.951775550842285156e+00,6.722469329833984375e-01,4.513583660125732422e+00,7.263970375061035156e+00,8.671109199523925781e+00,8.560470581054687500e+00,6.852243423461914062e+00,3.571800231933593750e+00,-1.147450327873229980e+00,-7.069371223449707031e+00,-1.386842441558837891e+01,-2.115021705627441406e+01,-2.847785186767578125e+01,-3.540211868286132812e+01,-4.149325942993164062e+01,-4.637179183959960938e+01,-4.973596191406250000e+01,-5.138364028930664062e+01,-5.122679901123046875e+01,-4.929747009277343750e+01,-4.574453353881835938e+01,-4.082170104980468750e+01,-3.486749267578125000e+01,-2.827891921997070312e+01,-2.148090553283691406e+01,-1.489398574829101562e+01,-8.902824401855468750e+00,-3.828135013580322266e+00,9.576576948165893555e-02,2.736013650894165039e+00,4.067701339721679688e+00,4.171417713165283203e+00,3.222161054611206055e+00,1.470671415328979492e+00,-7.811081409454345703e-01,-3.208276510238647461e+00,-5.492442607879638672e+00,-7.349853992462158203e+00,-8.555768013000488281e+00,-8.962977409362792969e+00,-8.512941360473632812e+00,-7.238621234893798828e+00,-5.258851051330566406e+00,-2.764829874038696289e+00,-6.903131749357678190e-15
0.000000000000000000e+00,-2.697494983673095703e+00,-5.462775707244873047e+00,-8.348349571228027344e+00,-1.137792873382568359e+01,-1.453625202178955078e+01,-1.776350593566894531e+01,-2.095513153076171875e+01,-2.396725273132324219e+01,-2.662741851806640625e+01,-2.874975395202636719e+01,-3.015316963195800781e+01,-3.068091201782226562e+01,-3.021953964233398438e+01,-2.871539306640625000e+01,-2.618678855895996094e+01,-2.273050689697265625e+01,-1.852165031433105469e+01,-1.380644321441650391e+01,-8.888320922851562500e+00,-4.108126163482666016e+00,1.800839900970458984e-01,3.635750532150268555e+00,5.958840847015380859e+00,6.914916992187500000e+00,6.356053352355957031e+00,4.235712051391601562e+00,6.161462664604187012e-01,-4.332490444183349609e+00,-1.034148216247558594e+01,-1.706076812744140625e+01,-2.408281326293945312e+01,-3.097133445739746094e+01,-3.729261779785156250e+01,-4.264698791503906250e+01,-4.669790649414062500e+01,-4.919630050659179688e+01,-4.999826812744140625e+01,-4.907463455200195312e+01,-4.651164245605468750e+01,-4.250278091430664062e+01,-3.733237838745117188e+01,-3.135245704650878906e+01,-2.495465469360351562e+01,-1.853967285156250000e+01,-1.248669815063476562e+01,-7.125323772430419922e+00,-2.712250947952270508e+00,5.853972434997558594e-01,2.698884725570678711e+00,3.658223390579223633e+00,3.584237813949584961e+00,2.673205852508544922e+00,1.175568699836730957e+00,-6.292912364006042480e-01,-2.459901571273803711e+00,-4.058754920959472656e+00,-5.215256690979003906e+00,-5.783546447753906250e+00,-5.693678379058837891e+00,-4.955235481262207031e+00,-3.653169393539428711e+00,-1.936354160308837891e+00,-4.847283683516662514e-15
0.000000000000000000e+00,-1.225059866905212402e+00,-2.606997966766357422e+00,-4.281825542449951172e+00,-6.345937728881835938e+00,-8.841409683227539062e+00,-1.174686908721923828e+01,-1.497497272491455078e+01,-1.837686729431152344e+01,-2.175336647033691406e+01,-2.487192535400390625e+01,-2.748791313171386719e+01,-2.936828041076660156e+01,-3.031541442871093750e+01,-3.018894577026367188e+01,-2.892337226867675781e+01,-2.653975486755371094e+01,-2.315017318725585938e+01,-1.895430755615234375e+01,-1.422817134857177734e+01,-9.305754661560058594e+00,-4.554928302764892578e+00,-3.495527803897857666e-01,2.959948062896728516e+00,5.075073242187500000e+00,5.774376869201660156e+00,4.933073043823242188e+00,2.535371065139770508e+00,-1.321594953536987305e+00,-6.432690143585205078e+00,-1.249826717376708984e+01,-1.914520263671875000e+01,-2.595383071899414062e+01,-3.248864364624023438e+01,-3.833024978637695312e+01,-4.310609054565429688e+01,-4.651734924316406250e+01,-4.835999298095703125e+01,-4.853827667236328125e+01,-4.706962966918945312e+01,-4.408076095581054688e+01,-3.979528427124023438e+01,-3.451412200927734375e+01,-2.859038162231445312e+01,-2.240083312988281250e+01,-1.631649971008300781e+01,-1.067474651336669922e+01,-5.755186080932617188e+00,-1.761298656463623047e+00,1.190832257270812988e+00,3.075953245162963867e+00,3.955191135406494141e+00,3.964377403259277344e+00,3.296426773071289062e+00,2.179545640945434570e+00,8.533868789672851562e-01,-4.546006917953491211e-01,-1.550437211990356445e+00,-2.290570497512817383e+00,-2.593039989471435547e+00,-2.441926479339599609e+00,-1.884811639785766602e+00,-1.023640275001525879e+00,-2.582152411133948819e-15
0.000000000000000000e+00,2.800354063510894775e-01,3.134668767452239990e-01,-1.198641732335090637e-01,-1.189702510833740234e+00,-2.996142148971557617e+00,-5.556950569152832031e+00,-8.802693367004394531e+00,-1.258019161224365234e+01,-1.666410827636718750e+01,-2.077568626403808594e+01,-2.460704994201660156e+01,-2.784892845153808594e+01,-3.021936798095703125e+01,-3.149083137512207031e+01,-3.151325607299804688e+01,-3.023094940185546875e+01,-2.769168472290039062e+01,-2.404709053039550781e+01,-1.954413604736328125e+01,-1.450825500488281250e+01,-9.319484710693359375e+00,-4.383463859558105469e+00,-9.972433000802993774e-02,3.170133590698242188e+00,5.131717205047607422e+00,5.582121372222900391e+00,4.427175998687744141e+00,1.690200090408325195e+00,-2.488476037979125977e+00,-7.861205577850341797e+00,-1.409113979339599609e+01,-2.077728271484375000e+01,-2.748441886901855469e+01,-3.377549362182617188e+01,-3.924378204345703125e+01,-4.354230117797851562e+01,-4.640812301635742188e+01,-4.767970275878906250e+01,-4.730599212646484375e+01,-4.534677124023437500e+01,-4.196434783935546875e+01,-3.740758514404296875e+01,-3.198974037170410156e+01,-2.606212425231933594e+01,-1.998592185974121094e+01,-1.410455703735351562e+01,-8.718893051147460938e+00,-4.067249298095703125e+00,-3.117446005344390869e-01,2.468159914016723633e+00,4.274665832519531250e+00,5.183640003204345703e+00,5.330673217773437500e+00,4.892747402191162109e+00,4.067431449890136719e+00,3.051687240600585938e+00,2.022330522537231445e+00,1.119982481002807617e+00,4.379594326019287109e-01,1.701874844729900360e-02,-1.537020951509475708e-01,-1.298500299453735352e-01,-3.637384733334376096e-16
0.000000000000000000e+00,1.710179448127746582e+00,3.089993000030517578e+00,3.840679168701171875e+00,3.723881959915161133e+00,2.585083484649658203e+00,3.695756793022155762e-01,-2.870471954345703125e+00,-6.978523731231689453e+00,-1.170560264587402344e+01,-1.673064041137695312e+01,-2.168753433227539062e+01,-2.619660568237304688e+01,-2.989775466918945312e+01,-3.248244476318359375e+01,-3.372177505493164062e+01,-3.348817825317382812e+01,-3.176881980895996094e+01,-2.866955566406250000e+01,-2.440896606445312500e+01,-1.930295562744140625e+01,-1.374113559722900391e+01,-8.156894683837890625e+00,-2.993650197982788086e+00,1.329976081848144531e+00,4.453192234039306641e+00,6.101572990417480469e+00,6.108790874481201172e+00,4.429800510406494141e+00,1.144451856613159180e+00,-3.548689126968383789e+00,-9.347726821899414062e+00,-1.587069320678710938e+01,-2.268471145629882812e+01,-2.933864021301269531e+01,-3.539653396606445312e+01,-4.046921539306640625e+01,-4.424150848388671875e+01,-4.649302673339843750e+01,-4.711105346679687500e+01,-4.609471130371093750e+01,-4.355038070678710938e+01,-3.967898941040039062e+01,-3.475661468505859375e+01,-2.911013412475585938e+01,-2.309025001525878906e+01,-1.704413032531738281e+01,-1.129006671905517578e+01,-6.096093177795410156e+00,-1.664231777191162109e+00,1.878636121749877930e+00,4.482847690582275391e+00,6.171242713928222656e+00,7.028511047363281250e+00,7.185960769653320312e+00,6.803452968597412109e+00,6.050414085388183594e+00,5.087868213653564453e+00,4.053223609924316406e+00,3.049234390258789062e+00,2.138049840927124023e+00,1.340744376182556152e+00,6.421157121658325195e-01,1.552601651438239097e-15
0.000000000000000000e+00,2.966736555099487305e+00,5.531338691711425781e+00,7.327647686004638672e+00,8.058372497558593750e+00,7.522083282470703125e+00,5.631982803344726562e+00,2.424842834472656250e+00,-1.940685510635375977e+00,-7.196260452270507812e+00,-1.298553466796875000e+01,-1.889352035522460938e+01,-2.448116111755371094e+01,-2.932222938537597656e+01,-3.303941345214843750e+01,-3.533660125732421875e+01,-3.602463150024414062e+01,-3.503834152221679688e+01,-3.244351959228515625e+01,-2.843315505981445312e+01,-2.331330108642578125e+01,-1.747971916198730469e+01,-1.138724136352539062e+01,-5.514373302459716797e+00,-3.260223269462585449e-01,3.762612581253051758e+00,6.418079853057861328e+00,7.414103984832763672e+00,6.648425102233886719e+00,4.149805545806884766e+00,7.477380335330963135e-02,-5.305478572845458984e+00,-1.162682819366455078e+01,-1.846069335937500000e+01,-2.534683036804199219e+01,-3.182777976989746094e+01,-3.748212814331054688e+01,-4.195405960083007812e+01,-4.497689056396484375e+01,-4.638894653320312500e+01,-4.614083099365234375e+01,-4.429375839233398438e+01,-4.100954437255859375e+01,-3.653335952758789062e+01,-3.117104911804199219e+01,-2.526310348510742188e+01,-1.915762138366699219e+01,-1.318452930450439453e+01,-7.633191108703613281e+00,-2.735031366348266602e+00,1.347638368606567383e+00,4.526062965393066406e+00,6.782858371734619141e+00,8.163889884948730469e+00,8.765439987182617188e+00,8.718250274658203125e+00,8.170247077941894531e+00,7.269785404205322266e+00,6.151095867156982422e+00,4.923311710357666016e+00,3.664006233215332031e+00,2.417661190032958984e+00,1.198923587799072266e+00,2.935251647724059984e-15
0.000000000000000000e+00,3.968571662902832031e+00,7.480172634124755859e+00,1.011708545684814453e+01,1.153680896759033203e+01,1.150172138214111328e+01,9.899967193603515625e+00,6.755795001983642578e+00,2.228515386581420898e+00,-3.399872779846191406e+00,-9.747332572937011719e+00,-1.636284637451171875e+01,-2.276328659057617188e+01,-2.847307395935058594e+01,-3.306328582763671875e+01,-3.618707275390625000e+01,-3.760838317871093750e+01,-3.722174072265625000e+01,-3.506142044067382812e+01,-3.129937171936035156e+01,-2.623202705383300781e+01,-2.025721931457519531e+01,-1.384308433532714844e+01,-7.491514205932617188e+00,-1.699184656143188477e+00,3.080720901489257812e+00,6.473022460937500000e+00,8.208583831787109375e+00,8.143736839294433594e+00,6.269695281982421875e+00,2.711369037628173828e+00,-2.284098148345947266e+00,-8.367955207824707031e+00,-1.511777782440185547e+01,-2.207031631469726562e+01,-2.875652885437011719e+01,-3.473595046997070312e+01,-3.962773513793945312e+01,-4.313597869873046875e+01,-4.506757354736328125e+01,-4.534145355224609375e+01,-4.398889160156250000e+01,-4.114516830444335938e+01,-3.703380584716796875e+01,-3.194492721557617188e+01,-2.620989990234375000e+01,-2.017450904846191406e+01,-1.417298030853271484e+01,-8.504987716674804688e+00,-3.417330741882324219e+00,9.084407687187194824e-01,4.361871719360351562e+00,6.902899265289306641e+00,8.555225372314453125e+00,9.394879341125488281e+00,9.535494804382324219e+00,9.112031936645507812e+00,8.264725685119628906e+00,7.124928474426269531e+00,5.804181098937988281e+00,4.387480735778808594e+00,2.931157588958740234e+00,1.465284347534179688e+00,3.597369255779747643e-15
0.000000000000000000e+00,4.658996582031250000e+00,8.826535224914550781e+00,1.205238628387451172e+01,1.396536540985107422e+01,1.430460834503173828e+01,1.294174003601074219e+01,9.892079353332519531e+00,5.313995838165283203e+00,-5.035327076911926270e-01,-7.164119243621826172e+00,-1.419599246978759766e+01,-2.109020423889160156e+01,-2.734186172485351562e+01,-3.249102783203125000e+01,-3.615990829467773438e+01,-3.808334350585937500e+01,-3.813015365600585938e+01,-3.631364822387695312e+01,-3.279048919677734375e+01,-2.784816360473632812e+01,-2.188208198547363281e+01,-1.536429977416992188e+01,-8.806437492370605469e+00,-2.719849109649658203e+00,2.423744678497314453e+00,6.228019237518310547e+00,8.401410102844238281e+00,8.777850151062011719e+00,7.327395915985107422e+00,4.156102180480957031e+00,-5.046018958091735840e-01,-6.317944526672363281e+00,-1.286941909790039062e+01,-1.969956970214843750e+01,-2.633919906616210938e+01,-3.234413146972656250e+01,-3.732679367065429688e+01,-4.098222351074218750e+01,-4.310663604736328125e+01,-4.360741043090820312e+01,-4.250406265258789062e+01,-3.992055892944335938e+01,-3.607003784179687500e+01,-3.123356819152832031e+01,-2.573503494262695312e+01,-1.991444206237792969e+01,-1.410194301605224609e+01,-8.594757080078125000e+00,-3.638676643371582031e+00,5.845269560813903809e-01,3.963195085525512695e+00,6.455335140228271484e+00,8.082230567932128906e+00,8.917223930358886719e+00,9.071165084838867188e+00,8.676277160644531250e+00,7.870202541351318359e+00,6.781900882720947266e+00,5.520750522613525391e+00,4.169809341430664062e+00,2.783673286437988281e+00,1.390842914581298828e+00,3.413984716875060298e-15
0.000000000000000000e+00,5.010519981384277344e+00,9.517046928405761719e+00,1.305739307403564453e+01,1.524953269958496094e+01,1.582336521148681641e+01,1.464325904846191406e+01,1.171954154968261719e+01,7.208004474639892578e+00,1.397493600845336914e+00,-5.313386440277099609e+00,-1.244849586486816406e+01,-1.949265289306640625e+01,-2.593322944641113281e+01,-3.130142402648925781e+01,-3.520987319946289062e+01,-3.738351821899414062e+01,-3.768133544921875000e+01,-3.610713195800781250e+01,-3.280869674682617188e+01,-2.806546974182128906e+01,-2.226580619812011719e+01,-1.587579631805419922e+01,-9.402279853820800781e+00,-3.353063344955444336e+00,1.802389621734619141e+00,5.668672561645507812e+00,7.953744888305664062e+00,8.489611625671386719e+00,7.242888450622558594e+00,4.314637184143066406e+00,-7.027903199195861816e-02,-5.583198547363281250e+00,-1.181917667388916016e+01,-1.832960128784179688e+01,-2.465713882446289062e+01,-3.037014198303222656e+01,-3.509378433227539062e+01,-3.853551483154296875e+01,-4.050305557250976562e+01,-4.091374588012695312e+01,-3.979489898681640625e+01,-3.727553558349609375e+01,-3.357061386108398438e+01,-2.895944595336914062e+01,-2.376037979125976562e+01,-1.830412483215332031e+01,-1.290801048278808594e+01,-7.853324413299560547e+00,-3.367499589920043945e+00,3.876661658287048340e-01,3.321119308471679688e+00,5.411040782928466797e+00,6.697363853454589844e+00,7.269500732421875000e+00,7.250845909118652344e+00,6.781856536865234375e+00,6.003539562225341797e+00,5.043053627014160156e+00,4.002805709838867188e+00,2.953999280929565430e+00,1.935067176818847656e+00,9.548681378364562988e-01,2.333638026607220625e-15
0.000000000000000000e+00,5.026984691619873047e+00,9.559050559997558594e+00,1.314228534698486328e+01,1.540140056610107422e+01,1.607085037231445312e+01,1.501688671112060547e+01,1.224874973297119141e+01,7.918076992034912109e+00,2.306619882583618164e+00,-4.196697711944580078e+00,-1.112744998931884766e+01,-1.798346900939941406e+01,-2.426557159423828125e+01,-2.951788902282714844e+01,-3.336449050903320312e+01,-3.553934860229492188e+01,-3.590718460083007812e+01,-3.447365188598632812e+01,-3.138401985168457031e+01,-2.691065025329589844e+01,-2.143036460876464844e+01,-1.539366817474365234e+01,-9.288451194763183594e+00,-3.601157188415527344e+00,1.221356749534606934e+00,4.806208133697509766e+00,6.882392883300781250e+00,7.300062656402587891e+00,6.039788722991943359e+00,3.211270093917846680e+00,-9.581670165061950684e-01,-6.144097328186035156e+00,-1.195265483856201172e+01,-1.795287513732910156e+01,-2.371095657348632812e+01,-2.882357978820800781e+01,-3.294760894775390625e+01,-3.582386016845703125e+01,-3.729319381713867188e+01,-3.730390930175781250e+01,-3.591020965576171875e+01,-3.326217269897460938e+01,-2.958853721618652344e+01,-2.517402458190917969e+01,-2.033341789245605469e+01,-1.538477897644042969e+01,-1.062413883209228516e+01,-6.303811073303222656e+00,-2.616013765335083008e+00,3.170438706874847412e-01,2.446107625961303711e+00,3.791022539138793945e+00,4.430860519409179688e+00,4.489355564117431641e+00,4.117363452911376953e+00,3.474259138107299805e+00,2.710231065750122070e+00,1.951236605644226074e+00,1.288060307502746582e+00,7.704353928565979004e-01,4.066317379474639893e-01,1.683245599269866943e-01,3.835192866902264889e-16
0.000000000000000000e+00,4.742900848388671875e+00,9.019321441650390625e+00,1.240175724029541016e+01,1.453740215301513672e+01,1.517761993408203125e+01,1.419873523712158203e+01,1.161239051818847656e+01,7.564647197723388672e+00,2.323921918869018555e+00,-3.741205215454101562e+00,-1.019242572784423828e+01,-1.655781745910644531e+01,-2.237060546875000000e+01,-2.720734596252441406e+01,-3.072233963012695312e+01,-3.267546844482421875e+01,-3.295116424560546875e+01,-3.156703948974609375e+01,-2.867149353027343750e+01,-2.453065109252929688e+01,-1.950578689575195312e+01,-1.402321720123291016e+01,-8.539219856262207031e+00,-3.502972602844238281e+00,6.794226169586181641e-01,3.676862478256225586e+00,5.258534431457519531e+00,5.310602664947509766e+00,3.843052864074707031e+00,9.863243699073791504e-01,-3.021794080734252930e+00,-7.857704639434814453e+00,-1.314000129699707031e+01,-1.846144294738769531e+01,-2.342214202880859375e+01,-2.766114997863769531e+01,-3.088385391235351562e+01,-3.288299942016601562e+01,-3.355175781250000000e+01,-3.288799667358398438e+01,-3.098967742919921875e+01,-2.804208755493164062e+01,-2.429828262329101562e+01,-2.005471229553222656e+01,-1.562430095672607422e+01,-1.130946254730224609e+01,-7.377426624298095703e+00,-4.039976119995117188e+00,-1.439226627349853516e+00,3.595225811004638672e-01,1.367519736289978027e+00,1.665225386619567871e+00,1.388906836509704590e+00,7.126982212066650391e-01,-1.719549745321273804e-01,-1.077358007431030273e+00,-1.839035272598266602e+00,-2.331717729568481445e+00,-2.480349540710449219e+00,-2.265144586563110352e+00,-1.720329999923706055e+00,-9.268621802330017090e-01,-2.332352230593288597e-15
0.000000000000000000e+00,4.220043659210205078e+00,8.017474174499511719e+00,1.100563716888427734e+01,1.286673831939697266e+01,1.337888240814208984e+01,1.243495178222656250e+01,1.005173683166503906e+01,6.368547439575195312e+00,1.635447740554809570e+00,-3.807859182357788086e+00,-9.560688018798828125e+00,-1.519509792327880859e+01,-2.029182243347167969e+01,-2.447533035278320312e+01,-2.744505882263183594e+01,-2.900018310546875000e+01,-2.905584526062011719e+01,-2.764954948425292969e+01,-2.493720245361328125e+01,-2.117924880981445312e+01,-1.671812629699707031e+01,-1.194902420043945312e+01,-7.286502838134765625e+00,-3.129819869995117188e+00,1.700693517923355103e-01,2.339062213897705078e+00,3.201638221740722656e+00,2.694006919860839844e+00,8.676676154136657715e-01,-2.116784095764160156e+00,-6.004938125610351562e+00,-1.047149181365966797e+01,-1.514873790740966797e+01,-1.965807723999023438e+01,-2.364181327819824219e+01,-2.679248428344726562e+01,-2.887726211547851562e+01,-2.975540351867675781e+01,-2.938739585876464844e+01,-2.783517456054687500e+01,-2.525359153747558594e+01,-2.187407875061035156e+01,-1.798213005065917969e+01,-1.389070701599121094e+01,-9.912070274353027344e+00,-6.330525875091552734e+00,-3.378545045852661133e+00,-1.218298673629760742e+00,6.984730809926986694e-02,4.910068809986114502e-01,1.314717382192611694e-01,-8.529795408248901367e-01,-2.254903554916381836e+00,-3.837344408035278320e+00,-5.358142852783203125e+00,-6.594061851501464844e+00,-7.362440586090087891e+00,-7.538354396820068359e+00,-7.065700054168701172e+00,-5.961232662200927734e+00,-4.311242103576660156e+00,-2.261281013488769531e+00,-5.641753577712623619e-15
0.000000000000000000e+00,3.541617393493652344e+00,6.714649677276611328e+00,9.182799339294433594e+00,1.067152023315429688e+01,1.099208736419677734e+01,1.005815887451171875e+01,7.893404006958007812e+00,4.629518508911132812e+00,4.948204457759857178e-01,-4.205570697784423828e+00,-9.116233825683593750e+00,-1.386229610443115234e+01,-1.808193397521972656e+01,-2.145768737792968750e+01,-2.374384307861328125e+01,-2.478752899169921875e+01,-2.454165077209472656e+01,-2.306861495971679688e+01,-2.053448677062988281e+01,-1.719416999816894531e+01,-1.336888027191162109e+01,-9.417969703674316406e+00,-5.707523345947265625e+00,-2.578531742095947266e+00,-3.173954784870147705e-01,8.686526417732238770e-01,8.690899610519409180e-01,-3.208926320075988770e-01,-2.600669860839843750e+00,-5.773667812347412109e+00,-9.565172195434570312e+00,-1.364684772491455078e+01,-1.766577339172363281e+01,-2.127541542053222656e+01,-2.416579437255859375e+01,-2.609021377563476562e+01,-2.688619041442871094e+01,-2.648881149291992188e+01,-2.493537521362304688e+01,-2.236097908020019531e+01,-1.898550796508789062e+01,-1.509324359893798828e+01,-1.100697803497314453e+01,-7.058950901031494141e+00,-3.561242818832397461e+00,-7.782638072967529297e-01,1.096219778060913086e+00,1.955498337745666504e+00,1.788350105285644531e+00,6.787902116775512695e-01,-1.202776193618774414e+00,-3.616141319274902344e+00,-6.274073600769042969e+00,-8.869189262390136719e+00,-1.110245895385742188e+01,-1.271075439453125000e+01,-1.349093723297119141e+01,-1.331831550598144531e+01,-1.215781211853027344e+01,-1.006684875488281250e+01,-7.189714431762695312e+00,-3.743947267532348633e+00,-9.318928583716776931e-15
0.000000000000000000e+00,2.804504394531250000e+00,5.298500061035156250e+00,7.199818134307861328e+00,8.280402183532714844e+00,8.387187004089355469e+00,7.456180572509765625e+00,5.518481731414794922e+00,2.697667837142944336e+00,-8.012096881866455078e-01,-4.710043430328369141e+00,-8.721843719482421875e+00,-1.251849269866943359e+01,-1.579956817626953125e+01,-1.830963516235351562e+01,-1.986152648925781250e+01,-2.035350418090820312e+01,-1.977871322631835938e+01,-1.822605514526367188e+01,-1.587239170074462891e+01,-1.296671104431152344e+01,-9.807701110839843750e+00,-6.716691017150878906e+00,-4.008419990539550781e+00,-1.962233304977416992e+00,-7.963343858718872070e-01,-6.474149823188781738e-01,-1.557540416717529297e+00,-3.469510078430175781e+00,-6.231163501739501953e+00,-9.608298301696777344e+00,-1.330509662628173828e+01,-1.699026870727539062e+01,-2.032661628723144531e+01,-2.300138282775878906e+01,-2.475467300415039062e+01,-2.540339851379394531e+01,-2.485856819152832031e+01,-2.313434219360351562e+01,-2.034796524047851562e+01,-1.671053504943847656e+01,-1.250934886932373047e+01,-8.083336830139160156e+00,-3.793706178665161133e+00,7.643574848771095276e-03,3.009148597717285156e+00,4.967322826385498047e+00,5.728741645812988281e+00,5.244292259216308594e+00,3.574393749237060547e+00,8.846722245216369629e-01,-2.567589044570922852e+00,-6.455089092254638672e+00,-1.040838813781738281e+01,-1.404762363433837891e+01,-1.701531982421875000e+01,-1.900742340087890625e+01,-1.979988479614257812e+01,-1.926840591430664062e+01,-1.739968872070312500e+01,-1.429310989379882812e+01,-1.015270709991455078e+01,-5.270126819610595703e+00,-1.310400372873986655e-14
0.000000000000000000e+00,2.110300540924072266e+00,3.965809583663940430e+00,5.336250782012939453e+00,6.038066387176513672e+00,5.952210903167724609e+00,5.035843849182128906e+00,3.326804637908935547e+00,9.404224753379821777e-01,-1.941075325012207031e+00,-5.085589408874511719e+00,-8.233041763305664062e+00,-1.112010478973388672e+01,-1.350544548034667969e+01,-1.519312381744384766e+01,-1.605190086364746094e+01,-1.602862167358398438e+01,-1.515433025360107422e+01,-1.354245567321777344e+01,-1.137916374206542969e+01,-8.906645774841308594e+00,-6.400833129882812500e+00,-4.145522594451904297e+00,-2.405284881591796875e+00,-1.399656176567077637e+00,-1.281030297279357910e+00,-2.118374586105346680e+00,-3.888377189636230469e+00,-6.474986076354980469e+00,-9.677543640136718750e+00,-1.322694015502929688e+01,-1.680847167968750000e+01,-2.008945465087890625e+01,-2.274919700622558594e+01,-2.450864028930664062e+01,-2.515703010559082031e+01,-2.457310485839843750e+01,-2.273884963989257812e+01,-1.974437904357910156e+01,-1.578336334228515625e+01,-1.113920211791992188e+01,-6.162963867187500000e+00,-1.244880318641662598e+00,3.218241691589355469e+00,6.856929779052734375e+00,9.361348152160644531e+00,1.050917053222656250e+01,1.018653869628906250e+01,8.400189399719238281e+00,5.279563903808593750e+00,1.068568587303161621e+00,-3.892463445663452148e+00,-9.193212509155273438e+00,-1.438608264923095703e+01,-1.902249336242675781e+01,-2.268972969055175781e+01,-2.504526138305664062e+01,-2.584561538696289062e+01,-2.496735191345214844e+01,-2.241831588745117188e+01,-1.833816337585449219e+01,-1.298806285858154297e+01,-6.730382919311523438e+00,-1.672543126132047808e-14
0.000000000000000000e+00,1.555928111076354980e+00,2.904303550720214844e+00,3.858771562576293945e+00,4.273285388946533203e+00,4.057233333587646484e+00,3.185081958770751953e+00,1.699545860290527344e+00,-2.920653820037841797e-01,-2.628027915954589844e+00,-5.107967376708984375e+00,-7.512717723846435547e+00,-9.626374244689941406e+00,-1.125840091705322266e+01,-1.226361751556396484e+01,-1.255807113647460938e+01,-1.212916278839111328e+01,-1.103890991210937500e+01,-9.419889450073242188e+00,-7.464070796966552734e+00,-5.405462741851806641e+00,-3.498075246810913086e+00,-1.991203427314758301e+00,-1.104317665100097656e+00,-1.003953337669372559e+00,-1.784852623939514160e+00,-3.457273483276367188e+00,-5.941854476928710938e+00,-9.072758674621582031e+00,-1.260906887054443359e+01,-1.625366020202636719e+01,-1.967803764343261719e+01,-2.255109405517578125e+01,-2.456925773620605469e+01,-2.548538970947265625e+01,-2.513375473022460938e+01,-2.344871520996093750e+01,-2.047528648376464844e+01,-1.637034797668457031e+01,-1.139411926269531250e+01,-5.892346858978271484e+00,-2.704699933528900146e-01,5.038225173950195312e+00,9.607897758483886719e+00,1.305595397949218750e+01,1.507632160186767578e+01,1.546730422973632812e+01,1.415152645111083984e+01,1.118611145019531250e+01,6.762005805969238281e+00,1.192288517951965332e+00,-5.109786987304687500e+00,-1.166140174865722656e+01,-1.794704627990722656e+01,-2.345872879028320312e+01,-2.773628044128417969e+01,-3.040444755554199219e+01,-3.120369338989257812e+01,-3.001215744018554688e+01,-2.685688018798828125e+01,-2.191327667236328125e+01,-1.549285030364990234e+01,-8.020036697387695312e+00,-1.992347869257844739e-14
0.000000000000000000e+00,1.224668741226196289e+00,2.275271415710449219e+00,2.996459245681762695e+00,3.268402576446533203e+00,3.019942760467529297e+00,2.236733675003051758e+00,9.634864330291748047e-01,-6.999635100364685059e-01,-2.608448266983032227e+00,-4.586197853088378906e+00,-6.445089817047119141e+00,-8.004614830017089844e+00,-9.111568450927734375e+00,-9.657453536987304688e+00,-9.591765403747558594e+00,-8.929713249206542969e+00,-7.753423213958740234e+00,-6.206303119659423828e+00,-4.480904102325439453e+00,-2.801253318786621094e+00,-1.401208877563476562e+00,-5.008104443550109863e-01,-2.828598320484161377e-01,-8.720136880874633789e-01,-2.318507671356201172e+00,-4.588263988494873047e+00,-7.560595035552978516e+00,-1.103404140472412109e+01,-1.474015140533447266e+01,-1.836425971984863281e+01,-2.157165336608886719e+01,-2.403695297241210938e+01,-2.547417831420898438e+01,-2.566481590270996094e+01,-2.448127746582031250e+01,-2.190349578857421875e+01,-1.802687263488769531e+01,-1.306059932708740234e+01,-7.316058158874511719e+00,-1.185983300209045410e+00,4.884188175201416016e+00,1.043060111999511719e+01,1.500817680358886719e+01,1.822768211364746094e+01,1.978954124450683594e+01,1.951148033142089844e+01,1.734750366210937500e+01,1.339642524719238281e+01,7.898927211761474609e+00,1.223144769668579102e+00,-6.160346984863281250e+00,-1.371233177185058594e+01,-2.086498641967773438e+01,-2.706502723693847656e+01,-3.181657791137695312e+01,-3.472027969360351562e+01,-3.550548171997070312e+01,-3.405287170410156250e+01,-3.040556526184082031e+01,-2.476777076721191406e+01,-1.749089241027832031e+01,-9.048214912414550781e+00,-2.247266331085583796e-14
0.000000000000000000e+00,1.178415060043334961e+00,2.198549509048461914e+00,2.919443845748901367e+00,3.232969999313354492e+00,3.075903177261352539e+00,2.437267780303955078e+00,1.360146045684814453e+00,-6.230515614151954651e-02,-1.696293950080871582e+00,-3.381397247314453125e+00,-4.947751522064208984e+00,-6.234710693359375000e+00,-7.109062671661376953e+00,-7.480900764465332031e+00,-7.315438747406005859e+00,-6.639417171478271484e+00,-5.541256904602050781e+00,-4.164712905883789062e+00,-2.696423053741455078e+00,-1.348356723785400391e+00,-3.367148041725158691e-01,1.407752335071563721e-01,-7.300955057144165039e-02,-1.075231671333312988e+00,-2.888533592224121094e+00,-5.452914714813232422e+00,-8.625143051147460938e+00,-1.218612957000732422e+01,-1.585596656799316406e+01,-1.931560897827148438e+01,-2.223351669311523438e+01,-2.429506683349609375e+01,-2.523218154907226562e+01,-2.485050582885742188e+01,-2.305162048339843750e+01,-1.984802627563476562e+01,-1.536931037902832031e+01,-9.858524322509765625e+00,-3.658663511276245117e+00,2.809993505477905273e+00,9.080138206481933594e+00,1.467301464080810547e+01,1.913652801513671875e+01,2.208279228210449219e+01,2.322196006774902344e+01,2.238942718505859375e+01,1.956392478942871094e+01,1.487478351593017578e+01,8.597414016723632812e+00,1.137070894241333008e+00,-6.998096466064453125e+00,-1.523281764984130859e+01,-2.296661758422851562e+01,-2.961868667602539062e+01,-3.467217636108398438e+01,-3.771440887451171875e+01,-3.846977996826171875e+01,-3.682263565063476562e+01,-3.282819747924804688e+01,-2.671058654785156250e+01,-1.884793472290039062e+01,-9.745673179626464844e+00,-2.420117803532927103e-14
0.000000000000000000e+00,1.451833724975585938e+00,2.741209506988525391e+00,3.722820997238159180e+00,4.283886909484863281e+00,4.356149673461914062e+00,3.923229217529296875e+00,3.022541284561157227e+00,1.741524219512939453e+00,2.085032761096954346e-01,-1.420935392379760742e+00,-2.980712175369262695e+00,-4.312479019165039062e+00,-5.283433914184570312e+00,-5.801861286163330078e+00,-5.828731060028076172e+00,-5.384022235870361328e+00,-4.546967029571533203e+00,-3.449962377548217773e+00,-2.266551733016967773e+00,-1.194458007812500000e+00,-4.351926147937774658e-01,-1.721442043781280518e-01,-5.492728352546691895e-01,-1.652560353279113770e+00,-3.496181488037109375e+00,-6.014984607696533203e+00,-9.064334869384765625e+00,-1.242771816253662109e+01,-1.583177566528320312e+01,-1.896776008605957031e+01,-2.151771736145019531e+01,-2.318325614929199219e+01,-2.371434783935546875e+01,-2.293560028076171875e+01,-2.076747131347656250e+01,-1.724028015136718750e+01,-1.249945068359375000e+01,-6.801076889038085938e+00,-4.977568089962005615e-01,5.984530448913574219e+00,1.217692375183105469e+01,1.760328292846679688e+01,2.181811141967773438e+01,2.444369888305664062e+01,2.520341110229492188e+01,2.394818496704101562e+01,2.067386054992675781e+01,1.552760505676269531e+01,8.802588462829589844e+00,9.209678173065185547e-01,-7.593768596649169922e+00,-1.615316009521484375e+01,-2.414616584777832031e+01,-3.098436164855957031e+01,-3.614643478393554688e+01,-3.921845626831054688e+01,-3.992671966552734375e+01,-3.816042327880859375e+01,-3.398236465454101562e+01,-2.762658691406250000e+01,-1.948309898376464844e+01,-1.007070732116699219e+01,-2.500555440335984481e-14
0.000000000000000000e+00,2.048961400985717773e+00,3.910961151123046875e+00,5.417273521423339844e+00,6.433822631835937500e+00,6.874133110046386719e+00,6.707516193389892578e+00,5.961650848388671875e+00,4.719284057617187500e+00,3.109347820281982422e+00,1.293350696563720703e+00,-5.516137480735778809e-01,-2.251559019088745117e+00,-3.654114723205566406e+00,-4.644963741302490234e+00,-5.160500526428222656e+00,-5.195341110229492188e+00,-4.803807735443115234e+00,-4.095095157623291016e+00,-3.222433805465698242e+00,-2.367185831069946289e+00,-1.719325423240661621e+00,-1.456156611442565918e+00,-1.721357583999633789e+00,-2.606468915939331055e+00,-4.136784076690673828e+00,-6.263240337371826172e+00,-8.861387252807617188e+00,-1.173788070678710938e+01,-1.464423465728759766e+01,-1.729688835144042969e+01,-1.940199470520019531e+01,-2.068283462524414062e+01,-2.090744400024414062e+01,-1.991391944885253906e+01,-1.763093948364257812e+01,-1.409142684936523438e+01,-9.437784194946289062e+00,-3.917789697647094727e+00,2.128909111022949219e+00,8.292982101440429688e+00,1.412477302551269531e+01,1.916862297058105469e+01,2.299946975708007812e+01,2.525872230529785156e+01,2.568639183044433594e+01,2.414666748046875000e+01,2.064455986022949219e+01,1.533198738098144531e+01,8.502402305603027344e+00,5.740688443183898926e-01,-7.937015056610107422e+00,-1.645266151428222656e+01,-2.437390327453613281e+01,-3.112510681152343750e+01,-3.619739151000976562e+01,-3.918790817260742188e+01,-3.983181762695312500e+01,-3.802437591552734375e+01,-3.383125686645507812e+01,-2.748613166809082031e+01,-1.937562370300292969e+01,-1.001262855529785156e+01,-2.485928875402797222e-14
0.000000000000000000e+00,2.942538499832153320e+00,5.654864311218261719e+00,7.927241802215576172e+00,9.588959693908691406e+00,1.052318286895751953e+01,1.067672443389892578e+01,1.006381130218505859e+01,8.763491630554199219e+00,6.910962104797363281e+00,4.683643341064453125e+00,2.283358812332153320e+00,-8.365789800882339478e-02,-2.226978302001953125e+00,-3.990452051162719727e+00,-5.267112731933593750e+00,-6.009036540985107422e+00,-6.231150627136230469e+00,-6.008557796478271484e+00,-5.467590332031250000e+00,-4.771399974822998047e+00,-4.101459503173828125e+00,-3.636760473251342773e+00,-3.532755136489868164e+00,-3.902170896530151367e+00,-4.799676895141601562e+00,-6.212071895599365234e+00,-8.055163383483886719e+00,-1.017790889739990234e+01,-1.237368392944335938e+01,-1.439789485931396484e+01,-1.599047279357910156e+01,-1.690132522583007812e+01,-1.691642189025878906e+01,-1.588209247589111328e+01,-1.372515869140625000e+01,-1.046682548522949219e+01,-6.228751182556152344e+00,-1.230363249778747559e+00,4.222766876220703125e+00,9.758874893188476562e+00,1.496690940856933594e+01,1.942836761474609375e+01,2.275150680541992188e+01,2.460513114929199219e+01,2.474901390075683594e+01,2.305831909179687500e+01,1.953968238830566406e+01,1.433737087249755859e+01,7.728620529174804688e+00,1.082003191113471985e-01,-8.036888122558593750e+00,-1.616081809997558594e+01,-2.369798278808593750e+01,-3.010473251342773438e+01,-3.490048980712890625e+01,-3.770504760742187500e+01,-3.826897048950195312e+01,-3.649465179443359375e+01,-3.244616699218750000e+01,-2.634710311889648438e+01,-1.856628608703613281e+01,-9.592497825622558594e+00,-2.381465996083818870e-14
0.000000000000000000e+00,4.076146125793457031e+00,7.863468170166015625e+00,1.109681510925292969e+01,1.355627727508544922e+01,1.508473014831542969e+01,1.559981060028076172e+01,1.509928512573242188e+01,1.365937328338623047e+01,1.142624092102050781e+01,8.601478576660156250e+00,5.422966003417968750e+00,2.142886161804199219e+00,-9.950352907180786133e-01,-3.776971340179443359e+00,-6.037130832672119141e+00,-7.670931339263916016e+00,-8.642010688781738281e+00,-8.982480049133300781e+00,-8.786435127258300781e+00,-8.197410583496093750e+00,-7.391021728515625000e+00,-6.554515361785888672e+00,-5.865242481231689453e+00,-5.470196723937988281e+00,-5.468678951263427734e+00,-5.899850845336914062e+00,-6.736512660980224609e+00,-7.885848999023437500e+00,-9.197222709655761719e+00,-1.047642230987548828e+01,-1.150513839721679688e+01,-1.206389999389648438e+01,-1.195634174346923828e+01,-1.103246784210205078e+01,-9.208621978759765625e+00,-6.482103824615478516e+00,-2.938803195953369141e+00,1.247169613838195801e+00,5.822189331054687500e+00,1.046972560882568359e+01,1.483370876312255859e+01,1.854683303833007812e+01,2.126150894165039062e+01,2.268082809448242188e+01,2.258685684204101562e+01,2.086367034912109375e+01,1.751299285888671875e+01,1.266078472137451172e+01,6.553924083709716797e+00,-4.530878961086273193e-01,-7.920626163482666016e+00,-1.535408210754394531e+01,-2.223940086364746094e+01,-2.808126449584960938e+01,-3.244094085693359375e+01,-3.497070693969726562e+01,-3.544208145141601562e+01,-3.376544570922851562e+01,-2.999944496154785156e+01,-2.434919738769531250e+01,-1.715337753295898438e+01,-8.861051559448242188e+00,-2.199759132986110755e-14
0.000000000000000000e+00,5.368955612182617188e+00,1.038002014160156250e+01,1.470282554626464844e+01,1.805972671508789062e+01,2.024657249450683594e+01,2.114731407165527344e+01,2.074126243591308594e+01,1.910247611999511719e+01,1.639137649536132812e+01,1.283946609497070312e+01,8.728510856628417969e+00,4.366109371185302734e+00,5.980094522237777710e-02,-3.907989263534545898e+00,-7.301997184753417969e+00,-9.951272964477539062e+00,-1.176002025604248047e+01,-1.271129608154296875e+01,-1.286339282989501953e+01,-1.233940696716308594e+01,-1.131111335754394531e+01,-9.978779792785644531e+00,-8.548907279968261719e+00,-7.212088584899902344e+00,-6.123102188110351562e+00,-5.385187149047851562e+00,-5.039999008178710938e+00,-5.064221382141113281e+00,-5.373167037963867188e+00,-5.831028461456298828e+00,-6.266794681549072266e+00,-6.494299888610839844e+00,-6.334449291229248047e+00,-5.637431621551513672e+00,-4.302698135375976562e+00,-2.294657230377197266e+00,3.476063609123229980e-01,3.507727622985839844e+00,6.997095108032226562e+00,1.056731986999511719e+01,1.392924690246582031e+01,1.677698707580566406e+01,1.881493377685546875e+01,1.978541183471679688e+01,1.949447631835937500e+01,1.783344268798828125e+01,1.479412174224853516e+01,1.047613239288330078e+01,5.085382938385009766e+00,-1.076446294784545898e+00,-7.630850791931152344e+00,-1.414853096008300781e+01,-2.018054199218750000e+01,-2.529211425781250000e+01,-2.909642982482910156e+01,-3.128557586669921875e+01,-3.165610504150390625e+01,-3.012700271606445312e+01,-2.674852371215820312e+01,-2.170099830627441406e+01,-1.528362846374511719e+01,-7.894014358520507812e+00,-1.959600050857688430e-14
0.000000000000000000e+00,6.722671508789062500e+00,1.301392555236816406e+01,1.847399902343750000e+01,2.276388740539550781e+01,2.562957000732421875e+01,2.691944694519042969e+01,2.659361839294433594e+01,2.472436904907226562e+01,2.148794364929199219e+01,1.714837646484375000e+01,1.203488063812255859e+01,6.514743328094482422e+00,9.640504121780395508e-01,-4.261272907257080078e+00,-8.851728439331054688e+00,-1.256568145751953125e+01,-1.524432086944580078e+01,-1.681904411315917969e+01,-1.731091308593750000e+01,-1.682245445251464844e+01,-1.552281951904296875e+01,-1.362781715393066406e+01,-1.137681770324707031e+01,-9.008713722229003906e+00,-6.739195346832275391e+00,-4.741416454315185547e+00,-3.131772041320800781e+00,-1.962010741233825684e+00,-1.218280076980590820e+00,-8.270482420921325684e-01,-6.671896576881408691e-01,-5.869389176368713379e-01,-4.239623844623565674e-01,-2.650237642228603363e-02,7.265512347221374512e-01,1.908706903457641602e+00,3.533786296844482422e+00,5.550003051757812500e+00,7.840915203094482422e+00,1.023331642150878906e+01,1.251145648956298828e+01,1.443637466430664062e+01,1.576862716674804688e+01,1.629232215881347656e+01,1.583822250366210938e+01,1.430370616912841797e+01,1.166761398315429688e+01,7.998438835144042969e+00,3.454884052276611328e+00,-1.721534132957458496e+00,-7.221438407897949219e+00,-1.268903064727783203e+01,-1.774835395812988281e+01,-2.203225898742675781e+01,-2.521166801452636719e+01,-2.702268791198730469e+01,-2.728922271728515625e+01,-2.593913269042968750e+01,-2.301246452331542969e+01,-1.866097450256347656e+01,-1.313883590698242188e+01,-6.785203933715820312e+00,-1.684271483132909752e-14
0.000000000000000000e+00,8.030059814453125000e+00,1.555727100372314453e+01,2.211445236206054688e+01,2.730298423767089844e+01,3.082040596008300781e+01,3.248057937622070312e+01,3.222496795654296875e+01,3.012419319152832031e+01,2.636996269226074219e+01,2.125807762145996094e+01,1.516406250000000000e+01,8.513475418090820312e+00,1.749351143836975098e+00,-4.700572967529296875e+00,-1.045424175262451172e+01,-1.520092010498046875e+01,-1.872018051147460938e+01,-2.089293479919433594e+01,-2.170390892028808594e+01,-2.123567199707031250e+01,-1.965506553649902344e+01,-1.719349670410156250e+01,-1.412302207946777344e+01,-1.073046302795410156e+01,-7.291906356811523438e+00,-4.049808979034423828e+00,-1.194642305374145508e+00,1.147463917732238770e+00,2.920206069946289062e+00,4.135499477386474609e+00,4.865222454071044922e+00,5.227360725402832031e+00,5.368101119995117188e+00,5.441767215728759766e+00,5.590667724609375000e+00,5.926883220672607422e+00,6.517817020416259766e+00,7.376939296722412109e+00,8.460637092590332031e+00,9.671489715576171875e+00,1.086765861511230469e+01,1.187747478485107422e+01,1.251782989501953125e+01,1.261455059051513672e+01,1.202278041839599609e+01,1.064533615112304688e+01,8.447177886962890625e+00,5.464493751525878906e+00,1.807359695434570312e+00,-2.344465970993041992e+00,-6.752427101135253906e+00,-1.113593101501464844e+01,-1.519362545013427734e+01,-1.862741088867187500e+01,-2.116710472106933594e+01,-2.259362220764160156e+01,-2.275859069824218750e+01,-2.159865570068359375e+01,-1.914310836791992188e+01,-1.551412391662597656e+01,-1.091944313049316406e+01,-5.638056278228759766e+00,-1.399441746838779588e-14
0.000000000000000000e+00,9.184293746948242188e+00,1.780294418334960938e+01,2.532946777343750000e+01,3.131273651123046875e+01,3.540751266479492188e+01,3.739703369140625000e+01,3.720601272583007812e+01,3.490323257446289062e+01,3.069359779357910156e+01,2.490049552917480469e+01,1.793994712829589844e+01,1.028869342803955078e+01,2.448795557022094727e+00,-5.088465213775634766e+00,-1.187658309936523438e+01,-1.754318046569824219e+01,-2.181259346008300781e+01,-2.452017974853515625e+01,-2.561754417419433594e+01,-2.516862678527832031e+01,-2.333738136291503906e+01,-2.036838722229003906e+01,-1.656230545043945312e+01,-1.224843692779541016e+01,-7.756803989410400391e+00,-3.392113208770751953e+00,5.882974863052368164e-01,3.990842342376708984e+00,6.695293426513671875e+00,8.657131195068359375e+00,9.902837753295898438e+00,1.051894664764404297e+01,1.063620376586914062e+01,1.041059780120849609e+01,1.000322532653808594e+01,9.561019897460937500e+00,9.200202941894531250e+00,8.994018554687500000e+00,8.965838432312011719e+00,9.088190078735351562e+00,9.287672042846679688e+00,9.455121040344238281e+00,9.459931373596191406e+00,9.166981697082519531e+00,8.454418182373046875e+00,7.230448722839355469e+00,5.447402954101562500e+00,3.111587285995483398e+00,2.878681421279907227e-01,-2.901588678359985352e+00,-6.284415721893310547e+00,-9.650428771972656250e+00,-1.276822757720947266e+01,-1.540454006195068359e+01,-1.734454917907714844e+01,-1.841134834289550781e+01,-1.848271942138671875e+01,-1.750364685058593750e+01,-1.549337863922119141e+01,-1.254630470275878906e+01,-8.826498031616210938e+00,-4.556314945220947266e+00,-1.130855984890618768e-14
0.000000000000000000e+00,1.008830547332763672e+01,1.956275749206542969e+01,2.785126495361328125e+01,3.446217346191406250e+01,3.901699829101562500e+01,4.127486801147460938e+01,4.114687728881835938e+01,3.869948577880859375e+01,3.414679718017578125e+01,2.783252906799316406e+01,2.020311355590820312e+01,1.177421760559082031e+01,3.093250751495361328e+00,-5.299207210540771484e+00,-1.290615367889404297e+01,-1.930638122558593750e+01,-2.417989158630371094e+01,-2.732483673095703125e+01,-2.866501426696777344e+01,-2.824773406982421875e+01,-2.623265457153320312e+01,-2.287284278869628906e+01,-1.848992919921875000e+01,-1.344561767578125000e+01,-8.111994743347167969e+00,-2.843091011047363281e+00,2.050056219100952148e+00,6.319014072418212891e+00,9.790917396545410156e+00,1.237411117553710938e+01,1.405645561218261719e+01,1.489690589904785156e+01,1.501155948638916016e+01,1.455577278137207031e+01,1.370424365997314453e+01,1.263104724884033203e+01,1.149150085449218750e+01,1.040752220153808594e+01,9.457694053649902344e+00,8.672784805297851562e+00,8.036900520324707031e+00,7.493901729583740234e+00,6.958209037780761719e+00,6.328712463378906250e+00,5.504229068756103516e+00,4.398839473724365234e+00,2.955462694168090820e+00,1.156245350837707520e+00,-9.713268876075744629e-01,-3.353257417678833008e+00,-5.872961044311523438e+00,-8.379933357238769531e+00,-1.070234870910644531e+01,-1.266238403320312500e+01,-1.409278774261474609e+01,-1.485308551788330078e+01,-1.484385776519775391e+01,-1.401767253875732422e+01,-1.238559246063232422e+01,-1.001857948303222656e+01,-7.043599128723144531e+00,-3.634722232818603516e+00,-9.020252061020701817e-15
0.000000000000000000e+00,1.066329193115234375e+01,2.068393325805664062e+01,2.946245574951171875e+01,3.648261260986328125e+01,4.134534835815429688e+01,4.379431915283203125e+01,4.373109436035156250e+01,4.121912765502929688e+01,3.647632980346679688e+01,2.985694694519042969e+01,2.182429122924804688e+01,1.291650295257568359e+01,3.707998037338256836e+00,-5.230459213256835938e+00,-1.337007045745849609e+01,-2.025795555114746094e+01,-2.554436492919921875e+01,-2.900136756896972656e+01,-3.053198242187500000e+01,-3.016942787170410156e+01,-2.806698226928710938e+01,-2.447968292236328125e+01,-1.973961448669433594e+01,-1.422705173492431641e+01,-8.339862823486328125e+00,-2.463714838027954102e+00,3.054673910140991211e+00,7.929252624511718750e+00,1.194991874694824219e+01,1.499053192138671875e+01,1.700948333740234375e+01,1.804328918457031250e+01,1.819425392150878906e+01,1.761367797851562500e+01,1.648241615295410156e+01,1.499072170257568359e+01,1.331925296783447266e+01,1.162292957305908203e+01,1.001894474029541016e+01,8.579814910888671875e+00,7.331787586212158203e+00,6.258440017700195312e+00,5.308771610260009766e+00,4.408706665039062500e+00,3.474625587463378906e+00,2.427390098571777344e+00,1.205334544181823730e+00,-2.251487225294113159e-01,-1.862529516220092773e+00,-3.667274951934814453e+00,-5.563468933105468750e+00,-7.444722175598144531e+00,-9.183743476867675781e+00,-1.064457702636718750e+01,-1.169625186920166016e+01,-1.222643470764160156e+01,-1.215370368957519531e+01,-1.143718910217285156e+01,-1.008257007598876953e+01,-8.143820762634277344e+00,-5.720456600189208984e+00,-2.950529813766479492e+00,-7.321199683551615073e-15
0.000000000000000000e+00,1.085564613342285156e+01,2.106254005432128906e+01,3.001514816284179688e+01,3.719124984741210938e+01,4.218603515625000000e+01,4.473776626586914062e+01,4.474325561523437500e+01,4.226213073730468750e+01,3.750973129272460938e+01,3.083935356140136719e+01,2.271529960632324219e+01,1.367888069152832031e+01,4.309994220733642578e+00,-4.812821388244628906e+00,-1.315090942382812500e+01,-2.023983573913574219e+01,-2.571717453002929688e+01,-2.934194755554199219e+01,-3.100458908081054688e+01,-3.072712516784667969e+01,-2.865393638610839844e+01,-2.503426551818847656e+01,-2.019818115234375000e+01,-1.452812671661376953e+01,-8.428491592407226562e+00,-2.295630693435668945e+00,3.509369373321533203e+00,8.683223724365234375e+00,1.299680233001708984e+01,1.630441474914550781e+01,1.854576873779296875e+01,1.974094963073730469e+01,1.997938346862792969e+01,1.940412139892578125e+01,1.819319343566894531e+01,1.653986549377441406e+01,1.463362789154052734e+01,1.264361095428466797e+01,1.070572566986083984e+01,8.914475440979003906e+00,7.319847583770751953e+00,5.929209709167480469e+00,4.713656902313232422e+00,3.617846012115478516e+00,2.572072744369506836e+00,1.505173921585083008e+00,3.568182587623596191e-01,-9.121218919754028320e-01,-2.312191486358642578e+00,-3.821687936782836914e+00,-5.387034893035888672e+00,-6.927085876464843750e+00,-8.340849876403808594e+00,-9.517779350280761719e+00,-1.034951496124267578e+01,-1.074182605743408203e+01,-1.062549972534179688e+01,-9.965019226074218750e+00,-8.764129638671875000e+00,-7.067675113677978516e+00,-4.959502696990966797e+00,-2.556596279144287109e+00,-6.342575932776622905e-15
0.000000000000000000e+00,1.064167690277099609e+01,2.065264129638671875e+01,2.944395637512207031e+01,3.650724029541015625e+01,4.144766616821289062e+01,4.400884628295898438e+01,4.408789825439453125e+01,4.173971939086914062e+01,3.717031097412109375e+01,3.071978569030761719e+01,2.283651924133300781e+01,1.404443740844726562e+01,4.906003952026367188e+00,-4.016342639923095703e+00,-1.219744873046875000e+01,-1.918275451660156250e+01,-2.461535644531250000e+01,-2.825509262084960938e+01,-2.998855018615722656e+01,-2.982963943481445312e+01,-2.791113281250000000e+01,-2.446818733215332031e+01,-1.981551361083984375e+01,-1.432021903991699219e+01,-8.372619628906250000e+00,-2.357381582260131836e+00,3.372825384140014648e+00,8.519268989562988281e+00,1.285325527191162109e+01,1.622551345825195312e+01,1.856858444213867188e+01,1.989253997802734375e+01,2.027487182617187500e+01,1.984587860107421875e+01,1.877111244201660156e+01,1.723270606994628906e+01,1.541125869750976562e+01,1.346993350982666016e+01,1.154199218750000000e+01,9.722706794738769531e+00,8.066035270690917969e+00,6.586034297943115234e+00,5.262485027313232422e+00,4.049866199493408203e+00,2.888489723205566406e+00,1.716475486755371094e+00,4.812233746051788330e-01,-8.508687019348144531e-01,-2.287446260452270508e+00,-3.806694984436035156e+00,-5.357605457305908203e+00,-6.863915920257568359e+00,-8.231265068054199219e+00,-9.356756210327148438e+00,-1.013989448547363281e+01,-1.049372577667236328e+01,-1.035499763488769531e+01,-9.692259788513183594e+00,-8.511047363281250000e+00,-6.855579853057861328e+00,-4.806764602661132812e+00,-2.476673603057861328e+00,-6.143325831495152073e-15
0.000000000000000000e+00,1.002971172332763672e+01,1.947036361694335938e+01,2.777179527282714844e+01,3.445884323120117188e+01,3.916207122802734375e+01,4.164094543457031250e+01,4.179785537719726562e+01,3.968212890625000000e+01,3.548379516601562500e+01,2.951785278320312500e+01,2.220020675659179688e+01,1.401730537414550781e+01,5.491768836975097656e+00,-2.853412628173828125e+00,-1.052944564819335938e+01,-1.711261558532714844e+01,-2.226936531066894531e+01,-2.577394676208496094e+01,-2.751765823364257812e+01,-2.750935935974121094e+01,-2.586759567260742188e+01,-2.280536270141601562e+01,-1.860901069641113281e+01,-1.361320590972900391e+01,-8.174077033996582031e+00,-2.642726182937622070e+00,2.658878087997436523e+00,7.457874298095703125e+00,1.154506111145019531e+01,1.478323173522949219e+01,1.710907363891601562e+01,1.852895355224609375e+01,1.910941696166992188e+01,1.896363067626953125e+01,1.823528861999511719e+01,1.708159446716308594e+01,1.565695858001708984e+01,1.409886169433593750e+01,1.251704216003417969e+01,1.098678684234619141e+01,9.546689033508300781e+00,8.200743675231933594e+00,6.924287319183349609e+00,5.672871589660644531e+00,4.392971515655517578e+00,3.033232212066650391e+00,1.554999589920043945e+00,-5.903821438550949097e-02,-1.799017667770385742e+00,-3.625495672225952148e+00,-5.470716476440429688e+00,-7.243411064147949219e+00,-8.836621284484863281e+00,-1.013773822784423828e+01,-1.103970909118652344e+01,-1.145226192474365234e+01,-1.131198787689208984e+01,-1.059022235870361328e+01,-9.297924995422363281e+00,-7.486983299255371094e+00,-5.247799873352050781e+00,-2.703312635421752930e+00,-6.704965426732219236e-15
0.000000000000000000e+00,9.059389114379882812e+00,1.759253692626953125e+01,2.510793304443359375e+01,3.118101501464843750e+01,3.548156738281250000e+01,3.779433441162109375e+01,3.803147888183593750e+01,3.623600769042968750e+01,3.257612228393554688e+01,2.733102226257324219e+01,2.086938667297363281e+01,1.362223243713378906e+01,6.052291393280029297e+00,-1.377784013748168945e+00,-8.236023902893066406e+00,-1.414835548400878906e+01,-1.882054519653320312e+01,-2.205348396301269531e+01,-2.375092887878417969e+01,-2.391949844360351562e+01,-2.266127777099609375e+01,-2.015998458862304688e+01,-1.666208457946777344e+01,-1.245462131500244141e+01,-7.841641426086425781e+00,-3.121203899383544922e+00,1.435277223587036133e+00,5.599831581115722656e+00,9.199774742126464844e+00,1.212397384643554688e+01,1.432341957092285156e+01,1.580650424957275391e+01,1.662981605529785156e+01,1.688564300537109375e+01,1.668758201599121094e+01,1.615576934814453125e+01,1.540315151214599609e+01,1.452410507202148438e+01,1.358635616302490234e+01,1.262682056427001953e+01,1.165156459808349609e+01,1.063964748382568359e+01,9.550253868103027344e+00,8.332184791564941406e+00,6.934569358825683594e+00,5.317572116851806641e+00,3.461874961853027344e+00,1.375872492790222168e+00,-9.002442359924316406e-01,-3.294005870819091797e+00,-5.703916549682617188e+00,-8.006180763244628906e+00,-1.006430244445800781e+01,-1.174064731597900391e+01,-1.290887641906738281e+01,-1.346603775024414062e+01,-1.334313678741455078e+01,-1.251313877105712891e+01,-1.099557781219482422e+01,-8.857282638549804688e+00,-6.209056854248046875e+00,-3.198563814163208008e+00,-7.933324136510933045e-15
0.000000000000000000e+00,7.798205852508544922e+00,1.514999485015869141e+01,2.163848114013671875e+01,2.690367317199707031e+01,3.066570472717285156e+01,3.274223327636718750e+01,3.305882644653320312e+01,3.165166091918945312e+01,2.866245269775390625e+01,2.432614135742187500e+01,1.895240020751953125e+01,1.290247821807861328e+01,6.563207626342773438e+00,3.201885819435119629e-01,-5.467823028564453125e+00,-1.049146652221679688e+01,-1.450869560241699219e+01,-1.735690689086914062e+01,-1.895862770080566406e+01,-1.932064437866210938e+01,-1.852696037292480469e+01,-1.672651481628417969e+01,-1.411688041687011719e+01,-1.092552852630615234e+01,-7.390325546264648438e+00,-3.740894079208374023e+00,-1.823674589395523071e-01,3.117266893386840820e+00,6.035389423370361328e+00,8.498131752014160156e+00,1.047897529602050781e+01,1.199304580688476562e+01,1.308796501159667969e+01,1.383239650726318359e+01,1.430358886718750000e+01,1.457526016235351562e+01,1.470707511901855469e+01,1.473677349090576172e+01,1.467567729949951172e+01,1.450798225402832031e+01,1.419380474090576172e+01,1.367559051513671875e+01,1.288714694976806641e+01,1.176428031921386719e+01,1.025588130950927734e+01,8.334219932556152344e+00,6.003312587738037109e+00,3.304376363754272461e+00,3.176951408386230469e-01,-2.839463472366333008e+00,-6.018838405609130859e+00,-9.050659179687500000e+00,-1.175586032867431641e+01,-1.395999526977539062e+01,-1.550761890411376953e+01,-1.627585220336914062e+01,-1.618589210510253906e+01,-1.521136951446533203e+01,-1.338275051116943359e+01,-1.078730678558349609e+01,-7.564544200897216797e+00,-3.897419214248657227e+00,-9.667083688993764745e-15
0.000000000000000000e+00,6.335628509521484375e+00,1.231616210937500000e+01,1.761014366149902344e+01,2.193162155151367188e+01,2.505863952636718750e+01,2.684697151184082031e+01,2.723814582824707031e+01,2.626126098632812500e+01,2.402852058410644531e+01,2.072501373291015625e+01,1.659360122680664062e+01,1.191622447967529297e+01,6.993123531341552734e+00,2.121671199798583984e+00,-2.423585653305053711e+00,-6.408152103424072266e+00,-9.650869369506835938e+00,-1.203239536285400391e+01,-1.349844360351562500e+01,-1.405780410766601562e+01,-1.377559947967529297e+01,-1.276260948181152344e+01,-1.116181564331054688e+01,-9.133480072021484375e+00,-6.840181827545166016e+00,-4.433125972747802734e+00,-2.040919065475463867e+00,2.383215576410293579e-01,2.340975284576416016e+00,4.237895488739013672e+00,5.930603027343750000e+00,7.444303989410400391e+00,8.818629264831542969e+00,1.009721088409423828e+01,1.131728363037109375e+01,1.250050258636474609e+01,1.364600181579589844e+01,1.472650718688964844e+01,1.568797206878662109e+01,1.645287895202636719e+01,1.692692947387695312e+01,1.700853538513183594e+01,1.660017967224121094e+01,1.562055778503417969e+01,1.401624298095703125e+01,1.177167415618896484e+01,8.916354179382324219e+00,5.528408050537109375e+00,1.733927488327026367e+00,-2.298051118850708008e+00,-6.364738464355468750e+00,-1.024233436584472656e+01,-1.370137405395507812e+01,-1.652348136901855469e+01,-1.851814651489257812e+01,-1.953814125061035156e+01,-1.949221038818359375e+01,-1.835396766662597656e+01,-1.616610145568847656e+01,-1.303949832916259766e+01,-9.147212982177734375e+00,-4.713683605194091797e+00,-1.169234793620826940e-14
0.000000000000000000e+00,4.775284290313720703e+00,9.291918754577636719e+00,1.330870342254638672e+01,1.661797904968261719e+01,1.905912590026855469e+01,2.052845001220703125e+01,2.098471450805664062e+01,2.044999122619628906e+01,1.900584220886230469e+01,1.678524589538574219e+01,1.396102237701416016e+01,1.073179912567138672e+01,7.306707859039306641e+00,3.890110015869140625e+00,6.675932407379150391e-01,-2.205662965774536133e+00,-4.613286972045898438e+00,-6.482331275939941406e+00,-7.783905506134033203e+00,-8.529993057250976562e+00,-8.766948699951171875e+00,-8.566478729248046875e+00,-8.015100479125976562e+00,-7.203181266784667969e+00,-6.214700222015380859e+00,-5.118718624114990234e+00,-3.963404417037963867e+00,-2.773142814636230469e+00,-1.548963785171508789e+00,-2.721678912639617920e-01,1.089305281639099121e+00,2.572497367858886719e+00,4.209996700286865234e+00,6.020524978637695312e+00,8.000638008117675781e+00,1.011854934692382812e+01,1.231089115142822266e+01,1.448295879364013672e+01,1.651264572143554688e+01,1.825792503356933594e+01,1.956735992431640625e+01,2.029282379150390625e+01,2.030334472656250000e+01,1.949884414672851562e+01,1.782246017456054688e+01,1.527025890350341797e+01,1.189726829528808594e+01,7.819092750549316406e+00,3.208681821823120117e+00,-1.711741566658020020e+00,-6.683180332183837891e+00,-1.142598819732666016e+01,-1.565847778320312500e+01,-1.911663246154785156e+01,-2.157339668273925781e+01,-2.285601043701171875e+01,-2.285999107360839844e+01,-2.155855941772460938e+01,-1.900669097900390625e+01,-1.533936786651611328e+01,-1.076403236389160156e+01,-5.547755241394042969e+00,-1.376195351117858942e-14
0.000000000000000000e+00,3.225928306579589844e+00,6.288097858428955078e+00,9.034123420715332031e+00,1.133342075347900391e+01,1.308581066131591797e+01,1.422761249542236328e+01,1.473474979400634766e+01,1.462265491485595703e+01,1.394307327270507812e+01,1.277810287475585938e+01,1.123209095001220703e+01,9.422160148620605469e+00,7.468257904052734375e+00,5.483665943145751953e+00,3.566802263259887695e+00,1.795057296752929688e+00,2.211582064628601074e-01,-1.127682447433471680e+00,-2.247864723205566406e+00,-3.155049562454223633e+00,-3.877907991409301758e+00,-4.450715541839599609e+00,-4.905650138854980469e+00,-5.265691280364990234e+00,-5.538960933685302734e+00,-5.715195655822753906e+00,-5.764847755432128906e+00,-5.641019344329833984e+00,-5.284157752990722656e+00,-4.629133224487304688e+00,-3.614052057266235352e+00,-2.189954757690429688e+00,-3.303887546062469482e-01,1.960171580314636230e+00,4.640057086944580078e+00,7.627120494842529297e+00,1.079903793334960938e+01,1.399749279022216797e+01,1.703618431091308594e+01,1.971226501464843750e+01,2.182043457031250000e+01,2.316869163513183594e+01,2.359446525573730469e+01,2.297981643676757812e+01,2.126433944702148438e+01,1.845456695556640625e+01,1.462888526916503906e+01,9.937297821044921875e+00,4.595774650573730469e+00,-1.124652266502380371e+00,-6.913453578948974609e+00,-1.243984031677246094e+01,-1.737436103820800781e+01,-2.141130256652832031e+01,-2.429024696350097656e+01,-2.581515312194824219e+01,-2.586944007873535156e+01,-2.442591094970703125e+01,-2.155061531066894531e+01,-1.740028762817382812e+01,-1.221343421936035156e+01,-6.295624732971191406e+00,-1.561779338125034167e-14
0.000000000000000000e+00,1.791991472244262695e+00,3.507157802581787109e+00,5.074483871459960938e+00,6.433997631072998047e+00,7.540905475616455078e+00,8.368223190307617188e+00,8.907665252685546875e+00,9.168712615966796875e+00,9.175996780395507812e+00,8.965311050415039062e+00,8.578683853149414062e+00,8.059094429016113281e+00,7.445424079895019531e+00,6.768220424652099609e+00,6.046792984008789062e+00,5.287996768951416016e+00,4.486890316009521484e+00,3.629253864288330078e+00,2.695732116699218750e+00,1.667178034782409668e+00,5.306122899055480957e-01,-7.148907780647277832e-01,-2.053117275238037109e+00,-3.447119474411010742e+00,-4.837692260742187500e+00,-6.144329547882080078e+00,-7.268836975097656250e+00,-8.101522445678710938e+00,-8.529616355895996094e+00,-8.447327613830566406e+00,-7.766713619232177734e+00,-6.428424835205078125e+00,-4.411293029785156250e+00,-1.739766240119934082e+00,1.511687278747558594e+00,5.217887878417968750e+00,9.206361770629882812e+00,1.326494312286376953e+01,1.715326881408691406e+01,2.061754798889160156e+01,2.340763473510742188e+01,2.529523658752441406e+01,2.609185981750488281e+01,2.566509246826171875e+01,2.395185089111328125e+01,2.096739959716796875e+01,1.680921363830566406e+01,1.165513515472412109e+01,5.755674839019775391e+00,-5.792247653007507324e-01,-6.998235225677490234e+00,-1.313034725189208984e+01,-1.860878562927246094e+01,-2.309547805786132812e+01,-2.630429458618164062e+01,-2.802139472961425781e+01,-2.812110137939453125e+01,-2.657608413696289062e+01,-2.346103668212890625e+01,-1.894944000244140625e+01,-1.330355262756347656e+01,-6.858285903930664062e+00,-1.701417801677589103e-14
0.000000000000000000e+00,5.645393133163452148e-01,1.125663876533508301e+00,1.681058168411254883e+00,2.230346202850341797e+00,2.775450706481933594e+00,3.320318698883056641e+00,3.869959115982055664e+00,4.428843021392822266e+00,4.998828411102294922e+00,5.576864719390869141e+00,6.152801513671875000e+00,6.707664966583251953e+00,7.212743759155273438e+00,7.629783630371093750e+00,7.912491321563720703e+00,8.009417533874511719e+00,7.868133068084716797e+00,7.440458774566650391e+00,6.688366889953613281e+00,5.590019226074218750e+00,4.145362377166748047e+00,2.380635261535644531e+00,3.512017130851745605e-01,-1.857810020446777344e+00,-4.133409500122070312e+00,-6.339347839355468750e+00,-8.323351860046386719e+00,-9.926657676696777344e+00,-1.099529933929443359e+01,-1.139236831665039062e+01,-1.101033210754394531e+01,-9.782397270202636719e+00,-7.691889762878417969e+00,-4.778726100921630859e+00,-1.142196178436279297e+00,3.060474157333374023e+00,7.620002746582031250e+00,1.228526401519775391e+01,1.677736854553222656e+01,2.080680465698242188e+01,2.409255790710449219e+01,2.638189125061035156e+01,2.746936607360839844e+01,2.721362876892089844e+01,2.555064582824707031e+01,2.250218582153320312e+01,1.817875862121582031e+01,1.277649879455566406e+01,6.567987442016601562e+00,-1.125735491514205933e-01,-6.888999938964843750e+00,-1.336632919311523438e+01,-1.915606689453125000e+01,-2.390175247192382812e+01,-2.730303955078125000e+01,-2.913658332824707031e+01,-2.927218627929687500e+01,-2.768297386169433594e+01,-2.444881057739257812e+01,-1.975260353088378906e+01,-1.386965370178222656e+01,-7.150731563568115234e+00,-1.774015132114271226e-14
0.000000000000000000e+00,-3.865508735179901123e-01,-7.208762168884277344e-01,-9.532482624053955078e-01,-1.038944363594055176e+00,-9.407530426979064941e-01,-6.314346194267272949e-01,-9.604700654745101929e-02,6.660033464431762695e-01,1.639364361763000488e+00,2.791805267333984375e+00,4.074163913726806641e+00,5.421367168426513672e+00,6.754674434661865234e+00,7.985205173492431641e+00,9.018719673156738281e+00,9.761489868164062500e+00,1.012698650360107422e+01,1.004297637939453125e+01,9.458536148071289062e+00,8.350413322448730469e+00,6.728143692016601562e+00,4.637373447418212891e+00,2.160889863967895508e+00,-5.829819440841674805e-01,-3.444791793823242188e+00,-6.251153469085693359e+00,-8.814443588256835938e+00,-1.094452285766601562e+01,-1.246177291870117188e+01,-1.321059322357177734e+01,-1.307236766815185547e+01,-1.197689247131347656e+01,-9.911273002624511719e+00,-6.925446033477783203e+00,-3.133645534515380859e+00,1.288578152656555176e+00,6.111874580383300781e+00,1.106490230560302734e+01,1.584984207153320312e+01,2.016071128845214844e+01,2.370332717895507812e+01,2.621557998657226562e+01,2.748655700683593750e+01,2.737313461303710938e+01,2.581270408630371094e+01,2.283098411560058594e+01,1.854413414001464844e+01,1.315481758117675781e+01,6.942243576049804688e+00,2.466766685247421265e-01,-6.550678730010986328e+00,-1.305117511749267578e+01,-1.886405372619628906e+01,-2.363191986083984375e+01,-2.705457305908203125e+01,-2.890957069396972656e+01,-2.906796836853027344e+01,-2.750415039062500000e+01,-2.429891395568847656e+01,-1.963557243347167969e+01,-1.378919410705566406e+01,-7.109718322753906250e+00,-1.763876655955405603e-14
0.000000000000000000e+00,-1.018504142761230469e+00,-1.949475765228271484e+00,-2.710206985473632812e+00,-3.227476358413696289e+00,-3.441881895065307617e+00,-3.311665296554565430e+00,-2.815847396850585938e+00,-1.956479787826538086e+00,-7.598314285278320312e-01,7.236580252647399902e-01,2.420786619186401367e+00,4.238434314727783203e+00,6.067840099334716797e+00,7.790222644805908203e+00,9.283541679382324219e+00,1.043010330200195312e+01,1.112460613250732422e+01,1.128214168548583984e+01,1.084559345245361328e+01,9.791882514953613281e+00,8.136496543884277344e+00,5.935822010040283203e+00,3.286894798278808594e+00,3.243550360202789307e-01,-2.785444259643554688e+00,-5.853005886077880859e+00,-8.676553726196289062e+00,-1.105461883544921875e+01,-1.279958343505859375e+01,-1.375129890441894531e+01,-1.378980922698974609e+01,-1.284621238708496094e+01,-1.091076755523681641e+01,-8.037467002868652344e+00,-4.344534873962402344e+00,-1.055981498211622238e-02,4.733738422393798828e+00,9.617772102355957031e+00,1.434674549102783203e+01,1.861979103088378906e+01,2.214944648742675781e+01,2.468116569519042969e+01,2.601151657104492188e+01,2.600373458862304688e+01,2.459944534301757812e+01,2.182558441162109375e+01,1.779585647583007812e+01,1.270644092559814453e+01,6.826042175292968750e+00,4.807830452919006348e-01,-5.965167999267578125e+00,-1.213202857971191406e+01,-1.764843750000000000e+01,-2.217550086975097656e+01,-2.542919349670410156e+01,-2.719957160949707031e+01,-2.736543083190917969e+01,-2.590334320068359375e+01,-2.289038658142089844e+01,-1.850028038024902344e+01,-1.299316596984863281e+01,-6.699625968933105469e+00,-1.662161551517320202e-14
0.000000000000000000e+00,-1.319130182266235352e+00,-2.536419630050659180e+00,-3.555868625640869141e+00,-4.292907714843750000e+00,-4.679482460021972656e+00,-4.668399333953857422e+00,-4.236694812774658203e+00,-3.387830495834350586e+00,-2.152538776397705078e+00,-5.881900191307067871e-01,1.223382711410522461e+00,3.179597616195678711e+00,5.162286758422851562e+00,7.044123649597167969e+00,8.696043014526367188e+00,9.995282173156738281e+00,1.083360290527343750e+01,1.112519550323486328e+01,1.081372642517089844e+01,9.878014564514160156e+00,8.335846900939941406e+00,6.245525360107421875e+00,3.704877376556396484e+00,8.475806713104248047e-01,-2.163143634796142578e+00,-5.143244266510009766e+00,-7.898540019989013672e+00,-1.023682022094726562e+01,-1.198061275482177734e+01,-1.297978401184082031e+01,-1.312310504913330078e+01,-1.234790897369384766e+01,-1.064706707000732422e+01,-8.072633743286132812e+00,-4.735726356506347656e+00,-8.024290800094604492e-01,3.514205217361450195e+00,7.965711116790771484e+00,1.228270530700683594e+01,1.619146537780761719e+01,1.943155479431152344e+01,2.177332115173339844e+01,2.303406906127929688e+01,2.309176254272460938e+01,2.189519500732421875e+01,1.946982574462890625e+01,1.591873455047607422e+01,1.141845321655273438e+01,6.209815025329589844e+00,5.842965841293334961e-01,-5.133357524871826172e+00,-1.060513210296630859e+01,-1.550107479095458984e+01,-1.952055168151855469e+01,-2.241199874877929688e+01,-2.398978996276855469e+01,-2.414706611633300781e+01,-2.286357307434082031e+01,-2.020795440673828125e+01,-1.633423614501953125e+01,-1.147272491455078125e+01,-5.915872097015380859e+00,-1.467731745332084142e-14
0.000000000000000000e+00,-1.307568311691284180e+00,-2.518707990646362305e+00,-3.542619466781616211e+00,-4.299494266510009766e+00,-4.725350379943847656e+00,-4.776099681854248047e+00,-4.430617809295654297e+00,-3.692638874053955078e+00,-2.591324806213378906e+00,-1.180415391921997070e+00,4.640634059906005859e-01,2.247490406036376953e+00,4.061616420745849609e+00,5.790603160858154297e+00,7.317852020263671875e+00,8.533267021179199219e+00,9.340546607971191406e+00,9.664056777954101562e+00,9.454831123352050781e+00,8.695252418518066406e+00,7.402032852172851562e+00,5.627184867858886719e+00,3.456771373748779297e+00,1.007374882698059082e+00,-1.579635262489318848e+00,-4.145807266235351562e+00,-6.524896144866943359e+00,-8.553214073181152344e+00,-1.008042335510253906e+01,-1.098006248474121094e+01,-1.115909004211425781e+01,-1.056573581695556641e+01,-9.195043563842773438e+00,-7.091599464416503906e+00,-4.349112510681152344e+00,-1.106714248657226562e+00,2.457925796508789062e+00,6.138365268707275391e+00,9.711495399475097656e+00,1.295127391815185547e+01,1.564322757720947266e+01,1.759876251220703125e+01,1.866831970214843750e+01,1.875241851806640625e+01,1.780980491638183594e+01,1.586201095581054688e+01,1.299392986297607422e+01,9.350238800048828125e+00,5.127789020538330078e+00,5.643696188926696777e-01,-4.075500965118408203e+00,-8.516859054565429688e+00,-1.249161434173583984e+01,-1.575577068328857422e+01,-1.810536956787109375e+01,-1.939010047912597656e+01,-1.952360153198242188e+01,-1.848972702026367188e+01,-1.634433364868164062e+01,-1.321237277984619141e+01,-9.280495643615722656e+00,-4.785589694976806641e+00,-1.187318438824937900e-14
0.000000000000000000e+00,-1.032229781150817871e+00,-1.990070343017578125e+00,-2.803514003753662109e+00,-3.411098718643188477e+00,-3.763647556304931641e+00,-3.827384710311889648e+00,-3.586258888244628906e+00,-3.043330192565917969e+00,-2.221116304397583008e+00,-1.160837650299072266e+00,7.944217324256896973e-02,1.427734613418579102e+00,2.801988840103149414e+00,4.114730358123779297e+00,5.278251171112060547e+00,6.210071086883544922e+00,6.838368415832519531e+00,7.107035160064697266e+00,6.980036735534667969e+00,6.444747924804687500e+00,5.514004230499267578e+00,4.226643085479736328e+00,2.646424293518066406e+00,8.592842221260070801e-01,-1.030992984771728516e+00,-2.908498525619506836e+00,-4.652026653289794922e+00,-6.142620563507080078e+00,-7.271377563476562500e+00,-7.947006702423095703e+00,-8.102631568908691406e+00,-7.701329708099365234e+00,-6.739985942840576172e+00,-5.251103878021240234e+00,-3.302365064620971680e+00,-9.938461184501647949e-01,1.547019481658935547e+00,4.172500610351562500e+00,6.723261356353759766e+00,9.038172721862792969e+00,1.096462154388427734e+01,1.236865139007568359e+01,1.314424419403076172e+01,1.322107791900634766e+01,1.257020950317382812e+01,1.120720958709716797e+01,9.192480087280273438e+00,6.628638267517089844e+00,3.655068874359130859e+00,4.399332106113433838e-01,-2.829891204833984375e+00,-5.960315704345703125e+00,-8.762249946594238281e+00,-1.106371974945068359e+01,-1.272107315063476562e+01,-1.362852668762207031e+01,-1.372537803649902344e+01,-1.300038337707519531e+01,-1.149297142028808594e+01,-9.291184425354003906e+00,-6.526446819305419922e+00,-3.365498065948486328e+00,-8.349945761947433209e-15
0.000000000000000000e+00,-5.661261677742004395e-01,-1.091911554336547852e+00,-1.539402127265930176e+00,-1.875295996665954590e+00,-2.072973251342773438e+00,-2.114180803298950195e+00,-1.990279793739318848e+00,-1.702976942062377930e+00,-1.264488577842712402e+00,-6.971036195755004883e-01,-3.215067461133003235e-02,6.916030049324035645e-01,1.430054903030395508e+00,2.136277198791503906e+00,2.763309955596923828e+00,3.267085552215576172e+00,3.609319210052490234e+00,3.760187149047851562e+00,3.700614690780639648e+00,3.424014806747436523e+00,2.937329530715942383e+00,2.261272907257080078e+00,1.429710030555725098e+00,4.881642460823059082e-01,-5.085048079490661621e-01,-1.499145984649658203e+00,-2.419928073883056641e+00,-3.208313226699829102e+00,-3.807148933410644531e+00,-4.168616294860839844e+00,-4.257767200469970703e+00,-4.055388927459716797e+00,-3.559981107711791992e+00,-2.788658380508422852e+00,-1.776880025863647461e+00,-5.769602060317993164e-01,7.445899844169616699e-01,2.110764026641845703e+00,3.438598871231079102e+00,4.644285202026367188e+00,5.648520946502685547e+00,6.381769657135009766e+00,6.789057254791259766e+00,6.833978652954101562e+00,6.501612186431884766e+00,5.800120353698730469e+00,4.760885715484619141e+00,3.437132358551025391e+00,1.901085376739501953e+00,2.398198395967483521e-01,-1.449952244758605957e+00,-3.067836046218872070e+00,-4.516065597534179688e+00,-5.705759525299072266e+00,-6.562705039978027344e+00,-7.032276153564453125e+00,-7.083149909973144531e+00,-6.709553718566894531e+00,-5.931884288787841797e+00,-4.795633792877197266e+00,-3.368686676025390625e+00,-1.737152457237243652e+00,-4.309965368810581704e-15
0.000000000000000000e+00,-1.432034346451351546e-15,-2.762374764288299048e-15,-3.895351211459074231e-15,-4.747035640143221560e-15,-5.250359134544198281e-15,-5.359357451779249784e-15,-5.052302079168935131e-15,-4.333532366502038102e-15,-3.233847702290145940e-15,-1.809385618629011025e-15,-1.389994830729699739e-16,1.679792542314418463e-15,3.536115221166105660e-15,5.312061249586937789e-15,6.889714323956696446e-15,8.158493445978385467e-15,9.022397595476096960e-15,9.406707455073687330e-15,9.263696953358113023e-15,8.576959062141058243e-15,7.363980776618588020e-15,5.676709780412861339e-15,3.599969646927818345e-15,1.247687472239464909e-15,-1.242935829163605097e-15,-3.719057820630563074e-15,-6.021227726214339188e-15,-7.993311009835482595e-15,-9.492698239878943900e-15,-1.040014242396436819e-14,-1.062855502258685733e-14,-1.013012864917043135e-14,-8.901221909074844008e-15,-6.984586672730387982e-15,-4.468653179830412228e-15,-1.483793035847154416e-15,1.804324385010929767e-15,5.203965022440712115e-15,8.508639078681420886e-15,1.150981826530559846e-14,1.401025359636966228e-14,1.583704108338353927e-14,1.685353821832911297e-14,1.696929712903267468e-14,1.614729908756742244e-14,1.440790337785356062e-14,1.182916662707941477e-14,8.543393687540212084e-15,4.730066605594402535e-15,6.055251663277005144e-16,-3.589994986940951704e-15,-7.607147842149299816e-15,-1.120315083378512627e-14,-1.415731460963900665e-14,-1.628539256302418553e-14,-1.745179081271124727e-14,-1.757877121590003394e-14,-1.665203416237499845e-14,-1.472223730457963148e-14,-1.190232825086555771e-14,-8.360830982352598223e-15,-4.311499345478059242e-15,-1.069706554864103916e-29
