0.000000000000000000e+00,0.000000000000000000e+00,0.000000000000000000e+00,0.000000000000000000e+00,0.000000000000000000e+00,0.000000000000000000e+00,0.000000000000000000e+00,0.000000000000000000e+00,0.000000000000000000e+00,0.000000000000000000e+00,0.000000000000000000e+00,0.000000000000000000e+00,0.000000000000000000e+00,0.000000000000000000e+00,0.000000000000000000e+00,0.000000000000000000e+00,0.000000000000000000e+00,0.000000000000000000e+00,0.000000000000000000e+00,0.000000000000000000e+00,0.000000000000000000e+00,0.000000000000000000e+00,0.000000000000000000e+00,0.000000000000000000e+00,0.000000000000000000e+00,0.000000000000000000e+00,0.000000000000000000e+00,0.000000000000000000e+00,0.000000000000000000e+00,0.000000000000000000e+00,0.000000000000000000e+00,0.000000000000000000e+00,0.000000000000000000e+00,0.000000000000000000e+00,0.000000000000000000e+00,0.000000000000000000e+00,0.000000000000000000e+00,0.000000000000000000e+00,0.000000000000000000e+00,0.000000000000000000e+00,0.000000000000000000e+00,0.000000000000000000e+00,0.000000000000000000e+00,0.000000000000000000e+00,0.000000000000000000e+00,0.000000000000000000e+00,0.000000000000000000e+00,0.000000000000000000e+00,0.000000000000000000e+00,0.000000000000000000e+00,0.000000000000000000e+00,0.000000000000000000e+00,0.000000000000000000e+00,0.000000000000000000e+00,0.000000000000000000e+00,0.000000000000000000e+00,0.000000000000000000e+00,0.000000000000000000e+00,0.000000000000000000e+00,0.000000000000000000e+00,0.000000000000000000e+00,0.000000000000000000e+00,0.000000000000000000e+00,0.000000000000000000e+00
0.000000000000000000e+00,9.073685407638549805e-01,1.790035486221313477e+00,2.624199151992797852e+00,3.387821674346923828e+00,4.061424255371093750e+00,4.628778934478759766e+00,5.077475070953369141e+00,5.399331569671630859e+00,5.590646266937255859e+00,5.652264118194580078e+00,5.589471340179443359e+00,5.411713600158691406e+00,5.132152080535888672e+00,4.767075061798095703e+00,4.335192680358886719e+00,3.856837034225463867e+00,3.353106737136840820e+00,2.844986915588378906e+00,2.352480649948120117e+00,1.893790364265441895e+00,1.484578251838684082e+00,1.137338876724243164e+00,8.609079718589782715e-01,6.601292490959167480e-01,5.356911420822143555e-01,4.841414690017700195e-01,4.980797767639160156e-01,5.665191411972045898e-01,6.754032969474792480e-01,8.082588911056518555e-01,9.469548463821411133e-01,1.072540163993835449e+00,1.166123986244201660e+00,1.209762930870056152e+00,1.187319040298461914e+00,1.085252404212951660e+00,8.933156728744506836e-01,6.051208972930908203e-01,2.185537964105606079e-01,-2.639822065830230713e-01,-8.355047106742858887e-01,-1.484578251838684082e+00,-2.195624351501464844e+00,-2.949406385421752930e+00,-3.723670005798339844e+00,-4.493918895721435547e+00,-5.234294414520263672e+00,-5.918524742126464844e+00,-6.520913124084472656e+00,-7.017318248748779297e+00,-7.386096477508544922e+00,-7.608966350555419922e+00,-7.671759128570556641e+00,-7.565029144287109375e+00,-7.284497737884521484e+00,-6.831313133239746094e+00,-6.212110996246337891e+00,-5.438881397247314453e+00,-4.528633594512939453e+00,-3.502882242202758789e+00,-2.386961221694946289e+00,-1.209202647209167480e+00,-2.982575166728920930e-15
0.000000000000000000e+00,1.721078991889953613e+00,3.395240783691406250e+00,4.977281570434570312e+00,6.425355911254882812e+00,7.702488899230957031e+00,8.777895927429199219e+00,9.628055572509765625e+00,1.023750019073486328e+01,1.059927654266357422e+01,1.071508979797363281e+01,1.059508323669433594e+01,1.025731086730957031e+01,9.726880073547363281e+00,9.034836769104003906e+00,8.216809272766113281e+00,7.311492919921875000e+00,6.359010696411132812e+00,5.399239063262939453e+00,4.470155239105224609e+00,3.606274604797363281e+00,2.837245225906372070e+00,2.186654567718505859e+00,1.671098113059997559e+00,1.299548268318176270e+00,1.073048710823059082e+00,9.847490787506103516e-01,1.020277738571166992e+00,1.158438444137573242e+00,1.372203350067138672e+00,1.629962325096130371e+00,1.896978735923767090e+00,2.136990547180175781e+00,2.313894748687744141e+00,2.393442392349243164e+00,2.344877481460571289e+00,2.142450094223022461e+00,1.766740560531616211e+00,1.205739140510559082e+00,4.556332826614379883e-01,-4.787307083606719971e-01,-1.583736777305603027e+00,-2.837245225906372070e+00,-4.209192276000976562e+00,-5.662522792816162109e+00,-7.154420375823974609e+00,-8.637798309326171875e+00,-1.006298255920410156e+01,-1.137953758239746094e+01,-1.253815269470214844e+01,-1.349252605438232422e+01,-1.420116806030273438e+01,-1.462905311584472656e+01,-1.474905872344970703e+01,-1.454313373565673828e+01,-1.400314521789550781e+01,-1.313137149810791016e+01,-1.194062328338623047e+01,-1.045397853851318359e+01,-8.704143524169921875e+00,-6.732462882995605469e+00,-4.587608337402343750e+00,-2.323996782302856445e+00,-5.732265824390323644e-15
0.000000000000000000e+00,2.355827569961547852e+00,4.647272586822509766e+00,6.812314510345458984e+00,8.793560981750488281e+00,1.054033279418945312e+01,1.201047801971435547e+01,1.317185401916503906e+01,1.400340557098388672e+01,1.449580383300781250e+01,1.465162849426269531e+01,1.448507213592529297e+01,1.402118873596191406e+01,1.329471683502197266e+01,1.234852600097656250e+01,1.123174762725830078e+01,9.997670173645019531e+00,8.701480865478515625e+00,7.397949218750000000e+00,6.139145851135253906e+00,4.972289085388183594e+00,3.937810420989990234e+00,3.067712783813476562e+00,2.384295225143432617e+00,1.899292707443237305e+00,1.613468647003173828e+00,1.516678094863891602e+00,1.588399291038513184e+00,1.798713088035583496e+00,2.109693050384521484e+00,2.477148532867431641e+00,2.852651119232177734e+00,3.185763359069824219e+00,3.426377773284912109e+00,3.527070045471191406e+00,3.445370912551879883e+00,3.145861387252807617e+00,2.602003574371337891e+00,1.797629594802856445e+00,7.280237078666687012e-01,-5.994505882263183594e-01,-2.165210247039794922e+00,-3.937810420989990234e+00,-5.874791622161865234e+00,-7.923990249633789062e+00,-1.002526569366455078e+01,-1.211257839202880859e+01,-1.411635112762451172e+01,-1.596600818634033203e+01,-1.759260940551757812e+01,-1.893148040771484375e+01,-1.992471504211425781e+01,-2.052348709106445312e+01,-2.069004249572753906e+01,-2.039933013916015625e+01,-1.964016914367675781e+01,-1.841593933105468750e+01,-1.674473953247070312e+01,-1.465901470184326172e+01,-1.220465946197509766e+01,-9.439631462097167969e+00,-6.432117462158203125e+00,-3.258330106735229492e+00,-8.036800222446360137e-15
0.000000000000000000e+00,2.742276668548583984e+00,5.409296989440917969e+00,7.928585529327392578e+00,1.023311519622802734e+01,1.226376056671142578e+01,1.397143268585205078e+01,1.531881427764892578e+01,1.628162765502929688e+01,1.684937477111816406e+01,1.702554321289062500e+01,1.682723617553710938e+01,1.628428459167480469e+01,1.543784046173095703e+01,1.433853244781494141e+01,1.304425048828125000e+01,1.161764812469482422e+01,1.012348079681396484e+01,8.625860214233398438e+00,7.185568809509277344e+00,5.857520103454589844e+00,4.688484191894531250e+00,3.715165138244628906e+00,2.962714195251464844e+00,2.443734884262084961e+00,2.157829999923706055e+00,2.091705322265625000e+00,2.219829320907592773e+00,2.505625247955322266e+00,2.903146028518676758e+00,3.359167814254760742e+00,3.815616607666015625e+00,4.212230682373046875e+00,4.489350795745849609e+00,4.590720653533935547e+00,4.466188907623291016e+00,4.074193954467773438e+00,3.383928537368774414e+00,2.377098083496093750e+00,1.049184322357177734e+00,-5.898296833038330078e-01,-2.515321731567382812e+00,-4.688484191894531250e+00,-7.057363510131835938e+00,-9.558453559875488281e+00,-1.211878013610839844e+01,-1.465840911865234375e+01,-1.709328269958496094e+01,-1.933827400207519531e+01,-2.131034660339355469e+01,-2.293170738220214844e+01,-2.413280296325683594e+01,-2.485508346557617188e+01,-2.505339050292968750e+01,-2.469789505004882812e+01,-2.377549362182617188e+01,-2.229062843322753906e+01,-2.026545524597167969e+01,-1.773939323425292969e+01,-1.476804256439208984e+01,-1.142150497436523438e+01,-7.782181739807128906e+00,-3.942120313644409180e+00,-9.723301265703032659e-15
0.000000000000000000e+00,2.833248376846313477e+00,5.588210582733154297e+00,8.189527511596679688e+00,1.056757450103759766e+01,1.266103839874267578e+01,1.441916179656982422e+01,1.580355930328369141e+01,1.678954124450683594e+01,1.736687469482421875e+01,1.753998756408691406e+01,1.732754898071289062e+01,1.676151847839355469e+01,1.588562870025634766e+01,1.475342655181884766e+01,1.342591190338134766e+01,1.196888732910156250e+01,1.045012855529785156e+01,8.936488151550292969e+00,7.491052150726318359e+00,6.170470714569091797e+00,5.022565364837646484e+00,4.084322929382324219e+00,3.380353927612304688e+00,2.921879291534423828e+00,2.706295728683471680e+00,2.717335462570190430e+00,2.925819635391235352e+00,3.290973186492919922e+00,3.762257814407348633e+00,4.281641483306884766e+00,4.786222934722900391e+00,5.211098670959472656e+00,5.492356300354003906e+00,5.570081710815429688e+00,5.391238212585449219e+00,4.912318229675292969e+00,4.101637363433837891e+00,2.941187620162963867e+00,1.427959084510803223e+00,-4.253289103507995605e-01,-2.590121507644653320e+00,-5.022565364837646484e+00,-7.664672374725341797e+00,-1.044607734680175781e+01,-1.328632640838623047e+01,-1.609761238098144531e+01,-1.878786087036132812e+01,-2.126404953002929688e+01,-2.343563842773437500e+01,-2.521796798706054688e+01,-2.653551673889160156e+01,-2.732487106323242188e+01,-2.753730964660644531e+01,-2.714087295532226562e+01,-2.612187957763671875e+01,-2.448577117919921875e+01,-2.225729942321777344e+01,-1.948001098632812500e+01,-1.621505737304687500e+01,-1.253936576843261719e+01,-8.543235778808593750e+00,-4.327449798583984375e+00,-1.067356804746984536e-14
0.000000000000000000e+00,2.607947587966918945e+00,5.142977237701416016e+00,7.534950733184814453e+00,9.719177246093750000e+00,1.163885688781738281e+01,1.324720191955566406e+01,1.450915527343750000e+01,1.540261936187744141e+01,1.591917133331298828e+01,1.606420135498046875e+01,1.585650920867919922e+01,1.532733631134033203e+01,1.451889991760253906e+01,1.348248004913330078e+01,1.227614021301269531e+01,1.096216678619384766e+01,9.604354858398437500e+00,8.265225410461425781e+00,7.003312587738037109e+00,5.870621681213378906e+00,4.910369396209716797e+00,4.155096530914306641e+00,3.625244617462158203e+00,3.328245639801025391e+00,3.258176565170288086e+00,3.395990133285522461e+00,3.710320949554443359e+00,4.158837318420410156e+00,4.690084934234619141e+00,5.245754241943359375e+00,5.763278484344482422e+00,6.178662776947021484e+00,6.429423809051513672e+00,6.457525253295898438e+00,6.212186336517333984e+00,5.652444362640380859e+00,4.749368667602539062e+00,3.487821578979492188e+00,1.867697238922119141e+00,-9.542564302682876587e-02,-2.370251893997192383e+00,-4.910369396209716797e+00,-7.655466556549072266e+00,-1.053313159942626953e+01,-1.346116828918457031e+01,-1.635035324096679688e+01,-1.910752677917480469e+01,-2.163890647888183594e+01,-2.385350418090820312e+01,-2.566650962829589844e+01,-2.700251388549804688e+01,-2.779845046997070312e+01,-2.800614166259765625e+01,-2.759434890747070312e+01,-2.655023002624511719e+01,-2.488017845153808594e+01,-2.260996818542480469e+01,-1.978421592712402344e+01,-1.646517562866210938e+01,-1.273089408874511719e+01,-8.672796249389648438e+00,-4.392792224884033203e+00,-1.083449922525047890e-14
0.000000000000000000e+00,2.073842525482177734e+00,4.088335514068603516e+00,5.986478328704833984e+00,7.715868473052978516e+00,9.230760574340820312e+00,1.049384784698486328e+01,1.147768497467041016e+01,1.216570949554443359e+01,1.255279541015625000e+01,1.264533901214599609e+01,1.246084690093994141e+01,1.202707099914550781e+01,1.138070297241210938e+01,1.056569290161132812e+01,9.631256103515625000e+00,8.629659652709960938e+00,7.613872051239013672e+00,6.635178565979003906e+00,5.740865230560302734e+00,4.972065925598144531e+00,4.361865520477294922e+00,3.933748483657836914e+00,3.700448513031005859e+00,3.663265228271484375e+00,3.811874151229858398e+00,4.124646186828613281e+00,4.569467067718505859e+00,5.105034351348876953e+00,5.682577610015869141e+00,6.247940540313720703e+00,6.743943214416503906e+00,7.112927436828613281e+00,7.299390792846679688e+00,7.252589225769042969e+00,6.929017543792724609e+00,6.294649124145507812e+00,5.326848030090332031e+00,4.015867233276367188e+00,2.365864515304565430e+00,3.953887224197387695e-01,-1.862698078155517578e+00,-4.361865520477294922e+00,-7.043116092681884766e+00,-9.836702346801757812e+00,-1.266430854797363281e+01,-1.544161319732666016e+01,-1.808115386962890625e+01,-2.049537277221679688e+01,-2.259974479675292969e+01,-2.431587028503417969e+01,-2.557440185546875000e+01,-2.631771659851074219e+01,-2.650220870971679688e+01,-2.610012626647949219e+01,-2.510087585449218750e+01,-2.351173591613769531e+01,-2.135796356201171875e+01,-1.868225479125976562e+01,-1.554360961914062500e+01,-1.201560783386230469e+01,-8.184172630310058594e+00,-4.144892692565917969e+00,-1.022273560832669126e-14
0.000000000000000000e+00,1.266030788421630859e+00,2.493552207946777344e+00,3.645718336105346680e+00,4.688936710357666016e+00,5.594317436218261719e+00,6.338911533355712891e+00,6.906692028045654297e+00,7.289227962493896484e+00,7.486020088195800781e+00,7.504485607147216797e+00,7.359585762023925781e+00,7.073118209838867188e+00,6.672688007354736328e+00,6.190417766571044922e+00,5.661436080932617188e+00,5.122215270996093750e+00,4.608829498291015625e+00,4.155204772949218750e+00,3.791442155838012695e+00,3.542283296585083008e+00,3.425791025161743164e+00,3.452306032180786133e+00,3.623726367950439453e+00,3.933150053024291992e+00,4.364903926849365234e+00,4.894963264465332031e+00,5.491753101348876953e+00,6.117306232452392578e+00,6.728741645812988281e+00,7.279999732971191406e+00,7.723775863647460938e+00,8.013574600219726562e+00,8.105804443359375000e+00,7.961822032928466797e+00,7.549855232238769531e+00,6.846704006195068359e+00,5.839168071746826172e+00,4.525119304656982422e+00,2.914176940917968750e+00,1.027946114540100098e+00,-1.100198864936828613e+00,-3.425791025161743164e+00,-5.894390583038330078e+00,-8.443114280700683594e+00,-1.100253200531005859e+01,-1.349885272979736328e+01,-1.585634613037109375e+01,-1.799989318847656250e+01,-1.985757827758789062e+01,-2.136325263977050781e+01,-2.245892143249511719e+01,-2.309693527221679688e+01,-2.324183464050292969e+01,-2.287182426452636719e+01,-2.197979164123535156e+01,-2.057385253906250000e+01,-1.867736816406250000e+01,-1.632844924926757812e+01,-1.357896041870117188e+01,-1.049304485321044922e+01,-7.145224571228027344e+00,-3.618138074874877930e+00,-8.923099923069475331e-15
0.000000000000000000e+00,2.441529929637908936e-01,4.763273596763610840e-01,6.853243708610534668e-01,8.614648580551147461e-01,9.972502589225769043e-01,1.087909817695617676e+00,1.131805300712585449e+00,1.130668163299560547e+00,1.089656591415405273e+00,1.017222046852111816e+00,9.247903227806091309e-01,8.262652754783630371e-01,7.373757362365722656e-01,6.748922467231750488e-01,6.557467579841613770e-01,6.960951685905456543e-01,8.103640675544738770e-01,1.010326981544494629e+00,1.304254412651062012e+00,1.696179628372192383e+00,2.185319900512695312e+00,2.765684843063354492e+00,3.425898551940917969e+00,4.149252891540527344e+00,4.914000988006591797e+00,5.693885803222656250e+00,6.458897590637207031e+00,7.176232814788818359e+00,7.811426639556884766e+00,8.329621315002441406e+00,8.696920394897460938e+00,8.881783485412597656e+00,8.856403350830078125e+00,8.598011970520019531e+00,8.090059280395507812e+00,7.323224067687988281e+00,6.296195983886718750e+00,5.016202449798583984e+00,3.499247789382934570e+00,1.770044445991516113e+00,-1.383684426546096802e-01,-2.185319900512695312e+00,-4.323495864868164062e+00,-6.500197410583496094e+00,-8.658827781677246094e+00,-1.074056720733642578e+01,-1.268617725372314453e+01,-1.443786907196044922e+01,-1.594118404388427734e+01,-1.714681434631347656e+01,-1.801229095458984375e+01,-1.850349426269531250e+01,-1.859592628479003906e+01,-1.827568054199218750e+01,-1.754010581970214844e+01,-1.639809799194335938e+01,-1.487003135681152344e+01,-1.298733234405517578e+01,-1.079166793823242188e+01,-8.333825111389160156e+00,-5.672270298004150391e+00,-2.871469497680664062e+00,-7.080990880589188921e-15
0.000000000000000000e+00,-9.128771424293518066e-01,-1.807603359222412109e+00,-2.666257381439208984e+00,-3.471379041671752930e+00,-4.206208229064941406e+00,-4.854926109313964844e+00,-5.402908802032470703e+00,-5.836983680725097656e+00,-6.145691394805908203e+00,-6.319546699523925781e+00,-6.351297855377197266e+00,-6.236167907714843750e+00,-5.972082614898681641e+00,-5.559861660003662109e+00,-5.003376960754394531e+00,-4.309657096862792969e+00,-3.488932609558105469e+00,-2.554616451263427734e+00,-1.523204326629638672e+00,-4.140952825546264648e-01,7.506735324859619141e-01,1.946778655052185059e+00,3.148046731948852539e+00,4.326970100402832031e+00,5.455294132232666016e+00,6.504662513732910156e+00,7.447309970855712891e+00,8.256781578063964844e+00,8.908658981323242188e+00,9.381282806396484375e+00,9.656426429748535156e+00,9.719927787780761719e+00,9.562235832214355469e+00,9.178856849670410156e+00,8.570687294006347656e+00,7.744212627410888672e+00,6.711560726165771484e+00,5.490401268005371094e+00,4.103688716888427734e+00,2.579248666763305664e+00,9.492149353027343750e-01,-7.506735324859619141e-01,-2.481898307800292969e+00,-4.204091072082519531e+00,-5.876042366027832031e+00,-7.456762790679931641e+00,-8.906566619873046875e+00,-1.018814563751220703e+01,-1.126760673522949219e+01,-1.211543369293212891e+01,-1.270735073089599609e+01,-1.302505683898925781e+01,-1.305680751800537109e+01,-1.279782772064208984e+01,-1.225053215026855469e+01,-1.142455959320068359e+01,-1.033659648895263672e+01,-9.010015487670898438e+00,-7.474316596984863281e+00,-5.764401912689208984e+00,-3.919692039489746094e+00,-1.983116388320922852e+00,-4.889382491544622122e-15
0.000000000000000000e+00,-2.113855123519897461e+00,-4.178248882293701172e+00,-6.145000934600830078e+00,-7.968456268310546875e+00,-9.606657028198242188e+00,-1.102241230010986328e+01,-1.218422985076904297e+01,-1.306708717346191406e+01,-1.365302658081054688e+01,-1.393154716491699219e+01,-1.389979553222656250e+01,-1.356254959106445312e+01,-1.293198871612548828e+01,-1.202727699279785156e+01,-1.087396144866943359e+01,-9.503208160400390625e+00,-7.950902462005615234e+00,-6.256641864776611328e+00,-4.462647914886474609e+00,-2.612637042999267578e+00,-7.506735324859619141e-01,1.079953551292419434e+00,2.837805509567260742e+00,4.484287738800048828e+00,5.984540939331054688e+00,7.308202743530273438e+00,8.430028915405273438e+00,9.330357551574707031e+00,9.995411872863769531e+00,1.041743469238281250e+01,1.059466743469238281e+01,1.053116512298583984e+01,1.023648166656494141e+01,9.725214004516601562e+00,9.016451835632324219e+00,8.133126258850097656e+00,7.101304531097412109e+00,5.949433803558349609e+00,4.707569599151611328e+00,3.406603574752807617e+00,2.077517271041870117e+00,7.506735324859619141e-01,-5.448338985443115234e-01,-1.781761169433593750e+00,-2.935215711593627930e+00,-3.983072280883789062e+00,-4.906299114227294922e+00,-5.689193248748779297e+00,-6.319531917572021484e+00,-6.788637161254882812e+00,-7.091366767883300781e+00,-7.226036548614501953e+00,-7.194285392761230469e+00,-7.000889778137207031e+00,-6.653538227081298828e+00,-6.162579059600830078e+00,-5.540741920471191406e+00,-4.802849769592285156e+00,-3.965518951416015625e+00,-3.046856641769409180e+00,-2.066160202026367188e+00,-1.043615818023681641e+00,-2.571610874347132238e-15
0.000000000000000000e+00,-3.263360261917114258e+00,-6.447298049926757812e+00,-9.474676132202148438e+00,-1.227285861968994141e+01,-1.477577495574951172e+01,-1.692577552795410156e+01,-1.867521858215332031e+01,-1.998774147033691406e+01,-2.083915138244628906e+01,-2.121796798706054688e+01,-2.112553596496582031e+01,-2.057575988769531250e+01,-1.959444808959960938e+01,-1.821830558776855469e+01,-1.649361228942871094e+01,-1.447461986541748047e+01,-1.222175788879394531e+01,-9.799678802490234375e+00,-7.275224685668945312e+00,-4.715386867523193359e+00,-2.185319900512695312e+00,2.535224556922912598e-01,2.545072078704833984e+00,4.640099048614501953e+00,6.497393131256103516e+00,8.084638595581054688e+00,9.378967285156250000e+00,1.036718177795410156e+01,1.104564571380615234e+01,1.141987323760986328e+01,1.150382614135742188e+01,1.131896209716796875e+01,1.089309120178222656e+01,1.025906085968017578e+01,9.453354835510253906e+00,8.514640808105468750e+00,7.482328414916992188e+00,6.395191669464111328e+00,5.290104389190673828e+00,4.200925827026367188e+00,3.157575845718383789e+00,2.185319900512695312e+00,1.304288744926452637e+00,5.292267799377441406e-01,-1.305244415998458862e-01,-6.708264946937561035e-01,-1.092347145080566406e+00,-1.399996519088745117e+00,-1.602230072021484375e+00,-1.710258364677429199e+00,-1.737204551696777344e+00,-1.697251677513122559e+00,-1.604819893836975098e+00,-1.473813295364379883e+00,-1.316965937614440918e+00,-1.145316958427429199e+00,-9.678333401679992676e-01,-7.911920547485351562e-01,-6.197257041931152344e-01,-4.555270671844482422e-01,-2.987002134323120117e-01,-1.477378904819488525e-01,-3.614535754884395328e-16
0.000000000000000000e+00,-4.270206928253173828e+00,-8.434796333312988281e+00,-1.239131259918212891e+01,-1.604351997375488281e+01,-1.930424499511718750e+01,-2.209792709350585938e+01,-2.436276626586914062e+01,-2.605241966247558594e+01,-2.713719177246093750e+01,-2.760466194152832031e+01,-2.745976257324218750e+01,-2.672428894042968750e+01,-2.543588066101074219e+01,-2.364649200439453125e+01,-2.142045211791992188e+01,-1.883214378356933594e+01,-1.596341133117675781e+01,-1.290079879760742188e+01,-9.732686042785644531e+00,-6.546459197998046875e+00,-3.425791025161743164e+00,-4.481300115585327148e-01,2.317517757415771484e+00,4.812444210052490234e+00,6.989678382873535156e+00,8.814964294433593750e+00,1.026726341247558594e+01,1.133876800537109375e+01,1.203445053100585938e+01,1.237117195129394531e+01,1.237640094757080078e+01,1.208660221099853516e+01,1.154536724090576172e+01,1.080136966705322266e+01,9.906219482421875000e+00,8.912312507629394531e+00,7.870759963989257812e+00,6.829463005065917969e+00,5.831417083740234375e+00,4.913297653198242188e+00,4.104374885559082031e+00,3.425791025161743164e+00,2.890214443206787109e+00,2.501870632171630859e+00,2.256937503814697266e+00,2.144270420074462891e+00,2.146418809890747070e+00,2.240876436233520508e+00,2.401504755020141602e+00,2.600059509277343750e+00,2.807750225067138672e+00,2.996759653091430664e+00,3.141659259796142578e+00,3.220652341842651367e+00,3.216599941253662109e+00,3.117779254913330078e+00,2.918351888656616211e+00,2.618520975112915039e+00,2.224377870559692383e+00,1.747450947761535645e+00,1.203980684280395508e+00,6.139619350433349609e-01,1.517708129176098195e-15
0.000000000000000000e+00,-5.055518627166748047e+00,-9.985081672668457031e+00,-1.466657161712646484e+01,-1.898541069030761719e+01,-2.283800697326660156e+01,-2.613483428955078125e+01,-2.880302047729492188e+01,-3.078837394714355469e+01,-3.205678939819335938e+01,-3.259497451782226562e+01,-3.241048049926757812e+01,-3.153106307983398438e+01,-3.000336647033691406e+01,-2.789102935791015625e+01,-2.527224349975585938e+01,-2.223690605163574219e+01,-1.888341331481933594e+01,-1.531527233123779297e+01,-1.163761234283447266e+01,-7.953742027282714844e+00,-4.361865520477294922e+00,-9.520724415779113770e-01,2.196298122406005859e+00,5.016828060150146484e+00,7.457666873931884766e+00,9.482600212097167969e+00,1.107152080535888672e+01,1.222030162811279297e+01,1.294008636474609375e+01,1.325605201721191406e+01,1.320569133758544922e+01,1.283670711517333984e+01,1.220460224151611328e+01,1.137007522583007812e+01,1.039631843566894531e+01,9.346338272094726562e+00,8.280398368835449219e+00,7.253674030303955078e+00,6.314229011535644531e+00,5.501358032226562500e+00,4.844374179840087891e+00,4.361865520477294922e+00,4.061439990997314453e+00,3.939955949783325195e+00,3.984214782714843750e+00,4.172071933746337891e+00,4.473907947540283203e+00,4.854384899139404297e+00,5.274409294128417969e+00,5.693206310272216797e+00,6.070409297943115234e+00,6.368082523345947266e+00,6.552575111389160156e+00,6.596134185791015625e+00,6.478211879730224609e+00,6.186400890350341797e+00,5.716975688934326172e+00,5.075008869171142578e+00,4.274068355560302734e+00,3.335514545440673828e+00,2.287426233291625977e+00,1.163216829299926758e+00,2.872806684786578454e-15
0.000000000000000000e+00,-5.559710979461669922e+00,-1.098056602478027344e+01,-1.612796401977539062e+01,-2.087565994262695312e+01,-2.510959053039550781e+01,-2.873127555847167969e+01,-3.166067886352539062e+01,-3.383845520019531250e+01,-3.522749328613281250e+01,-3.581369781494140625e+01,-3.560600280761718750e+01,-3.463565826416015625e+01,-3.295473480224609375e+01,-3.063400459289550781e+01,-2.776021385192871094e+01,-2.443290138244628906e+01,-2.076083755493164062e+01,-1.685823822021484375e+01,-1.284090137481689453e+01,-8.822384834289550781e+00,-4.910369396209716797e+00,-1.203333377838134766e+00,2.212344169616699219e+00,5.264766693115234375e+00,7.898305892944335938e+00,1.007474517822265625e+01,1.177375221252441406e+01,1.299268627166748047e+01,1.374575138092041016e+01,1.406256961822509766e+01,1.398621654510498047e+01,1.357083225250244141e+01,1.287890052795410156e+01,1.197831153869628906e+01,1.093933677673339844e+01,9.831628799438476562e+00,8.721365928649902344e+00,7.668660640716552734e+00,6.725315093994140625e+00,5.933014392852783203e+00,5.322015285491943359e+00,4.910369396209716797e+00,4.703703403472900391e+00,4.695542335510253906e+00,4.868155479431152344e+00,5.193870544433593750e+00,5.636791229248046875e+00,6.154832363128662109e+00,6.701981067657470703e+00,7.230673313140869141e+00,7.694190025329589844e+00,8.048955917358398438e+00,8.256648063659667969e+00,8.286025047302246094e+00,8.114393234252929688e+00,7.728655338287353516e+00,7.125894069671630859e+00,6.313480377197265625e+00,5.308692932128906250e+00,4.137881278991699219e+00,2.835207462310791016e+00,1.441029191017150879e+00,3.558307060867694702e-15
0.000000000000000000e+00,-5.747759819030761719e+00,-1.135212898254394531e+01,-1.667409515380859375e+01,-2.158326148986816406e+01,-2.596177101135253906e+01,-2.970782470703125000e+01,-3.273862838745117188e+01,-3.499271392822265625e+01,-3.643152618408203125e+01,-3.704024124145507812e+01,-3.682780456542968750e+01,-3.582616806030273438e+01,-3.408880233764648438e+01,-3.168849754333496094e+01,-2.871457481384277344e+01,-2.526962089538574219e+01,-2.146581459045410156e+01,-1.742105674743652344e+01,-1.325497055053710938e+01,-9.084981918334960938e+00,-5.022565364837646484e+00,-1.169811367988586426e+00,2.383563995361328125e+00,5.562688827514648438e+00,8.309391021728515625e+00,1.058339786529541016e+01,1.236284351348876953e+01,1.364409637451171875e+01,1.444091701507568359e+01,1.478300952911376953e+01,1.471403121948242188e+01,1.428915596008300781e+01,1.357229518890380859e+01,1.263309288024902344e+01,1.154383182525634766e+01,1.037634468078613281e+01,9.199095726013183594e+00,8.074499130249023438e+00,7.056609153747558594e+00,6.189247131347656250e+00,5.504633426666259766e+00,5.022565364837646484e+00,4.750160217285156250e+00,4.682159423828125000e+00,4.801758289337158203e+00,5.081925392150878906e+00,5.487127304077148438e+00,5.975387096405029297e+00,6.500568866729736328e+00,7.014792919158935547e+00,7.470864772796630859e+00,7.824616432189941406e+00,8.037054061889648438e+00,8.076222419738769531e+00,7.918704986572265625e+00,7.550701141357421875e+00,6.968636035919189453e+00,6.179277896881103516e+00,5.199371337890625000e+00,4.054798126220703125e+00,2.779317855834960938e+00,1.412938117980957031e+00,3.489201666107715795e-15
0.000000000000000000e+00,-5.612290859222412109e+00,-1.108521461486816406e+01,-1.628361511230468750e+01,-2.108061981201171875e+01,-2.536142349243164062e+01,-2.902667617797851562e+01,-3.199532699584960938e+01,-3.420688629150390625e+01,-3.562295532226562500e+01,-3.622807693481445312e+01,-3.602976989746093750e+01,-3.505786514282226562e+01,-3.336309814453125000e+01,-3.101504516601562500e+01,-2.809949302673339844e+01,-2.471531295776367188e+01,-2.097098541259765625e+01,-1.698089027404785156e+01,-1.286148643493652344e+01,-8.727534294128417969e+00,-4.688484191894531250e+00,-8.451509475708007812e-01,2.713202953338623047e+00,5.911294460296630859e+00,8.689674377441406250e+00,1.100595855712890625e+01,1.283541393280029297e+01,1.417088794708251953e+01,1.502211093902587891e+01,1.541441345214843750e+01,1.538691711425781250e+01,1.499030303955078125e+01,1.428423023223876953e+01,1.333453655242919922e+01,1.221032428741455078e+01,1.098104953765869141e+01,9.713734626770019531e+00,8.470406532287597656e+00,7.305845260620117188e+00,6.265747070312500000e+00,5.385335922241210938e+00,4.688484191894531250e+00,4.187349319458007812e+00,3.882536411285400391e+00,3.763750314712524414e+00,3.810904741287231445e+00,3.995618581771850586e+00,4.283030509948730469e+00,4.633834362030029297e+00,5.006450176239013672e+00,5.359221935272216797e+00,5.652549266815185547e+00,5.850856304168701172e+00,5.924313068389892578e+00,5.850237369537353516e+00,5.614116191864013672e+00,5.210212707519531250e+00,4.641730308532714844e+00,3.920538663864135742e+00,3.066475152969360352e+00,2.106264352798461914e+00,1.072105884552001953e+00,2.648622686395019597e-15
0.000000000000000000e+00,-5.174209117889404297e+00,-1.022107791900634766e+01,-1.501703357696533203e+01,-1.944591522216796875e+01,-2.340236473083496094e+01,-2.679487228393554688e+01,-2.954834938049316406e+01,-3.160618019104003906e+01,-3.293164062500000000e+01,-3.350870132446289062e+01,-3.334214401245117188e+01,-3.245702362060546875e+01,-3.089749145507812500e+01,-2.872502136230468750e+01,-2.601613998413085938e+01,-2.285970115661621094e+01,-1.935383415222167969e+01,-1.560266780853271484e+01,-1.171295070648193359e+01,-7.790670871734619141e+00,-3.937810420989990234e+00,-2.493313252925872803e-01,3.189509868621826172e+00,6.305426597595214844e+00,9.038885116577148438e+00,1.134535312652587891e+01,1.319599342346191406e+01,1.457778263092041016e+01,1.549308109283447266e+01,1.595868778228759766e+01,1.600442123413085938e+01,1.567130851745605469e+01,1.500945854187011719e+01,1.407570457458496094e+01,1.293112468719482422e+01,1.163853168487548828e+01,1.026002788543701172e+01,8.854723930358886719e+00,7.476695537567138672e+00,6.173255920410156250e+00,4.983592033386230469e+00,3.937810420989990234e+00,3.056410074234008789e+00,2.350185155868530273e+00,1.820546269416809082e+00,1.460225582122802734e+00,1.254320144653320312e+00,1.181614756584167480e+00,1.216113805770874023e+00,1.328705191612243652e+00,1.488878607749938965e+00,1.666414618492126465e+00,1.832970738410949707e+00,1.963493227958679199e+00,2.037393569946289062e+00,2.039442539215087891e+00,1.960345864295959473e+00,1.796982884407043457e+00,1.552306056022644043e+00,1.234911799430847168e+00,8.583122491836547852e-01,4.399484992027282715e-01,1.089397872583962312e-15
0.000000000000000000e+00,-4.480820655822753906e+00,-8.853076934814453125e+00,-1.301129245758056641e+01,-1.685607528686523438e+01,-2.029691123962402344e+01,-2.325468254089355469e+01,-2.566382026672363281e+01,-2.747402763366699219e+01,-2.865153503417968750e+01,-2.917981910705566406e+01,-2.905981254577636719e+01,-2.830956840515136719e+01,-2.696340942382812500e+01,-2.507060050964355469e+01,-2.269359588623046875e+01,-1.990591430664062500e+01,-1.678973007202148438e+01,-1.343324947357177734e+01,-9.927990913391113281e+00,-6.366016387939453125e+00,-2.837245225906372070e+00,5.730873346328735352e-01,3.786737680435180664e+00,6.734462261199951172e+00,9.357669830322265625e+00,1.160967254638671875e+01,1.345650863647460938e+01,1.487732505798339844e+01,1.586432552337646484e+01,1.642229461669921875e+01,1.656775093078613281e+01,1.632773780822753906e+01,1.573836326599121094e+01,1.484308624267578125e+01,1.369088649749755859e+01,1.233433628082275391e+01,1.082768154144287109e+01,9.224979400634765625e+00,7.578377246856689453e+00,5.936566352844238281e+00,4.343478679656982422e+00,2.837245225906372070e+00,1.449450492858886719e+00,2.046869099140167236e-01,-8.795900344848632812e-01,-1.792920589447021484e+00,-2.531439542770385742e+00,-3.097249269485473633e+00,-3.497611522674560547e+00,-3.744002580642700195e+00,-3.851089954376220703e+00,-3.835676670074462891e+00,-3.715670585632324219e+00,-3.509123802185058594e+00,-3.233383178710937500e+00,-2.904392004013061523e+00,-2.536163330078125000e+00,-2.140443801879882812e+00,-1.726575374603271484e+00,-1.301547527313232422e+00,-8.702275156974792480e-01,-4.357451200485229492e-01,-1.070587811924286065e-15
0.000000000000000000e+00,-3.601609706878662109e+00,-7.118332862854003906e+00,-1.046752738952636719e+01,-1.357097339630126953e+01,-1.635692596435546875e+01,-1.876196861267089844e+01,-2.073263931274414062e+01,-2.222676086425781250e+01,-2.321444511413574219e+01,-2.367874336242675781e+01,-2.361595153808593750e+01,-2.303551292419433594e+01,-2.195958137512207031e+01,-2.042223930358886719e+01,-1.846838188171386719e+01,-1.615233802795410156e+01,-1.353625869750976562e+01,-1.068831539154052734e+01,-7.680778026580810547e+00,-4.588031291961669922e+00,-1.484578251838684082e+00,1.556902289390563965e+00,4.467389583587646484e+00,7.183198928833007812e+00,9.647460937500000000e+00,1.181135940551757812e+01,1.363510894775390625e+01,1.508864593505859375e+01,1.615202713012695312e+01,1.681554031372070312e+01,1.707952499389648438e+01,1.695393943786621094e+01,1.645767402648925781e+01,1.561766719818115234e+01,1.446784591674804688e+01,1.304793643951416016e+01,1.140218544006347656e+01,9.578031539916992188e+00,7.624774456024169922e+00,5.592279434204101562e+00,3.529745817184448242e+00,1.484578251838684082e+00,-4.986166656017303467e-01,-2.378890991210937500e+00,-4.119658470153808594e+00,-5.689233303070068359e+00,-7.061206817626953125e+00,-8.214664459228515625e+00,-9.134251594543457031e+00,-9.810111999511718750e+00,-1.023770141601562500e+01,-1.041751384735107422e+01,-1.035472106933593750e+01,-1.005876922607421875e+01,-9.542932510375976562e+00,-8.823851585388183594e+00,-7.921077728271484375e+00,-6.856619834899902344e+00,-5.654518127441406250e+00,-4.340445995330810547e+00,-2.941336154937744141e+00,-1.485038399696350098e+00,-3.658816837421837234e-15
0.000000000000000000e+00,-2.622041940689086914e+00,-5.185512065887451172e+00,-7.633145809173583984e+00,-9.910267829895019531e+00,-1.196601104736328125e+01,-1.375445365905761719e+01,-1.523564434051513672e+01,-1.637649536132812500e+01,-1.715152359008789062e+01,-1.754341506958007812e+01,-1.754341506958007812e+01,-1.715152359008789062e+01,-1.637649536132812500e+01,-1.523564434051513672e+01,-1.375445365905761719e+01,-1.196601104736328125e+01,-9.910267829895019531e+00,-7.633145809173583984e+00,-5.185512065887451172e+00,-2.622041940689086914e+00,-3.388096001875179862e-15,2.622041940689086914e+00,5.185512065887451172e+00,7.633145809173583984e+00,9.910267829895019531e+00,1.196601104736328125e+01,1.375445365905761719e+01,1.523564434051513672e+01,1.637649536132812500e+01,1.715152359008789062e+01,1.754341506958007812e+01,1.754341506958007812e+01,1.715152359008789062e+01,1.637649536132812500e+01,1.523564434051513672e+01,1.375445365905761719e+01,1.196601104736328125e+01,9.910267829895019531e+00,7.633145809173583984e+00,5.185512065887451172e+00,2.622041940689086914e+00,5.542568984204460439e-15,-2.622041940689086914e+00,-5.185512065887451172e+00,-7.633145809173583984e+00,-9.910267829895019531e+00,-1.196601104736328125e+01,-1.375445365905761719e+01,-1.523564434051513672e+01,-1.637649536132812500e+01,-1.715152359008789062e+01,-1.754341506958007812e+01,-1.754341506958007812e+01,-1.715152359008789062e+01,-1.637649536132812500e+01,-1.523564434051513672e+01,-1.375445365905761719e+01,-1.196601104736328125e+01,-9.910267829895019531e+00,-7.633145809173583984e+00,-5.185512065887451172e+00,-2.622041940689086914e+00,-6.463418735229604917e-15
0.000000000000000000e+00,-1.635955452919006348e+00,-3.239799022674560547e+00,-4.779787540435791016e+00,-6.224924087524414062e+00,-7.545348167419433594e+00,-8.712743759155273438e+00,-9.700770378112792969e+00,-1.048551559448242188e+01,-1.104596042633056641e+01,-1.136446857452392578e+01,-1.142726135253906250e+01,-1.122489356994628906e+01,-1.075269508361816406e+01,-1.001117038726806641e+01,-9.006330490112304688e+00,-7.749935626983642578e+00,-6.259639263153076172e+00,-4.558999538421630859e+00,-2.677353858947753906e+00,-6.495337486267089844e-01,1.484578251838684082e+00,3.680662870407104492e+00,5.890742301940917969e+00,8.064115524291992188e+00,1.014843750000000000e+01,1.209091377258300781e+01,1.383960247039794922e+01,1.534476470947265625e+01,1.656024932861328125e+01,1.744486618041992188e+01,1.796368789672851562e+01,1.808927345275878906e+01,1.780273056030273438e+01,1.709461021423339844e+01,1.596556472778320312e+01,1.442677497863769531e+01,1.250008773803710938e+01,1.021786689758300781e+01,7.622540473937988281e+00,4.765852451324462891e+00,1.707819342613220215e+00,-1.484578251838684082e+00,-4.738948345184326172e+00,-7.979240894317626953e+00,-1.112765693664550781e+01,-1.410666465759277344e+01,-1.684106636047363281e+01,-1.926004791259765625e+01,-2.129915809631347656e+01,-2.290216445922851562e+01,-2.402270317077636719e+01,-2.462569808959960938e+01,-2.468849182128906250e+01,-2.420163536071777344e+01,-2.316934394836425781e+01,-2.160955810546875000e+01,-1.955363464355468750e+01,-1.704565429687500000e+01,-1.414137935638427734e+01,-1.090686893463134766e+01,-7.416795730590820312e+00,-3.752526760101318359e+00,-9.251951994511484895e-15
0.000000000000000000e+00,-7.372040152549743652e-01,-1.466411232948303223e+00,-2.179138183593750000e+00,-2.865969181060791016e+00,-3.516188621520996094e+00,-4.117527008056640625e+00,-4.656050205230712891e+00,-5.116206169128417969e+00,-5.481052398681640625e+00,-5.732655525207519531e+00,-5.852661132812500000e+00,-5.823018550872802734e+00,-5.626825332641601562e+00,-5.249269485473632812e+00,-4.678613185882568359e+00,-3.907184362411499023e+00,-2.932314395904541016e+00,-1.757180809974670410e+00,-3.914968073368072510e-01,1.147991657257080078e+00,2.837245225906372070e+00,4.644937515258789062e+00,6.532750129699707031e+00,8.455967903137207031e+00,1.036437320709228516e+01,1.220342636108398438e+01,1.391570091247558594e+01,1.544254493713378906e+01,1.672590827941894531e+01,1.771029090881347656e+01,1.834472274780273438e+01,1.858473587036132812e+01,1.839422416687011719e+01,1.774714851379394531e+01,1.662898254394531250e+01,1.503787326812744141e+01,1.298541831970214844e+01,1.049706363677978516e+01,7.612052917480468750e+00,4.382921218872070312e+00,8.745462894439697266e-01,-2.837245225906372070e+00,-6.667475223541259766e+00,-1.052417469024658203e+01,-1.431084060668945312e+01,-1.792912292480468750e+01,-2.128166007995605469e+01,-2.427495956420898438e+01,-2.682225799560546875e+01,-2.884623146057128906e+01,-3.028149795532226562e+01,-3.107679748535156250e+01,-3.119680404663085938e+01,-3.062346267700195312e+01,-2.935685157775878906e+01,-2.741547775268554688e+01,-2.483604621887207031e+01,-2.167265510559082031e+01,-1.799546813964843750e+01,-1.388888263702392578e+01,-9.449260711669921875e+00,-4.782279968261718750e+00,-1.179201322091399939e-14
0.000000000000000000e+00,-1.130278594791889191e-02,-3.411011770367622375e-02,-7.874636352062225342e-02,-1.532430350780487061e-01,-2.623579800128936768e-01,-4.067844450473785400e-01,-5.825993418693542480e-01,-7.809879183769226074e-01,-9.882699251174926758e-01,-1.186236500740051270e+00,-1.352792620658874512e+00,-1.462884545326232910e+00,-1.489676356315612793e+00,-1.405928254127502441e+00,-1.185515522956848145e+00,-8.050206899642944336e-01,-2.453234940767288208e-01,5.068881511688232422e-01,1.457762837409973145e+00,2.605158805847167969e+00,3.937810420989990234e+00,5.434843063354492188e+00,7.065678119659423828e+00,8.790353775024414062e+00,1.056027317047119141e+01,1.231936836242675781e+01,1.400566196441650391e+01,1.555316638946533203e+01,1.689408683776855469e+01,1.796122169494628906e+01,1.869051551818847656e+01,1.902362823486328125e+01,1.891045188903808594e+01,1.831146240234375000e+01,1.719982528686523438e+01,1.556312370300292969e+01,1.340469455718994141e+01,1.074443340301513672e+01,7.619084835052490234e+00,4.081932067871093750e+00,2.019199728965759277e-01,-3.937810420989990234e+00,-8.241922378540039062e+00,-1.260537338256835938e+01,-1.691632652282714844e+01,-2.105938339233398438e+01,-2.491904258728027344e+01,-2.838327026367187500e+01,-3.134706306457519531e+01,-3.371587371826171875e+01,-3.540878677368164062e+01,-3.636135101318359375e+01,-3.652790832519531250e+01,-3.588340377807617188e+01,-3.442456054687500000e+01,-3.217039108276367188e+01,-2.916200256347656250e+01,-2.546170425415039062e+01,-2.115146255493164062e+01,-1.633069229125976562e+01,-1.111350059509277344e+01,-5.625460147857666016e+00,-1.387185349498599313e-14
0.000000000000000000e+00,4.721841216087341309e-01,9.198221564292907715e-01,1.320015430450439453e+00,1.653074622154235840e+00,1.903913378715515137e+00,2.063200950622558594e+00,2.128208875656127930e+00,2.103303909301757812e+00,2.000054121017456055e+00,1.836932659149169922e+00,1.638625502586364746e+00,1.434962511062622070e+00,1.259516596794128418e+00,1.147926926612854004e+00,1.136018753051757812e+00,1.257801651954650879e+00,1.543440580368041992e+00,2.017290830612182617e+00,2.696094036102294922e+00,3.587427616119384766e+00,4.688484191894531250e+00,5.985257625579833984e+00,7.452188968658447266e+00,9.052305221557617188e+00,1.073787021636962891e+01,1.245155239105224609e+01,1.412806034088134766e+01,1.569623088836669922e+01,1.708147048950195312e+01,1.820849037170410156e+01,1.900422668457031250e+01,1.940084075927734375e+01,1.933867263793945312e+01,1.876904487609863281e+01,1.765679550170898438e+01,1.598242568969726562e+01,1.374377536773681641e+01,1.095713806152343750e+01,7.657754421234130859e+00,3.899645328521728516e+00,-2.452291846275329590e-01,-4.688484191894531250e+00,-9.327456474304199219e+00,-1.404792881011962891e+01,-1.872735023498535156e+01,-2.323844909667968750e+01,-2.745312881469726562e+01,-3.124650382995605469e+01,-3.450095367431640625e+01,-3.711003112792968750e+01,-3.898212432861328125e+01,-4.004369354248046875e+01,-4.024200057983398438e+01,-3.954721450805664062e+01,-3.795381927490234375e+01,-3.548123550415039062e+01,-3.217368698120117188e+01,-2.809924125671386719e+01,-2.334808349609375000e+01,-1.803007507324218750e+01,-1.227165699005126953e+01,-6.212212562561035156e+00,-1.531915328097099849e-14
0.000000000000000000e+00,6.658373475074768066e-01,1.301805257797241211e+00,1.879878997802734375e+00,2.375629425048828125e+00,2.769791603088378906e+00,3.049567222595214844e+00,3.209595441818237305e+00,3.252535104751586914e+00,3.189223289489746094e+00,3.038393497467041016e+00,2.825955867767333984e+00,2.583865880966186523e+00,2.348623275756835938e+00,2.159462928771972656e+00,2.056318044662475586e+00,2.077640771865844727e+00,2.258183479309082031e+00,2.626839160919189453e+00,3.204646825790405273e+00,4.003059864044189453e+00,5.022565364837646484e+00,6.251733779907226562e+00,7.666759490966796875e+00,9.231528282165527344e+00,1.089824104309082031e+01,1.260858249664306641e+01,1.429541397094726562e+01,1.588493728637695312e+01,1.729926300048828125e+01,1.845929336547851562e+01,1.928781700134277344e+01,1.971269226074218750e+01,1.967000770568847656e+01,1.910708618164062500e+01,1.798520278930664062e+01,1.628191184997558594e+01,1.399288368225097656e+01,1.113313293457031250e+01,7.737607955932617188e+00,3.861076593399047852e+00,-4.227105677127838135e-01,-5.022565364837646484e+00,-9.832082748413085938e+00,-1.473248291015625000e+01,-1.959597587585449219e+01,-2.428955650329589844e+01,-2.867910766601562500e+01,-3.263364410400390625e+01,-3.602960205078125000e+01,-3.875497436523437500e+01,-4.071316909790039062e+01,-4.182646560668945312e+01,-4.203890228271484375e+01,-4.131852722167968750e+01,-3.965888595581054688e+01,-3.707973480224609375e+01,-3.362689208984375000e+01,-2.937125778198242188e+01,-2.440700340270996094e+01,-1.884901428222656250e+01,-1.282964134216308594e+01,-6.494860649108886719e+00,-1.601630713634043940e-14
0.000000000000000000e+00,5.486068129539489746e-01,1.070297837257385254e+00,1.539909839630126953e+00,1.935693979263305664e+00,2.240800857543945312e+00,2.444511175155639648e+00,2.543143510818481445e+00,2.540588378906250000e+00,2.448436021804809570e+00,2.285677194595336914e+00,2.077985048294067383e+00,1.856601238250732422e+00,1.656868338584899902e+00,1.516469001770019531e+00,1.473449587821960449e+00,1.564111590385437012e+00,1.820871472358703613e+00,2.270184040069580078e+00,2.930633068084716797e+00,3.811280965805053711e+00,4.910369396209716797e+00,6.214437484741210938e+00,7.697924137115478516e+00,9.323287010192871094e+00,1.104166030883789062e+01,1.279404544830322266e+01,1.451301193237304688e+01,1.612484931945800781e+01,1.755211639404296875e+01,1.871648979187011719e+01,1.954180335998535156e+01,1.995718765258789062e+01,1.990015792846679688e+01,1.931955718994140625e+01,1.817819786071777344e+01,1.645513534545898438e+01,1.414742374420166016e+01,1.127130508422851562e+01,7.862738132476806641e+00,3.977253675460815430e+00,-3.109110593795776367e-01,-4.910369396209716797e+00,-9.714807510375976562e+00,-1.460581111907958984e+01,-1.945620918273925781e+01,-2.413383674621582031e+01,-2.850558090209960938e+01,-3.244159698486328125e+01,-3.581951522827148438e+01,-3.852854156494140625e+01,-4.047324752807617188e+01,-4.157697296142578125e+01,-4.178466796875000000e+01,-4.106508255004882812e+01,-3.941226196289062500e+01,-3.684619140625000000e+01,-3.341265869140625000e+01,-2.918227005004882812e+01,-2.424865913391113281e+01,-1.872593498229980469e+01,-1.274547576904296875e+01,-6.452133178710937500e+00,-1.591084137001191195e-14
0.000000000000000000e+00,1.276915520429611206e-01,2.395075708627700806e-01,3.209497332572937012e-01,3.601979017257690430e-01,3.492617607116699219e-01,2.849177420139312744e-01,1.693751364946365356e-01,1.062856707721948624e-02,-1.775312870740890503e-01,-3.758604824542999268e-01,-5.603527426719665527e-01,-7.032562494277954102e-01,-7.743771672248840332e-01,-7.426164746284484863e-01,-5.776733756065368652e-01,-2.518392503261566162e-01,2.582014799118041992e-01,9.696500897407531738e-01,1.892037391662597656e+00,3.025914907455444336e+00,4.361865520477294922e+00,5.879899501800537109e+00,7.549276351928710938e+00,9.328793525695800781e+00,1.116754436492919922e+01,1.300614547729492188e+01,1.477839660644531250e+01,1.641334342956542969e+01,1.783765792846679688e+01,1.897826766967773438e+01,1.976514244079589844e+01,2.013412666320800781e+01,2.002971839904785156e+01,1.940766906738281250e+01,1.823732757568359375e+01,1.650357818603515625e+01,1.420834732055664062e+01,1.137153720855712891e+01,8.031393051147460938e+00,4.244216442108154297e+00,8.345282077789306641e-02,-4.361865520477294922e+00,-8.989267349243164062e+00,-1.368553066253662109e+01,-1.832983589172363281e+01,-2.279728317260742188e+01,-2.696265220642089844e+01,-3.070430183410644531e+01,-3.390805435180664062e+01,-3.647095108032226562e+01,-3.830472946166992188e+01,-3.933891677856445312e+01,-3.952340698242187500e+01,-3.883045578002929688e+01,-3.725595474243164062e+01,-3.482004547119140625e+01,-3.156689262390136719e+01,-2.756375503540039062e+01,-2.289928054809570312e+01,-1.768113708496093750e+01,-1.203300094604492188e+01,-6.091043949127197266e+00,-1.502006086509782151e-14
0.000000000000000000e+00,-5.620917081832885742e-01,-1.121855616569519043e+00,-1.676212430000305176e+00,-2.220633745193481445e+00,-2.748544692993164062e+00,-3.250876426696777344e+00,-3.715801477432250977e+00,-4.128682136535644531e+00,-4.472249507904052734e+00,-4.727015972137451172e+00,-4.871915340423583984e+00,-4.885151863098144531e+00,-4.745222568511962891e+00,-4.432075977325439453e+00,-3.928351879119873047e+00,-3.220646858215332031e+00,-2.300741195678710938e+00,-1.166725993156433105e+00,1.760344803333282471e-01,1.714160799980163574e+00,3.425791025161743164e+00,5.280428409576416016e+00,7.239133834838867188e+00,9.255080223083496094e+00,1.127447509765625000e+01,1.323782539367675781e+01,1.508154106140136719e+01,1.673979949951171875e+01,1.814665222167968750e+01,1.923826980590820312e+01,1.995527648925781250e+01,2.024507522583007812e+01,2.006407356262207031e+01,1.937973213195800781e+01,1.817234802246093750e+01,1.643649101257324219e+01,1.418202972412109375e+01,1.143468952178955078e+01,8.236107826232910156e+00,4.643353939056396484e+00,7.279236316680908203e-01,-3.425791025161743164e+00,-7.722513198852539062e+00,-1.205852222442626953e+01,-1.632446289062500000e+01,-2.040842247009277344e+01,-2.419920921325683594e+01,-2.758967971801757812e+01,-3.048007202148437500e+01,-3.278116226196289062e+01,-3.441719055175781250e+01,-3.532843780517578125e+01,-3.547333526611328125e+01,-3.483009338378906250e+01,-3.339770126342773438e+01,-3.119634628295898438e+01,-2.826715660095214844e+01,-2.467131042480468750e+01,-2.048853111267089844e+01,-1.581497573852539062e+01,-1.076063251495361328e+01,-5.446260452270507812e+00,-1.342948122092001498e-14
0.000000000000000000e+00,-1.461396098136901855e+00,-2.896671772003173828e+00,-4.279777526855468750e+00,-5.584827423095703125e+00,-6.786232948303222656e+00,-7.858894348144531250e+00,-8.778463363647460938e+00,-9.521684646606445312e+00,-1.006682586669921875e+01,-1.039417171478271484e+01,-1.048660373687744141e+01,-1.033021736145019531e+01,-9.914977073669433594e+00,-9.235376358032226562e+00,-8.291057586669921875e+00,-7.087388038635253906e+00,-5.635928153991699219e+00,-3.954774856567382812e+00,-2.068744659423828125e+00,-9.369443170726299286e-03,2.185319900512695312e+00,4.471233844757080078e+00,6.798897266387939453e+00,9.114355087280273438e+00,1.136029338836669922e+01,1.347736930847167969e+01,1.540570163726806641e+01,1.708650207519531250e+01,1.846377944946289062e+01,1.948610305786132812e+01,2.010831451416015625e+01,2.029317855834960938e+01,2.001288604736328125e+01,1.925036430358886719e+01,1.800032806396484375e+01,1.627002906799316406e+01,1.407967948913574219e+01,1.146249485015869141e+01,8.464349746704101562e+00,5.143043518066406250e+00,1.567180633544921875e+00,-2.185319900512695312e+00,-6.029045104980468750e+00,-9.873196601867675781e+00,-1.362392902374267578e+01,-1.718685913085937500e+01,-2.046965980529785156e+01,-2.338467216491699219e+01,-2.585145187377929688e+01,-2.779916763305664062e+01,-2.916877174377441406e+01,-2.991488838195800781e+01,-3.000732040405273438e+01,-2.943216323852539062e+01,-2.819245910644531250e+01,-2.630836486816406250e+01,-2.381683540344238281e+01,-2.077081489562988281e+01,-1.723796081542968750e+01,-1.329892635345458984e+01,-9.045269012451171875e+00,-4.577018260955810547e+00,-1.128522493824227896e-14
0.000000000000000000e+00,-2.491612672805786133e+00,-4.929808139801025391e+00,-7.262186050415039062e+00,-9.438366889953613281e+00,-1.141096115112304688e+01,-1.313650321960449219e+01,-1.457631301879882812e+01,-1.569729614257812500e+01,-1.647264862060546875e+01,-1.688246345520019531e+01,-1.691421318054199219e+01,-1.656312561035156250e+01,-1.583239555358886719e+01,-1.473326587677001953e+01,-1.328495502471923828e+01,-1.151441097259521484e+01,-9.455920219421386719e+00,-7.150545120239257812e+00,-4.645409107208251953e+00,-1.992830753326416016e+00,7.506735324859619141e-01,3.525514125823974609e+00,6.270251274108886719e+00,8.922899246215820312e+00,1.142228221893310547e+01,1.370941638946533203e+01,1.572888755798339844e+01,1.743018531799316406e+01,1.876897239685058594e+01,1.970824050903320312e+01,2.021934318542480469e+01,2.028284454345703125e+01,1.988919448852539062e+01,1.903916931152343750e+01,1.774409103393554688e+01,1.602578926086425781e+01,1.391631412506103516e+01,1.145738887786865234e+01,8.699617385864257812e+00,5.701453208923339844e+00,2.527950286865234375e+00,-7.506735324859619141e-01,-4.060633659362792969e+00,-7.326295852661132812e+00,-1.047197151184082031e+01,-1.342374992370605469e+01,-1.611132049560546875e+01,-1.846972274780273438e+01,-2.044101142883300781e+01,-2.197574615478515625e+01,-2.303430938720703125e+01,-2.358797264099121094e+01,-2.361972427368164062e+01,-2.312478637695312500e+01,-2.211084556579589844e+01,-2.059796333312988281e+01,-1.861817359924316406e+01,-1.621476936340332031e+01,-1.344130420684814453e+01,-1.036033058166503906e+01,-7.041896343231201172e+00,-3.561851978302001953e+00,-8.781016922431144484e-15
0.000000000000000000e+00,-3.561851978302001953e+00,-7.041896343231201172e+00,-1.036033058166503906e+01,-1.344130420684814453e+01,-1.621476936340332031e+01,-1.861817359924316406e+01,-2.059796333312988281e+01,-2.211084556579589844e+01,-2.312478637695312500e+01,-2.361972427368164062e+01,-2.358797264099121094e+01,-2.303430938720703125e+01,-2.197574615478515625e+01,-2.044101142883300781e+01,-1.846972274780273438e+01,-1.611132049560546875e+01,-1.342374992370605469e+01,-1.047197151184082031e+01,-7.326295852661132812e+00,-4.060633659362792969e+00,-7.506735324859619141e-01,2.527950286865234375e+00,5.701453208923339844e+00,8.699617385864257812e+00,1.145738887786865234e+01,1.391631412506103516e+01,1.602578926086425781e+01,1.774409103393554688e+01,1.903916931152343750e+01,1.988919448852539062e+01,2.028284454345703125e+01,2.021934318542480469e+01,1.970824050903320312e+01,1.876897239685058594e+01,1.743018531799316406e+01,1.572888755798339844e+01,1.370941638946533203e+01,1.142228221893310547e+01,8.922899246215820312e+00,6.270251274108886719e+00,3.525514125823974609e+00,7.506735324859619141e-01,-1.992830753326416016e+00,-4.645409107208251953e+00,-7.150545120239257812e+00,-9.455920219421386719e+00,-1.151441097259521484e+01,-1.328495502471923828e+01,-1.473326587677001953e+01,-1.583239555358886719e+01,-1.656312561035156250e+01,-1.691421318054199219e+01,-1.688246345520019531e+01,-1.647264862060546875e+01,-1.569729614257812500e+01,-1.457631301879882812e+01,-1.313650321960449219e+01,-1.141096115112304688e+01,-9.438366889953613281e+00,-7.262186050415039062e+00,-4.929808139801025391e+00,-2.491612672805786133e+00,-6.140970232868837864e-15
0.000000000000000000e+00,-4.577018260955810547e+00,-9.045269012451171875e+00,-1.329892635345458984e+01,-1.723796081542968750e+01,-2.077081489562988281e+01,-2.381683540344238281e+01,-2.630836486816406250e+01,-2.819245910644531250e+01,-2.943216323852539062e+01,-3.000732040405273438e+01,-2.991488838195800781e+01,-2.916877174377441406e+01,-2.779916763305664062e+01,-2.585145187377929688e+01,-2.338467216491699219e+01,-2.046965980529785156e+01,-1.718685913085937500e+01,-1.362392902374267578e+01,-9.873196601867675781e+00,-6.029045104980468750e+00,-2.185319900512695312e+00,1.567180633544921875e+00,5.143043518066406250e+00,8.464349746704101562e+00,1.146249485015869141e+01,1.407967948913574219e+01,1.627002906799316406e+01,1.800032806396484375e+01,1.925036430358886719e+01,2.001288604736328125e+01,2.029317855834960938e+01,2.010831451416015625e+01,1.948610305786132812e+01,1.846377944946289062e+01,1.708650207519531250e+01,1.540570163726806641e+01,1.347736930847167969e+01,1.136029338836669922e+01,9.114355087280273438e+00,6.798897266387939453e+00,4.471233844757080078e+00,2.185319900512695312e+00,-9.369443170726299286e-03,-2.068744659423828125e+00,-3.954774856567382812e+00,-5.635928153991699219e+00,-7.087388038635253906e+00,-8.291057586669921875e+00,-9.235376358032226562e+00,-9.914977073669433594e+00,-1.033021736145019531e+01,-1.048660373687744141e+01,-1.039417171478271484e+01,-1.006682586669921875e+01,-9.521684646606445312e+00,-8.778463363647460938e+00,-7.858894348144531250e+00,-6.786232948303222656e+00,-5.584827423095703125e+00,-4.279777526855468750e+00,-2.896671772003173828e+00,-1.461396098136901855e+00,-3.599663868033859543e-15
0.000000000000000000e+00,-5.446260452270507812e+00,-1.076063251495361328e+01,-1.581497573852539062e+01,-2.048853111267089844e+01,-2.467131042480468750e+01,-2.826715660095214844e+01,-3.119634628295898438e+01,-3.339770126342773438e+01,-3.483009338378906250e+01,-3.547333526611328125e+01,-3.532843780517578125e+01,-3.441719055175781250e+01,-3.278116226196289062e+01,-3.048007202148437500e+01,-2.758967971801757812e+01,-2.419920921325683594e+01,-2.040842247009277344e+01,-1.632446289062500000e+01,-1.205852222442626953e+01,-7.722513198852539062e+00,-3.425791025161743164e+00,7.279236316680908203e-01,4.643353939056396484e+00,8.236107826232910156e+00,1.143468952178955078e+01,1.418202972412109375e+01,1.643649101257324219e+01,1.817234802246093750e+01,1.937973213195800781e+01,2.006407356262207031e+01,2.024507522583007812e+01,1.995527648925781250e+01,1.923826980590820312e+01,1.814665222167968750e+01,1.673979949951171875e+01,1.508154106140136719e+01,1.323782539367675781e+01,1.127447509765625000e+01,9.255080223083496094e+00,7.239133834838867188e+00,5.280428409576416016e+00,3.425791025161743164e+00,1.714160799980163574e+00,1.760344803333282471e-01,-1.166725993156433105e+00,-2.300741195678710938e+00,-3.220646858215332031e+00,-3.928351879119873047e+00,-4.432075977325439453e+00,-4.745222568511962891e+00,-4.885151863098144531e+00,-4.871915340423583984e+00,-4.727015972137451172e+00,-4.472249507904052734e+00,-4.128682136535644531e+00,-3.715801477432250977e+00,-3.250876426696777344e+00,-2.748544692993164062e+00,-2.220633745193481445e+00,-1.676212430000305176e+00,-1.121855616569519043e+00,-5.620917081832885742e-01,-1.381302366866739295e-15
0.000000000000000000e+00,-6.091043949127197266e+00,-1.203300094604492188e+01,-1.768113708496093750e+01,-2.289928054809570312e+01,-2.756375503540039062e+01,-3.156689262390136719e+01,-3.482004547119140625e+01,-3.725595474243164062e+01,-3.883045578002929688e+01,-3.952340698242187500e+01,-3.933891677856445312e+01,-3.830472946166992188e+01,-3.647095108032226562e+01,-3.390805435180664062e+01,-3.070430183410644531e+01,-2.696265220642089844e+01,-2.279728317260742188e+01,-1.832983589172363281e+01,-1.368553066253662109e+01,-8.989267349243164062e+00,-4.361865520477294922e+00,8.345282077789306641e-02,4.244216442108154297e+00,8.031393051147460938e+00,1.137153720855712891e+01,1.420834732055664062e+01,1.650357818603515625e+01,1.823732757568359375e+01,1.940766906738281250e+01,2.002971839904785156e+01,2.013412666320800781e+01,1.976514244079589844e+01,1.897826766967773438e+01,1.783765792846679688e+01,1.641334342956542969e+01,1.477839660644531250e+01,1.300614547729492188e+01,1.116754436492919922e+01,9.328793525695800781e+00,7.549276351928710938e+00,5.879899501800537109e+00,4.361865520477294922e+00,3.025914907455444336e+00,1.892037391662597656e+00,9.696500897407531738e-01,2.582014799118041992e-01,-2.518392503261566162e-01,-5.776733756065368652e-01,-7.426164746284484863e-01,-7.743771672248840332e-01,-7.032562494277954102e-01,-5.603527426719665527e-01,-3.758604824542999268e-01,-1.775312870740890503e-01,1.062856707721948624e-02,1.693751364946365356e-01,2.849177420139312744e-01,3.492617607116699219e-01,3.601979017257690430e-01,3.209497332572937012e-01,2.395075708627700806e-01,1.276915520429611206e-01,3.202031768362735131e-16
0.000000000000000000e+00,-6.452133178710937500e+00,-1.274547576904296875e+01,-1.872593498229980469e+01,-2.424865913391113281e+01,-2.918227005004882812e+01,-3.341265869140625000e+01,-3.684619140625000000e+01,-3.941226196289062500e+01,-4.106508255004882812e+01,-4.178466796875000000e+01,-4.157697296142578125e+01,-4.047324752807617188e+01,-3.852854156494140625e+01,-3.581951522827148438e+01,-3.244159698486328125e+01,-2.850558090209960938e+01,-2.413383674621582031e+01,-1.945620918273925781e+01,-1.460581111907958984e+01,-9.714807510375976562e+00,-4.910369396209716797e+00,-3.109110593795776367e-01,3.977253675460815430e+00,7.862738132476806641e+00,1.127130508422851562e+01,1.414742374420166016e+01,1.645513534545898438e+01,1.817819786071777344e+01,1.931955718994140625e+01,1.990015792846679688e+01,1.995718765258789062e+01,1.954180335998535156e+01,1.871648979187011719e+01,1.755211639404296875e+01,1.612484931945800781e+01,1.451301193237304688e+01,1.279404544830322266e+01,1.104166030883789062e+01,9.323287010192871094e+00,7.697924137115478516e+00,6.214437484741210938e+00,4.910369396209716797e+00,3.811280965805053711e+00,2.930633068084716797e+00,2.270184040069580078e+00,1.820871472358703613e+00,1.564111590385437012e+00,1.473449587821960449e+00,1.516469001770019531e+00,1.656868338584899902e+00,1.856601238250732422e+00,2.077985048294067383e+00,2.285677194595336914e+00,2.448436021804809570e+00,2.540588378906250000e+00,2.543143510818481445e+00,2.444511175155639648e+00,2.240800857543945312e+00,1.935693979263305664e+00,1.539909839630126953e+00,1.070297837257385254e+00,5.486068129539489746e-01,1.358456935367225154e-15
0.000000000000000000e+00,-6.494860649108886719e+00,-1.282964134216308594e+01,-1.884901428222656250e+01,-2.440700340270996094e+01,-2.937125778198242188e+01,-3.362689208984375000e+01,-3.707973480224609375e+01,-3.965888595581054688e+01,-4.131852722167968750e+01,-4.203890228271484375e+01,-4.182646560668945312e+01,-4.071316909790039062e+01,-3.875497436523437500e+01,-3.602960205078125000e+01,-3.263364410400390625e+01,-2.867910766601562500e+01,-2.428955650329589844e+01,-1.959597587585449219e+01,-1.473248291015625000e+01,-9.832082748413085938e+00,-5.022565364837646484e+00,-4.227105677127838135e-01,3.861076593399047852e+00,7.737607955932617188e+00,1.113313293457031250e+01,1.399288368225097656e+01,1.628191184997558594e+01,1.798520278930664062e+01,1.910708618164062500e+01,1.967000770568847656e+01,1.971269226074218750e+01,1.928781700134277344e+01,1.845929336547851562e+01,1.729926300048828125e+01,1.588493728637695312e+01,1.429541397094726562e+01,1.260858249664306641e+01,1.089824104309082031e+01,9.231528282165527344e+00,7.666759490966796875e+00,6.251733779907226562e+00,5.022565364837646484e+00,4.003059864044189453e+00,3.204646825790405273e+00,2.626839160919189453e+00,2.258183479309082031e+00,2.077640771865844727e+00,2.056318044662475586e+00,2.159462928771972656e+00,2.348623275756835938e+00,2.583865880966186523e+00,2.825955867767333984e+00,3.038393497467041016e+00,3.189223289489746094e+00,3.252535104751586914e+00,3.209595441818237305e+00,3.049567222595214844e+00,2.769791603088378906e+00,2.375629425048828125e+00,1.879878997802734375e+00,1.301805257797241211e+00,6.658373475074768066e-01,1.647574055978825048e-15
0.000000000000000000e+00,-6.212212562561035156e+00,-1.227165699005126953e+01,-1.803007507324218750e+01,-2.334808349609375000e+01,-2.809924125671386719e+01,-3.217368698120117188e+01,-3.548123550415039062e+01,-3.795381927490234375e+01,-3.954721450805664062e+01,-4.024200057983398438e+01,-4.004369354248046875e+01,-3.898212432861328125e+01,-3.711003112792968750e+01,-3.450095367431640625e+01,-3.124650382995605469e+01,-2.745312881469726562e+01,-2.323844909667968750e+01,-1.872735023498535156e+01,-1.404792881011962891e+01,-9.327456474304199219e+00,-4.688484191894531250e+00,-2.452291846275329590e-01,3.899645328521728516e+00,7.657754421234130859e+00,1.095713806152343750e+01,1.374377536773681641e+01,1.598242568969726562e+01,1.765679550170898438e+01,1.876904487609863281e+01,1.933867263793945312e+01,1.940084075927734375e+01,1.900422668457031250e+01,1.820849037170410156e+01,1.708147048950195312e+01,1.569623088836669922e+01,1.412806034088134766e+01,1.245155239105224609e+01,1.073787021636962891e+01,9.052305221557617188e+00,7.452188968658447266e+00,5.985257625579833984e+00,4.688484191894531250e+00,3.587427616119384766e+00,2.696094036102294922e+00,2.017290830612182617e+00,1.543440580368041992e+00,1.257801651954650879e+00,1.136018753051757812e+00,1.147926926612854004e+00,1.259516596794128418e+00,1.434962511062622070e+00,1.638625502586364746e+00,1.836932659149169922e+00,2.000054121017456055e+00,2.103303909301757812e+00,2.128208875656127930e+00,2.063200950622558594e+00,1.903913378715515137e+00,1.653074622154235840e+00,1.320015430450439453e+00,9.198221564292907715e-01,4.721841216087341309e-01,1.169795910596735551e-15
0.000000000000000000e+00,-5.625460147857666016e+00,-1.111350059509277344e+01,-1.633069229125976562e+01,-2.115146255493164062e+01,-2.546170425415039062e+01,-2.916200256347656250e+01,-3.217039108276367188e+01,-3.442456054687500000e+01,-3.588340377807617188e+01,-3.652790832519531250e+01,-3.636135101318359375e+01,-3.540878677368164062e+01,-3.371587371826171875e+01,-3.134706306457519531e+01,-2.838327026367187500e+01,-2.491904258728027344e+01,-2.105938339233398438e+01,-1.691632652282714844e+01,-1.260537338256835938e+01,-8.241922378540039062e+00,-3.937810420989990234e+00,2.019199728965759277e-01,4.081932067871093750e+00,7.619084835052490234e+00,1.074443340301513672e+01,1.340469455718994141e+01,1.556312370300292969e+01,1.719982528686523438e+01,1.831146240234375000e+01,1.891045188903808594e+01,1.902362823486328125e+01,1.869051551818847656e+01,1.796122169494628906e+01,1.689408683776855469e+01,1.555316638946533203e+01,1.400566196441650391e+01,1.231936836242675781e+01,1.056027317047119141e+01,8.790353775024414062e+00,7.065678119659423828e+00,5.434843063354492188e+00,3.937810420989990234e+00,2.605158805847167969e+00,1.457762837409973145e+00,5.068881511688232422e-01,-2.453234940767288208e-01,-8.050206899642944336e-01,-1.185515522956848145e+00,-1.405928254127502441e+00,-1.489676356315612793e+00,-1.462884545326232910e+00,-1.352792620658874512e+00,-1.186236500740051270e+00,-9.882699251174926758e-01,-7.809879183769226074e-01,-5.825993418693542480e-01,-4.067844450473785400e-01,-2.623579800128936768e-01,-1.532430350780487061e-01,-7.874636352062225342e-02,-3.411011770367622375e-02,-1.130278594791889191e-02,-2.295121631933109773e-17
0.000000000000000000e+00,-4.782279968261718750e+00,-9.449260711669921875e+00,-1.388888263702392578e+01,-1.799546813964843750e+01,-2.167265510559082031e+01,-2.483604621887207031e+01,-2.741547775268554688e+01,-2.935685157775878906e+01,-3.062346267700195312e+01,-3.119680404663085938e+01,-3.107679748535156250e+01,-3.028149795532226562e+01,-2.884623146057128906e+01,-2.682225799560546875e+01,-2.427495956420898438e+01,-2.128166007995605469e+01,-1.792912292480468750e+01,-1.431084060668945312e+01,-1.052417469024658203e+01,-6.667475223541259766e+00,-2.837245225906372070e+00,8.745462894439697266e-01,4.382921218872070312e+00,7.612052917480468750e+00,1.049706363677978516e+01,1.298541831970214844e+01,1.503787326812744141e+01,1.662898254394531250e+01,1.774714851379394531e+01,1.839422416687011719e+01,1.858473587036132812e+01,1.834472274780273438e+01,1.771029090881347656e+01,1.672590827941894531e+01,1.544254493713378906e+01,1.391570091247558594e+01,1.220342636108398438e+01,1.036437320709228516e+01,8.455967903137207031e+00,6.532750129699707031e+00,4.644937515258789062e+00,2.837245225906372070e+00,1.147991657257080078e+00,-3.914968073368072510e-01,-1.757180809974670410e+00,-2.932314395904541016e+00,-3.907184362411499023e+00,-4.678613185882568359e+00,-5.249269485473632812e+00,-5.626825332641601562e+00,-5.823018550872802734e+00,-5.852661132812500000e+00,-5.732655525207519531e+00,-5.481052398681640625e+00,-5.116206169128417969e+00,-4.656050205230712891e+00,-4.117527008056640625e+00,-3.516188621520996094e+00,-2.865969181060791016e+00,-2.179138183593750000e+00,-1.466411232948303223e+00,-7.372040152549743652e-01,-1.813693839956983210e-15
0.000000000000000000e+00,-3.752526760101318359e+00,-7.416795730590820312e+00,-1.090686893463134766e+01,-1.414137935638427734e+01,-1.704565429687500000e+01,-1.955363464355468750e+01,-2.160955810546875000e+01,-2.316934394836425781e+01,-2.420163536071777344e+01,-2.468849182128906250e+01,-2.462569808959960938e+01,-2.402270317077636719e+01,-2.290216445922851562e+01,-2.129915809631347656e+01,-1.926004791259765625e+01,-1.684106636047363281e+01,-1.410666465759277344e+01,-1.112765693664550781e+01,-7.979240894317626953e+00,-4.738948345184326172e+00,-1.484578251838684082e+00,1.707819342613220215e+00,4.765852451324462891e+00,7.622540473937988281e+00,1.021786689758300781e+01,1.250008773803710938e+01,1.442677497863769531e+01,1.596556472778320312e+01,1.709461021423339844e+01,1.780273056030273438e+01,1.808927345275878906e+01,1.796368789672851562e+01,1.744486618041992188e+01,1.656024932861328125e+01,1.534476470947265625e+01,1.383960247039794922e+01,1.209091377258300781e+01,1.014843750000000000e+01,8.064115524291992188e+00,5.890742301940917969e+00,3.680662870407104492e+00,1.484578251838684082e+00,-6.495337486267089844e-01,-2.677353858947753906e+00,-4.558999538421630859e+00,-6.259639263153076172e+00,-7.749935626983642578e+00,-9.006330490112304688e+00,-1.001117038726806641e+01,-1.075269508361816406e+01,-1.122489356994628906e+01,-1.142726135253906250e+01,-1.136446857452392578e+01,-1.104596042633056641e+01,-1.048551559448242188e+01,-9.700770378112792969e+00,-8.712743759155273438e+00,-7.545348167419433594e+00,-6.224924087524414062e+00,-4.779787540435791016e+00,-3.239799022674560547e+00,-1.635955452919006348e+00,-4.030832437306505062e-15
0.000000000000000000e+00,-2.622041940689086914e+00,-5.185512065887451172e+00,-7.633145809173583984e+00,-9.910267829895019531e+00,-1.196601104736328125e+01,-1.375445365905761719e+01,-1.523564434051513672e+01,-1.637649536132812500e+01,-1.715152359008789062e+01,-1.754341506958007812e+01,-1.754341506958007812e+01,-1.715152359008789062e+01,-1.637649536132812500e+01,-1.523564434051513672e+01,-1.375445365905761719e+01,-1.196601104736328125e+01,-9.910267829895019531e+00,-7.633145809173583984e+00,-5.185512065887451172e+00,-2.622041940689086914e+00,-4.621719233179315961e-15,2.622041940689086914e+00,5.185512065887451172e+00,7.633145809173583984e+00,9.910267829895019531e+00,1.196601104736328125e+01,1.375445365905761719e+01,1.523564434051513672e+01,1.637649536132812500e+01,1.715152359008789062e+01,1.754341506958007812e+01,1.754341506958007812e+01,1.715152359008789062e+01,1.637649536132812500e+01,1.523564434051513672e+01,1.375445365905761719e+01,1.196601104736328125e+01,9.910267829895019531e+00,7.633145809173583984e+00,5.185512065887451172e+00,2.622041940689086914e+00,6.776192003750359724e-15,-2.622041940689086914e+00,-5.185512065887451172e+00,-7.633145809173583984e+00,-9.910267829895019531e+00,-1.196601104736328125e+01,-1.375445365905761719e+01,-1.523564434051513672e+01,-1.637649536132812500e+01,-1.715152359008789062e+01,-1.754341506958007812e+01,-1.754341506958007812e+01,-1.715152359008789062e+01,-1.637649536132812500e+01,-1.523564434051513672e+01,-1.375445365905761719e+01,-1.196601104736328125e+01,-9.910267829895019531e+00,-7.633145809173583984e+00,-5.185512065887451172e+00,-2.622041940689086914e+00,-6.463418735229604917e-15
0.000000000000000000e+00,-1.485038399696350098e+00,-2.941336154937744141e+00,-4.340445995330810547e+00,-5.654518127441406250e+00,-6.856619834899902344e+00,-7.921077728271484375e+00,-8.823851585388183594e+00,-9.542932510375976562e+00,-1.005876922607421875e+01,-1.035472106933593750e+01,-1.041751384735107422e+01,-1.023770141601562500e+01,-9.810111999511718750e+00,-9.134251594543457031e+00,-8.214664459228515625e+00,-7.061206817626953125e+00,-5.689233303070068359e+00,-4.119658470153808594e+00,-2.378890991210937500e+00,-4.986166656017303467e-01,1.484578251838684082e+00,3.529745817184448242e+00,5.592279434204101562e+00,7.624774456024169922e+00,9.578031539916992188e+00,1.140218544006347656e+01,1.304793643951416016e+01,1.446784591674804688e+01,1.561766719818115234e+01,1.645767402648925781e+01,1.695393943786621094e+01,1.707952499389648438e+01,1.681554031372070312e+01,1.615202713012695312e+01,1.508864593505859375e+01,1.363510894775390625e+01,1.181135940551757812e+01,9.647460937500000000e+00,7.183198928833007812e+00,4.467389583587646484e+00,1.556902289390563965e+00,-1.484578251838684082e+00,-4.588031291961669922e+00,-7.680778026580810547e+00,-1.068831539154052734e+01,-1.353625869750976562e+01,-1.615233802795410156e+01,-1.846838188171386719e+01,-2.042223930358886719e+01,-2.195958137512207031e+01,-2.303551292419433594e+01,-2.361595153808593750e+01,-2.367874336242675781e+01,-2.321444511413574219e+01,-2.222676086425781250e+01,-2.073263931274414062e+01,-1.876196861267089844e+01,-1.635692596435546875e+01,-1.357097339630126953e+01,-1.046752738952636719e+01,-7.118332862854003906e+00,-3.601609706878662109e+00,-8.879935971110343440e-15
0.000000000000000000e+00,-4.357451200485229492e-01,-8.702275156974792480e-01,-1.301547527313232422e+00,-1.726575374603271484e+00,-2.140443801879882812e+00,-2.536163330078125000e+00,-2.904392004013061523e+00,-3.233383178710937500e+00,-3.509123802185058594e+00,-3.715670585632324219e+00,-3.835676670074462891e+00,-3.851089954376220703e+00,-3.744002580642700195e+00,-3.497611522674560547e+00,-3.097249269485473633e+00,-2.531439542770385742e+00,-1.792920589447021484e+00,-8.795900344848632812e-01,2.046869099140167236e-01,1.449450492858886719e+00,2.837245225906372070e+00,4.343478679656982422e+00,5.936566352844238281e+00,7.578377246856689453e+00,9.224979400634765625e+00,1.082768154144287109e+01,1.233433628082275391e+01,1.369088649749755859e+01,1.484308624267578125e+01,1.573836326599121094e+01,1.632773780822753906e+01,1.656775093078613281e+01,1.642229461669921875e+01,1.586432552337646484e+01,1.487732505798339844e+01,1.345650863647460938e+01,1.160967254638671875e+01,9.357669830322265625e+00,6.734462261199951172e+00,3.786737680435180664e+00,5.730873346328735352e-01,-2.837245225906372070e+00,-6.366016387939453125e+00,-9.927990913391113281e+00,-1.343324947357177734e+01,-1.678973007202148438e+01,-1.990591430664062500e+01,-2.269359588623046875e+01,-2.507060050964355469e+01,-2.696340942382812500e+01,-2.830956840515136719e+01,-2.905981254577636719e+01,-2.917981910705566406e+01,-2.865153503417968750e+01,-2.747402763366699219e+01,-2.566382026672363281e+01,-2.325468254089355469e+01,-2.029691123962402344e+01,-1.685607528686523438e+01,-1.301129245758056641e+01,-8.853076934814453125e+00,-4.480820655822753906e+00,-1.104890782815601269e-14
0.000000000000000000e+00,4.399484992027282715e-01,8.583122491836547852e-01,1.234911799430847168e+00,1.552306056022644043e+00,1.796982884407043457e+00,1.960345864295959473e+00,2.039442539215087891e+00,2.037393569946289062e+00,1.963493227958679199e+00,1.832970738410949707e+00,1.666414618492126465e+00,1.488878607749938965e+00,1.328705191612243652e+00,1.216113805770874023e+00,1.181614756584167480e+00,1.254320144653320312e+00,1.460225582122802734e+00,1.820546269416809082e+00,2.350185155868530273e+00,3.056410074234008789e+00,3.937810420989990234e+00,4.983592033386230469e+00,6.173255920410156250e+00,7.476695537567138672e+00,8.854723930358886719e+00,1.026002788543701172e+01,1.163853168487548828e+01,1.293112468719482422e+01,1.407570457458496094e+01,1.500945854187011719e+01,1.567130851745605469e+01,1.600442123413085938e+01,1.595868778228759766e+01,1.549308109283447266e+01,1.457778263092041016e+01,1.319599342346191406e+01,1.134535312652587891e+01,9.038885116577148438e+00,6.305426597595214844e+00,3.189509868621826172e+00,-2.493313252925872803e-01,-3.937810420989990234e+00,-7.790670871734619141e+00,-1.171295070648193359e+01,-1.560266780853271484e+01,-1.935383415222167969e+01,-2.285970115661621094e+01,-2.601613998413085938e+01,-2.872502136230468750e+01,-3.089749145507812500e+01,-3.245702362060546875e+01,-3.334214401245117188e+01,-3.350870132446289062e+01,-3.293164062500000000e+01,-3.160618019104003906e+01,-2.954834938049316406e+01,-2.679487228393554688e+01,-2.340236473083496094e+01,-1.944591522216796875e+01,-1.501703357696533203e+01,-1.022107791900634766e+01,-5.174209117889404297e+00,-1.275950441766322829e-14
0.000000000000000000e+00,1.072105884552001953e+00,2.106264352798461914e+00,3.066475152969360352e+00,3.920538663864135742e+00,4.641730308532714844e+00,5.210212707519531250e+00,5.614116191864013672e+00,5.850237369537353516e+00,5.924313068389892578e+00,5.850856304168701172e+00,5.652549266815185547e+00,5.359221935272216797e+00,5.006450176239013672e+00,4.633834362030029297e+00,4.283030509948730469e+00,3.995618581771850586e+00,3.810904741287231445e+00,3.763750314712524414e+00,3.882536411285400391e+00,4.187349319458007812e+00,4.688484191894531250e+00,5.385335922241210938e+00,6.265747070312500000e+00,7.305845260620117188e+00,8.470406532287597656e+00,9.713734626770019531e+00,1.098104953765869141e+01,1.221032428741455078e+01,1.333453655242919922e+01,1.428423023223876953e+01,1.499030303955078125e+01,1.538691711425781250e+01,1.541441345214843750e+01,1.502211093902587891e+01,1.417088794708251953e+01,1.283541393280029297e+01,1.100595855712890625e+01,8.689674377441406250e+00,5.911294460296630859e+00,2.713202953338623047e+00,-8.451509475708007812e-01,-4.688484191894531250e+00,-8.727534294128417969e+00,-1.286148643493652344e+01,-1.698089027404785156e+01,-2.097098541259765625e+01,-2.471531295776367188e+01,-2.809949302673339844e+01,-3.101504516601562500e+01,-3.336309814453125000e+01,-3.505786514282226562e+01,-3.602976989746093750e+01,-3.622807693481445312e+01,-3.562295532226562500e+01,-3.420688629150390625e+01,-3.199532699584960938e+01,-2.902667617797851562e+01,-2.536142349243164062e+01,-2.108061981201171875e+01,-1.628361511230468750e+01,-1.108521461486816406e+01,-5.612290859222412109e+00,-1.384032692868918807e-14
0.000000000000000000e+00,1.412938117980957031e+00,2.779317855834960938e+00,4.054798126220703125e+00,5.199371337890625000e+00,6.179277896881103516e+00,6.968636035919189453e+00,7.550701141357421875e+00,7.918704986572265625e+00,8.076222419738769531e+00,8.037054061889648438e+00,7.824616432189941406e+00,7.470864772796630859e+00,7.014792919158935547e+00,6.500568866729736328e+00,5.975387096405029297e+00,5.487127304077148438e+00,5.081925392150878906e+00,4.801758289337158203e+00,4.682159423828125000e+00,4.750160217285156250e+00,5.022565364837646484e+00,5.504633426666259766e+00,6.189247131347656250e+00,7.056609153747558594e+00,8.074499130249023438e+00,9.199095726013183594e+00,1.037634468078613281e+01,1.154383182525634766e+01,1.263309288024902344e+01,1.357229518890380859e+01,1.428915596008300781e+01,1.471403121948242188e+01,1.478300952911376953e+01,1.444091701507568359e+01,1.364409637451171875e+01,1.236284351348876953e+01,1.058339786529541016e+01,8.309391021728515625e+00,5.562688827514648438e+00,2.383563995361328125e+00,-1.169811367988586426e+00,-5.022565364837646484e+00,-9.084981918334960938e+00,-1.325497055053710938e+01,-1.742105674743652344e+01,-2.146581459045410156e+01,-2.526962089538574219e+01,-2.871457481384277344e+01,-3.168849754333496094e+01,-3.408880233764648438e+01,-3.582616806030273438e+01,-3.682780456542968750e+01,-3.704024124145507812e+01,-3.643152618408203125e+01,-3.499271392822265625e+01,-3.273862838745117188e+01,-2.970782470703125000e+01,-2.596177101135253906e+01,-2.158326148986816406e+01,-1.667409515380859375e+01,-1.135212898254394531e+01,-5.747759819030761719e+00,-1.417467878505771980e-14
0.000000000000000000e+00,1.441029191017150879e+00,2.835207462310791016e+00,4.137881278991699219e+00,5.308692932128906250e+00,6.313480377197265625e+00,7.125894069671630859e+00,7.728655338287353516e+00,8.114393234252929688e+00,8.286025047302246094e+00,8.256648063659667969e+00,8.048955917358398438e+00,7.694190025329589844e+00,7.230673313140869141e+00,6.701981067657470703e+00,6.154832363128662109e+00,5.636791229248046875e+00,5.193870544433593750e+00,4.868155479431152344e+00,4.695542335510253906e+00,4.703703403472900391e+00,4.910369396209716797e+00,5.322015285491943359e+00,5.933014392852783203e+00,6.725315093994140625e+00,7.668660640716552734e+00,8.721365928649902344e+00,9.831628799438476562e+00,1.093933677673339844e+01,1.197831153869628906e+01,1.287890052795410156e+01,1.357083225250244141e+01,1.398621654510498047e+01,1.406256961822509766e+01,1.374575138092041016e+01,1.299268627166748047e+01,1.177375221252441406e+01,1.007474517822265625e+01,7.898305892944335938e+00,5.264766693115234375e+00,2.212344169616699219e+00,-1.203333377838134766e+00,-4.910369396209716797e+00,-8.822384834289550781e+00,-1.284090137481689453e+01,-1.685823822021484375e+01,-2.076083755493164062e+01,-2.443290138244628906e+01,-2.776021385192871094e+01,-3.063400459289550781e+01,-3.295473480224609375e+01,-3.463565826416015625e+01,-3.560600280761718750e+01,-3.581369781494140625e+01,-3.522749328613281250e+01,-3.383845520019531250e+01,-3.166067886352539062e+01,-2.873127555847167969e+01,-2.510959053039550781e+01,-2.087565994262695312e+01,-1.612796401977539062e+01,-1.098056602478027344e+01,-5.559710979461669922e+00,-1.371099177390703444e-14
0.000000000000000000e+00,1.163216829299926758e+00,2.287426233291625977e+00,3.335514545440673828e+00,4.274068355560302734e+00,5.075008869171142578e+00,5.716975688934326172e+00,6.186400890350341797e+00,6.478211879730224609e+00,6.596134185791015625e+00,6.552575111389160156e+00,6.368082523345947266e+00,6.070409297943115234e+00,5.693206310272216797e+00,5.274409294128417969e+00,4.854384899139404297e+00,4.473907947540283203e+00,4.172071933746337891e+00,3.984214782714843750e+00,3.939955949783325195e+00,4.061439990997314453e+00,4.361865520477294922e+00,4.844374179840087891e+00,5.501358032226562500e+00,6.314229011535644531e+00,7.253674030303955078e+00,8.280398368835449219e+00,9.346338272094726562e+00,1.039631843566894531e+01,1.137007522583007812e+01,1.220460224151611328e+01,1.283670711517333984e+01,1.320569133758544922e+01,1.325605201721191406e+01,1.294008636474609375e+01,1.222030162811279297e+01,1.107152080535888672e+01,9.482600212097167969e+00,7.457666873931884766e+00,5.016828060150146484e+00,2.196298122406005859e+00,-9.520724415779113770e-01,-4.361865520477294922e+00,-7.953742027282714844e+00,-1.163761234283447266e+01,-1.531527233123779297e+01,-1.888341331481933594e+01,-2.223690605163574219e+01,-2.527224349975585938e+01,-2.789102935791015625e+01,-3.000336647033691406e+01,-3.153106307983398438e+01,-3.241048049926757812e+01,-3.259497451782226562e+01,-3.205678939819335938e+01,-3.078837394714355469e+01,-2.880302047729492188e+01,-2.613483428955078125e+01,-2.283800697326660156e+01,-1.898541069030761719e+01,-1.466657161712646484e+01,-9.985081672668457031e+00,-5.055518627166748047e+00,-1.246745677481236533e-14
0.000000000000000000e+00,6.139619350433349609e-01,1.203980684280395508e+00,1.747450947761535645e+00,2.224377870559692383e+00,2.618520975112915039e+00,2.918351888656616211e+00,3.117779254913330078e+00,3.216599941253662109e+00,3.220652341842651367e+00,3.141659259796142578e+00,2.996759653091430664e+00,2.807750225067138672e+00,2.600059509277343750e+00,2.401504755020141602e+00,2.240876436233520508e+00,2.146418809890747070e+00,2.144270420074462891e+00,2.256937503814697266e+00,2.501870632171630859e+00,2.890214443206787109e+00,3.425791025161743164e+00,4.104374885559082031e+00,4.913297653198242188e+00,5.831417083740234375e+00,6.829463005065917969e+00,7.870759963989257812e+00,8.912312507629394531e+00,9.906219482421875000e+00,1.080136966705322266e+01,1.154536724090576172e+01,1.208660221099853516e+01,1.237640094757080078e+01,1.237117195129394531e+01,1.203445053100585938e+01,1.133876800537109375e+01,1.026726341247558594e+01,8.814964294433593750e+00,6.989678382873535156e+00,4.812444210052490234e+00,2.317517757415771484e+00,-4.481300115585327148e-01,-3.425791025161743164e+00,-6.546459197998046875e+00,-9.732686042785644531e+00,-1.290079879760742188e+01,-1.596341133117675781e+01,-1.883214378356933594e+01,-2.142045211791992188e+01,-2.364649200439453125e+01,-2.543588066101074219e+01,-2.672428894042968750e+01,-2.745976257324218750e+01,-2.760466194152832031e+01,-2.713719177246093750e+01,-2.605241966247558594e+01,-2.436276626586914062e+01,-2.209792709350585938e+01,-1.930424499511718750e+01,-1.604351997375488281e+01,-1.239131259918212891e+01,-8.434796333312988281e+00,-4.270206928253173828e+00,-1.053047114839365112e-14
0.000000000000000000e+00,-1.477378904819488525e-01,-2.987002134323120117e-01,-4.555270671844482422e-01,-6.197257041931152344e-01,-7.911920547485351562e-01,-9.678333401679992676e-01,-1.145316958427429199e+00,-1.316965937614440918e+00,-1.473813295364379883e+00,-1.604819893836975098e+00,-1.697251677513122559e+00,-1.737204551696777344e+00,-1.710258364677429199e+00,-1.602230072021484375e+00,-1.399996519088745117e+00,-1.092347145080566406e+00,-6.708264946937561035e-01,-1.305244415998458862e-01,5.292267799377441406e-01,1.304288744926452637e+00,2.185319900512695312e+00,3.157575845718383789e+00,4.200925827026367188e+00,5.290104389190673828e+00,6.395191669464111328e+00,7.482328414916992188e+00,8.514640808105468750e+00,9.453354835510253906e+00,1.025906085968017578e+01,1.089309120178222656e+01,1.131896209716796875e+01,1.150382614135742188e+01,1.141987323760986328e+01,1.104564571380615234e+01,1.036718177795410156e+01,9.378967285156250000e+00,8.084638595581054688e+00,6.497393131256103516e+00,4.640099048614501953e+00,2.545072078704833984e+00,2.535224556922912598e-01,-2.185319900512695312e+00,-4.715386867523193359e+00,-7.275224685668945312e+00,-9.799678802490234375e+00,-1.222175788879394531e+01,-1.447461986541748047e+01,-1.649361228942871094e+01,-1.821830558776855469e+01,-1.959444808959960938e+01,-2.057575988769531250e+01,-2.112553596496582031e+01,-2.121796798706054688e+01,-2.083915138244628906e+01,-1.998774147033691406e+01,-1.867521858215332031e+01,-1.692577552795410156e+01,-1.477577495574951172e+01,-1.227285861968994141e+01,-9.474676132202148438e+00,-6.447298049926757812e+00,-3.263360261917114258e+00,-8.047014592757299745e-15
0.000000000000000000e+00,-1.043615818023681641e+00,-2.066160202026367188e+00,-3.046856641769409180e+00,-3.965518951416015625e+00,-4.802849769592285156e+00,-5.540741920471191406e+00,-6.162579059600830078e+00,-6.653538227081298828e+00,-7.000889778137207031e+00,-7.194285392761230469e+00,-7.226036548614501953e+00,-7.091366767883300781e+00,-6.788637161254882812e+00,-6.319531917572021484e+00,-5.689193248748779297e+00,-4.906299114227294922e+00,-3.983072280883789062e+00,-2.935215711593627930e+00,-1.781761169433593750e+00,-5.448338985443115234e-01,7.506735324859619141e-01,2.077517271041870117e+00,3.406603574752807617e+00,4.707569599151611328e+00,5.949433803558349609e+00,7.101304531097412109e+00,8.133126258850097656e+00,9.016451835632324219e+00,9.725214004516601562e+00,1.023648166656494141e+01,1.053116512298583984e+01,1.059466743469238281e+01,1.041743469238281250e+01,9.995411872863769531e+00,9.330357551574707031e+00,8.430028915405273438e+00,7.308202743530273438e+00,5.984540939331054688e+00,4.484287738800048828e+00,2.837805509567260742e+00,1.079953551292419434e+00,-7.506735324859619141e-01,-2.612637042999267578e+00,-4.462647914886474609e+00,-6.256641864776611328e+00,-7.950902462005615234e+00,-9.503208160400390625e+00,-1.087396144866943359e+01,-1.202727699279785156e+01,-1.293198871612548828e+01,-1.356254959106445312e+01,-1.389979553222656250e+01,-1.393154716491699219e+01,-1.365302658081054688e+01,-1.306708717346191406e+01,-1.218422985076904297e+01,-1.102241230010986328e+01,-9.606657028198242188e+00,-7.968456268310546875e+00,-6.145000934600830078e+00,-4.178248882293701172e+00,-2.113855123519897461e+00,-5.211657775667675671e-15
0.000000000000000000e+00,-1.983116388320922852e+00,-3.919692039489746094e+00,-5.764401912689208984e+00,-7.474316596984863281e+00,-9.010015487670898438e+00,-1.033659648895263672e+01,-1.142455959320068359e+01,-1.225053215026855469e+01,-1.279782772064208984e+01,-1.305680751800537109e+01,-1.302505683898925781e+01,-1.270735073089599609e+01,-1.211543369293212891e+01,-1.126760673522949219e+01,-1.018814563751220703e+01,-8.906566619873046875e+00,-7.456762790679931641e+00,-5.876042366027832031e+00,-4.204091072082519531e+00,-2.481898307800292969e+00,-7.506735324859619141e-01,9.492149353027343750e-01,2.579248666763305664e+00,4.103688716888427734e+00,5.490401268005371094e+00,6.711560726165771484e+00,7.744212627410888672e+00,8.570687294006347656e+00,9.178856849670410156e+00,9.562235832214355469e+00,9.719927787780761719e+00,9.656426429748535156e+00,9.381282806396484375e+00,8.908658981323242188e+00,8.256781578063964844e+00,7.447309970855712891e+00,6.504662513732910156e+00,5.455294132232666016e+00,4.326970100402832031e+00,3.148046731948852539e+00,1.946778655052185059e+00,7.506735324859619141e-01,-4.140952825546264648e-01,-1.523204326629638672e+00,-2.554616451263427734e+00,-3.488932609558105469e+00,-4.309657096862792969e+00,-5.003376960754394531e+00,-5.559861660003662109e+00,-5.972082614898681641e+00,-6.236167907714843750e+00,-6.351297855377197266e+00,-6.319546699523925781e+00,-6.145691394805908203e+00,-5.836983680725097656e+00,-5.402908802032470703e+00,-4.854926109313964844e+00,-4.206208229064941406e+00,-3.471379041671752930e+00,-2.666257381439208984e+00,-1.807603359222412109e+00,-9.128771424293518066e-01,-2.249335801982315503e-15
0.000000000000000000e+00,-2.871469497680664062e+00,-5.672270298004150391e+00,-8.333825111389160156e+00,-1.079166793823242188e+01,-1.298733234405517578e+01,-1.487003135681152344e+01,-1.639809799194335938e+01,-1.754010581970214844e+01,-1.827568054199218750e+01,-1.859592628479003906e+01,-1.850349426269531250e+01,-1.801229095458984375e+01,-1.714681434631347656e+01,-1.594118404388427734e+01,-1.443786907196044922e+01,-1.268617725372314453e+01,-1.074056720733642578e+01,-8.658827781677246094e+00,-6.500197410583496094e+00,-4.323495864868164062e+00,-2.185319900512695312e+00,-1.383684426546096802e-01,1.770044445991516113e+00,3.499247789382934570e+00,5.016202449798583984e+00,6.296195983886718750e+00,7.323224067687988281e+00,8.090059280395507812e+00,8.598011970520019531e+00,8.856403350830078125e+00,8.881783485412597656e+00,8.696920394897460938e+00,8.329621315002441406e+00,7.811426639556884766e+00,7.176232814788818359e+00,6.458897590637207031e+00,5.693885803222656250e+00,4.914000988006591797e+00,4.149252891540527344e+00,3.425898551940917969e+00,2.765684843063354492e+00,2.185319900512695312e+00,1.696179628372192383e+00,1.304254412651062012e+00,1.010326981544494629e+00,8.103640675544738770e-01,6.960951685905456543e-01,6.557467579841613770e-01,6.748922467231750488e-01,7.373757362365722656e-01,8.262652754783630371e-01,9.247903227806091309e-01,1.017222046852111816e+00,1.089656591415405273e+00,1.130668163299560547e+00,1.131805300712585449e+00,1.087909817695617676e+00,9.972502589225769043e-01,8.614648580551147461e-01,6.853243708610534668e-01,4.763273596763610840e-01,2.441529929637908936e-01,6.045702425587896976e-16
0.000000000000000000e+00,-3.618138074874877930e+00,-7.145224571228027344e+00,-1.049304485321044922e+01,-1.357896041870117188e+01,-1.632844924926757812e+01,-1.867736816406250000e+01,-2.057385253906250000e+01,-2.197979164123535156e+01,-2.287182426452636719e+01,-2.324183464050292969e+01,-2.309693527221679688e+01,-2.245892143249511719e+01,-2.136325263977050781e+01,-1.985757827758789062e+01,-1.799989318847656250e+01,-1.585634613037109375e+01,-1.349885272979736328e+01,-1.100253200531005859e+01,-8.443114280700683594e+00,-5.894390583038330078e+00,-3.425791025161743164e+00,-1.100198864936828613e+00,1.027946114540100098e+00,2.914176940917968750e+00,4.525119304656982422e+00,5.839168071746826172e+00,6.846704006195068359e+00,7.549855232238769531e+00,7.961822032928466797e+00,8.105804443359375000e+00,8.013574600219726562e+00,7.723775863647460938e+00,7.279999732971191406e+00,6.728741645812988281e+00,6.117306232452392578e+00,5.491753101348876953e+00,4.894963264465332031e+00,4.364903926849365234e+00,3.933150053024291992e+00,3.623726367950439453e+00,3.452306032180786133e+00,3.425791025161743164e+00,3.542283296585083008e+00,3.791442155838012695e+00,4.155204772949218750e+00,4.608829498291015625e+00,5.122215270996093750e+00,5.661436080932617188e+00,6.190417766571044922e+00,6.672688007354736328e+00,7.073118209838867188e+00,7.359585762023925781e+00,7.504485607147216797e+00,7.486020088195800781e+00,7.289227962493896484e+00,6.906692028045654297e+00,6.338911533355712891e+00,5.594317436218261719e+00,4.688936710357666016e+00,3.645718336105346680e+00,2.493552207946777344e+00,1.266030788421630859e+00,3.125078930983800352e-15
0.000000000000000000e+00,-4.144892692565917969e+00,-8.184172630310058594e+00,-1.201560783386230469e+01,-1.554360961914062500e+01,-1.868225479125976562e+01,-2.135796356201171875e+01,-2.351173591613769531e+01,-2.510087585449218750e+01,-2.610012626647949219e+01,-2.650220870971679688e+01,-2.631771659851074219e+01,-2.557440185546875000e+01,-2.431587028503417969e+01,-2.259974479675292969e+01,-2.049537277221679688e+01,-1.808115386962890625e+01,-1.544161319732666016e+01,-1.266430854797363281e+01,-9.836702346801757812e+00,-7.043116092681884766e+00,-4.361865520477294922e+00,-1.862698078155517578e+00,3.953887224197387695e-01,2.365864515304565430e+00,4.015867233276367188e+00,5.326848030090332031e+00,6.294649124145507812e+00,6.929017543792724609e+00,7.252589225769042969e+00,7.299390792846679688e+00,7.112927436828613281e+00,6.743943214416503906e+00,6.247940540313720703e+00,5.682577610015869141e+00,5.105034351348876953e+00,4.569467067718505859e+00,4.124646186828613281e+00,3.811874151229858398e+00,3.663265228271484375e+00,3.700448513031005859e+00,3.933748483657836914e+00,4.361865520477294922e+00,4.972065925598144531e+00,5.740865230560302734e+00,6.635178565979003906e+00,7.613872051239013672e+00,8.629659652709960938e+00,9.631256103515625000e+00,1.056569290161132812e+01,1.138070297241210938e+01,1.202707099914550781e+01,1.246084690093994141e+01,1.264533901214599609e+01,1.255279541015625000e+01,1.216570949554443359e+01,1.147768497467041016e+01,1.049384784698486328e+01,9.230760574340820312e+00,7.715868473052978516e+00,5.986478328704833984e+00,4.088335514068603516e+00,2.073842525482177734e+00,5.117528274788726156e-15
0.000000000000000000e+00,-4.392792224884033203e+00,-8.672796249389648438e+00,-1.273089408874511719e+01,-1.646517562866210938e+01,-1.978421592712402344e+01,-2.260996818542480469e+01,-2.488017845153808594e+01,-2.655023002624511719e+01,-2.759434890747070312e+01,-2.800614166259765625e+01,-2.779845046997070312e+01,-2.700251388549804688e+01,-2.566650962829589844e+01,-2.385350418090820312e+01,-2.163890647888183594e+01,-1.910752677917480469e+01,-1.635035324096679688e+01,-1.346116828918457031e+01,-1.053313159942626953e+01,-7.655466556549072266e+00,-4.910369396209716797e+00,-2.370251893997192383e+00,-9.542564302682876587e-02,1.867697238922119141e+00,3.487821578979492188e+00,4.749368667602539062e+00,5.652444362640380859e+00,6.212186336517333984e+00,6.457525253295898438e+00,6.429423809051513672e+00,6.178662776947021484e+00,5.763278484344482422e+00,5.245754241943359375e+00,4.690084934234619141e+00,4.158837318420410156e+00,3.710320949554443359e+00,3.395990133285522461e+00,3.258176565170288086e+00,3.328245639801025391e+00,3.625244617462158203e+00,4.155096530914306641e+00,4.910369396209716797e+00,5.870621681213378906e+00,7.003312587738037109e+00,8.265225410461425781e+00,9.604354858398437500e+00,1.096216678619384766e+01,1.227614021301269531e+01,1.348248004913330078e+01,1.451889991760253906e+01,1.532733631134033203e+01,1.585650920867919922e+01,1.606420135498046875e+01,1.591917133331298828e+01,1.540261936187744141e+01,1.450915527343750000e+01,1.324720191955566406e+01,1.163885688781738281e+01,9.719177246093750000e+00,7.534950733184814453e+00,5.142977237701416016e+00,2.607947587966918945e+00,6.434799186007776617e-15
0.000000000000000000e+00,-4.327449798583984375e+00,-8.543235778808593750e+00,-1.253936576843261719e+01,-1.621505737304687500e+01,-1.948001098632812500e+01,-2.225729942321777344e+01,-2.448577117919921875e+01,-2.612187957763671875e+01,-2.714087295532226562e+01,-2.753730964660644531e+01,-2.732487106323242188e+01,-2.653551673889160156e+01,-2.521796798706054688e+01,-2.343563842773437500e+01,-2.126404953002929688e+01,-1.878786087036132812e+01,-1.609761238098144531e+01,-1.328632640838623047e+01,-1.044607734680175781e+01,-7.664672374725341797e+00,-5.022565364837646484e+00,-2.590121507644653320e+00,-4.253289103507995605e-01,1.427959084510803223e+00,2.941187620162963867e+00,4.101637363433837891e+00,4.912318229675292969e+00,5.391238212585449219e+00,5.570081710815429688e+00,5.492356300354003906e+00,5.211098670959472656e+00,4.786222934722900391e+00,4.281641483306884766e+00,3.762257814407348633e+00,3.290973186492919922e+00,2.925819635391235352e+00,2.717335462570190430e+00,2.706295728683471680e+00,2.921879291534423828e+00,3.380353927612304688e+00,4.084322929382324219e+00,5.022565364837646484e+00,6.170470714569091797e+00,7.491052150726318359e+00,8.936488151550292969e+00,1.045012855529785156e+01,1.196888732910156250e+01,1.342591190338134766e+01,1.475342655181884766e+01,1.588562870025634766e+01,1.676151847839355469e+01,1.732754898071289062e+01,1.753998756408691406e+01,1.736687469482421875e+01,1.678954124450683594e+01,1.580355930328369141e+01,1.441916179656982422e+01,1.266103839874267578e+01,1.056757450103759766e+01,8.189527511596679688e+00,5.588210582733154297e+00,2.833248376846313477e+00,6.990312615453827053e-15
0.000000000000000000e+00,-3.942120313644409180e+00,-7.782181739807128906e+00,-1.142150497436523438e+01,-1.476804256439208984e+01,-1.773939323425292969e+01,-2.026545524597167969e+01,-2.229062843322753906e+01,-2.377549362182617188e+01,-2.469789505004882812e+01,-2.505339050292968750e+01,-2.485508346557617188e+01,-2.413280296325683594e+01,-2.293170738220214844e+01,-2.131034660339355469e+01,-1.933827400207519531e+01,-1.709328269958496094e+01,-1.465840911865234375e+01,-1.211878013610839844e+01,-9.558453559875488281e+00,-7.057363510131835938e+00,-4.688484191894531250e+00,-2.515321731567382812e+00,-5.898296833038330078e-01,1.049184322357177734e+00,2.377098083496093750e+00,3.383928537368774414e+00,4.074193954467773438e+00,4.466188907623291016e+00,4.590720653533935547e+00,4.489350795745849609e+00,4.212230682373046875e+00,3.815616607666015625e+00,3.359167814254760742e+00,2.903146028518676758e+00,2.505625247955322266e+00,2.219829320907592773e+00,2.091705322265625000e+00,2.157829999923706055e+00,2.443734884262084961e+00,2.962714195251464844e+00,3.715165138244628906e+00,4.688484191894531250e+00,5.857520103454589844e+00,7.185568809509277344e+00,8.625860214233398438e+00,1.012348079681396484e+01,1.161764812469482422e+01,1.304425048828125000e+01,1.433853244781494141e+01,1.543784046173095703e+01,1.628428459167480469e+01,1.682723617553710938e+01,1.702554321289062500e+01,1.684937477111816406e+01,1.628162765502929688e+01,1.531881427764892578e+01,1.397143268585205078e+01,1.226376056671142578e+01,1.023311519622802734e+01,7.928585529327392578e+00,5.409296989440917969e+00,2.742276668548583984e+00,6.765647714106464566e-15
0.000000000000000000e+00,-3.258330106735229492e+00,-6.432117462158203125e+00,-9.439631462097167969e+00,-1.220465946197509766e+01,-1.465901470184326172e+01,-1.674473953247070312e+01,-1.841593933105468750e+01,-1.964016914367675781e+01,-2.039933013916015625e+01,-2.069004249572753906e+01,-2.052348709106445312e+01,-1.992471504211425781e+01,-1.893148040771484375e+01,-1.759260940551757812e+01,-1.596600818634033203e+01,-1.411635112762451172e+01,-1.211257839202880859e+01,-1.002526569366455078e+01,-7.923990249633789062e+00,-5.874791622161865234e+00,-3.937810420989990234e+00,-2.165210247039794922e+00,-5.994505882263183594e-01,7.280237078666687012e-01,1.797629594802856445e+00,2.602003574371337891e+00,3.145861387252807617e+00,3.445370912551879883e+00,3.527070045471191406e+00,3.426377773284912109e+00,3.185763359069824219e+00,2.852651119232177734e+00,2.477148532867431641e+00,2.109693050384521484e+00,1.798713088035583496e+00,1.588399291038513184e+00,1.516678094863891602e+00,1.613468647003173828e+00,1.899292707443237305e+00,2.384295225143432617e+00,3.067712783813476562e+00,3.937810420989990234e+00,4.972289085388183594e+00,6.139145851135253906e+00,7.397949218750000000e+00,8.701480865478515625e+00,9.997670173645019531e+00,1.123174762725830078e+01,1.234852600097656250e+01,1.329471683502197266e+01,1.402118873596191406e+01,1.448507213592529297e+01,1.465162849426269531e+01,1.449580383300781250e+01,1.400340557098388672e+01,1.317185401916503906e+01,1.201047801971435547e+01,1.054033279418945312e+01,8.793560981750488281e+00,6.812314510345458984e+00,4.647272586822509766e+00,2.355827569961547852e+00,5.812102067800830468e-15
0.000000000000000000e+00,-2.323996782302856445e+00,-4.587608337402343750e+00,-6.732462882995605469e+00,-8.704143524169921875e+00,-1.045397853851318359e+01,-1.194062328338623047e+01,-1.313137149810791016e+01,-1.400314521789550781e+01,-1.454313373565673828e+01,-1.474905872344970703e+01,-1.462905311584472656e+01,-1.420116806030273438e+01,-1.349252605438232422e+01,-1.253815269470214844e+01,-1.137953758239746094e+01,-1.006298255920410156e+01,-8.637798309326171875e+00,-7.154420375823974609e+00,-5.662522792816162109e+00,-4.209192276000976562e+00,-2.837245225906372070e+00,-1.583736777305603027e+00,-4.787307083606719971e-01,4.556332826614379883e-01,1.205739140510559082e+00,1.766740560531616211e+00,2.142450094223022461e+00,2.344877481460571289e+00,2.393442392349243164e+00,2.313894748687744141e+00,2.136990547180175781e+00,1.896978735923767090e+00,1.629962325096130371e+00,1.372203350067138672e+00,1.158438444137573242e+00,1.020277738571166992e+00,9.847490787506103516e-01,1.073048710823059082e+00,1.299548268318176270e+00,1.671098113059997559e+00,2.186654567718505859e+00,2.837245225906372070e+00,3.606274604797363281e+00,4.470155239105224609e+00,5.399239063262939453e+00,6.359010696411132812e+00,7.311492919921875000e+00,8.216809272766113281e+00,9.034836769104003906e+00,9.726880073547363281e+00,1.025731086730957031e+01,1.059508323669433594e+01,1.071508979797363281e+01,1.059927654266357422e+01,1.023750019073486328e+01,9.628055572509765625e+00,8.777895927429199219e+00,7.702488899230957031e+00,6.425355911254882812e+00,4.977281570434570312e+00,3.395240783691406250e+00,1.721078991889953613e+00,4.246053768324929353e-15
0.000000000000000000e+00,-1.209202647209167480e+00,-2.386961221694946289e+00,-3.502882242202758789e+00,-4.528633594512939453e+00,-5.438881397247314453e+00,-6.212110996246337891e+00,-6.831313133239746094e+00,-7.284497737884521484e+00,-7.565029144287109375e+00,-7.671759128570556641e+00,-7.608966350555419922e+00,-7.386096477508544922e+00,-7.017318248748779297e+00,-6.520913124084472656e+00,-5.918524742126464844e+00,-5.234294414520263672e+00,-4.493918895721435547e+00,-3.723670005798339844e+00,-2.949406385421752930e+00,-2.195624351501464844e+00,-1.484578251838684082e+00,-8.355047106742858887e-01,-2.639822065830230713e-01,2.185537964105606079e-01,6.051208972930908203e-01,8.933156728744506836e-01,1.085252404212951660e+00,1.187319040298461914e+00,1.209762930870056152e+00,1.166123986244201660e+00,1.072540163993835449e+00,9.469548463821411133e-01,8.082588911056518555e-01,6.754032969474792480e-01,5.665191411972045898e-01,4.980797767639160156e-01,4.841414690017700195e-01,5.356911420822143555e-01,6.601292490959167480e-01,8.609079718589782715e-01,1.137338876724243164e+00,1.484578251838684082e+00,1.893790364265441895e+00,2.352480649948120117e+00,2.844986915588378906e+00,3.353106737136840820e+00,3.856837034225463867e+00,4.335192680358886719e+00,4.767075061798095703e+00,5.132152080535888672e+00,5.411713600158691406e+00,5.589471340179443359e+00,5.652264118194580078e+00,5.590646266937255859e+00,5.399331569671630859e+00,5.077475070953369141e+00,4.628778934478759766e+00,4.061424255371093750e+00,3.387821674346923828e+00,2.624199151992797852e+00,1.790035486221313477e+00,9.073685407638549805e-01,2.238544390476058903e-15
0.000000000000000000e+00,-3.008957701937050623e-15,-5.939650830097224776e-15,-8.716429813170056828e-15,-1.126878233467017848e-14,-1.353365526200397961e-14,-1.545751441883909394e-14,-1.699803865099890759e-14,-1.812540731654238568e-14,-1.882313037805238148e-14,-1.908838213361685465e-14,-1.893184875089836544e-14,-1.837707435769879438e-14,-1.745936159319380621e-14,-1.622425033675958111e-14,-1.472564068296169926e-14,-1.302364486600090382e-14,-1.118224182548215387e-14,-9.266826740098217663e-15,-7.341756326148529688e-15,-5.467984768583403904e-15,-3.700869482154171483e-15,-2.088244111458177274e-15,-6.688224032287974803e-16,5.290070156693848016e-16,1.487951226464344183e-15,2.202124303084728937e-15,2.676891987493158244e-15,2.928261508326843870e-15,2.981846930152519046e-15,2.871454184928050150e-15,2.637349101383538487e-15,2.324280430122428742e-15,1.979340661913218252e-15,1.649754636422412837e-15,1.380684350452598876e-15,1.213143562826303219e-15,1.182103828715932569e-15,1.314871478637715842e-15,1.629799810734522403e-15,2.135389118269404377e-15,2.829810233592766101e-15,3.700869482154171483e-15,4.726418858207051890e-15,5.875189928745278012e-15,7.108020125452547272e-15,8.379419120380093844e-15,9.639417051837597533e-15,1.083560460324664576e-14,1.191530394858454633e-14,1.282776002661887432e-14,1.352627929909928917e-14,1.397021858411768777e-14,1.412675366090207149e-14,1.397233531945287627e-14,1.349380574996745380e-14,1.268909226282387281e-14,1.156747918615698770e-14,1.014942744784067333e-14,8.465959629568118455e-15,6.557623198524386438e-15,4.473084009177499473e-15,2.267391579802461796e-15,5.593809356693040644e-30
