0.000000000000000000e+00,0.000000000000000000e+00,0.000000000000000000e+00,0.000000000000000000e+00,0.000000000000000000e+00,0.000000000000000000e+00,0.000000000000000000e+00,0.000000000000000000e+00,0.000000000000000000e+00,0.000000000000000000e+00,0.000000000000000000e+00,0.000000000000000000e+00,0.000000000000000000e+00,0.000000000000000000e+00,0.000000000000000000e+00,0.000000000000000000e+00,0.000000000000000000e+00,0.000000000000000000e+00,0.000000000000000000e+00,0.000000000000000000e+00,0.000000000000000000e+00,0.000000000000000000e+00,0.000000000000000000e+00,0.000000000000000000e+00,0.000000000000000000e+00,0.000000000000000000e+00,0.000000000000000000e+00,0.000000000000000000e+00,0.000000000000000000e+00,0.000000000000000000e+00,0.000000000000000000e+00,0.000000000000000000e+00,0.000000000000000000e+00,0.000000000000000000e+00,0.000000000000000000e+00,0.000000000000000000e+00,0.000000000000000000e+00,0.000000000000000000e+00,0.000000000000000000e+00,0.000000000000000000e+00,0.000000000000000000e+00,0.000000000000000000e+00,0.000000000000000000e+00,0.000000000000000000e+00,0.000000000000000000e+00,0.000000000000000000e+00,0.000000000000000000e+00,0.000000000000000000e+00,0.000000000000000000e+00,0.000000000000000000e+00,0.000000000000000000e+00,0.000000000000000000e+00,0.000000000000000000e+00,0.000000000000000000e+00,0.000000000000000000e+00,0.000000000000000000e+00,0.000000000000000000e+00,0.000000000000000000e+00,0.000000000000000000e+00,0.000000000000000000e+00,0.000000000000000000e+00,0.000000000000000000e+00,0.000000000000000000e+00,0.000000000000000000e+00
0.000000000000000000e+00,-2.154994904994964600e-01,-4.226213693618774414e-01,-6.135001182556152344e-01,-7.812693715095520020e-01,-9.204990267753601074e-01,-1.027561664581298828e+00,-1.100908517837524414e+00,-1.141240239143371582e+00,-1.151563167572021484e+00,-1.137125730514526367e+00,-1.105234980583190918e+00,-1.064960479736328125e+00,-1.026735663414001465e+00,-1.001873970031738281e+00,-1.002017855644226074e+00,-1.038547396659851074e+00,-1.121972084045410156e+00,-1.261333703994750977e+00,-1.463648200035095215e+00,-1.733413219451904297e+00,-2.072204113006591797e+00,-2.478381156921386719e+00,-2.946924209594726562e+00,-3.469405651092529297e+00,-4.034109592437744141e+00,-4.626296997070312500e+00,-5.228609561920166016e+00,-5.821604728698730469e+00,-6.384398937225341797e+00,-6.895401000976562500e+00,-7.333109855651855469e+00,-7.676941871643066406e+00,-7.908061981201171875e+00,-8.010181427001953125e+00,-7.970292568206787109e+00,-7.779311656951904297e+00,-7.432595729827880859e+00,-6.930316925048828125e+00,-6.277674198150634766e+00,-5.484926223754882812e+00,-4.567243099212646484e+00,-3.544378280639648438e+00,-2.440163612365722656e+00,-1.281846046447753906e+00,-9.928599745035171509e-02,1.075959563255310059e+00,2.211634874343872070e+00,3.275832176208496094e+00,4.238049030303955078e+00,5.070221424102783203e+00,5.747691631317138672e+00,6.250079154968261719e+00,6.562020778656005859e+00,6.673749923706054688e+00,6.581499099731445312e+00,6.287702083587646484e+00,5.800990581512451172e+00,5.135982036590576172e+00,4.312870025634765625e+00,3.356816291809082031e+00,2.297182798385620117e+00,1.166612267494201660e+00,2.879869245500784811e-15
0.000000000000000000e+00,-4.302437305450439453e-01,-8.443946242332458496e-01,-1.227338433265686035e+00,-1.565869688987731934e+00,-1.849527359008789062e+00,-2.071294784545898438e+00,-2.228126764297485352e+00,-2.321276664733886719e+00,-2.356403827667236328e+00,-2.343451261520385742e+00,-2.296298265457153320e+00,-2.232191562652587891e+00,-2.170987367630004883e+00,-2.134224653244018555e+00,-2.144075632095336914e+00,-2.222215414047241211e+00,-2.388659954071044922e+00,-2.660627841949462891e+00,-3.051473379135131836e+00,-3.569747447967529297e+00,-4.218426704406738281e+00,-4.994355201721191406e+00,-5.887928485870361328e+00,-6.883043289184570312e+00,-7.957328319549560547e+00,-9.082647323608398438e+00,-1.022587585449218750e+01,-1.134991931915283203e+01,-1.241494846343994141e+01,-1.337979412078857422e+01,-1.420347499847412109e+01,-1.484677696228027344e+01,-1.527384090423583984e+01,-1.545368480682373047e+01,-1.536160945892333984e+01,-1.498042011260986328e+01,-1.430141544342041016e+01,-1.332510280609130859e+01,-1.206159496307373047e+01,-1.053067398071289062e+01,-8.761507034301757812e+00,-6.792012214660644531e+00,-4.667894840240478516e+00,-2.441375732421875000e+00,-1.696570217609405518e-01,2.086832523345947266e+00,4.266345500946044922e+00,6.307818889617919922e+00,8.152896881103515625e+00,9.747904777526855469e+00,1.104570102691650391e+01,1.200733947753906250e+01,1.260348892211914062e+01,1.281553554534912109e+01,1.263635158538818359e+01,1.207068443298339844e+01,1.113514423370361328e+01,9.857802391052246094e+00,8.277398109436035156e+00,6.442183971405029297e+00,4.408448696136474609e+00,2.238760948181152344e+00,5.526510086557466159e-15
0.000000000000000000e+00,-6.431670188903808594e-01,-1.263792514801025391e+00,-1.840692520141601562e+00,-2.355330705642700195e+00,-2.792979001998901367e+00,-3.143686532974243164e+00,-3.403013467788696289e+00,-3.572483301162719727e+00,-3.659733533859252930e+00,-3.678347110748291016e+00,-3.647368669509887695e+00,-3.590521335601806641e+00,-3.535151243209838867e+00,-3.510947942733764648e+00,-3.548487424850463867e+00,-3.677666664123535156e+00,-3.926094532012939453e+00,-4.317513465881347656e+00,-4.870324611663818359e+00,-5.596284389495849609e+00,-6.499439239501953125e+00,-7.575352668762207031e+00,-8.810670852661132812e+00,-1.018305683135986328e+01,-1.166150665283203125e+01,-1.320705509185791016e+01,-1.477385139465332031e+01,-1.631057929992675781e+01,-1.776215553283691406e+01,-1.907168769836425781e+01,-2.018257141113281250e+01,-2.104069900512695312e+01,-2.159664344787597656e+01,-2.180777931213378906e+01,-2.164022636413574219e+01,-2.107053375244140625e+01,-2.008706474304199219e+01,-1.869096183776855469e+01,-1.689670944213867188e+01,-1.473220539093017578e+01,-1.223836612701416016e+01,-9.468237876892089844e+00,-6.485651969909667969e+00,-3.363457679748535156e+00,-1.813814043998718262e-01,2.976409196853637695e+00,6.023961067199707031e+00,8.876318931579589844e+00,1.145233631134033203e+01,1.367741775512695312e+01,1.548609256744384766e+01,1.682432365417480469e+01,1.765147399902343750e+01,1.794183731079101562e+01,1.768571090698242188e+01,1.688991737365722656e+01,1.557780265808105469e+01,1.378865909576416016e+01,1.157662868499755859e+01,9.009092330932617188e+00,6.164608955383300781e+00,3.130479097366333008e+00,7.727669619115272448e-15
0.000000000000000000e+00,-8.526225686073303223e-01,-1.678013920783996582e+00,-2.450557947158813477e+00,-3.147788763046264648e+00,-3.751771211624145508e+00,-4.250255584716796875e+00,-4.637549400329589844e+00,-4.915056705474853516e+00,-5.091459274291992188e+00,-5.182517051696777344e+00,-5.210494518280029297e+00,-5.203229427337646484e+00,-5.192883491516113281e+00,-5.214416980743408203e+00,-5.303864479064941406e+00,-5.496472835540771484e+00,-5.824790954589843750e+00,-6.316798210144042969e+00,-6.994150161743164062e+00,-7.870637893676757812e+00,-8.950921058654785156e+00,-1.022961616516113281e+01,-1.169078254699707031e+01,-1.330784606933593750e+01,-1.504398727416992188e+01,-1.685297393798828125e+01,-1.868045616149902344e+01,-2.046564102172851562e+01,-2.214333724975585938e+01,-2.364625930786132812e+01,-2.490754699707031250e+01,-2.586336517333984375e+01,-2.645552253723144531e+01,-2.663397789001464844e+01,-2.635914611816406250e+01,-2.560390090942382812e+01,-2.435520744323730469e+01,-2.261526298522949219e+01,-2.040215873718261719e+01,-1.774995040893554688e+01,-1.470817947387695312e+01,-1.134079456329345703e+01,-7.724549293518066406e+00,-3.946878910064697266e+00,-1.033446043729782104e-01,3.705278396606445312e+00,7.376173019409179688e+00,1.080780029296875000e+01,1.390325355529785156e+01,1.657353210449218750e+01,1.874060440063476562e+01,2.034016036987304688e+01,2.132395744323730469e+01,2.166163635253906250e+01,2.134199905395507812e+01,2.037362480163574219e+01,1.878485488891601562e+01,1.662310600280761719e+01,1.395355701446533203e+01,1.085720729827880859e+01,7.428426742553710938e+00,3.772029161453247070e+00,9.311161291590454997e-15
0.000000000000000000e+00,-1.056187510490417480e+00,-2.082550525665283203e+00,-3.050992965698242188e+00,-3.936790227890014648e+00,-4.720066547393798828e+00,-5.387030601501464844e+00,-5.930910110473632812e+00,-6.352532386779785156e+00,-6.660514354705810547e+00,-6.871057987213134766e+00,-7.007334232330322266e+00,-7.098494529724121094e+00,-7.178332328796386719e+00,-7.283663272857666016e+00,-7.452479839324951172e+00,-7.721965312957763672e+00,-8.126460075378417969e+00,-8.695463180541992188e+00,-9.451763153076171875e+00,-1.040979576110839844e+01,-1.157429981231689453e+01,-1.293934631347656250e+01,-1.448779678344726562e+01,-1.619123077392578125e+01,-1.801036071777343750e+01,-1.989594268798828125e+01,-2.179014778137207031e+01,-2.362837600708007812e+01,-2.534143257141113281e+01,-2.685799980163574219e+01,-2.810733222961425781e+01,-2.902203369140625000e+01,-2.954084968566894531e+01,-2.961134910583496094e+01,-2.919237327575683594e+01,-2.825617980957031250e+01,-2.679015541076660156e+01,-2.479804611206054688e+01,-2.230062294006347656e+01,-1.933575820922851562e+01,-1.595787239074707031e+01,-1.223678588867187500e+01,-8.255959510803222656e+00,-4.110209465026855469e+00,9.704580157995223999e-02,4.256925582885742188e+00,8.258499145507812500e+00,1.199235630035400391e+01,1.535421085357666016e+01,1.824841499328613281e+01,2.059125137329101562e+01,2.231388282775878906e+01,2.336486053466796875e+01,2.371208000183105469e+01,2.334413146972656250e+01,2.227096176147460938e+01,2.052383804321289062e+01,1.815461158752441406e+01,1.523428153991699219e+01,1.185090827941894531e+01,8.106963157653808594e+00,4.116175174713134766e+00,1.016034739659667577e-14
0.000000000000000000e+00,-1.250571250915527344e+00,-2.470974445343017578e+00,-3.632728576660156250e+00,-4.710644245147705078e+00,-5.684265136718750000e+00,-6.539077758789062500e+00,-7.267421245574951172e+00,-7.869058132171630859e+00,-8.351366043090820312e+00,-8.729135513305664062e+00,-9.023977279663085938e+00,-9.263362884521484375e+00,-9.479325294494628906e+00,-9.706881523132324219e+00,-9.982246398925781250e+00,-1.034089851379394531e+01,-1.081560993194580078e+01,-1.143449878692626953e+01,-1.221922683715820312e+01,-1.318340301513671875e+01,-1.433128166198730469e+01,-1.565683078765869141e+01,-1.714321136474609375e+01,-1.876272392272949219e+01,-2.047721290588378906e+01,-2.223897552490234375e+01,-2.399209594726562500e+01,-2.567423057556152344e+01,-2.721872711181640625e+01,-2.855704689025878906e+01,-2.962137603759765625e+01,-3.034734535217285156e+01,-3.067674446105957031e+01,-3.056011772155761719e+01,-2.995915031433105469e+01,-2.884873390197753906e+01,-2.721862411499023438e+01,-2.507460594177246094e+01,-2.243912696838378906e+01,-1.935133743286132812e+01,-1.586652374267578125e+01,-1.205494499206542969e+01,-8.000097274780273438e+00,-3.796439409255981445e+00,4.533197879791259766e-01,4.641321182250976562e+00,8.657911300659179688e+00,1.239515495300292969e+01,1.575037765502929688e+01,1.862960815429687500e+01,2.095081520080566406e+01,2.264679145812988281e+01,2.366760253906250000e+01,2.398250961303710938e+01,2.358126449584960938e+01,2.247475814819335938e+01,2.069496154785156250e+01,1.829419326782226562e+01,1.534367847442626953e+01,1.193149280548095703e+01,8.159937858581542969e+00,4.142427444458007812e+00,1.022462279773317384e-14
0.000000000000000000e+00,-1.431645631790161133e+00,-2.834984540939331055e+00,-4.183205604553222656e+00,-5.452414035797119141e+00,-6.622911930084228516e+00,-7.680268764495849609e+00,-8.616133689880371094e+00,-9.428742408752441406e+00,-1.012308788299560547e+01,-1.071075534820556641e+01,-1.120939922332763672e+01,-1.164189910888671875e+01,-1.203522491455078125e+01,-1.241904735565185547e+01,-1.282416725158691406e+01,-1.328081893920898438e+01,-1.381693649291992188e+01,-1.445645141601562500e+01,-1.521770572662353516e+01,-1.611205673217773438e+01,-1.714274787902832031e+01,-1.830408859252929688e+01,-1.958102607727050781e+01,-2.094909286499023438e+01,-2.237480545043945312e+01,-2.381645202636718750e+01,-2.522531509399414062e+01,-2.654722976684570312e+01,-2.772449111938476562e+01,-2.869797706604003906e+01,-2.940947341918945312e+01,-2.980406761169433594e+01,-2.983253860473632812e+01,-2.945363998413085938e+01,-2.863618850708007812e+01,-2.736087226867675781e+01,-2.562167358398437500e+01,-2.342688369750976562e+01,-2.079960632324218750e+01,-1.777775955200195312e+01,-1.441352653503417969e+01,-1.077227401733398438e+01,-6.930969238281250000e+00,-2.976119995117187500e+00,9.986831545829772949e-01,4.895551681518554688e+00,8.615317344665527344e+00,1.206068134307861328e+01,1.513938713073730469e+01,1.776729774475097656e+01,1.987128257751464844e+01,2.139179229736328125e+01,2.228503036499023438e+01,2.252465629577636719e+01,2.210293006896972656e+01,2.103125953674316406e+01,1.934013748168945312e+01,1.707844543457031250e+01,1.431215286254882812e+01,1.112244224548339844e+01,7.603335380554199219e+00,3.858879566192626953e+00,9.523946132336102294e-15
0.000000000000000000e+00,-1.594600796699523926e+00,-3.164723634719848633e+00,-4.687059879302978516e+00,-6.140583992004394531e+00,-7.507554054260253906e+00,-8.774353981018066406e+00,-9.932127952575683594e+00,-1.097718811035156250e+01,-1.191115093231201172e+01,-1.274081802368164062e+01,-1.347777652740478516e+01,-1.413775730133056641e+01,-1.473975563049316406e+01,-1.530496883392333984e+01,-1.585558509826660156e+01,-1.641347694396972656e+01,-1.699887275695800781e+01,-1.762904357910156250e+01,-1.831709671020507812e+01,-1.907090568542480469e+01,-1.989225196838378906e+01,-2.077621650695800781e+01,-2.171085929870605469e+01,-2.267721557617187500e+01,-2.364961242675781250e+01,-2.459631156921386719e+01,-2.548047447204589844e+01,-2.626139640808105469e+01,-2.689598655700683594e+01,-2.734044265747070312e+01,-2.755205345153808594e+01,-2.749105072021484375e+01,-2.712246322631835938e+01,-2.641786766052246094e+01,-2.535699653625488281e+01,-2.392909431457519531e+01,-2.213399314880371094e+01,-1.998284912109375000e+01,-1.749847221374511719e+01,-1.471527099609375000e+01,-1.167874813079833984e+01,-8.444594383239746094e+00,-5.077372074127197266e+00,-1.648839831352233887e+00,1.764039158821105957e+00,5.081339836120605469e+00,8.222596168518066406e+00,1.110931587219238281e+01,1.366751289367675781e+01,1.583015155792236328e+01,1.753943061828613281e+01,1.874882316589355469e+01,1.942477989196777344e+01,1.954805564880371094e+01,1.911460113525390625e+01,1.813595581054687500e+01,1.663916778564453125e+01,1.466620159149169922e+01,1.227286529541015625e+01,9.527279853820800781e+00,6.507945060729980469e+00,3.301465034484863281e+00,8.147008526246564408e-15
0.000000000000000000e+00,-1.734219789505004883e+00,-3.449347496032714844e+00,-5.127031326293945312e+00,-6.750363349914550781e+00,-8.304514884948730469e+00,-9.777274131774902344e+00,-1.115945148468017578e+01,-1.244514179229736328e+01,-1.363183116912841797e+01,-1.472032642364501953e+01,-1.571452426910400391e+01,-1.662102699279785156e+01,-1.744861030578613281e+01,-1.820758056640625000e+01,-1.890903854370117188e+01,-1.956409263610839844e+01,-2.018305015563964844e+01,-2.077462768554687500e+01,-2.134523582458496094e+01,-2.189832878112792969e+01,-2.243392181396484375e+01,-2.294823074340820312e+01,-2.343351364135742188e+01,-2.387810325622558594e+01,-2.426663208007812500e+01,-2.458047294616699219e+01,-2.479835891723632812e+01,-2.489718055725097656e+01,-2.485292243957519531e+01,-2.464171791076660156e+01,-2.424096679687500000e+01,-2.363048744201660156e+01,-2.279365539550781250e+01,-2.171845626831054688e+01,-2.039844703674316406e+01,-1.883354759216308594e+01,-1.703065299987792969e+01,-1.500399684906005859e+01,-1.277528572082519531e+01,-1.037355422973632812e+01,-7.834748268127441406e+00,-5.201048851013183594e+00,-2.519928216934204102e+00,1.570100337266921997e-01,2.775394678115844727e+00,5.279601573944091797e+00,7.614373207092285156e+00,9.726492881774902344e+00,1.156645202636718750e+01,1.309005260467529297e+01,1.425990295410156250e+01,1.504672241210937500e+01,1.543044281005859375e+01,1.540103626251220703e+01,1.495905399322509766e+01,1.411584663391113281e+01,1.289344787597656250e+01,1.132413196563720703e+01,9.449653625488281250e+00,7.320174694061279297e+00,4.992937088012695312e+00,2.530698776245117188e+00,6.243192286525854964e-15
0.000000000000000000e+00,-1.845250487327575684e+00,-3.677807807922363281e+00,-5.485222816467285156e+00,-7.255524635314941406e+00,-8.977434158325195312e+00,-1.064054393768310547e+01,-1.223546791076660156e+01,-1.375393867492675781e+01,-1.518886280059814453e+01,-1.653432464599609375e+01,-1.778554344177246094e+01,-1.893878173828125000e+01,-1.999121856689453125e+01,-2.094078445434570312e+01,-2.178598213195800781e+01,-2.252567863464355469e+01,-2.315891647338867188e+01,-2.368471527099609375e+01,-2.410191345214843750e+01,-2.440902137756347656e+01,-2.460414314270019531e+01,-2.468491363525390625e+01,-2.464853096008300781e+01,-2.449180603027343750e+01,-2.421130561828613281e+01,-2.380353355407714844e+01,-2.326516151428222656e+01,-2.259331893920898438e+01,-2.178589439392089844e+01,-2.084187698364257812e+01,-1.976169204711914062e+01,-1.854753494262695312e+01,-1.720367622375488281e+01,-1.573672866821289062e+01,-1.415586090087890625e+01,-1.247293567657470703e+01,-1.070257949829101562e+01,-8.862150192260742188e+00,-6.971621513366699219e+00,-5.053360462188720703e+00,-3.131811857223510742e+00,-1.233088493347167969e+00,6.155213713645935059e-01,2.386123180389404297e+00,4.050840854644775391e+00,5.582485198974609375e+00,6.955243110656738281e+00,8.145369529724121094e+00,9.131854057312011719e+00,9.897053718566894531e+00,1.042725086212158203e+01,1.071314048767089844e+01,1.075020217895507812e+01,1.053896999359130859e+01,1.008516788482666016e+01,9.399712562561035156e+00,8.498580932617187500e+00,7.402534008026123047e+00,6.136720657348632812e+00,4.730149269104003906e+00,3.215058088302612305e+00,1.626190304756164551e+00,4.009024303530022218e-15
0.000000000000000000e+00,-1.922842741012573242e+00,-3.839772462844848633e+00,-5.744604110717773438e+00,-7.630621910095214844e+00,-9.490354537963867188e+00,-1.131538867950439453e+01,-1.309623908996582031e+01,-1.482228374481201172e+01,-1.648176574707031250e+01,-1.806187248229980469e+01,-1.954888725280761719e+01,-2.092840766906738281e+01,-2.218563842773437500e+01,-2.330573081970214844e+01,-2.427416610717773438e+01,-2.507718658447265625e+01,-2.570221138000488281e+01,-2.613828659057617188e+01,-2.637648773193359375e+01,-2.641030502319335938e+01,-2.623597717285156250e+01,-2.585275650024414062e+01,-2.526310348510742188e+01,-2.447279167175292969e+01,-2.349092864990234375e+01,-2.232987976074218750e+01,-2.100509071350097656e+01,-1.953483581542968750e+01,-1.793985939025878906e+01,-1.624297523498535156e+01,-1.446857261657714844e+01,-1.264209938049316406e+01,-1.078950405120849609e+01,-8.936668395996093750e+00,-7.108849525451660156e+00,-5.330137252807617188e+00,-3.622958421707153320e+00,-2.007635593414306641e+00,-5.020099282264709473e-01,8.788521885871887207e-01,2.122869253158569336e+00,3.221062421798706055e+00,4.167581081390380859e+00,4.959640502929687500e+00,5.597372531890869141e+00,6.083602905273437500e+00,6.423561096191406250e+00,6.624540805816650391e+00,6.695522785186767578e+00,6.646773338317871094e+00,6.489442825317382812e+00,6.235168933868408203e+00,5.895709991455078125e+00,5.482614040374755859e+00,5.006937503814697266e+00,4.479028224945068359e+00,3.908364057540893555e+00,3.303470611572265625e+00,2.671899318695068359e+00,2.020274877548217773e+00,1.354400873184204102e+00,6.794177293777465820e-01,1.670341983963665421e-15
0.000000000000000000e+00,-1.963011741638183594e+00,-3.926611185073852539e+00,-5.890622138977050781e+00,-7.853380680084228516e+00,-9.811090469360351562e+00,-1.175728511810302734e+01,-1.368244361877441406e+01,-1.557375907897949219e+01,-1.741510200500488281e+01,-1.918716239929199219e+01,-2.086779212951660156e+01,-2.243251991271972656e+01,-2.385524559020996094e+01,-2.510905075073242188e+01,-2.616713905334472656e+01,-2.700384712219238281e+01,-2.759566307067871094e+01,-2.792227172851562500e+01,-2.796750640869140625e+01,-2.772023010253906250e+01,-2.717506599426269531e+01,-2.633296203613281250e+01,-2.520155143737792969e+01,-2.379529571533203125e+01,-2.213539314270019531e+01,-2.024944496154785156e+01,-1.817089843750000000e+01,-1.593825912475585938e+01,-1.359412384033203125e+01,-1.118403911590576172e+01,-8.755240440368652344e+00,-6.355306625366210938e+00,-4.030786037445068359e+00,-1.825830936431884766e+00,2.191004902124404907e-01,2.068429708480834961e+00,3.692490100860595703e+00,5.068364143371582031e+00,6.180496215820312500e+00,7.021056652069091797e+00,7.590044975280761719e+00,7.895124435424804688e+00,7.951196193695068359e+00,7.779729843139648438e+00,7.407868862152099609e+00,6.867353916168212891e+00,6.193292617797851562e+00,5.422830104827880859e+00,4.593768596649169922e+00,3.743183374404907227e+00,2.906090259552001953e+00,2.114215612411499023e+00,1.394911170005798340e+00,7.702556848526000977e-01,2.563765048980712891e-01,-1.369839161634445190e-01,-4.066427946090698242e-01,-5.558864474296569824e-01,-5.941201448440551758e-01,-5.362730622291564941e-01,-4.019827544689178467e-01,-2.145922929048538208e-01,-5.382476157283371844e-16
0.000000000000000000e+00,-1.963081359863281250e+00,-3.932339429855346680e+00,-5.912765026092529297e+00,-7.907040596008300781e+00,-9.914532661437988281e+00,-1.193046283721923828e+01,-1.394529056549072266e+01,-1.594435405731201172e+01,-1.790778923034667969e+01,-1.981074333190917969e+01,-2.162386322021484375e+01,-2.331409072875976562e+01,-2.484567260742187500e+01,-2.618141174316406250e+01,-2.728405952453613281e+01,-2.811783790588378906e+01,-2.864998435974121094e+01,-2.885228538513183594e+01,-2.870252990722656250e+01,-2.818578720092773438e+01,-2.729549598693847656e+01,-2.603427314758300781e+01,-2.441442489624023438e+01,-2.245810317993164062e+01,-2.019712638854980469e+01,-1.767241668701171875e+01,-1.493310165405273438e+01,-1.203528022766113281e+01,-9.040501594543457031e+00,-6.014005184173583984e+00,-3.022779226303100586e+00,-1.335085928440093994e-01,2.589512586593627930e+00,5.086432456970214844e+00,7.303774356842041016e+00,9.196184158325195312e+00,1.072791957855224609e+01,1.187402439117431641e+01,1.262114810943603516e+01,1.296796131134033203e+01,1.292516422271728516e+01,1.251507186889648438e+01,1.177079677581787109e+01,1.073504161834716797e+01,9.458565711975097656e+00,7.998357772827148438e+00,6.415591239929199219e+00,4.773437023162841797e+00,3.134808540344238281e+00,1.560126543045043945e+00,1.051821112632751465e-01,-1.180820822715759277e+00,-2.256969928741455078e+00,-3.092034578323364258e+00,-3.665488004684448242e+00,-3.968125581741333008e+00,-4.002253055572509766e+00,-3.781440496444702148e+00,-3.329850435256958008e+00,-2.681164979934692383e+00,-1.877153992652893066e+00,-9.659356474876403809e-01,-2.394771570784115684e-15
0.000000000000000000e+00,-1.922064542770385742e+00,-3.854436397552490234e+00,-5.805923938751220703e+00,-7.782414913177490234e+00,-9.785606384277343750e+00,-1.181194782257080078e+01,-1.385186767578125000e+01,-1.588930797576904297e+01,-1.790161895751953125e+01,-1.985982131958007812e+01,-2.172922325134277344e+01,-2.347039794921875000e+01,-2.504046440124511719e+01,-2.639464187622070312e+01,-2.748800468444824219e+01,-2.827737045288085938e+01,-2.872324371337890625e+01,-2.879172325134277344e+01,-2.845630836486816406e+01,-2.769950103759765625e+01,-2.651413345336914062e+01,-2.490437316894531250e+01,-2.288632583618164062e+01,-2.048821830749511719e+01,-1.775012779235839844e+01,-1.472325515747070312e+01,-1.146875953674316406e+01,-8.056178092956542969e+00,-4.561495304107666016e+00,-1.064901351928710938e+00,2.351656675338745117e+00,5.607065677642822266e+00,8.623671531677246094e+00,1.132984638214111328e+01,1.366240596771240234e+01,1.556876850128173828e+01,1.700879287719726562e+01,1.795620918273925781e+01,1.839957427978515625e+01,1.834274101257324219e+01,1.780477142333984375e+01,1.681934928894042969e+01,1.543363380432128906e+01,1.370667457580566406e+01,1.170736026763916016e+01,9.512037277221679688e+00,7.201839923858642578e+00,4.859848976135253906e+00,2.568177700042724609e+00,4.050845801830291748e-01,-1.557771205902099609e+00,-3.257837533950805664e+00,-4.643844127655029297e+00,-5.677565097808837891e+00,-6.335100650787353516e+00,-6.607632637023925781e+00,-6.501621723175048828e+00,-6.038444042205810547e+00,-5.253471374511718750e+00,-4.194633007049560547e+00,-2.920518159866333008e+00,-1.498074054718017578e+00,-3.710240207649645808e-15
0.000000000000000000e+00,-1.840937614440917969e+00,-3.694442272186279297e+00,-5.571406364440917969e+00,-7.479457378387451172e+00,-9.421539306640625000e+00,-1.139473247528076172e+01,-1.338938808441162109e+01,-1.538860893249511719e+01,-1.736813735961914062e+01,-1.929664230346679688e+01,-2.113641357421875000e+01,-2.284445381164550781e+01,-2.437391090393066406e+01,-2.567581367492675781e+01,-2.670102882385253906e+01,-2.740237045288085938e+01,-2.773675918579101562e+01,-2.766736030578613281e+01,-2.716557693481445312e+01,-2.621282958984375000e+01,-2.480203628540039062e+01,-2.293870925903320312e+01,-2.064161300659179688e+01,-1.794294357299804688e+01,-1.488800716400146484e+01,-1.153438186645507812e+01,-7.950592517852783203e+00,-4.214327335357666016e+00,-4.102484285831451416e-01,3.372522115707397461e+00,7.043162822723388672e+00,1.051205539703369141e+01,1.369372749328613281e+01,1.650972366333007812e+01,1.889130020141601562e+01,2.078183174133300781e+01,2.213884162902832031e+01,2.293557739257812500e+01,2.316205215454101562e+01,2.282552528381347656e+01,2.195036506652832031e+01,2.057733535766601562e+01,1.876227378845214844e+01,1.657424926757812500e+01,1.409322357177734375e+01,1.140731906890869141e+01,8.609786987304687500e+00,5.795771598815917969e+00,3.058999300003051758e+00,4.885118007659912109e-01,-1.834444522857666016e+00,-3.839251995086669922e+00,-5.468373775482177734e+00,-6.679335117340087891e+00,-7.446159839630126953e+00,-7.760203361511230469e+00,-7.630356311798095703e+00,-7.082603931427001953e+00,-6.158961772918701172e+00,-4.915818214416503906e+00,-3.421754360198974609e+00,-1.754909753799438477e+00,-4.346114193900553480e-15
0.000000000000000000e+00,-1.722775578498840332e+00,-3.458266735076904297e+00,-5.217491149902343750e+00,-7.008159160614013672e+00,-8.833233833312988281e+00,-1.068974304199218750e+01,-1.256789493560791016e+01,-1.445057106018066406e+01,-1.631320762634277344e+01,-1.812409782409667969e+01,-1.984510993957519531e+01,-2.143279266357421875e+01,-2.283985519409179688e+01,-2.401691436767578125e+01,-2.491451263427734375e+01,-2.548524284362792969e+01,-2.568596267700195312e+01,-2.547995567321777344e+01,-2.483895683288574219e+01,-2.374495887756347656e+01,-2.219170379638671875e+01,-2.018578338623046875e+01,-1.774729919433593750e+01,-1.491001987457275391e+01,-1.172104358673095703e+01,-8.239917755126953125e+00,-4.537268638610839844e+00,-6.929653882980346680e-01,3.206130981445312500e+00,7.068747043609619141e+00,1.080202484130859375e+01,1.431449794769287109e+01,1.751909255981445312e+01,2.033607292175292969e+01,2.269577598571777344e+01,2.454107666015625000e+01,2.582944679260253906e+01,2.653455162048339844e+01,2.664729881286621094e+01,2.617630767822265625e+01,2.514775657653808594e+01,2.360461807250976562e+01,2.160530281066894531e+01,1.922173309326171875e+01,1.653694152832031250e+01,1.364225387573242188e+01,1.063415908813476562e+01,7.610989570617675781e+00,4.669515132904052734e+00,1.901585340499877930e+00,-6.090626120567321777e-01,-2.789709806442260742e+00,-4.581171035766601562e+00,-5.939822673797607422e+00,-6.839072227478027344e+00,-7.270205020904541016e+00,-7.242585659027099609e+00,-6.783197402954101562e+00,-5.935537815093994141e+00,-4.757913112640380859e+00,-3.321183443069458008e+00,-1.706053972244262695e+00,-4.227310199751612568e-15
0.000000000000000000e+00,-1.572727203369140625e+00,-3.156159162521362305e+00,-4.759436607360839844e+00,-6.388655185699462891e+00,-8.045542716979980469e+00,-9.726365089416503906e+00,-1.142112541198730469e+01,-1.311310100555419922e+01,-1.477874851226806641e+01,-1.638799667358398438e+01,-1.790493011474609375e+01,-1.928882408142089844e+01,-2.049552726745605469e+01,-2.147910881042480469e+01,-2.219371986389160156e+01,-2.259558868408203125e+01,-2.264508056640625000e+01,-2.230869483947753906e+01,-2.156095886230468750e+01,-2.038609313964843750e+01,-1.877938842773437500e+01,-1.674822235107421875e+01,-1.431265544891357422e+01,-1.150555896759033203e+01,-8.372279167175292969e+00,-4.969803333282470703e+00,-1.365455865859985352e+00,2.364832162857055664e+00,6.138639926910400391e+00,9.869483947753906250e+00,1.346947193145751953e+01,1.685209274291992188e+01,1.993503379821777344e+01,2.264293670654296875e+01,2.490996360778808594e+01,2.668209838867187500e+01,2.791907882690429688e+01,2.859588241577148438e+01,2.870371437072753906e+01,2.825044059753417969e+01,2.726043891906738281e+01,2.577388954162597656e+01,2.384548759460449219e+01,2.154265975952148438e+01,1.894329452514648438e+01,1.613311195373535156e+01,1.320273685455322266e+01,1.024458503723144531e+01,7.349673748016357422e+00,4.604481697082519531e+00,2.087959766387939453e+00,-1.311925947666168213e-01,-1.996880412101745605e+00,-3.467514991760253906e+00,-4.517388820648193359e+00,-5.137474536895751953e+00,-5.335615158081054688e+00,-5.136096954345703125e+00,-4.578623771667480469e+00,-3.716720342636108398e+00,-2.615635633468627930e+00,-1.349808454513549805e+00,-3.349564684862818553e-15
0.000000000000000000e+00,-1.397819280624389648e+00,-2.802322626113891602e+00,-4.218910694122314453e+00,-5.650486469268798828e+00,-7.096372127532958984e+00,-8.551420211791992188e+00,-1.000536346435546875e+01,-1.144245529174804688e+01,-1.284140682220458984e+01,-1.417565822601318359e+01,-1.541396236419677734e+01,-1.652128219604492188e+01,-1.745994567871093750e+01,-1.819104766845703125e+01,-1.867602157592773438e+01,-1.887830734252929688e+01,-1.876508712768554688e+01,-1.830895233154296875e+01,-1.748949241638183594e+01,-1.629467773437500000e+01,-1.472200584411621094e+01,-1.277933788299560547e+01,-1.048537921905517578e+01,-7.869770050048828125e+00,-4.972779750823974609e+00,-1.844577670097351074e+00,1.455878138542175293e+00,4.862327098846435547e+00,8.303007125854492188e+00,1.170272254943847656e+01,1.498509407043457031e+01,1.807493591308593750e+01,2.090064048767089844e+01,2.339652252197265625e+01,2.550499534606933594e+01,2.717852592468261719e+01,2.838127708435058594e+01,2.909037780761718750e+01,2.929676628112792969e+01,2.900556945800781250e+01,2.823599243164062500e+01,2.702072525024414062e+01,2.540488624572753906e+01,2.344450950622558594e+01,2.120466041564941406e+01,1.875722122192382812e+01,1.617842864990234375e+01,1.354626083374023438e+01,1.093775653839111328e+01,8.426368713378906250e+00,6.079444885253906250e+00,3.955934524536132812e+00,2.104398488998413086e+00,5.614011883735656738e-01,-6.496574878692626953e-01,-1.519227981567382812e+00,-2.051785707473754883e+00,-2.265489339828491211e+00,-2.191334724426269531e+00,-1.871833920478820801e+00,-1.359269261360168457e+00,-7.135857343673706055e-01,-1.780472784249195924e-15
0.000000000000000000e+00,-1.206596970558166504e+00,-2.414182662963867188e+00,-3.622864961624145508e+00,-4.831039905548095703e+00,-6.034654617309570312e+00,-7.226605892181396484e+00,-8.396315574645996094e+00,-9.529500007629394531e+00,-1.060817146301269531e+01,-1.161085128784179688e+01,-1.251303100585937500e+01,-1.328783035278320312e+01,-1.390686130523681641e+01,-1.434124469757080078e+01,-1.456275844573974609e+01,-1.454504966735839844e+01,-1.426487636566162109e+01,-1.370332145690917969e+01,-1.284691810607910156e+01,-1.168864536285400391e+01,-1.022873115539550781e+01,-8.475237846374511719e+00,-6.444386005401611328e+00,-4.160596370697021484e+00,-1.656231403350830078e+00,1.028956174850463867e+00,3.848663806915283203e+00,6.751145839691162109e+00,9.680551528930664062e+00,1.257845687866210938e+01,1.538552951812744141e+01,1.804327774047851562e+01,2.049582290649414062e+01,2.269161605834960938e+01,2.458506202697753906e+01,2.613796424865722656e+01,2.732074165344238281e+01,2.811338615417480469e+01,2.850610923767089844e+01,2.849963378906250000e+01,2.810516166687011719e+01,2.734396362304687500e+01,2.624663352966308594e+01,2.485203552246093750e+01,2.320594596862792969e+01,2.135947990417480469e+01,1.936731719970703125e+01,1.728583145141601562e+01,1.517115116119384766e+01,1.307725143432617188e+01,1.105413341522216797e+01,9.146155357360839844e+00,7.390586853027343750e+00,5.816428661346435547e+00,4.443548202514648438e+00,3.282163381576538086e+00,2.332683801651000977e+00,1.585927724838256836e+00,1.023697972297668457e+00,6.196978092193603516e-01,3.407511413097381592e-01,1.482825577259063721e-01,3.459174559885787661e-16
0.000000000000000000e+00,-1.008621454238891602e+00,-2.011351585388183594e+00,-3.001909017562866211e+00,-3.973257064819335938e+00,-4.917286872863769531e+00,-5.824570178985595703e+00,-6.684198379516601562e+00,-7.483725070953369141e+00,-8.209218025207519531e+00,-8.845427513122558594e+00,-9.376069068908691406e+00,-9.784212112426757812e+00,-1.005276107788085938e+01,-1.016502189636230469e+01,-1.010531425476074219e+01,-9.859630584716796875e+00,-9.416285514831542969e+00,-8.766552925109863281e+00,-7.905244827270507812e+00,-6.831222534179687500e+00,-5.547791004180908203e+00,-4.062978267669677734e+00,-2.389670610427856445e+00,-5.455906391143798828e-01,1.446881055831909180e+00,3.561048746109008789e+00,5.766397476196289062e+00,8.029232978820800781e+00,1.031344699859619141e+01,1.258138465881347656e+01,1.479478740692138672e+01,1.691577720642089844e+01,1.890785789489746094e+01,2.073688316345214844e+01,2.237198257446289062e+01,2.378637886047363281e+01,2.495810317993164062e+01,2.587055778503417969e+01,2.651291084289550781e+01,2.688031959533691406e+01,2.697395133972167969e+01,2.680083084106445312e+01,2.637349128723144531e+01,2.570945549011230469e+01,2.483055496215820312e+01,2.376213645935058594e+01,2.253215599060058594e+01,2.117019271850585938e+01,1.970645523071289062e+01,1.817077255249023438e+01,1.659162521362304688e+01,1.499526119232177734e+01,1.340491294860839844e+01,1.184014701843261719e+01,1.031637287139892578e+01,8.844530105590820312e+00,7.430955886840820312e+00,6.077445030212402344e+00,4.781489372253417969e+00,3.536695718765258789e+00,2.333358526229858398e+00,1.159164190292358398e+00,2.840503812793614830e-15
0.000000000000000000e+00,-8.138580322265625000e-01,-1.614362835884094238e+00,-2.388307094573974609e+00,-3.122773170471191406e+00,-3.805275917053222656e+00,-4.423897266387939453e+00,-4.967420101165771484e+00,-5.425450325012207031e+00,-5.788533210754394531e+00,-6.048260211944580078e+00,-6.197363853454589844e+00,-6.229801177978515625e+00,-6.140826225280761719e+00,-5.927047252655029297e+00,-5.586471080780029297e+00,-5.118534088134765625e+00,-4.524117469787597656e+00,-3.805545568466186523e+00,-2.966575622558593750e+00,-2.012365818023681641e+00,-9.494323134422302246e-01,2.144066393375396729e-01,1.470103025436401367e+00,2.807462215423583984e+00,4.215238571166992188e+00,5.681241989135742188e+00,7.192454814910888672e+00,8.735157966613769531e+00,1.029506301879882812e+01,1.185745048522949219e+01,1.340731906890869141e+01,1.492952632904052734e+01,1.640894508361816406e+01,1.783060836791992188e+01,1.917986297607421875e+01,2.044251632690429688e+01,2.160497474670410156e+01,2.265438461303710938e+01,2.357876396179199219e+01,2.436712837219238281e+01,2.500959396362304688e+01,2.549748992919921875e+01,2.582345199584960938e+01,2.598149108886718750e+01,2.596707153320312500e+01,2.577715682983398438e+01,2.541024971008300781e+01,2.486641311645507812e+01,2.414728355407714844e+01,2.325605773925781250e+01,2.219747734069824219e+01,2.097778701782226562e+01,1.960468292236328125e+01,1.808725166320800781e+01,1.643588829040527344e+01,1.466220569610595703e+01,1.277892589569091797e+01,1.079977607727050781e+01,8.739356040954589844e+00,6.613008022308349609e+00,4.436678886413574219e+00,2.226772308349609375e+00,5.475530985110492466e-15
0.000000000000000000e+00,-6.319995522499084473e-01,-1.243264555931091309e+00,-1.813740849494934082e+00,-2.324706792831420898e+00,-2.759372472763061523e+00,-3.103399038314819336e+00,-3.345320940017700195e+00,-3.476850986480712891e+00,-3.493057489395141602e+00,-3.392408132553100586e+00,-3.176678180694580078e+00,-2.850728273391723633e+00,-2.422164201736450195e+00,-1.900888800621032715e+00,-1.298573851585388184e+00,-6.280674934387207031e-01,9.723012894392013550e-02,8.640000224113464355e-01,1.659614443778991699e+00,2.472699165344238281e+00,3.293620109558105469e+00,4.114875316619873047e+00,4.931368827819824219e+00,5.740559101104736328e+00,6.542466163635253906e+00,7.339545726776123047e+00,8.136422157287597656e+00,8.939499855041503906e+00,9.756462097167968750e+00,1.059568214416503906e+01,1.146556568145751953e+01,1.237386226654052734e+01,1.332696247100830078e+01,1.432922554016113281e+01,1.538235759735107422e+01,1.648487854003906250e+01,1.763169860839843750e+01,1.881382369995117188e+01,2.001822853088378906e+01,2.122786903381347656e+01,2.242189407348632812e+01,2.357600212097167969e+01,2.466297340393066406e+01,2.565334892272949219e+01,2.651623535156250000e+01,2.722020912170410156e+01,2.773430442810058594e+01,2.802903366088867188e+01,2.807740402221679688e+01,2.785591316223144531e+01,2.734547042846679688e+01,2.653221511840820312e+01,2.540818786621093750e+01,2.397186088562011719e+01,2.222846221923828125e+01,2.019011306762695312e+01,1.787575149536132812e+01,1.531084823608398438e+01,1.252691364288330078e+01,9.560825347900390625e+00,6.453970432281494141e+00,3.251256227493286133e+00,8.004562148473861466e-15
0.000000000000000000e+00,-4.717783033847808838e-01,-9.161849617958068848e-01,-1.307014942169189453e+00,-1.620345354080200195e+00,-1.835549831390380859e+00,-1.936167836189270020e+00,-1.910589575767517090e+00,-1.752525448799133301e+00,-1.461239933967590332e+00,-1.041536688804626465e+00,-5.034959316253662109e-01,1.380274444818496704e-01,8.641223311424255371e-01,1.652727603912353516e+00,2.479687452316284180e+00,3.319908380508422852e+00,4.148571014404296875e+00,4.942339897155761719e+00,5.680516719818115234e+00,6.346092700958251953e+00,6.926636695861816406e+00,7.414993762969970703e+00,7.809745788574218750e+00,8.115417480468750000e+00,8.342406272888183594e+00,8.506638526916503906e+00,8.628958702087402344e+00,8.734270095825195312e+00,8.850450515747070312e+00,9.007104873657226562e+00,9.234173774719238281e+00,9.560477256774902344e+00,1.001223850250244141e+01,1.061165523529052734e+01,1.137557888031005859e+01,1.231435012817382812e+01,1.343086147308349609e+01,1.471987438201904297e+01,1.616763114929199219e+01,1.775179290771484375e+01,1.944171333312988281e+01,2.119903564453125000e+01,2.297861671447753906e+01,2.472975921630859375e+01,2.639767265319824219e+01,2.792516708374023438e+01,2.925448989868164062e+01,3.032925605773925781e+01,3.109639549255371094e+01,3.150804519653320312e+01,3.152333831787109375e+01,3.110998725891113281e+01,3.024564361572265625e+01,2.891893768310546875e+01,2.713019371032714844e+01,2.489176940917968750e+01,2.222801017761230469e+01,1.917480850219726562e+01,1.577878189086914062e+01,1.209610462188720703e+01,8.191010475158691406e+00,4.134026527404785156e+00,1.018425744263177016e-14
0.000000000000000000e+00,-3.403198122978210449e-01,-6.479813456535339355e-01,-8.918893337249755859e-01,-1.044003248214721680e+00,-1.080690979957580566e+00,-9.838815927505493164e-01,-7.419648170471191406e-01,-3.503943383693695068e-01,1.880340278148651123e-01,8.632447719573974609e-01,1.658286094665527344e+00,2.550060033798217773e+00,3.510349512100219727e+00,4.507101058959960938e+00,5.505908489227294922e+00,6.471634387969970703e+00,7.370098590850830078e+00,8.169760704040527344e+00,8.843322753906250000e+00,9.369170188903808594e+00,9.732603073120117188e+00,9.926778793334960938e+00,9.953326225280761719e+00,9.822602272033691406e+00,9.553557395935058594e+00,9.173221588134765625e+00,8.715807914733886719e+00,8.221469879150390625e+00,7.734750270843505859e+00,7.302786350250244141e+00,6.973326683044433594e+00,6.792645454406738281e+00,6.803435325622558594e+00,7.042759418487548828e+00,7.540153980255126953e+00,8.315957069396972656e+00,9.379938125610351562e+00,1.073029232025146484e+01,1.235304927825927734e+01,1.422192764282226562e+01,1.629866218566894531e+01,1.853379249572753906e+01,2.086790657043457031e+01,2.323329162597656250e+01,2.555595397949218750e+01,2.775793838500976562e+01,2.975984954833984375e+01,3.148352432250976562e+01,3.285472106933593750e+01,3.380576324462890625e+01,3.427800369262695312e+01,3.422406005859375000e+01,3.360969924926757812e+01,3.241532897949218750e+01,3.063701057434082031e+01,2.828697204589843750e+01,2.539358520507812500e+01,2.200080680847167969e+01,1.816710090637207031e+01,1.396385765075683594e+01,9.473386764526367188e+00,4.786533832550048828e+00,1.179604763884177163e-14
0.000000000000000000e+00,-2.425924986600875854e-01,-4.490869343280792236e-01,-5.852193832397460938e-01,-6.203099489212036133e-01,-5.288479924201965332e-01,-2.918391525745391846e-01,1.021486222743988037e-01,6.562908887863159180e-01,1.365198373794555664e+00,2.215013265609741211e+00,3.183909893035888672e+00,4.242981433868408203e+00,5.357482910156250000e+00,6.488368511199951172e+00,7.594076156616210938e+00,8.632463455200195312e+00,9.562831878662109375e+00,1.034792995452880859e+01,1.095586490631103516e+01,1.136182594299316406e+01,1.154953670501708984e+01,1.151237392425537109e+01,1.125409698486328125e+01,1.078913211822509766e+01,1.014240455627441406e+01,9.348703384399414062e+00,8.451593399047851562e+00,7.501916408538818359e+00,6.555913448333740234e+00,5.673060894012451172e+00,4.913679122924804688e+00,4.336414813995361328e+00,3.995697498321533203e+00,3.939268112182617188e+00,4.205879688262939453e+00,4.823272228240966797e+00,5.806502819061279297e+00,7.156712055206298828e+00,8.860382080078125000e+00,1.088912963867187500e+01,1.320006179809570312e+01,1.573667907714843750e+01,1.843033218383789062e+01,2.120215606689453125e+01,2.396545791625976562e+01,2.662844657897949219e+01,2.909723472595214844e+01,3.127898979187011719e+01,3.308514785766601562e+01,3.443453216552734375e+01,3.525632095336914062e+01,3.549268341064453125e+01,3.510105133056640625e+01,3.405590057373046875e+01,3.234998703002929688e+01,2.999496269226074219e+01,2.702139663696289062e+01,2.347812271118164062e+01,1.943099784851074219e+01,1.496105957031250000e+01,1.016217136383056641e+01,5.138226032257080078e+00,1.266576751655533115e-14
0.000000000000000000e+00,-1.810002028942108154e-01,-3.246515989303588867e-01,-3.955620229244232178e-01,-3.621626198291778564e-01,-1.983974725008010864e-01,1.148416176438331604e-01,5.886036753654479980e-01,1.225143790245056152e+00,2.017601966857910156e+00,2.950116395950317383e+00,3.998368978500366211e+00,5.130547046661376953e+00,6.308681488037109375e+00,7.490310192108154297e+00,8.630392074584960938e+00,9.683399200439453125e+00,1.060548686981201172e+01,1.135665321350097656e+01,1.190279579162597656e+01,1.221755981445312500e+01,1.228390312194824219e+01,1.209530258178710938e+01,1.165653038024902344e+01,1.098396205902099609e+01,1.010540103912353516e+01,9.059387207031250000e+00,7.894029617309570312e+00,6.665390491485595703e+00,5.435468196868896484e+00,4.269860267639160156e+00,3.235188961029052734e+00,2.396387577056884766e+00,1.813954472541809082e+00,1.541284084320068359e+00,1.622180819511413574e+00,2.088664054870605469e+00,2.959152698516845703e+00,4.237117290496826172e+00,5.910255432128906250e+00,7.950246810913085938e+00,1.031309890747070312e+01,1.294009685516357422e+01,1.575932788848876953e+01,1.868774032592773438e+01,2.163366699218750000e+01,2.449973678588867188e+01,2.718607139587402344e+01,2.959365081787109375e+01,3.162773132324218750e+01,3.320119857788085938e+01,3.423771667480468750e+01,3.467457580566406250e+01,3.446512603759765625e+01,3.358067703247070312e+01,3.201184463500976562e+01,2.976923561096191406e+01,2.688346672058105469e+01,2.340450859069824219e+01,1.940037155151367188e+01,1.495515727996826172e+01,1.016657543182373047e+01,5.142972469329833984e+00,1.267952587271758275e-14
0.000000000000000000e+00,-1.551535427570343018e-01,-2.740550935268402100e-01,-3.223726153373718262e-01,-2.695256173610687256e-01,-9.034328907728195190e-02,2.335277944803237915e-01,7.125328779220581055e-01,1.348487973213195801e+00,2.134265184402465820e+00,3.053903341293334961e+00,4.083145141601562500e+00,5.190380096435546875e+00,6.337960720062255859e+00,7.483834743499755859e+00,8.583428382873535156e+00,9.591701507568359375e+00,1.046527957916259766e+01,1.116458511352539062e+01,1.165585422515869141e+01,1.191296386718750000e+01,1.191897583007812500e+01,1.166732692718505859e+01,1.116260337829589844e+01,1.042085933685302734e+01,9.469445228576660156e+00,8.346350669860839844e+00,7.099066734313964844e+00,5.783009052276611328e+00,4.459549903869628906e+00,3.193731069564819336e+00,2.051742315292358398e+00,1.098263263702392578e+00,3.937668204307556152e-01,-8.103176951408386230e-03,-6.297770142555236816e-02,2.620715200901031494e-01,9.867376685142517090e-01,2.116135597229003906e+00,3.639973878860473633e+00,5.532285213470458984e+00,7.751740932464599609e+00,1.024254989624023438e+01,1.293592357635498047e+01,1.575205802917480469e+01,1.860258293151855469e+01,2.139337539672851562e+01,2.402767372131347656e+01,2.640933609008789062e+01,2.844617843627929688e+01,3.005323028564453125e+01,3.115581321716308594e+01,3.169231033325195312e+01,3.161654663085937500e+01,3.089966201782226562e+01,2.953141021728515625e+01,2.752086448669433594e+01,2.489643096923828125e+01,2.170524215698242188e+01,1.801188087463378906e+01,1.389651012420654297e+01,9.452466964721679688e+00,4.783391952514648438e+00,1.179437305470504987e-14
0.000000000000000000e+00,-1.618434190750122070e-01,-2.908404469490051270e-01,-3.558719158172607422e-01,-3.291938900947570801e-01,-1.879306584596633911e-01,8.465647697448730469e-02,4.981842041015625000e-01,1.054492950439453125e+00,1.747357010841369629e+00,2.562575101852416992e+00,3.478444337844848633e+00,4.466596603393554688e+00,5.493172645568847656e+00,6.520278453826904297e+00,7.507668018341064453e+00,8.414584159851074219e+00,9.201671600341796875e+00,9.832882881164550781e+00,1.027730178833007812e+01,1.051078033447265625e+01,1.051734161376953125e+01,1.029025936126708984e+01,9.832774162292480469e+00,9.158396720886230469e+00,8.290782928466796875e+00,7.263170242309570312e+00,6.117385387420654297e+00,4.902462482452392578e+00,3.672904014587402344e+00,2.486662864685058594e+00,1.402906417846679688e+00,4.796545505523681641e-01,-2.286165207624435425e-01,-6.733123660087585449e-01,-8.139044046401977539e-01,-6.198698282241821289e-01,-7.230521738529205322e-02,8.348569273948669434e-01,2.094086170196533203e+00,3.683986663818359375e+00,5.569544315338134766e+00,7.702895164489746094e+00,1.002459049224853516e+01,1.246532917022705078e+01,1.494809627532958984e+01,1.739063644409179688e+01,1.970818519592285156e+01,2.181634140014648438e+01,2.363400650024414062e+01,2.508626365661621094e+01,2.610708808898925781e+01,2.664180374145507812e+01,2.664918708801269531e+01,2.610312843322753906e+01,2.499380111694335938e+01,2.332827949523925781e+01,2.113058471679687500e+01,1.844114494323730469e+01,1.531569862365722656e+01,1.182365226745605469e+01,8.045974731445312500e+00,4.072681903839111328e+00,1.004283089252756139e-14
0.000000000000000000e+00,-1.952236443758010864e-01,-3.630830049514770508e-01,-4.776090085506439209e-01,-5.155598521232604980e-01,-4.576297402381896973e-01,-2.894783020019531250e-01,-2.534569706767797470e-03,4.054638147354125977e-01,9.302216172218322754e-01,1.560941815376281738e+00,2.280686855316162109e+00,3.067032814025878906e+00,3.892991304397583008e+00,4.728163242340087891e+00,5.540071964263916016e+00,6.295630455017089844e+00,6.962665081024169922e+00,7.511445999145507812e+00,7.916145801544189453e+00,8.156167030334472656e+00,8.217279434204101562e+00,8.092509269714355469e+00,7.782738208770751953e+00,7.296988487243652344e+00,6.652358055114746094e+00,5.873616695404052734e+00,4.992462158203125000e+00,4.046461582183837891e+00,3.077713966369628906e+00,2.131283998489379883e+00,1.253460764884948730e+00,4.899126887321472168e-01,-1.161928176879882812e-01,-5.260294675827026367e-01,-7.068373560905456543e-01,-6.334628462791442871e-01,-2.896477878093719482e-01,3.309873640537261963e-01,1.224313259124755859e+00,2.375444889068603516e+00,3.758896589279174805e+00,5.339142799377441406e+00,7.071568965911865234e+00,8.903786659240722656e+00,1.077726936340332031e+01,1.262925434112548828e+01,1.439484310150146484e+01,1.600922584533691406e+01,1.740995407104492188e+01,1.853916549682617188e+01,1.934570503234863281e+01,1.978702545166015625e+01,1.983082771301269531e+01,1.945637130737304688e+01,1.865538215637207031e+01,1.743255424499511719e+01,1.580560111999511719e+01,1.380484771728515625e+01,1.147240066528320312e+01,8.860889434814453125e+00,6.031851768493652344e+00,3.053790807723999023e+00,7.530844573161790678e-15
0.000000000000000000e+00,-2.471933215856552124e-01,-4.741759896278381348e-01,-6.616902947425842285e-01,-7.923427224159240723e-01,-8.514336943626403809e-01,-8.276687264442443848e-01,-7.137205600738525391e-01,-5.066158175468444824e-01,-2.079290449619293213e-01,1.762260198593139648e-01,6.354085803031921387e-01,1.155259490013122559e+00,1.718089938163757324e+00,2.303627252578735352e+00,2.889885663986206055e+00,3.454129219055175781e+00,3.973881483078002930e+00,4.427945137023925781e+00,4.797381877899169922e+00,5.066417217254638672e+00,5.223223209381103516e+00,5.260548114776611328e+00,5.176165103912353516e+00,4.973112583160400391e+00,4.659719944000244141e+00,4.249406337738037109e+00,3.760260105133056641e+00,3.214414596557617188e+00,2.637237310409545898e+00,2.056364297866821289e+00,1.500617980957031250e+00,9.988461732864379883e-01,5.787314772605895996e-01,2.656161189079284668e-01,8.139016479253768921e-02,4.348872229456901550e-02,1.640401929616928101e-01,4.492016732692718506e-01,8.987115025520324707e-01,1.505680322647094727e+00,2.256633043289184570e+00,3.131805419921875000e+00,4.105686664581298828e+00,5.147794246673583984e+00,6.223650932312011719e+00,7.295935630798339844e+00,8.325761795043945312e+00,9.274042129516601562e+00,1.010288619995117188e+01,1.077697753906250000e+01,1.126488590240478516e+01,1.154026031494140625e+01,1.158284950256347656e+01,1.137933063507080078e+01,1.092389202117919922e+01,1.021856212615966797e+01,9.273259162902832031e+00,8.105565071105957031e+00,6.740229606628417969e+00,5.208416938781738281e+00,3.546720981597900391e+00,1.795991301536560059e+00,4.429330945803552216e-15
0.000000000000000000e+00,-3.079532980918884277e-01,-6.039795875549316406e-01,-8.765907287597656250e-01,-1.115159630775451660e+00,-1.310309290885925293e+00,-1.454254150390625000e+00,-1.541080594062805176e+00,-1.566955685615539551e+00,-1.530256748199462891e+00,-1.431617140769958496e+00,-1.273886203765869141e+00,-1.062005162239074707e+00,-8.028050065040588379e-01,-5.047338604927062988e-01,-1.775238066911697388e-01,1.681874394416809082e-01,5.212674140930175781e-01,8.705149292945861816e-01,1.205084562301635742e+00,1.514894366264343262e+00,1.790998816490173340e+00,2.025914907455444336e+00,2.213887453079223633e+00,2.351083517074584961e+00,2.435710191726684570e+00,2.468050003051757812e+00,2.450412988662719727e+00,2.387010574340820312e+00,2.283751726150512695e+00,2.147974967956542969e+00,1.988125324249267578e+00,1.813387989997863770e+00,1.633295655250549316e+00,1.457324862480163574e+00,1.294497132301330566e+00,1.153001070022583008e+00,1.039851188659667969e+00,9.605959653854370117e-01,9.190877676010131836e-01,9.173232913017272949e-01,9.553607702255249023e-01,1.031317114830017090e+00,1.141445040702819824e+00,1.280287146568298340e+00,1.440899848937988281e+00,1.615139365196228027e+00,1.793995976448059082e+00,1.967966318130493164e+00,2.127444982528686523e+00,2.263122558593750000e+00,2.366372108459472656e+00,2.429610252380371094e+00,2.446616649627685547e+00,2.412799835205078125e+00,2.325398683547973633e+00,2.183611869812011719e+00,1.988647937774658203e+00,1.743698000907897949e+00,1.453826427459716797e+00,1.125789880752563477e+00,7.677869796752929688e-01,3.891514837741851807e-01,9.600342363189572591e-16
0.000000000000000000e+00,-3.666972815990447998e-01,-7.302510142326354980e-01,-1.087415337562561035e+00,-1.434749364852905273e+00,-1.768541693687438965e+00,-2.084762573242187500e+00,-2.379045963287353516e+00,-2.646711587905883789e+00,-2.882824897766113281e+00,-3.082297801971435547e+00,-3.240028858184814453e+00,-3.351076364517211914e+00,-3.410862207412719727e+00,-3.415392637252807617e+00,-3.361492872238159180e+00,-3.247038364410400391e+00,-3.071176290512084961e+00,-2.834521055221557617e+00,-2.539315223693847656e+00,-2.189544916152954102e+00,-1.790998816490173340e+00,-1.351264357566833496e+00,-8.796567916870117188e-01,-3.870773315429687500e-01,1.141987815499305725e-01,6.108011007308959961e-01,1.088603496551513672e+00,1.533115863800048828e+00,1.929915547370910645e+00,2.265106678009033203e+00,2.525789499282836914e+00,2.700526952743530273e+00,2.779785871505737305e+00,2.756342411041259766e+00,2.625629425048828125e+00,2.386015653610229492e+00,2.038999795913696289e+00,1.589312911033630371e+00,1.044918298721313477e+00,4.169072508811950684e-01,-2.807101905345916748e-01,-1.031317114830017090e+00,-1.816095590591430664e+00,-2.614517688751220703e+00,-3.404906034469604492e+00,-4.165048122406005859e+00,-4.872847080230712891e+00,-5.506982803344726562e+00,-6.047571659088134766e+00,-6.476789474487304688e+00,-6.779453754425048828e+00,-6.943525314331054688e+00,-6.960531711578369141e+00,-6.825881481170654297e+00,-6.539065837860107422e+00,-6.103738307952880859e+00,-5.527664661407470703e+00,-4.822548866271972656e+00,-4.003735542297363281e+00,-3.089796066284179688e+00,-2.102017641067504883e+00,-1.063802123069763184e+00,-2.623069819958725492e-15
0.000000000000000000e+00,-4.123866856098175049e-01,-8.302500844001770020e-01,-1.258443117141723633e+00,-1.700605392456054688e+00,-2.158640861511230469e+00,-2.632292270660400391e+00,-3.118836879730224609e+00,-3.612925052642822266e+00,-4.106571674346923828e+00,-4.589307785034179688e+00,-5.048490047454833984e+00,-5.469759941101074219e+00,-5.837630748748779297e+00,-6.136184692382812500e+00,-6.349846839904785156e+00,-6.464203834533691406e+00,-6.466829776763916016e+00,-6.348078250885009766e+00,-6.101808071136474609e+00,-5.725997447967529297e+00,-5.223223209381103516e+00,-4.600968360900878906e+00,-3.871738910675048828e+00,-3.052978992462158203e+00,-2.166771888732910156e+00,-1.239331603050231934e+00,-3.002991378307342529e-01,6.181427240371704102e-01,1.482303619384765625e+00,2.258136272430419922e+00,2.912463665008544922e+00,3.414235353469848633e+00,3.735769271850585938e+00,3.853924751281738281e+00,3.751167297363281250e+00,3.416472196578979492e+00,2.846034288406372070e+00,2.043746471405029297e+00,1.021421909332275391e+00,-2.012542337179183960e-01,-1.597053050994873047e+00,-3.131805419921875000e+00,-4.765266895294189453e+00,-6.452220439910888672e+00,-8.143784523010253906e+00,-9.788883209228515625e+00,-1.133583641052246094e+01,-1.273400306701660156e+01,-1.393544292449951172e+01,-1.489651775360107422e+01,-1.557938671112060547e+01,-1.595334148406982422e+01,-1.599593067169189453e+01,-1.569383144378662109e+01,-1.504343318939208984e+01,-1.405111980438232422e+01,-1.273322010040283203e+01,-1.111563968658447266e+01,-9.233177185058593750e+00,-7.128550052642822266e+00,-4.851147174835205078e+00,-2.455571413040161133e+00,-6.055217040805286124e-15
0.000000000000000000e+00,-4.345518648624420166e-01,-8.823998570442199707e-01,-1.355759143829345703e+00,-1.864739179611206055e+00,-2.416428327560424805e+00,-3.014137029647827148e+00,-3.656840562820434570e+00,-4.338854789733886719e+00,-5.049762725830078125e+00,-5.774609088897705078e+00,-6.494354248046875000e+00,-7.186573505401611328e+00,-7.826382160186767578e+00,-8.387537956237792969e+00,-8.843687057495117188e+00,-9.169688224792480469e+00,-9.342964172363281250e+00,-9.344814300537109375e+00,-9.161628723144531250e+00,-8.785943031311035156e+00,-8.217279434204101562e+00,-7.462733745574951172e+00,-6.537255764007568359e+00,-5.463620185852050781e+00,-4.272058963775634766e+00,-2.999558687210083008e+00,-1.688847064971923828e+00,-3.870863914489746094e-01,8.556767106056213379e-01,1.988256931304931641e+00,2.960206508636474609e+00,3.723754644393920898e+00,4.235733509063720703e+00,4.459420204162597656e+00,4.366212368011474609e+00,3.937077999114990234e+00,3.163705825805664062e+00,2.049311637878417969e+00,6.090548634529113770e-01,-1.129961967468261719e+00,-3.129121065139770508e+00,-5.339142799377441406e+00,-7.701344490051269531e+00,-1.014926910400390625e+01,-1.261063766479492188e+01,-1.500955390930175781e+01,-1.726890182495117188e+01,-1.931284141540527344e+01,-2.106932830810546875e+01,-2.247255706787109375e+01,-2.346524620056152344e+01,-2.400069236755371094e+01,-2.404449653625488281e+01,-2.357591247558593750e+01,-2.258877372741699219e+01,-2.109193038940429688e+01,-1.910921669006347656e+01,-1.667890548706054688e+01,-1.385269927978515625e+01,-1.069425773620605469e+01,-7.277334690093994141e+00,-3.683566331863403320e+00,-9.083261994934001965e-15
0.000000000000000000e+00,-4.240594208240509033e-01,-8.678771257400512695e-01,-1.349776625633239746e+00,-1.885284185409545898e+00,-2.485909223556518555e+00,-3.158128738403320312e+00,-3.902632951736450195e+00,-4.713868141174316406e+00,-5.579914093017578125e+00,-6.482701778411865234e+00,-7.398570537567138672e+00,-8.299154281616210938e+00,-9.152547836303710938e+00,-9.924727439880371094e+00,-1.058114051818847656e+01,-1.108842468261718750e+01,-1.141614913940429688e+01,-1.153853130340576172e+01,-1.143601894378662109e+01,-1.109668254852294922e+01,-1.051734161376953125e+01,-9.704356193542480469e+00,-8.674057006835937500e+00,-7.452748298645019531e+00,-6.076305389404296875e+00,-4.589330673217773438e+00,-3.043913364410400391e+00,-1.498013615608215332e+00,-1.352868601679801941e-02,1.345894455909729004e+00,2.517220020294189453e+00,3.440471887588500977e+00,4.061173915863037109e+00,4.332687377929687500e+00,4.218353271484375000e+00,3.693342208862304688e+00,2.746145009994506836e+00,1.379621148109436035e+00,-3.884377479553222656e-01,-2.525269031524658203e+00,-4.983641624450683594e+00,-7.702895164489746094e+00,-1.061049365997314453e+01,-1.362404727935791016e+01,-1.665374565124511719e+01,-1.960511589050292969e+01,-2.238202476501464844e+01,-2.488981246948242188e+01,-2.703845596313476562e+01,-2.874563980102539062e+01,-2.993964576721191406e+01,-3.056193161010742188e+01,-3.056931304931640625e+01,-2.993568611145019531e+01,-2.865317535400390625e+01,-2.673272895812988281e+01,-2.420405769348144531e+01,-2.111498451232910156e+01,-1.753017616271972656e+01,-1.352930068969726562e+01,-9.204692840576171875e+00,-4.658585071563720703e+00,-1.148709999462729087e-14
0.000000000000000000e+00,-3.737885355949401855e-01,-7.720134258270263672e-01,-1.217454791069030762e+00,-1.729663610458374023e+00,-2.323549032211303711e+00,-3.008200883865356445e+00,-3.786005258560180664e+00,-4.652103424072265625e+00,-5.594225883483886719e+00,-6.592919826507568359e+00,-7.622161865234375000e+00,-8.650341033935546875e+00,-9.641575813293457031e+00,-1.055730724334716797e+01,-1.135810184478759766e+01,-1.200559329986572266e+01,-1.246446895599365234e+01,-1.270441246032714844e+01,-1.270192241668701172e+01,-1.244190597534179688e+01,-1.191897583007812500e+01,-1.113838481903076172e+01,-1.011653518676757812e+01,-8.881031990051269531e+00,-7.470256328582763672e+00,-5.932457923889160156e+00,-4.324393272399902344e+00,-2.709536790847778320e+00,-1.155934810638427734e+00,2.662298083305358887e-01,1.487274289131164551e+00,2.440753459930419922e+00,3.066194057464599609e+00,3.311718463897705078e+00,3.136450052261352539e+00,2.512601613998413086e+00,1.427154660224914551e+00,-1.169464811682701111e-01,-2.100146532058715820e+00,-4.486217021942138672e+00,-7.222798824310302734e+00,-1.024254989624023438e+01,-1.346486568450927734e+01,-1.679812622070312500e+01,-2.014241027832031250e+01,-2.339256477355957031e+01,-2.644156646728515625e+01,-2.918400955200195312e+01,-3.151965141296386719e+01,-3.335684585571289062e+01,-3.461577224731445312e+01,-3.523132705688476562e+01,-3.515556335449218750e+01,-3.435962295532226562e+01,-3.283502578735351562e+01,-3.059433555603027344e+01,-2.767110443115234375e+01,-2.411913490295410156e+01,-2.001107025146484375e+01,-1.543633747100830078e+01,-1.049853610992431641e+01,-5.312334060668945312e+00,-1.309823204623727574e-14
0.000000000000000000e+00,-2.791654467582702637e-01,-5.854003429412841797e-01,-9.440471529960632324e-01,-1.377079129219055176e+00,-1.901625156402587891e+00,-2.528733968734741211e+00,-3.262443542480468750e+00,-4.099201679229736328e+00,-5.027676582336425781e+00,-6.028967380523681641e+00,-7.077219963073730469e+00,-8.140621185302734375e+00,-9.182739257812500000e+00,-1.016415023803710938e+01,-1.104428482055664062e+01,-1.178342247009277344e+01,-1.234472846984863281e+01,-1.269626235961914062e+01,-1.281284809112548828e+01,-1.267772483825683594e+01,-1.228390312194824219e+01,-1.163513755798339844e+01,-1.074647808074951172e+01,-9.644352912902832031e+00,-8.366159439086914062e+00,-6.959364414215087891e+00,-5.480136871337890625e+00,-3.991550683975219727e+00,-2.561410188674926758e+00,-1.259785890579223633e+00,-1.563380509614944458e-01,6.824634671211242676e-01,1.196120023727416992e+00,1.332773923873901367e+00,1.051658868789672852e+00,3.252284228801727295e-01,-8.591301441192626953e-01,-2.497875213623046875e+00,-4.570646286010742188e+00,-7.040194511413574219e+00,-9.852932929992675781e+00,-1.294009685516357422e+01,-1.621949386596679688e+01,-1.959779167175292969e+01,-2.297327613830566406e+01,-2.623897743225097656e+01,-2.928609466552734375e+01,-3.200754547119140625e+01,-3.430157089233398438e+01,-3.607525634765625000e+01,-3.724779129028320312e+01,-3.775342941284179688e+01,-3.754397583007812500e+01,-3.659075164794921875e+01,-3.488590240478515625e+01,-3.244307327270507812e+01,-2.929735755920410156e+01,-2.550453186035156250e+01,-2.113961410522460938e+01,-1.629476737976074219e+01,-1.107662773132324219e+01,-5.603137969970703125e+00,-1.381384867875801864e-14
0.000000000000000000e+00,-1.385173648595809937e-01,-3.046194314956665039e-01,-5.242469310760498047e-01,-8.201326727867126465e-01,-1.210393786430358887e+00,-1.707350015640258789e+00,-2.316626548767089844e+00,-3.036589860916137695e+00,-3.858146667480468750e+00,-4.764922142028808594e+00,-5.733818531036376953e+00,-6.735929965972900391e+00,-7.737781524658203125e+00,-8.702846527099609375e+00,-9.593265533447265625e+00,-1.037170505523681641e+01,-1.100327396392822266e+01,-1.145739650726318359e+01,-1.170957183837890625e+01,-1.174293613433837891e+01,-1.154953670501708984e+01,-1.113126373291015625e+01,-1.050039100646972656e+01,-9.679666519165039062e+00,-8.701962471008300781e+00,-7.609461784362792969e+00,-6.452404499053955078e+00,-5.287438392639160156e+00,-4.175614356994628906e+00,-3.180112838745117188e+00,-2.363770246505737305e+00,-1.786505699157714844e+00,-1.502749323844909668e+00,-1.558968901634216309e+00,-1.991401672363281250e+00,-2.824082851409912109e+00,-4.067261219024658203e+00,-5.716269493103027344e+00,-7.750915527343750000e+00,-1.013542366027832031e+01,-1.281895160675048828e+01,-1.573667907714843750e+01,-1.881144142150878906e+01,-2.195586204528808594e+01,-2.507492446899414062e+01,-2.806888961791992188e+01,-3.083647537231445312e+01,-3.327817916870117188e+01,-3.529962539672851562e+01,-3.681483078002929688e+01,-3.774927139282226562e+01,-3.804259109497070312e+01,-3.765095901489257812e+01,-3.654885101318359375e+01,-3.473028564453125000e+01,-3.220944213867187500e+01,-2.902058601379394531e+01,-2.521736526489257812e+01,-2.087144088745117188e+01,-1.607052612304687500e+01,-1.091587734222412109e+01,-5.519335746765136719e+00,-1.360521599351981192e-14
0.000000000000000000e+00,4.677908867597579956e-02,6.745715439319610596e-02,3.734957054257392883e-02,-6.546305865049362183e-02,-2.589182257652282715e-01,-5.559458732604980469e-01,-9.636836647987365723e-01,-1.482973814010620117e+00,-2.108167409896850586e+00,-2.827250719070434570e+00,-3.622292280197143555e+00,-4.470193386077880859e+00,-5.343717575073242188e+00,-6.212749481201171875e+00,-7.045735836029052734e+00,-7.811243534088134766e+00,-8.479564666748046875e+00,-9.024300575256347656e+00,-9.423846244812011719e+00,-9.662710189819335938e+00,-9.732603073120117188e+00,-9.633237838745117188e+00,-9.372802734375000000e+00,-8.968062400817871094e+00,-8.444090843200683594e+00,-7.833612442016601562e+00,-7.175981044769287109e+00,-6.515821456909179688e+00,-5.901381969451904297e+00,-5.382652759552001953e+00,-5.009320259094238281e+00,-4.828639507293701172e+00,-4.883301734924316406e+00,-5.209391117095947266e+00,-5.834505558013916016e+00,-6.776130199432373047e+00,-8.040328979492187500e+00,-9.620826721191406250e+00,-1.149850940704345703e+01,-1.364140319824218750e+01,-1.600512123107910156e+01,-1.853379249572753906e+01,-2.116144752502441406e+01,-2.381381607055664062e+01,-2.641049385070800781e+01,-2.886740493774414062e+01,-3.109945869445800781e+01,-3.302334976196289062e+01,-3.456037139892578125e+01,-3.563913345336914062e+01,-3.619813537597656250e+01,-3.618806457519531250e+01,-3.557370376586914062e+01,-3.433546066284179688e+01,-3.247037887573242188e+01,-2.999262046813964844e+01,-2.693341255187988281e+01,-2.334041595458984375e+01,-1.927656745910644531e+01,-1.481839656829833984e+01,-1.005391120910644531e+01,-5.080074787139892578e+00,-1.251963485139617749e-14
0.000000000000000000e+00,2.723639607429504395e-01,5.218108296394348145e-01,7.264907360076904297e-01,8.666390180587768555e-01,9.254978895187377930e-01,8.900994062423706055e-01,7.518719434738159180e-01,5.070425271987915039e-01,1.568138152360916138e-01,-2.926938533782958984e-01,-8.307346105575561523e-01,-1.442453503608703613e+00,-2.109605073928833008e+00,-2.811445236206054688e+00,-3.525755882263183594e+00,-4.229960441589355469e+00,-4.902277469635009766e+00,-5.522863864898681641e+00,-6.074891090393066406e+00,-6.545506954193115234e+00,-6.926636695861816406e+00,-7.215579032897949219e+00,-7.415371894836425781e+00,-7.534893512725830078e+00,-7.588699817657470703e+00,-7.596586227416992188e+00,-7.582890510559082031e+00,-7.575552463531494141e+00,-7.604967594146728516e+00,-7.702678680419921875e+00,-7.899943351745605469e+00,-8.226246833801269531e+00,-8.707812309265136719e+00,-9.366172790527343750e+00,-1.021686077117919922e+01,-1.126828098297119141e+01,-1.252081012725830078e+01,-1.396616840362548828e+01,-1.558710670471191406e+01,-1.735741996765136719e+01,-1.924230003356933594e+01,-2.119903564453125000e+01,-2.317803192138671875e+01,-2.512413406372070312e+01,-2.697819709777832031e+01,-2.867887306213378906e+01,-3.016454124450683594e+01,-3.137532424926757812e+01,-3.225511169433593750e+01,-3.275352859497070312e+01,-3.282776260375976562e+01,-3.244421768188476562e+01,-3.157987403869628906e+01,-3.022336196899414062e+01,-2.837567520141601562e+01,-2.605048751831054688e+01,-2.327407836914062500e+01,-2.008485984802246094e+01,-1.653248786926269531e+01,-1.267662906646728516e+01,-8.585384368896484375e+00,-4.333440780639648438e+00,-1.067582030807659454e-14
0.000000000000000000e+00,5.311661362648010254e-01,1.043850302696228027e+00,1.520200133323669434e+00,1.943596959114074707e+00,2.299206733703613281e+00,2.574456930160522461e+00,2.759418249130249023e+00,2.847075462341308594e+00,2.833477497100830078e+00,2.717757463455200195e+00,2.502027511596679688e+00,2.191148281097412109e+00,1.792388677597045898e+00,1.314985990524291992e+00,7.696316838264465332e-01,1.679018735885620117e-01,-4.783399999141693115e-01,-1.157540678977966309e+00,-1.859028816223144531e+00,-2.573532581329345703e+00,-3.293620109558105469e+00,-4.014041900634765625e+00,-4.731954574584960938e+00,-5.447018146514892578e+00,-6.161356449127197266e+00,-6.879380226135253906e+00,-7.607480049133300781e+00,-8.353596687316894531e+00,-9.126687049865722656e+00,-9.936101913452148438e+00,-1.079091548919677734e+01,-1.169921207427978516e+01,-1.266738224029541016e+01,-1.369944953918457031e+01,-1.479645442962646484e+01,-1.595593643188476562e+01,-1.717153167724609375e+01,-1.843271446228027344e+01,-1.972468757629394531e+01,-2.102845573425292969e+01,-2.232106018066406250e+01,-2.357600212097167969e+01,-2.476380729675292969e+01,-2.585276412963867188e+01,-2.680977630615234375e+01,-2.760131835937500000e+01,-2.819447135925292969e+01,-2.855797576904296875e+01,-2.866330528259277344e+01,-2.848568725585937500e+01,-2.800505065917968750e+01,-2.720686531066894531e+01,-2.608283805847167969e+01,-2.463144111633300781e+01,-2.285823822021484375e+01,-2.077601623535156250e+01,-1.840469360351562500e+01,-1.577101325988769531e+01,-1.290802383422851562e+01,-9.854365348815917969e+00,-6.653384685516357422e+00,-3.352089643478393555e+00,-8.253119731680899629e-15
0.000000000000000000e+00,8.138580322265625000e-01,1.614362835884094238e+00,2.388307094573974609e+00,3.122773170471191406e+00,3.805275917053222656e+00,4.423897266387939453e+00,4.967420101165771484e+00,5.425450325012207031e+00,5.788533210754394531e+00,6.048260211944580078e+00,6.197363853454589844e+00,6.229801177978515625e+00,6.140826225280761719e+00,5.927047252655029297e+00,5.586471080780029297e+00,5.118534088134765625e+00,4.524117469787597656e+00,3.805545568466186523e+00,2.966575622558593750e+00,2.012365818023681641e+00,9.494323134422302246e-01,-2.144066393375396729e-01,-1.470103025436401367e+00,-2.807462215423583984e+00,-4.215238571166992188e+00,-5.681241989135742188e+00,-7.192454814910888672e+00,-8.735157966613769531e+00,-1.029506301879882812e+01,-1.185745048522949219e+01,-1.340731906890869141e+01,-1.492952632904052734e+01,-1.640894508361816406e+01,-1.783060836791992188e+01,-1.917986297607421875e+01,-2.044251632690429688e+01,-2.160497474670410156e+01,-2.265438461303710938e+01,-2.357876396179199219e+01,-2.436712837219238281e+01,-2.500959396362304688e+01,-2.549748992919921875e+01,-2.582345199584960938e+01,-2.598149108886718750e+01,-2.596707153320312500e+01,-2.577715682983398438e+01,-2.541024971008300781e+01,-2.486641311645507812e+01,-2.414728355407714844e+01,-2.325605773925781250e+01,-2.219747734069824219e+01,-2.097778701782226562e+01,-1.960468292236328125e+01,-1.808725166320800781e+01,-1.643588829040527344e+01,-1.466220569610595703e+01,-1.277892589569091797e+01,-1.079977607727050781e+01,-8.739356040954589844e+00,-6.613008022308349609e+00,-4.436678886413574219e+00,-2.226772308349609375e+00,-5.475530985110492466e-15
0.000000000000000000e+00,1.109454870223999023e+00,2.210765838623046875e+00,3.295449733734130859e+00,4.354366779327392578e+00,5.377452850341796875e+00,6.353512287139892578e+00,7.270101547241210938e+00,8.113500595092773438e+00,8.868797302246093750e+00,9.520077705383300781e+00,1.005072021484375000e+01,1.044379234313964844e+01,1.068253707885742188e+01,1.075092411041259766e+01,1.063425636291503906e+01,1.031979656219482422e+01,9.797395706176757812e+00,9.060092926025390625e+00,8.104659080505371094e+00,6.932055950164794922e+00,5.547791004180908203e+00,3.962145090103149414e+00,2.190256118774414062e+00,2.520499229431152344e-01,-1.827991008758544922e+00,-4.021214485168457031e+00,-6.295339584350585938e+00,-8.615136146545410156e+00,-1.094322299957275391e+01,-1.324096488952636719e+01,-1.546943759918212891e+01,-1.759042739868164062e+01,-1.956743812561035156e+01,-2.136665916442871094e+01,-2.295788574218750000e+01,-2.431532096862792969e+01,-2.541826820373535156e+01,-2.625166702270507812e+01,-2.680645179748535156e+01,-2.707973289489746094e+01,-2.707478332519531250e+01,-2.680083084106445312e+01,-2.627265930175781250e+01,-2.551004028320312500e+01,-2.453701400756835938e+01,-2.338102722167968750e+01,-2.207198905944824219e+01,-2.064125061035156250e+01,-1.912055397033691406e+01,-1.754099655151367188e+01,-1.593204498291015625e+01,-1.432061004638671875e+01,-1.273026275634765625e+01,-1.118056678771972656e+01,-9.686596870422363281e+00,-8.258626937866210938e+00,-6.902013778686523438e+00,-5.617279529571533203e+00,-4.400379180908203125e+00,-3.243155002593994141e+00,-2.133944272994995117e+00,-1.058330893516540527e+00,-2.591946229586576667e-15
0.000000000000000000e+00,1.406011343002319336e+00,2.808556556701660156e+00,4.203389167785644531e+00,5.584746360778808594e+00,6.944706439971923828e+00,8.272674560546875000e+00,9.555032730102539062e+00,1.077498340606689453e+01,1.191259670257568359e+01,1.294508171081542969e+01,1.384726142883300781e+01,1.459225654602050781e+01,1.515234375000000000e+01,1.549996280670166016e+01,1.560882759094238281e+01,1.545510196685791016e+01,1.501858234405517578e+01,1.428384494781494141e+01,1.324129295349121094e+01,1.188805961608886719e+01,1.022873115539550781e+01,8.275822639465332031e+00,6.050012111663818359e+00,3.580072164535522461e+00,9.025250077247619629e-01,-1.939008235931396484e+00,-4.894732475280761719e+00,-7.909863471984863281e+00,-1.092603492736816406e+01,-1.388288307189941406e+01,-1.671976089477539062e+01,-1.937750816345214844e+01,-2.180024719238281250e+01,-2.393709945678710938e+01,-2.574378013610839844e+01,-2.718403244018554688e+01,-2.823079299926757812e+01,-2.886709213256835938e+01,-2.908663368225097656e+01,-2.889400863647460938e+01,-2.830457687377929688e+01,-2.734396362304687500e+01,-2.604722023010253906e+01,-2.445766067504882812e+01,-2.262542343139648438e+01,-2.060577392578125000e+01,-1.845726585388183594e+01,-1.623976325988769531e+01,-1.401243305206298828e+01,-1.183176898956298828e+01,-9.749707221984863281e+00,-7.811925411224365234e+00,-6.056356430053710938e+00,-4.512002468109130859e+00,-3.198065519332885742e+00,-2.123445749282836914e+00,-1.286615252494812012e+00,-6.758757233619689941e-01,-2.699916362762451172e-01,-3.917359560728073120e-02,5.362297967076301575e-02,5.113179609179496765e-02,1.456454226911354220e-16
0.000000000000000000e+00,1.691359996795654297e+00,3.382846832275390625e+00,5.073450565338134766e+00,6.759952545166015625e+00,8.435981750488281250e+00,1.009124755859375000e+01,1.171101188659667969e+01,1.327582359313964844e+01,1.476154041290283203e+01,1.613966369628906250e+01,1.737796974182128906e+01,1.844141578674316406e+01,1.929331207275390625e+01,1.989669609069824219e+01,2.021584892272949219e+01,2.021791648864746094e+01,1.987455368041992188e+01,1.916349220275878906e+01,1.807001686096191406e+01,1.658821868896484375e+01,1.472200584411621094e+01,1.248579788208007812e+01,9.904854774475097656e+00,7.015230655670166016e+00,3.863313198089599609e+00,5.049684643745422363e-01,-2.995705604553222656e+00,-6.567975521087646484e+00,-1.013637542724609375e+01,-1.362285518646240234e+01,-1.694910049438476562e+01,-2.003894042968750000e+01,-2.282077407836914062e+01,-2.522989082336425781e+01,-2.721064376831054688e+01,-2.871835327148437500e+01,-2.972088623046875000e+01,-3.019984436035156250e+01,-3.015130615234375000e+01,-2.958609390258789062e+01,-2.852953147888183594e+01,-2.702072525024414062e+01,-2.511134529113769531e+01,-2.286398506164550781e+01,-2.035012245178222656e+01,-1.764775466918945312e+01,-1.483881950378417969e+01,-1.200643348693847656e+01,-9.232108116149902344e+00,-6.593000411987304688e+00,-4.159311771392822266e+00,-1.991928458213806152e+00,-1.403923332691192627e-01,1.358732223510742188e+00,2.483025550842285156e+00,3.224876403808593750e+00,3.591613054275512695e+00,3.605098485946655273e+00,3.300801038742065430e+00,2.726373672485351562e+00,1.939793467521667480e+00,1.007126450538635254e+00,2.504060208561838599e-15
0.000000000000000000e+00,1.953837156295776367e+00,3.909865379333496094e+00,5.868902683258056641e+00,7.829097747802734375e+00,9.784784317016601562e+00,1.172555351257324219e+01,1.363560390472412109e+01,1.549340057373046875e+01,1.727169609069824219e+01,1.893790626525878906e+01,2.045483779907226562e+01,2.178177261352539062e+01,2.287582588195800781e+01,2.369358634948730469e+01,2.419290924072265625e+01,2.433483123779296875e+01,2.408552360534667969e+01,2.341816139221191406e+01,2.231466484069824219e+01,2.076720237731933594e+01,1.877938842773437500e+01,1.636711311340332031e+01,1.355894851684570312e+01,1.039609241485595703e+01,6.931836605072021484e+00,3.230561494827270508e+00,-6.337333321571350098e-01,-4.579309940338134766e+00,-8.518939018249511719e+00,-1.236243247985839844e+01,-1.601938056945800781e+01,-1.940200042724609375e+01,-2.242798233032226562e+01,-2.502323532104492188e+01,-2.712444114685058594e+01,-2.868128776550292969e+01,-2.965831947326660156e+01,-3.003632354736328125e+01,-2.981318092346191406e+01,-2.900414657592773438e+01,-2.764154815673828125e+01,-2.577388954162597656e+01,-2.346437835693359375e+01,-2.078895378112792969e+01,-1.783382797241210938e+01,-1.469266891479492188e+01,-1.146349525451660156e+01,-8.245395660400390625e+00,-5.135195732116699219e+00,-2.224182844161987305e+00,4.049883484840393066e-01,2.681101560592651367e+00,4.546789169311523438e+00,5.960463047027587891e+00,6.897687911987304688e+00,7.351952552795410156e+00,7.334804058074951172e+00,6.875339031219482422e+00,6.019066333770751953e+00,4.826186656951904297e+00,3.369342088699340820e+00,1.730918288230895996e+00,4.289012738310825704e-15
0.000000000000000000e+00,2.182941198348999023e+00,4.368318557739257812e+00,6.557100296020507812e+00,8.747401237487792969e+00,1.093325710296630859e+01,1.310363483428955078e+01,1.524173450469970703e+01,1.732462882995605469e+01,1.932328224182128906e+01,2.120294952392578125e+01,2.292395973205566406e+01,2.444286727905273438e+01,2.571391296386718750e+01,2.669075584411621094e+01,2.732840347290039062e+01,2.758526420593261719e+01,2.742520523071289062e+01,2.681956481933593750e+01,2.574900817871093750e+01,2.420512390136718750e+01,2.219170379638671875e+01,1.972561836242675781e+01,1.683724594116210938e+01,1.357041072845458984e+01,9.981801986694335938e+00,6.139894962310791016e+00,2.123376369476318359e+00,-1.980874419212341309e+00,-6.080188751220703125e+00,-1.007882118225097656e+01,-1.388087654113769531e+01,-1.739334869384765625e+01,-2.052916717529296875e+01,-2.321013069152832031e+01,-2.536961555480957031e+01,-2.695496940612792969e+01,-2.792947006225585938e+01,-2.827379417419433594e+01,-2.798690795898437500e+01,-2.708636093139648438e+01,-2.560792160034179688e+01,-2.360461807250976562e+01,-2.114513778686523438e+01,-1.831168174743652344e+01,-1.519733238220214844e+01,-1.190301227569580078e+01,-8.534136772155761719e+00,-5.197097301483154297e+00,-1.995675444602966309e+00,9.724727272987365723e-01,3.619137287139892578e+00,5.868560791015625000e+00,7.660021781921386719e+00,8.949897766113281250e+00,9.713129997253417969e+00,9.944045066833496094e+00,9.656477928161621094e+00,8.883219718933105469e+00,7.674779891967773438e+00,6.097522258758544922e+00,4.231235504150390625e+00,2.166219711303710938e+00,5.361633429308522089e-15
0.000000000000000000e+00,2.369879722595214844e+00,4.740510940551757812e+00,7.111233711242675781e+00,9.478646278381347656e+00,1.183543109893798828e+01,1.416940593719482422e+01,1.646286010742187500e+01,1.869222450256347656e+01,2.082809829711914062e+01,2.283565902709960938e+01,2.467543029785156250e+01,2.630441474914550781e+01,2.767752647399902344e+01,2.874928665161132812e+01,2.947570228576660156e+01,2.981626319885253906e+01,2.973594856262207031e+01,2.920718955993652344e+01,2.821164512634277344e+01,2.674177169799804688e+01,2.480203628540039062e+01,2.240976715087890625e+01,1.959554481506347656e+01,1.640311622619628906e+01,1.288881778717041016e+01,9.120489120483398438e+00,5.175919055938720703e+00,1.140854835510253906e+00,-2.893366813659667969e+00,-6.832483291625976562e+00,-1.058218002319335938e+01,-1.405107212066650391e+01,-1.715368843078613281e+01,-1.981333923339843750e+01,-2.196477317810058594e+01,-2.355650520324707031e+01,-2.455273437500000000e+01,-2.493476676940917969e+01,-2.470187950134277344e+01,-2.387159347534179688e+01,-2.247930717468261719e+01,-2.057733535766601562e+01,-1.823333168029785156e+01,-1.552818107604980469e+01,-1.255339622497558594e+01,-9.408130645751953125e+00,-6.195894718170166016e+00,-3.021098375320434570e+00,1.447315793484449387e-02,2.815103530883789062e+00,5.294405460357666016e+00,7.378268718719482422e+00,9.007390022277832031e+00,1.013929557800292969e+01,1.074977493286132812e+01,1.083367538452148438e+01,1.040502929687500000e+01,9.496496200561523438e+00,8.158150672912597656e+00,6.455646038055419922e+00,4.467823028564453125e+00,2.283851861953735352e+00,5.649973608949252976e-15
0.000000000000000000e+00,2.507967472076416016e+00,5.013154029846191406e+00,7.511572360992431641e+00,9.996892929077148438e+00,1.245944595336914062e+01,1.488542079925537109e+01,1.725631713867187500e+01,1.954868316650390625e+01,2.173417663574218750e+01,2.377994918823242188e+01,2.564935111999511719e+01,2.730295562744140625e+01,2.869983863830566406e+01,2.979908943176269531e+01,3.056147766113281250e+01,3.095121002197265625e+01,3.093772125244140625e+01,3.049737167358398438e+01,2.961502647399902344e+01,2.828540420532226562e+01,2.651413345336914062e+01,2.431847000122070312e+01,2.172760772705078125e+01,1.878256988525390625e+01,1.553564929962158203e+01,1.204941558837890625e+01,8.395286560058593750e+00,4.651729583740234375e+00,9.021198749542236328e-01,-2.767655849456787109e+00,-6.271783351898193359e+00,-9.527192115783691406e+00,-1.245622825622558594e+01,-1.498922157287597656e+01,-1.706685447692871094e+01,-1.864224052429199219e+01,-1.968263244628906250e+01,-2.017068672180175781e+01,-2.010522270202636719e+01,-1.950145721435546875e+01,-1.839067459106445312e+01,-1.681934928894042969e+01,-1.484773159027099609e+01,-1.254795646667480469e+01,-1.000171184539794922e+01,-7.297559261322021484e+00,-4.527999877929687500e+00,-1.786376714706420898e+00,8.362709879875183105e-01,3.254290580749511719e+00,5.390328407287597656e+00,7.177963733673095703e+00,8.563970565795898438e+00,9.510122299194335938e+00,9.994476318359375000e+00,1.001208114624023438e+01,9.575094223022460938e+00,8.712284088134765625e+00,7.467949390411376953e+00,5.900281429290771484e+00,4.079236030578613281e+00,2.083976984024047852e+00,5.154509733265848909e-15
0.000000000000000000e+00,2.592856884002685547e+00,5.177822113037109375e+00,7.746133327484130859e+00,1.028733921051025391e+01,1.278859138488769531e+01,1.523407840728759766e+01,1.760466575622558594e+01,1.987774467468261719e+01,2.202733039855957031e+01,2.402441024780273438e+01,2.583753204345703125e+01,2.743363189697265625e+01,2.877906417846679688e+01,2.984078598022460938e+01,3.058767509460449219e+01,3.099189567565917969e+01,3.103028297424316406e+01,3.068565368652343750e+01,2.994801139831542969e+01,2.881556129455566406e+01,2.729549598693847656e+01,2.540449714660644531e+01,2.316894149780273438e+01,2.062473487854003906e+01,1.781682777404785156e+01,1.479835891723632812e+01,1.162948703765869141e+01,8.375905036926269531e+00,5.107110977172851562e+00,1.894464492797851562e+00,-1.190888047218322754e+00,-4.080158710479736328e+00,-6.709053516387939453e+00,-9.019823074340820312e+00,-1.096315002441406250e+01,-1.249979972839355469e+01,-1.360197734832763672e+01,-1.425432395935058594e+01,-1.445451641082763672e+01,-1.421344375610351562e+01,-1.355493927001953125e+01,-1.251507186889648438e+01,-1.114102077484130859e+01,-9.489559173583984375e+00,-7.625197887420654297e+00,-5.618058681488037109e+00,-3.541533231735229492e+00,-1.469821572303771973e+00,5.245667695999145508e-01,2.373264074325561523e+00,4.014358520507812500e+00,5.394487857818603516e+00,6.470637321472167969e+00,7.211575508117675781e+00,7.598878860473632812e+00,7.627500534057617188e+00,7.305868148803710938e+00,6.655498504638671875e+00,5.710149288177490234e+00,4.514533042907714844e+00,3.122636795043945312e+00,1.595711112022399902e+00,3.947188780798090157e-15
0.000000000000000000e+00,2.622591733932495117e+00,5.231037139892578125e+00,7.810755729675292969e+00,1.034632873535156250e+01,1.282116413116455078e+01,1.521724605560302734e+01,1.751500129699707031e+01,1.969330024719238281e+01,2.172960281372070312e+01,2.360024452209472656e+01,2.528087234497070312e+01,2.674702072143554688e+01,2.797478675842285156e+01,2.894160652160644531e+01,2.962709999084472656e+01,3.001392173767089844e+01,3.008861160278320312e+01,2.984240531921386719e+01,2.927193260192871094e+01,2.837981033325195312e+01,2.717506599426269531e+01,2.567338180541992188e+01,2.389712524414062500e+01,2.187516212463378906e+01,1.964244461059570312e+01,1.723937034606933594e+01,1.471093654632568359e+01,1.210570144653320312e+01,9.474582672119140625e+00,6.869538307189941406e+00,4.342158794403076172e+00,1.942225098609924316e+00,-2.837143838405609131e-01,-2.293709993362426758e+00,-4.051657676696777344e+00,-5.528390884399414062e+00,-6.702564716339111328e+00,-7.561312198638916016e+00,-8.100629806518554688e+00,-8.325482368469238281e+00,-8.249625205993652344e+00,-7.895124435424804688e+00,-7.291616439819335938e+00,-6.475303649902343750e+00,-5.487735748291015625e+00,-4.374405860900878906e+00,-3.183218002319335938e+00,-1.962869286537170410e+00,-7.612114548683166504e-01,3.763574659824371338e-01,1.408410429954528809e+00,2.298866033554077148e+00,3.018170356750488281e+00,3.544245004653930664e+00,3.863164424896240234e+00,3.969541311264038086e+00,3.866603612899780273e+00,3.565961122512817383e+00,3.087068319320678711e+00,2.456406593322753906e+00,1.706408858299255371e+00,8.741722702980041504e-01,2.164133816609189499e-15
0.000000000000000000e+00,2.597493410110473633e+00,5.174003124237060547e+00,7.708610057830810547e+00,1.018053054809570312e+01,1.256920623779296875e+01,1.485440540313720703e+01,1.701636505126953125e+01,1.903595161437988281e+01,2.089484786987304688e+01,2.257578849792480469e+01,2.406280326843261719e+01,2.534148979187011719e+01,2.639930725097656250e+01,2.722585678100585938e+01,2.781318283081054688e+01,2.815603637695312500e+01,2.825212097167968750e+01,2.810229301452636719e+01,2.771071815490722656e+01,2.708495521545410156e+01,2.623597717285156250e+01,2.517810630798339844e+01,2.392887306213378906e+01,2.250878524780273438e+01,2.094101905822753906e+01,1.925102806091308594e+01,1.746607589721679688e+01,1.561470890045166016e+01,1.372619247436523438e+01,1.182989311218261719e+01,9.954657554626464844e+00,8.128184318542480469e+00,6.376421928405761719e+00,4.723001480102539062e+00,3.188723087310791016e+00,1.791120409965515137e+00,5.441074371337890625e-01,-5.422733426094055176e-01,-1.461996078491210938e+00,-2.213082790374755859e+00,-2.797519922256469727e+00,-3.221062421798706055e+00,-3.492930650711059570e+00,-3.625410079956054688e+00,-3.633366584777832031e+00,-3.533693790435791016e+00,-3.344709873199462891e+00,-3.085524082183837891e+00,-2.775396108627319336e+00,-2.433106184005737305e+00,-2.076361179351806641e+00,-1.721253991127014160e+00,-1.381795048713684082e+00,-1.069532275199890137e+00,-7.932704687118530273e-01,-5.589014887809753418e-01,-3.693473637104034424e-01,-2.246196568012237549e-01,-1.219905093312263489e-01,-5.626881495118141174e-02,-2.017029747366905212e-02,-4.767138510942459106e-03,-7.306367236672685816e-18
0.000000000000000000e+00,2.519901037216186523e+00,5.012038230895996094e+00,7.449228763580322266e+00,9.805433273315429688e+00,1.205628490447998047e+01,1.417956066131591797e+01,1.615559387207031250e+01,1.796760559082031250e+01,1.960194396972656250e+01,2.104823875427246094e+01,2.229945755004882812e+01,2.335186386108398438e+01,2.420488548278808594e+01,2.486091232299804688e+01,2.532499885559082031e+01,2.560453033447265625e+01,2.570882415771484375e+01,2.564872169494628906e+01,2.543614387512207031e+01,2.508367347717285156e+01,2.460414314270019531e+01,2.401026344299316406e+01,2.331430053710937500e+01,2.252779960632324219e+01,2.166139602661132812e+01,2.072468185424804688e+01,1.972614479064941406e+01,1.867319297790527344e+01,1.757222747802734375e+01,1.642879486083984375e+01,1.524777603149414062e+01,1.403361892700195312e+01,1.279059410095214844e+01,1.152306175231933594e+01,1.023573398590087891e+01,8.933918952941894531e+00,7.623728275299072266e+00,6.312241077423095703e+00,5.007615566253662109e+00,3.719130039215087891e+00,2.457161188125610352e+00,1.233088493347167969e+00,5.912920087575912476e-02,-1.051892518997192383e+00,-2.086834669113159180e+00,-3.032576084136962891e+00,-3.876392126083374023e+00,-4.606352329254150391e+00,-5.211727619171142578e+00,-5.683386325836181641e+00,-6.014169692993164062e+00,-6.199225425720214844e+00,-6.236287117004394531e+00,-6.125888347625732422e+00,-5.871500492095947266e+00,-5.479586601257324219e+00,-4.959564208984375000e+00,-4.323682785034179688e+00,-3.586811542510986328e+00,-2.766143321990966797e+00,-1.880827546119689941e+00,-9.515396952629089355e-01,-2.345988614011135578e-15
0.000000000000000000e+00,2.393799781799316406e+00,4.753773689270019531e+00,7.047164916992187500e+00,9.243310928344726562e+00,1.131458950042724609e+01,1.323723506927490234e+01,1.499200820922851562e+01,1.656468200683593750e+01,1.794633293151855469e+01,1.913340759277343750e+01,2.012760543823242188e+01,2.093552780151367188e+01,2.156815147399902344e+01,2.204013824462890625e+01,2.236899948120117188e+01,2.257416725158691406e+01,2.267599868774414062e+01,2.269476127624511719e+01,2.264966201782226562e+01,2.255790901184082031e+01,2.243392181396484375e+01,2.228865051269531250e+01,2.212908935546875000e+01,2.195796966552734375e+01,2.177368354797363281e+01,2.157039833068847656e+01,2.133839797973632812e+01,2.106462287902832031e+01,2.073338317871093750e+01,2.032721710205078125e+01,1.982788467407226562e+01,1.921740722656250000e+01,1.847915458679199219e+01,1.759891510009765625e+01,1.656588935852050781e+01,1.537358760833740234e+01,1.402057838439941406e+01,1.251104927062988281e+01,1.085515213012695312e+01,9.069128036499023438e+00,7.175168514251708984e+00,5.201048851013183594e+00,3.179508209228515625e+00,1.147415995597839355e+00,-8.552613258361816406e-01,-2.786653280258178711e+00,-4.604298591613769531e+00,-6.266532421112060547e+00,-7.733894348144531250e+00,-8.970512390136718750e+00,-9.945402145385742188e+00,-1.063364124298095703e+01,-1.101736068725585938e+01,-1.108653545379638672e+01,-1.083951377868652344e+01,-1.028328895568847656e+01,-9.433486938476562500e+00,-8.314057350158691406e+00,-6.956705570220947266e+00,-5.400041580200195312e+00,-3.688510894775390625e+00,-1.871118783950805664e+00,-4.617306191524121056e-15
0.000000000000000000e+00,2.224376201629638672e+00,4.410206317901611328e+00,6.520428180694580078e+00,8.520882606506347656e+00,1.038161182403564453e+01,1.207796859741210938e+01,1.359150314331054688e+01,1.491057872772216797e+01,1.603069305419921875e+01,1.695448493957519531e+01,1.769144439697265625e+01,1.825729751586914062e+01,1.867314529418945312e+01,1.896434402465820312e+01,1.915920066833496094e+01,1.928753471374511719e+01,1.937917137145996094e+01,1.946241188049316406e+01,1.956258010864257812e+01,1.970068168640136719e+01,1.989225196838378906e+01,2.014644050598144531e+01,2.046537590026855469e+01,2.084384727478027344e+01,2.126931190490722656e+01,2.172225379943847656e+01,2.217685890197753906e+01,2.260202026367187500e+01,2.296259498596191406e+01,2.322090339660644531e+01,2.333838653564453125e+01,2.327738380432128906e+01,2.300292205810546875e+01,2.248447799682617188e+01,2.169762229919433594e+01,2.062547874450683594e+01,1.925993537902832031e+01,1.760255050659179688e+01,1.566510391235351562e+01,1.346978759765625000e+01,1.104897308349609375e+01,8.444594383239746094e+00,5.707147598266601562e+00,2.894322633743286133e+00,6.932899355888366699e-02,-2.701040744781494141e+00,-5.348537921905517578e+00,-7.805700778961181641e+00,-1.000813770294189453e+01,-1.189676094055175781e+01,-1.341989040374755859e+01,-1.453515625000000000e+01,-1.521111202239990234e+01,-1.542851543426513672e+01,-1.518121051788330078e+01,-1.447657966613769531e+01,-1.333555221557617188e+01,-1.179214382171630859e+01,-9.892566680908203125e+00,-7.693911552429199219e+00,-5.262462139129638672e+00,-2.671689748764038086e+00,-6.594591527990826749e-15
0.000000000000000000e+00,2.017548561096191406e+00,3.993702173233032227e+00,5.888854026794433594e+00,7.666892051696777344e+00,9.296751976013183594e+00,1.075374126434326172e+01,1.202058315277099609e+01,1.308811759948730469e+01,1.395564556121826172e+01,1.463088226318359375e+01,1.512952518463134766e+01,1.547445678710937500e+01,1.569460010528564453e+01,1.582349586486816406e+01,1.589763927459716797e+01,1.595465850830078125e+01,1.603141403198242188e+01,1.616209983825683594e+01,1.637642288208007812e+01,1.669795989990234375e+01,1.714274787902832031e+01,1.771818733215332031e+01,1.842230796813964844e+01,1.924344444274902344e+01,2.016032600402832031e+01,2.114261245727539062e+01,2.215184211730957031e+01,2.314278221130371094e+01,2.406511497497558594e+01,2.486541938781738281e+01,2.548934745788574219e+01,2.588394165039062500e+01,2.599998092651367188e+01,2.579426383972167969e+01,2.523174095153808594e+01,2.428739929199218750e+01,2.294783401489257812e+01,2.121240425109863281e+01,1.909395790100097656e+01,1.661904144287109375e+01,1.382762336730957031e+01,1.077227401733398438e+01,7.516871929168701172e+00,4.134837627410888672e+00,7.069653272628784180e-01,-2.681073665618896484e+00,-5.941477298736572266e+00,-8.987209320068359375e+00,-1.173493862152099609e+01,-1.410792255401611328e+01,-1.603872680664062500e+01,-1.747166442871093750e+01,-1.836490440368652344e+01,-1.869209861755371094e+01,-1.844355392456054688e+01,-1.762681007385253906e+01,-1.626666450500488281e+01,-1.440460586547851562e+01,-1.209767436981201172e+01,-9.416793823242187500e+00,-6.444617748260498047e+00,-3.272976875305175781e+00,-8.079676183203425566e-15
0.000000000000000000e+00,1.779513359069824219e+00,3.517042875289916992e+00,5.172555923461914062e+00,6.709833621978759766e+00,8.098157882690429688e+00,9.313751220703125000e+00,1.034089374542236328e+01,1.117267322540283203e+01,1.181132698059082031e+01,1.226815223693847656e+01,1.256299400329589844e+01,1.272332382202148438e+01,1.278293991088867188e+01,1.278035449981689453e+01,1.275691986083984375e+01,1.275479125976562500e+01,1.281479835510253906e+01,1.297432613372802734e+01,1.326529502868652344e+01,1.371234512329101562e+01,1.433128166198730469e+01,1.512788867950439453e+01,1.609714317321777344e+01,1.722289657592773438e+01,1.847802543640136719e+01,1.982508277893066406e+01,2.121742248535156250e+01,2.260075950622558594e+01,2.391511344909667969e+01,2.509708595275878906e+01,2.608235931396484375e+01,2.680832862854003906e+01,2.721678352355957031e+01,2.725650215148925781e+01,2.688567733764648438e+01,2.607406234741210938e+01,2.480473136901855469e+01,2.307541656494140625e+01,2.089929962158203125e+01,1.830526924133300781e+01,1.533758163452148438e+01,1.205494499206542969e+01,8.529039382934570312e+00,4.842507839202880859e+00,1.086507678031921387e+00,-2.642132043838500977e+00,-6.244019031524658203e+00,-9.620482444763183594e+00,-1.267690467834472656e+01,-1.532599353790283203e+01,-1.749085426330566406e+01,-1.910777473449707031e+01,-2.012858581542968750e+01,-2.052254867553710938e+01,-2.027764892578125000e+01,-1.940128517150878906e+01,-1.792028999328613281e+01,-1.588030147552490234e+01,-1.334448909759521484e+01,-1.039166450500488281e+01,-7.113869190216064453e+00,-3.613485336303710938e+00,-8.920762959168000716e-15
0.000000000000000000e+00,1.516353130340576172e+00,2.992602586746215820e+00,4.390602111816406250e+00,5.676032066345214844e+00,6.820088863372802734e+00,7.800922870635986328e+00,8.604749679565429688e+00,9.226590156555175781e+00,9.670589447021484375e+00,9.949909210205078125e+00,1.008618545532226562e+01,1.010856914520263672e+01,1.005239009857177734e+01,9.957503318786621094e+00,9.866372108459472656e+00,9.821988105773925781e+00,9.865702629089355469e+00,1.003507232666015625e+01,1.036181449890136719e+01,1.086996078491210938e+01,1.157429981231689453e+01,1.247918033599853516e+01,1.357774448394775391e+01,1.485162162780761719e+01,1.627112007141113281e+01,1.779591941833496094e+01,1.937625694274902344e+01,2.095453643798828125e+01,2.246737480163574219e+01,2.384792518615722656e+01,2.502848243713378906e+01,2.594318199157714844e+01,2.653077507019042969e+01,2.673729133605957031e+01,2.651853370666503906e+01,2.584228706359863281e+01,2.469013404846191406e+01,2.305880546569824219e+01,2.096101379394531250e+01,1.842570495605468750e+01,1.549770736694335938e+01,1.223678588867187500e+01,8.716124534606933594e+00,5.020261287689208984e+00,1.242563366889953613e+00,-2.517683982849121094e+00,-6.158476829528808594e+00,-9.578463554382324219e+00,-1.268037128448486328e+01,-1.537435722351074219e+01,-1.758117675781250000e+01,-1.923503112792968750e+01,-2.028600883483886719e+01,-2.070200538635253906e+01,-2.047007369995117188e+01,-1.959712028503417969e+01,-1.810994529724121094e+01,-1.605459022521972656e+01,-1.349503993988037109e+01,-1.051129913330078125e+01,-7.196911334991455078e+00,-3.656009435653686523e+00,-9.026024590556239874e-15
0.000000000000000000e+00,1.233732461929321289e+00,2.431720256805419922e+00,3.560024261474609375e+00,4.588231086730957031e+00,5.491013050079345703e+00,6.249444961547851562e+00,6.852027416229248047e+00,7.295355796813964844e+00,7.584407329559326172e+00,7.732426166534423828e+00,7.760403156280517578e+00,7.696177959442138672e+00,7.573182582855224609e+00,7.428894996643066406e+00,7.303053855895996094e+00,7.235714912414550781e+00,7.265233993530273438e+00,7.426264286041259766e+00,7.747856616973876953e+00,8.251748085021972656e+00,8.950921058654785156e+00,9.848505973815917969e+00,1.093707561492919922e+01,1.219838047027587891e+01,1.360354423522949219e+01,1.511373233795166016e+01,1.668126678466796875e+01,1.825116348266601562e+01,1.976303863525390625e+01,2.115331077575683594e+01,2.235763740539550781e+01,2.331345558166503906e+01,2.396257400512695312e+01,2.425367927551269531e+01,2.414466667175292969e+01,2.360471153259277344e+01,2.261596488952636719e+01,2.117481994628906250e+01,1.929269218444824219e+01,1.699624443054199219e+01,1.432706928253173828e+01,1.134079456329345703e+01,8.105659484863281250e+00,4.700585365295410156e+00,1.212810873985290527e+00,-2.264835834503173828e+00,-5.636930942535400391e+00,-8.808610916137695312e+00,-1.168877601623535156e+01,-1.419323348999023438e+01,-1.624765586853027344e+01,-1.779025268554687500e+01,-1.877404785156250000e+01,-1.916868972778320312e+01,-1.896170043945312500e+01,-1.815914726257324219e+01,-1.678566551208496094e+01,-1.488386535644531250e+01,-1.251311397552490234e+01,-9.747740745544433594e+00,-6.674720287322998047e+00,-3.390919446945190430e+00,-8.371712814625974219e-15
0.000000000000000000e+00,9.367077350616455078e-01,1.844316720962524414e+00,2.695232152938842773e+00,3.464797019958496094e+00,4.132588386535644531e+00,4.683514118194580078e+00,5.108662128448486328e+00,5.405851364135742188e+00,5.579866886138916016e+00,5.642353057861328125e+00,5.611374855041503906e+00,5.510654926300048828e+00,5.368519306182861328e+00,5.216596603393554688e+00,5.088315010070800781e+00,5.017275810241699219e+00,5.035560607910156250e+00,5.172053337097167969e+00,5.450849056243896484e+00,5.889825344085693359e+00,6.499439239501953125e+00,7.281811714172363281e+00,8.230147361755371094e+00,9.328516960144042969e+00,1.055204010009765625e+01,1.186744499206542969e+01,1.323402404785156250e+01,1.460492992401123047e+01,1.592878723144531250e+01,1.715155410766601562e+01,1.821856689453125000e+01,1.907669258117675781e+01,1.967650985717773438e+01,1.997441101074218750e+01,1.993457603454589844e+01,1.953070640563964844e+01,1.874745559692382812e+01,1.758149719238281250e+01,1.604216957092285156e+01,1.415168094635009766e+01,1.194482517242431641e+01,9.468237876892089844e+00,6.779192447662353516e+00,3.943981885910034180e+00,1.035921216011047363e+00,-1.866942882537841797e+00,-4.684351921081542969e+00,-7.336491584777832031e+00,-9.746687889099121094e+00,-1.184404945373535156e+01,-1.356595897674560547e+01,-1.486031818389892578e+01,-1.568746662139892578e+01,-1.602170372009277344e+01,-1.585234165191650391e+01,-1.518426895141601562e+01,-1.403797531127929688e+01,-1.244904994964599609e+01,-1.046716308593750000e+01,-8.154552459716796875e+00,-5.584084510803222656e+00,-2.836938381195068359e+00,-7.004081983044392959e-15
0.000000000000000000e+00,6.296580433845520020e-01,1.238768815994262695e+00,1.807862639427185059e+00,2.319576025009155273e+00,2.759579420089721680e+00,3.117363214492797852e+00,3.386844396591186523e+00,3.566759586334228516e+00,3.660829782485961914e+00,3.677681922912597656e+00,3.630528688430786133e+00,3.536617517471313477e+00,3.416470050811767578e+00,3.292942285537719727e+00,3.190144300460815430e+00,3.132267475128173828e+00,3.142366409301757812e+00,3.241152048110961914e+00,3.445847511291503906e+00,3.769161939620971680e+00,4.218426704406738281e+00,4.794940948486328125e+00,5.493554115295410156e+00,6.302519321441650391e+00,7.203621864318847656e+00,8.172595024108886719e+00,9.179806709289550781e+00,1.019120216369628906e+01,1.116946506500244141e+01,1.207536792755126953e+01,1.286924457550048828e+01,1.351254653930664062e+01,1.396941471099853516e+01,1.420820236206054688e+01,1.420289230346679688e+01,1.393435192108154297e+01,1.339136409759521484e+01,1.257139682769775391e+01,1.148107051849365234e+01,1.013630008697509766e+01,8.562092781066894531e+00,6.792012214660644531e+00,4.867309093475341797e+00,2.835749864578247070e+00,7.501812577247619629e-01,-1.333126068115234375e+00,-3.356293439865112305e+00,-5.261750698089599609e+00,-6.994179725646972656e+00,-8.502422332763671875e+00,-9.741274833679199219e+00,-1.067310905456542969e+01,-1.126925849914550781e+01,-1.151110935211181641e+01,-1.139086914062500000e+01,-1.091196727752685547e+01,-1.008907604217529297e+01,-8.947750091552734375e+00,-7.523691177368164062e+00,-5.861659526824951172e+00,-4.014074802398681641e+00,-2.039346456527709961e+00,-5.034947221112641771e-15
0.000000000000000000e+00,3.163329064846038818e-01,6.220357418060302734e-01,9.070408344268798828e-01,1.162379264831542969e+00,1.380664587020874023e+00,1.556503772735595703e+00,1.686811327934265137e+00,1.771015763282775879e+00,1.811143159866333008e+00,1.811776280403137207e+00,1.779885530471801758e+00,1.724540472030639648e+00,1.656511187553405762e+00,1.587776780128479004e+00,1.530959963798522949e+00,1.498713016510009766e+00,1.503082036972045898e+00,1.554874420166015625e+00,1.663062572479248047e+00,1.834246516227722168e+00,2.072204113006591797e+00,2.377547740936279297e+00,2.747509717941284180e+00,3.175864934921264648e+00,3.652999639511108398e+00,4.166131019592285156e+00,4.699667453765869141e+00,5.235702037811279297e+00,5.754623413085937500e+00,6.235821247100830078e+00,6.658459186553955078e+00,7.002291679382324219e+00,7.248481750488281250e+00,7.380405426025390625e+00,7.384389877319335938e+00,7.250369548797607422e+00,6.972429752349853516e+00,6.549207210540771484e+00,5.984133720397949219e+00,5.285511970520019531e+00,4.466409683227539062e+00,3.544378280639648438e+00,2.540997028350830078e+00,1.481260418891906738e+00,3.928267061710357666e-01,-6.948497295379638672e-01,-1.751469373703002930e+00,-2.746890068054199219e+00,-3.652146339416503906e+00,-4.440445899963378906e+00,-5.088111877441406250e+00,-5.575428485870361328e+00,-5.887370109558105469e+00,-6.014169692993164062e+00,-5.951723575592041016e+00,-5.701799392700195312e+00,-5.272048473358154297e+00,-4.675816535949707031e+00,-3.931760072708129883e+00,-3.063275575637817383e+00,-2.097768545150756836e+00,-1.065778851509094238e+00,-2.631311662293746648e-15
0.000000000000000000e+00,7.780746715293476636e-16,1.529746796697186752e-15,2.230014768697208098e-15,2.856612685384497113e-15,3.391216894769338332e-15,3.820467146174689674e-15,4.136750095712392675e-15,4.338712396490971776e-15,4.431468856962422070e-15,4.426497197078512955e-15,4.341220461047791759e-15,4.198282804165681323e-15,4.024559311299139713e-15,3.849928222629615121e-15,3.705861047312341075e-15,3.623895363072436940e-15,3.634045358879385221e-15,3.763230165313401210e-15,4.033784347127686298e-15,4.462121708774134318e-15,5.057612552231745967e-15,5.821730714828743727e-15,6.747518667936380776e-15,7.819393969940493377e-15,9.013325025578056149e-15,1.029737869273758197e-14,1.163261601980084339e-14,1.297432891374586394e-14,1.427355887022134506e-14,1.547885964910990231e-14,1.653822681558191066e-14,1.740112299587238953e-14,1.802054124954051428e-14,1.835498035030261321e-14,1.837030995258202154e-14,1.804139858883370418e-14,1.735346045193039005e-14,1.630306844656748827e-14,1.489875050045795513e-14,1.316118777004195162e-14,1.112294104884488030e-14,8.827754506394742268e-15,6.329418546490448230e-15,3.690243453830866285e-15,9.791825807619431929e-16,-1.730329704321162225e-15,-4.362748226918733430e-15,-6.842917871203264488e-15,-9.098613620070038904e-15,-1.106302871441968913e-14,-1.267711691101559152e-14,-1.389171302946731745e-14,-1.466933332076002239e-14,-1.498561203513298912e-14,-1.483029668579265159e-14,-1.420777320933989257e-14,-1.313709307082435579e-14,-1.165150824265640331e-14,-9.797504740014298386e-15,-7.633390616921132549e-15,-5.227463410463440915e-15,-2.655838983589152609e-15,-6.557032373406551079e-30
