0.000000000000000000e+00,0.000000000000000000e+00,0.000000000000000000e+00,0.000000000000000000e+00,0.000000000000000000e+00,0.000000000000000000e+00,0.000000000000000000e+00,0.000000000000000000e+00,0.000000000000000000e+00,0.000000000000000000e+00,0.000000000000000000e+00,0.000000000000000000e+00,0.000000000000000000e+00,0.000000000000000000e+00,0.000000000000000000e+00,0.000000000000000000e+00,0.000000000000000000e+00,0.000000000000000000e+00,0.000000000000000000e+00,0.000000000000000000e+00,0.000000000000000000e+00,0.000000000000000000e+00,0.000000000000000000e+00,0.000000000000000000e+00,0.000000000000000000e+00,0.000000000000000000e+00,0.000000000000000000e+00,0.000000000000000000e+00,0.000000000000000000e+00,0.000000000000000000e+00,0.000000000000000000e+00,0.000000000000000000e+00,0.000000000000000000e+00,0.000000000000000000e+00,0.000000000000000000e+00,0.000000000000000000e+00,0.000000000000000000e+00,0.000000000000000000e+00,0.000000000000000000e+00,0.000000000000000000e+00,0.000000000000000000e+00,0.000000000000000000e+00,0.000000000000000000e+00,0.000000000000000000e+00,0.000000000000000000e+00,0.000000000000000000e+00,0.000000000000000000e+00,0.000000000000000000e+00,0.000000000000000000e+00,0.000000000000000000e+00,0.000000000000000000e+00,0.000000000000000000e+00,0.000000000000000000e+00,0.000000000000000000e+00,0.000000000000000000e+00,0.000000000000000000e+00,0.000000000000000000e+00,0.000000000000000000e+00,0.000000000000000000e+00,0.000000000000000000e+00,0.000000000000000000e+00,0.000000000000000000e+00,0.000000000000000000e+00,0.000000000000000000e+00
0.000000000000000000e+00,2.633193135261535645e-01,5.215551257133483887e-01,7.697580456733703613e-01,1.003242135047912598e+00,1.217705607414245605e+00,1.409337759017944336e+00,1.574910163879394531e+00,1.711846590042114258e+00,1.818273067474365234e+00,1.893042564392089844e+00,1.935737967491149902e+00,1.946649670600891113e+00,1.926732778549194336e+00,1.877542972564697266e+00,1.801155805587768555e+00,1.700071930885314941e+00,1.577112913131713867e+00,1.435310244560241699e+00,1.277794361114501953e+00,1.107685804367065430e+00,9.279941916465759277e-01,7.415276169776916504e-01,5.508171319961547852e-01,3.580576777458190918e-01,1.650682538747787476e-01,-2.672777324914932251e-02,-2.163021564483642578e-01,-4.030013680458068848e-01,-5.865077376365661621e-01,-7.667846083641052246e-01,-9.440078139305114746e-01,-1.118487358093261719e+00,-1.290582776069641113e+00,-1.460617065429687500e+00,-1.628791332244873047e+00,-1.795107126235961914e+00,-1.959297299385070801e+00,-2.120771646499633789e+00,-2.278577089309692383e+00,-2.431378126144409180e+00,-2.577454566955566406e+00,-2.714722633361816406e+00,-2.840773820877075195e+00,-2.952933073043823242e+00,-3.048335075378417969e+00,-3.124013662338256836e+00,-3.177002906799316406e+00,-3.204444885253906250e+00,-3.203701496124267578e+00,-3.172463655471801758e+00,-3.108855724334716797e+00,-3.011529922485351562e+00,-2.879745721817016602e+00,-2.713434457778930664e+00,-2.513240575790405273e+00,-2.280544281005859375e+00,-2.017457962036132812e+00,-1.726799726486206055e+00,-1.412044644355773926e+00,-1.077252507209777832e+00,-7.269771695137023926e-01,-3.661581873893737793e-01,-9.014253797204720489e-16
0.000000000000000000e+00,5.074744820594787598e-01,1.005001664161682129e+00,1.482899427413940430e+00,1.932006716728210449e+00,2.343921661376953125e+00,2.711213827133178711e+00,3.027601957321166992e+00,3.288094520568847656e+00,3.489085912704467773e+00,3.628405570983886719e+00,3.705321311950683594e+00,3.720495462417602539e+00,3.675897359848022461e+00,3.574676513671875000e+00,3.421000003814697266e+00,3.219864606857299805e+00,2.976888179779052734e+00,2.698089838027954102e+00,2.389668703079223633e+00,2.057787895202636719e+00,1.708372592926025391e+00,1.346932888031005859e+00,9.784118533134460449e-01,6.070703268051147461e-01,2.364083677530288696e-01,-1.308731287717819214e-01,-4.928695857524871826e-01,-8.484310507774353027e-01,-1.197083234786987305e+00,-1.538916826248168945e+00,-1.874449372291564941e+00,-2.204468250274658203e+00,-2.529859781265258789e+00,-2.851437091827392578e+00,-3.169767379760742188e+00,-3.485017299652099609e+00,-3.796812534332275391e+00,-4.104127883911132812e+00,-4.405208110809326172e+00,-4.697525024414062500e+00,-4.977775096893310547e+00,-5.241917133331298828e+00,-5.485249519348144531e+00,-5.702526569366455078e+00,-5.888107299804687500e+00,-6.036134719848632812e+00,-6.140734195709228516e+00,-6.196230888366699219e+00,-6.197369575500488281e+00,-6.139531612396240234e+00,-6.018945693969726562e+00,-5.832873821258544922e+00,-5.579770565032958984e+00,-5.259412288665771484e+00,-4.872980594635009766e+00,-4.423107624053955078e+00,-3.913869619369506836e+00,-3.350737810134887695e+00,-2.740479707717895508e+00,-2.091019630432128906e+00,-1.411256909370422363e+00,-7.108549475669860840e-01,-1.750052337102386574e-15
0.000000000000000000e+00,7.146600484848022461e-01,1.414934635162353516e+00,2.086828470230102539e+00,2.717113256454467773e+00,3.293678045272827148e+00,3.805840492248535156e+00,4.244607925415039062e+00,4.602884292602539062e+00,4.875606060028076172e+00,5.059816837310791016e+00,5.154666423797607422e+00,5.161345481872558594e+00,5.082951068878173828e+00,4.924297332763671875e+00,4.691672801971435547e+00,4.392559051513671875e+00,4.035321235656738281e+00,3.628879070281982422e+00,3.182379245758056641e+00,2.704874277114868164e+00,2.205024957656860352e+00,1.690835237503051758e+00,1.169431090354919434e+00,6.468892693519592285e-01,1.281242966651916504e-01,-3.831661343574523926e-01,-8.844939470291137695e-01,-1.374514937400817871e+00,-1.852907776832580566e+00,-2.320205688476562500e+00,-2.777586936950683594e+00,-3.226636648178100586e+00,-3.669090509414672852e+00,-4.106570720672607422e+00,-4.540329456329345703e+00,-4.971011161804199219e+00,-5.398442268371582031e+00,-5.821461677551269531e+00,-6.237801074981689453e+00,-6.644017696380615234e+00,-7.035485744476318359e+00,-7.406451702117919922e+00,-7.750145912170410156e+00,-8.058952331542968750e+00,-8.324629783630371094e+00,-8.538575172424316406e+00,-8.692120552062988281e+00,-8.776851654052734375e+00,-8.784937858581542969e+00,-8.709454536437988281e+00,-8.544696807861328125e+00,-8.286453247070312500e+00,-7.932253360748291016e+00,-7.481551170349121094e+00,-6.935858726501464844e+00,-6.298811912536621094e+00,-5.576166629791259766e+00,-4.775725364685058594e+00,-3.907196998596191406e+00,-2.981989622116088867e+00,-2.012948036193847656e+00,-1.014038920402526855e+00,-2.496550837967955599e-15
0.000000000000000000e+00,8.696992993354797363e-01,1.721179246902465820e+00,2.536727666854858398e+00,3.299628257751464844e+00,3.994614839553833008e+00,4.608275890350341797e+00,5.129390716552734375e+00,5.549194812774658203e+00,5.861557483673095703e+00,6.063068866729736328e+00,6.153038978576660156e+00,6.133402824401855469e+00,6.008543014526367188e+00,5.785035610198974609e+00,5.471327781677246094e+00,5.077367782592773438e+00,4.614190578460693359e+00,4.093491554260253906e+00,3.527189731597900391e+00,2.927008152008056641e+00,2.304083585739135742e+00,1.668619275093078613e+00,1.029597282409667969e+00,3.945577442646026611e-01,-2.305473834276199341e-01,-8.414193391799926758e-01,-1.435398101806640625e+00,-2.011369705200195312e+00,-2.569600105285644531e+00,-3.111505985260009766e+00,-3.639372825622558594e+00,-4.156032562255859375e+00,-4.664518833160400391e+00,-5.167711734771728516e+00,-5.667992591857910156e+00,-6.166923046112060547e+00,-6.664959907531738281e+00,-7.161228179931640625e+00,-7.653352260589599609e+00,-8.137364387512207031e+00,-8.607686996459960938e+00,-9.057201385498046875e+00,-9.477386474609375000e+00,-9.858543395996093750e+00,-1.019007968902587891e+01,-1.046085643768310547e+01,-1.065957450866699219e+01,-1.077519893646240234e+01,-1.079738330841064453e+01,-1.071690654754638672e+01,-1.052607631683349609e+01,-1.021910190582275391e+01,-9.792411804199218750e+00,-9.244908332824707031e+00,-8.578143119812011719e+00,-7.796405315399169922e+00,-6.906725883483886719e+00,-5.918787002563476562e+00,-4.844738006591796875e+00,-3.698933839797973633e+00,-2.497592210769653320e+00,-1.258388996124267578e+00,-3.098307184136407308e-15
0.000000000000000000e+00,9.611413478851318359e-01,1.900974869728088379e+00,2.798805475234985352e+00,3.635142564773559570e+00,4.392247200012207031e+00,5.054619312286376953e+00,5.609404087066650391e+00,6.046705722808837891e+00,6.359797954559326172e+00,6.545225620269775391e+00,6.602791786193847656e+00,6.535438060760498047e+00,6.349019050598144531e+00,6.051983356475830078e+00,5.654976367950439453e+00,5.170378208160400391e+00,4.611797332763671875e+00,3.993539094924926758e+00,3.330074787139892578e+00,2.635522842407226562e+00,1.923173189163208008e+00,1.205063700675964355e+00,4.916310310363769531e-01,-2.085555344820022583e-01,-8.889660239219665527e-01,-1.545182824134826660e+00,-2.174874067306518555e+00,-2.777669429779052734e+00,-3.354946613311767578e+00,-3.909538745880126953e+00,-4.445375442504882812e+00,-4.967075347900390625e+00,-5.479510784149169922e+00,-5.987359523773193359e+00,-6.494667053222656250e+00,-7.004439830780029297e+00,-7.518287181854248047e+00,-8.036127090454101562e+00,-8.555972099304199219e+00,-9.073801994323730469e+00,-9.583541870117187500e+00,-1.007712841033935547e+01,-1.054468345642089844e+01,-1.097477722167968750e+01,-1.135477733612060547e+01,-1.167126941680908203e+01,-1.191053485870361328e+01,-1.205905914306640625e+01,-1.210407066345214844e+01,-1.203406524658203125e+01,-1.183930873870849609e+01,-1.151230049133300781e+01,-1.104816722869873047e+01,-1.044497680664062500e+01,-9.703965187072753906e+00,-8.829652786254882812e+00,-7.829850196838378906e+00,-6.715560913085937500e+00,-5.500762939453125000e+00,-4.202094554901123047e+00,-2.838443756103515625e+00,-1.430459141731262207e+00,-3.522240609731843407e-15
0.000000000000000000e+00,9.821141362190246582e-01,1.940670609474182129e+00,2.852818489074707031e+00,3.697094202041625977e+00,4.454052448272705078e+00,5.106824398040771484e+00,5.641582489013671875e+00,6.047897815704345703e+00,6.318975448608398438e+00,6.451761722564697266e+00,6.446919441223144531e+00,6.308679103851318359e+00,6.044563293457031250e+00,5.665006637573242188e+00,5.182881832122802734e+00,4.612952709197998047e+00,3.971274375915527344e+00,3.274570226669311523e+00,2.539602756500244141e+00,1.782570600509643555e+00,1.018547892570495605e+00,2.609943449497222900e-01,-4.786508977413177490e-01,-1.191273331642150879e+00,-1.870276451110839844e+00,-2.511656761169433594e+00,-3.113960027694702148e+00,-3.678123474121093750e+00,-4.207209587097167969e+00,-4.706047058105468750e+00,-5.180794239044189453e+00,-5.638442993164062500e+00,-6.086291790008544922e+00,-6.531399726867675781e+00,-6.980058193206787109e+00,-7.437295913696289062e+00,-7.906441688537597656e+00,-8.388763427734375000e+00,-8.883201599121093750e+00,-9.386213302612304688e+00,-9.891721725463867188e+00,-1.039119529724121094e+01,-1.087383556365966797e+01,-1.132688426971435547e+01,-1.173602008819580078e+01,-1.208585739135742188e+01,-1.236049365997314453e+01,-1.254411983489990234e+01,-1.262164020538330078e+01,-1.257929706573486328e+01,-1.240526771545410156e+01,-1.209020519256591797e+01,-1.162771320343017578e+01,-1.101472663879394531e+01,-1.025177288055419922e+01,-9.343130111694335938e+00,-8.296841621398925781e+00,-7.124609470367431641e+00,-5.841550827026367188e+00,-4.465843677520751953e+00,-3.018253803253173828e+00,-1.521576285362243652e+00,-3.747010331406428613e-15
0.000000000000000000e+00,9.308747053146362305e-01,1.836821794509887695e+00,2.693700551986694336e+00,3.478913784027099609e+00,4.172110557556152344e+00,4.755801677703857422e+00,5.215876579284667969e+00,5.541990280151367188e+00,5.727818489074707031e+00,5.771164894104003906e+00,5.673921108245849609e+00,5.441883087158203125e+00,5.084430694580078125e+00,4.614081859588623047e+00,4.045948028564453125e+00,3.397104501724243164e+00,2.685904979705810547e+00,1.931268811225891113e+00,1.151965618133544922e+00,3.659292757511138916e-01,-4.103743731975555420e-01,-1.162501215934753418e+00,-1.878482103347778320e+00,-2.549160242080688477e+00,-3.168397903442382812e+00,-3.733150005340576172e+00,-4.243398189544677734e+00,-4.701954841613769531e+00,-5.114141941070556641e+00,-5.487362384796142578e+00,-5.830584049224853516e+00,-6.153755664825439453e+00,-6.467182636260986328e+00,-6.780887126922607422e+00,-7.103985309600830078e+00,-7.444101810455322266e+00,-7.806852817535400391e+00,-8.195417404174804688e+00,-8.610216140747070312e+00,-9.048709869384765625e+00,-9.505340576171875000e+00,-9.971595764160156250e+00,-1.043621540069580078e+01,-1.088553237915039062e+01,-1.130391597747802734e+01,-1.167433166503906250e+01,-1.197896385192871094e+01,-1.219990348815917969e+01,-1.231986236572265625e+01,-1.232287788391113281e+01,-1.219500160217285156e+01,-1.192492103576660156e+01,-1.150450515747070312e+01,-1.092924499511718750e+01,-1.019857215881347656e+01,-9.316037178039550781e+00,-8.289346694946289062e+00,-7.130254268646240234e+00,-5.854302883148193359e+00,-4.480429172515869141e+00,-3.030447721481323242e+00,-1.528430461883544922e+00,-3.764469798031707878e-15
0.000000000000000000e+00,8.110207319259643555e-01,1.596609234809875488e+00,2.332185983657836914e+00,2.994844913482666016e+00,3.564110517501831055e+00,4.022605895996093750e+00,4.356602191925048828e+00,4.556433200836181641e+00,4.616759777069091797e+00,4.536671638488769531e+00,4.319628715515136719e+00,3.973241806030273438e+00,3.508902788162231445e+00,2.941282272338867188e+00,2.287712574005126953e+00,1.567481875419616699e+00,8.010691404342651367e-01,9.348285384476184845e-03,-7.872055172920227051e-01,-1.569276332855224609e+00,-2.319405078887939453e+00,-3.022598028182983398e+00,-3.666819810867309570e+00,-4.243357181549072266e+00,-4.747035026550292969e+00,-5.176279544830322266e+00,-5.533030986785888672e+00,-5.822501659393310547e+00,-6.052799224853515625e+00,-6.234429836273193359e+00,-6.379697799682617188e+00,-6.502034187316894531e+00,-6.615276813507080078e+00,-6.732934951782226562e+00,-6.867472648620605469e+00,-7.029633998870849609e+00,-7.227843761444091797e+00,-7.467708110809326172e+00,-7.751637458801269531e+00,-8.078604698181152344e+00,-8.444056510925292969e+00,-8.839970588684082031e+00,-9.255077362060546875e+00,-9.675214767456054688e+00,-1.008382320404052734e+01,-1.046255302429199219e+01,-1.079195404052734375e+01,-1.105223941802978516e+01,-1.122407436370849609e+01,-1.128936767578125000e+01,-1.123203659057617188e+01,-1.103870582580566406e+01,-1.069932651519775391e+01,-1.020767116546630859e+01,-9.561701774597167969e+00,-8.763783454895019531e+00,-7.820743560791015625e+00,-6.743761539459228516e+00,-5.548103809356689453e+00,-4.252705574035644531e+00,-2.879614353179931641e+00,-1.453321695327758789e+00,-3.580271472222945964e-15
0.000000000000000000e+00,6.313454508781433105e-01,1.237550854682922363e+00,1.794381022453308105e+00,2.279375553131103516e+00,2.672651052474975586e+00,2.957603693008422852e+00,3.121487617492675781e+00,3.155844449996948242e+00,3.056770324707031250e+00,2.825008630752563477e+00,2.465867280960083008e+00,1.988964796066284180e+00,1.407812952995300293e+00,7.392570972442626953e-01,2.793532563373446465e-03,-7.802060842514038086e-01,-1.587334871292114258e+00,-2.396019458770751953e+00,-3.184385776519775391e+00,-3.932083845138549805e+00,-4.621043205261230469e+00,-5.236127376556396484e+00,-5.765660762786865234e+00,-6.201809883117675781e+00,-6.540804386138916016e+00,-6.782987117767333984e+00,-6.932697296142578125e+00,-6.997984886169433594e+00,-6.990177631378173828e+00,-6.923310756683349609e+00,-6.813447952270507812e+00,-6.677920341491699219e+00,-6.534515857696533203e+00,-6.400648593902587891e+00,-6.292550086975097656e+00,-6.224503517150878906e+00,-6.208168983459472656e+00,-6.252008914947509766e+00,-6.360855102539062500e+00,-6.535623550415039062e+00,-6.773193359375000000e+00,-7.066456794738769531e+00,-7.404538631439208984e+00,-7.773174285888671875e+00,-8.155236244201660156e+00,-8.531384468078613281e+00,-8.880820274353027344e+00,-9.182106971740722656e+00,-9.414037704467773438e+00,-9.556493759155273438e+00,-9.591285705566406250e+00,-9.502928733825683594e+00,-9.279314994812011719e+00,-8.912275314331054688e+00,-8.397990226745605469e+00,-7.737241744995117188e+00,-6.935490608215332031e+00,-6.002780914306640625e+00,-4.953469276428222656e+00,-3.805790424346923828e+00,-2.581274986267089844e+00,-1.304043769836425781e+00,-3.213583074301797245e-15
0.000000000000000000e+00,4.053431451320648193e-01,7.865174412727355957e-01,1.120297670364379883e+00,1.385308623313903809e+00,1.562859296798706055e+00,1.637671113014221191e+00,1.598473310470581055e+00,1.438440084457397461e+00,1.155454516410827637e+00,7.521877288818359375e-01,2.359912693500518799e-01,-3.813935518264770508e-01,-1.084297060966491699e+00,-1.853735089302062988e+00,-2.668150663375854492e+00,-3.504254817962646484e+00,-4.337931156158447266e+00,-5.145172119140625000e+00,-5.903004646301269531e+00,-6.590372085571289062e+00,-7.188939571380615234e+00,-7.683784008026123047e+00,-8.063948631286621094e+00,-8.322837829589843750e+00,-8.458433151245117188e+00,-8.473333358764648438e+00,-8.374598503112792969e+00,-8.173426628112792969e+00,-7.884659767150878906e+00,-7.526144027709960938e+00,-7.117975711822509766e+00,-6.681653022766113281e+00,-6.239176750183105469e+00,-5.812130451202392578e+00,-5.420780181884765625e+00,-5.083227634429931641e+00,-4.814654350280761719e+00,-4.626679420471191406e+00,-4.526868820190429688e+00,-4.518404960632324219e+00,-4.599935054779052734e+00,-4.765605449676513672e+00,-5.005278110504150391e+00,-5.304922103881835938e+00,-5.647166728973388672e+00,-6.011988162994384766e+00,-6.377513408660888672e+00,-6.720899105072021484e+00,-7.019253253936767578e+00,-7.250570297241210938e+00,-7.394631385803222656e+00,-7.433840751647949219e+00,-7.353967189788818359e+00,-7.144750595092773438e+00,-6.800362586975097656e+00,-6.319691658020019531e+00,-5.706447601318359375e+00,-4.969078540802001953e+00,-4.120501995086669922e+00,-3.177664995193481445e+00,-2.160943984985351562e+00,-1.093411684036254883e+00,-2.695924182543251932e-15
0.000000000000000000e+00,1.503938287496566772e-01,2.781096696853637695e-01,3.614396452903747559e-01,3.805771470069885254e-01,3.184717297554016113e-01,1.615732610225677490e-01,-9.956451505422592163e-02,-4.698455035686492920e-01,-9.493753910064697266e-01,-1.533399343490600586e+00,-2.212435722351074219e+00,-2.972600460052490234e+00,-3.796111583709716797e+00,-4.661950588226318359e+00,-5.546658039093017578e+00,-6.425230503082275391e+00,-7.272083282470703125e+00,-8.062040328979492188e+00,-8.771316528320312500e+00,-9.378442764282226562e+00,-9.865113258361816406e+00,-1.021690559387207031e+01,-1.042385292053222656e+01,-1.048084735870361328e+01,-1.038785362243652344e+01,-1.014992141723632812e+01,-9.777008056640625000e+00,-9.283604621887207031e+00,-8.688188552856445312e+00,-8.012520790100097656e+00,-7.280815601348876953e+00,-6.518813133239746094e+00,-5.752799510955810547e+00,-5.008601665496826172e+00,-4.310602188110351562e+00,-3.680818319320678711e+00,-3.138066053390502930e+00,-2.697258949279785156e+00,-2.368858337402343750e+00,-2.158500671386718750e+00,-2.066813707351684570e+00,-2.089431762695312500e+00,-2.217207431793212891e+00,-2.436610460281372070e+00,-2.730298042297363281e+00,-3.077836036682128906e+00,-3.456537723541259766e+00,-3.842391729354858398e+00,-4.211038112640380859e+00,-4.538755893707275391e+00,-4.803424358367919922e+00,-4.985414028167724609e+00,-5.068379878997802734e+00,-5.039920806884765625e+00,-4.892076969146728516e+00,-4.621654033660888672e+00,-4.230350017547607422e+00,-3.724690914154052734e+00,-3.115770578384399414e+00,-2.418807029724121094e+00,-1.652536153793334961e+00,-8.384624123573303223e-01,-2.069199422672111585e-15
0.000000000000000000e+00,-1.133237183094024658e-01,-2.475051283836364746e-01,-4.224160313606262207e-01,-6.559968590736389160e-01,-9.633904695510864258e-01,-1.356190919876098633e+00,-1.841838240623474121e+00,-2.423184156417846680e+00,-3.098248004913330078e+00,-3.860172033309936523e+00,-4.697381019592285156e+00,-5.593938350677490234e+00,-6.530087471008300781e+00,-7.482956886291503906e+00,-8.427400588989257812e+00,-9.336943626403808594e+00,-1.018478965759277344e+01,-1.094486331939697266e+01,-1.159282779693603516e+01,-1.210705375671386719e+01,-1.246949481964111328e+01,-1.266642856597900391e+01,-1.268904685974121094e+01,-1.253385734558105469e+01,-1.220288658142089844e+01,-1.170368289947509766e+01,-1.104909706115722656e+01,-1.025687313079833984e+01,-9.349049568176269531e+00,-8.351195335388183594e+00,-7.291515350341796875e+00,-6.199852466583251953e+00,-5.106630802154541016e+00,-4.041777133941650391e+00,-3.033661842346191406e+00,-2.108103990554809570e+00,-1.287472844123840332e+00,-5.899260044097900391e-01,-2.880814298987388611e-02,3.877624869346618652e-01,6.571077704429626465e-01,7.819945216178894043e-01,7.704314589500427246e-01,6.352676153182983398e-01,3.936078846454620361e-01,6.607084721326828003e-02,-3.240824341773986816e-01,-7.519129514694213867e-01,-1.191823601722717285e+00,-1.618592858314514160e+00,-2.008383035659790039e+00,-2.339680433273315430e+00,-2.594134330749511719e+00,-2.757257223129272461e+00,-2.818961858749389648e+00,-2.773916006088256836e+00,-2.621695995330810547e+00,-2.366739511489868164e+00,-2.018096923828125000e+00,-1.588993191719055176e+00,-1.096218943595886230e+00,-5.593745708465576172e-01,-1.383042596056873255e-15
0.000000000000000000e+00,-3.641238808631896973e-01,-7.471639513969421387e-01,-1.167043805122375488e+00,-1.639743089675903320e+00,-2.178428173065185547e+00,-2.792700290679931641e+00,-3.487993717193603516e+00,-4.265150547027587891e+00,-5.120187759399414062e+00,-6.044272899627685547e+00,-7.023905754089355469e+00,-8.041302680969238281e+00,-9.074968338012695312e+00,-1.010043907165527344e+01,-1.109115600585937500e+01,-1.201945304870605469e+01,-1.285759925842285156e+01,-1.357887840270996094e+01,-1.415863895416259766e+01,-1.457529163360595703e+01,-1.481120586395263672e+01,-1.485346889495849609e+01,-1.469447994232177734e+01,-1.433235359191894531e+01,-1.377111530303955078e+01,-1.302067565917968750e+01,-1.209659385681152344e+01,-1.101962661743164062e+01,-9.815087318420410156e+00,-8.512026786804199219e+00,-7.142288208007812500e+00,-5.739444255828857422e+00,-4.337679386138916016e+00,-2.970646858215332031e+00,-1.670347213745117188e+00,-4.660714864730834961e-01,6.165521740913391113e-01,1.556372404098510742e+00,2.337359189987182617e+00,2.949054718017578125e+00,3.386813879013061523e+00,3.651829481124877930e+00,3.750937938690185547e+00,3.696218729019165039e+00,3.504403114318847656e+00,3.196115493774414062e+00,2.794980287551879883e+00,2.326628923416137695e+00,1.817646503448486328e+00,1.294503450393676758e+00,7.825081944465637207e-01,3.048287928104400635e-01,-1.183822080492973328e-01,-4.707242846488952637e-01,-7.401183843612670898e-01,-9.191879630088806152e-01,-1.005437493324279785e+00,-1.001222848892211914e+00,-9.135160446166992188e-01,-7.534757256507873535e-01,-5.358411669731140137e-01,-2.781771123409271240e-01,-6.916392473663417889e-16
0.000000000000000000e+00,-5.802304148674011230e-01,-1.177526593208312988e+00,-1.807962417602539062e+00,-2.485668897628784180e+00,-3.221968173980712891e+00,-4.024625778198242188e+00,-4.897255897521972656e+00,-5.838906288146972656e+00,-6.843839168548583984e+00,-7.901522159576416016e+00,-8.996829986572265625e+00,-1.011045169830322266e+01,-1.121948814392089844e+01,-1.229821681976318359e+01,-1.331900215148925781e+01,-1.425329875946044922e+01,-1.507273292541503906e+01,-1.575019931793212891e+01,-1.626093482971191406e+01,-1.658353996276855469e+01,-1.670088195800781250e+01,-1.660086441040039062e+01,-1.627703475952148438e+01,-1.572896480560302734e+01,-1.496245288848876953e+01,-1.398947429656982422e+01,-1.282792091369628906e+01,-1.150112152099609375e+01,-1.003716373443603516e+01,-8.468039512634277344e+00,-6.828648090362548828e+00,-5.155691623687744141e+00,-3.486505270004272461e+00,-1.857865452766418457e+00,-3.048191368579864502e-01,1.140420317649841309e+00,2.449470996856689453e+00,3.598637342453002930e+00,4.569589138031005859e+00,5.349842071533203125e+00,5.933023452758789062e+00,6.318911552429199219e+00,6.513253688812255859e+00,6.527368545532226562e+00,6.377551555633544922e+00,6.084306240081787109e+00,5.671439170837402344e+00,5.165046215057373047e+00,4.592436790466308594e+00,3.981040954589843750e+00,3.357333898544311523e+00,2.745830774307250977e+00,2.168182134628295898e+00,1.642412424087524414e+00,1.182324528694152832e+00,7.970960140228271484e-01,4.910813570022583008e-01,2.638243138790130615e-01,1.102799177169799805e-01,2.123386785387992859e-02,-1.609926857054233551e-02,-1.732538081705570221e-02,-5.022406091000264003e-17
0.000000000000000000e+00,-7.412282228469848633e-01,-1.497965097427368164e+00,-2.284732818603515625e+00,-3.114123344421386719e+00,-3.995937108993530273e+00,-4.936445236206054688e+00,-5.937802314758300781e+00,-6.997642040252685547e+00,-8.108869552612304688e+00,-9.259667396545410156e+00,-1.043370819091796875e+01,-1.161058139801025391e+01,-1.276640319824218750e+01,-1.387460422515869141e+01,-1.490685081481933594e+01,-1.583407020568847656e+01,-1.662754249572753906e+01,-1.726001548767089844e+01,-1.770678901672363281e+01,-1.794674682617187500e+01,-1.796326255798339844e+01,-1.774497985839843750e+01,-1.728640747070312500e+01,-1.658830642700195312e+01,-1.565787601470947266e+01,-1.450868988037109375e+01,-1.316042327880859375e+01,-1.163834953308105469e+01,-9.972636222839355469e+00,-8.197462081909179688e+00,-6.349992752075195312e+00,-4.469244480133056641e+00,-2.594877243041992188e+00,-7.659731507301330566e-01,9.801684617996215820e-01,2.609167814254760742e+00,4.090591907501220703e+00,5.398836612701416016e+00,6.513832092285156250e+00,7.421543598175048828e+00,8.114253044128417969e+00,8.590615272521972656e+00,8.855481147766113281e+00,8.919508934020996094e+00,8.798564910888671875e+00,8.512959480285644531e+00,8.086528778076171875e+00,7.545612812042236328e+00,6.917970657348632812e+00,6.231668949127197266e+00,5.513992786407470703e+00,4.790422916412353516e+00,4.083715438842773438e+00,3.413119316101074219e+00,2.793767213821411133e+00,2.236254930496215820e+00,1.746427655220031738e+00,1.325380325317382812e+00,9.696666598320007324e-01,6.717079281806945801e-01,4.203820228576660156e-01,2.017660737037658691e-01,4.885282640321674495e-16
0.000000000000000000e+00,-8.294592499732971191e-01,-1.673340916633605957e+00,-2.545090436935424805e+00,-3.456241369247436523e+00,-4.415564537048339844e+00,-5.428338050842285156e+00,-6.495770454406738281e+00,-7.614605426788330078e+00,-8.776922225952148438e+00,-9.970150947570800781e+00,-1.117729282379150391e+01,-1.237735462188720703e+01,-1.354597091674804688e+01,-1.465618991851806641e+01,-1.567940521240234375e+01,-1.658638763427734375e+01,-1.734837913513183594e+01,-1.793821144104003906e+01,-1.833139228820800781e+01,-1.850713157653808594e+01,-1.844925880432128906e+01,-1.814698982238769531e+01,-1.759552001953125000e+01,-1.679640960693359375e+01,-1.575775909423828125e+01,-1.449413681030273438e+01,-1.302629756927490234e+01,-1.138066768646240234e+01,-9.588625907897949219e+00,-7.685611248016357422e+00,-5.710083484649658203e+00,-3.702367305755615234e+00,-1.703438282012939453e+00,2.463194131851196289e-01,2.108331441879272461e+00,3.846984148025512695e+00,5.430666446685791016e+00,6.832665443420410156e+00,8.031882286071777344e+00,9.013347625732421875e+00,9.768510818481445312e+00,1.029530239105224609e+01,1.059797000885009766e+01,1.068668937683105469e+01,1.057697296142578125e+01,1.028890705108642578e+01,9.846230506896972656e+00,9.275321960449218750e+00,8.604102134704589844e+00,7.860924720764160156e+00,7.073484420776367188e+00,6.267783164978027344e+00,5.467208862304687500e+00,4.691743373870849609e+00,3.957345485687255859e+00,3.275521993637084961e+00,2.653106927871704102e+00,2.092250585556030273e+00,1.590620636940002441e+00,1.141801357269287109e+00,7.358721494674682617e-01,3.601414263248443604e-01,8.779909426852609486e-16
0.000000000000000000e+00,-8.312729001045227051e-01,-1.676493883132934570e+00,-2.548645734786987305e+00,-3.458822011947631836e+00,-4.415387630462646484e+00,-5.423256874084472656e+00,-6.483327388763427734e+00,-7.592087268829345703e+00,-8.741425514221191406e+00,-9.918645858764648438e+00,-1.110669136047363281e+01,-1.228457832336425781e+01,-1.342801094055175781e+01,-1.451016807556152344e+01,-1.550263023376464844e+01,-1.637639999389648438e+01,-1.710299110412597656e+01,-1.765553474426269531e+01,-1.800986480712890625e+01,-1.814553260803222656e+01,-1.804670715332031250e+01,-1.770294952392578125e+01,-1.710978507995605469e+01,-1.626909446716308594e+01,-1.518927764892578125e+01,-1.388518428802490234e+01,-1.237782382965087891e+01,-1.069385528564453125e+01,-8.864871978759765625e+00,-6.926504135131835938e+00,-4.917388916015625000e+00,-2.878016471862792969e+00,-8.495205044746398926e-01,1.127559900283813477e+00,3.014493227005004883e+00,4.775502681732177734e+00,6.378804683685302734e+00,7.797502517700195312e+00,9.010300636291503906e+00,1.000201797485351562e+01,1.076388072967529297e+01,1.129358863830566406e+01,1.159515285491943359e+01,1.167851161956787109e+01,1.155894660949707031e+01,1.125632476806640625e+01,1.079419231414794922e+01,1.019876003265380859e+01,9.497820854187011719e+00,8.719647407531738281e+00,7.891905307769775391e+00,7.040629386901855469e+00,6.189302921295166016e+00,5.358074188232421875e+00,4.563138961791992188e+00,3.816312551498413086e+00,3.124806642532348633e+00,2.491215467453002930e+00,1.913712263107299805e+00,1.386439561843872070e+00,9.000808596611022949e-01,4.425832033157348633e-01,1.080732513775314006e-15
0.000000000000000000e+00,-7.380505204200744629e-01,-1.490280628204345703e+00,-2.269917249679565430e+00,-3.088323831558227539e+00,-3.954170227050781250e+00,-4.872721672058105469e+00,-5.845275402069091797e+00,-6.868776798248291016e+00,-7.935624122619628906e+00,-9.033682823181152344e+00,-1.014650344848632812e+01,-1.125374126434326172e+01,-1.233176612854003906e+01,-1.335442733764648438e+01,-1.429396152496337891e+01,-1.512200260162353516e+01,-1.581064319610595703e+01,-1.633352661132812500e+01,-1.666690826416015625e+01,-1.679065704345703125e+01,-1.668914031982421875e+01,-1.635198402404785156e+01,-1.577464103698730469e+01,-1.495876979827880859e+01,-1.391240215301513672e+01,-1.264987945556640625e+01,-1.119156646728515625e+01,-9.563355445861816406e+00,-7.795964241027832031e+00,-5.924062728881835938e+00,-3.985257148742675781e+00,-2.018966436386108398e+00,-6.523350626230239868e-02,1.836485743522644043e+00,3.648510932922363281e+00,5.336061000823974609e+00,6.868270874023437500e+00,8.219065666198730469e+00,9.367857933044433594e+00,1.030005455017089844e+01,1.100733470916748047e+01,1.148771381378173828e+01,1.174538516998291016e+01,1.179033565521240234e+01,1.163777542114257812e+01,1.130738925933837891e+01,1.082244110107421875e+01,1.020878219604492188e+01,9.493786811828613281e+00,8.705262184143066406e+00,7.870390415191650391e+00,7.014716148376464844e+00,6.161245822906494141e+00,5.329679012298583984e+00,4.535802364349365234e+00,3.791071414947509766e+00,3.102395296096801758e+00,2.472123146057128906e+00,1.898240208625793457e+00,1.374755978584289551e+00,8.922671079635620117e-01,4.386715888977050781e-01,1.071123560263424410e-15
0.000000000000000000e+00,-5.469366312026977539e-01,-1.109029650688171387e+00,-1.700496196746826172e+00,-2.333716154098510742e+00,-3.018412590026855469e+00,-3.760947942733764648e+00,-4.563766002655029297e+00,-5.425004959106445312e+00,-6.338301658630371094e+00,-7.292790889739990234e+00,-8.273312568664550781e+00,-9.260812759399414062e+00,-1.023292255401611328e+01,-1.116470909118652344e+01,-1.202954387664794922e+01,-1.280008316040039062e+01,-1.344930362701416016e+01,-1.395155811309814453e+01,-1.428361034393310547e+01,-1.442561054229736328e+01,-1.436196136474609375e+01,-1.408205413818359375e+01,-1.358083629608154297e+01,-1.285918140411376953e+01,-1.192406082153320312e+01,-1.078848648071289062e+01,-9.471251487731933594e+00,-7.996448993682861328e+00,-6.392804145812988281e+00,-4.692837238311767578e+00,-2.931887149810791016e+00,-1.147030472755432129e+00,6.240605115890502930e-01,2.344283819198608398e+00,3.978250503540039062e+00,5.493364810943603516e+00,6.860800743103027344e+00,8.056341171264648438e+00,9.061043739318847656e+00,9.861722946166992188e+00,1.045121192932128906e+01,1.082841682434082031e+01,1.099814891815185547e+01,1.097075271606445312e+01,1.076154041290283203e+01,1.039005661010742188e+01,9.879213333129882812e+00,9.254312515258789062e+00,8.542016029357910156e+00,7.769289016723632812e+00,6.962361812591552734e+00,6.145760059356689453e+00,5.341425418853759766e+00,4.567975044250488281e+00,3.840118885040283203e+00,3.168260097503662109e+00,2.558291912078857422e+00,2.011596441268920898e+00,1.525243043899536133e+00,1.092376112937927246e+00,7.027742862701416016e-01,3.435561656951904297e-01,8.372335701479561351e-16
0.000000000000000000e+00,-2.612272799015045166e-01,-5.393136739730834961e-01,-8.501935601234436035e-01,-1.207990765571594238e+00,-1.624209880828857422e+00,-2.107038736343383789e+00,-2.660792112350463867e+00,-3.285521268844604492e+00,-3.976806402206420898e+00,-4.725743293762207031e+00,-5.519125461578369141e+00,-6.339816093444824219e+00,-7.167297840118408203e+00,-7.978378772735595703e+00,-8.748029708862304688e+00,-9.450312614440917969e+00,-1.005937957763671875e+01,-1.055048465728759766e+01,-1.090098285675048828e+01,-1.109126567840576172e+01,-1.110560703277587891e+01,-1.093287658691406250e+01,-1.056709098815917969e+01,-1.000778579711914062e+01,-9.260190963745117188e+00,-8.335196495056152344e+00,-7.249110698699951172e+00,-6.023221015930175781e+00,-4.683170318603515625e+00,-3.258170843124389648e+00,-1.780085325241088867e+00,-2.824098467826843262e-01,1.200803399085998535e+00,2.636045455932617188e+00,3.991428136825561523e+00,5.237701416015625000e+00,6.349171638488769531e+00,7.304487705230712891e+00,8.087265968322753906e+00,8.686530113220214844e+00,9.096950531005859375e+00,9.318879127502441406e+00,9.358177185058593750e+00,9.225843429565429688e+00,8.937459945678710938e+00,8.512478828430175781e+00,7.973381519317626953e+00,7.344739913940429688e+00,6.652220249176025391e+00,5.921566963195800781e+00,5.177609920501708984e+00,4.443333625793457031e+00,3.739040136337280273e+00,3.081645011901855469e+00,2.484127283096313477e+00,1.955157995223999023e+00,1.498918652534484863e+00,1.115115761756896973e+00,7.991882562637329102e-01,5.426990389823913574e-01,3.338916301727294922e-01,1.583884209394454956e-01,3.818962392143892409e-16
0.000000000000000000e+00,1.096140667796134949e-01,2.000182271003723145e-01,2.529120743274688721e-01,2.517766058444976807e-01,1.826726645231246948e-01,3.493266925215721130e-02,-1.982831209897994995e-01,-5.195891857147216797e-01,-9.271531701087951660e-01,-1.414660096168518066e+00,-1.971464872360229492e+00,-2.582928180694580078e+00,-3.230923414230346680e+00,-3.894493341445922852e+00,-4.550636291503906250e+00,-5.175182342529296875e+00,-5.743737220764160156e+00,-6.232642173767089844e+00,-6.619925022125244141e+00,-6.886198520660400391e+00,-7.015466213226318359e+00,-6.995812416076660156e+00,-6.819943428039550781e+00,-6.485554218292236328e+00,-5.995513916015625000e+00,-5.357855319976806641e+00,-4.585568904876708984e+00,-3.696210384368896484e+00,-2.711334228515625000e+00,-1.655775070190429688e+00,-5.568047761917114258e-01,5.568047761917114258e-01,1.655775070190429688e+00,2.711334228515625000e+00,3.696210384368896484e+00,4.585568904876708984e+00,5.357855319976806641e+00,5.995513916015625000e+00,6.485554218292236328e+00,6.819943428039550781e+00,6.995812416076660156e+00,7.015466213226318359e+00,6.886198520660400391e+00,6.619925022125244141e+00,6.232642173767089844e+00,5.743737220764160156e+00,5.175182342529296875e+00,4.550636291503906250e+00,3.894493341445922852e+00,3.230923414230346680e+00,2.582928180694580078e+00,1.971464872360229492e+00,1.414660096168518066e+00,9.271531701087951660e-01,5.195891857147216797e-01,1.982831209897994995e-01,-3.493266925215721130e-02,-1.826726645231246948e-01,-2.517766058444976807e-01,-2.529120743274688721e-01,-2.000182271003723145e-01,-1.096140667796134949e-01,-2.771334043529644596e-16
0.000000000000000000e+00,5.503183007240295410e-01,1.078561663627624512e+00,1.563547372817993164e+00,1.985841155052185059e+00,2.328544616699218750e+00,2.577980041503906250e+00,2.724248409271240234e+00,2.761635065078735352e+00,2.688849449157714844e+00,2.509087324142456055e+00,2.229913711547851562e+00,1.862972497940063477e+00,1.423529505729675293e+00,9.298734068870544434e-01,4.025929272174835205e-01,-1.362385302782058716e-01,-6.639389991760253906e-01,-1.158120274543762207e+00,-1.597580671310424805e+00,-1.963152408599853516e+00,-2.238470315933227539e+00,-2.410631895065307617e+00,-2.470720291137695312e+00,-2.414173126220703125e+00,-2.240977764129638672e+00,-1.955688953399658203e+00,-1.567267060279846191e+00,-1.088740825653076172e+00,-5.367116928100585938e-01,6.928432732820510864e-02,7.075297236442565918e-01,1.354965329170227051e+00,1.988083124160766602e+00,2.583836555480957031e+00,3.120533466339111328e+00,3.578676223754882812e+00,3.941714048385620117e+00,4.196681022644042969e+00,4.334692478179931641e+00,4.351281166076660156e+00,4.246558666229248047e+00,4.025198936462402344e+00,3.696240425109863281e+00,3.272719621658325195e+00,2.771145343780517578e+00,2.210839986801147461e+00,1.613169431686401367e+00,1.000696182250976562e+00,3.962850868701934814e-01,-1.777986437082290649e-01,-7.007663249969482422e-01,-1.154121875762939453e+00,-1.522384047508239746e+00,-1.793688178062438965e+00,-1.960241198539733887e+00,-2.018614292144775391e+00,-1.969859957695007324e+00,-1.819450378417968750e+00,-1.577038645744323730e+00,-1.256052851676940918e+00,-8.731396198272705078e-01,-4.474794268608093262e-01,-1.107945988304700168e-15
0.000000000000000000e+00,1.040533900260925293e+00,2.055796146392822266e+00,3.021386146545410156e+00,3.914613485336303711e+00,4.715269088745117188e+00,5.406304836273193359e+00,5.974389553070068359e+00,6.410325527191162109e+00,6.709307670593261719e+00,6.871016502380371094e+00,6.899540424346923828e+00,6.803135871887207031e+00,6.593830108642578125e+00,6.286887168884277344e+00,5.900155544281005859e+00,5.453325748443603516e+00,4.967128753662109375e+00,4.462502002716064453e+00,3.959764719009399414e+00,3.477823734283447266e+00,3.033453941345214844e+00,2.640670299530029297e+00,2.310223817825317383e+00,2.049236059188842773e+00,1.860988259315490723e+00,1.744872570037841797e+00,1.696506381034851074e+00,1.708003401756286621e+00,1.768390774726867676e+00,1.864154219627380371e+00,1.979888916015625000e+00,2.099028587341308594e+00,2.204622507095336914e+00,2.280129432678222656e+00,2.310195207595825195e+00,2.281380414962768555e+00,2.182813167572021484e+00,2.006731510162353516e+00,1.748901724815368652e+00,1.408889293670654297e+00,9.901719093322753906e-01,5.000906586647033691e-01,-5.036196112632751465e-02,-6.469068527221679688e-01,-1.272484540939331055e+00,-1.907882094383239746e+00,-2.532456159591674805e+00,-3.124924421310424805e+00,-3.664194345474243164e+00,-4.130196094512939453e+00,-4.504685401916503906e+00,-4.771987915039062500e+00,-4.919651508331298828e+00,-4.938981533050537109e+00,-4.825439453125000000e+00,-4.578883647918701172e+00,-4.203649044036865234e+00,-3.708453178405761719e+00,-3.106140375137329102e+00,-2.413266181945800781e+00,-1.649540781974792480e+00,-8.371534347534179688e-01,-2.066130622304209255e-15
0.000000000000000000e+00,1.555872082710266113e+00,3.083164930343627930e+00,4.554144859313964844e+00,5.942739009857177734e+00,7.225289344787597656e+00,8.381218910217285156e+00,9.393589019775390625e+00,1.024952220916748047e+01,1.094048213958740234e+01,1.146239662170410156e+01,1.181562709808349609e+01,1.200478076934814453e+01,1.203837966918945312e+01,1.192839717864990234e+01,1.168968391418457031e+01,1.133931064605712891e+01,1.089584255218505859e+01,1.037859058380126953e+01,9.806851387023925781e+00,9.199187278747558594e+00,8.572749137878417969e+00,7.942693710327148438e+00,7.321700572967529297e+00,6.719606876373291016e+00,6.143187522888183594e+00,5.596068382263183594e+00,5.078791141510009766e+00,4.589011669158935547e+00,4.121831893920898438e+00,3.670243978500366211e+00,3.225667238235473633e+00,2.778556346893310547e+00,2.319052219390869141e+00,1.837646484375000000e+00,1.325832962989807129e+00,7.767142653465270996e-01,1.855399012565612793e-01,-4.498500227928161621e-01,-1.128695011138916016e+00,-1.847113847732543945e+00,-2.598043203353881836e+00,-3.371321916580200195e+00,-4.153915405273437500e+00,-4.930278778076171875e+00,-5.682839870452880859e+00,-6.392589092254638672e+00,-7.039749145507812500e+00,-7.604504585266113281e+00,-8.067756652832031250e+00,-8.411875724792480469e+00,-8.621429443359375000e+00,-8.683839797973632812e+00,-8.589960098266601562e+00,-8.334537506103515625e+00,-7.916547775268554688e+00,-7.339385032653808594e+00,-6.610892772674560547e+00,-5.743241786956787109e+00,-4.752655506134033203e+00,-3.658983707427978516e+00,-2.485151290893554688e+00,-1.256493091583251953e+00,-3.097219170315659159e-15
0.000000000000000000e+00,2.069214344024658203e+00,4.106678009033203125e+00,6.081454277038574219e+00,7.964203357696533203e+00,9.727913856506347656e+00,1.134855365753173828e+01,1.280561828613281250e+01,1.408256053924560547e+01,1.516708946228027344e+01,1.605132675170898438e+01,1.673181724548339844e+01,1.720940017700195312e+01,1.748894691467285156e+01,1.757897949218750000e+01,1.749117279052734375e+01,1.723979187011718750e+01,1.684105110168457031e+01,1.631245613098144531e+01,1.567212200164794922e+01,1.493812179565429688e+01,1.412787342071533203e+01,1.325759696960449219e+01,1.234185695648193359e+01,1.139320850372314453e+01,1.042195796966552734e+01,9.436049461364746094e+00,8.441069602966308594e+00,7.440375804901123047e+00,6.435335159301757812e+00,5.425661087036132812e+00,4.409832477569580078e+00,3.385572671890258789e+00,2.350363731384277344e+00,1.301976561546325684e+00,2.389866113662719727e-01,-8.387484550476074219e-01,-1.929670095443725586e+00,-3.030182361602783203e+00,-4.134413719177246094e+00,-5.234090328216552734e+00,-6.318529129028320312e+00,-7.374755382537841797e+00,-8.387742996215820312e+00,-9.340768814086914062e+00,-1.021586799621582031e+01,-1.099438571929931641e+01,-1.165758419036865234e+01,-1.218730258941650391e+01,-1.256663131713867188e+01,-1.278058338165283203e+01,-1.281672573089599609e+01,-1.266575336456298828e+01,-1.232198333740234375e+01,-1.178373813629150391e+01,-1.105361175537109375e+01,-1.013860321044921875e+01,-9.050103187561035156e+00,-7.803741931915283203e+00,-6.419093608856201172e+00,-4.919248104095458984e+00,-3.330265045166015625e+00,-1.680524587631225586e+00,-4.139780356081194934e-15
0.000000000000000000e+00,2.552206993103027344e+00,5.069887161254882812e+00,7.519285678863525391e+00,9.868165969848632812e+00,1.208650493621826172e+01,1.414712715148925781e+01,1.602623367309570312e+01,1.770383644104003906e+01,1.916407394409179688e+01,2.039538955688476562e+01,2.139059638977050781e+01,2.214680099487304688e+01,2.266521072387695312e+01,2.295083427429199219e+01,2.301208114624023438e+01,2.286028099060058594e+01,2.250914382934570312e+01,2.197419166564941406e+01,2.127217102050781250e+01,2.042046928405761719e+01,1.943657493591308594e+01,1.833757972717285156e+01,1.713975143432617188e+01,1.585819530487060547e+01,1.450659847259521484e+01,1.309708976745605469e+01,1.164018630981445312e+01,1.014484977722167969e+01,8.618633270263671875e+00,7.067905426025390625e+00,5.498147964477539062e+00,3.914302349090576172e+00,2.321144580841064453e+00,7.236730456352233887e-01,-8.725136518478393555e-01,-2.460872173309326172e+00,-4.033619403839111328e+00,-5.581505298614501953e+00,-7.093667984008789062e+00,-8.557580947875976562e+00,-9.959101676940917969e+00,-1.128261947631835938e+01,-1.251130867004394531e+01,-1.362746810913085938e+01,-1.461295413970947266e+01,-1.544967079162597656e+01,-1.612012481689453125e+01,-1.660799980163574219e+01,-1.689874649047851562e+01,-1.698016357421875000e+01,-1.684292984008789062e+01,-1.648108673095703125e+01,-1.589244842529296875e+01,-1.507889461517333984e+01,-1.404657649993896484e+01,-1.280598449707031250e+01,-1.137189579010009766e+01,-9.763191223144531250e+00,-8.002545356750488281e+00,-6.115996837615966797e+00,-4.132418632507324219e+00,-2.082889080047607422e+00,-5.128977619136762534e-15
0.000000000000000000e+00,2.976855516433715820e+00,5.917057514190673828e+00,8.784670829772949219e+00,1.154517936706542969e+01,1.416613864898681641e+01,1.661777114868164062e+01,1.887348556518554688e+01,2.091029930114746094e+01,2.270915603637695312e+01,2.425514984130859375e+01,2.553760719299316406e+01,2.655008888244628906e+01,2.729025650024414062e+01,2.775966072082519531e+01,2.796342658996582031e+01,2.790988159179687500e+01,2.761010551452636719e+01,2.707747077941894531e+01,2.632713699340820312e+01,2.537555885314941406e+01,2.424001502990722656e+01,2.293816375732421875e+01,2.148766136169433594e+01,1.990582466125488281e+01,1.820938301086425781e+01,1.641429901123046875e+01,1.453567314147949219e+01,1.258772182464599609e+01,1.058383274078369141e+01,8.536683082580566406e+00,6.458410263061523438e+00,4.360826969146728516e+00,2.255655765533447266e+00,1.547759771347045898e-01,-1.929540634155273438e+00,-3.984417438507080078e+00,-5.996201038360595703e+00,-7.950343608856201172e+00,-9.831350326538085938e+00,-1.162279796600341797e+01,-1.330743694305419922e+01,-1.486736679077148438e+01,-1.628429222106933594e+01,-1.753985595703125000e+01,-1.861602210998535156e+01,-1.949552345275878906e+01,-2.016234016418457031e+01,-2.060218811035156250e+01,-2.080302619934082031e+01,-2.075552177429199219e+01,-2.045350074768066406e+01,-1.989432334899902344e+01,-1.907919692993164062e+01,-1.801340675354003906e+01,-1.670642280578613281e+01,-1.517193794250488281e+01,-1.342775344848632812e+01,-1.149558162689208984e+01,-9.400723457336425781e+00,-7.171646118164062500e+00,-4.839474201202392578e+00,-2.437393426895141602e+00,-6.000380974832989975e-15
0.000000000000000000e+00,3.317123174667358398e+00,6.596349716186523438e+00,9.800436973571777344e+00,1.289343643188476562e+01,1.584129142761230469e+01,1.861239051818847656e+01,2.117806053161621094e+01,2.351296234130859375e+01,2.559542655944824219e+01,2.740768241882324219e+01,2.893599319458007812e+01,3.017069053649902344e+01,3.110613632202148438e+01,3.174057579040527344e+01,3.207592010498046875e+01,3.211748504638671875e+01,3.187362480163574219e+01,3.135539627075195312e+01,3.057613563537597656e+01,2.955107498168945312e+01,2.829692268371582031e+01,2.683150672912597656e+01,2.517341232299804688e+01,2.334168624877929688e+01,2.135557746887207031e+01,1.923433685302734375e+01,1.699707412719726562e+01,1.466267490386962891e+01,1.224975681304931641e+01,9.776691436767578125e+00,7.261649608612060547e+00,4.722690105438232422e+00,2.177853822708129883e+00,-3.547281026840209961e-01,-2.856734991073608398e+00,-5.309574604034423828e+00,-7.694333553314208984e+00,-9.991761207580566406e+00,-1.218231105804443359e+01,-1.424622058868408203e+01,-1.616366577148437500e+01,-1.791495323181152344e+01,-1.948078727722167969e+01,-2.084256935119628906e+01,-2.198274803161621094e+01,-2.288519859313964844e+01,-2.353562355041503906e+01,-2.392196655273437500e+01,-2.403479576110839844e+01,-2.386768913269042969e+01,-2.341757202148437500e+01,-2.268499374389648438e+01,-2.167434310913085938e+01,-2.039399909973144531e+01,-1.885638046264648438e+01,-1.707789993286132812e+01,-1.507884693145751953e+01,-1.288314723968505859e+01,-1.051804733276367188e+01,-8.013709068298339844e+00,-5.402723789215087891e+00,-2.719567537307739258e+00,-6.693801956003881184e-15
0.000000000000000000e+00,3.550440311431884766e+00,7.062825202941894531e+00,1.049967575073242188e+01,1.382465267181396484e+01,1.700309562683105469e+01,2.000251197814941406e+01,2.279303359985351562e+01,2.534778594970703125e+01,2.764322280883789062e+01,2.965935897827148438e+01,3.137993812561035156e+01,3.279252624511718750e+01,3.388853454589843750e+01,3.466314697265625000e+01,3.511521530151367188e+01,3.524706268310546875e+01,3.506428146362304688e+01,3.457544326782226562e+01,3.379182815551757812e+01,3.272708892822265625e+01,3.139696311950683594e+01,2.981894874572753906e+01,2.801200675964355469e+01,2.599628829956054688e+01,2.379288673400878906e+01,2.142361831665039062e+01,1.891083908081054688e+01,1.627729797363281250e+01,1.354601860046386719e+01,1.074021625518798828e+01,7.883234024047851562e+00,4.998497962951660156e+00,2.109489679336547852e+00,-7.602846026420593262e-01,-3.587323188781738281e+00,-6.348173618316650391e+00,-9.019495010375976562e+00,-1.157814407348632812e+01,-1.400129413604736328e+01,-1.626658248901367188e+01,-1.835229492187500000e+01,-2.023758697509765625e+01,-2.190273475646972656e+01,-2.332940673828125000e+01,-2.450096893310546875e+01,-2.540279769897460938e+01,-2.602259063720703125e+01,-2.635068702697753906e+01,-2.638035583496093750e+01,-2.610807037353515625e+01,-2.553373336791992188e+01,-2.466086006164550781e+01,-2.349670410156250000e+01,-2.205231094360351562e+01,-2.034251785278320312e+01,-1.838585090637207031e+01,-1.620437431335449219e+01,-1.382344436645507812e+01,-1.127139377593994141e+01,-8.579155921936035156e+00,-5.779819965362548828e+00,-2.908139467239379883e+00,-7.156919337497538031e-15
0.000000000000000000e+00,3.659033298492431641e+00,7.281089305877685547e+00,1.082967662811279297e+01,1.426926231384277344e+01,1.756573104858398438e+01,2.068681144714355469e+01,2.360246849060058594e+01,2.628525352478027344e+01,2.871060371398925781e+01,3.085708808898925781e+01,3.270660400390625000e+01,3.424451446533203125e+01,3.545970535278320312e+01,3.634463882446289062e+01,3.689530563354492188e+01,3.711114501953125000e+01,3.699494171142578125e+01,3.655265426635742188e+01,3.579323577880859375e+01,3.472841644287109375e+01,3.337249374389648438e+01,3.174208259582519531e+01,2.985586929321289062e+01,2.773438835144042969e+01,2.539977455139160156e+01,2.287554550170898438e+01,2.018638038635253906e+01,1.735792541503906250e+01,1.441659832000732422e+01,1.138941478729248047e+01,8.303824424743652344e+00,5.187543869018554688e+00,2.068411111831665039e+00,-1.025771498680114746e+00,-4.067390441894531250e+00,-7.029179573059082031e+00,-9.884388923645019531e+00,-1.260696125030517578e+01,-1.517172241210937500e+01,-1.755458450317382812e+01,-1.973276138305664062e+01,-2.168499565124511719e+01,-2.339179420471191406e+01,-2.483567428588867188e+01,-2.600139808654785156e+01,-2.687622261047363281e+01,-2.745012092590332031e+01,-2.771599006652832031e+01,-2.766985893249511719e+01,-2.731102561950683594e+01,-2.664219093322753906e+01,-2.566954421997070312e+01,-2.440278244018554688e+01,-2.285509681701660156e+01,-2.104310798645019531e+01,-1.898671340942382812e+01,-1.670892333984375000e+01,-1.423560047149658203e+01,-1.159516811370849609e+01,-8.818266868591308594e+00,-5.937365055084228516e+00,-2.986335039138793945e+00,-7.348475838519098052e-15
0.000000000000000000e+00,3.630993843078613281e+00,7.227421760559082031e+00,1.075509738922119141e+01,1.418058490753173828e+01,1.747156333923339844e+01,2.059717178344726562e+01,2.352833747863769531e+01,2.623807525634765625e+01,2.870176696777343750e+01,3.089739036560058594e+01,3.280574417114257812e+01,3.441060638427734375e+01,3.569887542724609375e+01,3.666066360473632812e+01,3.728936386108398438e+01,3.758166885375976562e+01,3.753755187988281250e+01,3.716023254394531250e+01,3.645609664916992188e+01,3.543458557128906250e+01,3.410806274414062500e+01,3.249166107177734375e+01,3.060310173034667969e+01,2.846250343322753906e+01,2.609215927124023438e+01,2.351632499694824219e+01,2.076097106933593750e+01,1.785354614257812500e+01,1.482272148132324219e+01,1.169813632965087891e+01,8.510132789611816406e+00,5.289495944976806641e+00,2.067184209823608398e+00,-1.125931859016418457e+00,-4.259338855743408203e+00,-7.303143978118896484e+00,-1.022833728790283203e+01,-1.300704669952392578e+01,-1.561279678344726562e+01,-1.802074813842773438e+01,-2.020794105529785156e+01,-2.215351676940917969e+01,-2.383893585205078125e+01,-2.524817085266113281e+01,-2.636789512634277344e+01,-2.718763160705566406e+01,-2.769989967346191406e+01,-2.790031623840332031e+01,-2.778767585754394531e+01,-2.736400794982910156e+01,-2.663458251953125000e+01,-2.560789489746093750e+01,-2.429561233520507812e+01,-2.271247100830078125e+01,-2.087615394592285156e+01,-1.880711936950683594e+01,-1.652839469909667969e+01,-1.406534385681152344e+01,-1.144539165496826172e+01,-8.697730064392089844e+00,-5.852995395660400391e+00,-2.942925214767456055e+00,-7.240856067405702923e-15
0.000000000000000000e+00,3.461024761199951172e+00,6.891259193420410156e+00,1.026017093658447266e+01,1.353774356842041016e+01,1.669473266601562500e+01,1.970291328430175781e+01,2.253534126281738281e+01,2.516657638549804688e+01,2.757293701171875000e+01,2.973271369934082031e+01,3.162639045715332031e+01,3.323684310913085938e+01,3.454953002929687500e+01,3.555264663696289062e+01,3.623728942871093750e+01,3.659755706787109375e+01,3.663066101074218750e+01,3.633698272705078125e+01,3.572009658813476562e+01,3.478679656982421875e+01,3.354702758789062500e+01,3.201383972167968750e+01,3.020326614379882812e+01,2.813417816162109375e+01,2.582811355590820312e+01,2.330904579162597656e+01,2.060315132141113281e+01,1.773852348327636719e+01,1.474487495422363281e+01,1.165320301055908203e+01,8.495455741882324219e+00,5.304172992706298828e+00,2.112118244171142578e+00,-1.048084497451782227e+00,-4.144317150115966797e+00,-7.145324707031250000e+00,-1.002105808258056641e+01,-1.274300003051757812e+01,-1.528447246551513672e+01,-1.762091255187988281e+01,-1.973012161254882812e+01,-2.159248352050781250e+01,-2.319114685058593750e+01,-2.451217079162597656e+01,-2.554464340209960938e+01,-2.628074264526367188e+01,-2.671578979492187500e+01,-2.684823799133300781e+01,-2.667965698242187500e+01,-2.621466064453125000e+01,-2.546081733703613281e+01,-2.442853927612304688e+01,-2.313093376159667969e+01,-2.158364105224609375e+01,-1.980465316772460938e+01,-1.781412124633789062e+01,-1.563413715362548828e+01,-1.328851222991943359e+01,-1.080255031585693359e+01,-8.202803611755371094e+00,-5.516832351684570312e+00,-2.772956132888793945e+00,-6.821883078507624820e-15
0.000000000000000000e+00,3.150815248489379883e+00,6.275941371917724609e+00,9.349814414978027344e+00,1.234712600708007812e+01,1.524295711517333984e+01,1.801292610168457031e+01,2.063334655761718750e+01,2.308140182495117188e+01,2.533533096313476562e+01,2.737462997436523438e+01,2.918026161193847656e+01,3.073488616943359375e+01,3.202308654785156250e+01,3.303159713745117188e+01,3.374953079223632812e+01,3.416859436035156250e+01,3.428329086303710938e+01,3.409108352661132812e+01,3.359255218505859375e+01,3.279148864746093750e+01,3.169496917724609375e+01,3.031336975097656250e+01,2.866033363342285156e+01,2.675267791748046875e+01,2.461025810241699219e+01,2.225576782226562500e+01,1.971449089050292969e+01,1.701400375366210938e+01,1.418382930755615234e+01,1.125505924224853516e+01,8.259938240051269531e+00,5.231430053710937500e+00,2.202766895294189453e+00,-7.930031418800354004e-01,-3.723468780517578125e+00,-6.557290077209472656e+00,-9.264611244201660156e+00,-1.181744480133056641e+01,-1.419001293182373047e+01,-1.635904884338378906e+01,-1.830405044555664062e+01,-2.000746917724609375e+01,-2.145486450195312500e+01,-2.263499069213867188e+01,-2.353982734680175781e+01,-2.416457176208496094e+01,-2.450756835937500000e+01,-2.457021522521972656e+01,-2.435681533813476562e+01,-2.387440490722656250e+01,-2.313256454467773438e+01,-2.214319992065429688e+01,-2.092032241821289062e+01,-1.947982597351074219e+01,-1.783925628662109375e+01,-1.601759147644042969e+01,-1.403503894805908203e+01,-1.191282653808593750e+01,-9.673032760620117188e+00,-7.338405609130859375e+00,-4.932217597961425781e+00,-2.478116989135742188e+00,-6.095719615244145004e-15
0.000000000000000000e+00,2.709024429321289062e+00,5.398682117462158203e+00,8.049587249755859375e+00,1.064232635498046875e+01,1.315746402740478516e+01,1.557557392120361328e+01,1.787729454040527344e+01,2.004342651367187500e+01,2.205505561828613281e+01,2.389372825622558594e+01,2.554164886474609375e+01,2.698191833496093750e+01,2.819879913330078125e+01,2.917800712585449219e+01,2.990700531005859375e+01,3.037531471252441406e+01,3.057481384277343750e+01,3.050001716613769531e+01,3.014833068847656250e+01,2.952026939392089844e+01,2.861961746215820312e+01,2.745354461669921875e+01,2.603265380859375000e+01,2.437095069885253906e+01,2.248574638366699219e+01,2.039750099182128906e+01,1.812956809997558594e+01,1.570789337158203125e+01,1.316064262390136719e+01,1.051777458190917969e+01,7.810575485229492188e+00,5.071156501770019531e+00,2.331931591033935547e+00,-3.749086558818817139e-01,-3.017919540405273438e+00,-5.566903114318847656e+00,-7.993378162384033203e+00,-1.027100467681884766e+01,-1.237595558166503906e+01,-1.428722953796386719e+01,-1.598689079284667969e+01,-1.746024131774902344e+01,-1.869591522216796875e+01,-1.968591117858886719e+01,-2.042554283142089844e+01,-2.091333007812500000e+01,-2.115084266662597656e+01,-2.114247703552246094e+01,-2.089521408081054688e+01,-2.041833496093750000e+01,-1.972312355041503906e+01,-1.882257270812988281e+01,-1.773107337951660156e+01,-1.646414375305175781e+01,-1.503815746307373047e+01,-1.347011280059814453e+01,-1.177743625640869141e+01,-9.977812767028808594e+00,-8.089066505432128906e+00,-6.129067420959472656e+00,-4.115676879882812500e+00,-2.066723585128784180e+00,-5.082830840653874624e-15
0.000000000000000000e+00,2.150871753692626953e+00,4.289750099182128906e+00,6.404471874237060547e+00,8.482545852661132812e+00,1.051102161407470703e+01,1.247639560699462891e+01,1.436456012725830078e+01,1.616080856323242188e+01,1.784990119934082031e+01,1.941618347167968750e+01,2.084378433227539062e+01,2.211684799194335938e+01,2.321983146667480469e+01,2.413784980773925781e+01,2.485704040527343750e+01,2.536495590209960938e+01,2.565096092224121094e+01,2.570661544799804688e+01,2.552603912353515625e+01,2.510623550415039062e+01,2.444735908508300781e+01,2.355291938781738281e+01,2.242991638183593750e+01,2.108887290954589844e+01,1.954380416870117188e+01,1.781207847595214844e+01,1.591418838500976562e+01,1.387344837188720703e+01,1.171560382843017578e+01,9.468373298645019531e+00,7.160940647125244141e+00,4.823399066925048828e+00,2.486171722412109375e+00,1.794254332780838013e-01,-2.067508459091186523e+00,-4.226688861846923828e+00,-6.272075653076171875e+00,-8.179989814758300781e+00,-9.929496765136718750e+00,-1.150272274017333984e+01,-1.288507747650146484e+01,-1.406538963317871094e+01,-1.503594970703125000e+01,-1.579247379302978516e+01,-1.633396911621093750e+01,-1.666253471374511719e+01,-1.678309822082519531e+01,-1.670308494567871094e+01,-1.643206787109375000e+01,-1.598138332366943359e+01,-1.536372947692871094e+01,-1.459278488159179688e+01,-1.368284416198730469e+01,-1.264847373962402344e+01,-1.150422668457031250e+01,-1.026440048217773438e+01,-8.942851066589355469e+00,-7.552877902984619141e+00,-6.107156753540039062e+00,-4.617743492126464844e+00,-3.096124410629272461e+00,-1.553316116333007812e+00,-3.818995002912361700e-15
0.000000000000000000e+00,1.497359275817871094e+00,2.990925788879394531e+00,4.476579189300537109e+00,5.949562549591064453e+00,7.404205799102783203e+00,8.833701133728027344e+00,1.022993946075439453e+01,1.158342266082763672e+01,1.288325023651123047e+01,1.411720466613769531e+01,1.527190494537353516e+01,1.633305358886718750e+01,1.728575897216796875e+01,1.811490821838378906e+01,1.880561637878417969e+01,1.934368515014648438e+01,1.971609115600585938e+01,1.991147994995117188e+01,1.992062759399414062e+01,1.973687553405761719e+01,1.935649108886718750e+01,1.877897834777832031e+01,1.800728607177734375e+01,1.704792594909667969e+01,1.591098499298095703e+01,1.461003589630126953e+01,1.316193389892578125e+01,1.158651638031005859e+01,9.906210899353027344e+00,8.145553588867187500e+00,6.330651760101318359e+00,4.488585472106933594e+00,2.646785020828247070e+00,8.323984742164611816e-01,-9.283350110054016113e-01,-2.610677719116210938e+00,-4.191937446594238281e+00,-5.651945114135742188e+00,-6.973450183868408203e+00,-8.142421722412109375e+00,-9.148250579833984375e+00,-9.983843803405761719e+00,-1.064560985565185547e+01,-1.113334751129150391e+01,-1.145002937316894531e+01,-1.160150814056396484e+01,-1.159614372253417969e+01,-1.144437885284423828e+01,-1.115827465057373047e+01,-1.075102424621582031e+01,-1.023646545410156250e+01,-9.628619194030761719e+00,-8.941252708435058594e+00,-8.187500000000000000e+00,-7.379547595977783203e+00,-6.528392314910888672e+00,-5.643683433532714844e+00,-4.733648777008056641e+00,-3.805105924606323242e+00,-2.863554239273071289e+00,-1.913342714309692383e+00,-9.578971266746520996e-01,-2.353426198562738776e-15
0.000000000000000000e+00,7.741697430610656738e-01,1.553304553031921387e+00,2.341883182525634766e+00,3.143433809280395508e+00,3.960112333297729492e+00,4.792344093322753906e+00,5.638544559478759766e+00,6.494931697845458984e+00,7.355442047119140625e+00,8.211753845214843750e+00,9.053422927856445312e+00,9.868114471435546875e+00,1.064194774627685547e+01,1.135991191864013672e+01,1.200635814666748047e+01,1.256554985046386719e+01,1.302223014831542969e+01,1.336220645904541016e+01,1.357292175292968750e+01,1.364398193359375000e+01,1.356762790679931641e+01,1.333912944793701172e+01,1.295708656311035156e+01,1.242361259460449219e+01,1.174441719055175781e+01,1.092875194549560547e+01,9.989245414733886719e+00,8.941615104675292969e+00,7.804276466369628906e+00,6.597851753234863281e+00,5.344609737396240234e+00,4.067840576171875000e+00,2.791198015213012695e+00,1.538029909133911133e+00,3.307208418846130371e-01,-8.099316358566284180e-01,-1.865281701087951660e+00,-2.819323539733886719e+00,-3.659085273742675781e+00,-4.374914646148681641e+00,-4.960651397705078125e+00,-5.413671970367431641e+00,-5.734820842742919922e+00,-5.928219318389892578e+00,-6.000968456268310547e+00,-5.962757110595703125e+00,-5.825394153594970703e+00,-5.602275848388671875e+00,-5.307823657989501953e+00,-4.956902027130126953e+00,-4.564243793487548828e+00,-4.143913745880126953e+00,-3.708812713623046875e+00,-3.270262956619262695e+00,-2.837671756744384766e+00,-2.418296098709106445e+00,-2.017113208770751953e+00,-1.636798381805419922e+00,-1.277813076972961426e+00,-9.385940432548522949e-01,-6.158357262611389160e-01,-3.048519194126129150e-01,-7.461197712590279460e-16
0.000000000000000000e+00,1.030697114765644073e-02,3.459368273615837097e-02,8.619634062051773071e-02,1.771903634071350098e-01,3.178246021270751953e-01,5.160301923751831055e-01,7.770244479179382324e-01,1.103025555610656738e+00,1.493091225624084473e+00,1.943086385726928711e+00,2.445784330368041992e+00,2.991095066070556641e+00,3.566414833068847656e+00,4.157080650329589844e+00,4.746915817260742188e+00,5.318840026855468750e+00,5.855525016784667969e+00,6.340067386627197266e+00,6.756651401519775391e+00,7.091177463531494141e+00,7.331830024719238281e+00,7.469560146331787109e+00,7.498470783233642578e+00,7.416077136993408203e+00,7.223444461822509766e+00,6.925187110900878906e+00,6.529335975646972656e+00,6.047070980072021484e+00,5.492337226867675781e+00,4.881354808807373047e+00,4.232040882110595703e+00,3.563364744186401367e+00,2.894669771194458008e+00,2.244974374771118164e+00,1.632291674613952637e+00,1.072985172271728516e+00,5.811920166015625000e-01,1.683311164379119873e-01,-1.572826653718948364e-01,-3.907039463520050049e-01,-5.304921865463256836e-01,-5.787119865417480469e-01,-5.407991409301757812e-01,-4.252976179122924805e-01,-2.434790134429931641e-01,-8.859251625835895538e-03,2.633674144744873047e-01,5.569549202919006348e-01,8.552671670913696289e-01,1.141948819160461426e+00,1.401578426361083984e+00,1.620278239250183105e+00,1.786256313323974609e+00,1.890259981155395508e+00,1.925922513008117676e+00,1.889990210533142090e+00,1.782420277595520020e+00,1.606347441673278809e+00,1.367919325828552246e+00,1.076009750366210938e+00,7.418193817138671875e-01,3.783827126026153564e-01,9.354214705749970202e-16
0.000000000000000000e+00,-7.634429335594177246e-01,-1.503951072692871094e+00,-2.199384927749633789e+00,-2.829164266586303711e+00,-3.374974966049194336e+00,-3.821386814117431641e+00,-4.156363964080810547e+00,-4.371645450592041016e+00,-4.462984085083007812e+00,-4.430233955383300781e+00,-4.277282238006591797e+00,-4.011834144592285156e+00,-3.645054817199707031e+00,-3.191084623336791992e+00,-2.666449069976806641e+00,-2.089386224746704102e+00,-1.479117631912231445e+00,-8.550923466682434082e-01,-2.362352609634399414e-01,3.597724437713623047e-01,9.171512126922607422e-01,1.422594189643859863e+00,1.865729331970214844e+00,2.239453792572021484e+00,2.540130376815795898e+00,2.767636060714721680e+00,2.925264120101928711e+00,3.019483327865600586e+00,3.059565067291259766e+00,3.057094812393188477e+00,3.025388240814208984e+00,2.978835344314575195e+00,2.932201385498046875e+00,2.899913311004638672e+00,2.895361185073852539e+00,2.930241107940673828e+00,3.013972282409667969e+00,3.153207063674926758e+00,3.351458072662353516e+00,3.608857393264770508e+00,3.922056198120117188e+00,4.284275531768798828e+00,4.685499191284179688e+00,5.112808227539062500e+00,5.550842761993408203e+00,5.982371330261230469e+00,6.388947486877441406e+00,6.751627922058105469e+00,7.051724910736083984e+00,7.271558761596679688e+00,7.395185470581054688e+00,7.409069061279296875e+00,7.302670478820800781e+00,7.068929195404052734e+00,6.704619884490966797e+00,6.210567951202392578e+00,5.591712951660156250e+00,4.857022285461425781e+00,4.019248008728027344e+00,3.094546079635620117e+00,2.101964473724365234e+00,1.062821865081787109e+00,2.619886881901180645e-15
0.000000000000000000e+00,-1.516138315200805664e+00,-3.000762462615966797e+00,-4.423295497894287109e+00,-5.755001068115234375e+00,-6.969819545745849609e+00,-8.045107841491699219e+00,-8.962257385253906250e+00,-9.707163810729980469e+00,-1.027054023742675781e+01,-1.064805603027343750e+01,-1.084030723571777344e+01,-1.085261058807373047e+01,-1.069463825225830078e+01,-1.037991237640380859e+01,-9.925175666809082031e+00,-9.349655151367187500e+00,-8.674278259277343750e+00,-7.920828819274902344e+00,-7.111125946044921875e+00,-6.266211032867431641e+00,-5.405612945556640625e+00,-4.546692371368408203e+00,-3.704107999801635742e+00,-2.889413118362426758e+00,-2.110803604125976562e+00,-1.373019814491271973e+00,-6.774111390113830566e-01,-2.214938774704933167e-02,5.974121093750000000e-01,1.188255786895751953e+00,1.759113550186157227e+00,2.319803953170776367e+00,2.880520820617675781e+00,3.451108217239379883e+00,4.040348052978515625e+00,4.655298233032226562e+00,5.300705432891845703e+00,5.978523254394531250e+00,6.687551021575927734e+00,7.423221111297607422e+00,8.177535057067871094e+00,8.939157485961914062e+00,9.693673133850097656e+00,1.042398357391357422e+01,1.111084651947021484e+01,1.173352432250976562e+01,1.227052497863769531e+01,1.270040607452392578e+01,1.300260543823242188e+01,1.315827178955078125e+01,1.315106105804443359e+01,1.296786022186279297e+01,1.259942150115966797e+01,1.204086589813232422e+01,1.129204940795898438e+01,1.035776329040527344e+01,9.247763633728027344e+00,7.976635456085205078e+00,6.563474178314208984e+00,5.031415939331054688e+00,3.407017946243286133e+00,1.719518780708312988e+00,4.236060473613223118e-15
0.000000000000000000e+00,-2.218301773071289062e+00,-4.397185325622558594e+00,-6.498298168182373047e+00,-8.485383987426757812e+00,-1.032523727416992188e+01,-1.198855400085449219e+01,-1.345064544677734375e+01,-1.469199275970458984e+01,-1.569862651824951172e+01,-1.646231460571289062e+01,-1.698056602478027344e+01,-1.725643348693847656e+01,-1.729815101623535156e+01,-1.711860275268554688e+01,-1.673465728759765625e+01,-1.616638565063476562e+01,-1.543621730804443359e+01,-1.456802845001220703e+01,-1.358624744415283203e+01,-1.251496696472167969e+01,-1.137713527679443359e+01,-1.019382667541503906e+01,-8.983639717102050781e+00,-7.762236118316650391e+00,-6.542030811309814453e+00,-5.332054615020751953e+00,-4.137982368469238281e+00,-2.962323188781738281e+00,-1.804764389991760254e+00,-6.626459956169128418e-01,4.684521555900573730e-01,1.594043016433715820e+00,2.720013380050659180e+00,3.851889133453369141e+00,4.994115829467773438e+00,6.149391174316406250e+00,7.318079471588134766e+00,8.497734069824218750e+00,9.682755470275878906e+00,1.086420059204101562e+01,1.202975273132324219e+01,1.316386318206787109e+01,1.424805545806884766e+01,1.526138591766357422e+01,1.618105316162109375e+01,1.698311805725097656e+01,1.764331626892089844e+01,1.813794517517089844e+01,1.844476127624511719e+01,1.854388236999511719e+01,1.841864013671875000e+01,1.805635833740234375e+01,1.744901847839355469e+01,1.659378814697265625e+01,1.549338626861572266e+01,1.415627956390380859e+01,1.259667396545410156e+01,1.083433151245117188e+01,8.894186019897460938e+00,6.805792808532714844e+00,4.602607250213623047e+00,2.321140766143798828e+00,5.716696511786842350e-15
0.000000000000000000e+00,-2.843438148498535156e+00,-5.640496730804443359e+00,-8.345974922180175781e+00,-1.091699123382568359e+01,-1.331404304504394531e+01,-1.550195407867431641e+01,-1.745067024230957031e+01,-1.913589286804199219e+01,-2.053951454162597656e+01,-2.164984512329101562e+01,-2.246165466308593750e+01,-2.297597694396972656e+01,-2.319975280761718750e+01,-2.314527130126953125e+01,-2.282948684692382812e+01,-2.227318191528320312e+01,-2.150007247924804688e+01,-2.053585433959960938e+01,-1.940721893310546875e+01,-1.814092445373535156e+01,-1.676290512084960938e+01,-1.529748630523681641e+01,-1.376672267913818359e+01,-1.218987941741943359e+01,-1.058308219909667969e+01,-8.959137916564941406e+00,-7.327532768249511719e+00,-5.694601535797119141e+00,-4.063858509063720703e+00,-2.436463117599487305e+00,-8.118085861206054688e-01,8.118085861206054688e-01,2.436463117599487305e+00,4.063858509063720703e+00,5.694601535797119141e+00,7.327532768249511719e+00,8.959137916564941406e+00,1.058308219909667969e+01,1.218987941741943359e+01,1.376672267913818359e+01,1.529748630523681641e+01,1.676290512084960938e+01,1.814092445373535156e+01,1.940721893310546875e+01,2.053585433959960938e+01,2.150007247924804688e+01,2.227318191528320312e+01,2.282948684692382812e+01,2.314527130126953125e+01,2.319975280761718750e+01,2.297597694396972656e+01,2.246165466308593750e+01,2.164984512329101562e+01,2.053951454162597656e+01,1.913589286804199219e+01,1.745067024230957031e+01,1.550195407867431641e+01,1.331404304504394531e+01,1.091699123382568359e+01,8.345974922180175781e+00,5.640496730804443359e+00,2.843438148498535156e+00,7.002133807265708068e-15
0.000000000000000000e+00,-3.369363069534301758e+00,-6.686550617218017578e+00,-9.900662422180175781e+00,-1.296330070495605469e+01,-1.582972335815429688e+01,-1.845986557006835938e+01,-2.081921005249023438e+01,-2.287948417663574219e+01,-2.461913490295410156e+01,-2.602360534667968750e+01,-2.708538436889648438e+01,-2.780383110046386719e+01,-2.818481445312500000e+01,-2.824013710021972656e+01,-2.798681640625000000e+01,-2.744623374938964844e+01,-2.664318084716796875e+01,-2.560484886169433594e+01,-2.435981750488281250e+01,-2.293704795837402344e+01,-2.136494445800781250e+01,-1.967052268981933594e+01,-1.787868881225585938e+01,-1.601168060302734375e+01,-1.408868217468261719e+01,-1.212560558319091797e+01,-1.013507175445556641e+01,-8.126560211181640625e+00,-6.106724262237548828e+00,-4.079857826232910156e+00,-2.048480987548828125e+00,-1.401422172784805298e-02,2.022490262985229492e+00,4.059599399566650391e+00,6.094767570495605469e+00,8.123662948608398438e+00,1.013958072662353516e+01,1.213297843933105469e+01,1.409116172790527344e+01,1.599812793731689453e+01,1.783459663391113281e+01,1.957821655273437500e+01,2.120396041870117188e+01,2.268467903137207031e+01,2.399182319641113281e+01,2.509627914428710938e+01,2.596930313110351562e+01,2.658352851867675781e+01,2.691397857666015625e+01,2.693908500671386719e+01,2.664162635803222656e+01,2.600959205627441406e+01,2.503690338134765625e+01,2.372397422790527344e+01,2.207809066772460938e+01,2.011357688903808594e+01,1.785174560546875000e+01,1.532062911987304688e+01,1.255449771881103516e+01,9.593167304992675781e+00,6.481128692626953125e+00,3.266524076461791992e+00,8.043443501851675614e-15
0.000000000000000000e+00,-3.779265642166137695e+00,-7.501894950866699219e+00,-1.111259841918945312e+01,-1.455873870849609375e+01,-1.779154205322265625e+01,-2.076719284057617188e+01,-2.344775009155273438e+01,-2.580189514160156250e+01,-2.780544662475585938e+01,-2.944166183471679688e+01,-3.070130538940429688e+01,-3.158247756958007812e+01,-3.209024810791015625e+01,-3.223607635498046875e+01,-3.203706359863281250e+01,-3.151507759094238281e+01,-3.069575119018554688e+01,-2.960745620727539062e+01,-2.828022766113281250e+01,-2.674472045898437500e+01,-2.503123664855957031e+01,-2.316883468627929688e+01,-2.118458747863769531e+01,-1.910297775268554688e+01,-1.694548606872558594e+01,-1.473035049438476562e+01,-1.247252941131591797e+01,-1.018383216857910156e+01,-7.873239517211914062e+00,-5.547356605529785156e+00,-3.211007118225097656e+00,-8.679104447364807129e-01,1.478579878807067871e+00,3.824719190597534180e+00,6.165634155273437500e+00,8.494642257690429688e+00,1.080266475677490234e+01,1.307776546478271484e+01,1.530484008789062500e+01,1.746547508239746094e+01,1.953799247741699219e+01,2.149769210815429688e+01,2.331725883483886719e+01,2.496736907958984375e+01,2.641743850708007812e+01,2.763650512695312500e+01,2.859420776367187500e+01,2.926183509826660156e+01,2.961338424682617188e+01,2.962661361694335938e+01,2.928402709960937500e+01,2.857375144958496094e+01,2.749029731750488281e+01,2.603512001037597656e+01,2.421700859069824219e+01,2.205224418640136719e+01,1.956453704833984375e+01,1.678472709655761719e+01,1.375026607513427734e+01,1.050447845458984375e+01,7.095639705657958984e+00,3.575885057449340820e+00,8.804916804070871822e-15
0.000000000000000000e+00,-4.062448501586914062e+00,-8.065238952636718750e+00,-1.195011234283447266e+01,-1.566156196594238281e+01,-1.914809608459472656e+01,-2.236336898803710938e+01,-2.526714706420898438e+01,-2.782607650756835938e+01,-3.001423454284667969e+01,-3.181343841552734375e+01,-3.321332931518554688e+01,-3.421121215820312500e+01,-3.481167221069335938e+01,-3.502598571777343750e+01,-3.487137222290039062e+01,-3.437007141113281250e+01,-3.354833602905273438e+01,-3.243536376953125000e+01,-3.106220245361328125e+01,-2.946066093444824219e+01,-2.766231727600097656e+01,-2.569759178161621094e+01,-2.359497642517089844e+01,-2.138041305541992188e+01,-1.907685661315917969e+01,-1.670402145385742188e+01,-1.427833175659179688e+01,-1.181304359436035156e+01,-9.318568229675292969e+00,-6.802922248840332031e+00,-4.272327423095703125e+00,-1.731896042823791504e+00,8.136258125305175781e-01,3.359089612960815430e+00,5.898199558258056641e+00,8.422825813293457031e+00,1.092241382598876953e+01,1.338351917266845703e+01,1.578950119018554688e+01,1.812038993835449219e+01,2.035294151306152344e+01,2.246088981628417969e+01,2.441539001464843750e+01,2.618562889099121094e+01,2.773961257934570312e+01,2.904508018493652344e+01,3.007050895690917969e+01,3.078619384765625000e+01,3.116534614562988281e+01,3.118516731262207031e+01,3.082785987854003906e+01,3.008154296875000000e+01,2.894100189208984375e+01,2.740828895568847656e+01,2.549310302734375000e+01,2.321294212341308594e+01,2.059304237365722656e+01,1.766604804992675781e+01,1.447147846221923828e+01,1.105495071411132812e+01,7.467225551605224609e+00,3.763069629669189453e+00,9.265756937485835482e-15
0.000000000000000000e+00,-4.214700698852539062e+00,-8.368200302124023438e+00,-1.240072727203369141e+01,-1.625531578063964844e+01,-1.987910270690917969e+01,-2.322447586059570312e+01,-2.625006294250488281e+01,-2.892151641845703125e+01,-3.121207427978515625e+01,-3.310289001464843750e+01,-3.458310317993164062e+01,-3.564969253540039062e+01,-3.630707931518554688e+01,-3.656653976440429688e+01,-3.644542312622070312e+01,-3.596624755859375000e+01,-3.515563964843750000e+01,-3.404328536987304688e+01,-3.266076660156250000e+01,-3.104051208496093750e+01,-2.921472930908203125e+01,-2.721450042724609375e+01,-2.506898117065429688e+01,-2.280476379394531250e+01,-2.044543457031250000e+01,-1.801131439208984375e+01,-1.551939868927001953e+01,-1.298349094390869141e+01,-1.041451168060302734e+01,-7.820969104766845703e+00,-5.209556579589843750e+00,-2.585848569869995117e+00,4.494430497288703918e-02,2.677199840545654297e+00,5.304128646850585938e+00,7.917078018188476562e+00,1.050493526458740234e+01,1.305365943908691406e+01,1.554596900939941406e+01,1.796121406555175781e+01,2.027543258666992188e+01,2.246161079406738281e+01,2.449013328552246094e+01,2.632941436767578125e+01,2.794669532775878906e+01,2.930897521972656250e+01,3.038403892517089844e+01,3.114155387878417969e+01,3.155419158935546875e+01,3.159871673583984375e+01,3.125701904296875000e+01,3.051704216003417969e+01,2.937354660034179688e+01,2.782872390747070312e+01,2.589256858825683594e+01,2.358304786682128906e+01,2.092602539062500000e+01,1.795493125915527344e+01,1.471020698547363281e+01,1.123852062225341797e+01,7.591787338256835938e+00,3.826010704040527344e+00,9.420874081116515503e-15
0.000000000000000000e+00,-4.238290309906005859e+00,-8.415290832519531250e+00,-1.247114372253417969e+01,-1.634881401062011719e+01,-1.999538612365722656e+01,-2.336321258544921875e+01,-2.641091918945312500e+01,-2.910418128967285156e+01,-3.141628646850585938e+01,-3.332846832275390625e+01,-3.482997131347656250e+01,-3.591790008544921875e+01,-3.659682083129882812e+01,-3.687816619873046875e+01,-3.677944183349609375e+01,-3.632331848144531250e+01,-3.553657531738281250e+01,-3.444900512695312500e+01,-3.309229660034179688e+01,-3.149892997741699219e+01,-2.970113182067871094e+01,-2.772995567321777344e+01,-2.561447525024414062e+01,-2.338114929199218750e+01,-2.105337905883789062e+01,-1.865124702453613281e+01,-1.619146156311035156e+01,-1.368749427795410156e+01,-1.114990043640136719e+01,-8.586791992187500000e+00,-6.004444599151611328e+00,-3.408005714416503906e+00,-8.022576570510864258e-01,1.807594418525695801e+00,4.415157794952392578e+00,7.012146949768066406e+00,9.587777137756347656e+00,1.212828636169433594e+01,1.461662292480468750e+01,1.703230476379394531e+01,1.935147857666015625e+01,2.154717636108398438e+01,2.358976936340332031e+01,2.544759368896484375e+01,2.708776664733886719e+01,2.847710037231445312e+01,2.958316230773925781e+01,3.037536048889160156e+01,3.082607650756835938e+01,3.091177558898925781e+01,3.061402893066406250e+01,2.992046165466308594e+01,2.882552719116210938e+01,2.733110809326171875e+01,2.544692039489746094e+01,2.319067192077636719e+01,2.058798217773437500e+01,1.767207145690917969e+01,1.448319435119628906e+01,1.106785392761230469e+01,7.477821350097656250e+00,3.768972635269165039e+00,9.280751961751078360e-15
0.000000000000000000e+00,-4.141584396362304688e+00,-8.223153114318847656e+00,-1.218610858917236328e+01,-1.597464370727539062e+01,-1.953702354431152344e+01,-2.282673072814941406e+01,-2.580344009399414062e+01,-2.843379020690917969e+01,-3.069194984436035156e+01,-3.255991363525390625e+01,-3.402758407592773438e+01,-3.509260177612304688e+01,-3.575994491577148438e+01,-3.604133224487304688e+01,-3.595442962646484375e+01,-3.552193450927734375e+01,-3.477051925659179688e+01,-3.372975921630859375e+01,-3.243099594116210938e+01,-3.090624618530273438e+01,-2.918716239929199219e+01,-2.730412292480468750e+01,-2.528542709350585938e+01,-2.315667724609375000e+01,-2.094033241271972656e+01,-1.865546607971191406e+01,-1.631771659851074219e+01,-1.393944072723388672e+01,-1.153002929687500000e+01,-9.096402168273925781e+00,-6.643622398376464844e+00,-4.175614833831787109e+00,-1.695936918258666992e+00,7.914202809333801270e-01,3.281259775161743164e+00,5.766461849212646484e+00,8.237366676330566406e+00,1.068129158020019531e+01,1.308220195770263672e+01,1.542056274414062500e+01,1.767339515686035156e+01,1.981451606750488281e+01,2.181497955322265625e+01,2.364371681213378906e+01,2.526831054687500000e+01,2.665593528747558594e+01,2.777439117431640625e+01,2.859319305419921875e+01,2.908469963073730469e+01,2.922521209716796875e+01,2.899601173400878906e+01,2.838429832458496094e+01,2.738396072387695312e+01,2.599619865417480469e+01,2.422991561889648438e+01,2.210189247131347656e+01,1.963671302795410156e+01,1.686646842956542969e+01,1.383018684387207031e+01,1.057308292388916016e+01,7.145569801330566406e+00,3.602122306823730469e+00,8.870399227157207273e-15
0.000000000000000000e+00,-3.938317537307739258e+00,-7.819115161895751953e+00,-1.158625602722167969e+01,-1.518632316589355469e+01,-1.856986808776855469e+01,-2.169252204895019531e+01,-2.451594734191894531e+01,-2.700858688354492188e+01,-2.914619255065917969e+01,-3.091212654113769531e+01,-3.229741287231445312e+01,-3.330057144165039062e+01,-3.392720413208007812e+01,-3.418939590454101562e+01,-3.410494232177734375e+01,-3.369642639160156250e+01,-3.299017715454101562e+01,-3.201521301269531250e+01,-3.080210876464843750e+01,-2.938194274902343750e+01,-2.778525924682617188e+01,-2.604117965698242188e+01,-2.417662048339843750e+01,-2.221568489074707031e+01,-2.017924308776855469e+01,-1.808470153808593750e+01,-1.594596672058105469e+01,-1.377360820770263672e+01,-1.157519721984863281e+01,-9.355805397033691406e+00,-7.118628025054931641e+00,-4.865712165832519531e+00,-2.598739624023437500e+00,-3.198316097259521484e-01,1.967667698860168457e+00,4.258466243743896484e+00,6.544698715209960938e+00,8.815427780151367188e+00,1.105630874633789062e+01,1.324942779541015625e+01,1.537333774566650391e+01,1.740328979492187500e+01,1.931165504455566406e+01,2.106854248046875000e+01,2.264256477355957031e+01,2.400175094604492188e+01,2.511456680297851562e+01,2.595098686218261719e+01,2.648361396789550781e+01,2.668875503540039062e+01,2.654745292663574219e+01,2.604641342163085938e+01,2.517878532409667969e+01,2.394476509094238281e+01,2.235200500488281250e+01,2.041578674316406250e+01,1.815897750854492188e+01,1.561172294616699219e+01,1.281093406677246094e+01,9.799527168273925781e+00,6.625489234924316406e+00,3.340761899948120117e+00,8.227452939313199820e-15
0.000000000000000000e+00,-3.646567821502685547e+00,-7.239145755767822266e+00,-1.072507381439208984e+01,-1.405430603027343750e+01,-1.718060493469238281e+01,-2.006261444091796875e+01,-2.266476058959960938e+01,-2.495796775817871094e+01,-2.692016410827636719e+01,-2.853654670715332031e+01,-2.979962730407714844e+01,-3.070904731750488281e+01,-3.127117538452148438e+01,-3.149850273132324219e+01,-3.140888023376464844e+01,-3.102460861206054688e+01,-3.037144088745117188e+01,-2.947751045227050781e+01,-2.837226295471191406e+01,-2.708539962768554688e+01,-2.564590072631835938e+01,-2.408113288879394531e+01,-2.241612052917480469e+01,-2.067295455932617188e+01,-1.887039375305175781e+01,-1.702365493774414062e+01,-1.514440345764160156e+01,-1.324092388153076172e+01,-1.131847572326660156e+01,-9.379795074462890625e+00,-7.425735473632812500e+00,-5.455996513366699219e+00,-3.469911336898803711e+00,-1.467258453369140625e+00,5.509501695632934570e-01,2.581738471984863281e+00,4.619531631469726562e+00,6.655650615692138672e+00,8.677960395812988281e+00,1.067069625854492188e+01,1.261447906494140625e+01,1.448652362823486328e+01,1.626104736328125000e+01,1.790984153747558594e+01,1.940303421020507812e+01,2.070995712280273438e+01,2.180013656616210938e+01,2.264435195922851562e+01,2.321570968627929688e+01,2.349070930480957031e+01,2.345025253295898438e+01,2.308054924011230469e+01,2.237389183044433594e+01,2.132925224304199219e+01,1.995269966125488281e+01,1.825757789611816406e+01,1.626447677612304688e+01,1.400095367431640625e+01,1.150104618072509766e+01,8.804553985595703125e+00,5.956140518188476562e+00,3.004266738891601562e+00,7.399577336226949992e-15
0.000000000000000000e+00,-3.287501811981201172e+00,-6.525360107421875000e+00,-9.665190696716308594e+00,-1.266108608245849609e+01,-1.547074604034423828e+01,-1.805648612976074219e+01,-2.038609123229980469e+01,-2.243348503112792969e+01,-2.417918968200683594e+01,-2.561057662963867188e+01,-2.672188377380371094e+01,-2.751402664184570312e+01,-2.799419021606445312e+01,-2.817524147033691406e+01,-2.807497978210449219e+01,-2.771524810791015625e+01,-2.712096786499023438e+01,-2.631910705566406250e+01,-2.533763885498046875e+01,-2.420453834533691406e+01,-2.294682502746582031e+01,-2.158973503112792969e+01,-2.015600395202636719e+01,-1.866532516479492188e+01,-1.713397407531738281e+01,-1.557463169097900391e+01,-1.399637985229492188e+01,-1.240490436553955078e+01,-1.080285072326660156e+01,-9.190341949462890625e+00,-7.565614223480224609e+00,-5.925754070281982422e+00,-4.267484664916992188e+00,-2.587975263595581055e+00,-8.856300711631774902e-01,8.391792774200439453e-01,2.583475351333618164e+00,4.341161251068115234e+00,6.102659225463867188e+00,7.854719161987304688e+00,9.580413818359375000e+00,1.125932502746582031e+01,1.286791610717773438e+01,1.438007926940917969e+01,1.576784992218017578e+01,1.700224876403808594e+01,1.805422210693359375e+01,1.889566612243652344e+01,1.950046157836914062e+01,1.984551048278808594e+01,1.991170501708984375e+01,1.968482208251953125e+01,1.915627098083496094e+01,1.832368469238281250e+01,1.719133949279785156e+01,1.577033710479736328e+01,1.407859897613525391e+01,1.214061641693115234e+01,9.986992835998535156e+00,7.653781890869140625e+00,5.181635856628417969e+00,2.614803552627563477e+00,6.441299316845006118e-15
0.000000000000000000e+00,-2.883972167968750000e+00,-5.723226547241210938e+00,-8.474221229553222656e+00,-1.109572792053222656e+01,-1.354988193511962891e+01,-1.580312824249267578e+01,-1.782700347900390625e+01,-1.959875869750976562e+01,-2.110177040100097656e+01,-2.232576942443847656e+01,-2.326683235168457031e+01,-2.392718124389648438e+01,-2.431479072570800781e+01,-2.444280815124511719e+01,-2.432882499694824219e+01,-2.399402999877929688e+01,-2.346227645874023438e+01,-2.275909805297851562e+01,-2.191071319580078125e+01,-2.094307327270507812e+01,-1.988095283508300781e+01,-1.874716949462890625e+01,-1.756191444396972656e+01,-1.634224510192871094e+01,-1.510174274444580078e+01,-1.385036754608154297e+01,-1.259447288513183594e+01,-1.133702278137207031e+01,-1.007795524597167969e+01,-8.814705848693847656e+00,-7.542840957641601562e+00,-6.256787776947021484e+00,-4.950614929199218750e+00,-3.618834733963012695e+00,-2.257184505462646484e+00,-8.633533716201782227e-01,5.623795986175537109e-01,2.016630172729492188e+00,3.492537975311279297e+00,4.979560852050781250e+00,6.463449954986572266e+00,7.926406860351562500e+00,9.347422599792480469e+00,1.070278739929199219e+01,1.196675968170166016e+01,1.311235809326171875e+01,1.411226177215576172e+01,1.493977546691894531e+01,1.556981945037841797e+01,1.597992324829101562e+01,1.615115547180175781e+01,1.606898307800292969e+01,1.572399044036865234e+01,1.511247539520263672e+01,1.423683547973632812e+01,1.310578536987304688e+01,1.173435211181640625e+01,1.014366340637207031e+01,8.360534667968750000e+00,6.416853904724121094e+00,4.348799705505371094e+00,2.195903539657592773e+00,5.410505536299200710e-15
0.000000000000000000e+00,-2.459053754806518555e+00,-4.878655910491943359e+00,-7.220436573028564453e+00,-9.448154449462890625e+00,-1.152866363525390625e+01,-1.343277263641357422e+01,-1.513596916198730469e+01,-1.661897277832031250e+01,-1.786811065673828125e+01,-1.887550544738769531e+01,-1.963904953002929688e+01,-2.016221046447753906e+01,-2.045362854003906250e+01,-2.052657508850097656e+01,-2.039824104309082031e+01,-2.008894348144531250e+01,-1.962123680114746094e+01,-1.901897811889648438e+01,-1.830640220642089844e+01,-1.750721359252929688e+01,-1.664374351501464844e+01,-1.573622798919677734e+01,-1.480217361450195312e+01,-1.385590934753417969e+01,-1.290827560424804688e+01,-1.196649932861328125e+01,-1.103424453735351562e+01,-1.011182308197021484e+01,-9.196578979492187500e+00,-8.283394813537597656e+00,-7.365324020385742188e+00,-6.434305191040039062e+00,-5.481926441192626953e+00,-4.500211238861083984e+00,-3.482383489608764648e+00,-2.423582315444946289e+00,-1.321488022804260254e+00,-1.768372654914855957e-01,1.006203174591064453e+00,2.219820499420166016e+00,3.452508687973022461e+00,4.689199447631835938e+00,5.911562442779541016e+00,7.098476409912109375e+00,8.226639747619628906e+00,9.271317481994628906e+00,1.020717525482177734e+01,1.100919055938720703e+01,1.165358638763427734e+01,1.211876201629638672e+01,1.238618564605712891e+01,1.244120025634765625e+01,1.227372550964355469e+01,1.187881565093994141e+01,1.125705051422119141e+01,1.041475105285644531e+01,9.363996505737304688e+00,8.122444152832031250e+00,6.712961196899414062e+00,5.163069248199462891e+00,3.504229068756103516e+00,1.770985126495361328e+00,4.364807787529982261e-15
0.000000000000000000e+00,-2.034614801406860352e+00,-4.035156250000000000e+00,-5.968532562255859375e+00,-7.803578376770019531e+00,-9.511930465698242188e+00,-1.106880569458007812e+01,-1.245364379882812500e+01,-1.365060615539550781e+01,-1.464890098571777344e+01,-1.544293689727783203e+01,-1.603229141235351562e+01,-1.642149734497070312e+01,-1.661967086791992188e+01,-1.663998413085937500e+01,-1.649901008605957031e+01,-1.621595764160156250e+01,-1.581185913085937500e+01,-1.530869102478027344e+01,-1.472851467132568359e+01,-1.409263896942138672e+01,-1.342084789276123047e+01,-1.273072242736816406e+01,-1.203708267211914062e+01,-1.135156726837158203e+01,-1.068237495422363281e+01,-1.003415775299072266e+01,-9.408090591430664062e+00,-8.802095413208007812e+00,-8.211211204528808594e+00,-7.628101348876953125e+00,-7.043660640716552734e+00,-6.447707653045654297e+00,-5.829725265502929688e+00,-5.179615020751953125e+00,-4.488439559936523438e+00,-3.749110221862792969e+00,-2.956998348236083984e+00,-2.110438108444213867e+00,-1.211097478866577148e+00,-2.642019689083099365e-01,7.214017510414123535e-01,1.733347892761230469e+00,2.756016492843627930e+00,3.770954370498657227e+00,4.757434844970703125e+00,5.693140029907226562e+00,6.554932117462158203e+00,7.319695472717285156e+00,7.965204238891601562e+00,8.470990180969238281e+00,8.819175720214843750e+00,8.995229721069335938e+00,8.988630294799804688e+00,8.793395996093750000e+00,8.408459663391113281e+00,7.837889671325683594e+00,7.090919017791748047e+00,6.181800842285156250e+00,5.129484653472900391e+00,3.957123279571533203e+00,2.691432237625122070e+00,1.361916422843933105e+00,3.358002615325129080e-15
0.000000000000000000e+00,-1.630007266998291016e+00,-3.231229305267333984e+00,-4.775755405426025391e+00,-6.237390518188476562e+00,-7.592434406280517578e+00,-8.820368766784667969e+00,-9.904425621032714844e+00,-1.083202457427978516e+01,-1.159504985809326172e+01,-1.218997287750244141e+01,-1.261780452728271484e+01,-1.288389396667480469e+01,-1.299756717681884766e+01,-1.297163963317871094e+01,-1.282180118560791016e+01,-1.256592655181884766e+01,-1.222330474853515625e+01,-1.181385612487792969e+01,-1.135733413696289062e+01,-1.087256622314453125e+01,-1.037675285339355469e+01,-9.884859085083007812e+00,-9.409109115600585938e+00,-8.958620071411132812e+00,-8.539173126220703125e+00,-8.153142929077148438e+00,-7.799571037292480469e+00,-7.474395275115966797e+00,-7.170811653137207031e+00,-6.879755496978759766e+00,-6.590487003326416016e+00,-6.291244983673095703e+00,-5.969950675964355469e+00,-5.614922046661376953e+00,-5.215578556060791016e+00,-4.763094425201416016e+00,-4.250980854034423828e+00,-3.675569772720336914e+00,-3.036374807357788086e+00,-2.336315393447875977e+00,-1.581794977188110352e+00,-7.826226949691772461e-01,4.821230843663215637e-02,8.949139118194580078e-01,1.739380836486816406e+00,2.561820983886718750e+00,3.341453790664672852e+00,4.057274341583251953e+00,4.688847064971923828e+00,5.217102050781250000e+00,5.625099182128906250e+00,5.898727416992187500e+00,6.027317047119140625e+00,6.004137992858886719e+00,5.826755523681640625e+00,5.497243881225585938e+00,5.022230625152587891e+00,4.412783622741699219e+00,3.684131622314453125e+00,2.855236053466796875e+00,1.948224306106567383e+00,9.877062439918518066e-01,2.436856826284919224e-15
0.000000000000000000e+00,-1.260961055755615234e+00,-2.498167037963867188e+00,-3.688627243041992188e+00,-4.810849189758300781e+00,-5.845519065856933594e+00,-6.776097774505615234e+00,-7.589314460754394531e+00,-8.275536537170410156e+00,-8.829009056091308594e+00,-9.247940063476562500e+00,-9.534455299377441406e+00,-9.694392204284667969e+00,-9.736976623535156250e+00,-9.674369812011718750e+00,-9.521111488342285156e+00,-9.293495178222656250e+00,-9.008875846862792969e+00,-8.684964179992675781e+00,-8.339111328125000000e+00,-7.987634181976318359e+00,-7.645188331604003906e+00,-7.324228763580322266e+00,-7.034570217132568359e+00,-6.783065319061279297e+00,-6.573415756225585938e+00,-6.406119823455810547e+00,-6.278558254241943359e+00,-6.185215473175048828e+00,-6.118021965026855469e+00,-6.066810131072998047e+00,-6.019854545593261719e+00,-5.964485168457031250e+00,-5.887734889984130859e+00,-5.777007102966308594e+00,-5.620724678039550781e+00,-5.408941745758056641e+00,-5.133882999420166016e+00,-4.790399551391601562e+00,-4.376310348510742188e+00,-3.892621994018554688e+00,-3.343612909317016602e+00,-2.736781358718872070e+00,-2.082651853561401367e+00,-1.394454836845397949e+00,-6.876832842826843262e-01,2.044952102005481720e-02,7.116360664367675781e-01,1.367156147956848145e+00,1.968589425086975098e+00,2.498529911041259766e+00,2.941273927688598633e+00,3.283455371856689453e+00,3.514600276947021484e+00,3.627582073211669922e+00,3.618954896926879883e+00,3.489154338836669922e+00,3.242553234100341797e+00,2.887375116348266602e+00,2.435460090637207031e+00,1.901898622512817383e+00,1.304541230201721191e+00,6.634052395820617676e-01,1.638400371522705755e-15
0.000000000000000000e+00,-9.387459158897399902e-01,-1.858385562896728516e+00,-2.740464687347412109e+00,-3.567809104919433594e+00,-4.325101852416992188e+00,-4.999391555786132812e+00,-5.580508708953857422e+00,-6.061374664306640625e+00,-6.438197612762451172e+00,-6.710537910461425781e+00,-6.881251335144042969e+00,-6.956305027008056641e+00,-6.944480419158935547e+00,-6.856969833374023438e+00,-6.706888198852539062e+00,-6.508713722229003906e+00,-6.277686119079589844e+00,-6.029182434082031250e+00,-5.778096675872802734e+00,-5.538245677947998047e+00,-5.321829319000244141e+00,-5.138961791992187500e+00,-4.997293949127197266e+00,-4.901742935180664062e+00,-4.854333400726318359e+00,-4.854168415069580078e+00,-4.897513866424560547e+00,-4.978008747100830078e+00,-5.086980342864990234e+00,-5.213858127593994141e+00,-5.346665382385253906e+00,-5.472571849822998047e+00,-5.578480720520019531e+00,-5.651628494262695312e+00,-5.680172443389892578e+00,-5.653741836547851562e+00,-5.563929557800292969e+00,-5.404706001281738281e+00,-5.172732353210449219e+00,-4.867569923400878906e+00,-4.491765975952148438e+00,-4.050818443298339844e+00,-3.553019762039184570e+00,-3.009184360504150391e+00,-2.432267665863037109e+00,-1.836896777153015137e+00,-1.238827705383300781e+00,-6.543499827384948730e-01,-9.966386854648590088e-02,4.097461402416229248e-01,8.597168326377868652e-01,1.237966179847717285e+00,1.534586071968078613e+00,1.742447018623352051e+00,1.857499837875366211e+00,1.878960967063903809e+00,1.809374094009399414e+00,1.654545068740844727e+00,1.423352360725402832e+00,1.127439737319946289e+00,7.808024287223815918e-01,3.992837965488433838e-01,9.879054319318863846e-16
0.000000000000000000e+00,-6.696525812149047852e-01,-1.324391841888427734e+00,-1.949844837188720703e+00,-2.532699108123779297e+00,-3.061180830001831055e+00,-3.525472879409790039e+00,-3.918056488037109375e+00,-4.233964920043945312e+00,-4.470934391021728516e+00,-4.629456043243408203e+00,-4.712713241577148438e+00,-4.726421833038330078e+00,-4.678569793701171875e+00,-4.579069137573242188e+00,-4.439338207244873047e+00,-4.271822452545166016e+00,-4.089483737945556641e+00,-3.905268430709838867e+00,-3.731581926345825195e+00,-3.579788208007812500e+00,-3.459753513336181641e+00,-3.379453420639038086e+00,-3.344659090042114258e+00,-3.358712673187255859e+00,-3.422405242919921875e+00,-3.533955574035644531e+00,-3.689096450805664062e+00,-3.881261348724365234e+00,-4.101864814758300781e+00,-4.340665817260742188e+00,-4.586198329925537109e+00,-4.826251983642578125e+00,-5.048383712768554688e+00,-5.240441322326660156e+00,-5.391075134277343750e+00,-5.490217208862304688e+00,-5.529514312744140625e+00,-5.502687931060791016e+00,-5.405814647674560547e+00,-5.237512111663818359e+00,-4.999024868011474609e+00,-4.694201946258544922e+00,-4.329372406005859375e+00,-3.913120508193969727e+00,-3.455969810485839844e+00,-2.969988822937011719e+00,-2.468333721160888672e+00,-1.964744448661804199e+00,-1.473018407821655273e+00,-1.006476640701293945e+00,-5.774490833282470703e-01,-1.967960000038146973e-01,1.265144646167755127e-01,3.857556283473968506e-01,5.767047405242919922e-01,6.978080272674560547e-01,7.502418160438537598e-01,7.378669977188110352e-01,6.670784950256347656e-01,5.465556383132934570e-01,3.869229853153228760e-01,2.003348022699356079e-01,4.976628790935946380e-16
0.000000000000000000e+00,-4.548210501670837402e-01,-8.984426856040954590e-01,-1.320095539093017578e+00,-1.709853053092956543e+00,-2.059011220932006836e+00,-2.360419750213623047e+00,-2.608751535415649414e+00,-2.800699234008789062e+00,-2.935093641281127930e+00,-3.012935161590576172e+00,-3.037340879440307617e+00,-3.013407230377197266e+00,-2.947993278503417969e+00,-2.849436759948730469e+00,-2.727209329605102539e+00,-2.591526985168457031e+00,-2.452933788299560547e+00,-2.321869134902954102e+00,-2.208242416381835938e+00,-2.121027469635009766e+00,-2.067894697189331055e+00,-2.054896116256713867e+00,-2.086212635040283203e+00,-2.163979768753051758e+00,-2.288190364837646484e+00,-2.456687688827514648e+00,-2.665239810943603516e+00,-2.907699823379516602e+00,-3.176242113113403320e+00,-3.461664676666259766e+00,-3.753748655319213867e+00,-4.041656970977783203e+00,-4.314360141754150391e+00,-4.561069488525390625e+00,-4.771662712097167969e+00,-4.937081336975097656e+00,-5.049691677093505859e+00,-5.103584766387939453e+00,-5.094814777374267578e+00,-5.021553993225097656e+00,-4.884171962738037109e+00,-4.685223102569580078e+00,-4.429351329803466797e+00,-4.123111248016357422e+00,-3.774719238281250000e+00,-3.393731832504272461e+00,-2.990680217742919922e+00,-2.576661586761474609e+00,-2.162910938262939453e+00,-1.760370254516601562e+00,-1.379266381263732910e+00,-1.028721570968627930e+00,-7.164075374603271484e-01,-4.482575953006744385e-01,-2.282488942146301270e-01,-5.826310813426971436e-02,6.196938827633857727e-02,1.348392516374588013e-01,1.647432595491409302e-01,1.578893959522247314e-01,1.220296621322631836e-01,6.613136827945709229e-02,1.666323977299246240e-16
0.000000000000000000e+00,-2.904229760169982910e-01,-5.729077458381652832e-01,-8.398367762565612793e-01,-1.084221005439758301e+00,-1.299982547760009766e+00,-1.482200503349304199e+00,-1.627310156822204590e+00,-1.733248591423034668e+00,-1.799538493156433105e+00,-1.827308773994445801e+00,-1.819250583648681641e+00,-1.779509425163269043e+00,-1.713518857955932617e+00,-1.627781510353088379e+00,-1.529606342315673828e+00,-1.426812291145324707e+00,-1.327410101890563965e+00,-1.239275813102722168e+00,-1.169826865196228027e+00,-1.125716209411621094e+00,-1.112554311752319336e+00,-1.134672164916992188e+00,-1.194932579994201660e+00,-1.294600367546081543e+00,-1.433272719383239746e+00,-1.608876943588256836e+00,-1.817732214927673340e+00,-2.054675340652465820e+00,-2.313244819641113281e+00,-2.585915803909301758e+00,-2.864378452301025391e+00,-3.139845132827758789e+00,-3.403380393981933594e+00,-3.646233558654785156e+00,-3.860169172286987305e+00,-4.037773132324218750e+00,-4.172731399536132812e+00,-4.260064601898193359e+00,-4.296311378479003906e+00,-4.279654026031494141e+00,-4.209978580474853516e+00,-4.088872432708740234e+00,-3.919555425643920898e+00,-3.706746101379394531e+00,-3.456474781036376953e+00,-3.175843477249145508e+00,-2.872748851776123047e+00,-2.555572509765625000e+00,-2.232858896255493164e+00,-1.912985086441040039e+00,-1.603841781616210938e+00,-1.312536358833312988e+00,-1.045127868652343750e+00,-8.064064979553222656e-01,-5.997259020805358887e-01,-4.268937408924102783e-01,-2.881257832050323486e-01,-1.820646673440933228e-01,-1.058626100420951843e-01,-5.532455071806907654e-02,-2.510574460029602051e-02,-8.955917321145534515e-03,-1.902352123419045685e-17
0.000000000000000000e+00,-1.681822836399078369e-01,-3.313049674034118652e-01,-4.845212399959564209e-01,-6.234012842178344727e-01,-7.441195845603942871e-01,-8.436174392700195312e-01,-9.197350144386291504e-01,-9.713057875633239746e-01,-9.982115626335144043e-01,-1.001394033432006836e+00,-9.828230142593383789e-01,-9.454231262207031250e-01,-8.929597139358520508e-01,-8.298912048339843750e-01,-7.611910104751586914e-01,-6.921482086181640625e-01,-6.281530261039733887e-01,-5.744772553443908691e-01,-5.360570549964904785e-01,-5.172873139381408691e-01,-5.218360424041748047e-01,-5.524855256080627441e-01,-6.110073924064636230e-01,-6.980761289596557617e-01,-8.132247924804687500e-01,-9.548446536064147949e-01,-1.120229363441467285e+00,-1.305661916732788086e+00,-1.506540060043334961e+00,-1.717537760734558105e+00,-1.932794094085693359e+00,-2.146123409271240234e+00,-2.351238965988159180e+00,-2.541980266571044922e+00,-2.712536573410034180e+00,-2.857657432556152344e+00,-2.972841024398803711e+00,-3.054494857788085938e+00,-3.100061655044555664e+00,-3.108105659484863281e+00,-3.078356742858886719e+00,-3.011708498001098633e+00,-2.910174369812011719e+00,-2.776800870895385742e+00,-2.615540266036987305e+00,-2.431093454360961914e+00,-2.228721618652343750e+00,-2.014039993286132812e+00,-1.792801618576049805e+00,-1.570674419403076172e+00,-1.353027343750000000e+00,-1.144729495048522949e+00,-9.499710798263549805e-01,-7.721146941184997559e-01,-6.135802865028381348e-01,-4.757706820964813232e-01,-3.590383827686309814e-01,-2.626964449882507324e-01,-1.850717663764953613e-01,-1.235988810658454895e-01,-7.495033740997314453e-02,-3.519818186759948730e-02,-8.455994101655214400e-17
0.000000000000000000e+00,-7.619618624448776245e-02,-1.499349623918533325e-01,-2.188649773597717285e-01,-2.808427810668945312e-01,-3.340259790420532227e-01,-3.769542872905731201e-01,-4.086149036884307861e-01,-4.284893870353698730e-01,-4.365805983543395996e-01,-4.334178864955902100e-01,-4.200405478477478027e-01,-3.979604244232177734e-01,-3.691042959690093994e-01,-3.357391953468322754e-01,-3.003827631473541260e-01,-2.657028138637542725e-01,-2.344095557928085327e-01,-2.091450244188308716e-01,-1.923741996288299561e-01,-1.862817555665969849e-01,-1.926790028810501099e-01,-2.129244357347488403e-01,-2.478612959384918213e-01,-2.977745532989501953e-01,-3.623692691326141357e-01,-4.407710134983062744e-01,-5.315486192703247070e-01,-6.327584981918334961e-01,-7.420088648796081543e-01,-8.565411567687988281e-01,-9.733258485794067383e-01,-1.089169263839721680e+00,-1.200826287269592285e+00,-1.305115938186645508e+00,-1.399034261703491211e+00,-1.479860663414001465e+00,-1.545254111289978027e+00,-1.593334078788757324e+00,-1.622744917869567871e+00,-1.632699608802795410e+00,-1.623002529144287109e+00,-1.594049572944641113e+00,-1.546806335449218750e+00,-1.482764601707458496e+00,-1.403880000114440918e+00,-1.312491297721862793e+00,-1.211228132247924805e+00,-1.102906346321105957e+00,-9.904193282127380371e-01,-8.766265511512756348e-01,-7.642456889152526855e-01,-6.557514071464538574e-01,-5.532853007316589355e-01,-4.585807323455810547e-01,-3.729045689105987549e-01,-2.970193028450012207e-01,-2.311658263206481934e-01,-1.750681847333908081e-01,-1.279597282409667969e-01,-8.862953633069992065e-02,-5.548709258437156677e-02,-2.664267644286155701e-02,-6.452047159094038324e-17
0.000000000000000000e+00,-1.805532651040408425e-16,-3.551318244959458673e-16,-5.180213159808517466e-16,-6.640171323794646311e-16,-7.886533718867250273e-16,-8.884012952443715201e-16,-9.608293884981922335e-16,-1.004718612418410619e-15,-1.020127518157505631e-15,-1.008404476288387707e-15,-9.721472309811673811e-16,-9.151096204998388980e-16,-8.420602815187663587e-16,-7.585979430006230782e-16,-6.709311446905462644e-16,-5.856307976164203555e-16,-5.093651157159456277e-16,-4.486276653210103608e-16,-4.094692527601052510e-16,-3.972443968092983580e-16,-4.163823915684600283e-16,-4.701922771251575931e-16,-5.607094471818635344e-16,-6.885903522726999348e-16,-8.530595337344554826e-16,-1.051911158953802369e-15,-1.281565719635203125e-15,-1.537179828446698458e-15,-1.812803820087655754e-15,-2.101584033344485250e-15,-2.395998286249976725e-15,-2.688119409209013995e-15,-2.969893812959103173e-15,-3.233425456365939671e-15,-3.471255367296002120e-15,-3.676623587555490763e-15,-3.843705495082611404e-15,-3.967813186030785116e-15,-4.045552599380363920e-15,-4.074934478254721090e-15,-4.055427309479454553e-15,-3.987961558747123159e-15,-3.874874189959201520e-15,-3.719802362591199604e-15,-3.527531389278630580e-15,-3.303795894832642875e-15,-3.055052176135445580e-15,-2.788222186432000836e-15,-2.510426084676928293e-15,-2.228706738068410645e-15,-1.949766294801597542e-15,-1.679714932920626288e-15,-1.423851055268809344e-15,-1.186474306965527945e-15,-9.707435915084485986e-16,-7.785818854460753793e-16,-6.106346278842160642e-16,-4.662803613373820138e-16,-3.436943915487302532e-16,-2.399627134214691758e-16,-1.512401944217582834e-16,-7.294788031585923514e-17,-1.769400411335129555e-31
