0.000000000000000000e+00,0.000000000000000000e+00,0.000000000000000000e+00,0.000000000000000000e+00,0.000000000000000000e+00,0.000000000000000000e+00,0.000000000000000000e+00,0.000000000000000000e+00,0.000000000000000000e+00,0.000000000000000000e+00,0.000000000000000000e+00,0.000000000000000000e+00,0.000000000000000000e+00,0.000000000000000000e+00,0.000000000000000000e+00,0.000000000000000000e+00,0.000000000000000000e+00,0.000000000000000000e+00,0.000000000000000000e+00,0.000000000000000000e+00,0.000000000000000000e+00,0.000000000000000000e+00,0.000000000000000000e+00,0.000000000000000000e+00,0.000000000000000000e+00,0.000000000000000000e+00,0.000000000000000000e+00,0.000000000000000000e+00,0.000000000000000000e+00,0.000000000000000000e+00,0.000000000000000000e+00,0.000000000000000000e+00,0.000000000000000000e+00,0.000000000000000000e+00,0.000000000000000000e+00,0.000000000000000000e+00,0.000000000000000000e+00,0.000000000000000000e+00,0.000000000000000000e+00,0.000000000000000000e+00,0.000000000000000000e+00,0.000000000000000000e+00,0.000000000000000000e+00,0.000000000000000000e+00,0.000000000000000000e+00,0.000000000000000000e+00,0.000000000000000000e+00,0.000000000000000000e+00,0.000000000000000000e+00,0.000000000000000000e+00,0.000000000000000000e+00,0.000000000000000000e+00,0.000000000000000000e+00,0.000000000000000000e+00,0.000000000000000000e+00,0.000000000000000000e+00,0.000000000000000000e+00,0.000000000000000000e+00,0.000000000000000000e+00,0.000000000000000000e+00,0.000000000000000000e+00,0.000000000000000000e+00,0.000000000000000000e+00,0.000000000000000000e+00
0.000000000000000000e+00,-1.319463015533983707e-03,-2.618830185383558273e-03,-3.878430929034948349e-03,-5.079435650259256363e-03,-6.204243283718824387e-03,-7.236839737743139267e-03,-8.163106627762317657e-03,-8.971081115305423737e-03,-9.651156142354011536e-03,-1.019621454179286957e-02,-1.060170121490955353e-02,-1.086562406271696091e-02,-1.098849531263113022e-02,-1.097320858389139175e-02,-1.082486286759376526e-02,-1.055053528398275375e-02,-1.015902124345302582e-02,-9.660536423325538635e-03,-9.066406637430191040e-03,-8.388747461140155792e-03,-7.640143390744924545e-03,-6.833339110016822815e-03,-5.980955902487039566e-03,-5.095233209431171417e-03,-4.187806043773889542e-03,-3.269525477662682533e-03,-2.350322669371962547e-03,-1.439116080291569233e-03,-5.437677609734237194e-04,3.289197047706693411e-04,1.173165393993258476e-03,1.984138041734695435e-03,2.757854759693145752e-03,3.491059876978397369e-03,4.181088414043188095e-03,4.825723823159933090e-03,5.423059221357107162e-03,5.971365608274936676e-03,6.468976847827434540e-03,6.914197001606225967e-03,7.305230014026165009e-03,7.640143390744924545e-03,7.916856557130813599e-03,8.133165538311004639e-03,8.286791853606700897e-03,8.375461213290691376e-03,8.397001773118972778e-03,8.349461480975151062e-03,8.231236599385738373e-03,8.041203022003173828e-03,7.778849452733993530e-03,7.444398012012243271e-03,7.038911338895559311e-03,6.564381998032331467e-03,6.023789290338754654e-03,5.421134643256664276e-03,4.761438816785812378e-03,4.050709772855043411e-03,3.295875852927565575e-03,2.504687057808041573e-03,1.685589086264371872e-03,8.475719369016587734e-04,2.085434614014336842e-18
0.000000000000000000e+00,-2.570336917415261269e-03,-5.102733615785837173e-03,-7.560019381344318390e-03,-9.906540624797344208e-03,-1.210886891931295395e-02,-1.413644663989543915e-02,-1.596215739846229553e-02,-1.756280288100242615e-02,-1.891948282718658447e-02,-2.001784741878509521e-02,-2.084825560450553894e-02,-2.140580303966999054e-02,-2.169023081660270691e-02,-2.170574665069580078e-02,-2.146071754395961761e-02,-2.096730843186378479e-02,-2.024101838469505310e-02,-1.930017769336700439e-02,-1.816541142761707306e-02,-1.685906015336513519e-02,-1.540461927652359009e-02,-1.382618770003318787e-02,-1.214794069528579712e-02,-1.039365306496620178e-02,-8.586280979216098785e-03,-6.747605279088020325e-03,-4.897951614111661911e-03,-3.055983223021030426e-03,-1.238572876900434494e-03,5.392514867708086967e-04,2.264293143525719643e-03,3.925110679119825363e-03,5.511891562491655350e-03,7.016282062977552414e-03,8.431194350123405457e-03,9.750591591000556946e-03,1.096927374601364136e-02,1.208267267793416977e-02,1.308666542172431946e-02,1.397741492837667465e-02,1.475125737488269806e-02,1.540461927652359009e-02,1.593399047851562500e-02,1.633593626320362091e-02,1.660716719925403595e-02,1.674462482333183289e-02,1.674563996493816376e-02,1.660807803273200989e-02,1.633053459227085114e-02,1.591252163052558899e-02,1.535465940833091736e-02,1.465885154902935028e-02,1.382844243198633194e-02,1.286833919584751129e-02,1.178509462624788284e-02,1.058694534003734589e-02,9.283806197345256805e-03,7.887200452387332916e-03,6.410148460417985916e-03,4.867007490247488022e-03,3.273259382694959641e-03,1.645267475396394730e-03,4.047623866251641602e-18
0.000000000000000000e+00,-3.688947763293981552e-03,-7.326429709792137146e-03,-1.086193416267633438e-02,-1.424683537334203720e-02,-1.743527688086032867e-02,-2.038498222827911377e-02,-2.305799163877964020e-02,-2.542127482593059540e-02,-2.744723856449127197e-02,-2.911410108208656311e-02,-3.040612488985061646e-02,-3.131373226642608643e-02,-3.183345869183540344e-02,-3.196779265999794006e-02,-3.172488883137702942e-02,-3.111818246543407440e-02,-3.016587905585765839e-02,-2.889041416347026825e-02,-2.731781266629695892e-02,-2.547702752053737640e-02,-2.339926548302173615e-02,-2.111729793250560760e-02,-1.866480335593223572e-02,-1.607573591172695160e-02,-1.338375639170408249e-02,-1.062170974910259247e-02,-7.821184583008289337e-03,-5.012152716517448425e-03,-2.222678158432245255e-03,5.212824908085167408e-04,3.196006407961249352e-03,5.780057050287723541e-03,8.254270069301128387e-03,1.060168910771608353e-02,1.280744932591915131e-02,1.485863234847784042e-02,1.674410328269004822e-02,1.845433190464973450e-02,1.998122595250606537e-02,2.131796255707740784e-02,2.245886251330375671e-02,2.339926548302173615e-02,2.413546480238437653e-02,2.466465346515178680e-02,2.498492598533630371e-02,2.509530447423458099e-02,2.499578893184661865e-02,2.468744292855262756e-02,2.417249605059623718e-02,2.345444820821285248e-02,2.253817953169345856e-02,2.143006213009357452e-02,2.013803645968437195e-02,1.867168582975864410e-02,1.704226434230804443e-02,1.526269596070051193e-02,1.334753539413213730e-02,1.131288241595029831e-02,9.176260791718959808e-03,6.956445518881082535e-03,4.673269577324390411e-03,2.347383648157119751e-03,5.773640439100715527e-18
0.000000000000000000e+00,-4.621041473001241684e-03,-9.183121845126152039e-03,-1.362819969654083252e-02,-1.790005527436733246e-02,-2.194515429437160492e-02,-2.571346238255500793e-02,-2.915919199585914612e-02,-3.224145248532295227e-02,-3.492482751607894897e-02,-3.717983141541481018e-02,-3.898326680064201355e-02,-4.031844437122344971e-02,-4.117531329393386841e-02,-4.155046120285987854e-02,-4.144698753952980042e-02,-4.087429121136665344e-02,-3.984775394201278687e-02,-3.838830813765525818e-02,-3.652197122573852539e-02,-3.427927196025848389e-02,-3.169464692473411560e-02,-2.880579978227615356e-02,-2.565303258597850800e-02,-2.227856218814849854e-02,-1.872585713863372803e-02,-1.503897178918123245e-02,-1.126193162053823471e-02,-7.438139989972114563e-03,-3.609840292483568192e-03,1.823679194785654545e-04,3.899954957887530327e-03,7.506822235882282257e-03,1.096960064023733139e-02,1.425788365304470062e-02,1.734439842402935028e-02,2.020511589944362640e-02,2.281930483877658844e-02,2.516954019665718079e-02,2.724165655672550201e-02,2.902466617524623871e-02,3.051065839827060699e-02,3.169464692473411560e-02,3.257441148161888123e-02,3.315033763647079468e-02,3.342521563172340393e-02,3.340407088398933411e-02,3.309395909309387207e-02,3.250380232930183411e-02,3.164420276880264282e-02,3.052727133035659790e-02,2.916647493839263916e-02,2.757648937404155731e-02,2.577305585145950317e-02,2.377285994589328766e-02,2.159340865910053253e-02,1.925293356180191040e-02,1.677027903497219086e-02,1.416481938213109970e-02,1.145637035369873047e-02,8.665107190608978271e-03,5.811487790197134018e-03,2.916182624176144600e-03,7.170253012515860006e-18
0.000000000000000000e+00,-5.325504578649997711e-03,-1.059180125594139099e-02,-1.574030332267284393e-02,-2.071366831660270691e-02,-2.545641176402568817e-02,-2.991550788283348083e-02,-3.404098749160766602e-02,-3.778650984168052673e-02,-4.110991582274436951e-02,-4.397374019026756287e-02,-4.634571075439453125e-02,-4.819917678833007812e-02,-4.951349645853042603e-02,-5.027437582612037659e-02,-5.047410354018211365e-02,-5.011173337697982788e-02,-4.919318854808807373e-02,-4.773123934864997864e-02,-4.574539884924888611e-02,-4.326173290610313416e-02,-4.031254723668098450e-02,-3.693595528602600098e-02,-3.317539393901824951e-02,-2.907899208366870880e-02,-2.469888702034950256e-02,-2.009044960141181946e-02,-1.531145442277193069e-02,-1.042119320482015610e-02,-5.479572340846061707e-03,-5.461835535243153572e-04,4.320607520639896393e-03,9.064546786248683929e-03,1.363233570009469986e-02,1.797439903020858765e-02,2.204558067023754120e-02,2.580573409795761108e-02,2.922019548714160919e-02,3.226015716791152954e-02,3.490287810564041138e-02,3.713180124759674072e-02,3.893650323152542114e-02,4.031254723668098450e-02,4.126118496060371399e-02,4.178899154067039490e-02,4.190735146403312683e-02,4.163192212581634521e-02,4.098198935389518738e-02,3.997982293367385864e-02,3.864998742938041687e-02,3.701867163181304932e-02,3.511302173137664795e-02,3.296055644750595093e-02,3.058858588337898254e-02,2.802376262843608856e-02,2.529168501496315002e-02,2.241660095751285553e-02,1.942122913897037506e-02,1.632666587829589844e-02,1.315240003168582916e-02,9.916418232023715973e-03,6.635394413024187088e-03,3.324957098811864853e-03,8.171501377271484060e-18
0.000000000000000000e+00,-5.776990205049514771e-03,-1.150240190327167511e-02,-1.712469942867755890e-02,-2.259245514869689941e-02,-2.785446867346763611e-02,-3.285993635654449463e-02,-3.755871206521987915e-02,-4.190166294574737549e-02,-4.584111645817756653e-02,-4.933141544461250305e-02,-5.232954397797584534e-02,-5.479587242007255554e-02,-5.669491738080978394e-02,-5.799618363380432129e-02,-5.867499113082885742e-02,-5.871328711509704590e-02,-5.810041353106498718e-02,-5.683377757668495178e-02,-5.491941422224044800e-02,-5.237238854169845581e-02,-4.921702668070793152e-02,-4.548694565892219543e-02,-4.122487083077430725e-02,-3.648221492767333984e-02,-3.131845220923423767e-02,-2.580025978386402130e-02,-2.000044286251068115e-02,-1.399669516831636429e-02,-7.870188914239406586e-03,-1.704050810076296329e-03,4.418242257088422775e-03,1.041450165212154388e-02,1.620545424520969391e-02,2.171631716191768646e-02,2.687824703752994537e-02,3.162966668605804443e-02,3.591737523674964905e-02,3.969746455550193787e-02,4.293594509363174438e-02,4.560915753245353699e-02,4.770385101437568665e-02,4.921702668070793152e-02,5.015548691153526306e-02,5.053512752056121826e-02,5.038004741072654724e-02,4.972140118479728699e-02,4.859616979956626892e-02,4.704576730728149414e-02,4.511463269591331482e-02,4.284878820180892944e-02,4.029446840286254883e-02,3.749680146574974060e-02,3.449867293238639832e-02,3.133971244096755981e-02,2.805553562939167023e-02,2.467715926468372345e-02,2.123071253299713135e-02,1.773735135793685913e-02,1.421344466507434845e-02,1.067096646875143051e-02,7.118114270269870758e-03,3.560085548087954521e-03,8.743783802524458598e-18
0.000000000000000000e+00,-5.967242643237113953e-03,-1.189840491861104965e-02,-1.775659434497356415e-02,-2.350334636867046356e-02,-2.909799478948116302e-02,-3.449720144271850586e-02,-3.965470567345619202e-02,-4.452131316065788269e-02,-4.904516413807868958e-02,-5.317228659987449646e-02,-5.684740096330642700e-02,-6.001500412821769714e-02,-6.262066960334777832e-02,-6.461255252361297607e-02,-6.594298034906387329e-02,-6.657017022371292114e-02,-6.645989418029785156e-02,-6.558711826801300049e-02,-6.393747776746749878e-02,-6.150855496525764465e-02,-5.831088870763778687e-02,-5.436863750219345093e-02,-4.971991479396820068e-02,-4.441669210791587830e-02,-3.852430358529090881e-02,-3.212052956223487854e-02,-2.529427595436573029e-02,-1.814389973878860474e-02,-1.077518053352832794e-02,-3.299037227407097816e-03,4.170956090092658997e-03,1.152118295431137085e-02,1.864063926041126251e-02,2.542354166507720947e-02,3.177179768681526184e-02,3.759728744626045227e-02,4.282382130622863770e-02,4.738878831267356873e-02,5.124434828758239746e-02,5.435822531580924988e-02,5.671398714184761047e-02,5.831088870763778687e-02,5.916320532560348511e-02,5.929916724562644958e-02,5.875945836305618286e-02,5.759540945291519165e-02,5.586687475442886353e-02,5.363997071981430054e-02,5.098465457558631897e-02,4.797231033444404602e-02,4.467340186238288879e-02,4.115526378154754639e-02,3.748014941811561584e-02,3.370356187224388123e-02,2.987295202910900116e-02,2.602680772542953491e-02,2.219419181346893311e-02,1.839470118284225464e-02,1.463886164128780365e-02,1.092893816530704498e-02,7.260096259415149689e-03,3.621892537921667099e-03,8.887977926904702382e-18
0.000000000000000000e+00,-5.905018653720617294e-03,-1.179669145494699478e-02,-1.765974983572959900e-02,-2.347519434988498688e-02,-2.921867743134498596e-02,-3.485920280218124390e-02,-4.035820439457893372e-02,-4.566905274987220764e-02,-5.073704943060874939e-02,-5.549995973706245422e-02,-5.988900363445281982e-02,-6.383036077022552490e-02,-6.724709272384643555e-02,-7.006146758794784546e-02,-7.219751179218292236e-02,-7.358379662036895752e-02,-7.415629923343658447e-02,-7.386115938425064087e-02,-7.265737652778625488e-02,-7.051916420459747314e-02,-6.743790954351425171e-02,-6.342374533414840698e-02,-5.850648880004882812e-02,-5.273599550127983093e-02,-4.618188366293907166e-02,-3.893260657787322998e-02,-3.109384514391422272e-02,-2.278634719550609589e-02,-1.414318755269050598e-02,-5.306594539433717728e-03,3.575588110834360123e-03,1.235367543995380402e-02,2.088002488017082214e-02,2.901289984583854675e-02,3.662017732858657837e-02,4.358276724815368652e-02,4.979763925075531006e-02,5.518031865358352661e-02,5.966682359576225281e-02,6.321489065885543823e-02,6.580454111099243164e-02,6.743790954351425171e-02,6.813836842775344849e-02,6.794898211956024170e-02,6.693033128976821899e-02,6.515786051750183105e-02,6.271876394748687744e-02,5.970858782529830933e-02,5.622763931751251221e-02,5.237738415598869324e-02,4.825692996382713318e-02,4.395974054932594299e-02,3.957069665193557739e-02,3.516362234950065613e-02,3.079934045672416687e-02,2.652437798678874969e-02,2.237028256058692932e-02,1.835364475846290588e-02,1.447675935924053192e-02,1.072892267256975174e-02,7.088292855769395828e-03,3.524227999150753021e-03,8.638406782749490743e-18
0.000000000000000000e+00,-5.614627618342638016e-03,-1.124467980116605759e-02,-1.690235175192356110e-02,-2.259354665875434875e-02,-2.831511944532394409e-02,-3.405256569385528564e-02,-3.977830708026885986e-02,-4.545060545206069946e-02,-5.101325735449790955e-02,-5.639602243900299072e-02,-6.151585280895233154e-02,-6.627883762121200562e-02,-7.058285176753997803e-02,-7.432079315185546875e-02,-7.738424092531204224e-02,-7.966750115156173706e-02,-8.107175678014755249e-02,-8.150924742221832275e-02,-8.090727776288986206e-02,-7.921183854341506958e-02,-7.639078050851821899e-02,-7.243630290031433105e-02,-6.736671179533004761e-02,-6.122731789946556091e-02,-5.409043282270431519e-02,-4.605442285537719727e-02,-3.724188357591629028e-02,-2.779689803719520569e-02,-1.788154616951942444e-02,-7.671732921153306961e-03,2.647527260705828667e-03,1.288718450814485550e-02,2.285942435264587402e-02,3.238295018672943115e-02,4.128807783126831055e-02,4.942146688699722290e-02,5.665034055709838867e-02,6.286598742008209229e-02,6.798648089170455933e-02,7.195848971605300903e-02,7.475812733173370361e-02,7.639078050851821899e-02,7.689002156257629395e-02,7.631550729274749756e-02,7.475008815526962280e-02,7.229620218276977539e-02,6.907158344984054565e-02,6.520465761423110962e-02,6.082961335778236389e-02,5.608144775032997131e-02,5.109114572405815125e-02,4.598114266991615295e-02,4.086131229996681213e-02,3.582556545734405518e-02,3.094920143485069275e-02,2.628712728619575500e-02,2.187298238277435303e-02,1.771920360624790192e-02,1.381799392402172089e-02,1.014319341629743576e-02,6.652903277426958084e-03,3.292806912213563919e-03,8.058729362820292138e-18
0.000000000000000000e+00,-5.133233498781919479e-03,-1.031504292041063309e-02,-1.558933779597282410e-02,-2.099091745913028717e-02,-2.654144540429115295e-02,-3.224604204297065735e-02,-3.809066489338874817e-02,-4.404040053486824036e-02,-5.003874748945236206e-02,-5.600798875093460083e-02,-6.185060366988182068e-02,-6.745171546936035156e-02,-7.268249243497848511e-02,-7.740435749292373657e-02,-8.147387951612472534e-02,-8.474811166524887085e-02,-8.709021657705307007e-02,-8.837512880563735962e-02,-8.849500119686126709e-02,-8.736425638198852539e-02,-8.492400497198104858e-02,-8.114562928676605225e-02,-7.603342831134796143e-02,-6.962606310844421387e-02,-6.199696287512779236e-02,-5.325335636734962463e-02,-4.353420436382293701e-02,-3.300692141056060791e-02,-2.186306752264499664e-02,-1.031312253326177597e-02,1.419452251866459846e-03,1.310467906296253204e-02,2.451280876994132996e-02,3.542111068964004517e-02,4.562046006321907043e-02,5.492147058248519897e-02,6.315997242927551270e-02,7.020164281129837036e-02,7.594551891088485718e-02,8.032649010419845581e-02,8.331641554832458496e-02,8.492400497198104858e-02,8.519347757101058960e-02,8.420193195343017578e-02,8.205567300319671631e-02,7.888554036617279053e-02,7.484149187803268433e-02,7.008661329746246338e-02,6.479082256555557251e-02,5.912444740533828735e-02,5.325203016400337219e-02,4.732647165656089783e-02,4.148386046290397644e-02,3.583906218409538269e-02,3.048235736787319183e-02,2.547712996602058411e-02,2.085877768695354462e-02,1.663482561707496643e-02,1.278624217957258224e-02,9.269882924854755402e-03,6.021975539624691010e-03,2.962453989312052727e-03,7.235132096680844179e-18
0.000000000000000000e+00,-4.507160279899835587e-03,-9.098469279706478119e-03,-1.385191828012466431e-02,-1.883346028625965118e-02,-2.409167587757110596e-02,-2.965321391820907593e-02,-3.551923856139183044e-02,-4.166304320096969604e-02,-4.802893102169036865e-02,-5.453248322010040283e-02,-6.106216087937355042e-02,-6.748225539922714233e-02,-7.363703101873397827e-02,-7.935596257448196411e-02,-8.445981889963150024e-02,-8.876739442348480225e-02,-9.210259467363357544e-02,-9.430161863565444946e-02,-9.521993249654769897e-02,-9.473874419927597046e-02,-9.277073293924331665e-02,-8.926475793123245239e-02,-8.420940488576889038e-02,-7.763512432575225830e-02,-6.961490958929061890e-02,-6.026348099112510681e-02,-4.973491281270980835e-02,-3.821887075901031494e-02,-2.593546733260154724e-02,-1.312902756035327911e-02,-6.088060763431712985e-05,1.299847569316625595e-02,2.577761746942996979e-02,3.801250457763671875e-02,4.945457354187965393e-02,5.987829342484474182e-02,6.908795237541198730e-02,7.692335546016693115e-02,8.326427638530731201e-02,8.803351968526840210e-02,9.119841456413269043e-02,9.277073293924331665e-02,9.280508756637573242e-02,9.139581769704818726e-02,8.867246657609939575e-02,8.479414880275726318e-02,7.994291931390762329e-02,7.431643456220626831e-02,6.812025606632232666e-02,6.155999004840850830e-02,5.483366176486015320e-02,4.812456667423248291e-02,4.159488528966903687e-02,3.538034111261367798e-02,2.958600595593452454e-02,2.428353577852249146e-02,1.950983144342899323e-02,1.526720169931650162e-02,1.152501814067363739e-02,8.222765289247035980e-03,5.274353083223104477e-03,2.573504811152815819e-03,6.267426732944857950e-18
0.000000000000000000e+00,-3.787542926147580147e-03,-7.695131469517946243e-03,-1.183519139885902405e-02,-1.630524359643459320e-02,-2.118127048015594482e-02,-2.651203796267509460e-02,-3.231462091207504272e-02,-3.857133537530899048e-02,-4.522822052240371704e-02,-5.219519510865211487e-02,-5.934782326221466064e-02,-6.653074175119400024e-02,-7.356251776218414307e-02,-8.024186640977859497e-02,-8.635490387678146362e-02,-9.168318659067153931e-02,-9.601224958896636963e-02,-9.914026409387588501e-02,-1.008864641189575195e-01,-1.010990142822265625e-01,-9.966207295656204224e-02,-9.650155156850814819e-02,-9.158957004547119141e-02,-8.494725823402404785e-02,-7.664581388235092163e-02,-6.680571287870407104e-02,-5.559422820806503296e-02,-4.322108253836631775e-02,-2.993262186646461487e-02,-1.600455865263938904e-02,-1.733619719743728638e-03,1.257163938134908676e-02,2.660047449171543121e-02,4.004973918199539185e-02,5.263340100646018982e-02,6.409149616956710815e-02,7.419811189174652100e-02,8.276820182800292969e-02,8.966288715600967407e-02,9.479308873414993286e-02,9.812140464782714844e-02,9.966207295656204224e-02,9.947916865348815918e-02,9.768293797969818115e-02,9.442464262247085571e-02,8.988986164331436157e-02,8.429078757762908936e-02,7.785763591527938843e-02,7.082954794168472290e-02,6.344539672136306763e-02,5.593482404947280884e-02,4.850980266928672791e-02,4.135717451572418213e-02,3.463230654597282410e-02,2.845421805977821350e-02,2.290230430662631989e-02,1.801477372646331787e-02,1.378887426108121872e-02,1.018285006284713745e-02,7.119565270841121674e-03,4.491611383855342865e-03,2.167690545320510864e-03,5.258876017741615769e-18
0.000000000000000000e+00,-3.025694284588098526e-03,-6.205606739968061447e-03,-9.684981778264045715e-03,-1.359150186181068420e-02,-1.802746392786502838e-02,-2.306304126977920532e-02,-2.873096615076065063e-02,-3.502281382679939270e-02,-4.188711941242218018e-02,-4.922940209507942200e-02,-5.691408365964889526e-02,-6.476832181215286255e-02,-7.258752733469009399e-02,-8.014247566461563110e-02,-8.718758076429367065e-02,-9.347020089626312256e-02,-9.874043613672256470e-02,-1.027611568570137024e-01,-1.053177863359451294e-01,-1.062274500727653503e-01,-1.053471937775611877e-01,-1.025808453559875488e-01,-9.788423031568527222e-02,-9.126862883567810059e-02,-8.280215412378311157e-02,-7.260914891958236694e-02,-6.086744368076324463e-02,-4.780366271734237671e-02,-3.368671238422393799e-02,-1.881966739892959595e-02,-3.530350979417562485e-03,1.183901168406009674e-02,2.694272622466087341e-02,4.144271463155746460e-02,5.501934885978698730e-02,6.738162785768508911e-02,7.827632129192352295e-02,8.749571442604064941e-02,9.488373249769210815e-02,1.003401204943656921e-01,1.038226559758186340e-01,1.053471937775611877e-01,1.049856320023536682e-01,1.028618961572647095e-01,9.914606064558029175e-02,9.404687583446502686e-02,8.780302852392196655e-02,8.067338913679122925e-02,7.292678207159042358e-02,6.483152508735656738e-02,5.664525926113128662e-02,4.860542342066764832e-02,4.092074185609817505e-02,3.376406058669090271e-02,2.726681157946586609e-02,2.151527814567089081e-02,1.654885336756706238e-02,1.236029155552387238e-02,8.897942490875720978e-03,6.069879978895187378e-03,3.749718656763434410e-03,1.783880288712680340e-03,4.305669889372765286e-18
0.000000000000000000e+00,-2.268608659505844116e-03,-4.722055979073047638e-03,-7.535032462328672409e-03,-1.086236443370580673e-02,-1.483014412224292755e-02,-1.952809281647205353e-02,-2.500347234308719635e-02,-3.125683963298797607e-02,-3.823980316519737244e-02,-4.585491865873336792e-02,-5.395775660872459412e-02,-6.236104294657707214e-02,-7.084074616432189941e-02,-7.914389669895172119e-02,-8.699781447649002075e-02,-9.412042051553726196e-02,-1.002311185002326965e-01,-1.050620377063751221e-01,-1.083689332008361816e-01,-1.099414676427841187e-01,-1.096124574542045593e-01,-1.072655990719795227e-01,-1.028414443135261536e-01,-9.634139388799667358e-02,-8.782945573329925537e-02,-7.743166387081146240e-02,-6.533332914113998413e-02,-5.177396163344383240e-02,-3.704024106264114380e-02,-2.145719900727272034e-02,-5.377928260713815689e-03,1.082775089889764786e-02,2.678528241813182831e-02,4.212756454944610596e-02,5.650687962770462036e-02,6.960611790418624878e-02,8.114887773990631104e-02,9.090805798768997192e-02,9.871261566877365112e-02,1.044523119926452637e-01,1.080801263451576233e-01,1.096124574542045593e-01,1.091269403696060181e-01,1.067580655217170715e-01,1.026908159255981445e-01,9.715251624584197998e-02,9.040319919586181641e-02,8.272502571344375610e-02,7.441097497940063477e-02,6.575342267751693726e-02,5.703296139836311340e-02,4.850793629884719849e-02,4.040509462356567383e-02,3.291171789169311523e-02,2.616951800882816315e-02,2.027055434882640839e-02,1.525530125945806503e-02,1.111292932182550430e-02,7.783761247992515564e-03,5.163812544196844101e-03,3.111188299953937531e-03,1.454077195376157761e-03,3.487017508935159326e-18
0.000000000000000000e+00,-1.554981921799480915e-03,-3.320420160889625549e-03,-5.495682824403047562e-03,-8.258429355919361115e-03,-1.175490766763687134e-02,-1.609157770872116089e-02,-2.132842503488063812e-02,-2.747425064444541931e-02,-3.448414802551269531e-02,-4.225929453969001770e-02,-5.064907670021057129e-02,-5.945548415184020996e-02,-6.843963265419006348e-02,-7.733014971017837524e-02,-8.583307266235351562e-02,-9.364298731088638306e-02,-1.004548072814941406e-01,-1.059758737683296204e-01,-1.099378019571304321e-01,-1.121076494455337524e-01,-1.122979521751403809e-01,-1.103751882910728455e-01,-1.062663942575454712e-01,-9.996353834867477417e-02,-9.152559936046600342e-02,-8.107815682888031006e-02,-6.881051510572433472e-02,-5.497048795223236084e-02,-3.985693305730819702e-02,-2.381042577326297760e-02,-7.202344946563243866e-03,9.577216580510139465e-03,2.613224647939205170e-02,4.207383468747138977e-02,5.703295394778251648e-02,7.067247480154037476e-02,8.269800245761871338e-02,9.286716580390930176e-02,1.009968444705009460e-01,1.069683656096458435e-01,1.107301414012908936e-01,1.122979521751403809e-01,1.117526963353157043e-01,1.092358306050300598e-01,1.049425676465034485e-01,9.911324828863143921e-02,9.202313423156738281e-02,8.397111296653747559e-02,7.526767998933792114e-02,6.622272729873657227e-02,5.713366344571113586e-02,4.827420413494110107e-02,3.988442197442054749e-02,3.216232731938362122e-02,2.525734528899192810e-02,1.926595903933048248e-02,1.422962173819541931e-02,1.013505551964044571e-02,6.916865706443786621e-03,4.462375305593013763e-03,2.618451602756977081e-03,1.200033118948340416e-03,2.856781982786107116e-18
0.000000000000000000e+00,-9.120957693085074425e-04,-2.054305979982018471e-03,-3.644986078143119812e-03,-5.879466421902179718e-03,-8.919748477637767792e-03,-1.288560405373573303e-02,-1.784744299948215485e-02,-2.382127195596694946e-02,-3.076594695448875427e-02,-3.858287259936332703e-02,-4.711814597249031067e-02,-5.616712570190429688e-02,-6.548120826482772827e-02,-7.477658241987228394e-02,-8.374464511871337891e-02,-9.206362813711166382e-02,-9.941102564334869385e-02,-1.054762676358222961e-01,-1.099732592701911926e-01,-1.126521453261375427e-01,-1.133099049329757690e-01,-1.117994040250778198e-01,-1.080363392829895020e-01,-1.020040735602378845e-01,-9.375589340925216675e-02,-8.341475576162338257e-02,-7.117039710283279419e-02,-5.727402493357658386e-02,-4.203064367175102234e-02,-2.578943409025669098e-02,-8.932401426136493683e-03,8.138146251440048218e-03,2.501292154192924500e-02,4.128922149538993835e-02,5.658425018191337585e-02,7.054768502712249756e-02,8.287300914525985718e-02,9.330721944570541382e-02,1.016584932804107666e-01,1.078015714883804321e-01,1.116806939244270325e-01,1.133099049329757690e-01,1.127708479762077332e-01,1.102080270648002625e-01,1.058218479156494141e-01,9.985969960689544678e-02,9.260537475347518921e-02,8.436735719442367554e-02,7.546634972095489502e-02,6.622263044118881226e-02,5.694363638758659363e-02,4.791240021586418152e-02,3.937712684273719788e-02,3.154246136546134949e-02,2.456269599497318268e-02,1.853721775114536285e-02,1.350831892341375351e-02,9.461494162678718567e-03,6.328140851110219955e-03,3.990566823631525040e-03,2.289073076099157333e-03,1.030805287882685661e-03,2.437432638289845962e-18
0.000000000000000000e+00,-3.538255987223237753e-04,-9.510750533081591129e-04,-2.023023553192615509e-03,-3.777154255658388138e-03,-6.386504974216222763e-03,-9.980450384318828583e-03,-1.463730540126562119e-02,-2.037907019257545471e-02,-2.716854028403759003e-02,-3.490890935063362122e-02,-4.344592243432998657e-02,-5.257247760891914368e-02,-6.203553825616836548e-02,-7.154507189989089966e-02,-8.078467845916748047e-02,-8.942352980375289917e-02,-9.712907671928405762e-02,-1.035800948739051819e-01,-1.084795445203781128e-01,-1.115666851401329041e-01,-1.126280426979064941e-01,-1.115066930651664734e-01,-1.081095635890960693e-01,-1.024124547839164734e-01,-9.446248412132263184e-02,-8.437795937061309814e-02,-7.234557718038558960e-02,-5.861509591341018677e-02,-4.349164292216300964e-02,-2.732596546411514282e-02,-1.050295587629079819e-02,6.571070291101932526e-03,2.348191104829311371e-02,3.982129320502281189e-02,5.520043522119522095e-02,6.926288455724716187e-02,8.169610053300857544e-02,9.224136173725128174e-02,1.007016897201538086e-01,1.069473698735237122e-01,1.109190359711647034e-01,1.126280426979064941e-01,1.121543496847152710e-01,1.096417382359504700e-01,1.052908599376678467e-01,9.935019910335540771e-02,9.210539609193801880e-02,8.386737108230590820e-02,7.495973259210586548e-02,6.570588797330856323e-02,5.641653016209602356e-02,4.737780615687370300e-02,3.884079307317733765e-02,3.101259283721446991e-02,2.404942363500595093e-02,1.805196702480316162e-02,1.306314207613468170e-02,9.068365208804607391e-03,5.998274777084589005e-03,3.733788384124636650e-03,2.113268477842211723e-03,9.414859814569354057e-04,2.216905253007443093e-18
0.000000000000000000e+00,1.200672340928576887e-04,-1.044998134602792561e-05,-6.298669613897800446e-04,-1.952468184754252434e-03,-4.157739225775003433e-03,-7.381041068583726883e-03,-1.170611474663019180e-02,-1.715973392128944397e-02,-2.370873279869556427e-02,-3.125955536961555481e-02,-3.966034203767776489e-02,-4.870550334453582764e-02,-5.814259871840476990e-02,-6.768129765987396240e-02,-7.700398564338684082e-02,-8.577774465084075928e-02,-9.366712719202041626e-02,-1.003472134470939636e-01,-1.055165901780128479e-01,-1.089095249772071838e-01,-1.103070229291915894e-01,-1.095462441444396973e-01,-1.065279021859169006e-01,-1.012213975191116333e-01,-9.366740286350250244e-02,-8.397781848907470703e-02,-7.233315706253051758e-02,-5.897725000977516174e-02,-4.420973360538482666e-02,-2.837634831666946411e-02,-1.185758505016565323e-02,4.943987354636192322e-03,2.161718904972076416e-02,3.775599971413612366e-02,5.297311022877693176e-02,6.691272556781768799e-02,7.926219701766967773e-02,8.976191282272338867e-02,9.821329265832901001e-02,1.044843718409538269e-01,1.085129380226135254e-01,1.103070229291915894e-01,1.099428310990333557e-01,1.075601205229759216e-01,1.033553183078765869e-01,9.757260978221893311e-02,9.049337357282638550e-02,8.242440968751907349e-02,7.368542999029159546e-02,6.459633260965347290e-02,5.546465888619422913e-02,4.657394066452980042e-02,3.817315399646759033e-02,3.046789206564426422e-02,2.361346594989299774e-02,1.771025545895099640e-02,1.280146557837724686e-02,8.873365819454193115e-03,5.857956595718860626e-03,3.637975780293345451e-03,2.053982578217983246e-03,9.132403065450489521e-04,2.148690149432032559e-18
0.000000000000000000e+00,5.233149277046322823e-04,7.942756055854260921e-04,5.726823001168668270e-04,-3.578556934371590614e-04,-2.179244998842477798e-03,-5.029654596000909805e-03,-8.996066637337207794e-03,-1.410894282162189484e-02,-2.033924125134944916e-02,-2.759790793061256409e-02,-3.573787957429885864e-02,-4.455854371190071106e-02,-5.381247773766517639e-02,-6.321422010660171509e-02,-7.245074212551116943e-02,-8.119317889213562012e-02,-8.910943567752838135e-02,-9.587709605693817139e-02,-1.011961624026298523e-01,-1.048011630773544312e-01,-1.064720228314399719e-01,-1.060434654355049133e-01,-1.034123599529266357e-01,-9.854286164045333862e-02,-9.146907180547714233e-02,-8.229512721300125122e-02,-7.119268923997879028e-02,-5.839591845870018005e-02,-4.419412836432456970e-02,-2.892241626977920532e-02,-1.295054610818624496e-02,3.329396247863769531e-03,1.951618678867816925e-02,3.521294146776199341e-02,5.004039406776428223e-02,6.364948302507400513e-02,7.573273777961730957e-02,8.603408932685852051e-02,9.435669332742691040e-02,1.005685254931449890e-01,1.046054884791374207e-01,1.064720228314399719e-01,1.062391400337219238e-01,1.040400043129920959e-01,1.000632569193840027e-01,9.454441815614700317e-02,8.775556832551956177e-02,7.999394834041595459e-02,7.156974822282791138e-02,6.279366463422775269e-02,5.396477133035659790e-02,4.535903036594390869e-02,3.721905872225761414e-02,2.974547073245048523e-02,2.309013158082962036e-02,1.735159009695053101e-02,1.257286500185728073e-02,8.741638623178005219e-03,5.792839918285608292e-03,3.613483626395463943e-03,2.049559960141777992e-03,9.146639495156705379e-04,2.155188273529096007e-18
0.000000000000000000e+00,8.812675951048731804e-04,1.512567163445055485e-03,1.655788277275860310e-03,1.096050953492522240e-03,-3.478733706288039684e-04,-2.814519917592406273e-03,-6.392441224306821823e-03,-1.111497450619935989e-02,-1.695728674530982971e-02,-2.383582666516304016e-02,-3.161022439599037170e-02,-4.008757323026657104e-02,-4.902892187237739563e-02,-5.815777182579040527e-02,-6.717019528150558472e-02,-7.574623078107833862e-02,-8.356209099292755127e-02,-9.030272066593170166e-02,-9.567417204380035400e-02,-9.941537678241729736e-02,-1.013087704777717590e-01,-1.011894568800926208e-01,-9.895242750644683838e-02,-9.455762058496475220e-02,-8.803261816501617432e-02,-7.947281748056411743e-02,-6.903910636901855469e-02,-5.695311352610588074e-02,-4.349019378423690796e-02,-2.897043339908123016e-02,-1.374798640608787537e-02,1.800810568965971470e-03,1.729013770818710327e-02,3.233769908547401428e-02,4.657754302024841309e-02,5.967224016785621643e-02,7.132389396429061890e-02,8.128366619348526001e-02,8.935940265655517578e-02,9.542106091976165771e-02,9.940382838249206543e-02,1.013087704777717590e-01,1.012009978294372559e-01,9.920553863048553467e-02,9.550094604492187500e-02,9.031105041503906250e-02,8.389515429735183716e-02,7.653706520795822144e-02,6.853333860635757446e-02,6.018142029643058777e-02,5.176786705851554871e-02,4.355740174651145935e-02,3.578300401568412781e-02,2.863758243620395660e-02,2.226747199892997742e-02,1.676801033318042755e-02,1.218139007687568665e-02,8.496802300214767456e-03,5.652904044836759567e-03,3.542432095855474472e-03,2.018799073994159698e-03,9.043595055118203163e-04,2.134076142754905081e-18
0.000000000000000000e+00,1.227948931045830250e-03,2.210883190855383873e-03,2.715234179049730301e-03,2.529858145862817764e-03,1.476103323511779308e-03,-5.834508338011801243e-04,-3.737935796380043030e-03,-8.023113012313842773e-03,-1.341848261654376984e-02,-1.984670758247375488e-02,-2.717538923025131226e-02,-3.522112965583801270e-02,-4.375573992729187012e-02,-5.251435935497283936e-02,-6.120515242218971252e-02,-6.952023506164550781e-02,-7.714740186929702759e-02,-8.378216624259948730e-02,-8.913970738649368286e-02,-9.296616166830062866e-02,-9.504888951778411865e-02,-9.522534161806106567e-02,-9.339002519845962524e-02,-8.949947357177734375e-02,-8.357490599155426025e-02,-7.570249587297439575e-02,-6.603123992681503296e-02,-5.476851016283035278e-02,-4.217340424656867981e-02,-2.854823507368564606e-02,-1.422839891165494919e-02,4.289629578124731779e-04,1.505705621093511581e-02,2.929185144603252411e-02,4.278433695435523987e-02,5.521215870976448059e-02,6.629017740488052368e-02,7.577960938215255737e-02,8.349533379077911377e-02,8.931116014719009399e-02,9.316287189722061157e-02,9.504888951778411865e-02,9.502862393856048584e-02,9.321857243776321411e-02,8.978630602359771729e-02,8.494269847869873047e-02,7.893255352973937988e-02,7.202423363924026489e-02,6.449852883815765381e-02,5.663729086518287659e-02,4.871230944991111755e-02,4.097482562065124512e-02,3.364614397287368774e-02,2.690966241061687469e-02,2.090466581284999847e-02,1.572210714221000671e-02,1.140253618359565735e-02,7.936215028166770935e-03,5.265437997877597809e-03,3.288905369117856026e-03,1.867977203801274300e-03,8.345173555426299572e-04,1.967158746562370212e-18
0.000000000000000000e+00,1.602321863174438477e-03,2.965361578390002251e-03,3.860829863697290421e-03,4.081977996975183487e-03,3.453272162005305290e-03,1.838800613768398762e-03,-8.509278413839638233e-04,-4.654074553400278091e-03,-9.554656222462654114e-03,-1.548194233328104019e-02,-2.231210470199584961e-02,-2.987205982208251953e-02,-3.794535994529724121e-02,-4.627990350127220154e-02,-5.459720641374588013e-02,-6.260279566049575806e-02,-6.999742239713668823e-02,-7.648855447769165039e-02,-8.180181682109832764e-02,-8.569179475307464600e-02,-8.795191347599029541e-02,-8.842287957668304443e-02,-8.699948340654373169e-02,-8.363536745309829712e-02,-7.834565639495849609e-02,-7.120729982852935791e-02,-6.235714256763458252e-02,-5.198774859309196472e-02,-4.034117981791496277e-02,-2.770094014704227448e-02,-1.438240241259336472e-02,-7.220765110105276108e-04,1.293386984616518021e-02,2.624139003455638885e-02,3.887020796537399292e-02,5.051487311720848083e-02,6.090483814477920532e-02,6.981313973665237427e-02,7.706340402364730835e-02,8.253487199544906616e-02,8.616536110639572144e-02,8.795191347599029541e-02,8.794931322336196899e-02,8.626642823219299316e-02,8.306051790714263916e-02,7.852993905544281006e-02,7.290525734424591064e-02,6.643947958946228027e-02,5.939744785428047180e-02,5.204514786601066589e-02,4.463912919163703918e-02,3.741658478975296021e-02,3.058642148971557617e-02,2.432172559201717377e-02,1.875386387109756470e-02,1.396846957504749298e-02,1.000346988439559937e-02,6.849190685898065567e-03,4.450536798685789108e-03,2.711134497076272964e-03,1.499245874583721161e-03,6.551964324899017811e-04,1.530948876242864125e-18
0.000000000000000000e+00,2.044114284217357635e-03,3.853639820590615273e-03,5.204563494771718979e-03,5.893594585359096527e-03,5.747478455305099487e-03,4.631096497178077698e-03,2.454026136547327042e-03,-8.247078512795269489e-04,-5.193886812776327133e-03,-1.058947201818227768e-02,-1.689613610506057739e-02,-2.395088970661163330e-02,-3.154868260025978088e-02,-3.944975882768630981e-02,-4.738846048712730408e-02,-5.508320033550262451e-02,-6.224714219570159912e-02,-6.859922409057617188e-02,-7.387506961822509766e-02,-7.783738523721694946e-02,-8.028539270162582397e-02,-8.106301724910736084e-02,-8.006536215543746948e-02,-7.724337279796600342e-02,-7.260642200708389282e-02,-6.622271239757537842e-02,-5.821748077869415283e-02,-4.876914992928504944e-02,-3.810342401266098022e-02,-2.648568898439407349e-02,-1.421194057911634445e-02,-1.598612987436354160e-03,1.102831773459911346e-02,2.334452793002128601e-02,3.503841534256935120e-02,4.582163318991661072e-02,5.543864890933036804e-02,6.367504596710205078e-02,7.036419957876205444e-02,7.539205253124237061e-02,7.869996875524520874e-02,8.028539270162582397e-02,8.020043373107910156e-02,7.854837924242019653e-02,7.547840476036071777e-02,7.117851823568344116e-02,6.586726009845733643e-02,5.978431180119514465e-02,5.318049341440200806e-02,4.630758240818977356e-02,3.940826281905174255e-02,3.270668908953666687e-02,2.640002593398094177e-02,2.065125852823257446e-02,1.558360643684864044e-02,1.127670891582965851e-02,7.764753885567188263e-03,5.036583635956048965e-03,3.037781454622745514e-03,1.674614148214459419e-03,8.196701528504490852e-04,3.189341514371335506e-04,7.080646914902251608e-19
0.000000000000000000e+00,2.589588053524494171e-03,4.946568515151739120e-03,6.848593242466449738e-03,8.093424141407012939e-03,8.507973514497280121e-03,7.956177927553653717e-03,6.345381028950214386e-03,3.630972001701593399e-03,-1.809090608730912209e-04,-5.032718647271394730e-03,-1.081693544983863831e-02,-1.737952046096324921e-02,-2.452527545392513275e-02,-3.202489763498306274e-02,-3.962346538901329041e-02,-4.705000296235084534e-02,-5.402779579162597656e-02,-6.028499826788902283e-02,-6.556518375873565674e-02,-6.963734328746795654e-02,-7.230505347251892090e-02,-7.341436296701431274e-02,-7.286009192466735840e-02,-7.059039175510406494e-02,-6.660924851894378662e-02,-6.097698584198951721e-02,-5.380857735872268677e-02,-4.526999592781066895e-02,-3.557261824607849121e-02,-2.496596798300743103e-02,-1.372904703021049500e-02,-2.160613192245364189e-03,9.431255981326103210e-03,2.073987573385238647e-02,3.147055953741073608e-02,4.135070741176605225e-02,5.013896524906158447e-02,5.763318762183189392e-02,6.367679685354232788e-02,6.816340237855911255e-02,7.103949040174484253e-02,7.230505347251892090e-02,7.201220840215682983e-02,7.026187330484390259e-02,6.719859689474105835e-02,6.300386041402816772e-02,5.788801982998847961e-02,5.208133533596992493e-02,4.582433402538299561e-02,3.935801982879638672e-02,3.291423246264457703e-02,2.670659683644771576e-02,2.092237956821918488e-02,1.571562141180038452e-02,1.120177097618579865e-02,7.454054895788431168e-03,4.501693416386842728e-03,2.330045448616147041e-03,8.826393168419599533e-04,6.500403105746954679e-05,-2.498757094144821167e-04,-2.147164195775985718e-04,-6.015548478663659348e-19
0.000000000000000000e+00,3.267642576247453690e-03,6.300570908933877945e-03,8.874177932739257812e-03,1.078366581350564957e-02,1.185295823961496353e-02,1.194246765226125717e-02,1.095540076494216919e-02,8.842361159622669220e-03,5.604041740298271179e-03,1.291923224925994873e-03,-3.993081394582986832e-03,-1.010396517813205719e-02,-1.685283519327640533e-02,-2.401779033243656158e-02,-3.135118260979652405e-02,-3.858898207545280457e-02,-4.546083509922027588e-02,-5.170044302940368652e-02,-5.705588683485984802e-02,-6.129942834377288818e-02,-6.423647701740264893e-02,-6.571333110332489014e-02,-6.562337279319763184e-02,-6.391154974699020386e-02,-6.057690456509590149e-02,-5.567304044961929321e-02,-4.930658638477325439e-02,-4.163365066051483154e-02,-3.285439312458038330e-02,-2.320601791143417358e-02,-1.295433565974235535e-02,-2.384326886385679245e-03,8.209995925426483154e-03,1.853599771857261658e-02,2.831272967159748077e-02,3.728071227669715881e-02,4.521084576845169067e-02,5.191209912300109863e-02,5.723769217729568481e-02,6.108954176306724548e-02,6.342080980539321899e-02,6.423647701740264893e-02,6.359194964170455933e-02,6.158971413969993591e-02,5.837430059909820557e-02,5.412564054131507874e-02,4.905117675662040710e-02,4.337706044316291809e-02,3.733870759606361389e-02,3.117123059928417206e-02,2.509998716413974762e-02,1.933174394071102142e-02,1.404673978686332703e-02,9.391980245709419250e-03,5.476034712046384811e-03,2.365518594160676003e-03,8.340892236446961761e-05,-1.390763791278004646e-03,-2.118861302733421326e-03,-2.200320595875382423e-03,-1.766743487678468227e-03,-9.751230827532708645e-04,-2.470603821624141201e-18
0.000000000000000000e+00,4.096603952348232269e-03,7.951359264552593231e-03,1.133256684988737106e-02,1.402843277901411057e-02,1.585601828992366791e-02,1.666906103491783142e-02,1.636432483792304993e-02,1.488624420017004013e-02,1.222967170178890228e-02,8.440620265901088715e-03,3.614955814555287361e-03,-2.104894258081912994e-03,-8.535103872418403625e-03,-1.545727718621492386e-02,-2.262667566537857056e-02,-2.978153340518474579e-02,-3.665307909250259399e-02,-4.297589510679244995e-02,-4.849818721413612366e-02,-5.299159511923789978e-02,-5.626011267304420471e-02,-5.814782530069351196e-02,-5.854513123631477356e-02,-5.739319324493408203e-02,-5.468648299574851990e-02,-5.047329887747764587e-02,-4.485423490405082703e-02,-3.797868266701698303e-02,-3.003947436809539795e-02,-2.126589789986610413e-02,-1.191536895930767059e-02,-2.264040289446711540e-03,7.403233554214239120e-03,1.680322177708148956e-02,2.566452138125896454e-02,3.373724222183227539e-02,4.080180823802947998e-02,4.667653888463973999e-02,5.122372880578041077e-02,5.435395985841751099e-02,5.602856725454330444e-02,5.626011267304420471e-02,5.511084944009780884e-02,5.268936231732368469e-02,4.914535954594612122e-02,4.466302320361137390e-02,3.945302590727806091e-02,3.374367207288742065e-02,2.777143940329551697e-02,2.177135460078716278e-02,1.596755906939506531e-02,1.056445389986038208e-02,5.738789215683937073e-03,1.632992993108928204e-03,-1.649992773309350014e-03,-4.050163552165031433e-03,-5.552067421376705170e-03,-6.184527184814214706e-03,-6.018489133566617966e-03,-5.163100548088550568e-03,-3.760185325518250465e-03,-1.977347070351243019e-03,-4.936429434439869838e-18
0.000000000000000000e+00,5.081998649984598160e-03,9.909559972584247589e-03,1.423866301774978638e-02,1.784570701420307159e-02,2.053670398890972137e-02,2.215530909597873688e-02,2.258935756981372833e-02,2.177564613521099091e-02,1.970279216766357422e-02,1.641202531754970551e-02,1.199590135365724564e-02,6.594985723495483398e-03,3.926136996597051620e-04,-6.392037030309438705e-03,-1.351231615990400314e-02,-2.070356905460357666e-02,-2.769334614276885986e-02,-3.421194478869438171e-02,-4.000286385416984558e-02,-4.483279585838317871e-02,-4.850071668624877930e-02,-5.084577202796936035e-02,-5.175358057022094727e-02,-5.116081982851028442e-02,-4.905777797102928162e-02,-4.548890516161918640e-02,-4.055126011371612549e-02,-3.439093753695487976e-02,-2.719764411449432373e-02,-1.919759809970855713e-02,-1.064505893737077713e-02,-1.812812639400362968e-03,7.018015254288911819e-03,1.556842122226953506e-02,2.357185259461402893e-02,3.078399226069450378e-02,3.699164092540740967e-02,4.202032834291458130e-02,4.574039578437805176e-02,4.807126522064208984e-02,4.898381605744361877e-02,4.850071668624877930e-02,4.669475182890892029e-02,4.368518292903900146e-02,3.963236883282661438e-02,3.473079204559326172e-02,2.920083329081535339e-02,2.327958308160305023e-02,1.721112243831157684e-02,1.123660989105701447e-02,5.584598053246736526e-03,4.619702522177249193e-04,-3.954153042286634445e-03,-7.523208856582641602e-03,-1.014642324298620224e-02,-1.177027169615030289e-02,-1.238804217427968979e-02,-1.203943882137537003e-02,-1.080825924873352051e-02,-8.818238973617553711e-03,-6.227241363376379013e-03,-3.220042679458856583e-03,-7.995838820847885444e-18
0.000000000000000000e+00,6.215501576662063599e-03,1.215866580605506897e-02,1.756804808974266052e-02,2.220355905592441559e-02,2.585608512163162231e-02,2.835589274764060974e-02,2.957947179675102234e-02,2.945457026362419128e-02,2.796319872140884399e-02,2.514250203967094421e-02,2.108345180749893188e-02,1.592743024230003357e-02,9.860808961093425751e-03,3.107769647613167763e-03,-4.078377969563007355e-03,-1.142502389848232269e-02,-1.865085400640964508e-02,-2.547679282724857330e-02,-3.163686767220497131e-02,-3.688856586813926697e-02,-4.102227836847305298e-02,-4.386947676539421082e-02,-4.530925303697586060e-02,-4.527305811643600464e-02,-4.374735429883003235e-02,-4.077414795756340027e-02,-3.644938021898269653e-02,-3.091919049620628357e-02,-2.437428012490272522e-02,-1.704252883791923523e-02,-9.180207736790180206e-03,-1.062108902260661125e-03,7.029008585959672928e-03,1.481324154883623123e-02,2.202421240508556366e-02,2.841916121542453766e-02,3.378807008266448975e-02,3.796147182583808899e-02,4.081662371754646301e-02,4.228181391954421997e-02,4.233865812420845032e-02,4.102227836847305298e-02,3.841938450932502747e-02,3.466431051492691040e-02,2.993322908878326416e-02,2.443673461675643921e-02,1.841110363602638245e-02,1.210859790444374084e-02,5.787208676338195801e-03,-2.997709962073713541e-04,-5.913910456001758575e-03,-1.084113586694002151e-02,-1.490018516778945923e-02,-1.794967986643314362e-02,-1.989353261888027191e-02,-2.068449370563030243e-02,-2.032567188143730164e-02,-1.887000724673271179e-02,-1.641767844557762146e-02,-1.311161275953054428e-02,-9.131224825978279114e-03,-4.684682935476303101e-03,-1.160318008963653956e-17
0.000000000000000000e+00,7.475167047232389450e-03,1.465547643601894379e-02,2.125762403011322021e-02,2.702096290886402130e-02,3.171771019697189331e-02,3.516187146306037903e-02,3.721650689840316772e-02,3.779909014701843262e-02,3.688473254442214966e-02,3.450710698962211609e-02,3.075713291764259338e-02,2.577935717999935150e-02,1.976629160344600677e-02,1.295082084834575653e-02,5.597076378762722015e-03,-2.009931951761245728e-03,-9.575481526553630829e-03,-1.680667139589786530e-02,-2.342387288808822632e-02,-2.917163632810115814e-02,-3.382864221930503845e-02,-3.721629083156585693e-02,-3.920560330152511597e-02,-3.972215950489044189e-02,-3.874888271093368530e-02,-3.632657229900360107e-02,-3.255216032266616821e-02,-2.757475525140762329e-02,-2.158965542912483215e-02,-1.483056042343378067e-02,-7.560277357697486877e-03,-6.032465898897498846e-05,7.380189374089241028e-03,1.447594631463289261e-02,2.095661498606204987e-02,2.657742798328399658e-02,3.112871386110782623e-02,3.444400802254676819e-02,3.640643134713172913e-02,3.695309534668922424e-02,3.607731312513351440e-02,3.382864221930503845e-02,3.031061217188835144e-02,2.567638270556926727e-02,2.012239955365657806e-02,1.388035714626312256e-02,7.207792252302169800e-03,3.776569792535156012e-04,-6.332679651677608490e-03,-1.265258062630891800e-02,-1.832898706197738647e-02,-2.313653007149696350e-02,-2.688650600612163544e-02,-2.943436242640018463e-02,-3.068538196384906769e-02,-3.059836477041244507e-02,-2.918713726103305817e-02,-2.651985175907611847e-02,-2.271608822047710419e-02,-1.794189773499965668e-02,-1.240296568721532822e-02,-6.336190737783908844e-03,-1.567190285177257124e-17
0.000000000000000000e+00,8.826904930174350739e-03,1.733299531042575836e-02,2.520981058478355408e-02,3.217311948537826538e-02,3.797383978962898254e-02,4.240758344531059265e-02,4.532244056463241577e-02,4.662472382187843323e-02,4.628241807222366333e-02,4.432622343301773071e-02,4.084814339876174927e-02,3.599768877029418945e-02,2.997581847012042999e-02,2.302691340446472168e-02,1.542904600501060486e-02,7.482954300940036774e-03,-4.998267395421862602e-04,-8.209235966205596924e-03,-1.534885726869106293e-02,-2.164751850068569183e-02,-2.686985023319721222e-02,-3.082540817558765411e-02,-3.337598219513893127e-02,-3.444081172347068787e-02,-3.399952501058578491e-02,-3.209264576435089111e-02,-2.881969511508941650e-02,-2.433495596051216125e-02,-1.884104870259761810e-02,-1.258061826229095459e-02,-5.826425272971391678e-03,1.129732583649456501e-03,7.988842204213142395e-03,1.445676106959581375e-02,2.025609463453292847e-02,2.513737604022026062e-02,2.888912521302700043e-02,3.134636580944061279e-02,3.239727765321731567e-02,3.198772296309471130e-02,3.012343868613243103e-02,2.686985023319721222e-02,2.234948612749576569e-02,1.673711463809013367e-02,1.025276817381381989e-02,3.152986755594611168e-03,-4.279434215277433395e-03,-1.174672693014144897e-02,-1.894805394113063812e-02,-2.559152990579605103e-02,-3.140591084957122803e-02,-3.615145012736320496e-02,-3.962953016161918640e-02,-4.169064015150070190e-02,-4.224043712019920349e-02,-4.124357923865318298e-02,-3.872526437044143677e-02,-3.477032110095024109e-02,-2.951995842158794403e-02,-2.316627651453018188e-02,-1.594473794102668762e-02,-8.124936372041702271e-03,-2.007949669545320176e-17
0.000000000000000000e+00,1.022707577794790268e-02,2.010551281273365021e-02,2.929990738630294800e-02,3.750080242753028870e-02,4.443639516830444336e-02,4.988275468349456787e-02,5.367217585444450378e-02,5.569934099912643433e-02,5.592502281069755554e-02,5.437722057104110718e-02,5.114969238638877869e-02,4.639788717031478882e-02,4.033252224326133728e-02,3.321101143956184387e-02,2.532709017395973206e-02,1.699906028807163239e-02,8.557142689824104309e-03,3.303869452793151140e-04,-7.366297300904989243e-03,-1.424449123442173004e-02,-2.005351707339286804e-02,-2.459012903273105621e-02,-2.770628593862056732e-02,-2.931467071175575256e-02,-2.939177677035331726e-02,-2.797840721905231476e-02,-2.517760545015335083e-02,-2.115008048713207245e-02,-1.610732078552246094e-02,-1.030268333852291107e-02,-4.020797554403543472e-03,2.434261841699481010e-03,8.751587942242622375e-03,1.462631579488515854e-02,1.977224834263324738e-02,2.393372356891632080e-02,2.689626254141330719e-02,2.849554270505905151e-02,2.862436883151531219e-02,2.723733521997928619e-02,2.435300499200820923e-02,2.005351707339286804e-02,1.448161527514457703e-02,7.835248485207557678e-03,3.599152551032602787e-04,-7.660909555852413177e-03,-1.591691561043262482e-02,-2.408320829272270203e-02,-3.183317929506301880e-02,-3.885151818394660950e-02,-4.484679177403450012e-02,-4.956315457820892334e-02,-5.279068648815155029e-02,-5.437392741441726685e-02,-5.421833693981170654e-02,-5.229434370994567871e-02,-4.863887280225753784e-02,-4.335425049066543579e-02,-3.660456836223602295e-02,-2.860960550606250763e-02,-1.963656209409236908e-02,-9.989952668547630310e-03,-2.467542136663868052e-17
0.000000000000000000e+00,1.162596326321363449e-02,2.287541516125202179e-02,3.338596224784851074e-02,4.282288625836372375e-02,5.089163780212402344e-02,5.734872817993164062e-02,6.201066821813583374e-02,6.476052105426788330e-02,6.555188447237014771e-02,6.441012769937515259e-02,6.143081188201904297e-02,5.677542462944984436e-02,5.066453292965888977e-02,4.336867481470108032e-02,3.519735112786293030e-02,2.648652903735637665e-02,1.758520118892192841e-02,8.841480128467082977e-03,5.888310843147337437e-04,-6.867046002298593521e-03,-1.326014846563339233e-02,-1.837444677948951721e-02,-2.205210924148559570e-02,-2.419933117926120758e-02,-2.478956989943981171e-02,-2.386403456330299377e-02,-2.152943797409534454e-02,-1.795307546854019165e-02,-1.335548330098390579e-02,-8.000911213457584381e-03,-2.186046214774250984e-03,3.772581694647669792e-03,9.552005678415298462e-03,1.483648922294378281e-02,1.933090947568416595e-02,2.277331985533237457e-02,2.494617924094200134e-02,2.568580210208892822e-02,2.488963305950164795e-02,2.252105996012687683e-02,1.861157082021236420e-02,1.326014846563339233e-02,6.629921961575746536e-03,-1.057781861163675785e-03,-9.531782008707523346e-03,-1.848143339157104492e-02,-2.756867371499538422e-02,-3.644123300909996033e-02,-4.474651068449020386e-02,-5.214554071426391602e-02,-5.832652002573013306e-02,-6.301734596490859985e-02,-6.599666178226470947e-02,-6.710297614336013794e-02,-6.624152511358261108e-02,-6.338850408792495728e-02,-5.859261006116867065e-02,-5.197377875447273254e-02,-4.371912032365798950e-02,-3.407626226544380188e-02,-2.334436587989330292e-02,-1.186308730393648148e-02,-2.929139193278876936e-17
0.000000000000000000e+00,1.297180354595184326e-02,2.554107643663883209e-02,3.732021152973175049e-02,4.795087128877639771e-02,5.711719021201133728e-02,6.455730646848678589e-02,7.007279992103576660e-02,7.353565841913223267e-02,7.489247620105743408e-02,7.416579872369766235e-02,7.145246863365173340e-02,6.691911816596984863e-02,6.079500541090965271e-02,5.336238443851470947e-02,4.494491964578628540e-02,3.589452430605888367e-02,2.657717652618885040e-02,1.735829934477806091e-02,8.588241413235664368e-03,5.884671118110418320e-04,-6.360992323607206345e-03,-1.203235238790512085e-02,-1.625870727002620697e-02,-1.894014514982700348e-02,-2.004711702466011047e-02,-1.962090842425823212e-02,-1.777122728526592255e-02,-1.467098481953144073e-02,-1.054850779473781586e-02,-5.677470471709966660e-03,-3.649873542599380016e-04,5.061679985374212265e-03,1.026924699544906616e-02,1.493279449641704559e-02,1.874984614551067352e-02,2.145354449748992920e-02,2.282442897558212280e-02,2.270027622580528259e-02,2.098367735743522644e-02,1.764696277678012848e-02,1.273432094603776932e-02,6.360992323607206345e-03,-1.290435669943690300e-03,-9.976497851312160492e-03,-1.940183341503143311e-02,-2.923033572733402252e-02,-3.909804299473762512e-02,-4.862723872065544128e-02,-5.744124576449394226e-02,-6.517929583787918091e-02,-7.151089608669281006e-02,-7.614915817975997925e-02,-7.886249572038650513e-02,-7.948425412178039551e-02,-7.791994512081146240e-02,-7.415165752172470093e-02,-6.823962181806564331e-02,-6.032071262598037720e-02,-5.060403421521186829e-02,-3.936374559998512268e-02,-2.692933194339275360e-02,-1.367377210408449173e-02,-3.375314790861814703e-17
0.000000000000000000e+00,1.421501673758029938e-02,2.800514549016952515e-02,4.096109047532081604e-02,5.270412936806678772e-02,6.289990991353988647e-02,7.127048820257186890e-02,7.760424166917800903e-02,8.176306635141372681e-02,8.368688821792602539e-02,8.339499682188034058e-02,8.098439127206802368e-02,7.662507891654968262e-02,7.055263221263885498e-02,6.305817514657974243e-02,5.447631701827049255e-02,4.517145454883575439e-02,3.552300482988357544e-02,2.591018751263618469e-02,1.669691316783428192e-02,8.217426948249340057e-03,7.632395718246698380e-04,-5.428100936114788055e-03,-1.018197648227214813e-02,-1.339303981512784958e-02,-1.502868719398975372e-02,-1.512952335178852081e-02,-1.380680687725543976e-02,-1.123699359595775604e-02,-7.653583772480487823e-03,-3.336630295962095261e-03,1.399689004756510258e-03,6.220913026481866837e-03,1.078700087964534760e-02,1.476729381829500198e-02,1.785513386130332947e-02,1.978154107928276062e-02,2.032738365232944489e-02,1.933356374502182007e-02,1.670876704156398773e-02,1.243448723107576370e-02,6.567077711224555969e-03,-7.632395718246698380e-04,-9.356403723359107971e-03,-1.894942484796047211e-02,-2.922591380774974823e-02,-3.982787951827049255e-02,-5.036931484937667847e-02,-6.045104935765266418e-02,-6.967631727457046509e-02,-7.766634225845336914e-02,-8.407544344663619995e-02,-8.860498666763305664e-02,-9.101559966802597046e-02,-9.113726019859313965e-02,-8.887677639722824097e-02,-8.422237634658813477e-02,-7.724522799253463745e-02,-6.809777021408081055e-02,-5.700900405645370483e-02,-4.427681863307952881e-02,-3.025765530765056610e-02,-1.535399351269006729e-02,-3.789273688819282170e-17
0.000000000000000000e+00,1.531223207712173462e-02,3.018244542181491852e-02,4.418467357754707336e-02,5.692442506551742554e-02,6.805288791656494141e-02,7.727933675050735474e-02,8.438131213188171387e-02,8.921211957931518555e-02,9.170539677143096924e-02,9.187656641006469727e-02,8.982116729021072388e-02,8.571004122495651245e-02,7.978165894746780396e-02,7.233195006847381592e-02,6.370184570550918579e-02,5.426328629255294800e-02,4.440404102206230164e-02,3.451212868094444275e-02,2.496029064059257507e-02,1.609129458665847778e-02,8.204523473978042603e-03,1.544472412206232548e-03,-3.708434291183948517e-03,-7.444329559803009033e-03,-9.627444669604301453e-03,-1.029656361788511276e-02,-9.562379680573940277e-03,-7.601873949170112610e-03,-4.649939946830272675e-03,-9.885970503091812134e-04,3.065759316086769104e-03,7.176557090133428574e-03,1.100211683660745621e-02,1.421097852289676666e-02,1.649685204029083252e-02,1.759259961545467377e-02,1.728264242410659790e-02,1.541332621127367020e-02,1.190076582133769989e-02,6.735875271260738373e-03,-1.365383832307998091e-05,-8.204523473978042603e-03,-1.762211322784423828e-02,-2.798773162066936493e-02,-3.896856307983398438e-02,-5.018992349505424500e-02,-6.124936416745185852e-02,-7.173206657171249390e-02,-8.122693002223968506e-02,-8.934269845485687256e-02,-9.572355449199676514e-02,-1.000634878873825073e-01,-1.021188870072364807e-01,-1.017189174890518188e-01,-9.877315908670425415e-02,-9.327629208564758301e-02,-8.530955761671066284e-02,-7.503896951675415039e-02,-6.271030753850936890e-02,-4.864111170172691345e-02,-3.320988640189170837e-02,-1.684305071830749512e-02,-4.156028367068553538e-17
0.000000000000000000e+00,1.622976362705230713e-02,3.200677409768104553e-02,4.689453914761543274e-02,6.048844754695892334e-02,7.243014872074127197e-02,8.242016285657882690e-02,9.022814035415649414e-02,9.570054709911346436e-02,9.876525402069091797e-02,9.943307936191558838e-02,9.779609739780426025e-02,9.402283281087875366e-02,8.835054188966751099e-02,8.107492327690124512e-02,7.253763079643249512e-02,6.311206519603729248e-02,5.318817123770713806e-02,4.315663129091262817e-02,3.339326754212379456e-02,2.424416877329349518e-02,1.601219922304153442e-02,8.945383131504058838e-03,3.227651584893465042e-03,-1.027696183882653713e-03,-3.781553125008940697e-03,-5.069453734904527664e-03,-4.998898599296808243e-03,-3.743674373254179955e-03,-1.535397022962570190e-03,1.347365672700107098e-03,4.591952543705701828e-03,7.865918800234794617e-03,1.083221752196550369e-02,1.316461991518735886e-02,1.456276047974824905e-02,1.476616598665714264e-02,1.356671843677759171e-02,1.081900019198656082e-02,6.448120810091495514e-03,4.546671116258949041e-04,-7.083426695317029953e-03,-1.601219922304153442e-02,-2.610612474381923676e-02,-3.707558661699295044e-02,-4.857705533504486084e-02,-6.022561714053153992e-02,-7.160933315753936768e-02,-8.230489492416381836e-02,-9.189400821924209595e-02,-9.997976571321487427e-02,-1.062024161219596863e-01,-1.102539673447608948e-01,-1.118909567594528198e-01,-1.109448373317718506e-01,-1.073297709226608276e-01,-1.010472252964973450e-01,-9.218742698431015015e-02,-8.092741668224334717e-02,-6.752589344978332520e-02,-5.231496691703796387e-02,-3.568909317255020142e-02,-1.809171959757804871e-02,-4.463427542411224831e-17
0.000000000000000000e+00,1.694620214402675629e-02,3.343598917126655579e-02,4.902913048863410950e-02,6.331714242696762085e-02,7.593758404254913330e-02,8.658665418624877930e-02,9.502941370010375977e-02,1.011073961853981018e-01,1.047433018684387207e-01,1.059425100684165955e-01,1.047914624214172363e-01,1.014529019594192505e-01,9.615831077098846436e-02,8.919766545295715332e-02,8.090708404779434204e-02,7.165483385324478149e-02,6.182615831494331360e-02,5.180770158767700195e-02,4.197200387716293335e-02,3.266279771924018860e-02,2.418159879744052887e-02,1.677622459828853607e-02,1.063160318881273270e-02,5.863302387297153473e-03,2.513990039005875587e-03,5.529900663532316685e-04,-1.210761765833012760e-04,3.253329487051814795e-04,1.669045072048902512e-03,3.640936920419335365e-03,5.938653368502855301e-03,8.240756578743457794e-03,1.022172812372446060e-02,1.156720612198114395e-02,1.198882889002561569e-02,1.123807020485401154e-02,9.118501096963882446e-03,5.495953373610973358e-03,3.061640018131583929e-04,-6.440429482609033585e-03,-1.465696655213832855e-02,-2.418159879744052887e-02,-3.478205576539039612e-02,-4.616317898035049438e-02,-5.797716602683067322e-02,-6.983610242605209351e-02,-8.132632076740264893e-02,-9.202408045530319214e-02,-1.015118211507797241e-01,-1.093945652246475220e-01,-1.153155714273452759e-01,-1.189708709716796875e-01,-1.201219186186790466e-01,-1.186059638857841492e-01,-1.143436431884765625e-01,-1.073435693979263306e-01,-9.770365059375762939e-02,-8.560907840728759766e-02,-7.132708281278610229e-02,-5.519859865307807922e-02,-3.762716427445411682e-02,-1.906545832753181458e-02,-4.702948938432284715e-17
0.000000000000000000e+00,1.745389215648174286e-02,3.445489332079887390e-02,5.056594684720039368e-02,6.538102775812149048e-02,7.853918522596359253e-02,8.973678946495056152e-02,9.873762726783752441e-02,1.053803414106369019e-01,1.095830425620079041e-01,1.113448590040206909e-01,1.107444018125534058e-01,1.079351752996444702e-01,1.031382530927658081e-01,9.663233906030654907e-02,8.874179422855377197e-02,7.982297986745834351e-02,7.024957984685897827e-02,6.039740890264511108e-02,5.062934383749961853e-02,4.128100350499153137e-02,3.264772891998291016e-02,2.497337013483047485e-02,1.844136230647563934e-02,1.316839270293712616e-02,9.200954809784889221e-03,6.514891050755977631e-03,5.017939023673534393e-03,4.555173683911561966e-03,4.917112179100513458e-03,5.850146058946847916e-03,7.068869657814502716e-03,8.269793353974819183e-03,9.145876392722129822e-03,9.401283226907253265e-03,8.765745908021926880e-03,7.007936947047710419e-03,3.947303164750337601e-03,-5.361502408050000668e-04,-6.494535598903894424e-03,-1.390753593295812607e-02,-2.268085256218910217e-02,-3.264772891998291016e-02,-4.357352107763290405e-02,-5.516317114233970642e-02,-6.707126647233963013e-02,-7.891438901424407959e-02,-9.028517454862594604e-02,-1.007676720619201660e-01,-1.099532619118690491e-01,-1.174566522240638733e-01,-1.229311972856521606e-01,-1.260830610990524292e-01,-1.266835182905197144e-01,-1.245790645480155945e-01,-1.196987330913543701e-01,-1.120585426688194275e-01,-1.017626672983169556e-01,-8.900137990713119507e-02,-7.404583692550659180e-02,-5.723980441689491272e-02,-3.898872062563896179e-02,-1.974641159176826477e-02,-4.870192285145196105e-17
0.000000000000000000e+00,1.775915734469890594e-02,3.507569059729576111e-02,5.152218043804168701e-02,6.670103967189788818e-02,8.025797456502914429e-02,9.189382940530776978e-02,1.013742238283157349e-01,1.085368171334266663e-01,1.132957264780998230e-01,1.156431213021278381e-01,1.156477555632591248e-01,1.134507060050964355e-01,1.092583835124969482e-01,1.033330857753753662e-01,9.598159044981002808e-02,8.754218369722366333e-02,7.837057858705520630e-02,6.882550567388534546e-02,5.925425514578819275e-02,4.997905343770980835e-02,4.128459841012954712e-02,3.340733423829078674e-02,2.652691118419170380e-02,2.076012268662452698e-02,1.615757681429386139e-02,1.270321290940046310e-02,1.031669974327087402e-02,8.858577348291873932e-03,8.137940429151058197e-03,7.922335527837276459e-03,7.949463091790676117e-03,7.940197363495826721e-03,7.612376939505338669e-03,6.694803014397621155e-03,4.940858110785484314e-03,2.141171833500266075e-03,-1.865193597041070461e-03,-7.181513588875532150e-03,-1.384652592241764069e-02,-2.183021791279315948e-02,-3.103246167302131653e-02,-4.128459841012954712e-02,-5.235392600297927856e-02,-6.395094841718673706e-02,-7.573910057544708252e-02,-8.734664320945739746e-02,-9.838020056486129761e-02,-1.084394678473472595e-01,-1.171325221657752991e-01,-1.240911260247230530e-01,-1.289854198694229126e-01,-1.315374076366424561e-01,-1.315327882766723633e-01,-1.288304477930068970e-01,-1.233695596456527710e-01,-1.151736602187156677e-01,-1.043516993522644043e-01,-9.109599888324737549e-02,-7.567709684371948242e-02,-5.843577533960342407e-02,-3.977238014340400696e-02,-2.013402804732322693e-02,-4.965035490691546173e-17
0.000000000000000000e+00,1.788125187158584595e-02,3.533590957522392273e-02,5.195173621177673340e-02,6.734468042850494385e-02,8.117159456014633179e-02,9.314141422510147095e-02,1.030243486166000366e-01,1.106587126851081848e-01,1.159552261233329773e-01,1.188984960317611694e-01,1.195458322763442993e-01,1.180232092738151550e-01,1.145188212394714355e-01,1.092742979526519775e-01,1.025739908218383789e-01,9.473289549350738525e-02,8.608344942331314087e-02,7.696203142404556274e-02,6.769544631242752075e-02,5.858810991048812866e-02,4.991035535931587219e-02,4.188838228583335876e-02,3.469619527459144592e-02,2.844988368451595306e-02,2.320445701479911804e-02,1.895332895219326019e-02,1.563050225377082825e-02,1.311531383544206619e-02,1.123955659568309784e-02,9.796669706702232361e-03,8.552607148885726929e-03,7.257946301251649857e-03,5.660702940076589584e-03,3.519341582432389259e-03,6.154217408038675785e-04,-3.234651405364274979e-03,-8.169266395270824432e-03,-1.427308097481727600e-02,-2.157070674002170563e-02,-3.002288378775119781e-02,-3.952533379197120667e-02,-4.991035535931587219e-02,-6.095115840435028076e-02,-7.236875593662261963e-02,-8.384121209383010864e-02,-9.501482546329498291e-02,-1.055169552564620972e-01,-1.149698421359062195e-01,-1.230050325393676758e-01,-1.292777210474014282e-01,-1.334805786609649658e-01,-1.353563815355300903e-01,-1.347090452909469604e-01,-1.314125955104827881e-01,-1.254176199436187744e-01,-1.167550832033157349e-01,-1.055372655391693115e-01,-9.195566177368164062e-02,-7.627605646848678589e-02,-5.883091688156127930e-02,-4.000921919941902161e-02,-2.024430036544799805e-02,-4.991442735438934050e-17
0.000000000000000000e+00,1.785012707114219666e-02,3.529404848814010620e-02,5.193890258669853210e-02,6.741803139448165894e-02,8.140283077955245972e-02,9.361314028501510620e-02,1.038258373737335205e-01,1.118812412023544312e-01,1.176871359348297119e-01,1.212203204631805420e-01,1.225254684686660767e-01,1.217116266489028931e-01,1.189462542533874512e-01,1.144471988081932068e-01,1.084729433059692383e-01,1.013114303350448608e-01,9.326798468828201294e-02,8.465287834405899048e-02,7.576886564493179321e-02,6.689939647912979126e-02,5.829780176281929016e-02,5.017802491784095764e-02,4.270712286233901978e-02,3.599996119737625122e-02,3.011621348559856415e-02,2.505983039736747742e-02,2.078093960881233215e-02,1.718013361096382141e-02,1.411490701138973236e-02,1.140802260488271713e-02,8.857389912009239197e-03,6.247089244425296783e-03,3.359046997502446175e-03,-1.511852951807668433e-05,-4.062590654939413071e-03,-8.938669227063655853e-03,-1.475736778229475021e-02,-2.158369868993759155e-02,-2.942799590528011322e-02,-3.824251517653465271e-02,-4.792050644755363464e-02,-5.829780176281929016e-02,-6.915691494941711426e-02,-8.023347705602645874e-02,-9.122484177350997925e-02,-1.018005013465881348e-01,-1.116138920187950134e-01,-1.203152164816856384e-01,-1.275647431612014771e-01,-1.330460458993911743e-01,-1.364786922931671143e-01,-1.376299411058425903e-01,-1.363247931003570557e-01,-1.324542164802551270e-01,-1.259810328483581543e-01,-1.169433817267417908e-01,-1.054554134607315063e-01,-9.170529246330261230e-02,-7.595054805278778076e-02,-5.851086601614952087e-02,-3.975865244865417480e-02,-2.010764554142951965e-02,-4.956942686450572372e-17
0.000000000000000000e+00,1.770322211086750031e-02,3.502326458692550659e-02,5.158919841051101685e-02,6.705412268638610840e-02,8.110605925321578979e-02,9.347750991582870483e-02,1.039533689618110657e-01,1.123768463730812073e-01,1.186532750725746155e-01,1.227515563368797302e-01,1.247032806277275085e-01,1.245996206998825073e-01,1.225860044360160828e-01,1.188549324870109558e-01,1.136371493339538574e-01,1.071915701031684875e-01,9.979437291622161865e-02,9.172771126031875610e-02,8.326842635869979858e-02,7.467734813690185547e-02,6.618943810462951660e-02,5.800535902380943298e-02,5.028459057211875916e-02,4.314057901501655579e-02,3.663789480924606323e-02,3.079166635870933533e-02,2.556918002665042877e-02,2.089365385472774506e-02,1.664993166923522949e-02,1.269192900508642197e-02,8.851443417370319366e-03,4.947992507368326187e-03,7.992497412487864494e-04,-3.768380032852292061e-03,-8.909481577575206757e-03,-1.475009508430957794e-02,-2.137934602797031403e-02,-2.884260006248950958e-02,-3.713643923401832581e-02,-4.620573297142982483e-02,-5.594289302825927734e-02,-6.618943810462951660e-02,-7.673981040716171265e-02,-8.734729140996932983e-02,-9.773185104131698608e-02,-1.075896695256233215e-01,-1.166038885712623596e-01,-1.244562342762947083e-01,-1.308391094207763672e-01,-1.354675590991973877e-01,-1.380908042192459106e-01,-1.385027170181274414e-01,-1.365509927272796631e-01,-1.321444511413574219e-01,-1.252584010362625122e-01,-1.159375384449958801e-01,-1.042965948581695557e-01,-9.051837772130966187e-02,-7.484941929578781128e-02,-5.759333819150924683e-02,-3.910212591290473938e-02,-1.976568810641765594e-02,-4.871832418863766248e-17
0.000000000000000000e+00,1.748155988752841949e-02,3.460375219583511353e-02,5.101833865046501160e-02,6.639891117811203003e-02,8.045078814029693604e-02,9.291975200176239014e-02,1.035992428660392761e-01,1.123358458280563354e-01,1.190327629446983337e-01,1.236513033509254456e-01,1.262101680040359497e-01,1.267827749252319336e-01,1.254925727844238281e-01,1.225066930055618286e-01,1.180280968546867371e-01,1.122866049408912659e-01,1.055291667580604553e-01,9.800972789525985718e-02,8.997915685176849365e-02,8.167561888694763184e-02,7.331572473049163818e-02,6.508687883615493774e-02,5.714108794927597046e-02,4.959049820899963379e-02,4.250473529100418091e-02,3.591028600931167603e-02,2.979178167879581451e-02,2.409523725509643555e-02,1.873297989368438721e-02,1.359015889465808868e-02,8.532455191016197205e-03,3.414720064029097557e-03,-1.909863785840570927e-03,-7.580483332276344299e-03,-1.371966674923896790e-02,-2.042491175234317780e-02,-2.776135504245758057e-02,-3.575577959418296814e-02,-4.439227655529975891e-02,-5.360972136259078979e-02,-6.330125033855438232e-02,-7.331572473049163818e-02,-8.346124738454818726e-02,-9.351052343845367432e-02,-1.032079458236694336e-01,-1.122781187295913696e-01,-1.204355359077453613e-01,-1.273949742317199707e-01,-1.328822672367095947e-01,-1.366450786590576172e-01,-1.384630650281906128e-01,-1.381573379039764404e-01,-1.355984807014465332e-01,-1.307130604982376099e-01,-1.234883368015289307e-01,-1.139748170971870422e-01,-1.022866219282150269e-01,-8.859971910715103149e-02,-7.314786314964294434e-02,-5.621656030416488647e-02,-3.813511878252029419e-02,-1.926718652248382568e-02,-4.748169579031578653e-17
0.000000000000000000e+00,1.722551509737968445e-02,3.411442413926124573e-02,5.034018307924270630e-02,6.559599190950393677e-02,7.960376143455505371e-02,9.212204068899154663e-02,1.029525697231292725e-01,1.119452938437461853e-01,1.190016269683837891e-01,1.240758597850799561e-01,1.271746903657913208e-01,1.283549219369888306e-01,1.277194172143936157e-01,1.254115104675292969e-01,1.216081082820892334e-01,1.165117546916007996e-01,1.103419959545135498e-01,1.033263951539993286e-01,9.569156914949417114e-02,8.765456825494766235e-02,7.941497862339019775e-02,7.114804536104202271e-02,6.299906969070434570e-02,5.507929995656013489e-02,4.746349900960922241e-02,4.018919169902801514e-02,3.325767442584037781e-02,2.663670666515827179e-02,2.026472054421901703e-02,1.405641157180070877e-02,7.909406907856464386e-03,1.711742952466011047e-03,-4.650182090699672699e-03,-1.128353085368871689e-02,-1.828118227422237396e-02,-2.571446634829044342e-02,-3.362679854035377502e-02,-4.202851653099060059e-02,-5.089313164353370667e-02,-6.015523150563240051e-02,-6.971006840467453003e-02,-7.941497862339019775e-02,-8.909255266189575195e-02,-9.853541105985641479e-02,-1.075125634670257568e-01,-1.157769784331321716e-01,-1.230741515755653381e-01,-1.291513293981552124e-01,-1.337670385837554932e-01,-1.367006003856658936e-01,-1.377611458301544189e-01,-1.367958337068557739e-01,-1.336970031261444092e-01,-1.284078508615493774e-01,-1.209264844655990601e-01,-1.113080903887748718e-01,-9.966525435447692871e-02,-8.616615831851959229e-02,-7.103097438812255859e-02,-5.452634766697883606e-02,-3.695825859904289246e-02,-1.866349391639232635e-02,-4.598652051101188604e-17
0.000000000000000000e+00,1.697063818573951721e-02,3.362474218010902405e-02,4.965488985180854797e-02,6.477158516645431519e-02,7.871136814355850220e-02,9.124405682086944580e-02,1.021787226200103760e-01,1.113683283329010010e-01,1.187127307057380676e-01,1.241601184010505676e-01,1.277066916227340698e-01,1.293947249650955200e-01,1.293090879917144775e-01,1.275723278522491455e-01,1.243386045098304749e-01,1.197867169976234436e-01,1.141123846173286438e-01,1.075202971696853638e-01,1.002161055803298950e-01,9.239872545003890991e-02,8.425325155258178711e-02,7.594474405050277710e-02,6.761313229799270630e-02,5.936945974826812744e-02,5.129354819655418396e-02,4.343316331505775452e-02,3.580476343631744385e-02,2.839566394686698914e-02,2.116762101650238037e-02,1.406157203018665314e-02,7.003370206803083420e-03,-8.977282413979992270e-05,-7.302413228899240494e-03,-1.471388898789882660e-02,-2.239152416586875916e-02,-3.038433939218521118e-02,-3.871753811836242676e-02,-4.738805815577507019e-02,-5.636135116219520569e-02,-6.556959450244903564e-02,-7.491143792867660522e-02,-8.425325155258178711e-02,-9.343203157186508179e-02,-1.022596359252929688e-01,-1.105284020304679871e-01,-1.180178746581077576e-01,-1.245023459196090698e-01,-1.297590285539627075e-01,-1.335764676332473755e-01,-1.357628107070922852e-01,-1.361538767814636230e-01,-1.346202939748764038e-01,-1.310737133026123047e-01,-1.254718899726867676e-01,-1.178220584988594055e-01,-1.081828624010086060e-01,-9.666448086500167847e-02,-8.342699706554412842e-02,-6.867706775665283203e-02,-5.266299843788146973e-02,-3.566827252507209778e-02,-1.800394617021083832e-02,-4.435476447768567983e-17
0.000000000000000000e+00,1.674391701817512512e-02,3.318738564848899841e-02,4.903832077980041504e-02,6.402107328176498413e-02,7.788389176130294800e-02,9.040559828281402588e-02,1.014010980725288391e-01,1.107256934046745300e-01,1.182779595255851746e-01,1.240011230111122131e-01,1.278829127550125122e-01,1.299539357423782349e-01,1.302846372127532959e-01,1.289809346199035645e-01,1.261788755655288696e-01,1.220383495092391968e-01,1.167362108826637268e-01,1.104591265320777893e-01,1.033963486552238464e-01,9.573273360729217529e-02,8.764231950044631958e-02,7.928264886140823364e-02,7.079005986452102661e-02,6.227618828415870667e-02,5.382569879293441772e-02,4.549538344144821167e-02,3.731462731957435608e-02,2.928716875612735748e-02,2.139411866664886475e-02,1.359800714999437332e-02,5.847733933478593826e-03,-1.915848348289728165e-03,-9.753953665494918823e-03,-1.772376522421836853e-02,-2.587250620126724243e-02,-3.423193469643592834e-02,-4.281352460384368896e-02,-5.160457640886306763e-02,-6.056542322039604187e-02,-6.962786614894866943e-02,-7.869498431682586670e-02,-8.764231950044631958e-02,-9.632039070129394531e-02,-1.045585423707962036e-01,-1.121698915958404541e-01,-1.189573332667350769e-01,-1.247202083468437195e-01,-1.292615681886672974e-01,-1.323955953121185303e-01,-1.339549869298934937e-01,-1.337979882955551147e-01,-1.318147927522659302e-01,-1.279330104589462280e-01,-1.221220120787620544e-01,-1.143960431218147278e-01,-1.048157587647438049e-01,-9.348829090595245361e-02,-8.056575059890747070e-02,-6.624219566583633423e-02,-5.074908584356307983e-02,-3.434957936406135559e-02,-1.733157783746719360e-02,-4.269278988222168641e-17
0.000000000000000000e+00,1.656082645058631897e-02,3.283249586820602417e-02,4.853367432951927185e-02,6.339841336011886597e-02,7.718314230442047119e-02,8.967293798923492432e-02,1.006867066025733948e-01,1.100813075900077820e-01,1.177542731165885925e-01,1.236452311277389526e-01,1.277358531951904297e-01,1.300484389066696167e-01,1.306432336568832397e-01,1.296144872903823853e-01,1.270855516195297241e-01,1.232032030820846558e-01,1.181312799453735352e-01,1.120441406965255737e-01,1.051199883222579956e-01,9.753439575433731079e-02,8.945434540510177612e-02,8.103292435407638550e-02,7.240487635135650635e-02,6.368326395750045776e-02,5.495720729231834412e-02,4.629093036055564880e-02,3.772397711873054504e-02,2.927266620099544525e-02,2.093264274299144745e-02,1.268242392688989639e-02,4.487746395170688629e-03,-3.693491220474243164e-03,-1.190591137856245041e-02,-2.019121684134006500e-02,-2.858289331197738647e-02,-3.710126504302024841e-02,-4.574918746948242188e-02,-5.450853332877159119e-02,-6.333768367767333984e-02,-7.217010855674743652e-02,-8.091421425342559814e-02,-8.945434540510177612e-02,-9.765310585498809814e-02,-1.053547561168670654e-01,-1.123897209763526917e-01,-1.185799539089202881e-01,-1.237449496984481812e-01,-1.277082711458206177e-01,-1.303042620420455933e-01,-1.313846558332443237e-01,-1.308249533176422119e-01,-1.285301148891448975e-01,-1.244394928216934204e-01,-1.185307875275611877e-01,-1.108227297663688660e-01,-1.013764813542366028e-01,-9.029565006494522095e-02,-7.772488892078399658e-02,-6.384708732366561890e-02,-4.887925460934638977e-02,-3.306725993752479553e-02,-1.667953468859195709e-02,-4.108249753143000617e-17
0.000000000000000000e+00,1.642344519495964050e-02,3.256396576762199402e-02,4.814615845680236816e-02,6.290940195322036743e-02,7.661459594964981079e-02,8.905018866062164307e-02,1.000372096896171570e-01,1.094332411885261536e-01,1.171351149678230286e-01,1.230803281068801880e-01,1.272470653057098389e-01,1.296529769897460938e-01,1.303526014089584351e-01,1.294337511062622070e-01,1.270129382610321045e-01,1.232298985123634338e-01,1.182416453957557678e-01,1.122162714600563049e-01,1.053265184164047241e-01,9.774369001388549805e-02,8.963185548782348633e-02,8.114277571439743042e-02,7.241157442331314087e-02,6.355345994234085083e-02,5.466146767139434814e-02,4.580537602305412292e-02,3.703178092837333679e-02,2.836531773209571838e-02,1.981090381741523743e-02,1.135694887489080429e-02,2.979306504130363464e-03,-5.354178138077259064e-03,-1.367876958101987839e-02,-2.202780917286872864e-02,-3.042778372764587402e-02,-3.889373689889907837e-02,-4.742522537708282471e-02,-5.600303038954734802e-02,-6.458676606416702271e-02,-7.311353832483291626e-02,-8.149772137403488159e-02,-8.963185548782348633e-02,-9.738874435424804688e-02,-1.046245545148849487e-01,-1.111829653382301331e-01,-1.169000864028930664e-01,-1.216100454330444336e-01,-1.251509934663772583e-01,-1.273712962865829468e-01,-1.281356960535049438e-01,-1.273311525583267212e-01,-1.248722001910209656e-01,-1.207054555416107178e-01,-1.148132979869842529e-01,-1.072163358330726624e-01,-9.797473996877670288e-02,-8.718822896480560303e-02,-7.499474287033081055e-02,-6.156783550977706909e-02,-4.711285233497619629e-02,-3.186199814081192017e-02,-1.606849581003189087e-02,-3.957495093888476259e-17
0.000000000000000000e+00,1.631983928382396698e-02,3.235825523734092712e-02,4.784125834703445435e-02,6.250949203968048096e-02,7.612487673759460449e-02,8.847659081220626831e-02,9.938608855009078979e-02,1.087110191583633423e-01,1.163479313254356384e-01,1.222336962819099426e-01,1.263456046581268311e-01,1.287001818418502808e-01,1.293507069349288940e-01,1.283836811780929565e-01,1.259142756462097168e-01,1.220811083912849426e-01,1.170403212308883667e-01,1.109594330191612244e-01,1.040111035108566284e-01,9.636701643466949463e-02,8.819219470024108887e-02,7.963991165161132812e-02,7.084741443395614624e-02,6.193256378173828125e-02,5.299152806401252747e-02,4.409762471914291382e-02,3.530128672719001770e-02,2.663112245500087738e-02,1.809602789580821991e-02,9.688218124210834503e-03,1.387005555443465710e-03,-6.836828310042619705e-03,-1.501630060374736786e-02,-2.318335138261318207e-02,-3.136404231190681458e-02,-3.957407921552658081e-02,-4.781483858823776245e-02,-5.607013031840324402e-02,-6.430378556251525879e-02,-7.245828211307525635e-02,-8.045444637537002563e-02,-8.819219470024108887e-02,-9.555248171091079712e-02,-1.024002358317375183e-01,-1.085882112383842468e-01,-1.139617115259170532e-01,-1.183638945221900940e-01,-1.216414868831634521e-01,-1.236507520079612732e-01,-1.242633908987045288e-01,-1.233721077442169189e-01,-1.208957880735397339e-01,-1.167838722467422485e-01,-1.110198497772216797e-01,-1.036236956715583801e-01,-9.465317428112030029e-02,-8.420380204916000366e-02,-7.240765541791915894e-02,-5.943088605999946594e-02,-4.547004029154777527e-02,-3.074738569557666779e-02,-1.550530735403299332e-02,-3.818700473674733619e-17
0.000000000000000000e+00,1.622475869953632355e-02,3.216575086116790771e-02,4.754675179719924927e-02,6.210637837648391724e-02,7.560484856367111206e-02,8.783001452684402466e-02,9.860249608755111694e-02,1.077796220779418945e-01,1.152582168579101562e-01,1.209760233759880066e-01,1.249118223786354065e-01,1.270841807126998901e-01,1.275490373373031616e-01,1.263960003852844238e-01,1.237438619136810303e-01,1.197351515293121338e-01,1.145302057266235352e-01,1.083008944988250732e-01,1.012242510914802551e-01,9.347624331712722778e-02,8.522600680589675903e-02,7.663057744503021240e-02,6.783055514097213745e-02,5.894659087061882019e-02,5.007704719901084900e-02,4.129672423005104065e-02,3.265675529837608337e-02,2.418566308915615082e-02,1.589141041040420532e-02,7.764440495520830154e-03,-2.185339108109474182e-04,-8.090127259492874146e-03,-1.588750071823596954e-02,-2.364741265773773193e-02,-3.140135109424591064e-02,-3.917094320058822632e-02,-4.696389287710189819e-02,-5.477060750126838684e-02,-6.256169080734252930e-02,-7.028644531965255737e-02,-7.787239551544189453e-02,-8.522600680589675903e-02,-9.223443269729614258e-02,-9.876836091279983521e-02,-1.046857908368110657e-01,-1.098366454243659973e-01,-1.140679791569709778e-01,-1.172296777367591858e-01,-1.191803142428398132e-01,-1.197930350899696350e-01,-1.189611256122589111e-01,-1.166031584143638611e-01,-1.126673668622970581e-01,-1.071351617574691772e-01,-1.000236198306083679e-01,-9.138680994510650635e-02,-8.131583034992218018e-02,-6.993767619132995605e-02,-5.741281807422637939e-02,-4.393165186047554016e-02,-2.970986254513263702e-02,-1.498294435441493988e-02,-3.690120210537040785e-17
0.000000000000000000e+00,1.610162481665611267e-02,3.191467747092247009e-02,4.715837910771369934e-02,6.156725808978080750e-02,7.489816099405288696e-02,8.693646639585494995e-02,9.750135242938995361e-02,1.064498871564865112e-01,1.136798784136772156e-01,1.191312968730926514e-01,1.227863952517509460e-01,1.246684044599533081e-01,1.248389184474945068e-01,1.233941540122032166e-01,1.204601302742958069e-01,1.161871030926704407e-01,1.107433363795280457e-01,1.043085679411888123e-01,9.706739336252212524e-02,8.920276910066604614e-02,8.088998496532440186e-02,7.229121774435043335e-02,6.355095654726028442e-02,5.479237809777259827e-02,4.611488431692123413e-02,3.759275004267692566e-02,2.927503548562526703e-02,2.118664234876632690e-02,1.333047263324260712e-02,5.690572317689657211e-03,-1.763907028362154961e-03,-9.074112400412559509e-03,-1.628648862242698669e-02,-2.344758994877338409e-02,-3.059896081686019897e-02,-3.777230158448219299e-02,-4.498514533042907715e-02,-5.223727598786354065e-02,-5.950800329446792603e-02,-6.675447523593902588e-02,-7.391107082366943359e-02,-8.088998496532440186e-02,-8.758291602134704590e-02,-9.386387467384338379e-02,-9.959294646978378296e-02,-1.046209409832954407e-01,-1.087947115302085876e-01,-1.119628697633743286e-01,-1.139818355441093445e-01,-1.147218048572540283e-01,-1.140724867582321167e-01,-1.119483783841133118e-01,-1.082932725548744202e-01,-1.030839607119560242e-01,-9.633277356624603271e-02,-8.808903396129608154e-02,-7.843919843435287476e-02,-6.750576198101043701e-02,-5.544486269354820251e-02,-4.244275018572807312e-02,-2.871115878224372864e-02,-1.448177359998226166e-02,-3.566891805962566040e-17
0.000000000000000000e+00,1.590564660727977753e-02,3.151720762252807617e-02,4.654869809746742249e-02,6.073008105158805847e-02,7.381452620029449463e-02,8.558487147092819214e-02,9.585910290479660034e-02,1.044945865869522095e-01,1.113909631967544556e-01,1.164916455745697021e-01,1.197838485240936279e-01,1.212971806526184082e-01,1.211008504033088684e-01,1.192997246980667114e-01,1.160292029380798340e-01,1.114493608474731445e-01,1.057383716106414795e-01,9.908564388751983643e-02,9.168482571840286255e-02,8.372702449560165405e-02,7.539441436529159546e-02,6.685455143451690674e-02,5.825556069612503052e-02,4.972236603498458862e-02,4.135406762361526489e-02,3.322260081768035889e-02,2.537264488637447357e-02,1.782276667654514313e-02,1.056774705648422241e-02,3.581921337172389030e-03,-3.176592523232102394e-03,-9.761002846062183380e-03,-1.623051241040229797e-02,-2.264478616416454315e-02,-2.905847132205963135e-02,-3.551602736115455627e-02,-4.204707592725753784e-02,-4.866250976920127869e-02,-5.535151809453964233e-02,-6.207967922091484070e-02,-6.878820061683654785e-02,-7.539441436529159546e-02,-8.179336786270141602e-02,-8.786071091890335083e-02,-9.345649182796478271e-02,-9.842992573976516724e-02,-1.026248857378959656e-01,-1.058858186006546021e-01,-1.080640181899070740e-01,-1.090238168835639954e-01,-1.086485832929611206e-01,-1.068462580442428589e-01,-1.035540476441383362e-01,-9.874236583709716797e-02,-9.241754561662673950e-02,-8.462339639663696289e-02,-7.544148713350296021e-02,-6.499005109071731567e-02,-5.342163890600204468e-02,-4.091954603791236877e-02,-2.769309096038341522e-02,-1.397199183702468872e-02,-3.441637470631826420e-17
0.000000000000000000e+00,1.558778528124094009e-02,3.087723441421985626e-02,4.557842388749122620e-02,5.941798537969589233e-02,7.214663177728652954e-02,8.354587107896804810e-02,9.343364834785461426e-02,1.016687229275703430e-01,1.081536263227462769e-01,1.128361746668815613e-01,1.157094165682792664e-01,1.168101057410240173e-01,1.162157282233238220e-01,1.140402853488922119e-01,1.104289367794990540e-01,1.055517345666885376e-01,9.959678351879119873e-02,9.276297688484191895e-02,8.525264263153076172e-02,7.726444303989410400e-02,6.898665428161621094e-02,6.059126555919647217e-02,5.222887545824050903e-02,4.402482509613037109e-02,3.607646375894546509e-02,2.845179475843906403e-02,2.118943072855472565e-02,1.429986767470836639e-02,7.767983246594667435e-03,1.556634437292814255e-03,-4.388822708278894424e-03,-1.013530790805816650e-02,-1.575632020831108093e-02,-2.132602594792842865e-02,-2.691340446472167969e-02,-3.257669508457183838e-02,-3.835841268301010132e-02,-4.428113996982574463e-02,-5.034428089857101440e-02,-5.652194470167160034e-02,-6.276204437017440796e-02,-6.898665428161621094e-02,-7.509365677833557129e-02,-8.095957338809967041e-02,-8.644352108240127563e-02,-9.139210730791091919e-02,-9.564511477947235107e-02,-9.904167056083679199e-02,-1.014267504215240479e-01,-1.026576831936836243e-01,-1.026104167103767395e-01,-1.011852845549583435e-01,-9.831204265356063843e-02,-9.395393729209899902e-02,-8.811067789793014526e-02,-8.082011342048645020e-02,-7.215860486030578613e-02,-6.224001199007034302e-02,-5.121330916881561279e-02,-3.925897181034088135e-02,-2.658416703343391418e-02,-1.341700647026300430e-02,-3.305300238581856313e-17
0.000000000000000000e+00,1.509925443679094315e-02,2.989920414984226227e-02,4.410918802022933960e-02,5.745552480220794678e-02,6.968925893306732178e-02,8.059302717447280884e-02,8.998681604862213135e-02,9.773243218660354614e-02,1.037364974617958069e-01,1.079519465565681458e-01,1.103778928518295288e-01,1.110579743981361389e-01,1.100772693753242493e-01,1.075578033924102783e-01,1.036529764533042908e-01,9.854105859994888306e-02,9.241802245378494263e-02,8.549001067876815796e-02,7.796573638916015625e-02,7.004904001951217651e-02,6.193203106522560120e-02,5.378887429833412170e-02,4.577064141631126404e-02,3.800124302506446838e-02,3.057471849024295807e-02,2.355383709073066711e-02,1.697015576064586639e-02,1.082539837807416916e-02,5.094139836728572845e-03,-2.723679936025291681e-04,-5.341412965208292007e-03,-1.019329857081174850e-02,-1.491532381623983383e-02,-1.959554478526115417e-02,-2.431657724082469940e-02,-2.914973907172679901e-02,-3.414975479245185852e-02,-3.935027122497558594e-02,-4.476040229201316833e-02,-5.036241933703422546e-02,-5.611069872975349426e-02,-6.193203106522560120e-02,-6.772722303867340088e-02,-7.337395846843719482e-02,-7.873085141181945801e-02,-8.364246785640716553e-02,-8.794514089822769165e-02,-9.147339314222335815e-02,-9.406662732362747192e-02,-9.557586908340454102e-02,-9.587028622627258301e-02,-9.484317898750305176e-02,-9.241723269224166870e-02,-8.854880928993225098e-02,-8.323102444410324097e-02,-7.649563997983932495e-02,-6.841344386339187622e-02,-5.909334495663642883e-02,-4.867997393012046814e-02,-3.735002875328063965e-02,-2.530742809176445007e-02,-1.277743279933929443e-02,-3.148133275218820885e-17
0.000000000000000000e+00,1.439613848924636841e-02,2.849717065691947937e-02,4.201669245958328247e-02,5.468541011214256287e-02,6.625891476869583130e-02,7.652459293603897095e-02,8.530741930007934570e-02,9.247440099716186523e-02,9.793757647275924683e-02,1.016554459929466248e-01,1.036327853798866272e-01,1.039189249277114868e-01,1.026045083999633789e-01,9.981693327426910400e-02,9.571462124586105347e-02,9.048036485910415649e-02,8.431404829025268555e-02,7.742493599653244019e-02,7.002396136522293091e-02,6.231615692377090454e-02,5.449369922280311584e-02,4.672962427139282227e-02,3.917258977890014648e-02,3.194282948970794678e-02,2.512942068278789520e-02,1.878893561661243439e-02,1.294556446373462677e-02,7.592598441988229752e-03,2.695250790566205978e-03,-1.805368694476783276e-03,-5.987291689962148666e-03,-9.941971860826015472e-03,-1.376806106418371201e-02,-1.756496168673038483e-02,-2.142642624676227570e-02,-2.543448470532894135e-02,-2.965396828949451447e-02,-3.412785753607749939e-02,-3.887365758419036865e-02,-4.388098791241645813e-02,-4.911041259765625000e-02,-5.449369922280311584e-02,-5.993536487221717834e-02,-6.531555950641632080e-02,-7.049410790205001831e-02,-7.531561702489852905e-02,-7.961533218622207642e-02,-8.322569727897644043e-02,-8.598310500383377075e-02,-8.773479610681533813e-02,-8.834549784660339355e-02,-8.770352602005004883e-02,-8.572618663311004639e-02,-8.236414939165115356e-02,-7.760468870401382446e-02,-7.147359102964401245e-02,-6.403567641973495483e-02,-5.539388209581375122e-02,-4.568697512149810791e-02,-3.508586436510086060e-02,-2.378877252340316772e-02,-1.201534830033779144e-02,-2.960751389312693484e-17
0.000000000000000000e+00,1.344374567270278931e-02,2.660331875085830688e-02,3.920308873057365417e-02,5.098420754075050354e-02,6.171223893761634827e-02,7.118393480777740479e-02,7.923287153244018555e-02,8.573382347822189331e-02,9.060563147068023682e-02,9.381258487701416016e-02,9.536417573690414429e-02,9.531332552433013916e-02,9.375317394733428955e-02,9.081249684095382690e-02,8.664999902248382568e-02,8.144774287939071655e-02,7.540387660264968872e-02,6.872505694627761841e-02,6.161872297525405884e-02,5.428573861718177795e-02,4.691340029239654541e-02,3.966931998729705811e-02,3.269625082612037659e-02,2.610813640058040619e-02,1.998743042349815369e-02,1.438385527580976486e-02,9.314559400081634521e-03,4.765674471855163574e-03,6.951746763661503792e-04,-2.963107079267501831e-03,-6.294481456279754639e-03,-9.397657588124275208e-03,-1.237849611788988113e-02,-1.534353476017713547e-02,-1.839357241988182068e-02,-2.161756902933120728e-02,-2.508714981377124786e-02,-2.885191515088081360e-02,-3.293579071760177612e-02,-3.733456134796142578e-02,-4.201466962695121765e-02,-4.691340029239654541e-02,-5.194038897752761841e-02,-5.698041617870330811e-02,-6.189739704132080078e-02,-6.653939932584762573e-02,-7.074444741010665894e-02,-7.434698939323425293e-02,-7.718459516763687134e-02,-7.910481840372085571e-02,-7.997172325849533081e-02,-7.967203110456466675e-02,-7.812044769525527954e-02,-7.526402920484542847e-02,-7.108546048402786255e-02,-6.560496985912322998e-02,-5.888092145323753357e-02,-5.100894346833229065e-02,-4.211972281336784363e-02,-3.237543255090713501e-02,-2.196501009166240692e-02,-1.109839603304862976e-02,-2.735145487300490673e-17
0.000000000000000000e+00,1.222028955817222595e-02,2.417519129812717438e-02,3.560742735862731934e-02,4.627563804388046265e-02,5.596163496375083923e-02,6.447679549455642700e-02,7.166743278503417969e-02,7.741887122392654419e-02,8.165819942951202393e-02,8.435548841953277588e-02,8.552354574203491211e-02,8.521619439125061035e-02,8.352510631084442139e-02,8.057545870542526245e-02,7.652042806148529053e-02,7.153487205505371094e-02,6.580840051174163818e-02,5.953807383775711060e-02,5.292110145092010498e-02,4.614771902561187744e-02,3.939459845423698425e-02,3.281897678971290588e-02,2.655376493930816650e-02,2.070377953350543976e-02,1.534325443208217621e-02,1.051468029618263245e-02,6.229020189493894577e-03,2.467254176735877991e-03,-8.168251370079815388e-04,-3.692705649882555008e-03,-6.248310208320617676e-03,-8.584433235228061676e-03,-1.080869883298873901e-02,-1.302930247038602829e-02,-1.534880604594945908e-02,-1.785824261605739594e-02,-2.063179761171340942e-02,-2.372226491570472717e-02,-2.715751156210899353e-02,-3.093805350363254547e-02,-3.503588214516639709e-02,-3.939459845423698425e-02,-4.393081367015838623e-02,-4.853681474924087524e-02,-5.308433994650840759e-02,-5.742938816547393799e-02,-6.141775846481323242e-02,-6.489120423793792725e-02,-6.769391149282455444e-02,-6.967898458242416382e-02,-7.071478664875030518e-02,-7.069080322980880737e-02,-6.952274590730667114e-02,-6.715679168701171875e-02,-6.357274204492568970e-02,-5.878587812185287476e-02,-5.284757539629936218e-02,-4.584451764822006226e-02,-3.789662942290306091e-02,-2.915369533002376556e-02,-1.979090459644794464e-02,-1.000338420271873474e-02,-2.465572785061501804e-17
0.000000000000000000e+00,1.071958057582378387e-02,2.120096050202846527e-02,3.121331520378589630e-02,4.054029658436775208e-02,4.898662120103836060e-02,5.638389661908149719e-02,6.259546428918838501e-02,6.752011179924011230e-02,7.109455764293670654e-02,7.329451292753219604e-02,7.413441687822341919e-02,7.366587221622467041e-02,7.197467237710952759e-02,6.917685270309448242e-02,6.541360169649124146e-02,6.084546074271202087e-02,5.564601346850395203e-02,4.999516904354095459e-02,4.407249018549919128e-02,3.805068507790565491e-02,3.208959847688674927e-02,2.633083239197731018e-02,2.089332416653633118e-02,1.586990989744663239e-02,1.132508181035518646e-02,7.293966133147478104e-03,3.782562213018536568e-03,7.692002109251916409e-04,-1.792852999642491341e-03,-3.971768077462911606e-03,-5.852668080478906631e-03,-7.532486226409673691e-03,-9.114384651184082031e-03,-1.070197392255067825e-02,-1.239358820021152496e-02,-1.427684165537357330e-02,-1.642371155321598053e-02,-1.888635009527206421e-02,-2.169379591941833496e-02,-2.484973147511482239e-02,-2.833138033747673035e-02,-3.208959847688674927e-02,-3.605013713240623474e-02,-4.011608287692070007e-02,-4.417128115892410278e-02,-4.808474332094192505e-02,-5.171571671962738037e-02,-5.491931736469268799e-02,-5.755246803164482117e-02,-5.947984755039215088e-02,-6.057971715927124023e-02,-6.074926629662513733e-02,-5.990935489535331726e-02,-5.800841003656387329e-02,-5.502528697252273560e-02,-5.097107216715812683e-02,-4.588961601257324219e-02,-3.985687717795372009e-02,-3.297902643680572510e-02,-2.538942918181419373e-02,-1.724455505609512329e-02,-8.719032630324363708e-03,-2.149235261455705005e-17
0.000000000000000000e+00,8.952483534812927246e-03,1.770227588713169098e-02,2.605302445590496063e-02,3.382083401083946228e-02,4.083990678191184998e-02,4.696757346391677856e-02,5.208842828869819641e-02,5.611753091216087341e-02,5.900249257683753967e-02,6.072440743446350098e-02,6.129759550094604492e-02,6.076819449663162231e-02,5.921163782477378845e-02,5.672914907336235046e-02,5.344339832663536072e-02,4.949347302317619324e-02,4.502936825156211853e-02,4.020624235272407532e-02,3.517862409353256226e-02,3.009480051696300507e-02,2.509161829948425293e-02,2.028988860547542572e-02,1.579053327441215515e-02,1.167167350649833679e-02,7.986693643033504486e-03,4.763397853821516037e-03,2.004233654588460922e-03,-3.124087525065988302e-04,-2.229915931820869446e-03,-3.810282098129391670e-03,-5.130199249833822250e-03,-6.276577711105346680e-03,-7.341686170548200607e-03,-8.418126963078975677e-03,-9.593850001692771912e-03,-1.094741839915513992e-02,-1.254373230040073395e-02,-1.443037856370210648e-02,-1.663476601243019104e-02,-1.916216686367988586e-02,-2.199474722146987915e-02,-2.509161829948425293e-02,-2.838994190096855164e-02,-3.180699050426483154e-02,-3.524314984679222107e-02,-3.858568519353866577e-02,-4.171314090490341187e-02,-4.450021684169769287e-02,-4.682289063930511475e-02,-4.856359213590621948e-02,-4.961622506380081177e-02,-4.989081993699073792e-02,-4.931762814521789551e-02,-4.785052314400672913e-02,-4.546948894858360291e-02,-4.218216985464096069e-02,-3.802438825368881226e-02,-3.305957466363906860e-02,-2.737714722752571106e-02,-2.108993194997310638e-02,-1.433064043521881104e-02,-7.247624453157186508e-03,-1.786689443599225952e-17
0.000000000000000000e+00,6.946987006813287735e-03,1.373439654707908630e-02,2.020768262445926666e-02,2.622218243777751923e-02,3.164760023355484009e-02,3.637197613716125488e-02,4.030498489737510681e-02,4.338046908378601074e-02,4.555806145071983337e-02,4.682394117116928101e-02,4.719059541821479797e-02,4.669569805264472961e-02,4.540008306503295898e-02,4.338495060801506042e-02,4.074839502573013306e-02,3.760138899087905884e-02,3.406340628862380981e-02,3.025783598423004150e-02,2.630737051367759705e-02,2.232953906059265137e-02,1.843257807195186615e-02,1.471176929771900177e-02,1.124639343470335007e-02,8.097408339381217957e-03,5.305935628712177277e-03,2.892591990530490875e-03,8.576969266869127750e-04,-8.176822448149323463e-04,-2.169890329241752625e-03,-3.250139765441417694e-03,-4.121376201510429382e-03,-4.854687489569187164e-03,-5.525412969291210175e-03,-6.209121085703372955e-03,-6.977614015340805054e-03,-7.895143702626228333e-03,-9.014984592795372009e-03,-1.037651021033525467e-02,-1.200289744883775711e-02,-1.389955356717109680e-02,-1.605333387851715088e-02,-1.843257807195186615e-02,-2.098797447979450226e-02,-2.365420944988727570e-02,-2.635234780609607697e-02,-2.899282984435558319e-02,-3.147899359464645386e-02,-3.371094912290573120e-02,-3.558965399861335754e-02,-3.702107071876525879e-02,-3.792014718055725098e-02,-3.821453079581260681e-02,-3.784787654876708984e-02,-3.678250685334205627e-02,-3.500145673751831055e-02,-3.250968828797340393e-02,-2.933452650904655457e-02,-2.552520669996738434e-02,-2.115160785615444183e-02,-1.630219444632530212e-02,-1.108123641461133957e-02,-5.605422891676425934e-03,-1.381947736489375618e-17
0.000000000000000000e+00,4.746873397380113602e-03,9.383582510054111481e-03,1.380345690995454788e-02,1.790668442845344543e-02,2.160342596471309662e-02,2.481657452881336212e-02,2.748402953147888184e-02,2.956046164035797119e-02,3.101843595504760742e-02,3.184892609715461731e-02,3.206113725900650024e-02,3.168173879384994507e-02,3.075342811644077301e-02,2.933299168944358826e-02,2.748887985944747925e-02,2.529842033982276917e-02,2.284476347267627716e-02,2.021368592977523804e-02,1.749038323760032654e-02,1.475637592375278473e-02,1.208661776036024094e-02,9.546967223286628723e-03,7.192064076662063599e-03,5.063722375780344009e-03,3.189883660525083542e-03,1.584160258062183857e-03,2.459861570969223976e-04,-8.386443951167166233e-04,-1.695887302048504353e-03,-2.362267579883337021e-03,-2.882487373426556587e-03,-3.306916682049632072e-03,-3.688875352963805199e-03,-4.081822000443935394e-03,-4.536566790193319321e-03,-5.098626017570495605e-03,-5.805828608572483063e-03,-6.686275824904441833e-03,-7.756734266877174377e-03,-9.021538309752941132e-03,-1.047203689813613892e-02,-1.208661776036024094e-02,-1.383130624890327454e-02,-1.566090993583202362e-02,-1.752067357301712036e-02,-1.934837177395820618e-02,-2.107675187289714813e-02,-2.263624034821987152e-02,-2.395777963101863861e-02,-2.497571893036365509e-02,-2.563059702515602112e-02,-2.587173506617546082e-02,-2.565952017903327942e-02,-2.496729418635368347e-02,-2.378275245428085327e-02,-2.210881933569908142e-02,-1.996393315494060516e-02,-1.738175749778747559e-02,-1.441029179841279984e-02,-1.111044455319643021e-02,-7.554108276963233948e-03,-3.821803955361247063e-03,-9.422654239969178622e-18
0.000000000000000000e+00,2.409085864201188087e-03,4.761918447911739349e-03,7.004035171121358871e-03,9.084485471248626709e-03,1.095743104815483093e-02,1.258355006575584412e-02,1.393121294677257538e-02,1.497737690806388855e-02,1.570816338062286377e-02,1.611911691725254059e-02,1.621512137353420258e-02,1.600998826324939728e-02,1.552573405206203461e-02,1.479157805442810059e-02,1.384269539266824722e-02,1.271878741681575775e-02,1.146251428872346878e-02,1.011785771697759628e-02,8.728472515940666199e-03,7.336097303777933121e-03,5.979077890515327454e-03,4.691065754741430283e-03,3.499933518469333649e-03,2.426950959488749504e-03,1.486249035224318504e-03,6.845896714366972446e-04,2.144487189070787281e-05,-5.106214084662497044e-04,-9.252884192392230034e-04,-1.241562189534306526e-03,-1.482647261582314968e-03,-1.674656174145638943e-03,-1.845212304033339024e-03,-2.022003754973411560e-03,-2.231350634247064590e-03,-2.496845787391066551e-03,-2.838123124092817307e-03,-3.269808599725365639e-03,-3.800694830715656281e-03,-4.433174617588520050e-03,-5.162957124412059784e-03,-5.979077890515327454e-03,-6.864205934107303619e-03,-7.795231882482767105e-03,-8.744114078581333160e-03,-9.678955189883708954e-03,-1.056525390595197678e-02,-1.136729400604963303e-02,-1.204960606992244720e-02,-1.257844269275665283e-02,-1.292321365326642990e-02,-1.305781770497560501e-02,-1.296181324869394302e-02,-1.262138877063989639e-02,-1.203008461743593216e-02,-1.118924096226692200e-02,-1.010814867913722992e-02,-8.803897537291049957e-03,-7.300926372408866882e-03,-5.630291067063808441e-03,-3.828677581623196602e-03,-1.937194727361202240e-03,-4.776294712475116658e-18
0.000000000000000000e+00,5.945942574285817468e-18,1.175276164134634121e-17,1.728576696844925546e-17,2.241896529982262697e-17,2.703901386639260223e-17,3.104871398310052517e-17,3.436990369950503510e-17,3.694567795254615904e-17,3.874181793464380333e-17,3.974743464021431992e-17,3.997475710743369278e-17,3.945810009683307169e-17,3.825209061606545862e-17,3.642916983445579750e-17,3.407651927984472725e-17,3.129250065323215349e-17,2.818279124095540082e-17,2.485630260554687619e-17,2.142113070945500926e-17,1.798059206554889828e-17,1.462958083370062659e-17,1.145134281639630580e-17,8.514785467384053310e-18,5.872445508908949577e-18,3.559159238878359082e-18,1.591494774768989263e-18,-3.205007895447312506e-20,-1.330099083757332093e-18,-2.336748834515350848e-18,-3.099295208364710047e-18,-3.675437258355857012e-18,-4.130077229710927400e-18,-4.531857051201409109e-18,-4.949573747963643725e-18,-5.448629595900055211e-18,-6.087658879141158658e-18,-6.915480143078608653e-18,-7.968491402616269796e-18,-9.268627419647516998e-18,-1.082195266883328278e-17,-1.261795616612985583e-17,-1.462958083370062659e-17,-1.681397788863473570e-17,-1.911396350800577979e-17,-2.146012069480830877e-17,-2.377345700926595872e-17,-2.596851642229587636e-17,-2.795680880632836387e-17,-2.965044125819598676e-17,-3.096576761999615777e-17,-3.182694535572511488e-17,-3.216924261936690837e-17,-3.194192015214753551e-17,-3.111066650225829673e-17,-2.965935495647685819e-17,-2.759117512324522437e-17,-2.492900516394538690e-17,-2.171502963545632510e-17,-1.800963272249440998e-17,-1.388958505771068804e-17,-9.445594439897111739e-18,-4.779328810961961163e-18,-1.178390107687141287e-32
