1.417421735823154449e-02,1.098735444247722626e-02,9.981429204344749451e-03,-4.683542530983686447e-03,-2.805608557537198067e-03,6.947774672880768776e-04,2.153241308405995369e-03,3.187188878655433655e-03,2.852109959349036217e-03,5.634059780277311802e-04,1.193144009448587894e-03,3.143195062875747681e-03,2.667025197297334671e-03,1.039660419337451458e-03,1.117908905143849552e-04,6.571001722477376461e-04,-1.032549538649618626e-03,2.147898921975865960e-04,-2.790598897263407707e-03,-1.339441747404634953e-03,-4.994203336536884308e-03,-2.063820138573646545e-03,-5.608726292848587036e-03,-2.195224864408373833e-03,-6.059606559574604034e-03,-3.069283906370401382e-03,-5.921706557273864746e-03,-3.927852958440780640e-03,-6.673391908407211304e-03,-5.879478529095649719e-03,-6.904080510139465332e-03,-6.371618714183568954e-03,-7.053746376186609268e-03,-7.241477258503437042e-03,-7.863803766667842865e-03,-8.352732285857200623e-03,-8.924694731831550598e-03,-7.148628123104572296e-03,-8.580249734222888947e-03,-5.749793257564306259e-03,-7.163130678236484528e-03,-3.670365782454609871e-03,-4.769464489072561264e-03,-9.784427238628268242e-04,-2.515601692721247673e-03,-8.979597478173673153e-04,-2.864651149138808250e-03,7.577367359772324562e-04,-1.406658673658967018e-03,-5.991676007397472858e-04,-1.018068753182888031e-03,7.723695016466081142e-04,1.189465285278856754e-03,2.560494758654385805e-04,-2.850476303137838840e-04,3.295096685178577900e-04,6.509669474326074123e-04,-1.924748648889362812e-04,1.938723289640620351e-04,4.410841036587953568e-03,8.020822890102863312e-03,-2.061679493635892868e-03,-2.101448364555835724e-03,-8.108011446893215179e-03
-3.103158087469637394e-04,4.308301024138927460e-03,9.299855679273605347e-03,2.306872745975852013e-03,3.953899256885051727e-03,3.240027930587530136e-03,4.421326331794261932e-03,-1.217885757796466351e-03,-8.021824760362505913e-04,-5.994240753352642059e-03,-7.513199001550674438e-03,-1.116146054118871689e-02,-1.326355524361133575e-02,-2.051747031509876251e-02,-2.314460463821887970e-02,-2.959672920405864716e-02,-3.487842157483100891e-02,-3.815511614084243774e-02,-4.040194675326347351e-02,-4.369363933801651001e-02,-4.642102494835853577e-02,-4.792603477835655212e-02,-4.753823950886726379e-02,-4.815017804503440857e-02,-4.927122965455055237e-02,-4.858513921499252319e-02,-4.773475974798202515e-02,-4.811361804604530334e-02,-4.739633947610855103e-02,-4.992508515715599060e-02,-4.793006926774978638e-02,-4.962685704231262207e-02,-4.792120680212974548e-02,-5.050830170512199402e-02,-4.756642878055572510e-02,-4.923141375184059143e-02,-4.593408107757568359e-02,-4.672291874885559082e-02,-4.218548536300659180e-02,-4.157514870166778564e-02,-3.627098724246025085e-02,-3.567073494195938110e-02,-3.131888434290885925e-02,-3.122281096875667572e-02,-2.708628028631210327e-02,-2.810486219823360443e-02,-2.416644990444183350e-02,-2.538861520588397980e-02,-2.338263951241970062e-02,-2.360538579523563385e-02,-2.155297435820102692e-02,-2.420621737837791443e-02,-2.213022485375404358e-02,-2.703852578997612000e-02,-2.270505204796791077e-02,-2.672591805458068848e-02,-2.155477367341518402e-02,-2.596712857484817505e-02,-2.111157029867172241e-02,-1.851916499435901642e-02,-1.054822746664285660e-02,-1.036062464118003845e-02,1.660560337768401951e-05,-2.676426898688077927e-03
5.526254884898662567e-03,3.765434492379426956e-03,1.835521496832370758e-02,1.939372904598712921e-02,2.008436061441898346e-02,2.140977419912815094e-02,2.026969566941261292e-02,1.491675991564989090e-02,8.732647635042667389e-03,-1.696976250968873501e-03,-6.844487506896257401e-03,-1.906078122556209564e-02,-2.605356089770793915e-02,-3.982594236731529236e-02,-4.562134668231010437e-02,-5.986690893769264221e-02,-6.683795154094696045e-02,-7.547859102487564087e-02,-7.941915094852447510e-02,-8.678758889436721802e-02,-9.038334339857101440e-02,-9.114725887775421143e-02,-9.239929169416427612e-02,-9.245391935110092163e-02,-9.363269805908203125e-02,-9.217665344476699829e-02,-9.299256652593612671e-02,-9.389371424913406372e-02,-9.519550949335098267e-02,-9.561631828546524048e-02,-9.532079100608825684e-02,-9.742733091115951538e-02,-9.613661468029022217e-02,-9.702087938785552979e-02,-9.492947906255722046e-02,-9.440049529075622559e-02,-9.104700386524200439e-02,-8.620653301477432251e-02,-8.220104873180389404e-02,-7.336194068193435669e-02,-6.779503077268600464e-02,-5.960017442703247070e-02,-5.615398660302162170e-02,-4.864433407783508301e-02,-4.523265734314918518e-02,-4.104454442858695984e-02,-4.012616723775863647e-02,-3.804049268364906311e-02,-3.910688310861587524e-02,-3.961676731705665588e-02,-3.898033127188682556e-02,-4.417183995246887207e-02,-4.397776722908020020e-02,-5.117019265890121460e-02,-4.746288806200027466e-02,-5.181772261857986450e-02,-4.701961576938629150e-02,-5.062858015298843384e-02,-4.356037825345993042e-02,-3.762663528323173523e-02,-2.589577808976173401e-02,-1.700950041413307190e-02,-5.429931450635194778e-03,-7.463455549441277981e-04
4.779879003763198853e-03,4.930842667818069458e-03,1.564601249992847443e-02,1.613567210733890533e-02,1.936423033475875854e-02,2.429359592497348785e-02,2.140701562166213989e-02,1.391660049557685852e-02,7.294188253581523895e-03,-4.164538811892271042e-03,-1.703864894807338715e-02,-3.112988360226154327e-02,-4.459163546562194824e-02,-5.907019227743148804e-02,-7.276073843240737915e-02,-8.609614521265029907e-02,-9.938328713178634644e-02,-1.088348701596260071e-01,-1.194798648357391357e-01,-1.255031228065490723e-01,-1.335474103689193726e-01,-1.346736699342727661e-01,-1.395338028669357300e-01,-1.392262727022171021e-01,-1.391759663820266724e-01,-1.388574391603469849e-01,-1.397616118192672729e-01,-1.409385949373245239e-01,-1.393159329891204834e-01,-1.416147798299789429e-01,-1.406279653310775757e-01,-1.411634534597396851e-01,-1.386662721633911133e-01,-1.385161280632019043e-01,-1.358073204755783081e-01,-1.332748979330062866e-01,-1.274535357952117920e-01,-1.229037195444107056e-01,-1.156305298209190369e-01,-1.078818887472152710e-01,-9.918371587991714478e-02,-9.044126421213150024e-02,-8.449053764343261719e-02,-7.821163535118103027e-02,-7.032048702239990234e-02,-6.738859415054321289e-02,-6.389675289392471313e-02,-6.448151916265487671e-02,-6.349352747201919556e-02,-6.550510972738265991e-02,-6.644292920827865601e-02,-7.306012511253356934e-02,-7.271215319633483887e-02,-7.731044292449951172e-02,-7.623463869094848633e-02,-7.678237557411193848e-02,-7.267653197050094604e-02,-7.139879465103149414e-02,-6.552851945161819458e-02,-5.646300688385963440e-02,-4.340199381113052368e-02,-3.174143284559249878e-02,-1.249156426638364792e-02,-1.567275496199727058e-03
1.187773048877716064e-02,7.410007994621992111e-03,2.109723724424839020e-02,2.205944806337356567e-02,2.753410115838050842e-02,3.078752197325229645e-02,2.721598185598850250e-02,1.928040385246276855e-02,1.013492885977029800e-02,-5.050227046012878418e-03,-2.074615284800529480e-02,-4.107643291354179382e-02,-5.925233289599418640e-02,-7.999616116285324097e-02,-9.728050976991653442e-02,-1.143052279949188232e-01,-1.301274001598358154e-01,-1.443240940570831299e-01,-1.575040370225906372e-01,-1.676006168127059937e-01,-1.750703155994415283e-01,-1.793892681598663330e-01,-1.832636147737503052e-01,-1.853431761264801025e-01,-1.837124824523925781e-01,-1.853999197483062744e-01,-1.854277849197387695e-01,-1.869584918022155762e-01,-1.852100044488906860e-01,-1.878598183393478394e-01,-1.859466880559921265e-01,-1.862112432718276978e-01,-1.821941733360290527e-01,-1.831009835004806519e-01,-1.793106347322463989e-01,-1.751093119382858276e-01,-1.684775352478027344e-01,-1.596122384071350098e-01,-1.521264612674713135e-01,-1.405547112226486206e-01,-1.293535083532333374e-01,-1.177983582019805908e-01,-1.101676598191261292e-01,-1.002616435289382935e-01,-9.347237646579742432e-02,-8.695543557405471802e-02,-8.633892983198165894e-02,-8.380678296089172363e-02,-8.501605689525604248e-02,-8.696155995130538940e-02,-9.058460593223571777e-02,-9.548596292734146118e-02,-9.729494154453277588e-02,-1.001011356711387634e-01,-9.906546771526336670e-02,-9.916643053293228149e-02,-9.344492852687835693e-02,-9.364497661590576172e-02,-8.391337841749191284e-02,-7.106725871562957764e-02,-5.353337898850440979e-02,-3.945475444197654724e-02,-1.785232685506343842e-02,-4.427949897944927216e-03
6.435813382267951965e-03,6.748633924871683121e-03,1.822844333946704865e-02,2.538632415235042572e-02,3.220931813120841980e-02,3.229014948010444641e-02,2.814816124737262726e-02,1.853165775537490845e-02,3.969151526689529419e-03,-1.178892049938440323e-02,-3.120559826493263245e-02,-5.480097606778144836e-02,-7.751445472240447998e-02,-1.014711558818817139e-01,-1.210447624325752258e-01,-1.405787020921707153e-01,-1.603518575429916382e-01,-1.765488088130950928e-01,-1.943020820617675781e-01,-2.054524272680282593e-01,-2.168982774019241333e-01,-2.200348526239395142e-01,-2.275667935609817505e-01,-2.272801399230957031e-01,-2.292227745056152344e-01,-2.285441905260086060e-01,-2.309076189994812012e-01,-2.293655723333358765e-01,-2.291784435510635376e-01,-2.294461578130722046e-01,-2.287262082099914551e-01,-2.272931039333343506e-01,-2.236381471157073975e-01,-2.224899977445602417e-01,-2.182444483041763306e-01,-2.137372195720672607e-01,-2.053211778402328491e-01,-1.971505880355834961e-01,-1.871016174554824829e-01,-1.744868904352188110e-01,-1.617711484432220459e-01,-1.479246467351913452e-01,-1.372447609901428223e-01,-1.265797764062881470e-01,-1.158482804894447327e-01,-1.125402152538299561e-01,-1.083436533808708191e-01,-1.074528396129608154e-01,-1.079147756099700928e-01,-1.110871881246566772e-01,-1.145862117409706116e-01,-1.210070401430130005e-01,-1.219166889786720276e-01,-1.260407567024230957e-01,-1.231999397277832031e-01,-1.237107589840888977e-01,-1.192380115389823914e-01,-1.149802803993225098e-01,-1.047695651650428772e-01,-8.877956122159957886e-02,-7.018732279539108276e-02,-5.119889602065086365e-02,-2.473058737814426422e-02,-4.272760357707738876e-03
1.141040865331888199e-02,6.852372549474239349e-03,2.311115525662899017e-02,2.796463482081890106e-02,3.459022194147109985e-02,3.360630571842193604e-02,2.832938916981220245e-02,1.602558977901935577e-02,3.230742586310952902e-04,-1.756467297673225403e-02,-4.146736487746238708e-02,-6.721542030572891235e-02,-9.469772875308990479e-02,-1.201488375663757324e-01,-1.444219201803207397e-01,-1.668256521224975586e-01,-1.895237267017364502e-01,-2.112256586551666260e-01,-2.289080023765563965e-01,-2.453446537256240845e-01,-2.538202106952667236e-01,-2.623787522315979004e-01,-2.659870386123657227e-01,-2.717186510562896729e-01,-2.701651453971862793e-01,-2.731174230575561523e-01,-2.709844112396240234e-01,-2.727518677711486816e-01,-2.691926956176757812e-01,-2.705318629741668701e-01,-2.669404447078704834e-01,-2.669673562049865723e-01,-2.625695168972015381e-01,-2.615017890930175781e-01,-2.552965879440307617e-01,-2.503821849822998047e-01,-2.397646456956863403e-01,-2.321779280900955200e-01,-2.192950546741485596e-01,-2.062802463769912720e-01,-1.934718936681747437e-01,-1.774611771106719971e-01,-1.660772114992141724e-01,-1.527161300182342529e-01,-1.444790810346603394e-01,-1.385902166366577148e-01,-1.357931643724441528e-01,-1.328603327274322510e-01,-1.354769915342330933e-01,-1.353976577520370483e-01,-1.398832201957702637e-01,-1.438115984201431274e-01,-1.469045579433441162e-01,-1.495610028505325317e-01,-1.469918936491012573e-01,-1.492720246315002441e-01,-1.422860026359558105e-01,-1.375877559185028076e-01,-1.207471489906311035e-01,-1.052483916282653809e-01,-8.033528178930282593e-02,-5.956887453794479370e-02,-2.728660963475704193e-02,-7.224753033369779587e-03
9.379422292113304138e-03,7.388537283986806870e-03,2.163457125425338745e-02,2.513923496007919312e-02,3.320903331041336060e-02,2.918884530663490295e-02,2.405146695673465729e-02,9.268620982766151428e-03,-8.304266259074211121e-03,-3.170042484998703003e-02,-5.633829161524772644e-02,-8.486612141132354736e-02,-1.159565374255180359e-01,-1.458469629287719727e-01,-1.700263619422912598e-01,-1.958152800798416138e-01,-2.208584696054458618e-01,-2.457219660282135010e-01,-2.647857069969177246e-01,-2.807998955249786377e-01,-2.914229631423950195e-01,-2.987269461154937744e-01,-3.077196180820465088e-01,-3.093314766883850098e-01,-3.091733753681182861e-01,-3.106288015842437744e-01,-3.133304715156555176e-01,-3.131811022758483887e-01,-3.083877265453338623e-01,-3.091895878314971924e-01,-3.085712194442749023e-01,-3.051813542842864990e-01,-2.981855571269989014e-01,-2.969989180564880371e-01,-2.916139066219329834e-01,-2.847641706466674805e-01,-2.705596089363098145e-01,-2.610354423522949219e-01,-2.500808537006378174e-01,-2.357955425977706909e-01,-2.198074907064437866e-01,-2.038131505250930786e-01,-1.907650828361511230e-01,-1.797464191913604736e-01,-1.678461283445358276e-01,-1.622754484415054321e-01,-1.600368469953536987e-01,-1.593385040760040283e-01,-1.607478111982345581e-01,-1.623790711164474487e-01,-1.680305600166320801e-01,-1.752685755491256714e-01,-1.729540824890136719e-01,-1.763601899147033691e-01,-1.761638075113296509e-01,-1.750476807355880737e-01,-1.671402454376220703e-01,-1.574937850236892700e-01,-1.419354975223541260e-01,-1.203458160161972046e-01,-9.354177117347717285e-02,-6.701587885618209839e-02,-3.245479986071586609e-02,-5.546376574784517288e-03
1.241329219192266464e-02,3.435882739722728729e-03,1.941444352269172668e-02,2.033486217260360718e-02,2.710487693548202515e-02,2.193807996809482574e-02,1.248060446232557297e-02,-2.422964898869395256e-03,-2.234843373298645020e-02,-4.544802382588386536e-02,-7.429917901754379272e-02,-1.034270226955413818e-01,-1.382863819599151611e-01,-1.660046279430389404e-01,-1.959320753812789917e-01,-2.235558927059173584e-01,-2.532713115215301514e-01,-2.778985202312469482e-01,-2.983751296997070312e-01,-3.140503466129302979e-01,-3.264475166797637939e-01,-3.378558158874511719e-01,-3.429513871669769287e-01,-3.492881357669830322e-01,-3.484570980072021484e-01,-3.526947498321533203e-01,-3.489802181720733643e-01,-3.506123423576354980e-01,-3.470936417579650879e-01,-3.479747474193572998e-01,-3.424069583415985107e-01,-3.385103344917297363e-01,-3.341276943683624268e-01,-3.306861519813537598e-01,-3.227083086967468262e-01,-3.133780360221862793e-01,-3.012948930263519287e-01,-2.929837405681610107e-01,-2.802717387676239014e-01,-2.664924860000610352e-01,-2.509831786155700684e-01,-2.359286993741989136e-01,-2.228649854660034180e-01,-2.092135399580001831e-01,-1.981940418481826782e-01,-1.931120902299880981e-01,-1.917422711849212646e-01,-1.887114942073822021e-01,-1.912976056337356567e-01,-1.911249607801437378e-01,-1.977040618658065796e-01,-1.983875334262847900e-01,-2.001805901527404785e-01,-2.015684843063354492e-01,-2.018522322177886963e-01,-2.006090730428695679e-01,-1.890314072370529175e-01,-1.786762028932571411e-01,-1.561248302459716797e-01,-1.335743218660354614e-01,-1.014851331710815430e-01,-7.435773313045501709e-02,-3.412191197276115417e-02,-7.028913125395774841e-03
9.222326800227165222e-03,4.338148050010204315e-03,1.203950680792331696e-02,1.508014742285013199e-02,2.063045836985111237e-02,1.158739998936653137e-02,1.712839351966977119e-03,-1.482467539608478546e-02,-3.810102865099906921e-02,-6.620635092258453369e-02,-9.561990201473236084e-02,-1.277654320001602173e-01,-1.615015715360641479e-01,-1.928035169839859009e-01,-2.226634919643402100e-01,-2.528645992279052734e-01,-2.817742228507995605e-01,-3.101662695407867432e-01,-3.307137787342071533e-01,-3.486752510070800781e-01,-3.618975281715393066e-01,-3.707408607006072998e-01,-3.806607723236083984e-01,-3.835319876670837402e-01,-3.873834908008575439e-01,-3.865291178226470947e-01,-3.868604898452758789e-01,-3.848401010036468506e-01,-3.821413815021514893e-01,-3.803927302360534668e-01,-3.752206265926361084e-01,-3.711494505405426025e-01,-3.650919497013092041e-01,-3.609579205513000488e-01,-3.518894910812377930e-01,-3.426805138587951660e-01,-3.295590281486511230e-01,-3.195982873439788818e-01,-3.050894141197204590e-01,-2.905762195587158203e-01,-2.764694690704345703e-01,-2.613755464553833008e-01,-2.447829246520996094e-01,-2.354641854763031006e-01,-2.254169285297393799e-01,-2.211638540029525757e-01,-2.177814692258834839e-01,-2.176049798727035522e-01,-2.198944240808486938e-01,-2.230654656887054443e-01,-2.260569632053375244e-01,-2.280901074409484863e-01,-2.280094772577285767e-01,-2.304079830646514893e-01,-2.295955866575241089e-01,-2.229548096656799316e-01,-2.107052952051162720e-01,-1.936634629964828491e-01,-1.730208545923233032e-01,-1.458026915788650513e-01,-1.129134222865104675e-01,-8.006831258535385132e-02,-3.861053287982940674e-02,-3.959623631089925766e-03
7.519213948398828506e-03,-6.109105015639215708e-05,7.563196588307619095e-03,7.047056686133146286e-03,6.061762105673551559e-03,-8.942949934862554073e-04,-1.504690293222665787e-02,-3.492083027958869934e-02,-5.874975770711898804e-02,-8.610818535089492798e-02,-1.182126700878143311e-01,-1.518362313508987427e-01,-1.855771094560623169e-01,-2.175679802894592285e-01,-2.511233985424041748e-01,-2.818148732185363770e-01,-3.140440583229064941e-01,-3.394982218742370605e-01,-3.630900084972381592e-01,-3.801148235797882080e-01,-3.941810131072998047e-01,-4.066798985004425049e-01,-4.144081175327301025e-01,-4.208834469318389893e-01,-4.203242361545562744e-01,-4.241968095302581787e-01,-4.206399023532867432e-01,-4.207328855991363525e-01,-4.143624603748321533e-01,-4.130922257900238037e-01,-4.055771827697753906e-01,-4.012097418308258057e-01,-3.928162455558776855e-01,-3.894099891185760498e-01,-3.789770901203155518e-01,-3.694233298301696777e-01,-3.569670319557189941e-01,-3.478927016258239746e-01,-3.347931504249572754e-01,-3.208651542663574219e-01,-3.066956400871276855e-01,-2.947069108486175537e-01,-2.825008332729339600e-01,-2.705602347850799561e-01,-2.617573440074920654e-01,-2.554220855236053467e-01,-2.538078129291534424e-01,-2.503573298454284668e-01,-2.532500326633453369e-01,-2.538131773471832275e-01,-2.535332143306732178e-01,-2.530251443386077881e-01,-2.544578909873962402e-01,-2.545661330223083496e-01,-2.516642808914184570e-01,-2.424257695674896240e-01,-2.253504693508148193e-01,-2.093388140201568604e-01,-1.827627718448638916e-01,-1.547554731369018555e-01,-1.195921748876571655e-01,-8.339216560125350952e-02,-3.812604397535324097e-02,-6.273402366787195206e-03
5.623965524137020111e-03,-1.314734807237982750e-03,3.776559024117887020e-04,-3.916160203516483307e-03,-5.288295913487672806e-03,-1.685388386249542236e-02,-3.106410242617130280e-02,-5.334800854325294495e-02,-7.785680890083312988e-02,-1.094800084829330444e-01,-1.400646567344665527e-01,-1.758128553628921509e-01,-2.099638730287551880e-01,-2.435986101627349854e-01,-2.753080427646636963e-01,-3.127838969230651855e-01,-3.393716812133789062e-01,-3.682950437068939209e-01,-3.882011175155639648e-01,-4.110554754734039307e-01,-4.261010587215423584e-01,-4.361038804054260254e-01,-4.478224813938140869e-01,-4.530857503414154053e-01,-4.567780792713165283e-01,-4.541910588741302490e-01,-4.554894566535949707e-01,-4.522169828414916992e-01,-4.480099380016326904e-01,-4.419240951538085938e-01,-4.361219108104705811e-01,-4.303976297378540039e-01,-4.222317934036254883e-01,-4.140105545520782471e-01,-4.055333137512207031e-01,-3.955446183681488037e-01,-3.830781280994415283e-01,-3.720716536045074463e-01,-3.593448698520660400e-01,-3.467895388603210449e-01,-3.340871632099151611e-01,-3.204020857810974121e-01,-3.094218671321868896e-01,-3.002016544342041016e-01,-2.943239808082580566e-01,-2.871848046779632568e-01,-2.852737903594970703e-01,-2.855284512042999268e-01,-2.879473567008972168e-01,-2.865078151226043701e-01,-2.833835482597351074e-01,-2.849733829498291016e-01,-2.820218503475189209e-01,-2.798842489719390869e-01,-2.718093693256378174e-01,-2.606853544712066650e-01,-2.426154166460037231e-01,-2.212011516094207764e-01,-1.948472261428833008e-01,-1.639105379581451416e-01,-1.272103488445281982e-01,-8.766563236713409424e-02,-4.288943484425544739e-02,-3.242583479732275009e-03
6.213609594851732254e-03,-4.585976246744394302e-03,-5.531887989491224289e-03,-1.619766652584075928e-02,-2.352203428745269775e-02,-3.724494948983192444e-02,-5.513928830623626709e-02,-7.892648875713348389e-02,-1.057726740837097168e-01,-1.349933445453643799e-01,-1.672410070896148682e-01,-2.010202258825302124e-01,-2.347634434700012207e-01,-2.693652510643005371e-01,-3.045015037059783936e-01,-3.356011211872100830e-01,-3.685326278209686279e-01,-3.940130770206451416e-01,-4.172582328319549561e-01,-4.357257783412933350e-01,-4.533849954605102539e-01,-4.659384787082672119e-01,-4.748753011226654053e-01,-4.833468496799468994e-01,-4.852293133735656738e-01,-4.881309270858764648e-01,-4.840774536132812500e-01,-4.838865399360656738e-01,-4.776228666305541992e-01,-4.728315770626068115e-01,-4.628259539604187012e-01,-4.579051434993743896e-01,-4.477427303791046143e-01,-4.418372213840484619e-01,-4.294202327728271484e-01,-4.201103746891021729e-01,-4.075761735439300537e-01,-3.986257016658782959e-01,-3.866128921508789062e-01,-3.745021224021911621e-01,-3.630589842796325684e-01,-3.536365628242492676e-01,-3.429211676120758057e-01,-3.346404135227203369e-01,-3.272612988948822021e-01,-3.211396932601928711e-01,-3.195307552814483643e-01,-3.183003962039947510e-01,-3.183787465095520020e-01,-3.164919316768646240e-01,-3.116268515586853027e-01,-3.109380602836608887e-01,-3.079068064689636230e-01,-2.990445196628570557e-01,-2.905197739601135254e-01,-2.760921120643615723e-01,-2.552410364151000977e-01,-2.331535220146179199e-01,-2.027487456798553467e-01,-1.698113977909088135e-01,-1.307191401720046997e-01,-9.072799980640411377e-02,-4.290980845689773560e-02,-4.215476103127002716e-03
1.346864970400929451e-03,-9.971465915441513062e-03,-1.727784052491188049e-02,-2.859994955360889435e-02,-3.976889699697494507e-02,-5.621565878391265869e-02,-7.759712636470794678e-02,-1.008773595094680786e-01,-1.287042349576950073e-01,-1.609292179346084595e-01,-1.901324838399887085e-01,-2.250526845455169678e-01,-2.588526606559753418e-01,-2.953094244003295898e-01,-3.276358246803283691e-01,-3.611797690391540527e-01,-3.873307406902313232e-01,-4.182363748550415039e-01,-4.402991235256195068e-01,-4.626762866973876953e-01,-4.794377684593200684e-01,-4.926983118057250977e-01,-5.055021047592163086e-01,-5.109765529632568359e-01,-5.169695019721984863e-01,-5.162888765335083008e-01,-5.182916522026062012e-01,-5.129115581512451172e-01,-5.096523761749267578e-01,-5.016003251075744629e-01,-4.948516190052032471e-01,-4.842874705791473389e-01,-4.764057397842407227e-01,-4.668449759483337402e-01,-4.570910334587097168e-01,-4.466119110584259033e-01,-4.343113601207733154e-01,-4.244973063468933105e-01,-4.131229519844055176e-01,-4.028836786746978760e-01,-3.932039737701416016e-01,-3.823799192905426025e-01,-3.735129833221435547e-01,-3.672152161598205566e-01,-3.608163595199584961e-01,-3.564496338367462158e-01,-3.537163138389587402e-01,-3.523377180099487305e-01,-3.496296703815460205e-01,-3.430125117301940918e-01,-3.378449082374572754e-01,-3.323441743850708008e-01,-3.283745050430297852e-01,-3.181158900260925293e-01,-3.036085367202758789e-01,-2.855910956859588623e-01,-2.645217776298522949e-01,-2.374518066644668579e-01,-2.090157270431518555e-01,-1.728366166353225708e-01,-1.331865340471267700e-01,-9.049168974161148071e-02,-4.615425318479537964e-02,-3.519186066114343703e-05
-2.196560846641659737e-03,-1.751502603292465210e-02,-3.090181387960910797e-02,-4.455162212252616882e-02,-6.120644882321357727e-02,-7.947903871536254883e-02,-1.024154424667358398e-01,-1.283346563577651978e-01,-1.553892046213150024e-01,-1.865461766719818115e-01,-2.163514196872711182e-01,-2.503200769424438477e-01,-2.850748896598815918e-01,-3.191417753696441650e-01,-3.545885384082794189e-01,-3.815190196037292480e-01,-4.129122197628021240e-01,-4.377492666244506836e-01,-4.629200994968414307e-01,-4.841587543487548828e-01,-5.027852058410644531e-01,-5.174272656440734863e-01,-5.283247232437133789e-01,-5.378005504608154297e-01,-5.419410467147827148e-01,-5.451790094375610352e-01,-5.440015792846679688e-01,-5.429977774620056152e-01,-5.365458726882934570e-01,-5.325407385826110840e-01,-5.212142467498779297e-01,-5.147061347961425781e-01,-5.026496648788452148e-01,-4.968176186084747314e-01,-4.833890199661254883e-01,-4.746485948562622070e-01,-4.611553549766540527e-01,-4.545682966709136963e-01,-4.423871338367462158e-01,-4.332335293292999268e-01,-4.238699376583099365e-01,-4.156470000743865967e-01,-4.080256521701812744e-01,-3.995892405509948730e-01,-3.948969244956970215e-01,-3.908544182777404785e-01,-3.860084712505340576e-01,-3.824466466903686523e-01,-3.769984841346740723e-01,-3.709984123706817627e-01,-3.629924654960632324e-01,-3.551762104034423828e-01,-3.464341759681701660e-01,-3.308726847171783447e-01,-3.166290521621704102e-01,-2.944185435771942139e-01,-2.685484886169433594e-01,-2.412475198507308960e-01,-2.071853578090667725e-01,-1.738033890724182129e-01,-1.321142166852951050e-01,-8.923779428005218506e-02,-4.303532093763351440e-02,-8.217616705223917961e-04
-4.280870780348777771e-03,-2.485428191721439362e-02,-4.162785410881042480e-02,-6.190846115350723267e-02,-8.192684501409530640e-02,-1.034571006894111633e-01,-1.264814436435699463e-01,-1.528263539075851440e-01,-1.790095418691635132e-01,-2.111901193857192993e-01,-2.384215444326400757e-01,-2.722707688808441162e-01,-3.056851625442504883e-01,-3.391490578651428223e-01,-3.708692789077758789e-01,-4.030711650848388672e-01,-4.290073513984680176e-01,-4.578426480293273926e-01,-4.797990024089813232e-01,-5.054054260253906250e-01,-5.238867402076721191e-01,-5.409696698188781738e-01,-5.535938739776611328e-01,-5.644289255142211914e-01,-5.704473257064819336e-01,-5.725345015525817871e-01,-5.759573578834533691e-01,-5.721779465675354004e-01,-5.692124366760253906e-01,-5.600006580352783203e-01,-5.542585849761962891e-01,-5.431701540946960449e-01,-5.335081219673156738e-01,-5.226231217384338379e-01,-5.123241543769836426e-01,-5.026536583900451660e-01,-4.916475415229797363e-01,-4.809977710247039795e-01,-4.724576473236083984e-01,-4.618896842002868652e-01,-4.556040465831756592e-01,-4.458724856376647949e-01,-4.397399425506591797e-01,-4.337818920612335205e-01,-4.299007058143615723e-01,-4.248922169208526611e-01,-4.191900789737701416e-01,-4.107621014118194580e-01,-4.056469798088073730e-01,-3.945115208625793457e-01,-3.841334879398345947e-01,-3.740470707416534424e-01,-3.588104546070098877e-01,-3.430034518241882324e-01,-3.240105211734771729e-01,-2.999298274517059326e-01,-2.739199101924896240e-01,-2.422673404216766357e-01,-2.106600403785705566e-01,-1.709067970514297485e-01,-1.301800161600112915e-01,-8.649228513240814209e-02,-4.643836617469787598e-02,1.294315443374216557e-03
-4.565740935504436493e-03,-2.642659470438957214e-02,-5.032536014914512634e-02,-7.577602565288543701e-02,-1.002994924783706665e-01,-1.251326203346252441e-01,-1.500150561332702637e-01,-1.774747818708419800e-01,-2.046873271465301514e-01,-2.341063022613525391e-01,-2.643174529075622559e-01,-2.938521504402160645e-01,-3.261667788028717041e-01,-3.556272983551025391e-01,-3.883165419101715088e-01,-4.144009351730346680e-01,-4.437748789787292480e-01,-4.704594314098358154e-01,-4.957706630229949951e-01,-5.180021524429321289e-01,-5.397068858146667480e-01,-5.596014857292175293e-01,-5.724376440048217773e-01,-5.857925415039062500e-01,-5.910966992378234863e-01,-5.968296527862548828e-01,-5.976440906524658203e-01,-5.989750027656555176e-01,-5.944192409515380859e-01,-5.899679660797119141e-01,-5.788955688476562500e-01,-5.731952786445617676e-01,-5.593394041061401367e-01,-5.528733730316162109e-01,-5.381422638893127441e-01,-5.302768945693969727e-01,-5.165604352951049805e-01,-5.108537673950195312e-01,-5.000277161598205566e-01,-4.905302226543426514e-01,-4.832301735877990723e-01,-4.756382107734680176e-01,-4.692482054233551025e-01,-4.641951620578765869e-01,-4.601366817951202393e-01,-4.550895392894744873e-01,-4.461742043495178223e-01,-4.400266110897064209e-01,-4.309772551059722900e-01,-4.183821380138397217e-01,-4.039287269115447998e-01,-3.884977698326110840e-01,-3.711489140987396240e-01,-3.498184680938720703e-01,-3.274863660335540771e-01,-3.005291521549224854e-01,-2.700377404689788818e-01,-2.373533546924591064e-01,-2.009314298629760742e-01,-1.627862751483917236e-01,-1.238932833075523376e-01,-8.550284057855606079e-02,-4.312909021973609924e-02,1.878675771877169609e-03
-4.734066314995288849e-03,-3.152748942375183105e-02,-6.045700237154960632e-02,-8.933484554290771484e-02,-1.162415295839309692e-01,-1.418854147195816040e-01,-1.718509048223495483e-01,-1.971666216850280762e-01,-2.258228808641433716e-01,-2.539087533950805664e-01,-2.818136811256408691e-01,-3.111854791641235352e-01,-3.412828743457794189e-01,-3.714876174926757812e-01,-4.014755189418792725e-01,-4.300519227981567383e-01,-4.561416208744049072e-01,-4.853104352951049805e-01,-5.109782814979553223e-01,-5.375411510467529297e-01,-5.581718683242797852e-01,-5.787867903709411621e-01,-5.944793820381164551e-01,-6.101721525192260742e-01,-6.178829669952392578e-01,-6.243336796760559082e-01,-6.269332170486450195e-01,-6.278510689735412598e-01,-6.256853938102722168e-01,-6.183350682258605957e-01,-6.121575832366943359e-01,-6.012709736824035645e-01,-5.935263037681579590e-01,-5.802056193351745605e-01,-5.694766044616699219e-01,-5.573369264602661133e-01,-5.487696528434753418e-01,-5.379154682159423828e-01,-5.303321480751037598e-01,-5.195357799530029297e-01,-5.161408782005310059e-01,-5.065788030624389648e-01,-5.033692121505737305e-01,-4.974531531333923340e-01,-4.925630092620849609e-01,-4.835602343082427979e-01,-4.761570692062377930e-01,-4.650205373764038086e-01,-4.539262354373931885e-01,-4.374129772186279297e-01,-4.189468324184417725e-01,-4.019669890403747559e-01,-3.798347413539886475e-01,-3.563287556171417236e-01,-3.295276761054992676e-01,-2.988857030868530273e-01,-2.678247392177581787e-01,-2.310600727796554565e-01,-1.938404887914657593e-01,-1.554142087697982788e-01,-1.182518154382705688e-01,-8.112210780382156372e-02,-4.326138645410537720e-02,2.566645620390772820e-03
-5.029819905757904053e-03,-3.503356128931045532e-02,-6.971576064825057983e-02,-1.000737324357032776e-01,-1.295809149742126465e-01,-1.605866998434066772e-01,-1.904510259628295898e-01,-2.206810116767883301e-01,-2.490519136190414429e-01,-2.762663364410400391e-01,-3.034753203392028809e-01,-3.302706182003021240e-01,-3.582261204719543457e-01,-3.864757120609283447e-01,-4.130418300628662109e-01,-4.388694465160369873e-01,-4.669058024883270264e-01,-4.929209053516387939e-01,-5.205420851707458496e-01,-5.452342033386230469e-01,-5.709332227706909180e-01,-5.924018621444702148e-01,-6.109918951988220215e-01,-6.275224089622497559e-01,-6.382253766059875488e-01,-6.464595198631286621e-01,-6.515896320343017578e-01,-6.534695625305175781e-01,-6.506168246269226074e-01,-6.475691795349121094e-01,-6.409512758255004883e-01,-6.325831413269042969e-01,-6.218219399452209473e-01,-6.126660108566284180e-01,-6.000288128852844238e-01,-5.916157364845275879e-01,-5.776948928833007812e-01,-5.709132552146911621e-01,-5.601434707641601562e-01,-5.520855784416198730e-01,-5.459320545196533203e-01,-5.398696660995483398e-01,-5.334792137145996094e-01,-5.266795158386230469e-01,-5.208317637443542480e-01,-5.117006301879882812e-01,-5.010955333709716797e-01,-4.863866269588470459e-01,-4.726185798645019531e-01,-4.525528550148010254e-01,-4.322561025619506836e-01,-4.096707403659820557e-01,-3.859058618545532227e-01,-3.551150858402252197e-01,-3.235320150852203369e-01,-2.895621061325073242e-01,-2.541598081588745117e-01,-2.179406732320785522e-01,-1.814205348491668701e-01,-1.465495228767395020e-01,-1.132689714431762695e-01,-7.310902327299118042e-02,-3.682252764701843262e-02,3.672785824164748192e-03
-4.477826412767171860e-03,-4.098671674728393555e-02,-7.787828147411346436e-02,-1.130436286330223083e-01,-1.454011946916580200e-01,-1.773515343666076660e-01,-2.087775170803070068e-01,-2.381743192672729492e-01,-2.673298120498657227e-01,-2.937310039997100830e-01,-3.179322183132171631e-01,-3.444035351276397705e-01,-3.705462217330932617e-01,-3.975827395915985107e-01,-4.236933887004852295e-01,-4.526112973690032959e-01,-4.774739146232604980e-01,-5.039897561073303223e-01,-5.311208367347717285e-01,-5.573490262031555176e-01,-5.832487344741821289e-01,-6.072752475738525391e-01,-6.258205175399780273e-01,-6.464041471481323242e-01,-6.588259339332580566e-01,-6.695370078086853027e-01,-6.753559708595275879e-01,-6.795871257781982422e-01,-6.763861775398254395e-01,-6.739596128463745117e-01,-6.691426634788513184e-01,-6.605351567268371582e-01,-6.530357599258422852e-01,-6.425164341926574707e-01,-6.322929859161376953e-01,-6.220160722732543945e-01,-6.127181053161621094e-01,-6.008317470550537109e-01,-5.939790606498718262e-01,-5.830587744712829590e-01,-5.790693163871765137e-01,-5.712860822677612305e-01,-5.652355551719665527e-01,-5.574133992195129395e-01,-5.492263436317443848e-01,-5.396523475646972656e-01,-5.248166322708129883e-01,-5.084733366966247559e-01,-4.884157478809356689e-01,-4.670227169990539551e-01,-4.409210383892059326e-01,-4.168865978717803955e-01,-3.837954103946685791e-01,-3.529994189739227295e-01,-3.183765411376953125e-01,-2.824145555496215820e-01,-2.470681220293045044e-01,-2.102971971035003662e-01,-1.739186048507690430e-01,-1.379788964986801147e-01,-1.058989912271499634e-01,-6.776272505521774292e-02,-3.850359097123146057e-02,7.583167753182351589e-04
-3.548416309058666229e-03,-3.939935564994812012e-02,-8.081731200218200684e-02,-1.196615546941757202e-01,-1.547262072563171387e-01,-1.933572441339492798e-01,-2.261364609003067017e-01,-2.574452757835388184e-01,-2.855191826820373535e-01,-3.115638494491577148e-01,-3.374524712562561035e-01,-3.601835966110229492e-01,-3.818115592002868652e-01,-4.090545773506164551e-01,-4.329356849193572998e-01,-4.597796797752380371e-01,-4.821175038814544678e-01,-5.104004144668579102e-01,-5.364271998405456543e-01,-5.612125396728515625e-01,-5.895758271217346191e-01,-6.154580116271972656e-01,-6.376030445098876953e-01,-6.602377295494079590e-01,-6.760851144790649414e-01,-6.890042424201965332e-01,-6.963123083114624023e-01,-7.027629613876342773e-01,-7.023194432258605957e-01,-7.010959386825561523e-01,-6.948452591896057129e-01,-6.884228587150573730e-01,-6.811602115631103516e-01,-6.711278557777404785e-01,-6.596910953521728516e-01,-6.510181427001953125e-01,-6.400882601737976074e-01,-6.315445303916931152e-01,-6.212901473045349121e-01,-6.124809980392456055e-01,-6.083273291587829590e-01,-6.011453866958618164e-01,-5.927113294601440430e-01,-5.840930938720703125e-01,-5.761769413948059082e-01,-5.606941580772399902e-01,-5.454020500183105469e-01,-5.226095914840698242e-01,-5.012894272804260254e-01,-4.774309694766998291e-01,-4.456458389759063721e-01,-4.167141318321228027e-01,-3.799974918365478516e-01,-3.456950485706329346e-01,-3.069464266300201416e-01,-2.711398899555206299e-01,-2.357365787029266357e-01,-1.964646875858306885e-01,-1.641831248998641968e-01,-1.294492185115814209e-01,-9.873457252979278564e-02,-6.081261113286018372e-02,-3.494109585881233215e-02,2.519540488719940186e-03
-3.421675646677613258e-03,-4.507405683398246765e-02,-8.831569552421569824e-02,-1.277891397476196289e-01,-1.683695018291473389e-01,-2.046799212694168091e-01,-2.428885996341705322e-01,-2.711957395076751709e-01,-3.015044629573822021e-01,-3.251243829727172852e-01,-3.495497107505798340e-01,-3.716461062431335449e-01,-3.934053778648376465e-01,-4.180632233619689941e-01,-4.397911131381988525e-01,-4.669312238693237305e-01,-4.886438250541687012e-01,-5.180321335792541504e-01,-5.450671911239624023e-01,-5.708112120628356934e-01,-5.992328524589538574e-01,-6.258800625801086426e-01,-6.488574147224426270e-01,-6.755095124244689941e-01,-6.912764310836791992e-01,-7.087167501449584961e-01,-7.161181569099426270e-01,-7.250715494155883789e-01,-7.249597907066345215e-01,-7.277944684028625488e-01,-7.199559211730957031e-01,-7.166910767555236816e-01,-7.086892724037170410e-01,-6.990687251091003418e-01,-6.903468370437622070e-01,-6.826173663139343262e-01,-6.735727190971374512e-01,-6.631025671958923340e-01,-6.557492613792419434e-01,-6.452342271804809570e-01,-6.409605741500854492e-01,-6.305325031280517578e-01,-6.217150688171386719e-01,-6.115641593933105469e-01,-5.995213985443115234e-01,-5.848709940910339355e-01,-5.634989142417907715e-01,-5.406517982482910156e-01,-5.121552348136901855e-01,-4.856497347354888916e-01,-4.498240649700164795e-01,-4.165129661560058594e-01,-3.744111657142639160e-01,-3.368711769580841064e-01,-2.981186509132385254e-01,-2.585930228233337402e-01,-2.225826829671859741e-01,-1.843874752521514893e-01,-1.500821262598037720e-01,-1.168834269046783447e-01,-9.291686117649078369e-02,-5.787481367588043213e-02,-3.643154725432395935e-02,-6.925991619937121868e-04
-2.557402709499001503e-03,-4.720449447631835938e-02,-9.349567443132400513e-02,-1.353734880685806274e-01,-1.754660755395889282e-01,-2.167550921440124512e-01,-2.526416480541229248e-01,-2.857547402381896973e-01,-3.140932619571685791e-01,-3.405038714408874512e-01,-3.629529476165771484e-01,-3.862659335136413574e-01,-4.070273637771606445e-01,-4.295390844345092773e-01,-4.490648210048675537e-01,-4.748194515705108643e-01,-4.951661229133605957e-01,-5.240288972854614258e-01,-5.494195818901062012e-01,-5.772488713264465332e-01,-6.037235856056213379e-01,-6.302087903022766113e-01,-6.570685505867004395e-01,-6.835150718688964844e-01,-7.050271630287170410e-01,-7.215533256530761719e-01,-7.339037060737609863e-01,-7.421492338180541992e-01,-7.466589808464050293e-01,-7.509196996688842773e-01,-7.476221919059753418e-01,-7.433331608772277832e-01,-7.374299764633178711e-01,-7.273880839347839355e-01,-7.207311391830444336e-01,-7.102047204971313477e-01,-7.020123600959777832e-01,-6.920913457870483398e-01,-6.823853850364685059e-01,-6.754971146583557129e-01,-6.684116125106811523e-01,-6.582599282264709473e-01,-6.471133828163146973e-01,-6.335087418556213379e-01,-6.205230355262756348e-01,-5.991931557655334473e-01,-5.770823955535888672e-01,-5.501199960708618164e-01,-5.209534764289855957e-01,-4.908325374126434326e-01,-4.481435716152191162e-01,-4.099394977092742920e-01,-3.706467151641845703e-01,-3.285841941833496094e-01,-2.883133292198181152e-01,-2.481193691492080688e-01,-2.115078568458557129e-01,-1.727221012115478516e-01,-1.406447589397430420e-01,-1.101820543408393860e-01,-8.524415642023086548e-02,-4.879689589142799377e-02,-2.996259368956089020e-02,2.725345548242330551e-03
-3.155659651383757591e-03,-5.170828104019165039e-02,-9.772078692913055420e-02,-1.423633247613906860e-01,-1.870311051607131958e-01,-2.273669093847274780e-01,-2.646148204803466797e-01,-2.959529757499694824e-01,-3.273945152759552002e-01,-3.510091900825500488e-01,-3.752699196338653564e-01,-3.967052102088928223e-01,-4.168163836002349854e-01,-4.376144707202911377e-01,-4.579593539237976074e-01,-4.829543530941009521e-01,-5.033318400382995605e-01,-5.311059951782226562e-01,-5.576564073562622070e-01,-5.831233859062194824e-01,-6.124387979507446289e-01,-6.361289024353027344e-01,-6.630799770355224609e-01,-6.924219131469726562e-01,-7.155004739761352539e-01,-7.353813052177429199e-01,-7.474472522735595703e-01,-7.594353556632995605e-01,-7.639953494071960449e-01,-7.713498473167419434e-01,-7.679002285003662109e-01,-7.694678902626037598e-01,-7.605800628662109375e-01,-7.556489706039428711e-01,-7.478148937225341797e-01,-7.404399514198303223e-01,-7.315467000007629395e-01,-7.240349054336547852e-01,-7.154052853584289551e-01,-7.050384283065795898e-01,-6.966423988342285156e-01,-6.867520809173583984e-01,-6.720791459083557129e-01,-6.598485112190246582e-01,-6.399862170219421387e-01,-6.212406158447265625e-01,-5.926659107208251953e-01,-5.644915699958801270e-01,-5.299996137619018555e-01,-4.940437972545623779e-01,-4.479028582572937012e-01,-4.070245325565338135e-01,-3.673928081989288330e-01,-3.233563899993896484e-01,-2.809626162052154541e-01,-2.398303747177124023e-01,-2.013139873743057251e-01,-1.617147177457809448e-01,-1.300459951162338257e-01,-9.857596457004547119e-02,-7.873300462961196899e-02,-4.468335956335067749e-02,-2.950548380613327026e-02,1.435756916180253029e-03
-3.977584652602672577e-03,-5.179917439818382263e-02,-1.006928458809852600e-01,-1.474772989749908447e-01,-1.923486441373825073e-01,-2.360356748104095459e-01,-2.739678323268890381e-01,-3.056138753890991211e-01,-3.367257118225097656e-01,-3.639138638973236084e-01,-3.883308172225952148e-01,-4.088159799575805664e-01,-4.273559749126434326e-01,-4.483770132064819336e-01,-4.675542116165161133e-01,-4.928612112998962402e-01,-5.091811418533325195e-01,-5.379821658134460449e-01,-5.616847872734069824e-01,-5.905689001083374023e-01,-6.157845258712768555e-01,-6.413427591323852539e-01,-6.691654324531555176e-01,-6.964429020881652832e-01,-7.217820882797241211e-01,-7.422524094581604004e-01,-7.587859034538269043e-01,-7.697883844375610352e-01,-7.775508165359497070e-01,-7.853348851203918457e-01,-7.875124216079711914e-01,-7.879785895347595215e-01,-7.831134200096130371e-01,-7.776910066604614258e-01,-7.732055783271789551e-01,-7.655154466629028320e-01,-7.603418231010437012e-01,-7.489135861396789551e-01,-7.400116324424743652e-01,-7.291433215141296387e-01,-7.209873795509338379e-01,-7.059755325317382812e-01,-6.935442090034484863e-01,-6.742529869079589844e-01,-6.562860012054443359e-01,-6.287199854850769043e-01,-6.012203097343444824e-01,-5.690722465515136719e-01,-5.332564115524291992e-01,-4.934688806533813477e-01,-4.464128315448760986e-01,-4.057296514511108398e-01,-3.636775016784667969e-01,-3.195420801639556885e-01,-2.753061950206756592e-01,-2.336988598108291626e-01,-1.953680366277694702e-01,-1.535474359989166260e-01,-1.233805790543556213e-01,-9.431840479373931885e-02,-7.295510917901992798e-02,-3.696423023939132690e-02,-2.609713561832904816e-02,2.797917462885379791e-03
-3.918537870049476624e-03,-5.683719366788864136e-02,-1.045687720179557800e-01,-1.512694507837295532e-01,-1.996614784002304077e-01,-2.442694604396820068e-01,-2.855191528797149658e-01,-3.190109133720397949e-01,-3.507993221282958984e-01,-3.747508823871612549e-01,-4.019528329372406006e-01,-4.200993478298187256e-01,-4.409068822860717773e-01,-4.590892195701599121e-01,-4.781879782676696777e-01,-4.994463324546813965e-01,-5.184121131896972656e-01,-5.454939007759094238e-01,-5.675633549690246582e-01,-5.940726995468139648e-01,-6.212729215621948242e-01,-6.459019780158996582e-01,-6.732051372528076172e-01,-7.002173662185668945e-01,-7.266175150871276855e-01,-7.497551441192626953e-01,-7.666878700256347656e-01,-7.813991308212280273e-01,-7.888506054878234863e-01,-7.991662025451660156e-01,-8.006287813186645508e-01,-8.074864745140075684e-01,-8.013198971748352051e-01,-7.998284101486206055e-01,-7.940483689308166504e-01,-7.926640510559082031e-01,-7.846797108650207520e-01,-7.771558761596679688e-01,-7.676985859870910645e-01,-7.563877701759338379e-01,-7.462895512580871582e-01,-7.327683568000793457e-01,-7.153825759887695312e-01,-6.956622600555419922e-01,-6.725223064422607422e-01,-6.468748450279235840e-01,-6.150439381599426270e-01,-5.797215700149536133e-01,-5.369563698768615723e-01,-4.932012856006622314e-01,-4.476593732833862305e-01,-4.029164016246795654e-01,-3.590041995048522949e-01,-3.121538460254669189e-01,-2.651613652706146240e-01,-2.251280844211578369e-01,-1.842594146728515625e-01,-1.467718333005905151e-01,-1.139969900250434875e-01,-8.592452853918075562e-02,-6.649135053157806396e-02,-3.561933338642120361e-02,-2.243761904537677765e-02,2.027502749115228653e-03
-5.373382475227117538e-03,-5.669656395912170410e-02,-1.087983325123786926e-01,-1.564296185970306396e-01,-2.035391330718994141e-01,-2.504912316799163818e-01,-2.913385033607482910e-01,-3.263417184352874756e-01,-3.578949570655822754e-01,-3.847618103027343750e-01,-4.110521078109741211e-01,-4.337594807147979736e-01,-4.526698291301727295e-01,-4.704374969005584717e-01,-4.894786477088928223e-01,-5.117380619049072266e-01,-5.278101563453674316e-01,-5.529612302780151367e-01,-5.733193159103393555e-01,-6.024313569068908691e-01,-6.252111792564392090e-01,-6.522864699363708496e-01,-6.747003197669982910e-01,-6.993198990821838379e-01,-7.263144850730895996e-01,-7.481694817543029785e-01,-7.684327960014343262e-01,-7.828122973442077637e-01,-7.946003079414367676e-01,-8.070815801620483398e-01,-8.123338818550109863e-01,-8.179743885993957520e-01,-8.177067637443542480e-01,-8.181387186050415039e-01,-8.156565427780151367e-01,-8.124411702156066895e-01,-8.060556650161743164e-01,-7.985149621963500977e-01,-7.890064716339111328e-01,-7.763986587524414062e-01,-7.655960917472839355e-01,-7.495777010917663574e-01,-7.319269776344299316e-01,-7.067852020263671875e-01,-6.835340857505798340e-01,-6.540498733520507812e-01,-6.195432543754577637e-01,-5.826695561408996582e-01,-5.400955677032470703e-01,-4.971362650394439697e-01,-4.505259096622467041e-01,-4.035129547119140625e-01,-3.564965724945068359e-01,-3.093630373477935791e-01,-2.645558118820190430e-01,-2.221515923738479614e-01,-1.847580522298812866e-01,-1.429522484540939331e-01,-1.145842224359512329e-01,-8.599733561277389526e-02,-6.720986962318420410e-02,-3.025031276047229767e-02,-2.161213010549545288e-02,1.976666040718555450e-03
-4.806234035640954971e-03,-6.062692403793334961e-02,-1.103112772107124329e-01,-1.590317785739898682e-01,-2.100874483585357666e-01,-2.560446858406066895e-01,-2.974973320960998535e-01,-3.339872360229492188e-01,-3.678743541240692139e-01,-3.949919342994689941e-01,-4.235835373401641846e-01,-4.447276294231414795e-01,-4.663264751434326172e-01,-4.833958745002746582e-01,-5.029453039169311523e-01,-5.237484574317932129e-01,-5.409886240959167480e-01,-5.635461211204528809e-01,-5.820748805999755859e-01,-6.060165762901306152e-01,-6.292760372161865234e-01,-6.527205705642700195e-01,-6.755959391593933105e-01,-6.977703571319580078e-01,-7.246210575103759766e-01,-7.475444674491882324e-01,-7.682170271873474121e-01,-7.854424118995666504e-01,-7.988523840904235840e-01,-8.127670884132385254e-01,-8.184999227523803711e-01,-8.284077644348144531e-01,-8.289418220520019531e-01,-8.322367668151855469e-01,-8.307595849037170410e-01,-8.320339322090148926e-01,-8.254541754722595215e-01,-8.207592368125915527e-01,-8.109662532806396484e-01,-7.998249530792236328e-01,-7.877657413482666016e-01,-7.695245742797851562e-01,-7.491778135299682617e-01,-7.233113050460815430e-01,-6.958594322204589844e-01,-6.649310588836669922e-01,-6.287477612495422363e-01,-5.878618955612182617e-01,-5.405959486961364746e-01,-4.963714480400085449e-01,-4.509566128253936768e-01,-4.000224769115447998e-01,-3.523352444171905518e-01,-3.048833310604095459e-01,-2.579218745231628418e-01,-2.191072851419448853e-01,-1.779344826936721802e-01,-1.394673436880111694e-01,-1.098465621471405029e-01,-8.247573673725128174e-02,-6.028522178530693054e-02,-3.183448687195777893e-02,-2.043838612735271454e-02,2.276925602927803993e-03
-5.886815488338470459e-03,-5.962657183408737183e-02,-1.126261278986930847e-01,-1.617497503757476807e-01,-2.114633023738861084e-01,-2.601948082447052002e-01,-3.027992248535156250e-01,-3.386659324169158936e-01,-3.740365803241729736e-01,-4.045078754425048828e-01,-4.331157207489013672e-01,-4.551596343517303467e-01,-4.776326417922973633e-01,-4.960910975933074951e-01,-5.148901343345642090e-01,-5.343615412712097168e-01,-5.492829084396362305e-01,-5.724809169769287109e-01,-5.909448266029357910e-01,-6.144434809684753418e-01,-6.311582922935485840e-01,-6.594453454017639160e-01,-6.767295002937316895e-01,-6.974686980247497559e-01,-7.175154089927673340e-01,-7.378708720207214355e-01,-7.605563998222351074e-01,-7.764449715614318848e-01,-7.955328226089477539e-01,-8.111886978149414062e-01,-8.232734799385070801e-01,-8.328825831413269043e-01,-8.382200002670288086e-01,-8.444215059280395508e-01,-8.441664576530456543e-01,-8.479157686233520508e-01,-8.437719345092773438e-01,-8.365652561187744141e-01,-8.261828422546386719e-01,-8.161026239395141602e-01,-8.017882108688354492e-01,-7.802782058715820312e-01,-7.581281065940856934e-01,-7.313642501831054688e-01,-7.031362056732177734e-01,-6.689879894256591797e-01,-6.297281384468078613e-01,-5.872606635093688965e-01,-5.448836684226989746e-01,-5.012383460998535156e-01,-4.506156146526336670e-01,-4.017845392227172852e-01,-3.528678119182586670e-01,-3.072941899299621582e-01,-2.614036202430725098e-01,-2.188847213983535767e-01,-1.834606677293777466e-01,-1.424121856689453125e-01,-1.143956109881401062e-01,-8.612481504678726196e-02,-6.696051359176635742e-02,-3.209987655282020569e-02,-2.235200628638267517e-02,-1.453216682421043515e-04
-5.182529799640178680e-03,-6.083866953849792480e-02,-1.130380928516387939e-01,-1.623792201280593872e-01,-2.128845006227493286e-01,-2.618322074413299561e-01,-3.066013157367706299e-01,-3.451569378376007080e-01,-3.819944858551025391e-01,-4.123074710369110107e-01,-4.448313415050506592e-01,-4.650880694389343262e-01,-4.899628758430480957e-01,-5.065822601318359375e-01,-5.273264050483703613e-01,-5.464549064636230469e-01,-5.620459318161010742e-01,-5.834740400314331055e-01,-5.997778177261352539e-01,-6.168196797370910645e-01,-6.368128061294555664e-01,-6.566989421844482422e-01,-6.787242293357849121e-01,-6.925486326217651367e-01,-7.147139906883239746e-01,-7.298938632011413574e-01,-7.549157738685607910e-01,-7.733613252639770508e-01,-7.926781773567199707e-01,-8.097285628318786621e-01,-8.230526447296142578e-01,-8.383662700653076172e-01,-8.434125185012817383e-01,-8.496918678283691406e-01,-8.532714247703552246e-01,-8.562126159667968750e-01,-8.569555878639221191e-01,-8.503556847572326660e-01,-8.429287672042846680e-01,-8.269113898277282715e-01,-8.159502744674682617e-01,-7.925602197647094727e-01,-7.697828412055969238e-01,-7.390142083168029785e-01,-7.098365426063537598e-01,-6.754213571548461914e-01,-6.359164118766784668e-01,-5.917900204658508301e-01,-5.459023714065551758e-01,-5.010556578636169434e-01,-4.525530636310577393e-01,-4.035864174365997314e-01,-3.536626398563385010e-01,-3.079671263694763184e-01,-2.614803016185760498e-01,-2.218549698591232300e-01,-1.841839849948883057e-01,-1.475897282361984253e-01,-1.164828240871429443e-01,-8.805383741855621338e-02,-6.684492528438568115e-02,-3.905311226844787598e-02,-2.258780784904956818e-02,-3.198663034709170461e-05
-4.794041626155376434e-03,-5.957103893160820007e-02,-1.147735938429832458e-01,-1.643911451101303101e-01,-2.151057571172714233e-01,-2.639589905738830566e-01,-3.111616373062133789e-01,-3.504157066345214844e-01,-3.876062631607055664e-01,-4.197338223457336426e-01,-4.515305459499359131e-01,-4.792517125606536865e-01,-5.004027485847473145e-01,-5.198181867599487305e-01,-5.398299694061279297e-01,-5.585813522338867188e-01,-5.727586150169372559e-01,-5.905776619911193848e-01,-6.063198447227478027e-01,-6.261572241783142090e-01,-6.380668282508850098e-01,-6.621835231781005859e-01,-6.745593547821044922e-01,-6.962736248970031738e-01,-7.065519094467163086e-01,-7.263150215148925781e-01,-7.418137192726135254e-01,-7.592272758483886719e-01,-7.790808081626892090e-01,-7.978460788726806641e-01,-8.153207898139953613e-01,-8.322092890739440918e-01,-8.429068326950073242e-01,-8.535883426666259766e-01,-8.571907877922058105e-01,-8.646632432937622070e-01,-8.622891902923583984e-01,-8.587126731872558594e-01,-8.492872118949890137e-01,-8.363376259803771973e-01,-8.211597800254821777e-01,-7.999267578125000000e-01,-7.752741575241088867e-01,-7.441180944442749023e-01,-7.131276726722717285e-01,-6.787342429161071777e-01,-6.354801654815673828e-01,-5.919528603553771973e-01,-5.515220165252685547e-01,-5.059693455696105957e-01,-4.570441544055938721e-01,-4.070611894130706787e-01,-3.598882555961608887e-01,-3.133888244628906250e-01,-2.721338272094726562e-01,-2.288683503866195679e-01,-1.959180086851119995e-01,-1.534661352634429932e-01,-1.265288591384887695e-01,-9.665634483098983765e-02,-7.515217363834381104e-02,-4.159857705235481262e-02,-2.450662106275558472e-02,-1.956534339115023613e-03
-4.571103956550359726e-03,-5.975837260484695435e-02,-1.131404936313629150e-01,-1.639026254415512085e-01,-2.141995877027511597e-01,-2.621510922908782959e-01,-3.079155683517456055e-01,-3.496158123016357422e-01,-3.881013691425323486e-01,-4.227540791034698486e-01,-4.582434594631195068e-01,-4.854089915752410889e-01,-5.099615454673767090e-01,-5.304465293884277344e-01,-5.511803627014160156e-01,-5.671771168708801270e-01,-5.829163193702697754e-01,-5.996094942092895508e-01,-6.156557798385620117e-01,-6.282668709754943848e-01,-6.447734236717224121e-01,-6.572126150131225586e-01,-6.753457188606262207e-01,-6.900286078453063965e-01,-7.081619501113891602e-01,-7.212923169136047363e-01,-7.384033799171447754e-01,-7.512181997299194336e-01,-7.732291221618652344e-01,-7.893512248992919922e-01,-8.080018758773803711e-01,-8.271366953849792480e-01,-8.418771028518676758e-01,-8.528162240982055664e-01,-8.603710532188415527e-01,-8.653901219367980957e-01,-8.672898411750793457e-01,-8.625280261039733887e-01,-8.566890358924865723e-01,-8.402646780014038086e-01,-8.283275365829467773e-01,-8.007902503013610840e-01,-7.789770364761352539e-01,-7.456992268562316895e-01,-7.150743007659912109e-01,-6.778110265731811523e-01,-6.367341279983520508e-01,-5.922234654426574707e-01,-5.485405325889587402e-01,-5.072363615036010742e-01,-4.582568109035491943e-01,-4.103332757949829102e-01,-3.649545907974243164e-01,-3.197169005870819092e-01,-2.774202525615692139e-01,-2.377894520759582520e-01,-2.014787197113037109e-01,-1.661633849143981934e-01,-1.365379542112350464e-01,-1.047051772475242615e-01,-7.792778313159942627e-02,-4.987211525440216064e-02,-2.562615461647510529e-02,-1.604542601853609085e-03
-4.484269302338361740e-03,-5.779708176851272583e-02,-1.129295974969863892e-01,-1.628827005624771118e-01,-2.131180614233016968e-01,-2.640829086303710938e-01,-3.098391890525817871e-01,-3.511747121810913086e-01,-3.930039107799530029e-01,-4.314874112606048584e-01,-4.647046029567718506e-01,-4.942689239978790283e-01,-5.211517810821533203e-01,-5.460452437400817871e-01,-5.637198090553283691e-01,-5.833583474159240723e-01,-5.956682562828063965e-01,-6.094425916671752930e-01,-6.236506700515747070e-01,-6.360876560211181641e-01,-6.448481678962707520e-01,-6.592965722084045410e-01,-6.720277070999145508e-01,-6.900179982185363770e-01,-6.968538165092468262e-01,-7.168964743614196777e-01,-7.294538021087646484e-01,-7.463955879211425781e-01,-7.600654363632202148e-01,-7.766638994216918945e-01,-7.971071004867553711e-01,-8.147315979003906250e-01,-8.320975303649902344e-01,-8.491848111152648926e-01,-8.571752309799194336e-01,-8.678159117698669434e-01,-8.669155836105346680e-01,-8.642618060111999512e-01,-8.548605442047119141e-01,-8.434153795242309570e-01,-8.248240351676940918e-01,-8.016405105590820312e-01,-7.756518721580505371e-01,-7.465369105339050293e-01,-7.125030159950256348e-01,-6.748051047325134277e-01,-6.330421566963195801e-01,-5.895648002624511719e-01,-5.522892475128173828e-01,-5.077011585235595703e-01,-4.614741504192352295e-01,-4.157603383064270020e-01,-3.730502128601074219e-01,-3.308203220367431641e-01,-2.897588312625885010e-01,-2.485816329717636108e-01,-2.168757468461990356e-01,-1.782110333442687988e-01,-1.474766582250595093e-01,-1.149504035711288452e-01,-8.889254182577133179e-02,-5.436408519744873047e-02,-3.013704530894756317e-02,-3.065748605877161026e-03
-4.974527750164270401e-03,-5.855829268693923950e-02,-1.104500368237495422e-01,-1.606270968914031982e-01,-2.091356962919235229e-01,-2.580989301204681396e-01,-3.037707805633544922e-01,-3.493031859397888184e-01,-3.893110156059265137e-01,-4.289688766002655029e-01,-4.667952060699462891e-01,-4.980343878269195557e-01,-5.254145264625549316e-01,-5.506119132041931152e-01,-5.724377632141113281e-01,-5.923381447792053223e-01,-6.033016443252563477e-01,-6.145470142364501953e-01,-6.279994845390319824e-01,-6.362103223800659180e-01,-6.478172540664672852e-01,-6.556918025016784668e-01,-6.701332330703735352e-01,-6.763328909873962402e-01,-6.902877688407897949e-01,-7.057000398635864258e-01,-7.211282253265380859e-01,-7.341091036796569824e-01,-7.526803612709045410e-01,-7.680742144584655762e-01,-7.894940376281738281e-01,-8.048197627067565918e-01,-8.253300786018371582e-01,-8.429631590843200684e-01,-8.559774756431579590e-01,-8.634894490242004395e-01,-8.692616820335388184e-01,-8.631818890571594238e-01,-8.569896221160888672e-01,-8.388335704803466797e-01,-8.267929553985595703e-01,-7.978745698928833008e-01,-7.741009593009948730e-01,-7.400199770927429199e-01,-7.090764045715332031e-01,-6.692430377006530762e-01,-6.290143728256225586e-01,-5.868474841117858887e-01,-5.474390983581542969e-01,-5.067003369331359863e-01,-4.607219099998474121e-01,-4.194869697093963623e-01,-3.770622909069061279e-01,-3.381955921649932861e-01,-2.981441318988800049e-01,-2.616698741912841797e-01,-2.272954136133193970e-01,-1.930672824382781982e-01,-1.601181775331497192e-01,-1.251135766506195068e-01,-9.399137645959854126e-02,-6.373534351587295532e-02,-3.098925016820430756e-02,-4.310172516852617264e-03
-5.971805192530155182e-03,-5.647888034582138062e-02,-1.088158339262008667e-01,-1.577730774879455566e-01,-2.067413926124572754e-01,-2.546178698539733887e-01,-3.019379973411560059e-01,-3.467134237289428711e-01,-3.900291025638580322e-01,-4.309774041175842285e-01,-4.681096971035003662e-01,-5.018306374549865723e-01,-5.304571986198425293e-01,-5.581779479980468750e-01,-5.796918869018554688e-01,-6.009069681167602539e-01,-6.095515489578247070e-01,-6.234723925590515137e-01,-6.323075294494628906e-01,-6.419280767440795898e-01,-6.474775671958923340e-01,-6.571752429008483887e-01,-6.649752855300903320e-01,-6.758010387420654297e-01,-6.819677352905273438e-01,-6.978028416633605957e-01,-7.096136808395385742e-01,-7.245448827743530273e-01,-7.402663826942443848e-01,-7.593985795974731445e-01,-7.761498093605041504e-01,-7.912952899932861328e-01,-8.110255002975463867e-01,-8.315367102622985840e-01,-8.445563316345214844e-01,-8.577066063880920410e-01,-8.576712012290954590e-01,-8.567479848861694336e-01,-8.484792113304138184e-01,-8.355396389961242676e-01,-8.173491358757019043e-01,-7.945567369461059570e-01,-7.667596340179443359e-01,-7.378955483436584473e-01,-7.018579840660095215e-01,-6.650980710983276367e-01,-6.241511702537536621e-01,-5.835626125335693359e-01,-5.483899712562561035e-01,-5.064403414726257324e-01,-4.652191996574401855e-01,-4.222261607646942139e-01,-3.838602304458618164e-01,-3.465461730957031250e-01,-3.089782595634460449e-01,-2.712381780147552490e-01,-2.385100275278091431e-01,-2.035874575376510620e-01,-1.697378754615783691e-01,-1.338570266962051392e-01,-1.033952385187149048e-01,-6.720162928104400635e-02,-3.608806431293487549e-02,-5.226279143244028091e-03
-5.962684750556945801e-03,-5.494327470660209656e-02,-1.031118482351303101e-01,-1.536289006471633911e-01,-2.022160291671752930e-01,-2.479436546564102173e-01,-2.933889329433441162e-01,-3.385393023490905762e-01,-3.789786398410797119e-01,-4.215085506439208984e-01,-4.617227911949157715e-01,-4.989101886749267578e-01,-5.287035703659057617e-01,-5.558643341064453125e-01,-5.800031423568725586e-01,-6.022027730941772461e-01,-6.144570708274841309e-01,-6.236325502395629883e-01,-6.342142820358276367e-01,-6.409488916397094727e-01,-6.481737494468688965e-01,-6.531514525413513184e-01,-6.615834832191467285e-01,-6.688510179519653320e-01,-6.789389848709106445e-01,-6.888068914413452148e-01,-6.990913748741149902e-01,-7.133179306983947754e-01,-7.320064902305603027e-01,-7.472323775291442871e-01,-7.686169147491455078e-01,-7.791736125946044922e-01,-8.017526865005493164e-01,-8.232190012931823730e-01,-8.378942012786865234e-01,-8.480290770530700684e-01,-8.534792661666870117e-01,-8.500487208366394043e-01,-8.427339792251586914e-01,-8.258097171783447266e-01,-8.116866946220397949e-01,-7.826256155967712402e-01,-7.588273286819458008e-01,-7.248224616050720215e-01,-6.913587450981140137e-01,-6.530669331550598145e-01,-6.162409782409667969e-01,-5.778126120567321777e-01,-5.398905277252197266e-01,-5.031632781028747559e-01,-4.624128043651580811e-01,-4.242206811904907227e-01,-3.874737918376922607e-01,-3.535846471786499023e-01,-3.167518377304077148e-01,-2.820470631122589111e-01,-2.469208687543869019e-01,-2.158754318952560425e-01,-1.816900223493576050e-01,-1.445685029029846191e-01,-1.086078882217407227e-01,-7.623673230409622192e-02,-3.610289469361305237e-02,-6.719760131090879440e-03
-3.120800480246543884e-03,-5.282761156558990479e-02,-9.872822463512420654e-02,-1.456083953380584717e-01,-1.925467401742935181e-01,-2.390557676553726196e-01,-2.843540906906127930e-01,-3.269203305244445801e-01,-3.724094927310943604e-01,-4.180933535099029541e-01,-4.561420977115631104e-01,-4.938975572586059570e-01,-5.269850492477416992e-01,-5.561506152153015137e-01,-5.799390077590942383e-01,-6.035090088844299316e-01,-6.147880554199218750e-01,-6.275469064712524414e-01,-6.346981525421142578e-01,-6.426474452018737793e-01,-6.486289501190185547e-01,-6.520828008651733398e-01,-6.597139835357666016e-01,-6.650986671447753906e-01,-6.708418130874633789e-01,-6.837355494499206543e-01,-6.937719583511352539e-01,-7.059266567230224609e-01,-7.188261747360229492e-01,-7.386329770088195801e-01,-7.580060958862304688e-01,-7.696771025657653809e-01,-7.887666225433349609e-01,-8.092105984687805176e-01,-8.245722651481628418e-01,-8.387708663940429688e-01,-8.396896719932556152e-01,-8.380078077316284180e-01,-8.294642567634582520e-01,-8.167674541473388672e-01,-7.966621518135070801e-01,-7.742570638656616211e-01,-7.451292872428894043e-01,-7.161377072334289551e-01,-6.808744668960571289e-01,-6.436588168144226074e-01,-6.075225472450256348e-01,-5.687289834022521973e-01,-5.359519720077514648e-01,-4.970777034759521484e-01,-4.601281583309173584e-01,-4.239710271358489990e-01,-3.918453752994537354e-01,-3.594919443130493164e-01,-3.248479962348937988e-01,-2.915891110897064209e-01,-2.578926086425781250e-01,-2.257124632596969604e-01,-1.906859576702117920e-01,-1.535283476114273071e-01,-1.189573705196380615e-01,-7.916609197854995728e-02,-4.202273115515708923e-02,-5.807382054626941681e-03
-4.178506322205066681e-03,-4.937653616070747375e-02,-9.199857711791992188e-02,-1.401102840900421143e-01,-1.827616095542907715e-01,-2.275844514369964600e-01,-2.712732553482055664e-01,-3.161119520664215088e-01,-3.579993844032287598e-01,-4.011070728302001953e-01,-4.421120882034301758e-01,-4.832364618778228760e-01,-5.156025886535644531e-01,-5.465301871299743652e-01,-5.716091990470886230e-01,-5.981000065803527832e-01,-6.092982888221740723e-01,-6.235265731811523438e-01,-6.314327716827392578e-01,-6.390618681907653809e-01,-6.431775689125061035e-01,-6.481172442436218262e-01,-6.541376113891601562e-01,-6.579290628433227539e-01,-6.657236814498901367e-01,-6.744939088821411133e-01,-6.858274936676025391e-01,-6.959234476089477539e-01,-7.116802930831909180e-01,-7.262368202209472656e-01,-7.476006746292114258e-01,-7.586237788200378418e-01,-7.788865566253662109e-01,-7.991335988044738770e-01,-8.147865533828735352e-01,-8.239471912384033203e-01,-8.303842544555664062e-01,-8.252925872802734375e-01,-8.167906403541564941e-01,-7.992182374000549316e-01,-7.828850746154785156e-01,-7.560484409332275391e-01,-7.311065793037414551e-01,-6.989539861679077148e-01,-6.639072299003601074e-01,-6.289299726486206055e-01,-5.945244431495666504e-01,-5.596335530281066895e-01,-5.248876810073852539e-01,-4.909977912902832031e-01,-4.555610716342926025e-01,-4.237889945507049561e-01,-3.921309709548950195e-01,-3.638056814670562744e-01,-3.310948312282562256e-01,-2.976708114147186279e-01,-2.655138969421386719e-01,-2.330560386180877686e-01,-1.974906027317047119e-01,-1.603748053312301636e-01,-1.235780417919158936e-01,-8.696567267179489136e-02,-4.255582019686698914e-02,-6.350115872919559479e-03
-1.718803308904170990e-03,-4.873465374112129211e-02,-8.528552204370498657e-02,-1.309422403573989868e-01,-1.730264127254486084e-01,-2.136699408292770386e-01,-2.575114667415618896e-01,-2.994112670421600342e-01,-3.438173234462738037e-01,-3.877098858356475830e-01,-4.284429848194122314e-01,-4.719160497188568115e-01,-5.059876441955566406e-01,-5.378654599189758301e-01,-5.648466944694519043e-01,-5.885738134384155273e-01,-6.045895814895629883e-01,-6.210380792617797852e-01,-6.288813352584838867e-01,-6.365562677383422852e-01,-6.431730389595031738e-01,-6.462437510490417480e-01,-6.529248356819152832e-01,-6.545542478561401367e-01,-6.606624722480773926e-01,-6.698104739189147949e-01,-6.821662187576293945e-01,-6.915594935417175293e-01,-7.027703523635864258e-01,-7.179829478263854980e-01,-7.356925606727600098e-01,-7.512392997741699219e-01,-7.673241496086120605e-01,-7.860963344573974609e-01,-7.993119955062866211e-01,-8.102615475654602051e-01,-8.111701607704162598e-01,-8.077986240386962891e-01,-7.992760539054870605e-01,-7.851825952529907227e-01,-7.657675743103027344e-01,-7.448635697364807129e-01,-7.153693437576293945e-01,-6.843128800392150879e-01,-6.512105464935302734e-01,-6.162412762641906738e-01,-5.827909708023071289e-01,-5.465263724327087402e-01,-5.161457061767578125e-01,-4.807029664516448975e-01,-4.493354856967926025e-01,-4.178874194622039795e-01,-3.903652727603912354e-01,-3.635386526584625244e-01,-3.316789865493774414e-01,-3.011789619922637939e-01,-2.685062587261199951e-01,-2.381319552659988403e-01,-2.015394270420074463e-01,-1.648477464914321899e-01,-1.284380406141281128e-01,-8.877521008253097534e-02,-4.623245820403099060e-02,-6.369920447468757629e-03
-2.597581595182418823e-03,-4.305904358625411987e-02,-7.620424032211303711e-02,-1.214637681841850281e-01,-1.602052003145217896e-01,-2.012818306684494019e-01,-2.436134666204452515e-01,-2.847034633159637451e-01,-3.244249820709228516e-01,-3.664850592613220215e-01,-4.083898365497589111e-01,-4.519120156764984131e-01,-4.867000281810760498e-01,-5.192281603813171387e-01,-5.475669503211975098e-01,-5.749302506446838379e-01,-5.907353758811950684e-01,-6.078414916992187500e-01,-6.200833320617675781e-01,-6.294004917144775391e-01,-6.319440007209777832e-01,-6.409443616867065430e-01,-6.455705761909484863e-01,-6.526663899421691895e-01,-6.572023034095764160e-01,-6.666433811187744141e-01,-6.752994656562805176e-01,-6.840089559555053711e-01,-6.971572041511535645e-01,-7.093220353126525879e-01,-7.264881730079650879e-01,-7.379888892173767090e-01,-7.562514543533325195e-01,-7.733830809593200684e-01,-7.829383015632629395e-01,-7.911221385002136230e-01,-7.922099828720092773e-01,-7.879573106765747070e-01,-7.785921096801757812e-01,-7.634698152542114258e-01,-7.456695437431335449e-01,-7.203089594841003418e-01,-6.938768029212951660e-01,-6.613600254058837891e-01,-6.290886402130126953e-01,-5.992434024810791016e-01,-5.666404366493225098e-01,-5.340597033500671387e-01,-5.016788244247436523e-01,-4.718883335590362549e-01,-4.414805769920349121e-01,-4.138801991939544678e-01,-3.868459761142730713e-01,-3.619398474693298340e-01,-3.314586579799652100e-01,-3.025507926940917969e-01,-2.710672914981842041e-01,-2.417530566453933716e-01,-2.052850276231765747e-01,-1.675989925861358643e-01,-1.295551657676696777e-01,-9.191887825727462769e-02,-4.531973600387573242e-02,-6.099625956267118454e-03
1.461172243580222130e-03,-4.113348573446273804e-02,-7.009524852037429810e-02,-1.122212484478950500e-01,-1.444237381219863892e-01,-1.861509978771209717e-01,-2.260272800922393799e-01,-2.666332423686981201e-01,-3.062977194786071777e-01,-3.472523093223571777e-01,-3.885571658611297607e-01,-4.303222000598907471e-01,-4.690350890159606934e-01,-5.047773122787475586e-01,-5.334566831588745117e-01,-5.605787634849548340e-01,-5.791658163070678711e-01,-5.973561406135559082e-01,-6.132946014404296875e-01,-6.226446628570556641e-01,-6.322835087776184082e-01,-6.349460482597351074e-01,-6.462161540985107422e-01,-6.490749716758728027e-01,-6.555759310722351074e-01,-6.593342423439025879e-01,-6.722034811973571777e-01,-6.804887652397155762e-01,-6.906834244728088379e-01,-7.028532028198242188e-01,-7.187592983245849609e-01,-7.337999939918518066e-01,-7.471538782119750977e-01,-7.591481208801269531e-01,-7.690845727920532227e-01,-7.734360694885253906e-01,-7.730434536933898926e-01,-7.667660713195800781e-01,-7.584783434867858887e-01,-7.436089515686035156e-01,-7.232984304428100586e-01,-7.015604376792907715e-01,-6.726090312004089355e-01,-6.421865224838256836e-01,-6.152802705764770508e-01,-5.823305845260620117e-01,-5.505543947219848633e-01,-5.186504721641540527e-01,-4.897782504558563232e-01,-4.601331949234008789e-01,-4.323667585849761963e-01,-4.061864316463470459e-01,-3.819637000560760498e-01,-3.560851216316223145e-01,-3.292376399040222168e-01,-3.014208674430847168e-01,-2.700725793838500977e-01,-2.398905605077743530e-01,-2.051893770694732666e-01,-1.682200431823730469e-01,-1.311876177787780762e-01,-9.126925468444824219e-02,-4.744844511151313782e-02,-5.126529373228549957e-03
9.785073343664407730e-04,-3.614854440093040466e-02,-6.253205239772796631e-02,-9.949147701263427734e-02,-1.314725875854492188e-01,-1.689311116933822632e-01,-2.078705281019210815e-01,-2.494717240333557129e-01,-2.869189083576202393e-01,-3.254089057445526123e-01,-3.645777106285095215e-01,-4.054096639156341553e-01,-4.432065188884735107e-01,-4.824515283107757568e-01,-5.112454891204833984e-01,-5.435847640037536621e-01,-5.602611303329467773e-01,-5.835461616516113281e-01,-5.992098450660705566e-01,-6.159368157386779785e-01,-6.197883486747741699e-01,-6.294694542884826660e-01,-6.345155835151672363e-01,-6.482411026954650879e-01,-6.517836451530456543e-01,-6.611409187316894531e-01,-6.679602861404418945e-01,-6.781691908836364746e-01,-6.867746710777282715e-01,-7.010213136672973633e-01,-7.115061879158020020e-01,-7.211795449256896973e-01,-7.331544756889343262e-01,-7.456276416778564453e-01,-7.496069669723510742e-01,-7.512177824974060059e-01,-7.492446899414062500e-01,-7.439664602279663086e-01,-7.334964275360107422e-01,-7.155845761299133301e-01,-6.968588829040527344e-01,-6.724586486816406250e-01,-6.458556056022644043e-01,-6.178303360939025879e-01,-5.894067883491516113e-01,-5.615268349647521973e-01,-5.300256013870239258e-01,-5.028269886970520020e-01,-4.742689132690429688e-01,-4.493707418441772461e-01,-4.238501787185668945e-01,-3.996332585811614990e-01,-3.752916455268859863e-01,-3.522209525108337402e-01,-3.262090086936950684e-01,-2.986877262592315674e-01,-2.704307436943054199e-01,-2.402404099702835083e-01,-2.064497768878936768e-01,-1.696770638227462769e-01,-1.310266703367233276e-01,-9.260452538728713989e-02,-4.740139469504356384e-02,-3.093698993325233459e-03
7.201409316621720791e-04,-3.603442013263702393e-02,-5.690784007310867310e-02,-9.214647114276885986e-02,-1.181805282831192017e-01,-1.520722359418869019e-01,-1.847109943628311157e-01,-2.255655527114868164e-01,-2.640851438045501709e-01,-3.020949959754943848e-01,-3.379017412662506104e-01,-3.766340315341949463e-01,-4.140414297580718994e-01,-4.535225927829742432e-01,-4.856906831264495850e-01,-5.174125432968139648e-01,-5.400156974792480469e-01,-5.647122859954833984e-01,-5.837499499320983887e-01,-6.009839177131652832e-01,-6.113736033439636230e-01,-6.207257509231567383e-01,-6.336693763732910156e-01,-6.400769352912902832e-01,-6.477144360542297363e-01,-6.510633826255798340e-01,-6.611588001251220703e-01,-6.695358753204345703e-01,-6.796180605888366699e-01,-6.925906538963317871e-01,-7.016311287879943848e-01,-7.127496600151062012e-01,-7.202996611595153809e-01,-7.253924012184143066e-01,-7.276868224143981934e-01,-7.276460528373718262e-01,-7.235193848609924316e-01,-7.182421088218688965e-01,-7.042959928512573242e-01,-6.912777423858642578e-01,-6.695079207420349121e-01,-6.475437283515930176e-01,-6.213445067405700684e-01,-5.952082872390747070e-01,-5.683576464653015137e-01,-5.397434234619140625e-01,-5.103781819343566895e-01,-4.841123223304748535e-01,-4.600217938423156738e-01,-4.348750114440917969e-01,-4.113166332244873047e-01,-3.881057798862457275e-01,-3.666709363460540771e-01,-3.444024920463562012e-01,-3.192093670368194580e-01,-2.932494580745697021e-01,-2.642444968223571777e-01,-2.362488955259323120e-01,-2.013727128505706787e-01,-1.656034886837005615e-01,-1.291127353906631470e-01,-9.014752507209777832e-02,-4.623909667134284973e-02,-3.963060211390256882e-03
-4.918835475109517574e-04,-3.049524500966072083e-02,-5.060560628771781921e-02,-8.230878412723541260e-02,-1.094276756048202515e-01,-1.380700021982192993e-01,-1.704577803611755371e-01,-2.044985890388488770e-01,-2.425206452608108521e-01,-2.795517742633819580e-01,-3.177610039710998535e-01,-3.525381386280059814e-01,-3.887742459774017334e-01,-4.246509373188018799e-01,-4.588364362716674805e-01,-4.929148852825164795e-01,-5.181378126144409180e-01,-5.450875759124755859e-01,-5.663577318191528320e-01,-5.894525051116943359e-01,-6.010630130767822266e-01,-6.143145561218261719e-01,-6.228672266006469727e-01,-6.347178220748901367e-01,-6.400747895240783691e-01,-6.506597995758056641e-01,-6.566709280014038086e-01,-6.662726998329162598e-01,-6.740565299987792969e-01,-6.836009621620178223e-01,-6.889881491661071777e-01,-6.981487274169921875e-01,-7.018565535545349121e-01,-7.074840664863586426e-01,-7.034736275672912598e-01,-7.034753561019897461e-01,-6.958414316177368164e-01,-6.885711550712585449e-01,-6.745480298995971680e-01,-6.590766906738281250e-01,-6.389918327331542969e-01,-6.167823672294616699e-01,-5.921379923820495605e-01,-5.692535638809204102e-01,-5.431978702545166016e-01,-5.182241201400756836e-01,-4.909956455230712891e-01,-4.690947234630584717e-01,-4.465170204639434814e-01,-4.240901470184326172e-01,-4.012374579906463623e-01,-3.812204599380493164e-01,-3.598552048206329346e-01,-3.386268317699432373e-01,-3.134699165821075439e-01,-2.899781465530395508e-01,-2.614943683147430420e-01,-2.348708510398864746e-01,-1.996569484472274780e-01,-1.645544767379760742e-01,-1.265150159597396851e-01,-8.999352902173995972e-02,-4.658227041363716125e-02,-2.873189747333526611e-03
3.560646437108516693e-03,-2.902630902826786041e-02,-4.524556919932365417e-02,-7.443837076425552368e-02,-9.482949227094650269e-02,-1.256922334432601929e-01,-1.508552581071853638e-01,-1.839926242828369141e-01,-2.146627902984619141e-01,-2.543363273143768311e-01,-2.912241518497467041e-01,-3.256562352180480957e-01,-3.601354956626892090e-01,-3.953742384910583496e-01,-4.295194447040557861e-01,-4.621379077434539795e-01,-4.909267723560333252e-01,-5.190219283103942871e-01,-5.465447306632995605e-01,-5.681922435760498047e-01,-5.876434445381164551e-01,-6.023344397544860840e-01,-6.177115440368652344e-01,-6.303090453147888184e-01,-6.397113204002380371e-01,-6.478883028030395508e-01,-6.558091044425964355e-01,-6.640222072601318359e-01,-6.716118454933166504e-01,-6.762398481369018555e-01,-6.815190911293029785e-01,-6.837400197982788086e-01,-6.860166788101196289e-01,-6.826618909835815430e-01,-6.806175708770751953e-01,-6.739836335182189941e-01,-6.648972630500793457e-01,-6.561406254768371582e-01,-6.402582526206970215e-01,-6.240044236183166504e-01,-6.069906353950500488e-01,-5.864301919937133789e-01,-5.650353431701660156e-01,-5.424298644065856934e-01,-5.200251340866088867e-01,-4.965538680553436279e-01,-4.716866910457611084e-01,-4.514062106609344482e-01,-4.307783842086791992e-01,-4.108045101165771484e-01,-3.889759182929992676e-01,-3.713189363479614258e-01,-3.509252369403839111e-01,-3.293254971504211426e-01,-3.058691918849945068e-01,-2.813506424427032471e-01,-2.537660300731658936e-01,-2.243631482124328613e-01,-1.919706314802169800e-01,-1.573521047830581665e-01,-1.211417615413665771e-01,-8.547610789537429810e-02,-4.403406381607055664e-02,-2.412436064332723618e-03
7.575748604722321033e-04,-2.413999103009700775e-02,-4.294677078723907471e-02,-6.616012006998062134e-02,-8.901257812976837158e-02,-1.111740022897720337e-01,-1.383753269910812378e-01,-1.643321961164474487e-01,-1.963445246219635010e-01,-2.281138300895690918e-01,-2.648254334926605225e-01,-3.005779385566711426e-01,-3.358555734157562256e-01,-3.698537051677703857e-01,-4.023979902267456055e-01,-4.383168220520019531e-01,-4.665124714374542236e-01,-4.983699619770050049e-01,-5.248463749885559082e-01,-5.547254681587219238e-01,-5.725746154785156250e-01,-5.912791490554809570e-01,-6.056905388832092285e-01,-6.230334639549255371e-01,-6.322100162506103516e-01,-6.419481039047241211e-01,-6.490607261657714844e-01,-6.551819443702697754e-01,-6.611302495002746582e-01,-6.634151935577392578e-01,-6.639474630355834961e-01,-6.654682755470275879e-01,-6.619520187377929688e-01,-6.594521999359130859e-01,-6.523642539978027344e-01,-6.428474187850952148e-01,-6.305001378059387207e-01,-6.193737387657165527e-01,-6.047912836074829102e-01,-5.908438563346862793e-01,-5.727283358573913574e-01,-5.547881126403808594e-01,-5.348123311996459961e-01,-5.163310766220092773e-01,-4.945975840091705322e-01,-4.748059511184692383e-01,-4.549804031848907471e-01,-4.360994994640350342e-01,-4.193198978900909424e-01,-4.002249240875244141e-01,-3.814640939235687256e-01,-3.627814650535583496e-01,-3.432879149913787842e-01,-3.219521641731262207e-01,-2.995581030845642090e-01,-2.748385667800903320e-01,-2.483193278312683105e-01,-2.207077592611312866e-01,-1.887189596891403198e-01,-1.544213891029357910e-01,-1.179756596684455872e-01,-8.285142481327056885e-02,-4.303810000419616699e-02,-4.007332900073379278e-04
3.843311278615146875e-04,-2.545451000332832336e-02,-3.906046971678733826e-02,-6.117641553282737732e-02,-7.921218127012252808e-02,-1.009807065129280090e-01,-1.234412044286727905e-01,-1.513265073299407959e-01,-1.755249202251434326e-01,-2.083846777677536011e-01,-2.380968481302261353e-01,-2.743279337882995605e-01,-3.080090880393981934e-01,-3.423897325992584229e-01,-3.779768347740173340e-01,-4.108512401580810547e-01,-4.399669468402862549e-01,-4.709348678588867188e-01,-5.027762055397033691e-01,-5.310575962066650391e-01,-5.543739795684814453e-01,-5.744019150733947754e-01,-5.937161445617675781e-01,-6.110578179359436035e-01,-6.234781742095947266e-01,-6.349066495895385742e-01,-6.423985362052917480e-01,-6.471568942070007324e-01,-6.484759449958801270e-01,-6.487820148468017578e-01,-6.475038528442382812e-01,-6.443092226982116699e-01,-6.378856897354125977e-01,-6.317107677459716797e-01,-6.179429888725280762e-01,-6.068569421768188477e-01,-5.923587679862976074e-01,-5.818046927452087402e-01,-5.676351785659790039e-01,-5.520808100700378418e-01,-5.383234620094299316e-01,-5.203111171722412109e-01,-5.049315690994262695e-01,-4.867045581340789795e-01,-4.687556028366088867e-01,-4.526155292987823486e-01,-4.351935982704162598e-01,-4.193874895572662354e-01,-4.046263396739959717e-01,-3.877890110015869141e-01,-3.699802160263061523e-01,-3.535689115524291992e-01,-3.343534171581268311e-01,-3.143006861209869385e-01,-2.914197146892547607e-01,-2.665958106517791748e-01,-2.393948733806610107e-01,-2.115483134984970093e-01,-1.792060136795043945e-01,-1.472921371459960938e-01,-1.123253479599952698e-01,-7.740247249603271484e-02,-3.852937743067741394e-02,-5.704275681637227535e-04
-1.641815761104226112e-03,-2.269037626683712006e-02,-3.643768280744552612e-02,-5.657675489783287048e-02,-7.378169149160385132e-02,-9.195766597986221313e-02,-1.150703430175781250e-01,-1.359652280807495117e-01,-1.614670455455780029e-01,-1.880879551172256470e-01,-2.173065394163131714e-01,-2.484565824270248413e-01,-2.819999456405639648e-01,-3.165858387947082520e-01,-3.508777916431427002e-01,-3.847073614597320557e-01,-4.147156178951263428e-01,-4.461237490177154541e-01,-4.754714965820312500e-01,-5.091531276702880859e-01,-5.324336886405944824e-01,-5.569302439689636230e-01,-5.775061249732971191e-01,-5.960207581520080566e-01,-6.089771986007690430e-01,-6.206411123275756836e-01,-6.283888220787048340e-01,-6.319989562034606934e-01,-6.303476095199584961e-01,-6.283996701240539551e-01,-6.259008646011352539e-01,-6.209374666213989258e-01,-6.099483370780944824e-01,-5.960229039192199707e-01,-5.829636454582214355e-01,-5.705320239067077637e-01,-5.552942752838134766e-01,-5.443829298019409180e-01,-5.305549502372741699e-01,-5.171894431114196777e-01,-5.015514492988586426e-01,-4.882531166076660156e-01,-4.728081226348876953e-01,-4.586056470870971680e-01,-4.461209475994110107e-01,-4.322233796119689941e-01,-4.200403094291687012e-01,-4.064611494541168213e-01,-3.945811092853546143e-01,-3.784838914871215820e-01,-3.621927201747894287e-01,-3.448949754238128662e-01,-3.270072042942047119e-01,-3.065965771675109863e-01,-2.845072746276855469e-01,-2.592796683311462402e-01,-2.323146760463714600e-01,-2.055388689041137695e-01,-1.737282574176788330e-01,-1.410674005746841431e-01,-1.077636256814002991e-01,-7.404630631208419800e-02,-3.776008263230323792e-02,-1.476990000810474157e-04
4.383394843898713589e-04,-2.028927765786647797e-02,-3.347444906830787659e-02,-5.192055553197860718e-02,-6.665843725204467773e-02,-8.514203131198883057e-02,-1.046440526843070984e-01,-1.270361542701721191e-01,-1.478711366653442383e-01,-1.747764796018600464e-01,-2.010433822870254517e-01,-2.293487489223480225e-01,-2.575002908706665039e-01,-2.905936241149902344e-01,-3.266259133815765381e-01,-3.597935736179351807e-01,-3.913974463939666748e-01,-4.210202097892761230e-01,-4.554466605186462402e-01,-4.836199581623077393e-01,-5.144481658935546875e-01,-5.402473211288452148e-01,-5.620630979537963867e-01,-5.824925303459167480e-01,-5.971581935882568359e-01,-6.095006465911865234e-01,-6.144708395004272461e-01,-6.171997189521789551e-01,-6.139553189277648926e-01,-6.089190840721130371e-01,-6.014536023139953613e-01,-5.933854579925537109e-01,-5.762103796005249023e-01,-5.605463981628417969e-01,-5.453647375106811523e-01,-5.305896997451782227e-01,-5.170272588729858398e-01,-5.034551620483398438e-01,-4.913877248764038086e-01,-4.779470562934875488e-01,-4.644671976566314697e-01,-4.533973932266235352e-01,-4.408089518547058105e-01,-4.308088719844818115e-01,-4.218889772891998291e-01,-4.114764332771301270e-01,-4.025503695011138916e-01,-3.936109542846679688e-01,-3.815953731536865234e-01,-3.688401579856872559e-01,-3.540430068969726562e-01,-3.389441072940826416e-01,-3.196281194686889648e-01,-2.991558611392974854e-01,-2.752768993377685547e-01,-2.517919242382049561e-01,-2.241663038730621338e-01,-1.944931298494338989e-01,-1.639091521501541138e-01,-1.340561360120773315e-01,-1.004623174667358398e-01,-6.842689216136932373e-02,-3.444861620664596558e-02,7.124964031390845776e-05
-1.202850020490586758e-03,-1.925734989345073700e-02,-3.295542672276496887e-02,-4.828351363539695740e-02,-6.460169702768325806e-02,-7.712607085704803467e-02,-9.794732928276062012e-02,-1.142581030726432800e-01,-1.357175558805465698e-01,-1.579318493604660034e-01,-1.824478358030319214e-01,-2.084277421236038208e-01,-2.341410517692565918e-01,-2.666550278663635254e-01,-2.986155748367309570e-01,-3.342779874801635742e-01,-3.638693392276763916e-01,-3.975568115711212158e-01,-4.270595908164978027e-01,-4.602800905704498291e-01,-4.885523319244384766e-01,-5.179738998413085938e-01,-5.423094034194946289e-01,-5.620756745338439941e-01,-5.779023170471191406e-01,-5.872281193733215332e-01,-5.956175923347473145e-01,-5.923424959182739258e-01,-5.900532007217407227e-01,-5.812727212905883789e-01,-5.751637816429138184e-01,-5.579991340637207031e-01,-5.385762453079223633e-01,-5.195020437240600586e-01,-5.056773424148559570e-01,-4.887822270393371582e-01,-4.716826081275939941e-01,-4.606346189975738525e-01,-4.455089271068572998e-01,-4.364491701126098633e-01,-4.233250617980957031e-01,-4.184092283248901367e-01,-4.080283343791961670e-01,-4.045953154563903809e-01,-3.978547155857086182e-01,-3.942759931087493896e-01,-3.871798813343048096e-01,-3.794904947280883789e-01,-3.704521954059600830e-01,-3.584395647048950195e-01,-3.462763428688049316e-01,-3.308900296688079834e-01,-3.137173056602478027e-01,-2.904582917690277100e-01,-2.698782086372375488e-01,-2.433055043220520020e-01,-2.177726924419403076e-01,-1.891645342111587524e-01,-1.608123332262039185e-01,-1.290158182382583618e-01,-9.740725159645080566e-02,-6.492535769939422607e-02,-3.301394730806350708e-02,3.945461940020322800e-04
-1.778980833478271961e-03,-1.889551430940628052e-02,-3.305168077349662781e-02,-4.630707576870918274e-02,-6.134463474154472351e-02,-7.409603148698806763e-02,-9.147192537784576416e-02,-1.082128807902336121e-01,-1.269691735506057739e-01,-1.478993296623229980e-01,-1.679250150918960571e-01,-1.937304437160491943e-01,-2.162321209907531738e-01,-2.455221414566040039e-01,-2.742154896259307861e-01,-3.071733415126800537e-01,-3.399848341941833496e-01,-3.716433942317962646e-01,-4.024983942508697510e-01,-4.325172901153564453e-01,-4.639584720134735107e-01,-4.949781000614166260e-01,-5.190427899360656738e-01,-5.407965779304504395e-01,-5.533835291862487793e-01,-5.650006532669067383e-01,-5.690258145332336426e-01,-5.682227611541748047e-01,-5.601692199707031250e-01,-5.557941794395446777e-01,-5.395495891571044922e-01,-5.257668495178222656e-01,-5.003248453140258789e-01,-4.834579527378082275e-01,-4.655560553073883057e-01,-4.455888867378234863e-01,-4.292001426219940186e-01,-4.166156947612762451e-01,-4.035992920398712158e-01,-3.938240408897399902e-01,-3.859526813030242920e-01,-3.800193965435028076e-01,-3.764894902706146240e-01,-3.718060553073883057e-01,-3.707595467567443848e-01,-3.690905869007110596e-01,-3.648301959037780762e-01,-3.614465296268463135e-01,-3.539884388446807861e-01,-3.464661538600921631e-01,-3.339294791221618652e-01,-3.220713436603546143e-01,-3.032208979129791260e-01,-2.840586006641387939e-01,-2.600679695606231689e-01,-2.376288622617721558e-01,-2.082621306180953979e-01,-1.830471605062484741e-01,-1.516723483800888062e-01,-1.239890009164810181e-01,-9.264250844717025757e-02,-6.097006052732467651e-02,-3.033156134188175201e-02,-7.367134003288811073e-06
-3.291055792942643166e-03,-1.913290470838546753e-02,-3.309477865695953369e-02,-4.558520391583442688e-02,-6.254129856824874878e-02,-7.300671935081481934e-02,-9.017980098724365234e-02,-1.015199273824691772e-01,-1.190085709095001221e-01,-1.355049759149551392e-01,-1.550891399383544922e-01,-1.762453317642211914e-01,-1.981866061687469482e-01,-2.244877070188522339e-01,-2.517342865467071533e-01,-2.823486328125000000e-01,-3.140843212604522705e-01,-3.447280526161193848e-01,-3.742203414440155029e-01,-4.053404629230499268e-01,-4.350819885730743408e-01,-4.669717252254486084e-01,-4.918571412563323975e-01,-5.104423165321350098e-01,-5.264058113098144531e-01,-5.337061285972595215e-01,-5.399191975593566895e-01,-5.364362597465515137e-01,-5.310494899749755859e-01,-5.191945433616638184e-01,-5.042558312416076660e-01,-4.824522733688354492e-01,-4.602043926715850830e-01,-4.392719864845275879e-01,-4.229101836681365967e-01,-4.028582274913787842e-01,-3.850574195384979248e-01,-3.716599345207214355e-01,-3.593524992465972900e-01,-3.544698655605316162e-01,-3.482385873794555664e-01,-3.465062975883483887e-01,-3.441823124885559082e-01,-3.470503687858581543e-01,-3.478705585002899170e-01,-3.490742743015289307e-01,-3.462146818637847900e-01,-3.443852663040161133e-01,-3.418406248092651367e-01,-3.334390223026275635e-01,-3.233987390995025635e-01,-3.105607628822326660e-01,-2.960355877876281738e-01,-2.730449438095092773e-01,-2.542260289192199707e-01,-2.275637537240982056e-01,-2.027759701013565063e-01,-1.742457300424575806e-01,-1.477341651916503906e-01,-1.182297021150588989e-01,-8.871668577194213867e-02,-5.842592939734458923e-02,-3.110557794570922852e-02,-2.392112655797973275e-04
-1.783617073670029640e-03,-1.482789684087038040e-02,-3.089384734630584717e-02,-4.342078417539596558e-02,-5.952464416623115540e-02,-7.124677300453186035e-02,-8.760108053684234619e-02,-9.809677302837371826e-02,-1.133651435375213623e-01,-1.273256242275238037e-01,-1.475904881954193115e-01,-1.638499498367309570e-01,-1.835671216249465942e-01,-2.081588208675384521e-01,-2.328142970800399780e-01,-2.593741714954376221e-01,-2.888114750385284424e-01,-3.201944828033447266e-01,-3.520737588405609131e-01,-3.778359889984130859e-01,-4.096702933311462402e-01,-4.401756823062896729e-01,-4.632950127124786377e-01,-4.843169152736663818e-01,-4.964198470115661621e-01,-5.054109692573547363e-01,-5.089386105537414551e-01,-5.056658983230590820e-01,-4.962297677993774414e-01,-4.858812391757965088e-01,-4.648793637752532959e-01,-4.424850344657897949e-01,-4.229417741298675537e-01,-3.984261751174926758e-01,-3.829606473445892334e-01,-3.600148558616638184e-01,-3.431277275085449219e-01,-3.305704891681671143e-01,-3.209848403930664062e-01,-3.142512440681457520e-01,-3.113232553005218506e-01,-3.118771314620971680e-01,-3.143798410892486572e-01,-3.178010582923889160e-01,-3.231758475303649902e-01,-3.236266970634460449e-01,-3.263114690780639648e-01,-3.290684521198272705e-01,-3.265083730220794678e-01,-3.210291564464569092e-01,-3.126172721385955811e-01,-3.026345968246459961e-01,-2.847913801670074463e-01,-2.661900222301483154e-01,-2.433999925851821899e-01,-2.228183448314666748e-01,-1.940298080444335938e-01,-1.673322468996047974e-01,-1.387894749641418457e-01,-1.134250089526176453e-01,-8.290152251720428467e-02,-5.490031838417053223e-02,-2.929706498980522156e-02,-6.689270958304405212e-04
-2.695732749998569489e-03,-1.522109191864728928e-02,-3.218190371990203857e-02,-4.475261643528938293e-02,-6.055480241775512695e-02,-6.918279081583023071e-02,-8.499553799629211426e-02,-9.404984116554260254e-02,-1.079073399305343628e-01,-1.179121285676956177e-01,-1.337290406227111816e-01,-1.502004116773605347e-01,-1.676217317581176758e-01,-1.884143203496932983e-01,-2.115695327520370483e-01,-2.390897274017333984e-01,-2.641163170337677002e-01,-2.938879132270812988e-01,-3.232197165489196777e-01,-3.504461050033569336e-01,-3.773059546947479248e-01,-4.057109951972961426e-01,-4.291785359382629395e-01,-4.473694264888763428e-01,-4.594943523406982422e-01,-4.666799902915954590e-01,-4.710435271263122559e-01,-4.655234217643737793e-01,-4.564174711704254150e-01,-4.429889917373657227e-01,-4.183426797389984131e-01,-3.935360908508300781e-01,-3.759713172912597656e-01,-3.523338735103607178e-01,-3.352072536945343018e-01,-3.131438791751861572e-01,-2.939891219139099121e-01,-2.837992012500762939e-01,-2.744697928428649902e-01,-2.739080786705017090e-01,-2.721485495567321777e-01,-2.788012921810150146e-01,-2.833718061447143555e-01,-2.937466800212860107e-01,-2.974216639995574951e-01,-3.028678596019744873e-01,-3.081310391426086426e-01,-3.107858300209045410e-01,-3.114522695541381836e-01,-3.063558936119079590e-01,-3.003049492835998535e-01,-2.880911529064178467e-01,-2.751510441303253174e-01,-2.530061602592468262e-01,-2.368644773960113525e-01,-2.103159278631210327e-01,-1.884047389030456543e-01,-1.598130315542221069e-01,-1.354683488607406616e-01,-1.062956526875495911e-01,-7.994759082794189453e-02,-5.170248448848724365e-02,-2.751341089606285095e-02,1.217195458593778312e-04
8.855990745360031724e-05,-1.326586771756410599e-02,-3.082032315433025360e-02,-4.292089864611625671e-02,-5.800270289182662964e-02,-6.875519454479217529e-02,-8.446591347455978394e-02,-9.247829020023345947e-02,-1.052037924528121948e-01,-1.136767864227294922e-01,-1.270192414522171021e-01,-1.394945085048675537e-01,-1.565516591072082520e-01,-1.743511110544204712e-01,-1.942704170942306519e-01,-2.172594666481018066e-01,-2.414608001708984375e-01,-2.694147229194641113e-01,-2.959193289279937744e-01,-3.221827149391174316e-01,-3.485766053199768066e-01,-3.754534125328063965e-01,-3.967617154121398926e-01,-4.142934679985046387e-01,-4.235849976539611816e-01,-4.319275319576263428e-01,-4.326115548610687256e-01,-4.273557960987091064e-01,-4.171747863292694092e-01,-4.016631841659545898e-01,-3.759506642818450928e-01,-3.547620773315429688e-01,-3.387145102024078369e-01,-3.126790523529052734e-01,-2.953470051288604736e-01,-2.726849615573883057e-01,-2.556571066379547119e-01,-2.459390759468078613e-01,-2.384304106235504150e-01,-2.371293008327484131e-01,-2.381364256143569946e-01,-2.453384101390838623e-01,-2.546002268791198730e-01,-2.619558274745941162e-01,-2.698582708835601807e-01,-2.764128148555755615e-01,-2.856527864933013916e-01,-2.912379205226898193e-01,-2.925155162811279297e-01,-2.887312769889831543e-01,-2.839213609695434570e-01,-2.741029262542724609e-01,-2.597014605998992920e-01,-2.422743886709213257e-01,-2.220075130462646484e-01,-2.020012289285659790e-01,-1.757717877626419067e-01,-1.525612473487854004e-01,-1.243216469883918762e-01,-1.015175804495811462e-01,-7.503050565719604492e-02,-4.830018058419227600e-02,-2.478531375527381897e-02,-2.019344829022884369e-04
-2.733794739469885826e-03,-1.435391698032617569e-02,-3.083790652453899384e-02,-4.415612667798995972e-02,-5.626862123608589172e-02,-6.724330782890319824e-02,-7.977949082851409912e-02,-8.784630149602890015e-02,-9.769881516695022583e-02,-1.051397100090980530e-01,-1.157728433609008789e-01,-1.259436011314392090e-01,-1.387976855039596558e-01,-1.554144769906997681e-01,-1.734564900398254395e-01,-1.933086067438125610e-01,-2.160997539758682251e-01,-2.404975593090057373e-01,-2.653792798519134521e-01,-2.896953523159027100e-01,-3.129754960536956787e-01,-3.373193740844726562e-01,-3.573170304298400879e-01,-3.703706562519073486e-01,-3.809598386287689209e-01,-3.843317925930023193e-01,-3.858662545680999756e-01,-3.815027475357055664e-01,-3.724902570247650146e-01,-3.524199426174163818e-01,-3.292260766029357910e-01,-3.070974349975585938e-01,-2.922907471656799316e-01,-2.677197158336639404e-01,-2.493012696504592896e-01,-2.303560972213745117e-01,-2.123432755470275879e-01,-2.032994925975799561e-01,-1.972633302211761475e-01,-1.997639685869216919e-01,-2.032054662704467773e-01,-2.143288850784301758e-01,-2.235248535871505737e-01,-2.326691746711730957e-01,-2.415589839220046997e-01,-2.513791918754577637e-01,-2.609108984470367432e-01,-2.684367001056671143e-01,-2.710589766502380371e-01,-2.679132521152496338e-01,-2.626101970672607422e-01,-2.538238167762756348e-01,-2.440547943115234375e-01,-2.248075008392333984e-01,-2.102085351943969727e-01,-1.862886846065521240e-01,-1.673752814531326294e-01,-1.399135291576385498e-01,-1.200773194432258606e-01,-9.365303814411163330e-02,-7.161308079957962036e-02,-4.462514072656631470e-02,-2.407365478575229645e-02,-4.528762656264007092e-04
-3.444074536673724651e-04,-8.198285475373268127e-03,-2.651102095842361450e-02,-3.779307380318641663e-02,-5.152239650487899780e-02,-6.132965907454490662e-02,-7.458823919296264648e-02,-8.115465939044952393e-02,-9.282465279102325439e-02,-9.677347540855407715e-02,-1.077354699373245239e-01,-1.136865690350532532e-01,-1.271293461322784424e-01,-1.381804496049880981e-01,-1.551475375890731812e-01,-1.726303696632385254e-01,-1.915010064840316772e-01,-2.148422002792358398e-01,-2.370344549417495728e-01,-2.599004209041595459e-01,-2.816031873226165771e-01,-3.048543632030487061e-01,-3.207623958587646484e-01,-3.353167772293090820e-01,-3.408964872360229492e-01,-3.474685549736022949e-01,-3.427609503269195557e-01,-3.392673432826995850e-01,-3.281333446502685547e-01,-3.088307678699493408e-01,-2.895199954509735107e-01,-2.700910568237304688e-01,-2.528849840164184570e-01,-2.304200530052185059e-01,-2.138029038906097412e-01,-1.934349387884140015e-01,-1.806643754243850708e-01,-1.702988892793655396e-01,-1.667430400848388672e-01,-1.696689575910568237e-01,-1.746281534433364868e-01,-1.850775480270385742e-01,-1.956831514835357666e-01,-2.052530646324157715e-01,-2.146270126104354858e-01,-2.242702841758728027e-01,-2.363117635250091553e-01,-2.454686611890792847e-01,-2.471878379583358765e-01,-2.474371194839477539e-01,-2.415987253189086914e-01,-2.348665595054626465e-01,-2.223687171936035156e-01,-2.098908275365829468e-01,-1.915590465068817139e-01,-1.749312132596969604e-01,-1.512323170900344849e-01,-1.319475173950195312e-01,-1.071700826287269592e-01,-8.754368871450424194e-02,-6.276822090148925781e-02,-4.176002368330955505e-02,-2.270178496837615967e-02,-1.379251712933182716e-03
-4.340487066656351089e-04,-1.068719197064638138e-02,-2.568914368748664856e-02,-3.760594502091407776e-02,-4.899233579635620117e-02,-5.728719010949134827e-02,-6.756002455949783325e-02,-7.471858710050582886e-02,-8.261259645223617554e-02,-8.587528765201568604e-02,-9.426771849393844604e-02,-1.009517461061477661e-01,-1.112721413373947144e-01,-1.202212348580360413e-01,-1.341895759105682373e-01,-1.504836231470108032e-01,-1.672973185777664185e-01,-1.860045194625854492e-01,-2.058388590812683105e-01,-2.259622961282730103e-01,-2.455733120441436768e-01,-2.631106078624725342e-01,-2.785482406616210938e-01,-2.893555462360382080e-01,-2.975052297115325928e-01,-2.986863553524017334e-01,-3.004976511001586914e-01,-2.926593124866485596e-01,-2.834948301315307617e-01,-2.588268518447875977e-01,-2.473028302192687988e-01,-2.247330993413925171e-01,-2.121534794569015503e-01,-1.893810629844665527e-01,-1.742243170738220215e-01,-1.596688628196716309e-01,-1.451290845870971680e-01,-1.384808868169784546e-01,-1.353051364421844482e-01,-1.417704671621322632e-01,-1.457078307867050171e-01,-1.585622131824493408e-01,-1.681054681539535522e-01,-1.795395165681838989e-01,-1.878805458545684814e-01,-1.961957663297653198e-01,-2.073100060224533081e-01,-2.149094045162200928e-01,-2.176832705736160278e-01,-2.174742519855499268e-01,-2.143438756465911865e-01,-2.075445801019668579e-01,-2.010773122310638428e-01,-1.841542720794677734e-01,-1.747065782546997070e-01,-1.527314186096191406e-01,-1.388664841651916504e-01,-1.157122775912284851e-01,-9.971188008785247803e-02,-7.609207183122634888e-02,-5.852099135518074036e-02,-3.551311418414115906e-02,-1.939451880753040314e-02,-7.324187899939715862e-04
2.109815599396824837e-03,-7.471221033483743668e-03,-2.348102629184722900e-02,-3.269097208976745605e-02,-4.254368320107460022e-02,-5.058838054537773132e-02,-5.966600775718688965e-02,-6.538229435682296753e-02,-7.327421009540557861e-02,-7.795114815235137939e-02,-8.386848121881484985e-02,-8.805933594703674316e-02,-9.658056497573852539e-02,-1.034838259220123291e-01,-1.153889074921607971e-01,-1.267229169607162476e-01,-1.411240398883819580e-01,-1.576921194791793823e-01,-1.757173389196395874e-01,-1.913731247186660767e-01,-2.089984714984893799e-01,-2.249340415000915527e-01,-2.375254482030868530e-01,-2.474519610404968262e-01,-2.497335821390151978e-01,-2.556865215301513672e-01,-2.508029639720916748e-01,-2.474859654903411865e-01,-2.320964634418487549e-01,-2.178190648555755615e-01,-2.047153264284133911e-01,-1.862649917602539062e-01,-1.721491813659667969e-01,-1.536095440387725830e-01,-1.420946717262268066e-01,-1.253568679094314575e-01,-1.139991730451583862e-01,-1.101264655590057373e-01,-1.094064265489578247e-01,-1.140641942620277405e-01,-1.186648011207580566e-01,-1.311711966991424561e-01,-1.423670351505279541e-01,-1.511552035808563232e-01,-1.608116030693054199e-01,-1.699653416872024536e-01,-1.816171705722808838e-01,-1.873599141836166382e-01,-1.886217743158340454e-01,-1.911983191967010498e-01,-1.873912364244461060e-01,-1.836470216512680054e-01,-1.712871938943862915e-01,-1.636697351932525635e-01,-1.479360312223434448e-01,-1.349313110113143921e-01,-1.147829070687294006e-01,-1.013744547963142395e-01,-8.253850042819976807e-02,-6.720799952745437622e-02,-4.835862666368484497e-02,-3.087722696363925934e-02,-1.741751469671726227e-02,-4.357247380539774895e-04
1.472224364988505840e-03,-6.764034274965524673e-03,-1.947882957756519318e-02,-2.942253835499286652e-02,-3.859696909785270691e-02,-4.346697404980659485e-02,-5.110362172126770020e-02,-5.551448464393615723e-02,-6.002748012542724609e-02,-6.384874880313873291e-02,-6.966235488653182983e-02,-7.289992272853851318e-02,-7.874086499214172363e-02,-8.485390990972518921e-02,-9.479527920484542847e-02,-1.016631126403808594e-01,-1.145311519503593445e-01,-1.263334006071090698e-01,-1.429790407419204712e-01,-1.536039561033248901e-01,-1.697283387184143066e-01,-1.815071851015090942e-01,-1.935314685106277466e-01,-1.992235779762268066e-01,-2.051070779561996460e-01,-2.044799774885177612e-01,-2.050610780715942383e-01,-1.974494755268096924e-01,-1.886758804321289062e-01,-1.721904575824737549e-01,-1.662452816963195801e-01,-1.505591422319412231e-01,-1.371084153652191162e-01,-1.209415495395660400e-01,-1.089955270290374756e-01,-9.752180427312850952e-02,-8.554252237081527710e-02,-8.403323590755462646e-02,-8.230140805244445801e-02,-8.787301927804946899e-02,-9.257663041353225708e-02,-1.036291867494583130e-01,-1.147357374429702759e-01,-1.221769005060195923e-01,-1.310670226812362671e-01,-1.390862315893173218e-01,-1.485507935285568237e-01,-1.545926481485366821e-01,-1.567992568016052246e-01,-1.582347601652145386e-01,-1.555426567792892456e-01,-1.513044536113739014e-01,-1.427550464868545532e-01,-1.331918835639953613e-01,-1.231405586004257202e-01,-1.090715304017066956e-01,-9.445885568857192993e-02,-7.990924268960952759e-02,-6.909679621458053589e-02,-5.438885465264320374e-02,-4.022265225648880005e-02,-2.339882589876651764e-02,-1.330887619405984879e-02,5.600249278359115124e-04
8.665652945637702942e-03,-3.725987917277961969e-04,-1.116585731506347656e-02,-2.047246508300304413e-02,-2.938805706799030304e-02,-3.264404088258743286e-02,-3.963964432477951050e-02,-4.092049971222877502e-02,-4.694839194416999817e-02,-4.835417494177818298e-02,-5.264585465192794800e-02,-5.510635301470756531e-02,-5.947288498282432556e-02,-6.330314278602600098e-02,-6.758607923984527588e-02,-7.565806061029434204e-02,-8.319311589002609253e-02,-9.411911666393280029e-02,-1.049723476171493530e-01,-1.144529059529304504e-01,-1.296528130769729614e-01,-1.370119750499725342e-01,-1.469088196754455566e-01,-1.525272130966186523e-01,-1.569651961326599121e-01,-1.572750508785247803e-01,-1.548938304185867310e-01,-1.497432291507720947e-01,-1.444383114576339722e-01,-1.339341104030609131e-01,-1.278004795312881470e-01,-1.159584745764732361e-01,-1.068985164165496826e-01,-9.153203666210174561e-02,-8.111595362424850464e-02,-7.156433910131454468e-02,-6.689275801181793213e-02,-6.395938992500305176e-02,-6.282956898212432861e-02,-6.665526330471038818e-02,-7.071362435817718506e-02,-7.741370797157287598e-02,-8.543963730335235596e-02,-9.217358380556106567e-02,-1.040861457586288452e-01,-1.082614362239837646e-01,-1.183500811457633972e-01,-1.211343035101890564e-01,-1.247978135943412781e-01,-1.250557154417037964e-01,-1.209051087498664856e-01,-1.184109672904014587e-01,-1.085524410009384155e-01,-1.034884974360466003e-01,-8.950550854206085205e-02,-8.208741247653961182e-02,-6.864826381206512451e-02,-6.063998118042945862e-02,-4.881830886006355286e-02,-4.054942727088928223e-02,-2.879601344466209412e-02,-1.763753592967987061e-02,-1.053598802536725998e-02,1.122890855185687542e-03
3.356147790327668190e-03,-1.424234942533075809e-03,-9.125639684498310089e-03,-1.095503661781549454e-02,-1.825331337749958038e-02,-2.122683264315128326e-02,-2.611926943063735962e-02,-2.788394689559936523e-02,-3.258044645190238953e-02,-3.378487378358840942e-02,-3.938327357172966003e-02,-3.815552592277526855e-02,-4.303797706961631775e-02,-4.545601457357406616e-02,-5.035354569554328918e-02,-5.366743355989456177e-02,-5.997736006975173950e-02,-6.531591713428497314e-02,-7.309264689683914185e-02,-7.785835117101669312e-02,-8.595558255910873413e-02,-9.325870871543884277e-02,-9.707682579755783081e-02,-1.001948267221450806e-01,-1.022595763206481934e-01,-1.031801253557205200e-01,-1.023937463760375977e-01,-9.651820361614227295e-02,-9.428481012582778931e-02,-8.664728701114654541e-02,-8.355461806058883667e-02,-7.252930104732513428e-02,-6.895965337753295898e-02,-5.877230316400527954e-02,-5.331051722168922424e-02,-4.640731215476989746e-02,-4.449452087283134460e-02,-4.379588365554809570e-02,-4.415315017104148865e-02,-4.767718911170959473e-02,-5.056633800268173218e-02,-5.281941592693328857e-02,-5.769046023488044739e-02,-6.172332912683486938e-02,-6.850548833608627319e-02,-7.438782602548599243e-02,-7.964506745338439941e-02,-8.274648338556289673e-02,-8.491621166467666626e-02,-8.681368827819824219e-02,-8.641378581523895264e-02,-8.067889511585235596e-02,-7.717641443014144897e-02,-6.868144869804382324e-02,-6.425196677446365356e-02,-5.506487190723419189e-02,-4.844528064131736755e-02,-4.159087315201759338e-02,-3.524916991591453552e-02,-2.922241389751434326e-02,-2.065213024616241455e-02,-1.075115054845809937e-02,-5.047766026109457016e-03,-8.364440291188657284e-04
-1.884858473204076290e-03,-7.859658449888229370e-03,-5.430952180176973343e-03,-5.827580112963914871e-03,-8.419190533459186554e-03,-1.134614273905754089e-02,-1.389079168438911438e-02,-1.442922651767730713e-02,-1.694786734879016876e-02,-1.823711022734642029e-02,-2.035526931285858154e-02,-2.153966389596462250e-02,-2.190772444009780884e-02,-2.566411532461643219e-02,-2.643832191824913025e-02,-3.029061295092105865e-02,-3.147630393505096436e-02,-3.666044399142265320e-02,-3.801171481609344482e-02,-4.329257085919380188e-02,-4.520662873983383179e-02,-4.849968850612640381e-02,-5.111081898212432861e-02,-5.333588272333145142e-02,-5.262310802936553955e-02,-5.237589031457901001e-02,-5.109032616019248962e-02,-5.147927999496459961e-02,-4.586913064122200012e-02,-4.364147782325744629e-02,-4.084265977144241333e-02,-3.671187907457351685e-02,-3.363129869103431702e-02,-3.098523989319801331e-02,-2.848866023123264313e-02,-2.352903969585895538e-02,-2.260638959705829620e-02,-2.530507929623126984e-02,-2.543050423264503479e-02,-2.961506694555282593e-02,-2.865751273930072784e-02,-3.261507675051689148e-02,-3.123101405799388885e-02,-3.482530638575553894e-02,-3.807024657726287842e-02,-4.095409438014030457e-02,-4.571704566478729248e-02,-4.691329970955848694e-02,-4.840886220335960388e-02,-4.795833304524421692e-02,-4.728680849075317383e-02,-4.615979641675949097e-02,-4.106803610920906067e-02,-3.705778345465660095e-02,-3.119888342916965485e-02,-3.056983277201652527e-02,-2.292550168931484222e-02,-2.415648289024829865e-02,-1.653277315199375153e-02,-1.776747964322566986e-02,-1.001835707575082779e-02,-8.329880423843860626e-03,-3.234879113733768463e-03,-5.162565503269433975e-04
-9.471676312386989594e-03,-4.591366741806268692e-03,-5.992209073156118393e-03,-8.470686589134857059e-05,-7.742767920717597008e-04,-1.340541522949934006e-03,-4.846375086344778538e-04,-1.521863392554223537e-03,-1.235850621014833450e-03,-2.013419754803180695e-03,-3.463823348283767700e-03,-3.042058320716023445e-03,-4.071847070008516312e-03,-2.950256690382957458e-03,-4.373558796942234039e-03,-1.632002065889537334e-03,-3.388380398973822594e-03,-2.703388454392552376e-03,-4.881566390395164490e-03,-3.022443037480115891e-03,-3.788890317082405090e-03,-4.764613229781389236e-03,-4.215092398226261139e-03,-4.401002544909715652e-03,-2.680968726053833961e-03,-3.730486845597624779e-03,-2.033205004408955574e-03,-3.721486777067184448e-03,-1.912308391183614731e-03,-3.044113516807556152e-03,-2.536491258069872856e-03,-2.750291721895337105e-03,-3.348538652062416077e-03,-3.373373299837112427e-03,-2.572085475549101830e-03,-4.103308019693940878e-04,2.147740306099876761e-04,-9.629280539229512215e-04,-2.577782375738024712e-03,-5.989580531604588032e-04,-1.774168340489268303e-03,7.014876609900966287e-05,-1.743482076562941074e-03,-3.625834360718727112e-04,-2.063414547592401505e-03,-4.064378794282674789e-03,-4.803374409675598145e-03,-6.951482966542243958e-03,-5.360674113035202026e-03,-5.716471467167139053e-03,-4.022578708827495575e-03,-4.150080494582653046e-03,-3.002649638801813126e-03,-1.827445579692721367e-03,-1.802899409085512161e-03,-7.969990256242454052e-04,-2.495356369763612747e-03,-1.051444909535348415e-03,-2.664345083758234978e-03,-7.092533051036298275e-04,-9.185779490508139133e-04,9.020040160976350307e-04,1.048705657012760639e-03,-3.893589018844068050e-04
