-4.742284305393695831e-03,4.468741826713085175e-03,5.891307257115840912e-03,6.032443605363368988e-03,2.661705948412418365e-03,-1.426114002242684364e-03,-1.047161757014691830e-03,-8.337169419974088669e-04,9.077235590666532516e-04,9.232990560121834278e-04,-2.504528965801000595e-03,-1.883828546851873398e-03,-1.028629834763705730e-03,-2.472251071594655514e-04,-4.325942718423902988e-04,-1.231343368999660015e-03,-8.366573019884526730e-04,-5.961968563497066498e-04,-4.856273881159722805e-04,-1.427068957127630711e-03,-9.633275330998003483e-04,-2.011424861848354340e-03,-2.244545845314860344e-03,-2.736248308792710304e-03,-1.566414604894816875e-03,-1.419643289409577847e-03,-1.086068456061184406e-03,-3.915324050467461348e-04,-2.520366979297250509e-04,1.688777119852602482e-04,1.368970697512850165e-04,3.905711346305906773e-04,5.787993432022631168e-04,6.106168730184435844e-04,1.809819950722157955e-04,2.455578360240906477e-04,-2.966869215015321970e-04,-3.091591934207826853e-04,-4.968166467733681202e-04,-2.304744411958381534e-04,-5.422509275376796722e-04,-3.624630335252732038e-04,-4.606223374139517546e-04,-4.766331694554537535e-04,-3.725272545125335455e-04,-4.497868067119270563e-04,-2.614378754515200853e-04,8.130004425765946507e-05,1.478105405112728477e-04,-1.334613625658676028e-04,-1.756030396791175008e-04,-1.093615064746700227e-04,-2.383297978667542338e-04,-4.131741879973560572e-04,-9.324782295152544975e-04,-9.282956016249954700e-04,-9.525060304440557957e-04,-8.027614094316959381e-04,-8.555067470297217369e-04,-6.194263696670532227e-04,-5.319697665981948376e-04,-4.968588473275303841e-04,-6.968627567403018475e-04,-2.975588431581854820e-04
-2.887509763240814209e-03,-5.916069727391004562e-03,-7.396604400128126144e-03,-1.035856548696756363e-02,-1.135149132460355759e-02,-1.359691936522722244e-02,-1.413518376648426056e-02,-1.401274185627698898e-02,-1.329322904348373413e-02,-1.299608405679464340e-02,-1.212675124406814575e-02,-6.301387213170528412e-03,8.489510219078511000e-05,3.811768721789121628e-03,7.481131702661514282e-03,1.174817606806755066e-02,1.476977206766605377e-02,1.787518709897994995e-02,1.945986226201057434e-02,1.923646032810211182e-02,1.870615780353546143e-02,1.652931794524192810e-02,1.410955097526311874e-02,1.053777057677507401e-02,7.071494124829769135e-03,4.167156759649515152e-03,9.014890529215335846e-04,-1.623417949303984642e-03,-4.518430214375257492e-03,-6.206800229847431183e-03,-8.093841373920440674e-03,-8.595228195190429688e-03,-9.174521081149578094e-03,-9.446103125810623169e-03,-9.016050957143306732e-03,-8.335484191775321960e-03,-6.411575712263584137e-03,-5.199818406254053116e-03,-3.778428072109818459e-03,-2.339591737836599350e-03,-1.048021600581705570e-03,5.653806510963477194e-05,7.574502960778772831e-04,1.363165210932493210e-03,2.164467237889766693e-03,2.950010588392615318e-03,3.906101221218705177e-03,4.242341499775648117e-03,5.272127222269773483e-03,5.880257580429315567e-03,6.887592840939760208e-03,7.469194009900093079e-03,8.253187872469425201e-03,8.858137764036655426e-03,9.163958951830863953e-03,9.334781207144260406e-03,9.072700515389442444e-03,9.028418920934200287e-03,7.872342132031917572e-03,7.061329204589128494e-03,5.935996305197477341e-03,4.480312578380107880e-03,2.528634387999773026e-03,-3.183550434187054634e-04
-1.667303033173084259e-03,-1.084342971444129944e-02,-1.521215308457612991e-02,-2.296664379537105560e-02,-2.807762101292610168e-02,-3.213275223970413208e-02,-3.450204432010650635e-02,-3.467531129717826843e-02,-3.176329657435417175e-02,-2.584964223206043243e-02,-2.077316120266914368e-02,-1.118810661137104034e-02,-1.659371890127658844e-03,6.747712846845388412e-03,1.523544266819953918e-02,2.393146045506000519e-02,3.095790185034275055e-02,3.561940789222717285e-02,3.854863345623016357e-02,3.825658932328224182e-02,3.710327297449111938e-02,3.333508223295211792e-02,2.826322242617607117e-02,2.237889543175697327e-02,1.540935784578323364e-02,9.507372975349426270e-03,2.944632899016141891e-03,-3.181303152814507484e-03,-8.533366955816745758e-03,-1.312176510691642761e-02,-1.580559089779853821e-02,-1.728852279484272003e-02,-1.743299327790737152e-02,-1.712793111801147461e-02,-1.601781323552131653e-02,-1.406567730009555817e-02,-1.145344879478216171e-02,-9.025867097079753876e-03,-6.131452042609453201e-03,-3.855903167277574539e-03,-1.617967500351369381e-03,1.461373758502304554e-04,1.724818022921681404e-03,3.161828266456723213e-03,4.440910648554563522e-03,5.761310923844575882e-03,7.141753099858760834e-03,8.287585340440273285e-03,9.763189591467380524e-03,1.111170556396245956e-02,1.276078913360834122e-02,1.421932317316532135e-02,1.573095098137855530e-02,1.693123020231723785e-02,1.784238591790199280e-02,1.828555762767791748e-02,1.815665327012538910e-02,1.720233820378780365e-02,1.564803533256053925e-02,1.360241882503032684e-02,1.133243180811405182e-02,8.343007415533065796e-03,4.590801894664764404e-03,5.883194389753043652e-04
2.788807265460491180e-03,-1.347655337303876877e-02,-2.313637733459472656e-02,-3.426315262913703918e-02,-4.150963947176933289e-02,-4.515283182263374329e-02,-4.668814688920974731e-02,-4.667112603783607483e-02,-4.199530184268951416e-02,-3.431460633873939514e-02,-2.592221461236476898e-02,-1.337495725601911545e-02,-1.754246652126312256e-03,1.151121314615011215e-02,2.379812300205230713e-02,3.604621812701225281e-02,4.515984654426574707e-02,5.160354822874069214e-02,5.487332493066787720e-02,5.525927618145942688e-02,5.296183377504348755e-02,4.765976220369338989e-02,4.008354991674423218e-02,3.130453079938888550e-02,2.208684943616390228e-02,1.331033837050199509e-02,3.457247512415051460e-03,-5.117705557495355606e-03,-1.240579038858413696e-02,-1.742780394852161407e-02,-2.103495411574840546e-02,-2.342363633215427399e-02,-2.397096343338489532e-02,-2.366954833269119263e-02,-2.199813909828662872e-02,-1.860131509602069855e-02,-1.513177528977394104e-02,-1.146980654448270798e-02,-7.974028587341308594e-03,-4.052210599184036255e-03,-1.285891863517463207e-03,1.286101294681429863e-03,3.338526235893368721e-03,5.182834807783365250e-03,6.957780569791793823e-03,8.447183296084403992e-03,1.044698804616928101e-02,1.186359580606222153e-02,1.390765979886054993e-02,1.582255214452743530e-02,1.834641396999359131e-02,2.043171972036361694e-02,2.263530716300010681e-02,2.454566024243831635e-02,2.612503431737422943e-02,2.700849808752536774e-02,2.681541256606578827e-02,2.554672770202159882e-02,2.342454344034194946e-02,2.096426859498023987e-02,1.680981181561946869e-02,1.222063880413770676e-02,6.773704197257757187e-03,-1.414368598489090800e-04
9.665673132985830307e-04,-1.549688633531332016e-02,-2.879194729030132294e-02,-4.227602481842041016e-02,-5.183845385909080505e-02,-5.687664821743965149e-02,-5.790133401751518250e-02,-5.693331733345985413e-02,-4.961604997515678406e-02,-4.024991020560264587e-02,-2.692670747637748718e-02,-1.343019865453243256e-02,1.447932678274810314e-03,1.618656516075134277e-02,3.052689693868160248e-02,4.396801441907882690e-02,5.443992093205451965e-02,6.183482706546783447e-02,6.534332782030105591e-02,6.586341559886932373e-02,6.295341998338699341e-02,5.741203576326370239e-02,4.908234253525733948e-02,3.861695528030395508e-02,2.716021053493022919e-02,1.624295115470886230e-02,4.915811121463775635e-03,-5.587301682680845261e-03,-1.395480148494243622e-02,-2.115097455680370331e-02,-2.511583268642425537e-02,-2.800444886088371277e-02,-2.821300365030765533e-02,-2.768772654235363007e-02,-2.495281398296356201e-02,-2.115157805383205414e-02,-1.645210571587085724e-02,-1.201437134295701981e-02,-7.946896366775035858e-03,-3.559821750968694687e-03,-8.519626135239377618e-05,2.691981149837374687e-03,5.060136783868074417e-03,7.114741951227188110e-03,8.999806828796863556e-03,1.065446808934211731e-02,1.290339045226573944e-02,1.459558866918087006e-02,1.695817895233631134e-02,1.959992945194244385e-02,2.255618385970592499e-02,2.514522150158882141e-02,2.776673808693885803e-02,3.046151809394359589e-02,3.207923099398612976e-02,3.338586166501045227e-02,3.294681012630462646e-02,3.142212331295013428e-02,2.888309210538864136e-02,2.527075260877609253e-02,2.031663618981838226e-02,1.442895270884037018e-02,7.541589438915252686e-03,-7.112865569069981575e-05
-1.764954940881580114e-04,-1.700537279248237610e-02,-3.100968524813652039e-02,-4.332456737756729126e-02,-5.432414636015892029e-02,-6.004611030220985413e-02,-6.147582083940505981e-02,-5.945769324898719788e-02,-5.112660303711891174e-02,-4.191536083817481995e-02,-2.870146930217742920e-02,-1.555687747895717621e-02,3.006966551765799522e-03,2.002217248082160950e-02,3.593448176980018616e-02,4.988647252321243286e-02,6.132220476865768433e-02,6.844378262758255005e-02,7.190632820129394531e-02,7.274863868951797485e-02,6.915835291147232056e-02,6.229957565665245056e-02,5.203666538000106812e-02,4.008081927895545959e-02,2.818333730101585388e-02,1.723443157970905304e-02,4.725337028503417969e-03,-6.684970110654830933e-03,-1.538206171244382858e-02,-2.173800207674503326e-02,-2.636706270277500153e-02,-2.896328829228878021e-02,-2.913582324981689453e-02,-2.784689329564571381e-02,-2.454819902777671814e-02,-2.013760060071945190e-02,-1.525857951492071152e-02,-1.047196891158819199e-02,-5.667239893227815628e-03,-1.464282162487506866e-03,2.275250386446714401e-03,5.170941352844238281e-03,7.491271942853927612e-03,9.380438365042209625e-03,1.112560369074344635e-02,1.266600191593170166e-02,1.463235821574926376e-02,1.642087474465370178e-02,1.930238306522369385e-02,2.213779278099536896e-02,2.535442635416984558e-02,2.826636657118797302e-02,3.162689879536628723e-02,3.441300615668296814e-02,3.659104555845260620e-02,3.785810247063636780e-02,3.783221915364265442e-02,3.632726520299911499e-02,3.336690738797187805e-02,2.939836494624614716e-02,2.352184988558292389e-02,1.632932387292385101e-02,8.935083635151386261e-03,1.827473170123994350e-04
-4.956414704793132842e-05,-1.752563007175922394e-02,-3.114904463291168213e-02,-4.394924640655517578e-02,-5.324932187795639038e-02,-5.888617783784866333e-02,-5.918077379465103149e-02,-5.568709596991539001e-02,-5.000181496143341064e-02,-3.912850841879844666e-02,-2.696125954389572144e-02,-1.248618308454751968e-02,6.438119336962699890e-03,2.421794272959232330e-02,3.891964256763458252e-02,5.358822271227836609e-02,6.367456167936325073e-02,7.107008993625640869e-02,7.341522723436355591e-02,7.347609847784042358e-02,7.019351422786712646e-02,6.313803791999816895e-02,5.256403610110282898e-02,4.032687097787857056e-02,2.894468232989311218e-02,1.673659123480319977e-02,4.931392148137092590e-03,-6.235936656594276428e-03,-1.471206452697515488e-02,-2.132213860750198364e-02,-2.554528228938579559e-02,-2.791234664618968964e-02,-2.742393128573894501e-02,-2.578521706163883209e-02,-2.187867835164070129e-02,-1.780922152101993561e-02,-1.236970070749521255e-02,-7.684270385652780533e-03,-3.017261857166886330e-03,1.367947552353143692e-03,4.820284433662891388e-03,7.622253615409135818e-03,9.528419002890586853e-03,1.130928937345743179e-02,1.274274382740259171e-02,1.403112709522247314e-02,1.579119637608528137e-02,1.781998760998249054e-02,2.061223052442073822e-02,2.361314930021762848e-02,2.701863087713718414e-02,3.030867688357830048e-02,3.390458598732948303e-02,3.706245124340057373e-02,3.932668268680572510e-02,4.085616394877433777e-02,4.093345627188682556e-02,3.914888948202133179e-02,3.613643720746040344e-02,3.158618882298469543e-02,2.536787278950214386e-02,1.773479953408241272e-02,9.236888960003852844e-03,3.826745160040445626e-05
1.141993096098303795e-03,-1.343322638422250748e-02,-2.716828696429729462e-02,-3.834778815507888794e-02,-4.626660048961639404e-02,-5.168511718511581421e-02,-5.258198454976081848e-02,-5.025737732648849487e-02,-4.147320240736007690e-02,-3.123201057314872742e-02,-1.998911984264850616e-02,-4.570321645587682724e-03,1.316315960139036179e-02,2.890446223318576813e-02,4.309504851698875427e-02,5.558880791068077087e-02,6.394922733306884766e-02,6.985654681921005249e-02,7.178868353366851807e-02,7.056513428688049316e-02,6.774699687957763672e-02,6.014053896069526672e-02,5.050389468669891357e-02,3.832623362541198730e-02,2.666378207504749298e-02,1.474941521883010864e-02,4.215113352984189987e-03,-6.169958040118217468e-03,-1.361708622425794601e-02,-1.953549310564994812e-02,-2.313259057700634003e-02,-2.435292489826679230e-02,-2.280957810580730438e-02,-2.046108618378639221e-02,-1.664886623620986938e-02,-1.168372482061386108e-02,-6.617325823754072189e-03,-2.123455051332712173e-03,2.385157393291592598e-03,5.717213731259107590e-03,8.520854637026786804e-03,1.112866960465908051e-02,1.239711511880159378e-02,1.358507573604583740e-02,1.443879492580890656e-02,1.539614144712686539e-02,1.685442030429840088e-02,1.868386752903461456e-02,2.130154706537723541e-02,2.391393296420574188e-02,2.756154723465442657e-02,3.097441792488098145e-02,3.478594869375228882e-02,3.781368583440780640e-02,4.066244140267372131e-02,4.229852184653282166e-02,4.236698523163795471e-02,4.055466130375862122e-02,3.738513961434364319e-02,3.250632062554359436e-02,2.607837133109569550e-02,1.795142889022827148e-02,9.609285742044448853e-03,-2.201686293119564652e-04
3.765727742575109005e-04,-1.109638810157775879e-02,-1.969191245734691620e-02,-2.940119616687297821e-02,-3.644401580095291138e-02,-4.320292919874191284e-02,-4.238728061318397522e-02,-3.631156310439109802e-02,-2.937109209597110748e-02,-2.065321058034896851e-02,-1.022827904671430588e-02,3.469345392659306526e-03,1.778365671634674072e-02,3.082588873803615570e-02,4.104394093155860901e-02,5.198282375931739807e-02,5.928667634725570679e-02,6.453471630811691284e-02,6.560508906841278076e-02,6.425154954195022583e-02,5.942622572183609009e-02,5.296221747994422913e-02,4.365953803062438965e-02,3.277064487338066101e-02,2.281855046749114990e-02,1.254855655133724213e-02,3.519395831972360611e-03,-4.628347232937812805e-03,-1.073683332651853561e-02,-1.494405418634414673e-02,-1.711362600326538086e-02,-1.689416728913784027e-02,-1.507870573550462723e-02,-1.249073538929224014e-02,-8.275390602648258209e-03,-4.203317686915397644e-03,4.282686859369277954e-04,4.439426120370626450e-03,8.006718941032886505e-03,1.096748933196067810e-02,1.269207522273063660e-02,1.457125786691904068e-02,1.481925323605537415e-02,1.547903660684823990e-02,1.568629033863544464e-02,1.608171314001083374e-02,1.696574687957763672e-02,1.852411963045597076e-02,2.076641470193862915e-02,2.337953262031078339e-02,2.666062675416469574e-02,2.995852008461952209e-02,3.363040462136268616e-02,3.692896664142608643e-02,3.941319510340690613e-02,4.120505228638648987e-02,4.115049168467521667e-02,3.927218914031982422e-02,3.620487824082374573e-02,3.147359937429428101e-02,2.523785643279552460e-02,1.728231832385063171e-02,8.976427838206291199e-03,-2.739755145739763975e-04
9.719714580569416285e-05,-9.484475478529930115e-03,-1.591867208480834961e-02,-2.007186785340309143e-02,-2.170582115650177002e-02,-2.152755111455917358e-02,-1.958701759576797485e-02,-1.645184867084026337e-02,-1.201250776648521423e-02,-5.774489138275384903e-03,2.905647968873381615e-03,1.341569982469081879e-02,2.299254015088081360e-02,3.298445791006088257e-02,4.105529934167861938e-02,4.871414974331855774e-02,5.268818140029907227e-02,5.541757866740226746e-02,5.444377288222312927e-02,5.119387432932853699e-02,4.696509614586830139e-02,4.110400751233100891e-02,3.455929830670356750e-02,2.627663314342498779e-02,1.810281910002231598e-02,9.787308983504772186e-03,3.374151419848203659e-03,-2.785726217553019524e-03,-6.340908817946910858e-03,-8.570541627705097198e-03,-8.726478554308414459e-03,-7.374200038611888885e-03,-4.811030346900224686e-03,-1.575270900502800941e-03,1.997335581108927727e-03,5.843581631779670715e-03,9.493139572441577911e-03,1.272621285170316696e-02,1.541197951883077621e-02,1.699434034526348114e-02,1.780470833182334900e-02,1.839726418256759644e-02,1.785695180296897888e-02,1.730620115995407104e-02,1.696163043379783630e-02,1.695573143661022186e-02,1.714810729026794434e-02,1.812305301427841187e-02,1.992789842188358307e-02,2.238344587385654449e-02,2.521985583007335663e-02,2.807253412902355194e-02,3.170689195394515991e-02,3.464370593428611755e-02,3.700831159949302673e-02,3.811184689402580261e-02,3.840886056423187256e-02,3.663037717342376709e-02,3.386814519762992859e-02,2.924890443682670593e-02,2.353331632912158966e-02,1.613122411072254181e-02,8.513152599334716797e-03,-6.991146365180611610e-04
1.280881697311997414e-03,-3.777899080887436867e-03,-5.282987374812364578e-03,-6.092773750424385071e-03,-5.591017659753561020e-03,-4.938815720379352570e-03,-2.045048633590340614e-03,1.085628871805965900e-03,5.078800953924655914e-03,9.118209592998027802e-03,1.535145658999681473e-02,2.240718342363834381e-02,2.862511202692985535e-02,3.493646904826164246e-02,3.869657963514328003e-02,4.185092821717262268e-02,4.250638931989669800e-02,4.184717312455177307e-02,3.861053287982940674e-02,3.566027060151100159e-02,3.194905072450637817e-02,2.851928956806659698e-02,2.333611994981765747e-02,1.756052672863006592e-02,1.130522787570953369e-02,6.943826097995042801e-03,3.775598946958780289e-03,1.326445257291197777e-03,1.805755455279722810e-04,3.321330004837363958e-04,2.027877606451511383e-03,3.801142098382115364e-03,6.915680132806301117e-03,9.841541759669780731e-03,1.342018321156501770e-02,1.648496836423873901e-02,1.929206959903240204e-02,2.150443196296691895e-02,2.276548370718955994e-02,2.334398217499256134e-02,2.270005643367767334e-02,2.209587767720222473e-02,2.055727690458297729e-02,1.930002681910991669e-02,1.793169230222702026e-02,1.727384328842163086e-02,1.689732633531093597e-02,1.738283224403858185e-02,1.847362145781517029e-02,1.998155005276203156e-02,2.229836024343967438e-02,2.494439482688903809e-02,2.793149650096893311e-02,3.043805062770843506e-02,3.245620056986808777e-02,3.352040052413940430e-02,3.350781649351119995e-02,3.182780370116233826e-02,2.937262505292892456e-02,2.545281872153282166e-02,2.050289325416088104e-02,1.414848864078521729e-02,7.044432684779167175e-03,-6.692487513646483421e-04
3.046686993911862373e-03,4.031764809042215347e-03,6.173406727612018585e-03,8.076922036707401276e-03,9.926965460181236267e-03,1.161320786923170090e-02,1.573438383638858795e-02,1.929901354014873505e-02,2.335194125771522522e-02,2.619763836264610291e-02,2.898973599076271057e-02,3.333105891942977905e-02,3.419668972492218018e-02,3.633434325456619263e-02,3.420545160770416260e-02,3.421795740723609924e-02,3.060556575655937195e-02,2.831902913749217987e-02,2.465996891260147095e-02,2.065221406519412994e-02,1.723642647266387939e-02,1.443257834762334824e-02,1.128475181758403778e-02,8.785794489085674286e-03,6.013398990035057068e-03,4.449721425771713257e-03,4.580815788358449936e-03,5.639263428747653961e-03,7.490282412618398666e-03,9.987797588109970093e-03,1.264663226902484894e-02,1.564064808189868927e-02,1.912681013345718384e-02,2.258809655904769897e-02,2.546120434999465942e-02,2.804665081202983856e-02,2.946791797876358032e-02,3.052643500268459320e-02,3.036907874047756195e-02,2.981942705810070038e-02,2.784999459981918335e-02,2.568288519978523254e-02,2.338190376758575439e-02,2.124135568737983704e-02,1.911878958344459534e-02,1.792115159332752228e-02,1.693897321820259094e-02,1.696422323584556580e-02,1.708343438804149628e-02,1.816481724381446838e-02,1.952894590795040131e-02,2.178609371185302734e-02,2.390006370842456818e-02,2.564022131264209747e-02,2.704800851643085480e-02,2.784898877143859863e-02,2.763831056654453278e-02,2.647258527576923370e-02,2.431076020002365112e-02,2.113507501780986786e-02,1.702539436519145966e-02,1.172456424683332443e-02,5.925724282860755920e-03,-8.893557242117822170e-04
2.842648420482873917e-03,9.298962540924549103e-03,1.668464951217174530e-02,2.309655584394931793e-02,2.945089712738990784e-02,3.298126533627510071e-02,3.873737528920173645e-02,4.222267866134643555e-02,4.430467262864112854e-02,4.391498863697052002e-02,4.254608228802680969e-02,4.186801984906196594e-02,3.812166303396224976e-02,3.440442308783531189e-02,2.886745519936084747e-02,2.412336505949497223e-02,1.881605386734008789e-02,1.503211259841918945e-02,9.479289874434471130e-03,5.987109150737524033e-03,2.440678887069225311e-03,1.061259070411324501e-03,7.508437847718596458e-04,7.294809329323470592e-04,1.884617842733860016e-03,3.761962288990616798e-03,7.158567663282155991e-03,1.038930658251047134e-02,1.522900536656379700e-02,1.913734525442123413e-02,2.400154434144496918e-02,2.789059467613697052e-02,3.200067952275276184e-02,3.533143922686576843e-02,3.738256543874740601e-02,3.896256536245346069e-02,3.888874500989913940e-02,3.864353522658348083e-02,3.730505332350730896e-02,3.532175347208976746e-02,3.234433010220527649e-02,2.963120117783546448e-02,2.640241570770740509e-02,2.350910939276218414e-02,2.091781049966812134e-02,1.927432231605052948e-02,1.760640554130077362e-02,1.684808731079101562e-02,1.637755893170833588e-02,1.658489555120468140e-02,1.701958850026130676e-02,1.812432333827018738e-02,1.919251866638660431e-02,2.004243619740009308e-02,2.073671109974384308e-02,2.123272977769374847e-02,2.090210281312465668e-02,1.959071308374404907e-02,1.800111122429370880e-02,1.524394936859607697e-02,1.227315608412027359e-02,8.386481553316116333e-03,4.073316697031259537e-03,-8.799670613370835781e-04
2.463105134665966034e-03,1.379427313804626465e-02,2.559733577072620392e-02,3.624618053436279297e-02,4.622000083327293396e-02,5.166865140199661255e-02,5.759997293353080750e-02,6.068724393844604492e-02,6.105291843414306641e-02,5.820114910602569580e-02,5.372032523155212402e-02,4.863627627491950989e-02,4.059163108468055725e-02,3.383039683103561401e-02,2.438419125974178314e-02,1.606571860611438751e-02,7.810639683157205582e-03,1.417185529135167599e-03,-4.284087568521499634e-03,-8.213380351662635803e-03,-1.047235075384378433e-02,-9.972067549824714661e-03,-8.016120642423629761e-03,-5.411804653704166412e-03,-8.733073482289910316e-04,4.284565337002277374e-03,1.100740861147642136e-02,1.749454624950885773e-02,2.367745339870452881e-02,2.960448153316974640e-02,3.524962812662124634e-02,3.951211646199226379e-02,4.356333613395690918e-02,4.662325233221054077e-02,4.799281805753707886e-02,4.865648597478866577e-02,4.723014310002326965e-02,4.567549005150794983e-02,4.275929182767868042e-02,3.976681828498840332e-02,3.635150194168090820e-02,3.276281803846359253e-02,2.921685203909873962e-02,2.582074515521526337e-02,2.300509065389633179e-02,2.061559259891510010e-02,1.850314997136592865e-02,1.718437112867832184e-02,1.601970940828323364e-02,1.564750820398330688e-02,1.489498559385538101e-02,1.501697394996881485e-02,1.474904641509056091e-02,1.490615867078304291e-02,1.478593423962593079e-02,1.463436707854270935e-02,1.405664905905723572e-02,1.297706272453069687e-02,1.164022181183099747e-02,9.577601216733455658e-03,7.455604616552591324e-03,5.061456002295017242e-03,2.408203436061739922e-03,-9.904092876240611076e-04
9.523974586045369506e-05,1.646149903535842896e-02,3.174538165330886841e-02,4.592389240860939026e-02,5.878144502639770508e-02,6.488142162561416626e-02,7.094413787126541138e-02,7.405334711074829102e-02,7.200759649276733398e-02,6.813742220401763916e-02,6.134771928191184998e-02,5.158448219299316406e-02,4.069901257753372192e-02,2.985894121229648590e-02,1.847055181860923767e-02,7.855944335460662842e-03,-1.669910037890076637e-03,-9.027809835970401764e-03,-1.500416919589042664e-02,-1.846510358154773712e-02,-1.933001726865768433e-02,-1.751114241778850555e-02,-1.364107895642518997e-02,-8.149723522365093231e-03,-7.450302364304661751e-04,6.195246241986751556e-03,1.624502241611480713e-02,2.396798692643642426e-02,3.228497877717018127e-02,3.919951990246772766e-02,4.553526639938354492e-02,5.036526545882225037e-02,5.356809869408607483e-02,5.590884014964103699e-02,5.619714036583900452e-02,5.519235134124755859e-02,5.287874117493629456e-02,5.003671720623970032e-02,4.658430442214012146e-02,4.298404604196548462e-02,3.910687193274497986e-02,3.544175624847412109e-02,3.156813979148864746e-02,2.834543958306312561e-02,2.509795501828193665e-02,2.259598486125469208e-02,2.005783095955848694e-02,1.843655295670032501e-02,1.649274677038192749e-02,1.501939352601766586e-02,1.326780486851930618e-02,1.228841301053762436e-02,1.095523312687873840e-02,9.901735931634902954e-03,8.755438961088657379e-03,8.050652220845222473e-03,6.790068931877613068e-03,5.596360191702842712e-03,4.571013618260622025e-03,3.413308644667267799e-03,2.254455816000699997e-03,1.481133280321955681e-03,5.273314309306442738e-04,-7.623343262821435928e-04
-1.216579228639602661e-03,1.794599741697311401e-02,3.608383610844612122e-02,5.288913100957870483e-02,6.668029725551605225e-02,7.486981898546218872e-02,8.085793256759643555e-02,8.253200352191925049e-02,7.944545894861221313e-02,7.495910674333572388e-02,6.498998403549194336e-02,5.305673554539680481e-02,3.920448571443557739e-02,2.618420682847499847e-02,1.276219170540571213e-02,3.996811283286660910e-04,-9.756952524185180664e-03,-1.755710691213607788e-02,-2.320279926061630249e-02,-2.616942860186100006e-02,-2.498783916234970093e-02,-2.118084020912647247e-02,-1.701992377638816833e-02,-7.918071933090686798e-03,1.349901081994175911e-03,1.164811942726373672e-02,2.245866507291793823e-02,3.180183097720146179e-02,4.064081981778144836e-02,4.826305061578750610e-02,5.432830750942230225e-02,5.876798555254936218e-02,6.146004050970077515e-02,6.269159168004989624e-02,6.149813160300254822e-02,5.968171730637550354e-02,5.641973018646240234e-02,5.262371897697448730e-02,4.881428927183151245e-02,4.496765509247779846e-02,4.119277372956275940e-02,3.690389171242713928e-02,3.354241326451301575e-02,3.033028542995452881e-02,2.745513431727886200e-02,2.480610832571983337e-02,2.228886634111404419e-02,2.036297321319580078e-02,1.787923648953437805e-02,1.572218909859657288e-02,1.272918377071619034e-02,1.052962802350521088e-02,7.810906507074832916e-03,5.665986798703670502e-03,3.266600193455815315e-03,2.137809759005904198e-03,8.694239659234881401e-05,-9.452424128539860249e-04,-1.673436607234179974e-03,-2.190359402447938919e-03,-2.063051797449588776e-03,-1.820733654312789440e-03,-1.026773941703140736e-03,-9.326649014838039875e-04
-2.055860590189695358e-03,1.831641606986522675e-02,3.823501989245414734e-02,5.616845935583114624e-02,7.022684067487716675e-02,7.841638475656509399e-02,8.351099491119384766e-02,8.462295681238174438e-02,8.186782896518707275e-02,7.622597366571426392e-02,6.435070931911468506e-02,4.996670410037040710e-02,3.575228154659271240e-02,2.189901657402515411e-02,7.533270865678787231e-03,-4.250825382769107819e-03,-1.476416084915399551e-02,-2.232990786433219910e-02,-2.689170464873313904e-02,-2.722720988094806671e-02,-2.485650964081287384e-02,-2.092799730598926544e-02,-1.405095495283603668e-02,-4.066318273544311523e-03,6.766140926629304886e-03,1.798429898917675018e-02,3.008504770696163177e-02,3.957185521721839905e-02,4.899973049759864807e-02,5.645599216222763062e-02,6.177191808819770813e-02,6.579475849866867065e-02,6.682436168193817139e-02,6.663061678409576416e-02,6.423855572938919067e-02,6.106116250157356262e-02,5.716763064265251160e-02,5.310390517115592957e-02,4.938589408993721008e-02,4.543100669980049133e-02,4.194481670856475830e-02,3.841803595423698425e-02,3.523536399006843567e-02,3.244457766413688660e-02,2.991298399865627289e-02,2.762532606720924377e-02,2.523459680378437042e-02,2.296976931393146515e-02,1.997228153049945831e-02,1.708371751010417938e-02,1.320484932512044907e-02,9.682644158601760864e-03,5.889105144888162613e-03,2.392969327047467232e-03,-9.849052876234054565e-04,-3.320199204608798027e-03,-5.711769685149192810e-03,-7.051022723317146301e-03,-7.765065878629684448e-03,-7.632443681359291077e-03,-6.746275350451469421e-03,-5.186161026358604431e-03,-2.787002362310886383e-03,-6.519850576296448708e-04
-6.032921955920755863e-04,1.978584378957748413e-02,3.891717642545700073e-02,5.527995154261589050e-02,6.865994632244110107e-02,7.561365514993667603e-02,7.903943955898284912e-02,7.952830940485000610e-02,7.786480337381362915e-02,7.051154226064682007e-02,5.999049544334411621e-02,4.560778290033340454e-02,3.095706924796104431e-02,1.649988628923892975e-02,3.116243518888950348e-03,-8.379988372325897217e-03,-1.775606162846088409e-02,-2.367258816957473755e-02,-2.592562697827816010e-02,-2.597355097532272339e-02,-2.353666536509990692e-02,-1.761059649288654327e-02,-7.579221390187740326e-03,2.785756718367338181e-03,1.503734476864337921e-02,2.674707025289535522e-02,3.824561089277267456e-02,4.744011536240577698e-02,5.622981861233711243e-02,6.295575946569442749e-02,6.725722551345825195e-02,6.923256069421768188e-02,6.902778893709182739e-02,6.707648932933807373e-02,6.391329318284988403e-02,5.978248268365859985e-02,5.587397888302803040e-02,5.171954259276390076e-02,4.794777929782867432e-02,4.453219845890998840e-02,4.178663343191146851e-02,3.896632790565490723e-02,3.662953525781631470e-02,3.457400575280189514e-02,3.294685855507850647e-02,3.114159405231475830e-02,2.886742912232875824e-02,2.635304257273674011e-02,2.318412251770496368e-02,1.964550465345382690e-02,1.493400894105434418e-02,1.011901441961526871e-02,5.245975218713283539e-03,4.702618462033569813e-04,-4.023010842502117157e-03,-7.321113254874944687e-03,-1.042525377124547958e-02,-1.179475337266921997e-02,-1.242439635097980499e-02,-1.194882392883300781e-02,-1.016359683126211166e-02,-7.379987277090549469e-03,-3.970062825828790665e-03,-6.704194238409399986e-04
-2.166254562325775623e-04,1.818212494254112244e-02,3.439844027161598206e-02,4.804772511124610901e-02,5.803862586617469788e-02,6.512065231800079346e-02,6.925898045301437378e-02,7.153669744729995728e-02,6.817957758903503418e-02,6.129336729645729065e-02,5.055782198905944824e-02,3.750958293676376343e-02,2.531300671398639679e-02,1.234794594347476959e-02,6.253700121305882931e-05,-9.295464493334293365e-03,-1.602170243859291077e-02,-2.051502466201782227e-02,-2.306892536580562592e-02,-2.184663154184818268e-02,-1.592560298740863800e-02,-7.139034569263458252e-03,3.019291907548904419e-03,1.280936505645513535e-02,2.519918978214263916e-02,3.588980436325073242e-02,4.644005373120307922e-02,5.500459671020507812e-02,6.197460740804672241e-02,6.708003580570220947e-02,6.928423792123794556e-02,6.979335844516754150e-02,6.786939501762390137e-02,6.498192995786666870e-02,6.118845567107200623e-02,5.676956847310066223e-02,5.260166525840759277e-02,4.846611246466636658e-02,4.498417675495147705e-02,4.252085089683532715e-02,4.042960330843925476e-02,3.866559267044067383e-02,3.746725618839263916e-02,3.660733625292778015e-02,3.585027903318405151e-02,3.446939960122108459e-02,3.255156055092811584e-02,3.011675551533699036e-02,2.663499116897583008e-02,2.250993624329566956e-02,1.715351641178131104e-02,1.149955019354820251e-02,5.367042496800422668e-03,-2.127014158759266138e-04,-5.711427424103021622e-03,-9.856773540377616882e-03,-1.357643213123083115e-02,-1.544837187975645065e-02,-1.616380736231803894e-02,-1.532010734081268311e-02,-1.301986258476972580e-02,-9.562717750668525696e-03,-5.024502519518136978e-03,-6.024102913215756416e-04
-1.939354231581091881e-03,1.326735038310289383e-02,2.836113050580024719e-02,4.066558927297592163e-02,4.772803932428359985e-02,5.482567474246025085e-02,5.818501487374305725e-02,5.757833644747734070e-02,5.417659506201744080e-02,4.731313884258270264e-02,3.932643309235572815e-02,2.869559079408645630e-02,1.849390193819999695e-02,8.174789138138294220e-03,-3.711948520503938198e-04,-7.747672032564878464e-03,-1.343200728297233582e-02,-1.705397106707096100e-02,-1.489507965743541718e-02,-9.912422858178615570e-03,-1.563526340760290623e-03,6.232680287212133408e-03,1.542782317847013474e-02,2.541347593069076538e-02,3.690906614065170288e-02,4.628241062164306641e-02,5.529228970408439636e-02,6.217598542571067810e-02,6.693674623966217041e-02,6.993767619132995605e-02,6.971967965364456177e-02,6.864838302135467529e-02,6.524256616830825806e-02,6.140017881989479065e-02,5.690491572022438049e-02,5.261102318763732910e-02,4.829695448279380798e-02,4.418544843792915344e-02,4.135571792721748352e-02,3.960687294602394104e-02,3.859215602278709412e-02,3.805924206972122192e-02,3.800766542553901672e-02,3.874690830707550049e-02,3.859703987836837769e-02,3.803914412856101990e-02,3.654742985963821411e-02,3.415122628211975098e-02,3.055900894105434418e-02,2.607895620167255402e-02,2.028603851795196533e-02,1.381333172321319580e-02,6.847708951681852341e-03,2.635810233186930418e-04,-5.946599878370761871e-03,-1.084201410412788391e-02,-1.513870339840650558e-02,-1.727911829948425293e-02,-1.812283508479595184e-02,-1.705193333327770233e-02,-1.450158096849918365e-02,-1.044234260916709900e-02,-5.723179318010807037e-03,-6.382215651683509350e-04
-2.216981025412678719e-03,1.023774500936269760e-02,2.261517010629177094e-02,3.089629486203193665e-02,3.446203097701072693e-02,3.824856877326965332e-02,3.859428316354751587e-02,3.758018463850021362e-02,3.388569504022598267e-02,3.023398295044898987e-02,2.538372203707695007e-02,1.744464598596096039e-02,9.765830822288990021e-03,3.706758376210927963e-03,-1.631555729545652866e-03,-6.088209338486194611e-03,-7.189482450485229492e-03,-4.732705187052488327e-03,1.234889787156134844e-04,5.968167912214994431e-03,1.330824755132198334e-02,1.997647620737552643e-02,3.067051433026790619e-02,3.965790569782257080e-02,4.986079037189483643e-02,5.757423862814903259e-02,6.383726745843887329e-02,6.838616728782653809e-02,7.014991343021392822e-02,7.054348289966583252e-02,6.825578212738037109e-02,6.543128937482833862e-02,6.091875582933425903e-02,5.682440102100372314e-02,5.160837993025779724e-02,4.720011353492736816e-02,4.267242178320884705e-02,3.954712674021720886e-02,3.743478283286094666e-02,3.672293946146965027e-02,3.685410320758819580e-02,3.746835142374038696e-02,3.854151070117950439e-02,3.982949629426002502e-02,4.086685925722122192e-02,4.110204055905342102e-02,4.039229452610015869e-02,3.819711133837699890e-02,3.459014371037483215e-02,2.979077957570552826e-02,2.361869066953659058e-02,1.657693646848201752e-02,9.085250087082386017e-03,2.057977020740509033e-03,-4.644409753382205963e-03,-1.024845987558364868e-02,-1.504005398601293564e-02,-1.762989163398742676e-02,-1.854084618389606476e-02,-1.752363331615924835e-02,-1.500830054283142090e-02,-1.111123804003000259e-02,-5.939146038144826889e-03,-5.542581202462315559e-04
-2.183750737458467484e-03,8.187967352569103241e-03,1.400284282863140106e-02,1.602412946522235870e-02,1.735662482678890228e-02,1.801225915551185608e-02,1.690979488193988800e-02,1.508640311658382416e-02,1.340336725115776062e-02,1.185109280049800873e-02,9.005462750792503357e-03,5.657971370965242386e-03,2.609907183796167374e-03,-1.047911282512359321e-04,-9.153061546385288239e-04,-8.602754678577184677e-04,4.036467522382736206e-03,8.581027388572692871e-03,1.430048793554306030e-02,2.008307352662086487e-02,2.832839265465736389e-02,3.710338845849037170e-02,4.682048037648200989e-02,5.450304597616195679e-02,6.215688213706016541e-02,6.757581979036331177e-02,7.122328132390975952e-02,7.321534305810928345e-02,7.185190171003341675e-02,6.950839608907699585e-02,6.526270508766174316e-02,6.086333468556404114e-02,5.530336871743202209e-02,5.051176995038986206e-02,4.512261226773262024e-02,4.050890356302261353e-02,3.664410114288330078e-02,3.458883985877037048e-02,3.343437984585762024e-02,3.387596085667610168e-02,3.526094183325767517e-02,3.737755864858627319e-02,3.934188932180404663e-02,4.182947054505348206e-02,4.329390451312065125e-02,4.433185607194900513e-02,4.366138204932212830e-02,4.189118370413780212e-02,3.831081464886665344e-02,3.360434621572494507e-02,2.727054990828037262e-02,2.017079666256904602e-02,1.254584267735481262e-02,4.955397918820381165e-03,-2.096391981467604637e-03,-8.276059292256832123e-03,-1.338194310665130615e-02,-1.599835231900215149e-02,-1.741962507367134094e-02,-1.643965765833854675e-02,-1.434612181037664413e-02,-1.035636384040117264e-02,-5.739488638937473297e-03,-6.356305093504488468e-04
-2.516642212867736816e-03,3.171442076563835144e-04,1.151352422311902046e-03,-4.457098548300564289e-04,1.046319521265104413e-04,-3.180759958922863007e-04,-2.175732748582959175e-03,-3.617495065554976463e-03,-4.875937942415475845e-03,-5.641145631670951843e-03,-5.861826706677675247e-03,-5.060402210801839828e-03,-4.378144629299640656e-03,-1.949922763742506504e-03,2.376761054620146751e-03,7.405221927911043167e-03,1.430050283670425415e-02,1.985027268528938293e-02,2.863046713173389435e-02,3.663114830851554871e-02,4.651423916220664978e-02,5.514575168490409851e-02,6.307826191186904907e-02,6.879090517759323120e-02,7.277926057577133179e-02,7.574445754289627075e-02,7.646440714597702026e-02,7.498450577259063721e-02,7.146127521991729736e-02,6.730421632528305054e-02,6.214737519621849060e-02,5.615955591201782227e-02,4.960355535149574280e-02,4.392669349908828735e-02,3.839191794395446777e-02,3.478650003671646118e-02,3.127987310290336609e-02,2.981296740472316742e-02,3.007841296494007111e-02,3.149725496768951416e-02,3.363147005438804626e-02,3.619806095957756042e-02,3.947881236672401428e-02,4.246910661458969116e-02,4.483484849333763123e-02,4.609164595603942871e-02,4.597498849034309387e-02,4.440864920616149902e-02,4.117598012089729309e-02,3.647043183445930481e-02,3.024917654693126678e-02,2.322661504149436951e-02,1.573219522833824158e-02,8.382837288081645966e-03,1.287459977902472019e-03,-4.594150464981794357e-03,-9.927035309374332428e-03,-1.298430748283863068e-02,-1.453941501677036285e-02,-1.415089890360832214e-02,-1.249796990305185318e-02,-9.359562769532203674e-03,-5.345638375729322433e-03,-5.462370463646948338e-04
-1.814054849091917276e-04,-3.266194602474570274e-03,-8.199109695851802826e-03,-1.376302633434534073e-02,-1.665397360920906067e-02,-2.026555687189102173e-02,-2.207636460661888123e-02,-2.339246496558189392e-02,-2.345382794737815857e-02,-2.261031605303287506e-02,-1.908076740801334381e-02,-1.412755623459815979e-02,-9.853091090917587280e-03,-3.103310707956552505e-03,5.921860691159963608e-03,1.508238259702920914e-02,2.419856563210487366e-02,3.328812867403030396e-02,4.380198195576667786e-02,5.244711786508560181e-02,6.236763298511505127e-02,6.988651305437088013e-02,7.596997171640396118e-02,7.938485592603683472e-02,8.147983253002166748e-02,8.157863467931747437e-02,7.891198992729187012e-02,7.563813775777816772e-02,7.018347829580307007e-02,6.494330614805221558e-02,5.838806927204132080e-02,5.090307816863059998e-02,4.399866610765457153e-02,3.771314024925231934e-02,3.267116844654083252e-02,2.909106016159057617e-02,2.616943418979644775e-02,2.647638507187366486e-02,2.692268043756484985e-02,2.992960810661315918e-02,3.279842808842658997e-02,3.652378544211387634e-02,3.981233388185501099e-02,4.335106536746025085e-02,4.590974748134613037e-02,4.745078459382057190e-02,4.726859554648399353e-02,4.619919136166572571e-02,4.298448190093040466e-02,3.845388069748878479e-02,3.246082365512847900e-02,2.620999887585639954e-02,1.922143250703811646e-02,1.213363651186227798e-02,5.523405503481626511e-03,-2.401847741566598415e-04,-5.269954912364482880e-03,-8.396525867283344269e-03,-1.020204462110996246e-02,-1.041944604367017746e-02,-9.409041143953800201e-03,-6.825682707130908966e-03,-3.752297488972544670e-03,-6.641259533353149891e-04
2.291752898599952459e-04,-1.019912119954824448e-02,-1.676937192678451538e-02,-2.575240097939968109e-02,-3.088213317096233368e-02,-3.564648330211639404e-02,-3.851126134395599365e-02,-3.947289660573005676e-02,-3.869276121258735657e-02,-3.550681471824645996e-02,-2.880562096834182739e-02,-2.191933803260326385e-02,-1.259594503790140152e-02,-2.396895317360758781e-03,1.065481733530759811e-02,2.124066464602947235e-02,3.469869494438171387e-02,4.549964889883995056e-02,5.796851590275764465e-02,6.735230237245559692e-02,7.582832872867584229e-02,8.211943507194519043e-02,8.610777556896209717e-02,8.792383223772048950e-02,8.720256388187408447e-02,8.500037342309951782e-02,8.029589056968688965e-02,7.453127950429916382e-02,6.830111891031265259e-02,6.137898936867713928e-02,5.390127748250961304e-02,4.630836099386215210e-02,3.928741812705993652e-02,3.424249961972236633e-02,2.937176451086997986e-02,2.630446478724479675e-02,2.487248554825782776e-02,2.540562115609645844e-02,2.678753808140754700e-02,2.958326786756515503e-02,3.261876478791236877e-02,3.653759509325027466e-02,3.991432487964630127e-02,4.340892285108566284e-02,4.582923650741577148e-02,4.716829955577850342e-02,4.721353948116302490e-02,4.616135731339454651e-02,4.320478439331054688e-02,3.895620629191398621e-02,3.395350649952888489e-02,2.823150344192981720e-02,2.202662639319896698e-02,1.566943898797035217e-02,9.652220644056797028e-03,4.648736212402582169e-03,-1.602087868377566338e-04,-3.217139048501849174e-03,-5.324843339622020721e-03,-5.964139942079782486e-03,-5.793859250843524933e-03,-4.404961131513118744e-03,-2.889479277655482292e-03,-8.566820179112255573e-04
-4.781346942763775587e-04,-1.334285922348499298e-02,-2.314875833690166473e-02,-3.367361798882484436e-02,-4.264783859252929688e-02,-4.767220839858055115e-02,-5.180882290005683899e-02,-5.191766843199729919e-02,-5.052586272358894348e-02,-4.468554258346557617e-02,-3.694695234298706055e-02,-2.668692357838153839e-02,-1.471637096256017685e-02,-6.784797296859323978e-04,1.517112087458372116e-02,2.905450575053691864e-02,4.375161230564117432e-02,5.667613074183464050e-02,6.861162185668945312e-02,7.789088785648345947e-02,8.537954837083816528e-02,9.075861424207687378e-02,9.234502911567687988e-02,9.253899753093719482e-02,8.953074365854263306e-02,8.505903929471969604e-02,7.792878895998001099e-02,7.120440155267715454e-02,6.424880027770996094e-02,5.713718011975288391e-02,4.940006136894226074e-02,4.203621670603752136e-02,3.572091832756996155e-02,3.122597001492977142e-02,2.692653611302375793e-02,2.490043826401233673e-02,2.420858107507228851e-02,2.600301243364810944e-02,2.746443264186382294e-02,3.071376867592334747e-02,3.392584621906280518e-02,3.741877526044845581e-02,4.059103876352310181e-02,4.313756898045539856e-02,4.507987201213836670e-02,4.602997377514839172e-02,4.578071460127830505e-02,4.472387954592704773e-02,4.215874522924423218e-02,3.855192288756370544e-02,3.436019271612167358e-02,2.946022525429725647e-02,2.456082589924335480e-02,1.931483857333660126e-02,1.436931174248456955e-02,1.001726277172565460e-02,5.944742355495691299e-03,3.234650939702987671e-03,7.664108998142182827e-04,-5.419945809990167618e-04,-1.081306603737175465e-03,-1.127989729866385460e-03,-7.531380397267639637e-04,-8.896375074982643127e-04
-9.321115066995844245e-05,-1.480254251509904861e-02,-2.674046345055103302e-02,-3.992415964603424072e-02,-4.920106753706932068e-02,-5.637409538030624390e-02,-5.942361801862716675e-02,-5.925781652331352234e-02,-5.568871274590492249e-02,-4.743611440062522888e-02,-3.958147764205932617e-02,-2.542341873049736023e-02,-1.251517515629529953e-02,3.381786635145545006e-03,2.189082652330398560e-02,3.652388975024223328e-02,5.197417736053466797e-02,6.544896960258483887e-02,7.668932527303695679e-02,8.551172167062759399e-02,9.027606993913650513e-02,9.407263249158859253e-02,9.414487332105636597e-02,9.262135624885559082e-02,8.785203099250793457e-02,8.140756934881210327e-02,7.428469508886337280e-02,6.672719866037368774e-02,6.000335887074470520e-02,5.240078642964363098e-02,4.541107267141342163e-02,3.957462683320045471e-02,3.416415676474571228e-02,3.009562380611896515e-02,2.736536227166652679e-02,2.668398618698120117e-02,2.693041972815990448e-02,2.816168405115604401e-02,3.013019822537899017e-02,3.303587064146995544e-02,3.555445745587348938e-02,3.837188705801963806e-02,4.003292694687843323e-02,4.201909154653549194e-02,4.293784126639366150e-02,4.293959960341453552e-02,4.251680523157119751e-02,4.122628271579742432e-02,3.904271870851516724e-02,3.607669100165367126e-02,3.308553993701934814e-02,2.944601885974407196e-02,2.606906369328498840e-02,2.236511930823326111e-02,1.838362775743007660e-02,1.525449194014072418e-02,1.174812857061624527e-02,9.187667630612850189e-03,6.643090862780809402e-03,4.980488214641809464e-03,3.272477770224213600e-03,2.050434937700629234e-03,5.443750997073948383e-04,-8.850018493831157684e-04
-5.996754043735563755e-04,-1.645385101437568665e-02,-2.903690189123153687e-02,-4.147337749600410461e-02,-5.195295065641403198e-02,-5.790181830525398254e-02,-6.121410802006721497e-02,-6.014861166477203369e-02,-5.455539748072624207e-02,-4.824326187372207642e-02,-3.744576498866081238e-02,-2.292590402066707611e-02,-8.074901066720485687e-03,1.045195013284683228e-02,2.827979810535907745e-02,4.307842254638671875e-02,5.861024931073188782e-02,7.114728540182113647e-02,8.105950057506561279e-02,8.777482062578201294e-02,9.120097011327743530e-02,9.334699809551239014e-02,9.206785261631011963e-02,8.911565691232681274e-02,8.327538520097732544e-02,7.642282545566558838e-02,6.884383410215377808e-02,6.179943680763244629e-02,5.449067428708076477e-02,4.753859341144561768e-02,4.192959517240524292e-02,3.723373636603355408e-02,3.338936343789100647e-02,3.115548565983772278e-02,3.030070476233959198e-02,3.136424347758293152e-02,3.194850310683250427e-02,3.359154611825942993e-02,3.521437197923660278e-02,3.711896017193794250e-02,3.917841240763664246e-02,4.056672006845474243e-02,4.078736156225204468e-02,4.125044494867324829e-02,4.073135182261466980e-02,4.026351496577262878e-02,3.893965855240821838e-02,3.763767331838607788e-02,3.553641587495803833e-02,3.308616578578948975e-02,3.122542612254619598e-02,2.908038906753063202e-02,2.709728293120861053e-02,2.477113716304302216e-02,2.259510196745395660e-02,2.039762958884239197e-02,1.780940219759941101e-02,1.556934416294097900e-02,1.311909593641757965e-02,1.097533665597438812e-02,8.463889360427856445e-03,5.412486381828784943e-03,2.719407435506582260e-03,-8.685421198606491089e-04
-1.777260331436991692e-04,-1.662153750658035278e-02,-2.939662337303161621e-02,-4.133792594075202942e-02,-4.990149289369583130e-02,-5.479453876614570618e-02,-5.640758946537971497e-02,-5.350822582840919495e-02,-5.024761334061622620e-02,-4.156070575118064880e-02,-3.020127303898334503e-02,-1.661827415227890015e-02,4.460228956304490566e-05,1.766358129680156708e-02,3.469806909561157227e-02,4.953641071915626526e-02,6.253301352262496948e-02,7.342074066400527954e-02,7.976704090833663940e-02,8.606582134962081909e-02,8.791388571262359619e-02,8.878522366285324097e-02,8.554657548666000366e-02,8.127852529287338257e-02,7.465702295303344727e-02,6.878922134637832642e-02,6.182596832513809204e-02,5.473759025335311890e-02,4.878362640738487244e-02,4.415750131011009216e-02,4.027863219380378723e-02,3.760877996683120728e-02,3.629050776362419128e-02,3.592557460069656372e-02,3.659319132566452026e-02,3.752431273460388184e-02,3.897562995553016663e-02,4.028400406241416931e-02,4.160238057374954224e-02,4.257822781801223755e-02,4.289088398218154907e-02,4.313664510846138000e-02,4.138346388936042786e-02,4.045131057500839233e-02,3.818437829613685608e-02,3.647867590188980103e-02,3.452124819159507751e-02,3.292167559266090393e-02,3.074979968369007111e-02,2.936099283397197723e-02,2.864886075258255005e-02,2.763748727738857269e-02,2.721431292593479156e-02,2.650832571089267731e-02,2.584039233624935150e-02,2.502252534031867981e-02,2.323511242866516113e-02,2.168729528784751892e-02,1.892950199544429779e-02,1.649547368288040161e-02,1.269598398357629776e-02,8.590980432927608490e-03,3.788729663938283920e-03,-9.611622663214802742e-04
-4.366105131339281797e-04,-1.343052834272384644e-02,-2.515930682420730591e-02,-3.441561758518218994e-02,-4.187404736876487732e-02,-4.657250270247459412e-02,-4.837996140122413635e-02,-4.743079841136932373e-02,-4.012160748243331909e-02,-3.041736967861652374e-02,-1.923294365406036377e-02,-6.024636328220367432e-03,9.856616146862506866e-03,2.602732740342617035e-02,4.048080742359161377e-02,5.217874050140380859e-02,6.312158703804016113e-02,7.151670753955841064e-02,7.739960402250289917e-02,8.112833648920059204e-02,8.088325709104537964e-02,7.884418219327926636e-02,7.435187697410583496e-02,6.918527930974960327e-02,6.404288113117218018e-02,5.915226042270660400e-02,5.356542766094207764e-02,4.774705693125724792e-02,4.384901374578475952e-02,4.084422066807746887e-02,3.981150686740875244e-02,3.984363377094268799e-02,4.127137362957000732e-02,4.308692365884780884e-02,4.439409822225570679e-02,4.642085358500480652e-02,4.775041341781616211e-02,4.888888821005821228e-02,4.940567910671234131e-02,4.903900250792503357e-02,4.787841439247131348e-02,4.566749930381774902e-02,4.222713410854339600e-02,3.939574584364891052e-02,3.539159893989562988e-02,3.295102715492248535e-02,3.008182160556316376e-02,2.794739976525306702e-02,2.614448033273220062e-02,2.519466914236545563e-02,2.561741136014461517e-02,2.596346102654933929e-02,2.699350565671920776e-02,2.778889983892440796e-02,2.854315005242824554e-02,2.899705804884433746e-02,2.867986634373664856e-02,2.756969444453716278e-02,2.485680766403675079e-02,2.188114076852798462e-02,1.725046522915363312e-02,1.154276449233293533e-02,5.846779327839612961e-03,-1.083747367374598980e-03
-4.362038453109562397e-04,-1.137050334364175797e-02,-1.853924244642257690e-02,-2.580029331147670746e-02,-3.140136227011680603e-02,-3.658481314778327942e-02,-3.482107073068618774e-02,-3.052787669003009796e-02,-2.335908077657222748e-02,-1.516453735530376434e-02,-5.254763644188642502e-03,6.407328881323337555e-03,2.036319673061370850e-02,3.346157446503639221e-02,4.378262534737586975e-02,5.409792438149452209e-02,6.206041947007179260e-02,6.833910942077636719e-02,7.107087969779968262e-02,7.119934260845184326e-02,6.820626556873321533e-02,6.495629996061325073e-02,5.994848534464836121e-02,5.607610940933227539e-02,5.156384781002998352e-02,4.751762747764587402e-02,4.317560046911239624e-02,3.999510407447814941e-02,3.875136002898216248e-02,3.903237730264663696e-02,4.085663706064224243e-02,4.318704083561897278e-02,4.651229083538055420e-02,4.953688010573387146e-02,5.311133340001106262e-02,5.593935400247573853e-02,5.804602801799774170e-02,5.880888551473617554e-02,5.789013579487800598e-02,5.618971958756446838e-02,5.263520032167434692e-02,4.857107251882553101e-02,4.304131865501403809e-02,3.828043863177299500e-02,3.275767341256141663e-02,2.857459522783756256e-02,2.487744018435478210e-02,2.277463860809803009e-02,2.074641548097133636e-02,2.028967253863811493e-02,2.158978395164012909e-02,2.350021153688430786e-02,2.586285024881362915e-02,2.824088931083679199e-02,3.024777956306934357e-02,3.210484609007835388e-02,3.257489576935768127e-02,3.188464790582656860e-02,2.943660691380500793e-02,2.586128003895282745e-02,2.042149566113948822e-02,1.398719195276498795e-02,6.536510773003101349e-03,-1.104519120417535305e-03
3.459480940364301205e-04,-7.573707029223442078e-03,-1.320590265095233917e-02,-1.702321879565715790e-02,-1.737072691321372986e-02,-1.643959246575832367e-02,-1.372235175222158432e-02,-9.846385568380355835e-03,-4.802339244633913040e-03,1.718449639156460762e-03,1.032420899718999863e-02,2.053029276430606842e-02,3.095646947622299194e-02,4.063644260168075562e-02,4.877335205674171448e-02,5.631091073155403137e-02,5.946665257215499878e-02,6.244801729917526245e-02,6.024380400776863098e-02,5.897431075572967529e-02,5.485749989748001099e-02,5.107139050960540771e-02,4.647650942206382751e-02,4.209977760910987854e-02,3.829110041260719299e-02,3.554470837116241455e-02,3.351580724120140076e-02,3.290963545441627502e-02,3.489663079380989075e-02,3.761790692806243896e-02,4.216364398598670959e-02,4.723621904850006104e-02,5.253621563315391541e-02,5.777944624423980713e-02,6.233033165335655212e-02,6.577521562576293945e-02,6.791473180055618286e-02,6.818718463182449341e-02,6.622829288244247437e-02,6.303387135267257690e-02,5.762515962123870850e-02,5.150198191404342651e-02,4.390712827444076538e-02,3.758894652128219604e-02,3.030993789434432983e-02,2.529057487845420837e-02,2.073338255286216736e-02,1.821991242468357086e-02,1.616122014820575714e-02,1.621449925005435944e-02,1.779554039239883423e-02,2.108639664947986603e-02,2.472317032516002655e-02,2.832330763339996338e-02,3.179132938385009766e-02,3.436316922307014465e-02,3.557016327977180481e-02,3.551365062594413757e-02,3.301472589373588562e-02,2.943830005824565887e-02,2.337705530226230621e-02,1.570712029933929443e-02,7.796984165906906128e-03,-1.131084049120545387e-03
6.906391354277729988e-04,-3.159569809213280678e-03,-3.470279974862933159e-03,-3.518688725307583809e-03,-2.012060955166816711e-03,-4.569803713820874691e-04,3.306262660771608353e-03,7.285471074283123016e-03,1.397715974599123001e-02,2.022732421755790710e-02,2.871327102184295654e-02,3.568711504340171814e-02,4.224108904600143433e-02,4.824416339397430420e-02,5.248378589749336243e-02,5.453838407993316650e-02,5.426329374313354492e-02,5.286436527967453003e-02,5.003231391310691833e-02,4.660017788410186768e-02,4.174324870109558105e-02,3.736921399831771851e-02,3.128531202673912048e-02,2.777892164885997772e-02,2.479593828320503235e-02,2.474403940141201019e-02,2.457021735608577728e-02,2.677467651665210724e-02,3.132748603820800781e-02,3.658568486571311951e-02,4.377772659063339233e-02,5.049591138958930969e-02,5.854872986674308777e-02,6.537232547998428345e-02,7.134150713682174683e-02,7.533834874629974365e-02,7.713270932435989380e-02,7.637801021337509155e-02,7.362484186887741089e-02,6.895719468593597412e-02,6.183587387204170227e-02,5.428279563784599304e-02,4.559941217303276062e-02,3.767461702227592468e-02,2.895499020814895630e-02,2.295333333313465118e-02,1.747408695518970490e-02,1.465901918709278107e-02,1.254838053137063980e-02,1.299991458654403687e-02,1.536859851330518723e-02,1.869393140077590942e-02,2.308873273432254791e-02,2.767741493880748749e-02,3.192276880145072937e-02,3.538886830210685730e-02,3.699037432670593262e-02,3.706391528248786926e-02,3.484307974576950073e-02,3.090995177626609802e-02,2.452298067510128021e-02,1.667993143200874329e-02,7.934001274406909943e-03,-1.398553955368697643e-03
1.470168121159076691e-03,3.414947073906660080e-03,7.320376113057136536e-03,9.924949146807193756e-03,1.326784677803516388e-02,1.722100749611854553e-02,2.263784594833850861e-02,2.797871828079223633e-02,3.519934043288230896e-02,4.070259258151054382e-02,4.586763679981231689e-02,4.962156340479850769e-02,5.248275026679039001e-02,5.549809336662292480e-02,5.350461974740028381e-02,5.252425372600555420e-02,4.789006337523460388e-02,4.552003368735313416e-02,3.972993046045303345e-02,3.325217217206954956e-02,2.677575498819351196e-02,2.133616805076599121e-02,1.676475442945957184e-02,1.404889672994613647e-02,1.319068018347024918e-02,1.441062055528163910e-02,1.617251895368099213e-02,2.121415734291076660e-02,2.839929796755313873e-02,3.682380914688110352e-02,4.540795832872390747e-02,5.477936565876007080e-02,6.397231668233871460e-02,7.226772606372833252e-02,7.812819629907608032e-02,8.224008232355117798e-02,8.342446386814117432e-02,8.302076160907745361e-02,7.885527610778808594e-02,7.311692088842391968e-02,6.468332558870315552e-02,5.633056908845901489e-02,4.678801819682121277e-02,3.685626760125160217e-02,2.817149087786674500e-02,2.119310945272445679e-02,1.532880775630474091e-02,1.201504282653331757e-02,9.656446985900402069e-03,1.098949927836656570e-02,1.317893713712692261e-02,1.727588102221488953e-02,2.224652096629142761e-02,2.746743708848953247e-02,3.212503716349601746e-02,3.567362204194068909e-02,3.783888369798660278e-02,3.799512609839439392e-02,3.594973683357238770e-02,3.183402866125106812e-02,2.533260546624660492e-02,1.718206331133842468e-02,8.464871905744075775e-03,-1.645320910029113293e-03
9.502700995653867722e-04,8.189762942492961884e-03,1.563143730163574219e-02,2.295461110770702362e-02,3.063734434545040131e-02,3.627442941069602966e-02,4.360755160450935364e-02,4.975128173828125000e-02,5.483904108405113220e-02,5.866670235991477966e-02,6.056119129061698914e-02,6.102850660681724548e-02,6.053714826703071594e-02,5.866499617695808411e-02,5.377238243818283081e-02,4.802434518933296204e-02,4.259726405143737793e-02,3.603370487689971924e-02,2.786961756646633148e-02,2.070834301412105560e-02,1.454385183751583099e-02,9.364713914692401886e-03,5.139478947967290878e-03,3.607541788369417191e-03,4.620048683136701584e-03,6.097554694861173630e-03,1.146854646503925323e-02,1.849498599767684937e-02,2.714645303785800934e-02,3.671248629689216614e-02,4.761913418769836426e-02,5.799357593059539795e-02,6.743948161602020264e-02,7.658857107162475586e-02,8.202309906482696533e-02,8.640373498201370239e-02,8.696983009576797485e-02,8.593850582838058472e-02,8.148916065692901611e-02,7.485035061836242676e-02,6.625190377235412598e-02,5.702900141477584839e-02,4.720424860715866089e-02,3.771343454718589783e-02,2.869091928005218506e-02,2.127729915082454681e-02,1.493242941796779633e-02,1.148856244981288910e-02,9.307064116001129150e-03,1.014827843755483627e-02,1.261837780475616455e-02,1.658887602388858795e-02,2.138413488864898682e-02,2.658760175108909607e-02,3.120000846683979034e-02,3.500321879982948303e-02,3.695455566048622131e-02,3.689994663000106812e-02,3.507537767291069031e-02,3.091814927756786346e-02,2.458938024938106537e-02,1.687750406563282013e-02,7.822833023965358734e-03,-1.670762663707137108e-03
6.988386157900094986e-04,1.171054504811763763e-02,2.303672581911087036e-02,3.409253433346748352e-02,4.462830349802970886e-02,5.164558812975883484e-02,6.012681871652603149e-02,6.585282832384109497e-02,7.003285735845565796e-02,7.234395295381546021e-02,7.127008587121963501e-02,7.002039253711700439e-02,6.551221013069152832e-02,6.058089807629585266e-02,5.276848748326301575e-02,4.584707319736480713e-02,3.664096072316169739e-02,2.696924284100532532e-02,1.815504021942615509e-02,1.034429576247930527e-02,3.847757354378700256e-03,-2.002374967560172081e-03,-4.660524893552064896e-03,-4.912741482257843018e-03,-2.846904564648866653e-03,5.472630728036165237e-04,7.273159921169281006e-03,1.623918116092681885e-02,2.667129226028919220e-02,3.839451074600219727e-02,4.943659156560897827e-02,5.992707237601280212e-02,7.001632452011108398e-02,7.876392453908920288e-02,8.388802409172058105e-02,8.824034780263900757e-02,8.794607222080230713e-02,8.679106831550598145e-02,8.107224106788635254e-02,7.502625137567520142e-02,6.574203819036483765e-02,5.685413628816604614e-02,4.718408733606338501e-02,3.804446384310722351e-02,2.916518785059452057e-02,2.220275998115539551e-02,1.579378172755241394e-02,1.243653427809476852e-02,1.029526442289352417e-02,1.131889503449201584e-02,1.308198366314172745e-02,1.730487868189811707e-02,2.179016917943954468e-02,2.660941146314144135e-02,3.066585958003997803e-02,3.412712365388870239e-02,3.557783737778663635e-02,3.559295833110809326e-02,3.325219452381134033e-02,2.919841371476650238e-02,2.336687967181205750e-02,1.589624769985675812e-02,7.400456350296735764e-03,-1.573405228555202484e-03
3.607590042520314455e-04,1.434554159641265869e-02,2.887305989861488342e-02,4.246068373322486877e-02,5.519854649901390076e-02,6.350150704383850098e-02,7.204078137874603271e-02,7.737250626087188721e-02,8.068872988224029541e-02,8.137310296297073364e-02,7.951618731021881104e-02,7.548586279153823853e-02,6.846408545970916748e-02,6.011568382382392883e-02,5.133961141109466553e-02,4.071326926350593567e-02,3.021314926445484161e-02,2.098144032061100006e-02,1.174203306436538696e-02,3.738972358405590057e-03,-2.511961152777075768e-03,-6.780423689633607864e-03,-8.364234119653701782e-03,-7.424458395689725876e-03,-5.140777677297592163e-03,2.651838294696062803e-04,7.903026416897773743e-03,1.658327877521514893e-02,2.797977253794670105e-02,3.986257314682006836e-02,5.059553310275077820e-02,6.170186400413513184e-02,7.006163895130157471e-02,7.842380553483963013e-02,8.202514052391052246e-02,8.564890921115875244e-02,8.475084602832794189e-02,8.308342844247817993e-02,7.834225893020629883e-02,7.172495126724243164e-02,6.406029313802719116e-02,5.592831596732139587e-02,4.741401225328445435e-02,3.891779482364654541e-02,3.116113319993019104e-02,2.502022124826908112e-02,1.946923322975635529e-02,1.628219150006771088e-02,1.406564190983772278e-02,1.449237391352653503e-02,1.589122228324413300e-02,1.902920939028263092e-02,2.217345312237739563e-02,2.625187486410140991e-02,2.923204563558101654e-02,3.202874958515167236e-02,3.263878822326660156e-02,3.177034854888916016e-02,2.965540625154972076e-02,2.573782205581665039e-02,2.044155821204185486e-02,1.384892035275697708e-02,6.351540796458721161e-03,-1.516725402325391769e-03
2.064921136479824781e-04,1.660192571580410004e-02,3.310294076800346375e-02,4.792610555887222290e-02,6.204236671328544617e-02,7.128819823265075684e-02,7.952685654163360596e-02,8.502110838890075684e-02,8.732081204652786255e-02,8.679721504449844360e-02,8.284355700016021729e-02,7.695039361715316772e-02,6.786784529685974121e-02,5.901213362812995911e-02,4.814123362302780151e-02,3.659508749842643738e-02,2.540468052029609680e-02,1.557724736630916595e-02,6.625885609537363052e-03,-6.625169189646840096e-04,-5.867050960659980774e-03,-8.689178153872489929e-03,-9.453261271119117737e-03,-9.262003935873508453e-03,-4.280459601432085037e-03,2.260373905301094055e-03,9.624858386814594269e-03,1.942337490618228912e-02,3.080987557768821716e-02,4.153589531779289246e-02,5.149147287011146545e-02,5.967397987842559814e-02,6.754218786954879761e-02,7.372355461120605469e-02,7.771281152963638306e-02,8.002579212188720703e-02,7.945209741592407227e-02,7.709141075611114502e-02,7.268103957176208496e-02,6.743320822715759277e-02,6.066766753792762756e-02,5.429944023489952087e-02,4.694268107414245605e-02,4.010847210884094238e-02,3.366203606128692627e-02,2.863438799977302551e-02,2.444757707417011261e-02,2.158451080322265625e-02,1.970195583999156952e-02,1.975380443036556244e-02,2.047778107225894928e-02,2.263947017490863800e-02,2.456189878284931183e-02,2.655216492712497711e-02,2.834214642643928528e-02,2.959137223660945892e-02,2.936495840549468994e-02,2.796120382845401764e-02,2.539794147014617920e-02,2.185468189418315887e-02,1.716307736933231354e-02,1.171234343200922012e-02,5.168303847312927246e-03,-1.506075030192732811e-03
-1.150012947618961334e-03,1.708001643419265747e-02,3.415771573781967163e-02,5.000591278076171875e-02,6.420410424470901489e-02,7.412616908550262451e-02,8.171890676021575928e-02,8.647693693637847900e-02,8.743883669376373291e-02,8.570714294910430908e-02,8.164007961750030518e-02,7.383304834365844727e-02,6.483853608369827271e-02,5.439584329724311829e-02,4.474638402462005615e-02,3.314302116632461548e-02,2.314046770334243774e-02,1.402676384896039963e-02,6.176888477057218552e-03,-4.226324090268462896e-04,-4.611474927514791489e-03,-7.381283212453126907e-03,-6.954711861908435822e-03,-3.941104747354984283e-03,1.477076788432896137e-03,6.668189540505409241e-03,1.490390487015247345e-02,2.394914068281650543e-02,3.309613838791847229e-02,4.216679558157920837e-02,4.869070649147033691e-02,5.610702559351921082e-02,6.156369298696517944e-02,6.642105430364608765e-02,6.911406666040420532e-02,7.037719339132308960e-02,6.954706460237503052e-02,6.795470416545867920e-02,6.370708346366882324e-02,5.949309468269348145e-02,5.523374676704406738e-02,5.066576972603797913e-02,4.578185826539993286e-02,4.122315719723701477e-02,3.678688406944274902e-02,3.367046266794204712e-02,3.037143126130104065e-02,2.857442013919353485e-02,2.669928781688213348e-02,2.598667889833450317e-02,2.575575374066829681e-02,2.648328058421611786e-02,2.670196257531642914e-02,2.720864303410053253e-02,2.677707560360431671e-02,2.672224864363670349e-02,2.521842904388904572e-02,2.298576384782791138e-02,2.043467387557029724e-02,1.717525348067283630e-02,1.317888777703046799e-02,8.780724368989467621e-03,3.690683050081133842e-03,-1.469618640840053558e-03
-1.251270179636776447e-03,1.648180745542049408e-02,3.321146219968795776e-02,4.871577024459838867e-02,6.240707263350486755e-02,7.154966890811920166e-02,7.823045551776885986e-02,8.185357600450515747e-02,8.270110189914703369e-02,8.054617792367935181e-02,7.591034471988677979e-02,6.814199686050415039e-02,5.944891646504402161e-02,5.003315582871437073e-02,4.044194519519805908e-02,3.034143522381782532e-02,2.166211046278476715e-02,1.370261702686548233e-02,6.151328328996896744e-03,1.087880344130098820e-03,-1.062585040926933289e-03,-7.849819376133382320e-04,2.127252286300063133e-03,5.347909871488809586e-03,1.063837017863988876e-02,1.589352451264858246e-02,2.253653109073638916e-02,2.973723970353603363e-02,3.693126514554023743e-02,4.339490085840225220e-02,4.797185957431793213e-02,5.339414998888969421e-02,5.570024624466896057e-02,5.853437259793281555e-02,5.818910151720046997e-02,5.885509774088859558e-02,5.776193365454673767e-02,5.667067319154739380e-02,5.434804037213325500e-02,5.193286016583442688e-02,4.973240196704864502e-02,4.694927483797073364e-02,4.465441778302192688e-02,4.274617508053779602e-02,4.078066349029541016e-02,3.942598775029182434e-02,3.778139874339103699e-02,3.581553325057029724e-02,3.435768559575080872e-02,3.354956209659576416e-02,3.212723135948181152e-02,3.136095777153968811e-02,2.980299480259418488e-02,2.827967517077922821e-02,2.605853229761123657e-02,2.434785664081573486e-02,2.143962681293487549e-02,1.852056756615638733e-02,1.565029099583625793e-02,1.228729356080293655e-02,9.221550077199935913e-03,5.816633347421884537e-03,2.431882079690694809e-03,-1.170487375929951668e-03
-4.015407466795295477e-04,1.569041050970554352e-02,3.066055104136466980e-02,4.371653124690055847e-02,5.452967807650566101e-02,6.253050267696380615e-02,6.923209875822067261e-02,7.300473004579544067e-02,7.352574914693832397e-02,7.071910798549652100e-02,6.595585495233535767e-02,5.856370553374290466e-02,5.133531987667083740e-02,4.282279312610626221e-02,3.535380586981773376e-02,2.704708278179168701e-02,2.032134309411048889e-02,1.383545994758605957e-02,1.002844609320163727e-02,8.544622920453548431e-03,9.991745464503765106e-03,1.120744366198778152e-02,1.484452653676271439e-02,1.710830628871917725e-02,2.234306000173091888e-02,2.588323131203651428e-02,3.149259090423583984e-02,3.672651946544647217e-02,4.062685742974281311e-02,4.346024245023727417e-02,4.521111398935317993e-02,4.727806523442268372e-02,4.692745208740234375e-02,4.709850251674652100e-02,4.550236836075782776e-02,4.519186168909072876e-02,4.348722472786903381e-02,4.412951320409774780e-02,4.285112768411636353e-02,4.186135903000831604e-02,4.191348329186439514e-02,4.192193225026130676e-02,4.269544780254364014e-02,4.304993897676467896e-02,4.397828131914138794e-02,4.450350254774093628e-02,4.489611089229583740e-02,4.404496774077415466e-02,4.297874867916107178e-02,4.153358936309814453e-02,3.916253894567489624e-02,3.670118004083633423e-02,3.291722014546394348e-02,2.932515740394592285e-02,2.526670508086681366e-02,2.183386869728565216e-02,1.747351884841918945e-02,1.370093692094087601e-02,1.029714569449424744e-02,7.334727793931961060e-03,4.651239141821861267e-03,2.593491692095994949e-03,8.959826664067804813e-04,-8.355520549230277538e-04
-9.375391528010368347e-04,1.242945715785026550e-02,2.597229927778244019e-02,3.795525431632995605e-02,4.599236324429512024e-02,5.319427326321601868e-02,5.807762593030929565e-02,6.020935252308845520e-02,5.967592447996139526e-02,5.726719275116920471e-02,5.385480821132659912e-02,4.821526259183883667e-02,4.263547062873840332e-02,3.547516092658042908e-02,3.025851771235466003e-02,2.435369230806827545e-02,2.071841247379779816e-02,1.783922687172889709e-02,1.852226629853248596e-02,1.915638148784637451e-02,2.134030126035213470e-02,2.376084029674530029e-02,2.708370424807071686e-02,3.053228929638862610e-02,3.486839309334754944e-02,3.834677115082740784e-02,4.170386865735054016e-02,4.468631371855735779e-02,4.452340677380561829e-02,4.419755563139915466e-02,4.202115163207054138e-02,4.126783460378646851e-02,3.779446706175804138e-02,3.596597537398338318e-02,3.294289484620094299e-02,3.066127747297286987e-02,2.896467037498950958e-02,3.016086108982563019e-02,3.074115328490734100e-02,3.237815573811531067e-02,3.496457636356353760e-02,3.724742680788040161e-02,4.090228676795959473e-02,4.413369670510292053e-02,4.780711233615875244e-02,5.055695772171020508e-02,5.277981981635093689e-02,5.287979543209075928e-02,5.230875313282012939e-02,4.994153231382369995e-02,4.639098793268203735e-02,4.182883352041244507e-02,3.627930954098701477e-02,3.051038272678852081e-02,2.471661940217018127e-02,1.934245228767395020e-02,1.382057368755340576e-02,9.312318637967109680e-03,5.770844873040914536e-03,2.749578561633825302e-03,8.071633055806159973e-04,-4.574834019877016544e-05,-6.022995803505182266e-04,-6.486097117885947227e-04
-1.116906176321208477e-03,9.445905685424804688e-03,2.076293155550956726e-02,2.915498055517673492e-02,3.464759141206741333e-02,3.944912180304527283e-02,4.183060303330421448e-02,4.297069087624549866e-02,4.215975105762481689e-02,4.091256111860275269e-02,3.856782615184783936e-02,3.509115800261497498e-02,3.059880435466766357e-02,2.674404904246330261e-02,2.465744689106941223e-02,2.231055870652198792e-02,2.279952913522720337e-02,2.367997169494628906e-02,2.638493664562702179e-02,2.860159426927566528e-02,3.311964124441146851e-02,3.708105906844139099e-02,4.303758591413497925e-02,4.685539752244949341e-02,5.028597265481948853e-02,5.173406004905700684e-02,5.218901485204696655e-02,5.129236727952957153e-02,4.704543948173522949e-02,4.310651123523712158e-02,3.795655816793441772e-02,3.294067457318305969e-02,2.715294249355792999e-02,2.322766743600368500e-02,1.830426976084709167e-02,1.641990803182125092e-02,1.436503417789936066e-02,1.586673967540264130e-02,1.810230128467082977e-02,2.138655073940753937e-02,2.675177529454231262e-02,3.163329139351844788e-02,3.828373923897743225e-02,4.456719756126403809e-02,5.079563707113265991e-02,5.582546442747116089e-02,5.930206179618835449e-02,6.056206673383712769e-02,5.979440361261367798e-02,5.708688497543334961e-02,5.241819471120834351e-02,4.638927429914474487e-02,3.901660442352294922e-02,3.177741914987564087e-02,2.433783002197742462e-02,1.756851188838481903e-02,1.051104161888360977e-02,5.226497072726488113e-03,1.155590522103011608e-03,-1.542821177281439304e-03,-3.032125066965818405e-03,-2.939517376944422722e-03,-1.985594863072037697e-03,-6.344365538097918034e-04
-9.289365843869745731e-04,6.628891918808221817e-03,1.385563611984252930e-02,1.891675032675266266e-02,2.073491550981998444e-02,2.466874197125434875e-02,2.513518743216991425e-02,2.578810602426528931e-02,2.503428235650062561e-02,2.413835562765598297e-02,2.309050969779491425e-02,2.140219695866107941e-02,1.975190639495849609e-02,1.853916794061660767e-02,2.003603614866733551e-02,2.167309820652008057e-02,2.564671449363231659e-02,2.955851890146732330e-02,3.438593074679374695e-02,3.974695876240730286e-02,4.641321301460266113e-02,5.227142944931983948e-02,5.813083797693252563e-02,6.148590520024299622e-02,6.360556185245513916e-02,6.326017528772354126e-02,6.094766408205032349e-02,5.771033093333244324e-02,4.956883564591407776e-02,4.389656707644462585e-02,3.462716937065124512e-02,2.732601203024387360e-02,1.861912198364734650e-02,1.172484364360570908e-02,6.314389873296022415e-03,2.836615545675158501e-03,1.062578288838267326e-03,2.557202009484171867e-03,5.784793756902217865e-03,1.163945533335208893e-02,1.892005279660224915e-02,2.703598141670227051e-02,3.605667129158973694e-02,4.502262547612190247e-02,5.297712981700897217e-02,5.966618657112121582e-02,6.420924514532089233e-02,6.612651050090789795e-02,6.550958752632141113e-02,6.273768842220306396e-02,5.724425986409187317e-02,5.032185465097427368e-02,4.135301336646080017e-02,3.248319029808044434e-02,2.379490435123443604e-02,1.548973005264997482e-02,7.793296594172716141e-03,1.766159432008862495e-03,-2.513947198167443275e-03,-4.977925680577754974e-03,-5.903452169150114059e-03,-4.909004084765911102e-03,-3.087020711973309517e-03,-5.570783396251499653e-04
-9.645285317674279213e-04,2.864693058654665947e-03,5.265336483716964722e-03,5.610641557723283768e-03,6.624566391110420227e-03,8.984329178929328918e-03,8.654301054775714874e-03,8.627804927527904510e-03,7.266691420227289200e-03,7.415913511067628860e-03,7.479122839868068695e-03,8.325300179421901703e-03,9.283065795898437500e-03,1.160457357764244080e-02,1.583701558411121368e-02,2.019887231290340424e-02,2.743592113256454468e-02,3.340401872992515564e-02,4.217649996280670166e-02,5.020583793520927429e-02,5.893367156386375427e-02,6.540647149085998535e-02,7.126554846763610840e-02,7.424248009920120239e-02,7.470431178808212280e-02,7.264930009841918945e-02,6.851872056722640991e-02,6.115294247865676880e-02,5.165597796440124512e-02,4.234321787953376770e-02,3.118065372109413147e-02,2.131296508014202118e-02,1.067832205444574356e-02,3.850675420835614204e-03,-3.108592703938484192e-03,-7.172034122049808502e-03,-9.378506802022457123e-03,-7.044762838631868362e-03,-2.833073493093252182e-03,3.761228872463107109e-03,1.312133669853210449e-02,2.231835015118122101e-02,3.335757181048393250e-02,4.355266690254211426e-02,5.347273498773574829e-02,6.157416105270385742e-02,6.709852069616317749e-02,6.961428374052047729e-02,6.881411373615264893e-02,6.584489345550537109e-02,6.003012135624885559e-02,5.196066945791244507e-02,4.225413501262664795e-02,3.247138112783432007e-02,2.303263172507286072e-02,1.425696350634098053e-02,5.624433513730764389e-03,-7.465530070476233959e-04,-5.298268049955368042e-03,-7.552464026957750320e-03,-8.332901634275913239e-03,-6.597452796995639801e-03,-3.942203242331743240e-03,-5.176792619749903679e-04
-7.821594481356441975e-04,-3.156055390718393028e-05,-2.215339802205562592e-03,-4.211683291941881180e-03,-5.451025906950235367e-03,-5.953127983957529068e-03,-7.236502133309841156e-03,-8.821460418403148651e-03,-9.381035342812538147e-03,-8.404042571783065796e-03,-6.591622252017259598e-03,-3.671798156574368477e-03,-1.019691117107868195e-04,4.997004754841327667e-03,1.257151272147893906e-02,2.031094208359718323e-02,3.035202249884605408e-02,3.895544260740280151e-02,4.957910999655723572e-02,5.929539352655410767e-02,6.864578276872634888e-02,7.605218887329101562e-02,8.085695654153823853e-02,8.328943699598312378e-02,8.245446532964706421e-02,7.942443341016769409e-02,7.257582992315292358e-02,6.413152068853378296e-02,5.274307355284690857e-02,4.142865538597106934e-02,2.855257876217365265e-02,1.601193100214004517e-02,4.706101492047309875e-03,-3.997946623712778091e-03,-1.140810735523700714e-02,-1.589736342430114746e-02,-1.702683791518211365e-02,-1.447664760053157806e-02,-9.937188588082790375e-03,-1.608498860150575638e-03,8.060339838266372681e-03,1.959218457341194153e-02,3.160745650529861450e-02,4.336718842387199402e-02,5.344136431813240051e-02,6.208295747637748718e-02,6.762669235467910767e-02,7.056534290313720703e-02,6.988760083913803101e-02,6.698604673147201538e-02,6.033528968691825867e-02,5.217410251498222351e-02,4.209673404693603516e-02,3.194236010313034058e-02,2.215161547064781189e-02,1.241308543831110001e-02,4.001345951110124588e-03,-2.239609137177467346e-03,-6.885575130581855774e-03,-8.751806803047657013e-03,-9.191455319523811340e-03,-7.218330632895231247e-03,-4.549897741526365280e-03,-6.678149802610278130e-04
-1.107680072891525924e-04,-4.124227911233901978e-03,-8.369040675461292267e-03,-1.305009145289659500e-02,-1.593733578920364380e-02,-1.858247630298137665e-02,-2.088617347180843353e-02,-2.214729599654674530e-02,-2.227745018899440765e-02,-2.082675881683826447e-02,-1.760271377861499786e-02,-1.373911183327436447e-02,-7.240772712975740433e-03,-9.781069820746779442e-05,9.638649411499500275e-03,1.948569528758525848e-02,3.170582279562950134e-02,4.221336543560028076e-02,5.395756289362907410e-02,6.530711799860000610e-02,7.399649173021316528e-02,8.159586787223815918e-02,8.561769127845764160e-02,8.760195970535278320e-02,8.605196326971054077e-02,8.194196224212646484e-02,7.482243329286575317e-02,6.385482847690582275e-02,5.268785357475280762e-02,3.956078365445137024e-02,2.587090246379375458e-02,1.350749935954809189e-02,1.530659734271466732e-03,-7.931324653327465057e-03,-1.542384084314107895e-02,-1.893406733870506287e-02,-1.988403499126434326e-02,-1.746803522109985352e-02,-1.253112312406301498e-02,-3.725938266143202782e-03,5.750827491283416748e-03,1.705085113644599915e-02,2.945893444120883942e-02,4.102028906345367432e-02,5.083118751645088196e-02,5.943168327212333679e-02,6.472036987543106079e-02,6.805840134620666504e-02,6.714546680450439453e-02,6.404329836368560791e-02,5.779967829585075378e-02,4.929586872458457947e-02,3.994621336460113525e-02,3.005971387028694153e-02,2.026042155921459198e-02,1.126308180391788483e-02,2.844431670382618904e-03,-3.210634458810091019e-03,-7.469122763723134995e-03,-9.287846274673938751e-03,-9.558463469147682190e-03,-7.523674052208662033e-03,-4.647793713957071304e-03,-4.198012175038456917e-04
5.609408835880458355e-04,-6.839124951511621475e-03,-1.304572448134422302e-02,-1.962607167661190033e-02,-2.491527982056140900e-02,-2.826656959950923920e-02,-3.157357499003410339e-02,-3.297825902700424194e-02,-3.292665630578994751e-02,-3.048470616340637207e-02,-2.655482664704322815e-02,-2.047991193830966949e-02,-1.265807170420885086e-02,-3.650576109066605568e-03,7.831114344298839569e-03,2.017851546406745911e-02,3.305853158235549927e-02,4.455645754933357239e-02,5.675826594233512878e-02,6.762212514877319336e-02,7.650260627269744873e-02,8.402849733829498291e-02,8.693974465131759644e-02,8.891826122999191284e-02,8.669448643922805786e-02,8.188712596893310547e-02,7.298436760902404785e-02,6.337699294090270996e-02,5.116496235132217407e-02,3.887836262583732605e-02,2.544679865241050720e-02,1.253070216625928879e-02,8.021907415241003036e-04,-8.486079983413219452e-03,-1.538836490362882614e-02,-1.943179406225681305e-02,-2.032062411308288574e-02,-1.777032203972339630e-02,-1.186037156730890274e-02,-3.643795615062117577e-03,5.636004731059074402e-03,1.673390716314315796e-02,2.819607034325599670e-02,3.903131932020187378e-02,4.832168295979499817e-02,5.560056120157241821e-02,6.044834852218627930e-02,6.327519565820693970e-02,6.236572563648223877e-02,5.898781120777130127e-02,5.297911539673805237e-02,4.553590714931488037e-02,3.667588159441947937e-02,2.751211076974868774e-02,1.869672723114490509e-02,9.930370375514030457e-03,2.576709492132067680e-03,-2.874442841857671738e-03,-6.663073319941759109e-03,-8.330073207616806030e-03,-8.630956523120403290e-03,-6.571409758180379868e-03,-3.869666950777173042e-03,-6.599504267796874046e-04
5.175194819457828999e-04,-8.440307341516017914e-03,-1.583054102957248688e-02,-2.371887303888797760e-02,-2.939783781766891479e-02,-3.398866578936576843e-02,-3.698442131280899048e-02,-3.819497302174568176e-02,-3.731686994433403015e-02,-3.429314866662025452e-02,-3.056549653410911560e-02,-2.351970784366130829e-02,-1.552428212016820908e-02,-5.933669861406087875e-03,6.606659386307001114e-03,1.988531649112701416e-02,3.296283632516860962e-02,4.526893049478530884e-02,5.631120502948760986e-02,6.730847805738449097e-02,7.407748699188232422e-02,8.014681935310363770e-02,8.258581906557083130e-02,8.379590511322021484e-02,8.134172856807708740e-02,7.610177993774414062e-02,6.895456463098526001e-02,5.876493453979492188e-02,4.918859526515007019e-02,3.744398429989814758e-02,2.654807828366756439e-02,1.536762528121471405e-02,4.748991690576076508e-03,-4.209342878311872482e-03,-1.108541339635848999e-02,-1.461831200867891312e-02,-1.560572814196348190e-02,-1.216812618076801300e-02,-7.481359876692295074e-03,-7.639522664248943329e-04,6.974712479859590530e-03,1.691826246678829193e-02,2.563116326928138733e-02,3.523022308945655823e-02,4.216110333800315857e-02,4.832800850272178650e-02,5.237566307187080383e-02,5.465593934059143066e-02,5.342455208301544189e-02,5.002256855368614197e-02,4.492147639393806458e-02,3.832223638892173767e-02,3.113615699112415314e-02,2.347228117287158966e-02,1.574273407459259033e-02,8.745494298636913300e-03,2.034366130828857422e-03,-2.262462629005312920e-03,-5.595648661255836487e-03,-6.944810040295124054e-03,-7.373595144599676132e-03,-5.510614719241857529e-03,-3.624957753345370293e-03,-8.613875834271311760e-04
-9.348907042294740677e-05,-9.267020039260387421e-03,-1.761123351752758026e-02,-2.499788440763950348e-02,-3.129307553172111511e-02,-3.545539081096649170e-02,-3.918291628360748291e-02,-3.986637666821479797e-02,-3.906134888529777527e-02,-3.596087917685508728e-02,-3.052666410803794861e-02,-2.330872975289821625e-02,-1.507938746362924576e-02,-4.788327962160110474e-03,7.446484640240669250e-03,1.938254199922084808e-02,3.172286972403526306e-02,4.247033223509788513e-02,5.220651254057884216e-02,6.070143729448318481e-02,6.734377890825271606e-02,7.288384437561035156e-02,7.567989826202392578e-02,7.619632035493850708e-02,7.417046278715133667e-02,6.878946721553802490e-02,6.199125200510025024e-02,5.423901230096817017e-02,4.557669535279273987e-02,3.625587001442909241e-02,2.660544030368328094e-02,1.755499280989170074e-02,8.631221018731594086e-03,2.449532970786094666e-03,-2.054672921076416969e-03,-4.803976975381374359e-03,-4.802416544407606125e-03,-3.109601791948080063e-03,3.757317026611417532e-04,5.533891264349222183e-03,1.182891894131898880e-02,1.836983673274517059e-02,2.486926876008510590e-02,3.087757900357246399e-02,3.568692505359649658e-02,3.998645022511482239e-02,4.259900376200675964e-02,4.360509663820266724e-02,4.278707876801490784e-02,3.994641080498695374e-02,3.603168204426765442e-02,3.069345280528068542e-02,2.523561194539070129e-02,1.919604465365409851e-02,1.338631473481655121e-02,7.921199314296245575e-03,2.959743607789278030e-03,-3.683676186483353376e-04,-3.078243928030133247e-03,-4.296335857361555099e-03,-4.364558029919862747e-03,-3.547616070136427879e-03,-2.205011667683720589e-03,-1.137493294663727283e-03
1.347932993667200208e-04,-9.064839221537113190e-03,-1.577585563063621521e-02,-2.281951718032360077e-02,-2.840691991150379181e-02,-3.386677056550979614e-02,-3.671190142631530762e-02,-3.771163895726203918e-02,-3.639200702309608459e-02,-3.213008120656013489e-02,-2.728871256113052368e-02,-2.054322883486747742e-02,-1.236455515027046204e-02,-2.567733870819211006e-03,7.879181765019893646e-03,1.855356246232986450e-02,2.744814381003379822e-02,3.658473491668701172e-02,4.512046650052070618e-02,5.213613063097000122e-02,5.753654241561889648e-02,6.144266575574874878e-02,6.324782222509384155e-02,6.341800838708877563e-02,6.130447238683700562e-02,5.693422257900238037e-02,5.153146013617515564e-02,4.532109946012496948e-02,4.048595204949378967e-02,3.372755274176597595e-02,2.764164470136165619e-02,2.128523215651512146e-02,1.677318476140499115e-02,1.328336913138628006e-02,1.078637782484292984e-02,9.105782955884933472e-03,8.686980232596397400e-03,8.429458364844322205e-03,1.021302863955497742e-02,1.292235963046550751e-02,1.638938114047050476e-02,2.042774669826030731e-02,2.331935986876487732e-02,2.661992236971855164e-02,2.892875112593173981e-02,3.038591332733631134e-02,3.086978569626808167e-02,3.069179132580757141e-02,2.925402112305164337e-02,2.746305055916309357e-02,2.413283474743366241e-02,2.035588957369327545e-02,1.681600697338581085e-02,1.323328446596860886e-02,9.579838253557682037e-03,6.188068538904190063e-03,2.995368558913469315e-03,7.020550547167658806e-04,-1.051379949785768986e-03,-1.789844711311161518e-03,-2.062981482595205307e-03,-1.745092333294451237e-03,-1.472798874601721764e-03,-8.614643593318760395e-04
-4.098780045751482248e-04,-7.494051475077867508e-03,-1.365958433598279953e-02,-1.995566301047801971e-02,-2.483859844505786896e-02,-2.862138859927654266e-02,-3.079789131879806519e-02,-2.982478775084018707e-02,-2.789301052689552307e-02,-2.466452307999134064e-02,-1.987368427217006683e-02,-1.384513173252344131e-02,-6.422220263630151749e-03,1.530055771581828594e-03,1.004142686724662781e-02,1.774684712290763855e-02,2.497705630958080292e-02,3.194806352257728577e-02,3.702185302972793579e-02,4.202874377369880676e-02,4.437867179512977600e-02,4.657124355435371399e-02,4.631030559539794922e-02,4.644929617643356323e-02,4.592967405915260315e-02,4.382353276014328003e-02,4.065993428230285645e-02,3.770676627755165100e-02,3.561009466648101807e-02,3.245244175195693970e-02,3.018518909811973572e-02,2.827001549303531647e-02,2.573272399604320526e-02,2.418577671051025391e-02,2.300262451171875000e-02,2.218505367636680603e-02,2.143253013491630554e-02,2.146832272410392761e-02,2.155449800193309784e-02,2.232458628714084625e-02,2.318661473691463470e-02,2.332687377929687500e-02,2.243775501847267151e-02,2.315857075154781342e-02,2.149869687855243683e-02,2.116306126117706299e-02,1.892942935228347778e-02,1.761209405958652496e-02,1.563684083521366119e-02,1.478306017816066742e-02,1.252626813948154449e-02,1.105036679655313492e-02,9.450133889913558960e-03,7.795122452080249786e-03,6.884702481329441071e-03,5.515018478035926819e-03,4.297952167689800262e-03,3.336337860673666000e-03,2.471963409334421158e-03,2.085936721414327621e-03,1.541759236715734005e-03,1.007543760351836681e-03,4.782414471264928579e-04,-9.830946801230311394e-04
-7.710926583968102932e-04,-6.845316849648952484e-03,-1.104200072586536407e-02,-1.583720743656158447e-02,-1.890770532190799713e-02,-2.033381909132003784e-02,-2.093960717320442200e-02,-1.941090822219848633e-02,-1.721965894103050232e-02,-1.513101067394018173e-02,-1.069305557757616043e-02,-6.066435016691684723e-03,-2.271282282890751958e-04,6.110101938247680664e-03,1.162449084222316742e-02,1.664529740810394287e-02,2.041461691260337830e-02,2.393045276403427124e-02,2.631155028939247131e-02,2.812414243817329407e-02,2.861962281167507172e-02,2.990818396210670471e-02,2.911610715091228485e-02,2.965415269136428833e-02,2.966590970754623413e-02,2.988234721124172211e-02,2.877510339021682739e-02,2.883491106331348419e-02,2.985789440572261810e-02,3.093587234616279602e-02,3.261285275220870972e-02,3.371824696660041809e-02,3.485930711030960083e-02,3.531171754002571106e-02,3.698237240314483643e-02,3.707769513130187988e-02,3.751916438341140747e-02,3.625373542308807373e-02,3.467601537704467773e-02,3.209824860095977783e-02,2.942497469484806061e-02,2.563897520303726196e-02,2.128572016954421997e-02,1.694094203412532806e-02,1.273547019809484482e-02,9.490954689681529999e-03,5.724256392568349838e-03,3.558634780347347260e-03,9.995808359235525131e-04,1.392411068081855774e-03,4.332771059125661850e-04,3.742789558600634336e-04,8.472783956676721573e-04,1.778326812200248241e-03,3.078037407249212265e-03,4.033973906189203262e-03,4.528270103037357330e-03,5.193240009248256683e-03,5.063349846750497818e-03,5.241088103502988815e-03,4.229680169373750687e-03,3.276518313214182854e-03,1.162047963589429855e-03,-9.015082614496350288e-04
-1.102110309147974476e-05,-3.925302065908908844e-03,-5.925017409026622772e-03,-8.713277056813240051e-03,-9.999337606132030487e-03,-9.789561852812767029e-03,-9.485903196036815643e-03,-7.619159761816263199e-03,-5.970004014670848846e-03,-3.153929021209478378e-03,-2.925959279309608974e-06,3.559396602213382721e-03,7.399752270430326462e-03,1.187595631927251816e-02,1.427104324102401733e-02,1.538397185504436493e-02,1.620571874082088470e-02,1.715246960520744324e-02,1.590194180607795715e-02,1.571366749703884125e-02,1.427604258060455322e-02,1.297456864267587662e-02,1.202969346195459366e-02,1.215184014290571213e-02,1.267096865922212601e-02,1.558503042906522751e-02,1.699424348771572113e-02,2.083836868405342102e-02,2.551700733602046967e-02,2.954464964568614960e-02,3.514395281672477722e-02,4.040673747658729553e-02,4.560709372162818909e-02,4.952302947640419006e-02,5.309019982814788818e-02,5.377325415611267090e-02,5.422766134142875671e-02,5.202864110469818115e-02,4.796982929110527039e-02,4.287474602460861206e-02,3.621869906783103943e-02,2.910890430212020874e-02,2.042669616639614105e-02,1.332680787891149521e-02,6.142586003988981247e-03,7.938319322420284152e-05,-5.526037886738777161e-03,-9.579372592270374298e-03,-1.245760731399059296e-02,-1.176904141902923584e-02,-1.144825201481580734e-02,-9.106197394430637360e-03,-6.529327947646379471e-03,-3.500317456200718880e-03,2.332699368707835674e-04,3.182674525305628777e-03,5.929425824433565140e-03,7.837395183742046356e-03,8.712570182979106903e-03,8.891625329852104187e-03,7.885045371949672699e-03,5.842323414981365204e-03,3.278376534581184387e-03,-8.894463535398244858e-04
-4.799716116394847631e-04,-1.274767331779003143e-03,-1.316590933129191399e-03,-1.951087731868028641e-03,-1.019621035084128380e-03,-2.586560440249741077e-04,1.511609996668994427e-03,3.870297456160187721e-03,6.256430875509977341e-03,8.422156795859336853e-03,1.089763082563877106e-02,1.290644239634275436e-02,1.468538492918014526e-02,1.629606634378433228e-02,1.528950780630111694e-02,1.292212121188640594e-02,1.068518962711095810e-02,7.119244430214166641e-03,4.271252546459436417e-03,7.534022442996501923e-04,-2.555722137913107872e-03,-4.321144893765449524e-03,-5.931978579610586166e-03,-5.151679273694753647e-03,-3.905876306816935539e-03,6.639645434916019440e-04,4.804028663784265518e-03,1.190741267055273056e-02,1.933342590928077698e-02,2.749121375381946564e-02,3.618922829627990723e-02,4.554810374975204468e-02,5.370020121335983276e-02,5.991395562887191772e-02,6.464961171150207520e-02,6.674981117248535156e-02,6.686700880527496338e-02,6.401368230581283569e-02,5.827577412128448486e-02,5.052507296204566956e-02,4.065586626529693604e-02,3.016342967748641968e-02,1.932808384299278259e-02,8.218823932111263275e-03,-1.608211430720984936e-03,-9.323347359895706177e-03,-1.630317233502864838e-02,-2.111876383423805237e-02,-2.448394335806369781e-02,-2.384570427238941193e-02,-2.226130664348602295e-02,-1.908437162637710571e-02,-1.421140041202306747e-02,-9.128149598836898804e-03,-3.321765456348657608e-03,1.667815493419766426e-03,6.128968670964241028e-03,8.992606773972511292e-03,1.089466828852891922e-02,1.123356632888317108e-02,9.810679592192173004e-03,7.193687371909618378e-03,3.481051884591579437e-03,-7.661468116566538811e-04
1.647449535084888339e-04,1.545327599160373211e-03,3.439751919358968735e-03,5.312656983733177185e-03,7.691803388297557831e-03,1.005510520190000534e-02,1.277288049459457397e-02,1.529085915535688400e-02,1.759943924844264984e-02,1.919975318014621735e-02,2.055198140442371368e-02,2.128687314689159393e-02,2.067044563591480255e-02,1.981962658464908600e-02,1.577545888721942902e-02,1.157877314835786819e-02,6.516621913760900497e-03,6.168039981275796890e-04,-5.294803995639085770e-03,-1.062470488250255585e-02,-1.508047152310609818e-02,-1.879142783582210541e-02,-2.057852596044540405e-02,-2.055518515408039093e-02,-1.810564659535884857e-02,-1.259802747517824173e-02,-6.905552465468645096e-03,3.595539834350347519e-03,1.420050580054521561e-02,2.583744190633296967e-02,3.771437332034111023e-02,4.925129190087318420e-02,6.031994149088859558e-02,6.843956559896469116e-02,7.440923154354095459e-02,7.701814174652099609e-02,7.696360349655151367e-02,7.375184446573257446e-02,6.635967642068862915e-02,5.735545605421066284e-02,4.472999647259712219e-02,3.228797018527984619e-02,1.815636828541755676e-02,4.962277133017778397e-03,-6.636282894760370255e-03,-1.672249287366867065e-02,-2.487194165587425232e-02,-3.093103505671024323e-02,-3.401324152946472168e-02,-3.325611725449562073e-02,-3.128626570105552673e-02,-2.627572789788246155e-02,-2.004393935203552246e-02,-1.308094896376132965e-02,-4.942612722516059875e-03,1.451066695153713226e-03,7.140686269849538803e-03,1.106765866279602051e-02,1.336451806128025055e-02,1.399321388453245163e-02,1.229369174689054489e-02,8.643201552331447601e-03,4.530247300863265991e-03,-4.981809761375188828e-04
7.113465835573151708e-05,2.880912972614169121e-03,6.790275219827890396e-03,1.056918501853942871e-02,1.454897411167621613e-02,1.799039542675018311e-02,2.156020887196063995e-02,2.464559674263000488e-02,2.662268094718456268e-02,2.799859642982482910e-02,2.823717705905437469e-02,2.783496677875518799e-02,2.548694424331188202e-02,2.167923934757709503e-02,1.598242111504077911e-02,9.107871912419795990e-03,1.472372910939157009e-03,-6.274413317441940308e-03,-1.410512812435626984e-02,-2.090314030647277832e-02,-2.651599794626235962e-02,-3.049287758767604828e-02,-3.309725970029830933e-02,-3.272826224565505981e-02,-2.922033704817295074e-02,-2.338989078998565674e-02,-1.505520846694707870e-02,-3.339857794344425201e-03,9.521613828837871552e-03,2.287148870527744293e-02,3.682612627744674683e-02,5.144992098212242126e-02,6.412095576524734497e-02,7.355462014675140381e-02,7.949402928352355957e-02,8.262062817811965942e-02,8.199359476566314697e-02,7.840734720230102539e-02,7.091709226369857788e-02,6.022384017705917358e-02,4.609955847263336182e-02,3.156844899058341980e-02,1.610369421541690826e-02,1.208289060741662979e-03,-1.249136682599782944e-02,-2.333001978695392609e-02,-3.243573755025863647e-02,-3.819148242473602295e-02,-4.130160436034202576e-02,-4.038570448756217957e-02,-3.780115395784378052e-02,-3.208081051707267761e-02,-2.447933331131935120e-02,-1.634655706584453583e-02,-7.504150737076997757e-03,4.397948505356907845e-04,6.690415088087320328e-03,1.143481861799955368e-02,1.413667295128107071e-02,1.498046983033418655e-02,1.305245887488126755e-02,9.325614199042320251e-03,4.574268590658903122e-03,-9.879549033939838409e-04
-2.922103521996177733e-05,5.217339843511581421e-03,1.013427786529064178e-02,1.440383773297071457e-02,1.924339123070240021e-02,2.338843233883380890e-02,2.792992442846298218e-02,3.115594759583473206e-02,3.323090821504592896e-02,3.393860533833503723e-02,3.385194763541221619e-02,3.176936879754066467e-02,2.823691070079803467e-02,2.253530360758304596e-02,1.543505862355232239e-02,7.906621322035789490e-03,-1.061074319295585155e-03,-1.074196211993694305e-02,-1.896898820996284485e-02,-2.658695913851261139e-02,-3.339868783950805664e-02,-3.784288838505744934e-02,-4.052917286753654480e-02,-4.033059626817703247e-02,-3.572026267647743225e-02,-2.950189262628555298e-02,-2.030796930193901062e-02,-8.359569124877452850e-03,5.495427176356315613e-03,2.142759971320629120e-02,3.619921207427978516e-02,5.111842975020408630e-02,6.380602717399597168e-02,7.361496239900588989e-02,8.065337687730789185e-02,8.401376754045486450e-02,8.360187709331512451e-02,7.947494089603424072e-02,7.164990156888961792e-02,6.001329049468040466e-02,4.570243880152702332e-02,3.091747686266899109e-02,1.494385581463575363e-02,-1.033133943565189838e-03,-1.483092550188302994e-02,-2.618377469480037689e-02,-3.546493873000144958e-02,-4.155690222978591919e-02,-4.366701096296310425e-02,-4.332436621189117432e-02,-4.040494188666343689e-02,-3.340762481093406677e-02,-2.611550316214561462e-02,-1.762806065380573273e-02,-8.224464952945709229e-03,5.628130747936666012e-04,6.884540896862745285e-03,1.183004863560199738e-02,1.460401993244886398e-02,1.566613093018531799e-02,1.351995300501585007e-02,1.023675315082073212e-02,5.448044743388891220e-03,-1.170722534880042076e-03
1.456041354686021805e-04,6.302084773778915405e-03,1.148526836186647415e-02,1.700352504849433899e-02,2.220298908650875092e-02,2.659355103969573975e-02,3.069638833403587341e-02,3.409042954444885254e-02,3.593619912862777710e-02,3.623652458190917969e-02,3.573695197701454163e-02,3.276939690113067627e-02,2.837274037301540375e-02,2.173131145536899567e-02,1.488930638879537582e-02,6.347658578306436539e-03,-3.066868754103779793e-03,-1.288647111505270004e-02,-2.240708842873573303e-02,-3.026307374238967896e-02,-3.713171556591987610e-02,-4.133548960089683533e-02,-4.423476755619049072e-02,-4.262056201696395874e-02,-3.911008313298225403e-02,-3.241343051195144653e-02,-2.263624407351016998e-02,-1.109734736382961273e-02,3.294561756774783134e-03,1.885274611413478851e-02,3.329235687851905823e-02,4.749241843819618225e-02,5.988612771034240723e-02,6.976604461669921875e-02,7.667984813451766968e-02,7.953111082315444946e-02,7.889088988304138184e-02,7.490372657775878906e-02,6.760009378194808960e-02,5.568226054310798645e-02,4.246706888079643250e-02,2.811601571738719940e-02,1.350274402648210526e-02,-1.534158363938331604e-03,-1.541482936590909958e-02,-2.670291066169738770e-02,-3.572088479995727539e-02,-4.081173613667488098e-02,-4.371773451566696167e-02,-4.333155229687690735e-02,-3.995245322585105896e-02,-3.320603072643280029e-02,-2.574999630451202393e-02,-1.753500290215015411e-02,-8.534353226423263550e-03,-4.281062138034030795e-05,6.319071631878614426e-03,1.099476125091314316e-02,1.382185239344835281e-02,1.449173595756292343e-02,1.241515949368476868e-02,9.440583176910877228e-03,4.422024358063936234e-03,-1.632289728149771690e-03
-1.921803486766293645e-04,6.270489655435085297e-03,1.189808826893568039e-02,1.764225773513317108e-02,2.223224006593227386e-02,2.677341364324092865e-02,3.037880919873714447e-02,3.378421068191528320e-02,3.497444838285446167e-02,3.513550013303756714e-02,3.409816697239875793e-02,3.083362057805061340e-02,2.638816088438034058e-02,1.968319527804851532e-02,1.347609981894493103e-02,5.387540441006422043e-03,-3.156109014526009560e-03,-1.295787096023559570e-02,-2.206243202090263367e-02,-3.004834800958633423e-02,-3.571753948926925659e-02,-3.987780958414077759e-02,-4.125598818063735962e-02,-4.116014391183853149e-02,-3.731996193528175354e-02,-3.108656965196132660e-02,-2.259633131325244904e-02,-1.300861686468124390e-02,5.605624755844473839e-04,1.546554360538721085e-02,2.916613034904003143e-02,4.169309884309768677e-02,5.276302620768547058e-02,6.185800209641456604e-02,6.774373352527618408e-02,7.064916193485260010e-02,7.013667374849319458e-02,6.614582985639572144e-02,6.008494645357131958e-02,4.974532127380371094e-02,3.815401718020439148e-02,2.493667975068092346e-02,1.169986277818679810e-02,-1.633708132430911064e-03,-1.408188603818416595e-02,-2.398266270756721497e-02,-3.264151141047477722e-02,-3.764836117625236511e-02,-4.000822082161903381e-02,-3.924404829740524292e-02,-3.583785519003868103e-02,-3.042017482221126556e-02,-2.381983958184719086e-02,-1.649532094597816467e-02,-8.072477765381336212e-03,-4.623664135579019785e-04,5.498744547367095947e-03,9.835909120738506317e-03,1.213728450238704681e-02,1.286614779382944107e-02,1.132641732692718506e-02,9.076804853975772858e-03,4.243424162268638611e-03,-1.405132352374494076e-03
-1.073613297194242477e-03,5.871125496923923492e-03,1.063157524913549423e-02,1.582490466535091400e-02,1.965395919978618622e-02,2.296043001115322113e-02,2.565026096999645233e-02,2.806162647902965546e-02,2.925814501941204071e-02,2.943401038646697998e-02,2.831182070076465607e-02,2.579757757484912872e-02,2.206567861139774323e-02,1.659170724451541901e-02,1.085319742560386658e-02,4.034476354718208313e-03,-3.404365852475166321e-03,-1.120325457304716110e-02,-1.878787390887737274e-02,-2.549277059733867645e-02,-3.071087040007114410e-02,-3.449956327676773071e-02,-3.597661480307579041e-02,-3.577725589275360107e-02,-3.230008855462074280e-02,-2.725173905491828918e-02,-2.030794322490692139e-02,-1.198664866387844086e-02,-5.389264551922678947e-04,1.143938582390546799e-02,2.294431999325752258e-02,3.300802037119865417e-02,4.181457310914993286e-02,4.865973815321922302e-02,5.338274314999580383e-02,5.584656074643135071e-02,5.545373260974884033e-02,5.341629683971405029e-02,4.788799956440925598e-02,4.041780903935432434e-02,3.090671263635158539e-02,2.046049386262893677e-02,8.718468248844146729e-03,-2.012186916545033455e-03,-1.177622098475694656e-02,-2.045020274817943573e-02,-2.683990262448787689e-02,-3.190118819475173950e-02,-3.317694365978240967e-02,-3.305763378739356995e-02,-2.958805300295352936e-02,-2.563299983739852905e-02,-1.937184110283851624e-02,-1.328556332737207413e-02,-6.382315419614315033e-03,-5.341123323887586594e-05,4.718171432614326477e-03,8.198020979762077332e-03,9.738527238368988037e-03,1.086704898625612259e-02,9.364579804241657257e-03,7.096190005540847778e-03,2.779199741780757904e-03,-2.139350632205605507e-03
-1.195208751596510410e-04,4.027364775538444519e-03,8.350938558578491211e-03,1.103388052433729172e-02,1.385402306914329529e-02,1.584469154477119446e-02,1.823502965271472931e-02,1.979298330843448639e-02,2.079646661877632141e-02,2.098277024924755096e-02,2.048568986356258392e-02,1.813959330320358276e-02,1.577442139387130737e-02,1.139549631625413895e-02,7.347993087023496628e-03,2.358001191169023514e-03,-2.404073718935251236e-03,-8.071202784776687622e-03,-1.300143636763095856e-02,-1.778232678771018982e-02,-2.187474630773067474e-02,-2.429641224443912506e-02,-2.612934634089469910e-02,-2.565641887485980988e-02,-2.374049276113510132e-02,-2.006597816944122314e-02,-1.520602777600288391e-02,-8.334707468748092651e-03,-2.679279714357107878e-04,7.604561280459165573e-03,1.574404351413249969e-02,2.246532030403614044e-02,2.842526324093341827e-02,3.403436392545700073e-02,3.779915347695350647e-02,3.900101035833358765e-02,3.951661661267280579e-02,3.690910711884498596e-02,3.437852114439010620e-02,2.796478196978569031e-02,2.191297896206378937e-02,1.350366976112127304e-02,6.064379122108221054e-03,-1.554135582409799099e-03,-7.944662123918533325e-03,-1.401671487838029861e-02,-1.900720223784446716e-02,-2.169845253229141235e-02,-2.350865490734577179e-02,-2.295934967696666718e-02,-2.151163853704929352e-02,-1.767304912209510803e-02,-1.344850566238164902e-02,-9.045009501278400421e-03,-4.275773186236619949e-03,-6.422436563298106194e-04,2.976959804072976112e-03,5.010080058127641678e-03,6.586729083210229874e-03,6.841428112238645554e-03,6.083280313760042191e-03,4.935375880450010300e-03,2.935482887551188469e-03,-1.481962506659328938e-03
1.113964171963743865e-04,2.340368228033185005e-03,4.030212759971618652e-03,4.208617378026247025e-03,6.220690906047821045e-03,7.538721431046724319e-03,9.117057546973228455e-03,1.019634585827589035e-02,1.083309669047594070e-02,1.105665788054466248e-02,1.049200259149074554e-02,9.634959511458873749e-03,7.773848716169595718e-03,6.271988619118928909e-03,3.851394169032573700e-03,1.440298859961330891e-03,-9.622471407055854797e-04,-4.555619787424802780e-03,-6.981599610298871994e-03,-1.053488906472921371e-02,-1.173264998942613602e-02,-1.347957458347082138e-02,-1.366800814867019653e-02,-1.453518122434616089e-02,-1.282919663935899734e-02,-1.129093579947948456e-02,-7.839621044695377350e-03,-4.493994638323783875e-03,-1.128163930843584239e-04,3.057686612010002136e-03,6.443318910896778107e-03,9.786198846995830536e-03,1.327246893197298050e-02,1.655398309230804443e-02,1.904117502272129059e-02,2.039956115186214447e-02,1.981924846768379211e-02,1.964391395449638367e-02,1.675204746425151825e-02,1.431664545089006424e-02,1.055891066789627075e-02,6.718797143548727036e-03,2.691370202228426933e-03,-1.834741909988224506e-03,-4.570304416120052338e-03,-7.615575566887855530e-03,-9.633581154048442841e-03,-1.148472912609577179e-02,-1.186582911759614944e-02,-1.197844464331865311e-02,-1.050233747810125351e-02,-9.092318825423717499e-03,-6.526042707264423370e-03,-4.534874111413955688e-03,-2.299829153344035149e-03,-1.215746960951946676e-04,1.348002580925822258e-03,2.350497758015990257e-03,2.905357629060745239e-03,3.001471981406211853e-03,2.482466632500290871e-03,2.238995861262083054e-03,1.302710850723087788e-03,-6.432075169868767262e-04
2.183306787628680468e-04,2.601714222691953182e-04,3.813055809587240219e-04,-1.119129592552781105e-03,-4.960719961673021317e-04,-5.542685976251959801e-04,-1.253245718544349074e-04,1.151787728304043412e-04,2.173127868445590138e-04,4.259341221768409014e-04,5.189024377614259720e-04,6.004580645821988583e-04,8.612232632003724575e-04,9.797905804589390755e-04,8.082068525254726410e-04,5.973476800136268139e-04,2.938821562565863132e-04,8.004109258763492107e-05,-6.279881345108151436e-04,-5.903316778130829334e-04,-1.614658045582473278e-03,-1.865164667833596468e-04,-9.870217181742191315e-04,-9.938130096998065710e-05,-1.176495337858796120e-03,-5.711090634576976299e-04,-5.903447163291275501e-04,-1.029880513669922948e-04,-3.524599596858024597e-04,-7.712822844041511416e-05,4.977866192348301411e-04,-8.797399641480296850e-05,-5.394822219386696815e-04,2.079813421005383134e-04,-4.238611145410686731e-04,2.137364208465442061e-04,1.630322803976014256e-04,5.219415761530399323e-04,2.767893893178552389e-04,4.198978422209620476e-04,4.535096813924610615e-04,6.867503980174660683e-04,4.305558395572006702e-04,-9.734930063132196665e-05,-8.744783117435872555e-04,2.515617525205016136e-04,-4.001200140919536352e-04,5.642849137075245380e-04,-3.173358854837715626e-04,1.374074345221742988e-04,2.799986941681709141e-05,1.858775503933429718e-04,-8.613597310613840818e-05,-2.525644667912274599e-04,5.096224485896527767e-04,3.696226340252906084e-04,7.243428844958543777e-04,-1.970005832845345140e-04,-2.150853542843833566e-04,-5.115166641189716756e-05,7.030546112218871713e-05,5.449389573186635971e-04,6.185414968058466911e-04,1.094379695132374763e-03
