1.680089975707232952e-03,8.741298224776983261e-04,6.196033209562301636e-04,-8.919460233300924301e-04,-5.639112787321209908e-04,8.245084609370678663e-05,1.283344026887789369e-04,-2.615741686895489693e-04,5.715774750569835305e-05,3.407134790904819965e-04,5.569347413256764412e-04,7.120919181033968925e-04,7.294766837731003761e-04,1.885221136035397649e-04,4.110696027055382729e-04,-2.840974193532019854e-04,1.053759988280944526e-04,2.202830219175666571e-04,4.087632987648248672e-04,5.079511902295053005e-04,1.494975094828987494e-05,3.271165769547224045e-04,-5.676656146533787251e-04,2.643821935635060072e-04,-1.506352418800815940e-04,-2.209713129559531808e-04,-7.149696466512978077e-04,5.203460750635713339e-05,5.864062695764005184e-04,6.905655027367174625e-04,-6.078122532926499844e-04,-3.687847638502717018e-04,-5.280165350995957851e-04,7.328488864004611969e-04,6.368486792780458927e-04,6.768314633518457413e-04,1.026030047796666622e-03,1.106111332774162292e-03,1.173446886241436005e-03,6.602287758141756058e-04,1.128888456150889397e-03,5.869344458915293217e-04,7.844946812838315964e-04,1.658371329540386796e-04,1.719427236821502447e-04,-4.360986713436432183e-05,-2.544518501963466406e-04,-1.032534055411815643e-04,-5.931447594775818288e-05,-6.442833109758794308e-04,-4.689443157985806465e-04,-1.222177961608394980e-04,-4.155382630415260792e-04,-3.014539543073624372e-04,-5.216939025558531284e-04,-7.970756269060075283e-04,-8.724837680347263813e-04,2.950119669549167156e-04,1.651842758292332292e-04,1.530126901343464851e-04,-5.855119088664650917e-04,-1.267973217181861401e-03,-1.935418345965445042e-03,-6.105167558416724205e-04
1.140487729571759701e-03,-2.244980772957205772e-03,-5.172003526240587234e-03,-7.133457344025373459e-03,-8.323355577886104584e-03,-8.922575972974300385e-03,-9.088355116546154022e-03,-8.795898407697677612e-03,-8.313190191984176636e-03,-8.243575692176818848e-03,-7.320276927202939987e-03,-6.936093792319297791e-03,-6.671044044196605682e-03,-6.698477547615766525e-03,-6.831191945821046829e-03,-7.554262876510620117e-03,-8.918625302612781525e-03,-1.020957902073860168e-02,-1.230711489915847778e-02,-1.481731887906789780e-02,-1.696520671248435974e-02,-1.911431178450584412e-02,-2.260506898164749146e-02,-2.427298761904239655e-02,-2.580327540636062622e-02,-2.578058466315269470e-02,-2.582624554634094238e-02,-2.308421209454536438e-02,-2.076614834368228912e-02,-1.789913885295391083e-02,-1.483717933297157288e-02,-1.042049936950206757e-02,-5.515872500836849213e-03,-1.369881065329536796e-04,3.643505275249481201e-03,8.229151368141174316e-03,1.189059112221002579e-02,1.496133580803871155e-02,1.736486703157424927e-02,1.837822236120700836e-02,1.981645822525024414e-02,2.010303921997547150e-02,2.047164179384708405e-02,1.970295235514640808e-02,1.936375908553600311e-02,1.887068152427673340e-02,1.889713294804096222e-02,1.837340556085109711e-02,1.936232298612594604e-02,1.958683133125305176e-02,2.033856697380542755e-02,2.133204787969589233e-02,2.208640612661838531e-02,2.288214117288589478e-02,2.346020936965942383e-02,2.432821318507194519e-02,2.328476496040821075e-02,2.203525975346565247e-02,1.937002874910831451e-02,1.623881049454212189e-02,1.280018035322427750e-02,8.640238083899021149e-03,3.896070644259452820e-03,-1.556395087391138077e-03
9.021076257340610027e-04,-4.738829098641872406e-03,-1.008100062608718872e-02,-1.399024575948715210e-02,-1.701289229094982147e-02,-1.901961863040924072e-02,-1.931725069880485535e-02,-1.956705935299396515e-02,-1.827547140419483185e-02,-1.772774569690227509e-02,-1.593336835503578186e-02,-1.487024314701557159e-02,-1.350955385714769363e-02,-1.350907050073146820e-02,-1.328494399785995483e-02,-1.479165814816951752e-02,-1.716143637895584106e-02,-2.061270549893379211e-02,-2.459310367703437805e-02,-2.880167774856090546e-02,-3.376849368214607239e-02,-3.840836137533187866e-02,-4.313850775361061096e-02,-4.665128141641616821e-02,-4.903578013181686401e-02,-5.031629279255867004e-02,-4.943010583519935608e-02,-4.700844362378120422e-02,-4.145953431725502014e-02,-3.489948809146881104e-02,-2.793532423675060272e-02,-1.929629407823085785e-02,-1.006192713975906372e-02,-6.463751196861267090e-04,7.432107813656330109e-03,1.580291427671909332e-02,2.350781671702861786e-02,2.910440601408481598e-02,3.390923142433166504e-02,3.622958436608314514e-02,3.857847675681114197e-02,3.907773643732070923e-02,3.943494707345962524e-02,3.846224024891853333e-02,3.783353790640830994e-02,3.708551824092864990e-02,3.675915673375129700e-02,3.693235665559768677e-02,3.766479343175888062e-02,3.863383829593658447e-02,4.013347998261451721e-02,4.218925908207893372e-02,4.405229911208152771e-02,4.598405212163925171e-02,4.673926532268524170e-02,4.719827696681022644e-02,4.587602615356445312e-02,4.331322759389877319e-02,3.879207000136375427e-02,3.318593278527259827e-02,2.636304125189781189e-02,1.831643655896186829e-02,9.303532540798187256e-03,-2.491109771654009819e-04
5.815355689264833927e-04,-7.280746940523386002e-03,-1.504893135279417038e-02,-2.088505774736404419e-02,-2.585458569228649139e-02,-2.955228835344314575e-02,-3.055824898183345795e-02,-3.120183013379573822e-02,-2.962139807641506195e-02,-2.803150936961174011e-02,-2.516362629830837250e-02,-2.375829219818115234e-02,-2.162059396505355835e-02,-2.152781188488006592e-02,-2.137475274503231049e-02,-2.292318269610404968e-02,-2.584380842745304108e-02,-3.102059848606586456e-02,-3.621313720941543579e-02,-4.256280511617660522e-02,-5.012984573841094971e-02,-5.744260177016258240e-02,-6.389749795198440552e-02,-6.907964497804641724e-02,-7.165117561817169189e-02,-7.299461960792541504e-02,-7.121571898460388184e-02,-6.677506119012832642e-02,-5.998064577579498291e-02,-5.037712678313255310e-02,-3.966814652085304260e-02,-2.701025456190109253e-02,-1.428148802369832993e-02,-2.882358094211667776e-04,1.215767860412597656e-02,2.451811917126178741e-02,3.520297631621360779e-02,4.345093667507171631e-02,4.980871081352233887e-02,5.400087684392929077e-02,5.662031844258308411e-02,5.754540860652923584e-02,5.755613371729850769e-02,5.632365122437477112e-02,5.528860911726951599e-02,5.441252142190933228e-02,5.409457534551620483e-02,5.388419702649116516e-02,5.505983158946037292e-02,5.652298405766487122e-02,5.928411707282066345e-02,6.196223571896553040e-02,6.481076031923294067e-02,6.768745183944702148e-02,6.920249015092849731e-02,6.968416273593902588e-02,6.736183911561965942e-02,6.316817551851272583e-02,5.680238083004951477e-02,4.876146093010902405e-02,3.850688412785530090e-02,2.704337425529956818e-02,1.329835224896669388e-02,-1.173035940155386925e-03
1.345933651464292780e-05,-1.046876423060894012e-02,-2.008080855011940002e-02,-2.788197807967662811e-02,-3.504164516925811768e-02,-4.073599353432655334e-02,-4.329433292150497437e-02,-4.431617259979248047e-02,-4.263276979327201843e-02,-3.910056874155998230e-02,-3.574512526392936707e-02,-3.324139118194580078e-02,-3.057258576154708862e-02,-2.962804771959781647e-02,-2.915109507739543915e-02,-3.053940087556838989e-02,-3.483908623456954956e-02,-4.064151272177696228e-02,-4.746492952108383179e-02,-5.547876656055450439e-02,-6.451971083879470825e-02,-7.346002012491226196e-02,-8.101543784141540527e-02,-8.773899823427200317e-02,-9.155119210481643677e-02,-9.233138710260391235e-02,-8.957753330469131470e-02,-8.431857824325561523e-02,-7.548099756240844727e-02,-6.355450302362442017e-02,-4.901955649256706238e-02,-3.256883472204208374e-02,-1.571475341916084290e-02,1.738448510877788067e-03,1.785177737474441528e-02,3.319405764341354370e-02,4.666059836745262146e-02,5.741655454039573669e-02,6.560988724231719971e-02,7.042324542999267578e-02,7.347381860017776489e-02,7.414731383323669434e-02,7.384249567985534668e-02,7.234296202659606934e-02,7.051857560873031616e-02,6.928765773773193359e-02,6.874883174896240234e-02,6.886176019906997681e-02,7.005751878023147583e-02,7.255502045154571533e-02,7.602322846651077271e-02,7.962313294410705566e-02,8.342012763023376465e-02,8.688493072986602783e-02,8.825606107711791992e-02,8.896804600954055786e-02,8.604405820369720459e-02,8.116142451763153076e-02,7.321342080831527710e-02,6.264319270849227905e-02,5.003464221954345703e-02,3.457141667604446411e-02,1.754890941083431244e-02,-4.466744430828839540e-04
-2.311747957719489932e-04,-1.270789746195077896e-02,-2.468948811292648315e-02,-3.566389158368110657e-02,-4.451693966984748840e-02,-5.065352842211723328e-02,-5.542394146323204041e-02,-5.728895962238311768e-02,-5.588191002607345581e-02,-5.290193483233451843e-02,-4.829352721571922302e-02,-4.476291313767433167e-02,-4.063488170504570007e-02,-3.904933854937553406e-02,-3.867629542946815491e-02,-3.955772519111633301e-02,-4.375746101140975952e-02,-5.046692490577697754e-02,-5.832771956920623779e-02,-6.805346161127090454e-02,-7.814086228609085083e-02,-8.816631883382797241e-02,-9.728959202766418457e-02,-1.040437072515487671e-01,-1.084922403097152710e-01,-1.094915568828582764e-01,-1.065955609083175659e-01,-9.936913847923278809e-02,-8.859445154666900635e-02,-7.377960532903671265e-02,-5.641642957925796509e-02,-3.684713691473007202e-02,-1.639068871736526489e-02,4.632953088730573654e-03,2.466199174523353577e-02,4.242708906531333923e-02,5.841819569468498230e-02,7.049958407878875732e-02,7.957594841718673706e-02,8.590412139892578125e-02,8.866005390882492065e-02,8.913065493106842041e-02,8.781364560127258301e-02,8.592262119054794312e-02,8.316157013177871704e-02,8.119275420904159546e-02,7.998920977115631104e-02,7.978323101997375488e-02,8.157888054847717285e-02,8.441513776779174805e-02,8.895083516836166382e-02,9.321158379316329956e-02,9.819667041301727295e-02,1.022308096289634705e-01,1.049207597970962524e-01,1.055928543210029602e-01,1.027491092681884766e-01,9.684001654386520386e-02,8.781613409519195557e-02,7.516091316938400269e-02,5.922926217317581177e-02,4.120646789669990540e-02,2.121580764651298523e-02,7.191512850113213062e-04
-1.111703575588762760e-03,-1.581040397286415100e-02,-3.084675222635269165e-02,-4.323533922433853149e-02,-5.441582202911376953e-02,-6.300503015518188477e-02,-6.792366504669189453e-02,-7.055044174194335938e-02,-6.962356716394424438e-02,-6.674651056528091431e-02,-6.218248605728149414e-02,-5.689379572868347168e-02,-5.180651694536209106e-02,-4.964197054505348206e-02,-4.787807911634445190e-02,-4.894364625215530396e-02,-5.324415490031242371e-02,-5.972760543227195740e-02,-6.836152821779251099e-02,-7.823424786329269409e-02,-8.966813981533050537e-02,-1.002394258975982666e-01,-1.098914593458175659e-01,-1.175142601132392883e-01,-1.217431947588920593e-01,-1.219838932156562805e-01,-1.181039363145828247e-01,-1.093369722366333008e-01,-9.660393744707107544e-02,-8.042787015438079834e-02,-5.982885137200355530e-02,-3.817243501543998718e-02,-1.412798557430505753e-02,9.281627833843231201e-03,3.179543837904930115e-02,5.185121297836303711e-02,6.981009244918823242e-02,8.295062929391860962e-02,9.331860393285751343e-02,9.954360127449035645e-02,1.022989675402641296e-01,1.018762737512588501e-01,1.003097370266914368e-01,9.714416414499282837e-02,9.326384216547012329e-02,9.045875072479248047e-02,8.849196135997772217e-02,8.829472213983535767e-02,8.978686481714248657e-02,9.337417781352996826e-02,9.833606332540512085e-02,1.035815924406051636e-01,1.095123514533042908e-01,1.149168312549591064e-01,1.173903420567512512e-01,1.184683293104171753e-01,1.161016672849655151e-01,1.095011010766029358e-01,9.931024909019470215e-02,8.502005785703659058e-02,6.765394657850265503e-02,4.694298282265663147e-02,2.429031021893024445e-02,1.478153280913829803e-04
-8.927490562200546265e-04,-1.883775927126407623e-02,-3.651167079806327820e-02,-5.255597084760665894e-02,-6.544431298971176147e-02,-7.556393742561340332e-02,-8.194363862276077271e-02,-8.479441702365875244e-02,-8.425121009349822998e-02,-8.181639760732650757e-02,-7.656757533550262451e-02,-7.103551179170608521e-02,-6.464982777833938599e-02,-6.120353937149047852e-02,-5.848041176795959473e-02,-5.916116014122962952e-02,-6.235627457499504089e-02,-6.843993067741394043e-02,-7.696794718503952026e-02,-8.722411096096038818e-02,-9.805404394865036011e-02,-1.093287765979766846e-01,-1.197574660181999207e-01,-1.266413629055023193e-01,-1.307469308376312256e-01,-1.310540586709976196e-01,-1.264269202947616577e-01,-1.166512072086334229e-01,-1.014347299933433533e-01,-8.310094475746154785e-02,-6.067361310124397278e-02,-3.654652833938598633e-02,-9.958581998944282532e-03,1.607772894203662872e-02,4.030319675803184509e-02,6.200694292783737183e-02,8.079191297292709351e-02,9.509370476007461548e-02,1.049727946519851685e-01,1.110812574625015259e-01,1.128084436058998108e-01,1.123283654451370239e-01,1.091307923197746277e-01,1.051922291517257690e-01,1.003745421767234802e-01,9.681095182895660400e-02,9.413788467645645142e-02,9.362304210662841797e-02,9.507159143686294556e-02,9.840909391641616821e-02,1.043291240930557251e-01,1.106834635138511658e-01,1.173548921942710876e-01,1.230112165212631226e-01,1.271388530731201172e-01,1.289504170417785645e-01,1.268328875303268433e-01,1.194590181112289429e-01,1.087429076433181763e-01,9.224434196949005127e-02,7.317041605710983276e-02,5.107448622584342957e-02,2.626952528953552246e-02,4.190536856185644865e-04
-5.869547021575272083e-04,-2.241996675729751587e-02,-4.323316738009452820e-02,-6.091911718249320984e-02,-7.612916827201843262e-02,-8.896970003843307495e-02,-9.616480767726898193e-02,-1.000608280301094055e-01,-9.921003878116607666e-02,-9.628093242645263672e-02,-9.133261442184448242e-02,-8.481394499540328979e-02,-7.822817564010620117e-02,-7.256999611854553223e-02,-6.914355605840682983e-02,-6.856772303581237793e-02,-7.130908966064453125e-02,-7.643724977970123291e-02,-8.452823758125305176e-02,-9.332651644945144653e-02,-1.044177711009979248e-01,-1.154898628592491150e-01,-1.251654475927352905e-01,-1.324855387210845947e-01,-1.359678208827972412e-01,-1.358126401901245117e-01,-1.297965049743652344e-01,-1.187424734234809875e-01,-1.029404774308204651e-01,-8.220125734806060791e-02,-5.873531475663185120e-02,-3.197425976395606995e-02,-3.858540439978241920e-03,2.296869456768035889e-02,4.888650402426719666e-02,7.174926996231079102e-02,9.097937494516372681e-02,1.053310558199882507e-01,1.154727637767791748e-01,1.207726001739501953e-01,1.219369471073150635e-01,1.197979226708412170e-01,1.158241257071495056e-01,1.104257926344871521e-01,1.043453365564346313e-01,9.980724751949310303e-02,9.629005193710327148e-02,9.528347104787826538e-02,9.640405327081680298e-02,1.003476083278656006e-01,1.067008376121520996e-01,1.134238243103027344e-01,1.208709925413131714e-01,1.280315667390823364e-01,1.329526752233505249e-01,1.353042870759963989e-01,1.331839412450790405e-01,1.262151002883911133e-01,1.148536875844001770e-01,9.865155816078186035e-02,7.836443930864334106e-02,5.416429415345191956e-02,2.834914810955524445e-02,4.110739100724458694e-04
-4.346489440649747849e-04,-2.453097328543663025e-02,-4.758780822157859802e-02,-6.953331083059310913e-02,-8.681607246398925781e-02,-1.017282158136367798e-01,-1.107692345976829529e-01,-1.150850057601928711e-01,-1.139406040310859680e-01,-1.108159273862838745e-01,-1.046967804431915283e-01,-9.845210611820220947e-02,-9.052428603172302246e-02,-8.402375876903533936e-02,-7.891853898763656616e-02,-7.693229615688323975e-02,-7.839173823595046997e-02,-8.274964988231658936e-02,-8.988373726606369019e-02,-9.881580621004104614e-02,-1.082599908113479614e-01,-1.197274476289749146e-01,-1.286567449569702148e-01,-1.349811404943466187e-01,-1.380468606948852539e-01,-1.367899477481842041e-01,-1.304362118244171143e-01,-1.176069155335426331e-01,-1.013147979974746704e-01,-7.810822874307632446e-02,-5.412871763110160828e-02,-2.522235922515392303e-02,3.402920905500650406e-03,3.125254437327384949e-02,5.808645114302635193e-02,8.109338581562042236e-02,9.980902075767517090e-02,1.142222732305526733e-01,1.233896985650062561e-01,1.282645761966705322e-01,1.279520392417907715e-01,1.248522177338600159e-01,1.192657202482223511e-01,1.125104948878288269e-01,1.053417548537254333e-01,9.967204183340072632e-02,9.544033557176589966e-02,9.400831162929534912e-02,9.501418471336364746e-02,9.915784001350402832e-02,1.049989312887191772e-01,1.127354204654693604e-01,1.209865957498550415e-01,1.286545246839523315e-01,1.344161927700042725e-01,1.374321877956390381e-01,1.359710097312927246e-01,1.291563808917999268e-01,1.182285174727439880e-01,1.008852794766426086e-01,8.000334352254867554e-02,5.561483651399612427e-02,2.870758622884750366e-02,6.800786359235644341e-04
3.307059523649513721e-04,-2.682251110672950745e-02,-5.312246456742286682e-02,-7.639222592115402222e-02,-9.648462384939193726e-02,-1.131942197680473328e-01,-1.227283999323844910e-01,-1.281694769859313965e-01,-1.273964792490005493e-01,-1.244016066193580627e-01,-1.174498572945594788e-01,-1.099055632948875427e-01,-1.016632616519927979e-01,-9.365601837635040283e-02,-8.736145496368408203e-02,-8.418779075145721436e-02,-8.464941382408142090e-02,-8.770000189542770386e-02,-9.387382864952087402e-02,-1.010181829333305359e-01,-1.105578988790512085e-01,-1.201418638229370117e-01,-1.291884332895278931e-01,-1.347119957208633423e-01,-1.373162567615509033e-01,-1.347787082195281982e-01,-1.271283477544784546e-01,-1.146974042057991028e-01,-9.683644771575927734e-02,-7.317206263542175293e-02,-4.802402853965759277e-02,-1.837021671235561371e-02,1.119962800294160843e-02,3.876755014061927795e-02,6.624759733676910400e-02,8.877909928560256958e-02,1.073940917849540710e-01,1.205699294805526733e-01,1.294052600860595703e-01,1.330155730247497559e-01,1.317970603704452515e-01,1.269085258245468140e-01,1.201610714197158813e-01,1.114242747426033020e-01,1.030218973755836487e-01,9.640774875879287720e-02,9.158242493867874146e-02,8.957149833440780640e-02,9.038563072681427002e-02,9.412229061126708984e-02,1.008782908320426941e-01,1.085185706615447998e-01,1.175659671425819397e-01,1.263408511877059937e-01,1.325900703668594360e-01,1.361551880836486816e-01,1.351681649684906006e-01,1.290978491306304932e-01,1.182667165994644165e-01,1.019728556275367737e-01,8.107618242502212524e-02,5.618596449494361877e-02,2.892262302339076996e-02,5.789546412415802479e-04
5.240944446995854378e-04,-2.929995954036712646e-02,-5.626883357763290405e-02,-8.211512863636016846e-02,-1.043919622898101807e-01,-1.220464929938316345e-01,-1.335794776678085327e-01,-1.399823278188705444e-01,-1.393126547336578369e-01,-1.353849172592163086e-01,-1.273226290941238403e-01,-1.194566562771797180e-01,-1.101406887173652649e-01,-1.014742627739906311e-01,-9.387690573930740356e-02,-8.931337296962738037e-02,-8.818524330854415894e-02,-8.984531462192535400e-02,-9.494549036026000977e-02,-1.017872840166091919e-01,-1.094440743327140808e-01,-1.187488064169883728e-01,-1.263809651136398315e-01,-1.310243457555770874e-01,-1.326097697019577026e-01,-1.296741068363189697e-01,-1.213864386081695557e-01,-1.084055230021476746e-01,-8.863224089145660400e-02,-6.638830155134201050e-02,-4.029418155550956726e-02,-1.017770171165466309e-02,1.850373856723308563e-02,4.663776233792304993e-02,7.350944727659225464e-02,9.546969085931777954e-02,1.133514717221260071e-01,1.253811120986938477e-01,1.327584236860275269e-01,1.350883245468139648e-01,1.322693526744842529e-01,1.261943280696868896e-01,1.175611019134521484e-01,1.078136339783668518e-01,9.835219383239746094e-02,9.047187119722366333e-02,8.500272035598754883e-02,8.225403726100921631e-02,8.245357125997543335e-02,8.661433309316635132e-02,9.318877011537551880e-02,1.020356118679046631e-01,1.111461669206619263e-01,1.207586303353309631e-01,1.280928552150726318e-01,1.325500756502151489e-01,1.321261972188949585e-01,1.271417737007141113e-01,1.169757395982742310e-01,1.004187911748886108e-01,7.990415394306182861e-02,5.551539361476898193e-02,2.871121652424335480e-02,4.641848499886691570e-04
1.025937730446457863e-03,-2.958592027425765991e-02,-6.026417389512062073e-02,-8.618312329053878784e-02,-1.094448640942573547e-01,-1.289175748825073242e-01,-1.400533914566040039e-01,-1.465316414833068848e-01,-1.468514949083328247e-01,-1.428127735853195190e-01,-1.350551247596740723e-01,-1.258434355258941650e-01,-1.157907247543334961e-01,-1.059574559330940247e-01,-9.768395125865936279e-02,-9.153541177511215210e-02,-8.931291848421096802e-02,-8.977758884429931641e-02,-9.394071251153945923e-02,-9.949751198291778564e-02,-1.063356101512908936e-01,-1.137728616595268250e-01,-1.204844936728477478e-01,-1.246867701411247253e-01,-1.257139891386032104e-01,-1.219104453921318054e-01,-1.136995330452919006e-01,-9.983289241790771484e-02,-8.053205162286758423e-02,-5.850481614470481873e-02,-3.125272691249847412e-02,-2.838473534211516380e-03,2.574809640645980835e-02,5.366650968790054321e-02,7.934712618589401245e-02,1.001683101058006287e-01,1.165902838110923767e-01,1.275296360254287720e-01,1.337145268917083740e-01,1.342079788446426392e-01,1.306070685386657715e-01,1.229755207896232605e-01,1.130968406796455383e-01,1.022832766175270081e-01,9.165464341640472412e-02,8.274172246456146240e-02,7.600419223308563232e-02,7.331662625074386597e-02,7.369790971279144287e-02,7.732249796390533447e-02,8.454503118991851807e-02,9.314979612827301025e-02,1.029125377535820007e-01,1.127694919705390930e-01,1.206917017698287964e-01,1.262820810079574585e-01,1.270179748535156250e-01,1.223408356308937073e-01,1.131999492645263672e-01,9.733299911022186279e-02,7.797998934984207153e-02,5.409054458141326904e-02,2.790311910212039948e-02,2.777619520202279091e-04
5.268736858852207661e-04,-3.013426065444946289e-02,-6.020072475075721741e-02,-8.827680349349975586e-02,-1.124307289719581604e-01,-1.315846294164657593e-01,-1.436605453491210938e-01,-1.506472378969192505e-01,-1.509400308132171631e-01,-1.473481506109237671e-01,-1.389253437519073486e-01,-1.298501640558242798e-01,-1.184071972966194153e-01,-1.078316345810890198e-01,-9.798197448253631592e-02,-9.122365713119506836e-02,-8.727484941482543945e-02,-8.668399602174758911e-02,-8.953250944614410400e-02,-9.459070861339569092e-02,-1.004109680652618408e-01,-1.072799563407897949e-01,-1.126078069210052490e-01,-1.158155500888824463e-01,-1.165881752967834473e-01,-1.127945184707641602e-01,-1.036050990223884583e-01,-8.974426984786987305e-02,-7.104324549436569214e-02,-4.915653914213180542e-02,-2.327056415379047394e-02,4.035369027405977249e-03,3.140570968389511108e-02,5.831742286682128906e-02,8.235202729701995850e-02,1.022241190075874329e-01,1.172912865877151489e-01,1.271265596151351929e-01,1.313919275999069214e-01,1.309781223535537720e-01,1.259255856275558472e-01,1.172860488295555115e-01,1.061866804957389832e-01,9.457293152809143066e-02,8.301995694637298584e-02,7.321010529994964600e-02,6.620527803897857666e-02,6.265436857938766479e-02,6.313370913267135620e-02,6.697834283113479614e-02,7.342325150966644287e-02,8.298116177320480347e-02,9.253739565610885620e-02,1.028217598795890808e-01,1.113262102007865906e-01,1.175434738397598267e-01,1.191649883985519409e-01,1.156783327460289001e-01,1.074864715337753296e-01,9.281165152788162231e-02,7.404053211212158203e-02,5.139852315187454224e-02,2.641778998076915741e-02,4.007546813227236271e-04
1.306832651607692242e-03,-2.836349606513977051e-02,-6.017863005399703979e-02,-8.804152905941009521e-02,-1.112595424056053162e-01,-1.307588666677474976e-01,-1.420808434486389160e-01,-1.492035835981369019e-01,-1.496447026729583740e-01,-1.456836014986038208e-01,-1.375287175178527832e-01,-1.281719654798507690e-01,-1.159231066703796387e-01,-1.044028103351593018e-01,-9.431838989257812500e-02,-8.703909814357757568e-02,-8.255039155483245850e-02,-8.112972974777221680e-02,-8.279190957546234131e-02,-8.695383369922637939e-02,-9.240050613880157471e-02,-9.815453737974166870e-02,-1.028973162174224854e-01,-1.057756543159484863e-01,-1.060518920421600342e-01,-1.021078974008560181e-01,-9.325358271598815918e-02,-7.995367795228958130e-02,-6.223313137888908386e-02,-4.080906882882118225e-02,-1.616696827113628387e-02,9.403042495250701904e-03,3.590117394924163818e-02,6.107415258884429932e-02,8.356164395809173584e-02,1.014574021100997925e-01,1.150388643145561218e-01,1.231217086315155029e-01,1.265885680913925171e-01,1.246536225080490112e-01,1.186753362417221069e-01,1.089586019515991211e-01,9.720306843519210815e-02,8.476873487234115601e-02,7.263670116662979126e-02,6.234790384769439697e-02,5.517264455556869507e-02,5.145825818181037903e-02,5.160386487841606140e-02,5.523941293358802795e-02,6.207998469471931458e-02,7.139322161674499512e-02,8.155682682991027832e-02,9.195496886968612671e-02,1.002402901649475098e-01,1.072617545723915100e-01,1.092575192451477051e-01,1.067947670817375183e-01,9.951042383909225464e-02,8.643621206283569336e-02,6.920067220926284790e-02,4.834174737334251404e-02,2.469069138169288635e-02,6.523880438180640340e-05
8.382258238270878792e-04,-2.875605225563049316e-02,-5.850994214415550232e-02,-8.476587384939193726e-02,-1.077466830611228943e-01,-1.248175054788589478e-01,-1.368134319782257080e-01,-1.429196447134017944e-01,-1.437668204307556152e-01,-1.391227096319198608e-01,-1.312769949436187744e-01,-1.210987344384193420e-01,-1.090452447533607483e-01,-9.769007563591003418e-02,-8.762951195240020752e-02,-7.972858846187591553e-02,-7.438267767429351807e-02,-7.237405329942703247e-02,-7.331699877977371216e-02,-7.704061269760131836e-02,-8.191139250993728638e-02,-8.737490326166152954e-02,-9.191285818815231323e-02,-9.483874589204788208e-02,-9.512597322463989258e-02,-9.120276570320129395e-02,-8.226861059665679932e-02,-7.033112645149230957e-02,-5.350125581026077271e-02,-3.368791937828063965e-02,-1.097116153687238693e-02,1.289081573486328125e-02,3.773316368460655212e-02,6.067275628447532654e-02,8.116172254085540771e-02,9.794910252094268799e-02,1.099003329873085022e-01,1.166340559720993042e-01,1.186059713363647461e-01,1.157669201493263245e-01,1.091615632176399231e-01,9.856749325990676880e-02,8.638460934162139893e-02,7.321882247924804688e-02,6.066506356000900269e-02,5.039637908339500427e-02,4.314074665307998657e-02,3.939986228942871094e-02,3.956242650747299194e-02,4.315882176160812378e-02,4.995873942971229553e-02,5.963654071092605591e-02,6.924987584352493286e-02,8.013597875833511353e-02,8.869094401597976685e-02,9.579706937074661255e-02,9.870420396327972412e-02,9.706204384565353394e-02,9.109238535165786743e-02,7.947894185781478882e-02,6.359715014696121216e-02,4.454821720719337463e-02,2.294165082275867462e-02,3.911051026079803705e-04
8.549491758458316326e-04,-2.739697135984897614e-02,-5.554506927728652954e-02,-7.981428503990173340e-02,-1.005410254001617432e-01,-1.168928369879722595e-01,-1.270261853933334351e-01,-1.324338167905807495e-01,-1.321385055780410767e-01,-1.273231953382492065e-01,-1.200500875711441040e-01,-1.087901815772056580e-01,-9.718681126832962036e-02,-8.650993555784225464e-02,-7.635161280632019043e-02,-6.851994991302490234e-02,-6.341750174760818481e-02,-6.116417795419692993e-02,-6.190465018153190613e-02,-6.487391889095306396e-02,-6.961532682180404663e-02,-7.502751052379608154e-02,-7.937607169151306152e-02,-8.253945410251617432e-02,-8.289342373609542847e-02,-7.967637479305267334e-02,-7.198055088520050049e-02,-6.120437756180763245e-02,-4.593633115291595459e-02,-2.779875136911869049e-02,-6.925248540937900543e-03,1.461062394082546234e-02,3.761295229196548462e-02,5.795798078179359436e-02,7.689465582370758057e-02,9.132209420204162598e-02,1.017199754714965820e-01,1.071385145187377930e-01,1.081469431519508362e-01,1.045001670718193054e-01,9.718340635299682617e-02,8.659546077251434326e-02,7.402452081441879272e-02,6.088329106569290161e-02,4.850144684314727783e-02,3.854806348681449890e-02,3.117895126342773438e-02,2.750350907444953918e-02,2.763697877526283264e-02,3.141850233078002930e-02,3.802599385380744934e-02,4.699721187353134155e-02,5.719996616244316101e-02,6.773611158132553101e-02,7.655354589223861694e-02,8.417095988988876343e-02,8.776818960905075073e-02,8.685030043125152588e-02,8.175927400588989258e-02,7.155851274728775024e-02,5.762657523155212402e-02,4.020372778177261353e-02,2.061312645673751831e-02,-7.883315265644341707e-05
7.088871207088232040e-04,-2.499633468687534332e-02,-5.054672062397003174e-02,-7.167898118495941162e-02,-9.051460027694702148e-02,-1.040910482406616211e-01,-1.133349090814590454e-01,-1.165217906236648560e-01,-1.162323504686355591e-01,-1.113205850124359131e-01,-1.031175926327705383e-01,-9.264026582241058350e-02,-8.179528266191482544e-02,-7.130979001522064209e-02,-6.168010830879211426e-02,-5.446340516209602356e-02,-4.918885603547096252e-02,-4.765497520565986633e-02,-4.810854047536849976e-02,-5.132841318845748901e-02,-5.583372339606285095e-02,-6.120691075921058655e-02,-6.577551364898681641e-02,-6.939665973186492920e-02,-7.075724750757217407e-02,-6.816592067480087280e-02,-6.203983724117279053e-02,-5.258484184741973877e-02,-3.938227146863937378e-02,-2.355018816888332367e-02,-5.492663476616144180e-03,1.400219369679689407e-02,3.384586051106452942e-02,5.219021439552307129e-02,6.855793297290802002e-02,8.169486373662948608e-02,9.059578925371170044e-02,9.492261707782745361e-02,9.530197829008102417e-02,9.082327783107757568e-02,8.323604613542556763e-02,7.314378768205642700e-02,6.079880893230438232e-02,4.791264235973358154e-02,3.615150600671768188e-02,2.658440731465816498e-02,1.939502172172069550e-02,1.590513996779918671e-02,1.632730476558208466e-02,1.974587142467498779e-02,2.591105923056602478e-02,3.484041988849639893e-02,4.451547935605049133e-02,5.503357574343681335e-02,6.391328573226928711e-02,7.116973400115966797e-02,7.556612044572830200e-02,7.567787170410156250e-02,7.230763882398605347e-02,6.355700641870498657e-02,5.163332447409629822e-02,3.575989231467247009e-02,1.850407011806964874e-02,5.559556302614510059e-04
6.333601777441799641e-04,-2.154241129755973816e-02,-4.242720827460289001e-02,-6.073978915810585022e-02,-7.645642012357711792e-02,-8.847573399543762207e-02,-9.534759074449539185e-02,-9.833390265703201294e-02,-9.702986478805541992e-02,-9.066756069660186768e-02,-8.223993331193923950e-02,-7.306633144617080688e-02,-6.210650131106376648e-02,-5.244786292314529419e-02,-4.358112439513206482e-02,-3.742579370737075806e-02,-3.312052786350250244e-02,-3.179251030087471008e-02,-3.272524103522300720e-02,-3.607017174363136292e-02,-4.123155772686004639e-02,-4.676872491836547852e-02,-5.210790783166885376e-02,-5.602439865469932556e-02,-5.813089385628700256e-02,-5.712979286909103394e-02,-5.274516716599464417e-02,-4.504075646400451660e-02,-3.416256234049797058e-02,-2.069550938904285431e-02,-4.970834590494632721e-03,1.171872019767761230e-02,2.936451509594917297e-02,4.445893689990043640e-02,5.880286917090415955e-02,6.966786831617355347e-02,7.714355736970901489e-02,8.021096885204315186e-02,7.962159067392349243e-02,7.530169934034347534e-02,6.764911860227584839e-02,5.790328979492187500e-02,4.646636545658111572e-02,3.430856391787528992e-02,2.335833385586738586e-02,1.437416765838861465e-02,7.813562639057636261e-03,4.447791259735822678e-03,4.858108237385749817e-03,8.249823004007339478e-03,1.431877166032791138e-02,2.288325875997543335e-02,3.219058737158775330e-02,4.252699017524719238e-02,5.091257393360137939e-02,5.852755531668663025e-02,6.311815232038497925e-02,6.415275484323501587e-02,6.150786206126213074e-02,5.466514453291893005e-02,4.463358968496322632e-02,3.114891611039638519e-02,1.597709581255912781e-02,9.624959784559905529e-05
9.910542285069823265e-04,-1.658653095364570618e-02,-3.352220356464385986e-02,-4.767122119665145874e-02,-6.059454381465911865e-02,-6.929252296686172485e-02,-7.433360069990158081e-02,-7.540926337242126465e-02,-7.159902900457382202e-02,-6.571231782436370850e-02,-5.739980936050415039e-02,-4.854720830917358398e-02,-3.939064219594001770e-02,-3.047355636954307556e-02,-2.308556623756885529e-02,-1.756241545081138611e-02,-1.443238463252782822e-02,-1.375423837453126907e-02,-1.553891878575086594e-02,-1.963364891707897186e-02,-2.520089596509933472e-02,-3.154608607292175293e-02,-3.750245645642280579e-02,-4.262481629848480225e-02,-4.592597112059593201e-02,-4.665752127766609192e-02,-4.441162571310997009e-02,-3.881393000483512878e-02,-3.036347031593322754e-02,-1.941875368356704712e-02,-6.569660268723964691e-03,7.204654160887002945e-03,2.145902067422866821e-02,3.452306240797042847e-02,4.597226530313491821e-02,5.522789433598518372e-02,6.102823466062545776e-02,6.330396980047225952e-02,6.235932558774948120e-02,5.763712897896766663e-02,5.076839029788970947e-02,4.173699766397476196e-02,3.136572241783142090e-02,2.039171569049358368e-02,1.056846883147954941e-02,2.267598174512386322e-03,-3.318251809105277061e-03,-6.307452451437711716e-03,-5.358653608709573746e-03,-2.607729518786072731e-03,3.541175508871674538e-03,1.078881137073040009e-02,1.986382715404033661e-02,2.946752682328224182e-02,3.786798194050788879e-02,4.518612474203109741e-02,4.970593005418777466e-02,5.150851234793663025e-02,5.011369287967681885e-02,4.547990486025810242e-02,3.688745200634002686e-02,2.581501938402652740e-02,1.335464790463447571e-02,2.826678974088281393e-04
8.522148709744215012e-04,-1.263421960175037384e-02,-2.427047304809093475e-02,-3.491507470607757568e-02,-4.325073584914207458e-02,-4.801576212048530579e-02,-5.033708736300468445e-02,-4.906460270285606384e-02,-4.468823224306106567e-02,-3.915370628237724304e-02,-3.109212405979633331e-02,-2.335331030189990997e-02,-1.450895611196756363e-02,-6.953559350222349167e-03,-4.651506606023758650e-04,3.708932548761367798e-03,5.929575301706790924e-03,5.190444644540548325e-03,2.537203021347522736e-03,-2.225153148174285889e-03,-8.589989505708217621e-03,-1.550136972218751907e-02,-2.269221097230911255e-02,-2.872404269874095917e-02,-3.337945789098739624e-02,-3.603024408221244812e-02,-3.558850660920143127e-02,-3.242766857147216797e-02,-2.665801532566547394e-02,-1.871345192193984985e-02,-8.807507343590259552e-03,1.978130778297781944e-03,1.342578325420618057e-02,2.333818376064300537e-02,3.261059522628784180e-02,3.922360390424728394e-02,4.367194324731826782e-02,4.532315582036972046e-02,4.371785745024681091e-02,3.929685428738594055e-02,3.281537815928459167e-02,2.495641261339187622e-02,1.540353056043386459e-02,6.142269819974899292e-03,-2.342387102544307709e-03,-9.375937283039093018e-03,-1.437715347856283188e-02,-1.634125038981437683e-02,-1.576039940118789673e-02,-1.289831474423408508e-02,-7.503340020775794983e-03,-4.829428216908127069e-04,7.748581003397703171e-03,1.695042476058006287e-02,2.479897998273372650e-02,3.201153501868247986e-02,3.677047789096832275e-02,3.913141414523124695e-02,3.892172873020172119e-02,3.546852618455886841e-02,2.907868102192878723e-02,2.063522115349769592e-02,1.062330603599548340e-02,-5.593616515398025513e-05
1.197214704006910324e-03,-6.999647710472345352e-03,-1.457686815410852432e-02,-2.079845406115055084e-02,-2.401242963969707489e-02,-2.522240951657295227e-02,-2.451008372008800507e-02,-2.168430946767330170e-02,-1.683745719492435455e-02,-1.062282919883728027e-02,-3.453128738328814507e-03,4.244591575115919113e-03,1.154679805040359497e-02,1.805063150823116302e-02,2.298205345869064331e-02,2.571176365017890930e-02,2.624001726508140564e-02,2.447535097599029541e-02,2.044622041285037994e-02,1.489142701029777527e-02,7.885870523750782013e-03,-2.977052645292133093e-05,-7.937106303870677948e-03,-1.538752857595682144e-02,-2.144659869372844696e-02,-2.557757496833801270e-02,-2.740954607725143433e-02,-2.670562081038951874e-02,-2.393520995974540710e-02,-1.853034086525440216e-02,-1.214798446744680405e-02,-4.472472704946994781e-03,3.358227899298071861e-03,1.105111744254827499e-02,1.765837706625461578e-02,2.246282994747161865e-02,2.537060528993606567e-02,2.603059075772762299e-02,2.444886416196823120e-02,2.024833671748638153e-02,1.460514590144157410e-02,7.552023045718669891e-03,-4.109701840206980705e-04,-8.198371157050132751e-03,-1.527009904384613037e-02,-2.091762796044349670e-02,-2.485863491892814636e-02,-2.648740820586681366e-02,-2.560546807944774628e-02,-2.292910404503345490e-02,-1.788049563765525818e-02,-1.130608469247817993e-02,-3.569335909560322762e-03,4.174114670604467392e-03,1.156913395971059799e-02,1.843209564685821533e-02,2.316236868500709534e-02,2.629108540713787079e-02,2.669945918023586273e-02,2.536421455442905426e-02,2.117853984236717224e-02,1.503226719796657562e-02,7.894413545727729797e-03,2.373514143982902169e-04
6.077716243453323841e-04,-2.588932635262608528e-03,-4.336785059422254562e-03,-5.403858143836259842e-03,-4.990569781512022018e-03,-3.224360756576061249e-03,-5.468851304613053799e-05,4.521297756582498550e-03,1.029595267027616501e-02,1.721495017409324646e-02,2.456007339060306549e-02,3.144160285592079163e-02,3.780430927872657776e-02,4.269838333129882812e-02,4.625834524631500244e-02,4.728716239333152771e-02,4.643811285495758057e-02,4.330136254429817200e-02,3.850435465574264526e-02,3.222617879509925842e-02,2.423662133514881134e-02,1.586906239390373230e-02,6.825025193393230438e-03,-1.213591545820236206e-03,-8.866685442626476288e-03,-1.462341751903295517e-02,-1.838808692991733551e-02,-2.029103413224220276e-02,-2.005893178284168243e-02,-1.822466589510440826e-02,-1.465525291860103607e-02,-1.059965789318084717e-02,-5.806792527437210083e-03,-1.199907506816089153e-03,3.070376114919781685e-03,5.697788204997777939e-03,7.358304690569639206e-03,7.051112595945596695e-03,5.194337107241153717e-03,1.323612174019217491e-03,-3.635219531133770943e-03,-9.686861187219619751e-03,-1.596192643046379089e-02,-2.207162976264953613e-02,-2.752393856644630432e-02,-3.192573413252830505e-02,-3.477594628930091858e-02,-3.572733700275421143e-02,-3.477288410067558289e-02,-3.227626159787178040e-02,-2.781273052096366882e-02,-2.174267359077930450e-02,-1.487235724925994873e-02,-7.796434685587882996e-03,-1.199259306304156780e-03,5.311860237270593643e-03,1.022832747548818588e-02,1.359193585813045502e-02,1.548797078430652618e-02,1.524649560451507568e-02,1.355077326297760010e-02,9.842053055763244629e-03,5.560269579291343689e-03,3.024383913725614548e-04
6.805018638260662556e-04,3.246400738134980202e-03,6.367295980453491211e-03,9.780557826161384583e-03,1.412543747574090958e-02,1.836482621729373932e-02,2.441992983222007751e-02,3.045113570988178253e-02,3.731091320514678955e-02,4.440126195549964905e-02,5.134800076484680176e-02,5.738703161478042603e-02,6.231084465980529785e-02,6.607055664062500000e-02,6.797312200069427490e-02,6.792080402374267578e-02,6.574860960245132446e-02,6.142354011535644531e-02,5.567231401801109314e-02,4.855606332421302795e-02,4.011933505535125732e-02,3.099610656499862671e-02,2.153538726270198822e-02,1.201255246996879578e-02,3.631623461842536926e-03,-3.619592636823654175e-03,-9.573791176080703735e-03,-1.361420098692178726e-02,-1.649355888366699219e-02,-1.722302101552486420e-02,-1.727154664695262909e-02,-1.587505079805850983e-02,-1.486232690513134003e-02,-1.300215627998113632e-02,-1.159282680600881577e-02,-1.075446698814630508e-02,-1.082344818860292435e-02,-1.176241133362054825e-02,-1.389345433562994003e-02,-1.721655949950218201e-02,-2.132024988532066345e-02,-2.614482119679450989e-02,-3.098804876208305359e-02,-3.577353060245513916e-02,-3.977923840284347534e-02,-4.295645281672477722e-02,-4.461981728672981262e-02,-4.556185379624366760e-02,-4.410918056964874268e-02,-4.208102822303771973e-02,-3.776791691780090332e-02,-3.285785019397735596e-02,-2.671848051249980927e-02,-2.106098644435405731e-02,-1.489392481744289398e-02,-9.210968390107154846e-03,-4.252894781529903412e-03,-2.018595550907775760e-04,2.275454811751842499e-03,4.203490447252988815e-03,4.187234677374362946e-03,3.806095803156495094e-03,2.326457295566797256e-03,2.523692091926932335e-04
1.153066870756447315e-03,8.234459906816482544e-03,1.570613496005535126e-02,2.385587990283966064e-02,3.127853572368621826e-02,3.866711258888244629e-02,4.631652310490608215e-02,5.389855057001113892e-02,6.123891100287437439e-02,6.882105022668838501e-02,7.518710196018218994e-02,8.051319420337677002e-02,8.431331068277359009e-02,8.645430207252502441e-02,8.726198226213455200e-02,8.605141192674636841e-02,8.307420462369918823e-02,7.788922637701034546e-02,7.165977358818054199e-02,6.405694037675857544e-02,5.566804856061935425e-02,4.617107659578323364e-02,3.616578876972198486e-02,2.652316726744174957e-02,1.716371625661849976e-02,8.700807578861713409e-03,1.203866675496101379e-03,-5.560895428061485291e-03,-1.081829797476530075e-02,-1.472853869199752808e-02,-1.755557768046855927e-02,-1.969753205776214600e-02,-2.179261855781078339e-02,-2.335289493203163147e-02,-2.454620786011219025e-02,-2.630309574306011200e-02,-2.795597538352012634e-02,-2.970637753605842590e-02,-3.240095078945159912e-02,-3.547386080026626587e-02,-3.901822119951248169e-02,-4.238041862845420837e-02,-4.601366072893142700e-02,-4.939260706305503845e-02,-5.173446238040924072e-02,-5.361006781458854675e-02,-5.455951392650604248e-02,-5.483257770538330078e-02,-5.348659306764602661e-02,-5.133554711937904358e-02,-4.817574843764305115e-02,-4.401971027255058289e-02,-3.903926908969879150e-02,-3.389624133706092834e-02,-2.859829366207122803e-02,-2.326239272952079773e-02,-1.796891726553440094e-02,-1.366371847689151764e-02,-9.723563678562641144e-03,-6.835247389972209930e-03,-4.319396335631608963e-03,-2.128069056198000908e-03,-6.619166233576834202e-04,5.168467760086059570e-05
8.453493355773389339e-04,1.217040233314037323e-02,2.399154379963874817e-02,3.498749062418937683e-02,4.620965197682380676e-02,5.644441768527030945e-02,6.613402068614959717e-02,7.544766366481781006e-02,8.302922546863555908e-02,9.040237218141555786e-02,9.647555649280548096e-02,1.009831205010414124e-01,1.033327579498291016e-01,1.044726818799972534e-01,1.040324270725250244e-01,1.019667461514472961e-01,9.829407930374145508e-02,9.250387549400329590e-02,8.593080192804336548e-02,7.813143730163574219e-02,6.972657889127731323e-02,6.031988188624382019e-02,5.066965520381927490e-02,4.065279662609100342e-02,3.079290315508842468e-02,2.118631452322006226e-02,1.219345908612012863e-02,4.104742780327796936e-03,-4.115632269531488419e-03,-1.063988450914621353e-02,-1.706520095467567444e-02,-2.233395725488662720e-02,-2.757082879543304443e-02,-3.191537037491798401e-02,-3.596606105566024780e-02,-3.986545279622077942e-02,-4.355271905660629272e-02,-4.635699093341827393e-02,-4.949807748198509216e-02,-5.253577604889869690e-02,-5.586069822311401367e-02,-5.844933539628982544e-02,-6.091657280921936035e-02,-6.251138448715209961e-02,-6.411985307931900024e-02,-6.462522596120834351e-02,-6.499297916889190674e-02,-6.435997039079666138e-02,-6.351152807474136353e-02,-6.163092330098152161e-02,-5.886298418045043945e-02,-5.551512166857719421e-02,-5.145640671253204346e-02,-4.709951952099800110e-02,-4.244820401072502136e-02,-3.754961118102073669e-02,-3.248809278011322021e-02,-2.762727253139019012e-02,-2.270335890352725983e-02,-1.767597906291484833e-02,-1.327186357229948044e-02,-8.487232029438018799e-03,-4.277814645320177078e-03,-1.361814065603539348e-04
4.098186909686774015e-04,1.564786583185195923e-02,3.051744587719440460e-02,4.500404000282287598e-02,5.900226533412933350e-02,7.112674415111541748e-02,8.253557980060577393e-02,9.246011823415756226e-02,1.007343456149101257e-01,1.078002378344535828e-01,1.133324578404426575e-01,1.166186109185218811e-01,1.183834001421928406e-01,1.184929162263870239e-01,1.173074766993522644e-01,1.145812049508094788e-01,1.103459596633911133e-01,1.044342294335365295e-01,9.789666533470153809e-02,9.039949625730514526e-02,8.254410326480865479e-02,7.379498332738876343e-02,6.447967141866683960e-02,5.499866232275962830e-02,4.477280005812644958e-02,3.461181372404098511e-02,2.444193512201309204e-02,1.450207270681858063e-02,4.620968829840421677e-03,-5.107296165078878403e-03,-1.401966437697410583e-02,-2.273010835051536560e-02,-3.067796118557453156e-02,-3.821142762899398804e-02,-4.494937881827354431e-02,-5.136115103960037231e-02,-5.653784051537513733e-02,-6.118742004036903381e-02,-6.497672945261001587e-02,-6.820059567689895630e-02,-7.094752788543701172e-02,-7.311191409826278687e-02,-7.461865991353988647e-02,-7.514792680740356445e-02,-7.554894685745239258e-02,-7.525178045034408569e-02,-7.477812469005584717e-02,-7.385575771331787109e-02,-7.292602956295013428e-02,-7.131892442703247070e-02,-6.971073150634765625e-02,-6.666321307420730591e-02,-6.396763026714324951e-02,-5.992956832051277161e-02,-5.650607123970985413e-02,-5.146792158484458923e-02,-4.665056243538856506e-02,-4.096205905079841614e-02,-3.513211756944656372e-02,-2.849695459008216858e-02,-2.151915617287158966e-02,-1.411364600062370300e-02,-6.751264445483684540e-03,-7.912022556411102414e-05
1.141593602369539440e-04,1.814318820834159851e-02,3.615131974220275879e-02,5.300609767436981201e-02,6.861490756273269653e-02,8.299298584461212158e-02,9.525138884782791138e-02,1.057588905096054077e-01,1.138165146112442017e-01,1.200324445962905884e-01,1.244915872812271118e-01,1.274335682392120361e-01,1.282838135957717896e-01,1.274387389421463013e-01,1.258209645748138428e-01,1.226717308163642883e-01,1.188059076666831970e-01,1.131081730127334595e-01,1.075055599212646484e-01,1.008008494973182678e-01,9.387931972742080688e-02,8.603139966726303101e-02,7.794579863548278809e-02,6.891674548387527466e-02,5.920702591538429260e-02,4.883208870887756348e-02,3.792863339185714722e-02,2.667230367660522461e-02,1.482790987938642502e-02,3.080415539443492889e-03,-8.955376222729682922e-03,-2.051626518368721008e-02,-3.155058994889259338e-02,-4.176399484276771545e-02,-5.139520391821861267e-02,-5.980168655514717102e-02,-6.737723946571350098e-02,-7.343802601099014282e-02,-7.839242368936538696e-02,-8.197164535522460938e-02,-8.446326851844787598e-02,-8.631854504346847534e-02,-8.686586469411849976e-02,-8.732431381940841675e-02,-8.647999167442321777e-02,-8.590921759605407715e-02,-8.442996442317962646e-02,-8.369189500808715820e-02,-8.267254382371902466e-02,-8.129117637872695923e-02,-8.008253574371337891e-02,-7.788486033678054810e-02,-7.597532868385314941e-02,-7.309499382972717285e-02,-7.003168016672134399e-02,-6.565285474061965942e-02,-6.043388321995735168e-02,-5.452953279018402100e-02,-4.741484299302101135e-02,-3.945608809590339661e-02,-3.049038350582122803e-02,-2.061741240322589874e-02,-1.055200025439262390e-02,-7.519723731093108654e-04
4.814365238416939974e-04,2.048081718385219574e-02,4.014864191412925720e-02,5.824812501668930054e-02,7.539858669042587280e-02,9.055589884519577026e-02,1.030482724308967590e-01,1.137002408504486084e-01,1.216733977198600769e-01,1.277054697275161743e-01,1.315560936927795410e-01,1.336020529270172119e-01,1.336356103420257568e-01,1.323433220386505127e-01,1.300228834152221680e-01,1.269365847110748291e-01,1.232126206159591675e-01,1.188406795263290405e-01,1.140674948692321777e-01,1.085715293884277344e-01,1.034365966916084290e-01,9.682144969701766968e-02,8.992188423871994019e-02,8.196579664945602417e-02,7.336265593767166138e-02,6.338323652744293213e-02,5.208218842744827271e-02,3.989025577902793884e-02,2.650668472051620483e-02,1.252121943980455399e-02,-1.531422021798789501e-03,-1.609145849943161011e-02,-2.990038692951202393e-02,-4.309746995568275452e-02,-5.523489043116569519e-02,-6.606967002153396606e-02,-7.567767053842544556e-02,-8.327888697385787964e-02,-8.918558061122894287e-02,-9.337773174047470093e-02,-9.597264230251312256e-02,-9.736323356628417969e-02,-9.774427860975265503e-02,-9.756430238485336304e-02,-9.638306498527526855e-02,-9.492844343185424805e-02,-9.352044761180877686e-02,-9.250652045011520386e-02,-9.145074337720870972e-02,-9.048219025135040283e-02,-8.991450816392898560e-02,-8.882492780685424805e-02,-8.772156387567520142e-02,-8.570322394371032715e-02,-8.306712657213211060e-02,-7.887326180934906006e-02,-7.382284849882125854e-02,-6.723482906818389893e-02,-5.916479229927062988e-02,-4.956276714801788330e-02,-3.900373354554176331e-02,-2.607057243585586548e-02,-1.337467506527900696e-02,-4.719363059848546982e-04
3.128760727122426033e-04,2.191824652254581451e-02,4.237423837184906006e-02,6.155947223305702209e-02,7.939298450946807861e-02,9.460663795471191406e-02,1.070130616426467896e-01,1.173914521932601929e-01,1.246573552489280701e-01,1.301710456609725952e-01,1.333844661712646484e-01,1.348170042037963867e-01,1.340205371379852295e-01,1.326570510864257812e-01,1.304163187742233276e-01,1.276645213365554810e-01,1.245184764266014099e-01,1.210674121975898743e-01,1.180622503161430359e-01,1.141943037509918213e-01,1.108902022242546082e-01,1.058374047279357910e-01,1.009871363639831543e-01,9.413741528987884521e-02,8.697927743196487427e-02,7.756549865007400513e-02,6.641211360692977905e-02,5.317945778369903564e-02,3.861636295914649963e-02,2.301572449505329132e-02,6.969549693167209625e-03,-9.680329822003841400e-03,-2.639469876885414124e-02,-4.198879003524780273e-02,-5.648976191878318787e-02,-6.966876238584518433e-02,-8.114118129014968872e-02,-9.058203548192977905e-02,-9.748581796884536743e-02,-1.029231399297714233e-01,-1.054260879755020142e-01,-1.070461198687553406e-01,-1.064520701766014099e-01,-1.064279302954673767e-01,-1.045662611722946167e-01,-1.029440388083457947e-01,-1.012237519025802612e-01,-1.002192422747612000e-01,-9.960256516933441162e-02,-9.889539331197738647e-02,-9.936740249395370483e-02,-9.870522469282150269e-02,-9.842172265052795410e-02,-9.745865315198898315e-02,-9.504330903291702271e-02,-9.162697941064834595e-02,-8.612351864576339722e-02,-7.892666757106781006e-02,-6.991689652204513550e-02,-5.905893817543983459e-02,-4.604225978255271912e-02,-3.145325928926467896e-02,-1.629738137125968933e-02,-5.935415974818170071e-04
-8.851514576235786080e-05,2.206681296229362488e-02,4.305466264486312866e-02,6.238372623920440674e-02,8.035423606634140015e-02,9.543910622596740723e-02,1.077381670475006104e-01,1.173615977168083191e-01,1.241391897201538086e-01,1.288606822490692139e-01,1.310019940137863159e-01,1.315594911575317383e-01,1.301416754722595215e-01,1.286940872669219971e-01,1.263596862554550171e-01,1.242930740118026733e-01,1.219610422849655151e-01,1.202354431152343750e-01,1.186887100338935852e-01,1.170284971594810486e-01,1.156268343329429626e-01,1.135471463203430176e-01,1.097960248589515686e-01,1.050997376441955566e-01,9.882485121488571167e-02,9.038483351469039917e-02,7.954873889684677124e-02,6.657225638628005981e-02,5.113170668482780457e-02,3.424319624900817871e-02,1.648013293743133545e-02,-2.459840383380651474e-03,-2.106131799519062042e-02,-3.903302177786827087e-02,-5.590184405446052551e-02,-7.131177932024002075e-02,-8.435682952404022217e-02,-9.533651918172836304e-02,-1.035085469484329224e-01,-1.094299480319023132e-01,-1.125141605734825134e-01,-1.136572733521461487e-01,-1.133497506380081177e-01,-1.125715970993041992e-01,-1.107023730874061584e-01,-1.089837774634361267e-01,-1.072153076529502869e-01,-1.063008606433868408e-01,-1.061434373259544373e-01,-1.060208231210708618e-01,-1.071356236934661865e-01,-1.073539555072784424e-01,-1.082967966794967651e-01,-1.074659675359725952e-01,-1.059254184365272522e-01,-1.025219485163688660e-01,-9.736354649066925049e-02,-8.923854678869247437e-02,-7.935135066509246826e-02,-6.722840666770935059e-02,-5.285608768463134766e-02,-3.587205335497856140e-02,-1.861998438835144043e-02,-1.603267883183434606e-04
7.872679998399689794e-05,2.166965976357460022e-02,4.239750653505325317e-02,6.167822703719139099e-02,7.895213365554809570e-02,9.335312992334365845e-02,1.050164327025413513e-01,1.137251108884811401e-01,1.194386929273605347e-01,1.229115724563598633e-01,1.241290867328643799e-01,1.238892823457717896e-01,1.222673431038856506e-01,1.207336261868476868e-01,1.186912953853607178e-01,1.173753514885902405e-01,1.162939071655273438e-01,1.160760447382926941e-01,1.167590171098709106e-01,1.173183992505073547e-01,1.184214875102043152e-01,1.181302592158317566e-01,1.170619949698448181e-01,1.140265241265296936e-01,1.097699105739593506e-01,1.019093170762062073e-01,9.214564412832260132e-02,7.908008992671966553e-02,6.346081942319869995e-02,4.557978361845016479e-02,2.677659504115581512e-02,6.429299246519804001e-03,-1.449589151889085770e-02,-3.451346233487129211e-02,-5.323688313364982605e-02,-6.999205052852630615e-02,-8.508040755987167358e-02,-9.716545045375823975e-02,-1.064801961183547974e-01,-1.135635077953338623e-01,-1.171422079205513000e-01,-1.188823878765106201e-01,-1.181460395455360413e-01,-1.174650937318801880e-01,-1.152955144643783569e-01,-1.138444617390632629e-01,-1.118225902318954468e-01,-1.107293814420700073e-01,-1.107652559876441956e-01,-1.115897074341773987e-01,-1.132629364728927612e-01,-1.145039722323417664e-01,-1.156465560197830200e-01,-1.159930601716041565e-01,-1.147911697626113892e-01,-1.118055954575538635e-01,-1.061939820647239685e-01,-9.795162081718444824e-02,-8.732921630144119263e-02,-7.431604713201522827e-02,-5.813226476311683655e-02,-3.995080292224884033e-02,-2.067440189421176910e-02,-6.274358020164072514e-04
4.132445319555699825e-04,2.108249068260192871e-02,4.114680737257003784e-02,5.939720571041107178e-02,7.596151530742645264e-02,8.895391970872879028e-02,9.980256855487823486e-02,1.072108969092369080e-01,1.118569225072860718e-01,1.139676868915557861e-01,1.144905090332031250e-01,1.134380027651786804e-01,1.114205047488212585e-01,1.099763587117195129e-01,1.081238463521003723e-01,1.075259819626808167e-01,1.075219959020614624e-01,1.092607155442237854e-01,1.117076650261878967e-01,1.145183295011520386e-01,1.179530918598175049e-01,1.205473691225051880e-01,1.215046569705009460e-01,1.208730340003967285e-01,1.178367659449577332e-01,1.115728989243507385e-01,1.024234071373939514e-01,9.007079154253005981e-02,7.464872300624847412e-02,5.640634149312973022e-02,3.647084534168243408e-02,1.499347295612096786e-02,-7.188766729086637497e-03,-2.870269492268562317e-02,-4.908386990427970886e-02,-6.742500513792037964e-02,-8.366683870553970337e-02,-9.709492325782775879e-02,-1.074009910225868225e-01,-1.147518008947372437e-01,-1.188512519001960754e-01,-1.203319802880287170e-01,-1.202965676784515381e-01,-1.194295287132263184e-01,-1.176003068685531616e-01,-1.156185343861579895e-01,-1.141720935702323914e-01,-1.131049320101737976e-01,-1.136783286929130554e-01,-1.147896200418472290e-01,-1.170794889330863953e-01,-1.190694943070411682e-01,-1.211976408958435059e-01,-1.220781952142715454e-01,-1.211241856217384338e-01,-1.187769621610641479e-01,-1.133296787738800049e-01,-1.052303314208984375e-01,-9.375711530447006226e-02,-7.997277379035949707e-02,-6.302763521671295166e-02,-4.314247146248817444e-02,-2.244947478175163269e-02,-3.959410241805016994e-04
7.676899986108765006e-05,1.997678540647029877e-02,3.850680962204933167e-02,5.587185919284820557e-02,7.096369564533233643e-02,8.299743384122848511e-02,9.264900535345077515e-02,9.853316843509674072e-02,1.018466055393218994e-01,1.031232103705406189e-01,1.025141701102256775e-01,1.010492146015167236e-01,9.873458743095397949e-02,9.715850651264190674e-02,9.589635580778121948e-02,9.596824645996093750e-02,9.743198752403259277e-02,1.005030348896980286e-01,1.046498492360115051e-01,1.095268800854682922e-01,1.152031645178794861e-01,1.197842881083488464e-01,1.233919858932495117e-01,1.244540736079216003e-01,1.235674321651458740e-01,1.184664070606231689e-01,1.107445210218429565e-01,9.882705658674240112e-02,8.377507328987121582e-02,6.552691757678985596e-02,4.534126445651054382e-02,2.338520251214504242e-02,1.648931938689202070e-04,-2.249754220247268677e-02,-4.375116527080535889e-02,-6.333721429109573364e-02,-8.072397857904434204e-02,-9.462426602840423584e-02,-1.056564599275588989e-01,-1.133394837379455566e-01,-1.176184713840484619e-01,-1.200092956423759460e-01,-1.198641210794448853e-01,-1.191071718931198120e-01,-1.170012652873992920e-01,-1.151056885719299316e-01,-1.136293262243270874e-01,-1.130937635898590088e-01,-1.138592436909675598e-01,-1.154607459902763367e-01,-1.181199848651885986e-01,-1.212036013603210449e-01,-1.235850229859352112e-01,-1.254515498876571655e-01,-1.249770596623420715e-01,-1.230117231607437134e-01,-1.178115159273147583e-01,-1.097214594483375549e-01,-9.817139059305191040e-02,-8.351907879114151001e-02,-6.578216701745986938e-02,-4.537073150277137756e-02,-2.336175367236137390e-02,-5.235507269389927387e-04
-9.481996676186099648e-05,1.834675669670104980e-02,3.552857041358947754e-02,5.147748440504074097e-02,6.520927697420120239e-02,7.590399682521820068e-02,8.392578363418579102e-02,8.868451416492462158e-02,9.104199707508087158e-02,9.116221964359283447e-02,8.970955014228820801e-02,8.732076734304428101e-02,8.441497385501861572e-02,8.291689306497573853e-02,8.218736946582794189e-02,8.291968703269958496e-02,8.533816784620285034e-02,8.974024653434753418e-02,9.518748521804809570e-02,1.017746552824974060e-01,1.091483831405639648e-01,1.162566766142845154e-01,1.214814409613609314e-01,1.249666586518287659e-01,1.254693567752838135e-01,1.222412586212158203e-01,1.153325289487838745e-01,1.047725379467010498e-01,9.026364237070083618e-02,7.205002009868621826e-02,5.197391286492347717e-02,2.975807525217533112e-02,6.262183189392089844e-03,-1.687798835337162018e-02,-3.869555145502090454e-02,-5.894900485873222351e-02,-7.647846639156341553e-02,-9.099830687046051025e-02,-1.018873825669288635e-01,-1.096824482083320618e-01,-1.142485141754150391e-01,-1.164200752973556519e-01,-1.163325309753417969e-01,-1.152553185820579529e-01,-1.130061224102973938e-01,-1.113162413239479065e-01,-1.101110577583312988e-01,-1.100864708423614502e-01,-1.110090836882591248e-01,-1.127445623278617859e-01,-1.160492300987243652e-01,-1.195866912603378296e-01,-1.228955388069152832e-01,-1.251052320003509521e-01,-1.255624592304229736e-01,-1.244192272424697876e-01,-1.197834908962249756e-01,-1.116162389516830444e-01,-1.000187620520591736e-01,-8.547227829694747925e-02,-6.742381304502487183e-02,-4.598634690046310425e-02,-2.374030277132987976e-02,-3.943121409974992275e-04
2.303822402609512210e-04,1.719560287892818451e-02,3.277258574962615967e-02,4.702836647629737854e-02,5.905150994658470154e-02,6.816664338111877441e-02,7.510139793157577515e-02,7.850871980190277100e-02,7.937917113304138184e-02,7.829584181308746338e-02,7.567842304706573486e-02,7.256550341844558716e-02,6.935272365808486938e-02,6.750339269638061523e-02,6.717413663864135742e-02,6.845179200172424316e-02,7.178467512130737305e-02,7.728529721498489380e-02,8.406271785497665405e-02,9.251067787408828735e-02,1.012422591447830200e-01,1.098256930708885193e-01,1.172202751040458679e-01,1.220064684748649597e-01,1.244798153638839722e-01,1.223048418760299683e-01,1.169931963086128235e-01,1.070457696914672852e-01,9.359541535377502441e-02,7.615602761507034302e-02,5.640791729092597961e-02,3.479628637433052063e-02,1.152876857668161392e-02,-1.151168532669544220e-02,-3.336845710873603821e-02,-5.321631953120231628e-02,-7.090259343385696411e-02,-8.503414690494537354e-02,-9.602399170398712158e-02,-1.037501469254493713e-01,-1.082755178213119507e-01,-1.106653958559036255e-01,-1.099294945597648621e-01,-1.084150299429893494e-01,-1.058226823806762695e-01,-1.039421111345291138e-01,-1.027042344212532043e-01,-1.030088961124420166e-01,-1.043172851204872131e-01,-1.065254583954811096e-01,-1.102330535650253296e-01,-1.145373284816741943e-01,-1.185651719570159912e-01,-1.213593408465385437e-01,-1.227649897336959839e-01,-1.216747686266899109e-01,-1.177072897553443909e-01,-1.100488603115081787e-01,-9.884185343980789185e-02,-8.438737690448760986e-02,-6.653271615505218506e-02,-4.577199369668960571e-02,-2.377333305776119232e-02,-3.960478352382779121e-04
3.034568508155643940e-04,1.543547306209802628e-02,2.972775697708129883e-02,4.208603873848915100e-02,5.290975049138069153e-02,6.071092188358306885e-02,6.608068943023681641e-02,6.830588728189468384e-02,6.823704391717910767e-02,6.592915952205657959e-02,6.255701184272766113e-02,5.868685990571975708e-02,5.469206720590591431e-02,5.281971767544746399e-02,5.205577239394187927e-02,5.367071181535720825e-02,5.741452425718307495e-02,6.346811354160308838e-02,7.125372439622879028e-02,8.064832538366317749e-02,9.057894349098205566e-02,1.002810969948768616e-01,1.089508384466171265e-01,1.156390532851219177e-01,1.191749572753906250e-01,1.184486970305442810e-01,1.141964867711067200e-01,1.058136895298957825e-01,9.347225725650787354e-02,7.715011388063430786e-02,5.842119455337524414e-02,3.716698288917541504e-02,1.467039994895458221e-02,-7.452041376382112503e-03,-2.849859744310379028e-02,-4.813553020358085632e-02,-6.487345695495605469e-02,-7.878299802541732788e-02,-8.891212940216064453e-02,-9.628220647573471069e-02,-1.003403887152671814e-01,-1.014237627387046814e-01,-1.003498360514640808e-01,-9.829781949520111084e-02,-9.558247029781341553e-02,-9.333717077970504761e-02,-9.233145415782928467e-02,-9.256920218467712402e-02,-9.457690268754959106e-02,-9.721920639276504517e-02,-1.011500582098960876e-01,-1.056642085313796997e-01,-1.102594211697578430e-01,-1.137821003794670105e-01,-1.155054569244384766e-01,-1.161341890692710876e-01,-1.126464232802391052e-01,-1.059153378009796143e-01,-9.559489786624908447e-02,-8.194798976182937622e-02,-6.466402113437652588e-02,-4.450230672955513000e-02,-2.298854477703571320e-02,-2.699435572139918804e-04
-1.421970227966085076e-04,1.386034581810235977e-02,2.638795599341392517e-02,3.809409216046333313e-02,4.718218371272087097e-02,5.361723899841308594e-02,5.771790444850921631e-02,5.868377536535263062e-02,5.737257003784179688e-02,5.409546941518783569e-02,4.973090067505836487e-02,4.515000060200691223e-02,4.089866206049919128e-02,3.840595111250877380e-02,3.750388696789741516e-02,3.915572538971900940e-02,4.306197911500930786e-02,4.925042763352394104e-02,5.724938213825225830e-02,6.711602210998535156e-02,7.780572026968002319e-02,8.793699741363525391e-02,9.780089557170867920e-02,1.051534786820411682e-01,1.102500259876251221e-01,1.106058508157730103e-01,1.077192351222038269e-01,1.002395674586296082e-01,8.969321846961975098e-02,7.459910959005355835e-02,5.728613957762718201e-02,3.744027763605117798e-02,1.609442569315433502e-02,-4.586075898259878159e-03,-2.482673898339271545e-02,-4.265114665031433105e-02,-5.861680209636688232e-02,-7.129143178462982178e-02,-8.067870140075683594e-02,-8.681655675172805786e-02,-8.964684605598449707e-02,-9.023076295852661133e-02,-8.841926604509353638e-02,-8.562122285366058350e-02,-8.255031704902648926e-02,-8.008082956075668335e-02,-7.828374207019805908e-02,-7.855629175901412964e-02,-8.015194535255432129e-02,-8.368039131164550781e-02,-8.801729977130889893e-02,-9.336391091346740723e-02,-9.845750778913497925e-02,-1.027220189571380615e-01,-1.052769348025321960e-01,-1.061551496386528015e-01,-1.038237139582633972e-01,-9.801945090293884277e-02,-8.902230113744735718e-02,-7.639487832784652710e-02,-6.059064343571662903e-02,-4.182304441928863525e-02,-2.147546038031578064e-02,-8.965079905465245247e-05
1.382578338962048292e-04,1.228992640972137451e-02,2.399428375065326691e-02,3.396411240100860596e-02,4.197078943252563477e-02,4.695251211524009705e-02,4.989266768097877502e-02,4.972884058952331543e-02,4.775135591626167297e-02,4.356459900736808777e-02,3.877444192767143250e-02,3.345804288983345032e-02,2.868694439530372620e-02,2.530253306031227112e-02,2.393780834972858429e-02,2.504174038767814636e-02,2.880686149001121521e-02,3.486283123493194580e-02,4.256431013345718384e-02,5.271521583199501038e-02,6.320454925298690796e-02,7.360754907131195068e-02,8.338811993598937988e-02,9.164171665906906128e-02,9.709230810403823853e-02,9.896861016750335693e-02,9.693607687950134277e-02,9.110932797193527222e-02,8.174071460962295532e-02,6.869558244943618774e-02,5.283515900373458862e-02,3.439331054687500000e-02,1.517988462001085281e-02,-3.878170158714056015e-03,-2.197263017296791077e-02,-3.819325193762779236e-02,-5.217096209526062012e-02,-6.342224776744842529e-02,-7.115164399147033691e-02,-7.544742524623870850e-02,-7.696457207202911377e-02,-7.599841803312301636e-02,-7.340366393327713013e-02,-7.037068158388137817e-02,-6.651049852371215820e-02,-6.367898732423782349e-02,-6.204536557197570801e-02,-6.196560710668563843e-02,-6.382472813129425049e-02,-6.684996187686920166e-02,-7.164886593818664551e-02,-7.703062891960144043e-02,-8.292935788631439209e-02,-8.786639571189880371e-02,-9.139979630708694458e-02,-9.358478337526321411e-02,-9.225653856992721558e-02,-8.814720064401626587e-02,-8.065713942050933838e-02,-6.944377720355987549e-02,-5.522529780864715576e-02,-3.814951330423355103e-02,-1.994082517921924591e-02,-3.203583182767033577e-04
3.984912473242729902e-05,1.121251657605171204e-02,2.166115120053291321e-02,3.034841082990169525e-02,3.709922730922698975e-02,4.111061245203018188e-02,4.310609027743339539e-02,4.203875735402107239e-02,3.924081474542617798e-02,3.451567515730857849e-02,2.883234992623329163e-02,2.286515757441520691e-02,1.702449098229408264e-02,1.300820056349039078e-02,1.078884769231081009e-02,1.136656012386083603e-02,1.451390329748392105e-02,1.971633732318878174e-02,2.711971290409564972e-02,3.641639649868011475e-02,4.659487307071685791e-02,5.698218569159507751e-02,6.658982485532760620e-02,7.500050961971282959e-02,8.126940578222274780e-02,8.386661857366561890e-02,8.302774280309677124e-02,7.883143424987792969e-02,7.096713781356811523e-02,5.940622463822364807e-02,4.538554325699806213e-02,2.930070273578166962e-02,1.225024554878473282e-02,-4.336942452937364578e-03,-2.003752440214157104e-02,-3.418119996786117554e-02,-4.565046355128288269e-02,-5.470513179898262024e-02,-6.006496772170066833e-02,-6.307382136583328247e-02,-6.266772001981735229e-02,-6.075335294008255005e-02,-5.688733980059623718e-02,-5.219899863004684448e-02,-4.793971031904220581e-02,-4.449093341827392578e-02,-4.227565228939056396e-02,-4.198557883501052856e-02,-4.356585070490837097e-02,-4.695333167910575867e-02,-5.129693448543548584e-02,-5.748411267995834351e-02,-6.366621702909469604e-02,-6.954865902662277222e-02,-7.452784478664398193e-02,-7.753374427556991577e-02,-7.778981328010559082e-02,-7.483584433794021606e-02,-6.881667673587799072e-02,-5.967431515455245972e-02,-4.786051809787750244e-02,-3.338659182190895081e-02,-1.744716055691242218e-02,2.518889778002630919e-05
1.663379953242838383e-04,9.958390146493911743e-03,1.961126923561096191e-02,2.702743373811244965e-02,3.291583061218261719e-02,3.604137524962425232e-02,3.709312155842781067e-02,3.538145124912261963e-02,3.161974251270294189e-02,2.630925364792346954e-02,2.022746391594409943e-02,1.344523485749959946e-02,6.853719241917133331e-03,1.909648766741156578e-03,-1.295019523240625858e-03,-1.772687654010951519e-03,2.110198838636279106e-04,4.698153585195541382e-03,1.119043212383985519e-02,1.941047981381416321e-02,2.909942716360092163e-02,3.894738852977752686e-02,4.851701110601425171e-02,5.647028610110282898e-02,6.296253204345703125e-02,6.595258414745330811e-02,6.612852960824966431e-02,6.320528686046600342e-02,5.693350732326507568e-02,4.713908955454826355e-02,3.526658192276954651e-02,2.189947664737701416e-02,7.496353238821029663e-03,-6.068354006856679916e-03,-1.901983283460140228e-02,-3.010131418704986572e-02,-3.916085883975028992e-02,-4.532338306307792664e-02,-4.861168190836906433e-02,-4.942709952592849731e-02,-4.738071560859680176e-02,-4.382937029004096985e-02,-3.853200376033782959e-02,-3.337163478136062622e-02,-2.804595232009887695e-02,-2.377480641007423401e-02,-2.086045406758785248e-02,-1.995700038969516754e-02,-2.139981649816036224e-02,-2.452373318374156952e-02,-2.943841554224491119e-02,-3.582973778247833252e-02,-4.230353981256484985e-02,-4.900665581226348877e-02,-5.467720702290534973e-02,-5.920147150754928589e-02,-6.096815317869186401e-02,-5.985412374138832092e-02,-5.590285733342170715e-02,-4.925405606627464294e-02,-3.982194885611534119e-02,-2.797645702958106995e-02,-1.464699115604162216e-02,-2.244847855763509870e-04
-2.333236479898914695e-04,9.089021012187004089e-03,1.731327176094055176e-02,2.409677952527999878e-02,2.867528982460498810e-02,3.134115785360336304e-02,3.140479698777198792e-02,2.912219800055027008e-02,2.493490092456340790e-02,1.904653199017047882e-02,1.214115507900714874e-02,4.588931333273649216e-03,-2.666164888069033623e-03,-8.374765515327453613e-03,-1.255310513079166412e-02,-1.407470554113388062e-02,-1.342600490897893906e-02,-9.981619194149971008e-03,-4.824601579457521439e-03,2.358816796913743019e-03,1.059553399682044983e-02,1.979687437415122986e-02,2.828103490173816681e-02,3.606688603758811951e-02,4.218583181500434875e-02,4.605334997177124023e-02,4.712282493710517883e-02,4.530052840709686279e-02,4.079128429293632507e-02,3.322087973356246948e-02,2.417041175067424774e-02,1.376964896917343140e-02,2.282145200297236443e-03,-8.316120132803916931e-03,-1.814189180731773376e-02,-2.602771855890750885e-02,-3.209822252392768860e-02,-3.587037324905395508e-02,-3.667419031262397766e-02,-3.511338680982589722e-02,-3.085538186132907867e-02,-2.579815499484539032e-02,-1.899892650544643402e-02,-1.260166149586439133e-02,-6.597599945962429047e-03,-1.735115773044526577e-03,1.833724207244813442e-03,3.378171939402818680e-03,2.300632186233997345e-03,-9.006403852254152298e-04,-6.145198829472064972e-03,-1.249911356717348099e-02,-1.983590051531791687e-02,-2.693618461489677429e-02,-3.340683132410049438e-02,-3.865377604961395264e-02,-4.211197793483734131e-02,-4.273531213402748108e-02,-4.148075729608535767e-02,-3.721801564097404480e-02,-3.104580752551555634e-02,-2.155907079577445984e-02,-1.152944099158048630e-02,-2.241481270175427198e-04
-9.755195060279220343e-05,8.151092566549777985e-03,1.536557823419570923e-02,2.122001536190509796e-02,2.509809471666812897e-02,2.672146819531917572e-02,2.623484842479228973e-02,2.317729964852333069e-02,1.839617453515529633e-02,1.194244530051946640e-02,4.687289241701364517e-03,-3.390159690752625465e-03,-1.145750097930431366e-02,-1.800628378987312317e-02,-2.324199676513671875e-02,-2.608238905668258667e-02,-2.662510238587856293e-02,-2.433964982628822327e-02,-2.060974016785621643e-02,-1.467632688581943512e-02,-7.536544464528560638e-03,3.632845764514058828e-04,8.195856586098670959e-03,1.531401090323925018e-02,2.162801846861839294e-02,2.538009174168109894e-02,2.718951366841793060e-02,2.613741718232631683e-02,2.344436757266521454e-02,1.828082650899887085e-02,1.173416525125503540e-02,4.203652963042259216e-03,-4.188555758446455002e-03,-1.116510201245546341e-02,-1.752736791968345642e-02,-2.207601629197597504e-02,-2.510991320013999939e-02,-2.604817412793636322e-02,-2.423768118023872375e-02,-2.035770379006862640e-02,-1.417769957333803177e-02,-7.304506842046976089e-03,4.948382847942411900e-04,8.057635277509689331e-03,1.548186317086219788e-02,2.120505459606647491e-02,2.548255585134029388e-02,2.696567587554454803e-02,2.640905790030956268e-02,2.351590991020202637e-02,1.844006218016147614e-02,1.198830548673868179e-02,4.067298490554094315e-03,-3.819784848019480705e-03,-1.132132019847631454e-02,-1.759832352399826050e-02,-2.243826352059841156e-02,-2.567959576845169067e-02,-2.615277096629142761e-02,-2.471338771283626556e-02,-2.113589644432067871e-02,-1.514280494302511215e-02,-8.230221457779407501e-03,-5.192023818381130695e-04
-4.215531807858496904e-04,6.963057909160852432e-03,1.292880997061729431e-02,1.751518994569778442e-02,2.062046155333518982e-02,2.135773189365863800e-02,2.007284760475158691e-02,1.659668236970901489e-02,1.118934433907270432e-02,4.593173507601022720e-03,-3.016616450622677803e-03,-1.194038335233926773e-02,-2.028236724436283112e-02,-2.776093967258930206e-02,-3.375471755862236023e-02,-3.749128803610801697e-02,-3.928118944168090820e-02,-3.891327977180480957e-02,-3.631738945841789246e-02,-3.198598325252532959e-02,-2.605253085494041443e-02,-1.936419121921062469e-02,-1.259926799684762955e-02,-6.187027320265769958e-03,-4.549667646642774343e-04,3.873712616041302681e-03,6.418340373784303665e-03,6.777406670153141022e-03,5.907112732529640198e-03,3.254786832258105278e-03,-6.087102228775620461e-04,-5.022118333727121353e-03,-9.851596318185329437e-03,-1.371759362518787384e-02,-1.675214059650897980e-02,-1.829852350056171417e-02,-1.837470568716526031e-02,-1.628048717975616455e-02,-1.178673747926950455e-02,-5.501837935298681259e-03,2.601731335744261742e-03,1.099461130797863007e-02,2.030739560723304749e-02,2.880350686609745026e-02,3.685120493173599243e-02,4.361910372972488403e-02,4.825675487518310547e-02,5.075414851307868958e-02,5.002214759588241577e-02,4.743023589253425598e-02,4.270793125033378601e-02,3.632329776883125305e-02,2.781788073480129242e-02,1.933394372463226318e-02,1.057485025376081467e-02,3.239006269723176956e-03,-3.328131046146154404e-03,-7.819038815796375275e-03,-1.067429967224597931e-02,-1.174870226532220840e-02,-1.090990845113992691e-02,-8.214007131755352020e-03,-4.676231648772954941e-03,-2.086077001877129078e-04
8.608844836999196559e-07,5.405098199844360352e-03,1.031219959259033203e-02,1.376077625900506973e-02,1.580930501222610474e-02,1.560152415186166763e-02,1.366370916366577148e-02,9.332298301160335541e-03,3.808125853538513184e-03,-3.220635233446955681e-03,-1.134887803345918655e-02,-2.077271416783332825e-02,-2.970902435481548309e-02,-3.755902871489524841e-02,-4.423565417528152466e-02,-4.900972917675971985e-02,-5.183117836713790894e-02,-5.269821360707283020e-02,-5.178335309028625488e-02,-4.873849824070930481e-02,-4.423890635371208191e-02,-3.884997218847274780e-02,-3.288251161575317383e-02,-2.710677310824394226e-02,-2.150832302868366241e-02,-1.683618500828742981e-02,-1.342611853033304214e-02,-1.154070626944303513e-02,-1.093661691993474960e-02,-1.137550268322229385e-02,-1.261792331933975220e-02,-1.369973272085189819e-02,-1.528893411159515381e-02,-1.560260448604822159e-02,-1.530459150671958923e-02,-1.396478246897459030e-02,-1.073898840695619583e-02,-6.083982065320014954e-03,9.458307176828384399e-04,9.303532540798187256e-03,1.914041116833686829e-02,2.874136716127395630e-02,3.916161507368087769e-02,4.873763397336006165e-02,5.783973634243011475e-02,6.497091054916381836e-02,6.999925523996353149e-02,7.250062376260757446e-02,7.249600440263748169e-02,6.987767666578292847e-02,6.538996845483779907e-02,5.876153707504272461e-02,5.079472810029983521e-02,4.183233901858329773e-02,3.247674927115440369e-02,2.379730343818664551e-02,1.570851355791091919e-02,9.516307152807712555e-03,4.374084062874317169e-03,1.031959429383277893e-03,-1.165876514278352261e-03,-1.450039097107946873e-03,-1.093360944651067257e-03,-3.261957026552408934e-04
-2.361826773267239332e-05,3.915559500455856323e-03,7.381248287856578827e-03,9.561501443386077881e-03,1.036365423351526260e-02,9.330217726528644562e-03,6.579220760613679886e-03,1.550789223983883858e-03,-4.454873502254486084e-03,-1.238593831658363342e-02,-2.058777026832103729e-02,-3.047682344913482666e-02,-3.934855386614799500e-02,-4.780749604105949402e-02,-5.507065728306770325e-02,-6.053553894162178040e-02,-6.465154141187667847e-02,-6.654509156942367554e-02,-6.667872518301010132e-02,-6.493888795375823975e-02,-6.163050979375839233e-02,-5.698481947183609009e-02,-5.209674686193466187e-02,-4.623822122812271118e-02,-4.087608307600021362e-02,-3.577125072479248047e-02,-3.167884051799774170e-02,-2.817139960825443268e-02,-2.561403624713420868e-02,-2.410985715687274933e-02,-2.253803424537181854e-02,-2.086970210075378418e-02,-1.929894089698791504e-02,-1.667257584631443024e-02,-1.389381941407918930e-02,-9.219136089086532593e-03,-3.397646592929959297e-03,4.284458234906196594e-03,1.364500448107719421e-02,2.362401224672794342e-02,3.486176952719688416e-02,4.584941640496253967e-02,5.735415220260620117e-02,6.801620870828628540e-02,7.729718834161758423e-02,8.481083810329437256e-02,9.035528451204299927e-02,9.331738948822021484e-02,9.345322102308273315e-02,9.088872373104095459e-02,8.644329756498336792e-02,7.975037395954132080e-02,7.138965278863906860e-02,6.250921636819839478e-02,5.267196521162986755e-02,4.319281876087188721e-02,3.380436822772026062e-02,2.581143192946910858e-02,1.842517964541912079e-02,1.307044457644224167e-02,8.255821652710437775e-03,5.150098353624343872e-03,2.174898050725460052e-03,-4.969133078702725470e-05
-3.785137096201651730e-06,2.231477759778499603e-03,3.927820827811956406e-03,4.528312012553215027e-03,4.172754939645528793e-03,1.766242785379290581e-03,-1.952192396856844425e-03,-7.526083383709192276e-03,-1.403621584177017212e-02,-2.241720259189605713e-02,-3.137792274355888367e-02,-4.071162641048431396e-02,-4.991963878273963928e-02,-5.860919877886772156e-02,-6.645231693983078003e-02,-7.261562347412109375e-02,-7.744594663381576538e-02,-7.993184775114059448e-02,-8.105339854955673218e-02,-7.978802919387817383e-02,-7.767991721630096436e-02,-7.359071820974349976e-02,-6.905541568994522095e-02,-6.360555440187454224e-02,-5.819093063473701477e-02,-5.252670496702194214e-02,-4.756106808781623840e-02,-4.278352111577987671e-02,-3.870157152414321899e-02,-3.465106338262557983e-02,-3.051276691257953644e-02,-2.596235275268554688e-02,-2.168338559567928314e-02,-1.633645035326480865e-02,-1.046141237020492554e-02,-3.311566542834043503e-03,5.186425987631082535e-03,1.473941747099161148e-02,2.574308402836322784e-02,3.737711161375045776e-02,4.984660819172859192e-02,6.188055500388145447e-02,7.413489371538162231e-02,8.491331338882446289e-02,9.489444643259048462e-02,1.023700311779975891e-01,1.080347448587417603e-01,1.110500171780586243e-01,1.115073785185813904e-01,1.091469675302505493e-01,1.045999377965927124e-01,9.794763475656509399e-02,8.973315358161926270e-02,8.035056293010711670e-02,7.037521898746490479e-02,6.017672270536422729e-02,4.991355910897254944e-02,4.059125483036041260e-02,3.155238181352615356e-02,2.421986497938632965e-02,1.669647358357906342e-02,1.082053035497665405e-02,5.036028567701578140e-03,-1.725743204588070512e-04
-1.573827903484925628e-04,5.397543427534401417e-04,3.847945772577077150e-04,-8.835942135192453861e-04,-2.993463771417737007e-03,-6.761216558516025543e-03,-1.143363770097494125e-02,-1.800484023988246918e-02,-2.534967660903930664e-02,-3.389283269643783569e-02,-4.282054677605628967e-02,-5.225228518247604370e-02,-6.161956861615180969e-02,-7.027477025985717773e-02,-7.808247208595275879e-02,-8.471407741308212280e-02,-8.956195414066314697e-02,-9.284078329801559448e-02,-9.403659403324127197e-02,-9.346614032983779907e-02,-9.133028239011764526e-02,-8.819139003753662109e-02,-8.365309238433837891e-02,-7.828844338655471802e-02,-7.235154509544372559e-02,-6.643725931644439697e-02,-6.023195758461952209e-02,-5.421255156397819519e-02,-4.825348779559135437e-02,-4.232198372483253479e-02,-3.590435534715652466e-02,-2.867337130010128021e-02,-2.206919156014919281e-02,-1.425941754132509232e-02,-6.033446639776229858e-03,3.507448127493262291e-03,1.400072500109672546e-02,2.538787946105003357e-02,3.775344043970108032e-02,5.025773122906684875e-02,6.346065551042556763e-02,7.621457427740097046e-02,8.869424462318420410e-02,9.981995075941085815e-02,1.095663905143737793e-01,1.171280741691589355e-01,1.227792277932167053e-01,1.258125454187393188e-01,1.263804137706756592e-01,1.240604966878890991e-01,1.197982355952262878e-01,1.132010519504547119e-01,1.048999428749084473e-01,9.569714963436126709e-02,8.526257425546646118e-02,7.450784742832183838e-02,6.339272856712341309e-02,5.318631231784820557e-02,4.274231940507888794e-02,3.343088179826736450e-02,2.403773367404937744e-02,1.543405931442975998e-02,7.442699745297431946e-03,2.556167601142078638e-04
3.279152151662856340e-04,-1.800965750589966774e-03,-4.175107460469007492e-03,-7.650509942322969437e-03,-1.145040336996316910e-02,-1.666737161576747894e-02,-2.244616672396659851e-02,-2.980737760663032532e-02,-3.735317662358283997e-02,-4.597430303692817688e-02,-5.543825775384902954e-02,-6.455334275960922241e-02,-7.390896230936050415e-02,-8.211220800876617432e-02,-9.001749753952026367e-02,-9.630005061626434326e-02,-1.013680398464202881e-01,-1.041704714298248291e-01,-1.058846116065979004e-01,-1.049633622169494629e-01,-1.032465249300003052e-01,-9.955488890409469604e-02,-9.545817226171493530e-02,-8.946818858385086060e-02,-8.370141685009002686e-02,-7.670238614082336426e-02,-6.993382424116134644e-02,-6.227680668234825134e-02,-5.491208657622337341e-02,-4.644990339875221252e-02,-3.833864629268646240e-02,-2.912414260208606720e-02,-2.047695778310298920e-02,-1.061524357646703720e-02,-5.428572330856695771e-05,1.102291047573089600e-02,2.320712432265281677e-02,3.563079237937927246e-02,4.879410564899444580e-02,6.193180382251739502e-02,7.554987072944641113e-02,8.814436197280883789e-02,1.005206108093261719e-01,1.112992465496063232e-01,1.208594962954521179e-01,1.282470226287841797e-01,1.334977746009826660e-01,1.364625692367553711e-01,1.369626373052597046e-01,1.352779418230056763e-01,1.309083998203277588e-01,1.246141642332077026e-01,1.167385801672935486e-01,1.073649525642395020e-01,9.688609838485717773e-02,8.565497398376464844e-02,7.415083050727844238e-02,6.321649998426437378e-02,5.165489017963409424e-02,4.112989455461502075e-02,2.988297492265701294e-02,1.973884738981723785e-02,9.451550431549549103e-03,4.870929842581972480e-05
2.507033059373497963e-04,-3.935880493372678757e-03,-9.077024646103382111e-03,-1.452232431620359421e-02,-2.024196088314056396e-02,-2.687776274979114532e-02,-3.425471484661102295e-02,-4.219115898013114929e-02,-5.083797872066497803e-02,-5.949920415878295898e-02,-6.918753683567047119e-02,-7.827364653348922729e-02,-8.722507208585739136e-02,-9.498974680900573730e-02,-1.020188331604003906e-01,-1.080082580447196960e-01,-1.120494082570075989e-01,-1.147509962320327759e-01,-1.155788153409957886e-01,-1.149404048919677734e-01,-1.123708635568618774e-01,-1.089560985565185547e-01,-1.038662344217300415e-01,-9.806676208972930908e-02,-9.124638140201568604e-02,-8.390906453132629395e-02,-7.580284774303436279e-02,-6.692814081907272339e-02,-5.772982910275459290e-02,-4.808685556054115295e-02,-3.823798894882202148e-02,-2.755131013691425323e-02,-1.712104119360446930e-02,-5.544028710573911667e-03,6.413488648831844330e-03,1.887275837361812592e-02,3.210222721099853516e-02,4.508354887366294861e-02,5.880955979228019714e-02,7.210266590118408203e-02,8.547546714544296265e-02,9.797905385494232178e-02,1.097086817026138306e-01,1.202276721596717834e-01,1.289409101009368896e-01,1.360000222921371460e-01,1.410406678915023804e-01,1.437686532735824585e-01,1.442704945802688599e-01,1.424357295036315918e-01,1.384815126657485962e-01,1.326100081205368042e-01,1.247711107134819031e-01,1.157640889286994934e-01,1.055720299482345581e-01,9.432625770568847656e-02,8.280096948146820068e-02,7.115812599658966064e-02,5.898166075348854065e-02,4.712937027215957642e-02,3.491012752056121826e-02,2.300662919878959656e-02,1.166833471506834030e-02,4.736823611892759800e-04
3.130260738544166088e-04,-6.710199639201164246e-03,-1.428204495459794998e-02,-2.175995521247386932e-02,-2.973213233053684235e-02,-3.786542639136314392e-02,-4.653090983629226685e-02,-5.554557219147682190e-02,-6.451244652271270752e-02,-7.408338040113449097e-02,-8.335784822702407837e-02,-9.193510562181472778e-02,-1.002674326300621033e-01,-1.073561310768127441e-01,-1.136138141155242920e-01,-1.182249411940574646e-01,-1.219749897718429565e-01,-1.236960142850875854e-01,-1.241631656885147095e-01,-1.224680095911026001e-01,-1.200196668505668640e-01,-1.154334172606468201e-01,-1.102226078510284424e-01,-1.035780906677246094e-01,-9.633979201316833496e-02,-8.745668083429336548e-02,-7.827785611152648926e-02,-6.789033114910125732e-02,-5.767514184117317200e-02,-4.664162546396255493e-02,-3.554740175604820251e-02,-2.347680367529392242e-02,-1.151485461741685867e-02,1.154435798525810242e-03,1.402549818158149719e-02,2.727054059505462646e-02,4.080860316753387451e-02,5.408455058932304382e-02,6.767883151769638062e-02,8.081505447626113892e-02,9.371985495090484619e-02,1.054056957364082336e-01,1.163699179887771606e-01,1.258604377508163452e-01,1.339026987552642822e-01,1.403678357601165771e-01,1.447853446006774902e-01,1.472984999418258667e-01,1.474550515413284302e-01,1.458215713500976562e-01,1.419606804847717285e-01,1.362516880035400391e-01,1.289443522691726685e-01,1.203534975647926331e-01,1.106128469109535217e-01,9.935956448316574097e-02,8.782747387886047363e-02,7.587984204292297363e-02,6.377155333757400513e-02,5.127321183681488037e-02,3.820224851369857788e-02,2.539958618581295013e-02,1.271489355713129044e-02,2.232674596598371863e-04
9.559427271597087383e-04,-9.876265190541744232e-03,-1.891853846609592438e-02,-2.916502580046653748e-02,-3.909403458237648010e-02,-4.886080697178840637e-02,-5.912100523710250854e-02,-6.904243677854537964e-02,-7.881659269332885742e-02,-8.831120282411575317e-02,-9.728098660707473755e-02,-1.057502776384353638e-01,-1.127684563398361206e-01,-1.192046403884887695e-01,-1.242837309837341309e-01,-1.281078010797500610e-01,-1.301019042730331421e-01,-1.311112940311431885e-01,-1.301710009574890137e-01,-1.280814558267593384e-01,-1.241510659456253052e-01,-1.193731278181076050e-01,-1.128337457776069641e-01,-1.056728288531303406e-01,-9.692759066820144653e-02,-8.682031929492950439e-02,-7.662616670131683350e-02,-6.536375731229782104e-02,-5.437305197119712830e-02,-4.254817590117454529e-02,-3.033161908388137817e-02,-1.719501800835132599e-02,-4.274602513760328293e-03,8.780222386121749878e-03,2.230096980929374695e-02,3.542441129684448242e-02,4.883779585361480713e-02,6.188108026981353760e-02,7.481238991022109985e-02,8.737809211015701294e-02,9.922596067190170288e-02,1.099606454372406006e-01,1.198138520121574402e-01,1.281983256340026855e-01,1.351048946380615234e-01,1.407434344291687012e-01,1.444860994815826416e-01,1.466165930032730103e-01,1.465883553028106689e-01,1.447839140892028809e-01,1.410602629184722900e-01,1.358845829963684082e-01,1.288459450006484985e-01,1.209402829408645630e-01,1.114396527409553528e-01,1.011097356677055359e-01,8.996277302503585815e-02,7.829383760690689087e-02,6.600387394428253174e-02,5.311332270503044128e-02,4.009825363755226135e-02,2.646030858159065247e-02,1.349585037678480148e-02,5.317259929142892361e-04
8.414880139753222466e-04,-1.206413004547357559e-02,-2.360240183770656586e-02,-3.586627542972564697e-02,-4.792147129774093628e-02,-5.937216058373451233e-02,-7.066113501787185669e-02,-8.156050741672515869e-02,-9.172315895557403564e-02,-1.012032777070999146e-01,-1.100018620491027832e-01,-1.172103732824325562e-01,-1.239072456955909729e-01,-1.290608346462249756e-01,-1.330681294202804565e-01,-1.352223157882690430e-01,-1.364829838275909424e-01,-1.361381858587265015e-01,-1.344074755907058716e-01,-1.308131068944931030e-01,-1.265142112970352173e-01,-1.205047070980072021e-01,-1.133212596178054810e-01,-1.044424250721931458e-01,-9.483356773853302002e-02,-8.420222997665405273e-02,-7.305712252855300903e-02,-6.134732067584991455e-02,-4.940226674079895020e-02,-3.665006905794143677e-02,-2.365750633180141449e-02,-1.013166364282369614e-02,3.277753246948122978e-03,1.686304807662963867e-02,3.039030358195304871e-02,4.348268732428550720e-02,5.627087131142616272e-02,6.860321760177612305e-02,8.058844506740570068e-02,9.205335378646850586e-02,1.027554348111152649e-01,1.120750606060028076e-01,1.205429509282112122e-01,1.277321130037307739e-01,1.334601938724517822e-01,1.382623612880706787e-01,1.409459263086318970e-01,1.424663811922073364e-01,1.422033607959747314e-01,1.404322683811187744e-01,1.367422640323638916e-01,1.319306492805480957e-01,1.257135570049285889e-01,1.184093058109283447e-01,1.093893796205520630e-01,9.972465783357620239e-02,8.940550684928894043e-02,7.790216803550720215e-02,6.614384055137634277e-02,5.342675000429153442e-02,4.063204303383827209e-02,2.689916267991065979e-02,1.356253214180469513e-02,1.588138402439653873e-04
8.503614226356148720e-04,-1.388299930840730667e-02,-2.789627015590667725e-02,-4.224330559372901917e-02,-5.577170476317405701e-02,-6.852341443300247192e-02,-8.079455792903900146e-02,-9.290164709091186523e-02,-1.029415801167488098e-01,-1.124862134456634521e-01,-1.205045953392982483e-01,-1.277939677238464355e-01,-1.331135481595993042e-01,-1.374204158782958984e-01,-1.398445814847946167e-01,-1.413077712059020996e-01,-1.406491249799728394e-01,-1.390449702739715576e-01,-1.354714184999465942e-01,-1.315975487232208252e-01,-1.256805062294006348e-01,-1.188319399952888489e-01,-1.096803620457649231e-01,-1.002528741955757141e-01,-9.000375121831893921e-02,-7.892974466085433960e-02,-6.717519462108612061e-02,-5.491659790277481079e-02,-4.224517196416854858e-02,-2.927350811660289764e-02,-1.593821495771408081e-02,-2.487680874764919281e-03,1.110017206519842148e-02,2.417459711432456970e-02,3.734884411096572876e-02,4.966778680682182312e-02,6.186338141560554504e-02,7.326294481754302979e-02,8.380956947803497314e-02,9.392806887626647949e-02,1.030296161770820618e-01,1.112689673900604248e-01,1.181241795420646667e-01,1.244224831461906433e-01,1.286845058202743530e-01,1.324187368154525757e-01,1.344324052333831787e-01,1.355135291814804077e-01,1.345568448305130005e-01,1.329377889633178711e-01,1.297477781772613525e-01,1.253439337015151978e-01,1.193781420588493347e-01,1.126870214939117432e-01,1.048133000731468201e-01,9.606001526117324829e-02,8.612968027591705322e-02,7.578022032976150513e-02,6.427777558565139771e-02,5.231150239706039429e-02,3.970406204462051392e-02,2.621213719248771667e-02,1.349190995097160339e-02,5.516397068277001381e-04
1.125263515859842300e-03,-1.562179625034332275e-02,-3.108208999037742615e-02,-4.637233167886734009e-02,-6.142803654074668884e-02,-7.537931948900222778e-02,-8.831913769245147705e-02,-1.005581915378570557e-01,-1.109577715396881104e-01,-1.198681592941284180e-01,-1.275744885206222534e-01,-1.337854862213134766e-01,-1.385579705238342285e-01,-1.415158212184906006e-01,-1.428327709436416626e-01,-1.426127701997756958e-01,-1.412578672170639038e-01,-1.379453688859939575e-01,-1.340511888265609741e-01,-1.285606920719146729e-01,-1.221956610679626465e-01,-1.136538311839103699e-01,-1.041613370180130005e-01,-9.394111484289169312e-02,-8.334241807460784912e-02,-7.194276899099349976e-02,-5.995291844010353088e-02,-4.718727245926856995e-02,-3.453071787953376770e-02,-2.119642496109008789e-02,-8.037947118282318115e-03,5.533297546207904816e-03,1.856873184442520142e-02,3.093533590435981750e-02,4.320226982235908508e-02,5.486555397510528564e-02,6.577107310295104980e-02,7.587945461273193359e-02,8.534397184848785400e-02,9.387047588825225830e-02,1.014558002352714539e-01,1.080724447965621948e-01,1.136487498879432678e-01,1.181234419345855713e-01,1.214246898889541626e-01,1.243434697389602661e-01,1.254661530256271362e-01,1.258039176464080811e-01,1.247810274362564087e-01,1.231393292546272278e-01,1.199208348989486694e-01,1.160202026367187500e-01,1.105658337473869324e-01,1.049637123942375183e-01,9.761904180049896240e-02,8.977394551038742065e-02,8.080168813467025757e-02,7.116828113794326782e-02,6.071311607956886292e-02,4.944544285535812378e-02,3.751455992460250854e-02,2.489989623427391052e-02,1.268260553479194641e-02,1.754553086357191205e-04
8.095897501334547997e-04,-1.644115708768367767e-02,-3.326735645532608032e-02,-4.986356198787689209e-02,-6.551776826381683350e-02,-7.972146570682525635e-02,-9.331670403480529785e-02,-1.052256450057029724e-01,-1.155881062150001526e-01,-1.243651732802391052e-01,-1.313755065202713013e-01,-1.369498819112777710e-01,-1.404622197151184082e-01,-1.425317525863647461e-01,-1.424964815378189087e-01,-1.413064897060394287e-01,-1.384338438510894775e-01,-1.348066627979278564e-01,-1.293008923530578613e-01,-1.230130121111869812e-01,-1.148071736097335815e-01,-1.060330122709274292e-01,-9.607189148664474487e-02,-8.582591265439987183e-02,-7.477746903896331787e-02,-6.350458413362503052e-02,-5.131238326430320740e-02,-3.927670419216156006e-02,-2.617638371884822845e-02,-1.346105337142944336e-02,-5.128421471454203129e-04,1.201973110437393188e-02,2.464071102440357208e-02,3.583015128970146179e-02,4.729946330189704895e-02,5.750463157892227173e-02,6.730668991804122925e-02,7.602558284997940063e-02,8.414908498525619507e-02,9.123045951128005981e-02,9.723939746618270874e-02,1.021475344896316528e-01,1.065937504172325134e-01,1.100041866302490234e-01,1.120167076587677002e-01,1.137348487973213196e-01,1.143504381179809570e-01,1.144789010286331177e-01,1.129656508564949036e-01,1.113994419574737549e-01,1.087654232978820801e-01,1.053979098796844482e-01,1.006258949637413025e-01,9.538289159536361694e-02,8.921095728874206543e-02,8.232638239860534668e-02,7.432546466588973999e-02,6.568045914173126221e-02,5.607002601027488708e-02,4.580214247107505798e-02,3.454549610614776611e-02,2.321148291230201721e-02,1.189026702195405960e-02,8.006952702999114990e-04
8.511113701388239861e-04,-1.684500835835933685e-02,-3.398076072335243225e-02,-5.026964843273162842e-02,-6.599841266870498657e-02,-8.042392134666442871e-02,-9.363101422786712646e-02,-1.052947193384170532e-01,-1.152389198541641235e-01,-1.234795302152633667e-01,-1.298353970050811768e-01,-1.343131512403488159e-01,-1.374210417270660400e-01,-1.382843106985092163e-01,-1.376333534717559814e-01,-1.355190724134445190e-01,-1.324874311685562134e-01,-1.276372522115707397e-01,-1.216509118676185608e-01,-1.143710091710090637e-01,-1.058208644390106201e-01,-9.687392413616180420e-02,-8.690014481544494629e-02,-7.664828747510910034e-02,-6.559938192367553711e-02,-5.460534244775772095e-02,-4.265290126204490662e-02,-3.082813322544097900e-02,-1.859911903738975525e-02,-6.280608940869569778e-03,5.940336268395185471e-03,1.770594157278537750e-02,2.898483723402023315e-02,3.922048211097717285e-02,4.946975037455558777e-02,5.841340497136116028e-02,6.670754402875900269e-02,7.417749613523483276e-02,8.086159080266952515e-02,8.644405752420425415e-02,9.092044830322265625e-02,9.453643113374710083e-02,9.741002321243286133e-02,9.966421872377395630e-02,1.006997823715209961e-01,1.018530502915382385e-01,1.015916094183921814e-01,1.013605296611785889e-01,9.979558736085891724e-02,9.838861227035522461e-02,9.584372490644454956e-02,9.298299252986907959e-02,8.882968872785568237e-02,8.454617857933044434e-02,7.898934185504913330e-02,7.310789078474044800e-02,6.610909849405288696e-02,5.866882577538490295e-02,5.027975514531135559e-02,4.112799838185310364e-02,3.129892423748970032e-02,2.083095908164978027e-02,1.070770155638456345e-02,3.228638961445540190e-04
9.327377192676067352e-04,-1.630812510848045349e-02,-3.327479586005210876e-02,-4.879935085773468018e-02,-6.425121426582336426e-02,-7.756416499614715576e-02,-9.043919295072555542e-02,-1.013830080628395081e-01,-1.106453984975814819e-01,-1.179446280002593994e-01,-1.236574053764343262e-01,-1.275836527347564697e-01,-1.295869648456573486e-01,-1.300682425498962402e-01,-1.287619769573211670e-01,-1.265839189291000366e-01,-1.225957274436950684e-01,-1.173530146479606628e-01,-1.108203828334808350e-01,-1.031890735030174255e-01,-9.484437108039855957e-02,-8.595712482929229736e-02,-7.629743218421936035e-02,-6.623874604701995850e-02,-5.575271695852279663e-02,-4.518409445881843567e-02,-3.391860425472259521e-02,-2.287279255688190460e-02,-1.147507224231958389e-02,-5.783516098745167255e-04,1.062127109616994858e-02,2.107754908502101898e-02,3.112849406898021698e-02,4.014115408062934875e-02,4.903281107544898987e-02,5.657437816262245178e-02,6.368831545114517212e-02,6.942988932132720947e-02,7.480484992265701294e-02,7.897123694419860840e-02,8.231826126575469971e-02,8.476173877716064453e-02,8.664154261350631714e-02,8.784729987382888794e-02,8.828897029161453247e-02,8.848419040441513062e-02,8.801090717315673828e-02,8.728476613759994507e-02,8.581804484128952026e-02,8.445749431848526001e-02,8.222496509552001953e-02,7.982844859361648560e-02,7.645338028669357300e-02,7.274746894836425781e-02,6.814604997634887695e-02,6.301005929708480835e-02,5.718922987580299377e-02,5.090952664613723755e-02,4.349173977971076965e-02,3.588056564331054688e-02,2.721527218818664551e-02,1.852688752114772797e-02,9.556113742291927338e-03,4.496983310673385859e-04
5.567552871070802212e-04,-1.482197642326354980e-02,-3.046533651649951935e-02,-4.487917199730873108e-02,-5.921768024563789368e-02,-7.163079082965850830e-02,-8.320024609565734863e-02,-9.289441257715225220e-02,-1.012927517294883728e-01,-1.076329350471496582e-01,-1.125528141856193542e-01,-1.156017258763313293e-01,-1.174033135175704956e-01,-1.173183545470237732e-01,-1.159546822309494019e-01,-1.129569262266159058e-01,-1.089254021644592285e-01,-1.035531237721443176e-01,-9.694602340459823608e-02,-8.987273275852203369e-02,-8.211855590343475342e-02,-7.359243184328079224e-02,-6.496614962816238403e-02,-5.543941631913185120e-02,-4.603724926710128784e-02,-3.601799160242080688e-02,-2.615271694958209991e-02,-1.598472706973552704e-02,-6.076755002140998840e-03,3.657548222690820694e-03,1.323881372809410095e-02,2.244101278483867645e-02,3.085559979081153870e-02,3.856982290744781494e-02,4.606506973505020142e-02,5.250639840960502625e-02,5.802507698535919189e-02,6.263639777898788452e-02,6.686708331108093262e-02,6.995096802711486816e-02,7.208402454853057861e-02,7.367976754903793335e-02,7.480648905038833618e-02,7.525923848152160645e-02,7.495748251676559448e-02,7.481217384338378906e-02,7.411746680736541748e-02,7.345671951770782471e-02,7.190793752670288086e-02,7.049058377742767334e-02,6.864950060844421387e-02,6.668314337730407715e-02,6.371738016605377197e-02,6.067936494946479797e-02,5.683795735239982605e-02,5.280105024576187134e-02,4.801269248127937317e-02,4.255564138293266296e-02,3.662729635834693909e-02,3.010223805904388428e-02,2.289895527064800262e-02,1.562586612999439240e-02,8.125091902911663055e-03,1.646350137889385223e-04
4.117724020034074783e-04,-1.297720521688461304e-02,-2.641214430332183838e-02,-3.964157775044441223e-02,-5.180397629737854004e-02,-6.221611052751541138e-02,-7.235036790370941162e-02,-8.060160279273986816e-02,-8.770065009593963623e-02,-9.307074546813964844e-02,-9.674585610628128052e-02,-9.919683635234832764e-02,-1.005920022726058960e-01,-1.001613587141036987e-01,-9.844159334897994995e-02,-9.544233977794647217e-02,-9.207164496183395386e-02,-8.705344051122665405e-02,-8.142326027154922485e-02,-7.480607181787490845e-02,-6.834705919027328491e-02,-6.040730327367782593e-02,-5.277796834707260132e-02,-4.451847821474075317e-02,-3.646145015954971313e-02,-2.755704708397388458e-02,-1.900702714920043945e-02,-1.027539279311895370e-02,-1.947516575455665588e-03,6.171237211674451828e-03,1.405652984976768494e-02,2.160899154841899872e-02,2.862882241606712341e-02,3.484907373785972595e-02,4.078968241810798645e-02,4.586861282587051392e-02,5.024508759379386902e-02,5.330599471926689148e-02,5.641638115048408508e-02,5.843755975365638733e-02,5.988172069191932678e-02,6.084423512220382690e-02,6.139709055423736572e-02,6.144740805029869080e-02,6.085143983364105225e-02,6.003970652818679810e-02,5.921714007854461670e-02,5.855773016810417175e-02,5.712335184216499329e-02,5.587818101048469543e-02,5.426739528775215149e-02,5.270070582628250122e-02,5.050300434231758118e-02,4.808421805500984192e-02,4.492962732911109924e-02,4.196546226739883423e-02,3.814509510993957520e-02,3.388343378901481628e-02,2.889387123286724091e-02,2.373532950878143311e-02,1.805603504180908203e-02,1.254877634346485138e-02,6.537637673318386078e-03,1.730423246044665575e-04
1.018990413285791874e-03,-1.010187808424234390e-02,-2.071218192577362061e-02,-3.187134861946105957e-02,-4.156567156314849854e-02,-4.984037950634956360e-02,-5.782610177993774414e-02,-6.422060728073120117e-02,-6.989704072475433350e-02,-7.375853508710861206e-02,-7.682186365127563477e-02,-7.829848676919937134e-02,-7.920581847429275513e-02,-7.841335237026214600e-02,-7.722241431474685669e-02,-7.452925294637680054e-02,-7.141765207052230835e-02,-6.714583933353424072e-02,-6.278136372566223145e-02,-5.716502293944358826e-02,-5.179289728403091431e-02,-4.535852000117301941e-02,-3.950751572847366333e-02,-3.255854174494743347e-02,-2.620359696447849274e-02,-1.941622048616409302e-02,-1.284908782690763474e-02,-5.916454363614320755e-03,2.765597600955516100e-04,6.726271938532590866e-03,1.274309027940034866e-02,1.853989996016025543e-02,2.375069819390773773e-02,2.858481183648109436e-02,3.294632211327552795e-02,3.675147518515586853e-02,3.980562463402748108e-02,4.221054539084434509e-02,4.422400146722793579e-02,4.557455331087112427e-02,4.649250209331512451e-02,4.694020748138427734e-02,4.692400246858596802e-02,4.678980633616447449e-02,4.605356231331825256e-02,4.521423950791358948e-02,4.444430768489837646e-02,4.371596872806549072e-02,4.280338063836097717e-02,4.163846001029014587e-02,4.057144373655319214e-02,3.937002271413803101e-02,3.789994865655899048e-02,3.570414334535598755e-02,3.358906507492065430e-02,3.111150860786437988e-02,2.862185426056385040e-02,2.522170357406139374e-02,2.180270478129386902e-02,1.758102513849735260e-02,1.353419478982686996e-02,9.436424821615219116e-03,4.780912306159734726e-03,-3.299930904177017510e-05
8.076915401034057140e-04,-6.954015232622623444e-03,-1.468585710972547531e-02,-2.183113805949687958e-02,-2.859552577137947083e-02,-3.435112535953521729e-02,-3.986454010009765625e-02,-4.447714611887931824e-02,-4.826621338725090027e-02,-5.114448070526123047e-02,-5.345596745610237122e-02,-5.430588871240615845e-02,-5.468165874481201172e-02,-5.417828634381294250e-02,-5.333614721894264221e-02,-5.100728943943977356e-02,-4.889070987701416016e-02,-4.601257666945457458e-02,-4.289600625634193420e-02,-3.889456391334533691e-02,-3.492900729179382324e-02,-3.096826933324337006e-02,-2.640930563211441040e-02,-2.174965664744377136e-02,-1.701048389077186584e-02,-1.277574338018894196e-02,-7.961624301970005035e-03,-3.339438932016491890e-03,1.187059562653303146e-03,5.161216948181390762e-03,9.528590366244316101e-03,1.337983272969722748e-02,1.714062504470348358e-02,2.006904222071170807e-02,2.318638004362583160e-02,2.569142170250415802e-02,2.757981978356838226e-02,2.911102212965488434e-02,3.042096830904483795e-02,3.125438839197158813e-02,3.158869594335556030e-02,3.175751119852066040e-02,3.166673332452774048e-02,3.144969418644905090e-02,3.052849508821964264e-02,3.011104464530944824e-02,2.937939763069152832e-02,2.899838797748088837e-02,2.803662978112697601e-02,2.755418233573436737e-02,2.669565938413143158e-02,2.607576735317707062e-02,2.478044293820858002e-02,2.357264608144760132e-02,2.203612960875034332e-02,2.054489590227603912e-02,1.866835355758666992e-02,1.665608026087284088e-02,1.430252194404602051e-02,1.171303819864988327e-02,8.779107592999935150e-03,6.063713692128658295e-03,3.238480072468519211e-03,-1.698930827842559665e-05
1.634194399230182171e-03,-3.643248695880174637e-03,-7.294250652194023132e-03,-1.067780517041683197e-02,-1.457372028380632401e-02,-1.731526851654052734e-02,-2.032479643821716309e-02,-2.249980531632900238e-02,-2.464220114052295685e-02,-2.599876560270786285e-02,-2.724058926105499268e-02,-2.772302366793155670e-02,-2.796939574182033539e-02,-2.768954634666442871e-02,-2.703203447163105011e-02,-2.601020596921443939e-02,-2.498055994510650635e-02,-2.337427064776420593e-02,-2.176789008080959320e-02,-1.963589154183864594e-02,-1.757525466382503510e-02,-1.529112458229064941e-02,-1.295990496873855591e-02,-1.059675496071577072e-02,-8.204113692045211792e-03,-5.806339439004659653e-03,-3.496132325381040573e-03,-1.186072011478245258e-03,7.837966550141572952e-04,3.143551992252469063e-03,5.055563058704137802e-03,7.211492862552404404e-03,8.757637813687324524e-03,1.065153162926435471e-02,1.195567194372415543e-02,1.334193907678127289e-02,1.393302995711565018e-02,1.513468474149703979e-02,1.547089125961065292e-02,1.601564325392246246e-02,1.610946096479892731e-02,1.638792827725410461e-02,1.612109318375587463e-02,1.588825508952140808e-02,1.532578468322753906e-02,1.514355372637510300e-02,1.475633867084980011e-02,1.443892531096935272e-02,1.421846915036439896e-02,1.395592931658029556e-02,1.367230527102947235e-02,1.305703818798065186e-02,1.263047289103269577e-02,1.183120720088481903e-02,1.115786470472812653e-02,1.021376810967922211e-02,9.462977759540081024e-03,8.143162354826927185e-03,7.192234043031930923e-03,5.730099510401487350e-03,4.360846709460020065e-03,2.676999662071466446e-03,1.105358358472585678e-03,-8.055671933107078075e-04
1.800577272661030293e-03,2.103953855112195015e-03,1.980629749596118927e-03,1.521644880995154381e-03,6.438805721700191498e-04,6.960446480661630630e-04,3.136325976811349392e-04,5.424319533631205559e-04,8.551012724637985229e-04,3.440205473452806473e-04,6.860352004878222942e-04,6.145702209323644638e-04,7.941588410176336765e-04,1.908764243125915527e-04,2.410137676633894444e-04,3.662930394057184458e-04,3.182613290846347809e-04,-1.522609381936490536e-04,-1.496307668276131153e-04,-2.140123106073588133e-04,-1.089611469069495797e-04,-5.350389983505010605e-04,-2.231498510809615254e-04,-3.611925349105149508e-04,-3.579706244636327028e-04,-2.926623856183141470e-04,-2.520009002182632685e-05,1.209062611451372504e-04,1.468513073632493615e-04,-2.172900858568027616e-04,-1.772600080585107207e-04,-2.199627779191359878e-04,-1.607479935046285391e-04,-6.797803507652133703e-05,8.788812556304037571e-05,2.409102744422852993e-04,4.410472174640744925e-04,1.827274099923670292e-04,1.886118261609226465e-04,3.211756848031654954e-05,3.458069404587149620e-04,1.038947666529566050e-04,2.319696504855528474e-04,-2.958653203677386045e-04,-2.311623829882591963e-04,-2.186542114941403270e-04,-8.311692363349720836e-05,-1.206576635013334453e-04,1.506619737483561039e-04,-9.849379421211779118e-05,2.585839829407632351e-04,-9.604579827282577753e-05,-8.318625623360276222e-05,-2.081409329548478127e-04,1.031718056765384972e-04,2.211347418779041618e-05,2.984755265060812235e-04,-6.196467438712716103e-05,7.951484440127387643e-05,-2.167740167351439595e-04,-3.141536435578018427e-04,-4.204019205644726753e-04,-7.558095385320484638e-04,-9.088668157346546650e-04
