-9.326584637165069580e-03,-6.143405567854642868e-03,-6.782393902540206909e-03,-4.885131493210792542e-04,1.480947947129607201e-03,2.010843250900506973e-03,3.266281448304653168e-03,3.632175968959927559e-03,4.808246158063411713e-03,6.182783283293247223e-03,7.552315481007099152e-03,8.756636641919612885e-03,9.848955087363719940e-03,6.848846562206745148e-03,7.015869952738285065e-03,4.568075761198997498e-03,3.522439161315560341e-03,-1.717420964268967509e-04,1.617782749235630035e-03,-1.512047718279063702e-03,1.511719747213646770e-04,-2.766959369182586670e-03,1.184631837531924248e-03,-2.254283288493752480e-03,-1.720187428873032331e-04,-2.040559920715168118e-04,2.404413418844342232e-03,1.461205072700977325e-03,1.681360066868364811e-03,3.930097445845603943e-03,5.193457473069429398e-03,5.556689109653234482e-03,3.601906821131706238e-03,3.837895812466740608e-03,3.405394963920116425e-03,4.918642807751893997e-03,2.428030828014016151e-03,1.444762456230819225e-03,1.696552848443388939e-03,3.078015521168708801e-03,1.950822537764906883e-03,9.790582116693258286e-04,1.362412469461560249e-03,6.498830043710768223e-04,1.882845419459044933e-03,2.207643352448940277e-03,3.904267912730574608e-03,2.845931798219680786e-03,5.476946942508220673e-03,5.827661138027906418e-03,6.832596845924854279e-03,6.555185187608003616e-03,6.849790457636117935e-03,6.654251366853713989e-03,5.853466689586639404e-03,6.496124900877475739e-03,4.234642256051301956e-03,3.596395952627062798e-03,1.882020384073257446e-03,-1.380745554342865944e-03,-6.408847868442535400e-03,7.243642117828130722e-03,6.603283807635307312e-03,1.378159970045089722e-02
1.892138854600489140e-03,-2.289423253387212753e-03,-2.407562686130404472e-03,-2.764757955446839333e-04,2.920279745012521744e-03,4.128677770495414734e-03,7.504049222916364670e-03,1.069162692874670029e-02,1.543971430510282516e-02,1.878969371318817139e-02,1.977838389575481415e-02,2.475910633802413940e-02,2.913467027246952057e-02,2.836584299802780151e-02,3.223073855042457581e-02,2.988904714584350586e-02,3.680288419127464294e-02,3.066948056221008301e-02,3.875260055065155029e-02,3.054684586822986603e-02,3.809526190161705017e-02,2.730280719697475433e-02,3.491850942373275757e-02,2.364088781177997589e-02,2.623603120446205139e-02,1.753982342779636383e-02,2.015729434788227081e-02,1.539028249680995941e-02,1.484888885170221329e-02,1.533860806375741959e-02,1.510097179561853409e-02,1.595894619822502136e-02,1.390923280268907547e-02,1.233387459069490433e-02,1.332216057926416397e-02,1.296057645231485367e-02,1.319289021193981171e-02,1.063029840588569641e-02,1.228984445333480835e-02,9.721414186060428619e-03,7.987224496901035309e-03,3.546817461028695107e-03,2.636654302477836609e-03,-2.606634283438324928e-03,-4.110168665647506714e-03,-7.070071529597043991e-03,-6.264206022024154663e-03,-8.774464018642902374e-03,-1.011502649635076523e-02,-1.040531694889068604e-02,-1.039761304855346680e-02,-8.980424143373966217e-03,-8.745023049414157867e-03,-6.562814116477966309e-03,-6.096389610320329666e-03,-3.660763148218393326e-03,-2.745192963629961014e-03,-4.772927786689251661e-04,-2.376391057623550296e-04,-2.414501039311289787e-03,-2.959458855912089348e-03,1.449102186597883701e-03,-2.522414317354559898e-03,3.120345296338200569e-03
9.304425329901278019e-04,3.160574706271290779e-03,-3.433933481574058533e-03,-1.694172387942671776e-03,2.192091895267367363e-03,5.338560789823532104e-03,1.468806341290473938e-02,1.979916170239448547e-02,3.392589837312698364e-02,3.968911245465278625e-02,5.181320756673812866e-02,6.060812622308731079e-02,7.029280811548233032e-02,7.581482827663421631e-02,7.829753309488296509e-02,8.271428197622299194e-02,8.391251415014266968e-02,8.496244996786117554e-02,7.958166301250457764e-02,7.554166764020919800e-02,7.237190753221511841e-02,6.559461355209350586e-02,5.931578949093818665e-02,4.859235137701034546e-02,4.637032002210617065e-02,3.824541717767715454e-02,3.503727167844772339e-02,2.995840273797512054e-02,3.145275264978408813e-02,3.062791377305984497e-02,3.282649815082550049e-02,3.470843285322189331e-02,3.637498617172241211e-02,3.740380704402923584e-02,3.608049452304840088e-02,3.883154317736625671e-02,3.523074835538864136e-02,3.341194987297058105e-02,2.845534868538379669e-02,2.368221245706081390e-02,1.772522367537021637e-02,8.249726146459579468e-03,1.990579068660736084e-03,-9.953563101589679718e-03,-1.452685426920652390e-02,-2.236237004399299622e-02,-2.266186848282814026e-02,-2.860021777451038361e-02,-2.692357078194618225e-02,-2.836441248655319214e-02,-2.390232682228088379e-02,-2.186569198966026306e-02,-1.633475907146930695e-02,-1.200057286769151688e-02,-7.397375535219907761e-03,-1.254720147699117661e-03,6.730707245878875256e-04,5.021673627197742462e-03,4.607866518199443817e-03,3.841862548142671585e-03,5.781872896477580070e-04,4.851875361055135727e-03,5.104537121951580048e-04,-7.556411437690258026e-04
3.646651748567819595e-03,6.428278051316738129e-03,4.040204803459346294e-04,5.346702877432107925e-03,7.955318316817283630e-03,1.324399001896381378e-02,2.015129104256629944e-02,3.088858909904956818e-02,4.122936353087425232e-02,5.339415371417999268e-02,6.454837322235107422e-02,7.958063483238220215e-02,8.900756388902664185e-02,1.007609814405441284e-01,1.102308928966522217e-01,1.152663454413414001e-01,1.222988367080688477e-01,1.197917014360427856e-01,1.215123087167739868e-01,1.129684969782829285e-01,1.121016219258308411e-01,9.773166477680206299e-02,9.311084449291229248e-02,8.080415427684783936e-02,7.479523867368698120e-02,6.249510869383811951e-02,5.567776784300804138e-02,5.218520015478134155e-02,4.646155610680580139e-02,4.649678617715835571e-02,4.279877245426177979e-02,4.686689004302024841e-02,4.537544772028923035e-02,4.772713780403137207e-02,4.791288077831268311e-02,4.860888421535491943e-02,4.711557924747467041e-02,4.360178112983703613e-02,3.884958103299140930e-02,3.089172206819057465e-02,2.392903715372085571e-02,1.246594451367855072e-02,2.464102813974022865e-03,-8.750512264668941498e-03,-1.722676679491996765e-02,-2.553455904126167297e-02,-3.262022137641906738e-02,-3.483259305357933044e-02,-3.885608538985252380e-02,-3.782907128334045410e-02,-3.920694813132286072e-02,-3.200982883572578430e-02,-2.981453202664852142e-02,-2.078944817185401917e-02,-1.761293224990367889e-02,-9.348582476377487183e-03,-4.934402182698249817e-03,1.523960730992257595e-03,3.431111807003617287e-03,3.595867659896612167e-03,1.820638775825500488e-03,7.262181490659713745e-03,3.029002808034420013e-03,4.017458762973546982e-03
2.279256004840135574e-03,4.670155234634876251e-03,-1.606300473213195801e-03,3.760657738894224167e-03,5.317751318216323853e-03,1.227187458425760269e-02,2.243871986865997314e-02,3.384130448102951050e-02,5.029576644301414490e-02,6.554442644119262695e-02,8.192653208971023560e-02,9.433603286743164062e-02,1.116470173001289368e-01,1.252116560935974121e-01,1.332962810993194580e-01,1.421120464801788330e-01,1.475931704044342041e-01,1.506716609001159668e-01,1.455344557762145996e-01,1.392800211906433105e-01,1.334514617919921875e-01,1.192081421613693237e-01,1.126863583922386169e-01,9.846672415733337402e-02,8.750522136688232422e-02,7.561010122299194336e-02,6.796205788850784302e-02,6.293330341577529907e-02,5.708437040448188782e-02,5.685183033347129822e-02,5.517496541142463684e-02,5.643740668892860413e-02,5.654580891132354736e-02,6.112538278102874756e-02,5.825850367546081543e-02,5.989757180213928223e-02,5.639821290969848633e-02,5.454330518841743469e-02,4.736948385834693909e-02,3.852684050798416138e-02,2.903080359101295471e-02,1.463579852133989334e-02,4.926265683025121689e-03,-1.027166657149791718e-02,-2.141857333481311798e-02,-3.232498839497566223e-02,-3.893198072910308838e-02,-4.394447803497314453e-02,-4.740497097373008728e-02,-4.721561446785926819e-02,-4.596998542547225952e-02,-4.195611178874969482e-02,-3.574274852871894836e-02,-2.608097717165946960e-02,-1.951229572296142578e-02,-1.273488719016313553e-02,-7.031641900539398193e-03,2.223288320237770677e-04,2.188703510910272598e-03,2.189939608797430992e-03,8.963501895777881145e-04,8.891399949789047241e-03,3.136421786621212959e-03,4.738028161227703094e-03
4.093809518963098526e-03,6.652226671576499939e-03,-1.328263198956847191e-03,2.874078229069709778e-03,6.000325083732604980e-03,1.218678243458271027e-02,2.201253920793533325e-02,3.864186629652976990e-02,5.144960805773735046e-02,7.161957770586013794e-02,8.754134923219680786e-02,1.101592108607292175e-01,1.229800805449485779e-01,1.440346837043762207e-01,1.567137092351913452e-01,1.691168844699859619e-01,1.714384555816650391e-01,1.719152927398681641e-01,1.692155301570892334e-01,1.589595973491668701e-01,1.527556777000427246e-01,1.348432749509811401e-01,1.286949068307876587e-01,1.113703399896621704e-01,1.012454256415367126e-01,8.523538708686828613e-02,7.687873393297195435e-02,6.787759810686111450e-02,6.162126734852790833e-02,6.108658760786056519e-02,5.797478556632995605e-02,5.981196090579032898e-02,5.952383950352668762e-02,6.320815533399581909e-02,6.431168317794799805e-02,6.369728595018386841e-02,6.095829606056213379e-02,5.780652910470962524e-02,5.097546800971031189e-02,3.993288427591323853e-02,3.057439438998699188e-02,1.449155621230602264e-02,1.094270497560501099e-03,-1.431871205568313599e-02,-2.607531659305095673e-02,-3.783816844224929810e-02,-4.714667052030563354e-02,-5.310549959540367126e-02,-5.708888545632362366e-02,-5.722973123192787170e-02,-5.772282555699348450e-02,-5.120826885104179382e-02,-4.669443145394325256e-02,-3.369528055191040039e-02,-2.719705924391746521e-02,-1.624622568488121033e-02,-1.011779997497797012e-02,-1.418742351233959198e-03,1.425503985956311226e-03,3.625950543209910393e-03,2.265712944790720940e-03,8.198278956115245819e-03,3.794490825384855270e-03,4.357979632914066315e-03
6.178487092256546021e-03,5.990365054458379745e-03,-1.086217816919088364e-03,1.314793713390827179e-03,4.704195540398359299e-03,1.076861098408699036e-02,2.191047742962837219e-02,3.665591403841972351e-02,5.542800948023796082e-02,7.385099679231643677e-02,9.702948480844497681e-02,1.151924803853034973e-01,1.388803571462631226e-01,1.575561314821243286e-01,1.747246831655502319e-01,1.845297217369079590e-01,1.897755265235900879e-01,1.907991766929626465e-01,1.860673725605010986e-01,1.758134961128234863e-01,1.666840761899948120e-01,1.501799821853637695e-01,1.371637880802154541e-01,1.195711418986320496e-01,1.062985956668853760e-01,9.339039772748947144e-02,7.987834513187408447e-02,7.100965827703475952e-02,6.277894973754882812e-02,6.354083120822906494e-02,5.964421480894088745e-02,6.088164821267127991e-02,6.248185783624649048e-02,6.554825603961944580e-02,6.537000834941864014e-02,6.542942672967910767e-02,6.236990541219711304e-02,5.876207351684570312e-02,5.031998082995414734e-02,4.066104441881179810e-02,2.928171306848526001e-02,1.385209150612354279e-02,5.040864925831556320e-05,-1.777819171547889709e-02,-3.077323175966739655e-02,-4.236908257007598877e-02,-5.270344763994216919e-02,-6.097723171114921570e-02,-6.373661011457443237e-02,-6.380628794431686401e-02,-6.318776309490203857e-02,-5.951823294162750244e-02,-5.047519505023956299e-02,-4.029991477727890015e-02,-3.102090582251548767e-02,-2.201406657695770264e-02,-1.326431427150964737e-02,-6.059648934751749039e-03,-1.536405761726200581e-03,2.467315352987498045e-04,1.120912493206560612e-03,8.835458196699619293e-03,3.465899964794516563e-03,5.619894247502088547e-03
5.480969790369272232e-03,5.204845685511827469e-03,-5.413563456386327744e-03,-1.212737057358026505e-03,3.973728045821189880e-03,7.671390194445848465e-03,1.988882757723331451e-02,3.560111671686172485e-02,5.402866750955581665e-02,7.638123631477355957e-02,9.621066600084304810e-02,1.217593401670455933e-01,1.416908204555511475e-01,1.650434434413909912e-01,1.799338459968566895e-01,1.931893527507781982e-01,1.959231197834014893e-01,1.976389437913894653e-01,1.912667304277420044e-01,1.851795315742492676e-01,1.719119846820831299e-01,1.553081870079040527e-01,1.400323063135147095e-01,1.217809543013572693e-01,1.059952452778816223e-01,9.176303446292877197e-02,7.885991036891937256e-02,6.808812916278839111e-02,6.132366135716438293e-02,6.001903861761093140e-02,5.606809258460998535e-02,5.777410417795181274e-02,5.875103548169136047e-02,6.328241527080535889e-02,6.220388412475585938e-02,6.404571980237960815e-02,5.981088429689407349e-02,5.745760723948478699e-02,4.781074449419975281e-02,3.832919523119926453e-02,2.536928839981555939e-02,9.774555452167987823e-03,-5.556950811296701431e-03,-2.215589210391044617e-02,-3.670344874262809753e-02,-4.940899834036827087e-02,-5.879724025726318359e-02,-6.526698172092437744e-02,-6.976304203271865845e-02,-7.004132866859436035e-02,-7.014278322458267212e-02,-6.352197378873825073e-02,-5.871142074465751648e-02,-4.458874464035034180e-02,-3.715886175632476807e-02,-2.465469576418399811e-02,-1.728211343288421631e-02,-6.164179649204015732e-03,-3.396616084501147270e-03,2.525617601349949837e-04,7.655564113520085812e-04,8.303487673401832581e-03,3.661416471004486084e-03,4.813213832676410675e-03
5.110159516334533691e-03,4.753462504595518112e-03,-6.415729876607656479e-03,-3.426563227549195290e-03,-4.797333094757050276e-04,6.907211616635322571e-03,1.404146198183298111e-02,3.175690025091171265e-02,4.856640473008155823e-02,7.043148577213287354e-02,9.386225789785385132e-02,1.168494597077369690e-01,1.411804854869842529e-01,1.611301302909851074e-01,1.771025061607360840e-01,1.906838119029998779e-01,1.948554068803787231e-01,1.969172507524490356e-01,1.901880949735641479e-01,1.845062375068664551e-01,1.695620417594909668e-01,1.543040871620178223e-01,1.351631879806518555e-01,1.197222918272018433e-01,1.019198596477508545e-01,8.988294750452041626e-02,7.395740598440170288e-02,6.471075862646102905e-02,5.412436649203300476e-02,5.486170947551727295e-02,4.882286489009857178e-02,4.875899478793144226e-02,4.941211268305778503e-02,5.589318275451660156e-02,5.520730093121528625e-02,5.533070862293243408e-02,5.159306153655052185e-02,5.175938084721565247e-02,4.177837073802947998e-02,3.435655310750007629e-02,2.187851071357727051e-02,7.055380847305059433e-03,-6.907004863023757935e-03,-2.471164613962173462e-02,-3.873959556221961975e-02,-5.288065224885940552e-02,-6.141560152173042297e-02,-6.945735961198806763e-02,-7.285789400339126587e-02,-7.421689480543136597e-02,-7.357942312955856323e-02,-7.075376808643341064e-02,-6.213809922337532043e-02,-5.141912773251533508e-02,-4.198950529098510742e-02,-3.227929398417472839e-02,-2.202761545777320862e-02,-1.268221624195575714e-02,-7.883421145379543304e-03,-4.985520150512456894e-03,-2.711898647248744965e-03,6.235104985535144806e-03,2.158083254471421242e-03,4.787774290889501572e-03
4.253299906849861145e-03,3.778575686737895012e-03,-9.378778748214244843e-03,-6.030194461345672607e-03,-3.313372144475579262e-03,-2.608246286399662495e-04,9.998059831559658051e-03,2.592931501567363739e-02,4.116238281130790710e-02,6.351286917924880981e-02,8.674522489309310913e-02,1.092828214168548584e-01,1.311667710542678833e-01,1.503694951534271240e-01,1.684903651475906372e-01,1.820822358131408691e-01,1.867837160825729370e-01,1.906843483448028564e-01,1.858579665422439575e-01,1.771408468484878540e-01,1.631243228912353516e-01,1.452025920152664185e-01,1.261263191699981689e-01,1.101321130990982056e-01,9.183306992053985596e-02,7.638007402420043945e-02,6.169608980417251587e-02,5.129382386803627014e-02,4.165879637002944946e-02,3.781745582818984985e-02,3.486561775207519531e-02,3.611999005079269409e-02,3.646020218729972839e-02,4.220894724130630493e-02,4.311979562044143677e-02,4.462232068181037903e-02,4.151672124862670898e-02,3.905286267399787903e-02,3.380865231156349182e-02,2.607553452253341675e-02,1.466148719191551208e-02,1.616163353901356459e-05,-1.387024484574794769e-02,-2.939066290855407715e-02,-4.471564292907714844e-02,-5.588920786976814270e-02,-6.498793512582778931e-02,-7.085410505533218384e-02,-7.649552822113037109e-02,-7.835725694894790649e-02,-7.853936403989791870e-02,-7.411944866180419922e-02,-6.936834752559661865e-02,-5.682675167918205261e-02,-4.902324080467224121e-02,-3.712998703122138977e-02,-2.862759307026863098e-02,-1.744468323886394501e-02,-1.351475901901721954e-02,-7.267452310770750046e-03,-5.332092288881540298e-03,2.800350775942206383e-03,1.659571891650557518e-03,3.841456491500139236e-03
6.512886844575405121e-03,1.488955342210829258e-03,-1.045897416770458221e-02,-9.812542237341403961e-03,-1.004880852997303009e-02,-5.940354894846677780e-03,9.671004372648894787e-04,1.639619097113609314e-02,3.137771040201187134e-02,4.952428489923477173e-02,7.218008488416671753e-02,9.155961871147155762e-02,1.164236143231391907e-01,1.323520839214324951e-01,1.501018404960632324e-01,1.606248170137405396e-01,1.681294143199920654e-01,1.708719432353973389e-01,1.676131486892700195e-01,1.622591912746429443e-01,1.451374590396881104e-01,1.309024691581726074e-01,1.118436828255653381e-01,9.755816310644149780e-02,8.004422485828399658e-02,6.593857705593109131e-02,4.939533397555351257e-02,3.713018447160720825e-02,2.802142314612865448e-02,2.436172217130661011e-02,1.956443488597869873e-02,2.091277576982975006e-02,2.267601899802684784e-02,2.603110298514366150e-02,2.829060330986976624e-02,2.882086858153343201e-02,2.793207205832004547e-02,2.677098661661148071e-02,2.122947946190834045e-02,1.696542277932167053e-02,8.569450117647647858e-03,-4.095908720046281815e-03,-1.539454888552427292e-02,-3.063225746154785156e-02,-4.302671179175376892e-02,-5.559731647372245789e-02,-6.508575379848480225e-02,-7.181359827518463135e-02,-7.594339549541473389e-02,-7.746023684740066528e-02,-7.889007776975631714e-02,-7.647652924060821533e-02,-6.948284804821014404e-02,-6.048393249511718750e-02,-5.170966312289237976e-02,-4.330558702349662781e-02,-3.283539786934852600e-02,-2.444802597165107727e-02,-1.735715940594673157e-02,-1.392082311213016510e-02,-8.473508991301059723e-03,-4.463554942049086094e-04,-6.248484132811427116e-04,4.371430724859237671e-03
4.671074450016021729e-03,-9.961315663531422615e-04,-1.446970086544752121e-02,-1.605134829878807068e-02,-1.461866125464439392e-02,-1.455157622694969177e-02,-7.265240419656038284e-03,4.362745210528373718e-03,1.872693188488483429e-02,3.689496591687202454e-02,5.540701001882553101e-02,7.576102018356323242e-02,9.634336084127426147e-02,1.136906370520591736e-01,1.271833330392837524e-01,1.409267038106918335e-01,1.480228155851364136e-01,1.528813391923904419e-01,1.479702889919281006e-01,1.413634270429611206e-01,1.285516023635864258e-01,1.123307496309280396e-01,9.307770431041717529e-02,7.948806136846542358e-02,6.073215603828430176e-02,4.608829319477081299e-02,2.929593995213508606e-02,1.521247066557407379e-02,6.548759061843156815e-03,3.982711583375930786e-03,-1.138816238380968571e-03,-5.696696462109684944e-04,2.008936833590269089e-03,7.321405690163373947e-03,7.315986324101686478e-03,8.644321933388710022e-03,9.560759179294109344e-03,1.032245066016912460e-02,7.022092118859291077e-03,2.980154938995838165e-03,-2.639171900227665901e-03,-1.080115139484405518e-02,-2.300092764198780060e-02,-3.275290504097938538e-02,-4.482021927833557129e-02,-5.268638953566551208e-02,-6.104793772101402283e-02,-6.696524471044540405e-02,-7.158257067203521729e-02,-7.337486743927001953e-02,-7.588186115026473999e-02,-7.440318912267684937e-02,-7.090949267148971558e-02,-6.261172145605087280e-02,-5.736533179879188538e-02,-4.731726273894309998e-02,-3.980053216218948364e-02,-2.928704023361206055e-02,-2.490537427365779877e-02,-1.728823781013488770e-02,-1.214184891432523727e-02,-3.648769343271851540e-03,-1.139125437475740910e-03,4.566790536046028137e-03
4.022169392555952072e-03,-2.794573316350579262e-03,-1.707178540527820587e-02,-2.077506296336650848e-02,-2.256914973258972168e-02,-2.139122225344181061e-02,-1.878720149397850037e-02,-6.469999440014362335e-03,6.164732854813337326e-03,2.429934777319431305e-02,3.825739026069641113e-02,5.353255569934844971e-02,7.206235826015472412e-02,9.048647433519363403e-02,1.046747341752052307e-01,1.148016229271888733e-01,1.207727119326591492e-01,1.258313208818435669e-01,1.212924718856811523e-01,1.173612475395202637e-01,1.023190915584564209e-01,9.073261916637420654e-02,7.426736503839492798e-02,6.169901415705680847e-02,4.589875042438507080e-02,2.820354886353015900e-02,1.245848182588815689e-02,-1.600771909579634666e-03,-9.591463953256607056e-03,-1.311392895877361298e-02,-1.792799122631549835e-02,-1.805267296731472015e-02,-1.512516383081674576e-02,-1.022154930979013443e-02,-8.339104242622852325e-03,-7.866050116717815399e-03,-5.235064309090375900e-03,-1.801418373361229897e-03,-3.831520676612854004e-03,-4.938194062560796738e-03,-8.474621921777725220e-03,-1.549829076975584030e-02,-2.146256715059280396e-02,-2.964602410793304443e-02,-3.836193308234214783e-02,-4.717477411031723022e-02,-5.406704545021057129e-02,-6.117985397577285767e-02,-6.665110588073730469e-02,-7.004946470260620117e-02,-7.083208113908767700e-02,-7.125020027160644531e-02,-6.845875084400177002e-02,-6.356269121170043945e-02,-5.790654197335243225e-02,-5.274274200201034546e-02,-4.398626089096069336e-02,-3.749828413128852844e-02,-2.888108603656291962e-02,-2.416567690670490265e-02,-1.519164070487022400e-02,-7.341732271015644073e-03,-2.306008711457252502e-03,3.638628637418150902e-03
3.884819103404879570e-03,-3.571238368749618530e-03,-1.973367668688297272e-02,-2.517844922840595245e-02,-2.717345207929611206e-02,-3.175109624862670898e-02,-2.788923121988773346e-02,-1.929064840078353882e-02,-1.115649286657571793e-02,1.845222432166337967e-03,1.704921014606952667e-02,3.216851130127906799e-02,4.525680467486381531e-02,5.959314852952957153e-02,7.346783578395843506e-02,8.315955102443695068e-02,8.837549388408660889e-02,9.132001549005508423e-02,9.106771647930145264e-02,8.530644327402114868e-02,7.335145026445388794e-02,6.338199228048324585e-02,5.017389357089996338e-02,3.726633638143539429e-02,1.848585158586502075e-02,4.831723868846893311e-03,-9.580749087035655975e-03,-2.091892994940280914e-02,-2.956290170550346375e-02,-3.467621654272079468e-02,-3.949960321187973022e-02,-3.933765366673469543e-02,-3.838501498103141785e-02,-3.391243517398834229e-02,-3.031508065760135651e-02,-2.545093558728694916e-02,-2.301925234496593475e-02,-2.016265131533145905e-02,-1.726882718503475189e-02,-1.487418264150619507e-02,-1.637354306876659393e-02,-1.856090500950813293e-02,-2.216828055679798126e-02,-2.553533762693405151e-02,-3.314130753278732300e-02,-3.919417411088943481e-02,-4.465322196483612061e-02,-5.114715173840522766e-02,-5.702504888176918030e-02,-5.964950472116470337e-02,-6.354714184999465942e-02,-6.422912329435348511e-02,-6.350269168615341187e-02,-6.128815189003944397e-02,-5.914052203297615051e-02,-5.562992393970489502e-02,-5.056009441614151001e-02,-4.366656020283699036e-02,-3.867317736148834229e-02,-2.744827792048454285e-02,-2.094367332756519318e-02,-1.137535553425550461e-02,-3.538715420290827751e-03,3.250415436923503876e-03
3.901143791154026985e-03,-6.277976091951131821e-03,-2.163856662809848785e-02,-2.965010888874530792e-02,-3.629092872142791748e-02,-3.805527091026306152e-02,-4.112989082932472229e-02,-3.487286344170570374e-02,-2.972480654716491699e-02,-1.837032288312911987e-02,-7.127810269594192505e-03,6.204045843333005905e-03,1.576513238251209259e-02,2.695935778319835663e-02,3.826683387160301208e-02,4.595590382814407349e-02,5.261608213186264038e-02,5.515893921256065369e-02,5.463225394487380981e-02,5.291173979640007019e-02,4.570716246962547302e-02,3.776363283395767212e-02,2.543368563055992126e-02,1.295835711061954498e-02,-2.689029555767774582e-03,-1.558936946094036102e-02,-2.963243797421455383e-02,-3.995595872402191162e-02,-4.752867668867111206e-02,-5.168573185801506042e-02,-5.784012377262115479e-02,-5.871265754103660583e-02,-5.827856808900833130e-02,-5.270904675126075745e-02,-4.892255738377571106e-02,-4.368854686617851257e-02,-3.882598876953125000e-02,-3.265546634793281555e-02,-2.697735838592052460e-02,-2.351040951907634735e-02,-2.079547569155693054e-02,-1.922833733260631561e-02,-1.702950894832611084e-02,-1.919927261769771576e-02,-2.136125601828098297e-02,-2.654816210269927979e-02,-3.268766030669212341e-02,-3.793026134371757507e-02,-4.457073658704757690e-02,-4.942917078733444214e-02,-5.474791303277015686e-02,-5.717993900179862976e-02,-5.840592831373214722e-02,-5.889051407575607300e-02,-5.882007256150245667e-02,-5.713358521461486816e-02,-5.293526127934455872e-02,-4.833640530705451965e-02,-4.024159535765647888e-02,-3.291479498147964478e-02,-2.152761071920394897e-02,-1.692677102982997894e-02,-5.795954260975122452e-03,3.007328137755393982e-03
3.610832849517464638e-03,-6.155569572001695633e-03,-2.393177896738052368e-02,-3.356002271175384521e-02,-3.945019468665122986e-02,-4.404900595545768738e-02,-4.656483978033065796e-02,-4.554069787263870239e-02,-4.394392296671867371e-02,-3.687837719917297363e-02,-2.921822667121887207e-02,-2.132506296038627625e-02,-1.247718092054128647e-02,-3.267991589382290840e-03,5.014911759644746780e-03,1.113179605454206467e-02,1.755397021770477295e-02,2.015773952007293701e-02,2.203457057476043701e-02,2.071064151823520660e-02,1.507256831973791122e-02,1.084041781723499298e-02,-2.286740113049745560e-03,-9.475196711719036102e-03,-2.565177902579307556e-02,-3.489803522825241089e-02,-4.330352693796157837e-02,-5.470140278339385986e-02,-6.023466959595680237e-02,-6.779758632183074951e-02,-6.935770064592361450e-02,-7.582368701696395874e-02,-7.428470999002456665e-02,-7.396735250949859619e-02,-6.704511493444442749e-02,-6.346195191144943237e-02,-5.482899397611618042e-02,-4.663272574543952942e-02,-3.906430676579475403e-02,-3.283591940999031067e-02,-2.461740188300609589e-02,-1.825150102376937866e-02,-1.434028893709182739e-02,-1.066425349563360214e-02,-1.060155313462018967e-02,-1.277275010943412781e-02,-1.612426899373531342e-02,-2.190194278955459595e-02,-2.686179056763648987e-02,-3.509420156478881836e-02,-4.026148468255996704e-02,-4.678753390908241272e-02,-5.057571455836296082e-02,-5.422341451048851013e-02,-5.607004463672637939e-02,-5.695875734090805054e-02,-5.597768723964691162e-02,-5.238382145762443542e-02,-4.847255349159240723e-02,-3.721963241696357727e-02,-2.971220202744007111e-02,-2.070065774023532867e-02,-7.757681887596845627e-03,1.875917660072445869e-03
3.225569613277912140e-03,-1.065570767968893051e-02,-2.626079879701137543e-02,-3.733465448021888733e-02,-4.658769071102142334e-02,-5.199523642659187317e-02,-5.629790946841239929e-02,-5.576426163315773010e-02,-5.754915624856948853e-02,-5.481550097465515137e-02,-5.032080411911010742e-02,-4.573697969317436218e-02,-3.989827632904052734e-02,-3.338938206434249878e-02,-2.556458674371242523e-02,-1.899755373597145081e-02,-1.385631784796714783e-02,-8.430398069322109222e-03,-6.689666304737329483e-03,-5.338319577276706696e-03,-1.037017256021499634e-02,-1.416850462555885315e-02,-2.161303348839282990e-02,-2.971120364964008331e-02,-4.055586457252502441e-02,-5.068446695804595947e-02,-5.857631936669349670e-02,-6.735639274120330811e-02,-7.583773136138916016e-02,-8.155843615531921387e-02,-8.617909252643585205e-02,-9.115292131900787354e-02,-9.125367552042007446e-02,-8.852846920490264893e-02,-8.287938684225082397e-02,-7.883834093809127808e-02,-6.723184883594512939e-02,-5.700126662850379944e-02,-4.635166749358177185e-02,-3.560177609324455261e-02,-2.541936188936233521e-02,-1.322327181696891785e-02,-6.923845969140529633e-03,-7.864632061682641506e-04,2.540355781093239784e-03,3.176546422764658928e-03,-9.471497032791376114e-04,-3.722580149769783020e-03,-1.009528432041406631e-02,-1.780992560088634491e-02,-2.563986368477344513e-02,-3.436405211687088013e-02,-4.034844413399696350e-02,-4.765593260526657104e-02,-5.184516310691833496e-02,-5.674680322408676147e-02,-5.511713027954101562e-02,-5.605840310454368591e-02,-4.825729131698608398e-02,-4.189373552799224854e-02,-2.824112027883529663e-02,-2.520454861223697662e-02,-8.019980043172836304e-03,2.228058176115155220e-03
2.545251045376062393e-03,-9.682192467153072357e-03,-2.681317552924156189e-02,-4.056958854198455811e-02,-4.919502511620521545e-02,-5.802575126290321350e-02,-6.252451986074447632e-02,-6.765676289796829224e-02,-6.802811473608016968e-02,-7.057627290487289429e-02,-6.871705502271652222e-02,-6.897541135549545288e-02,-6.448730826377868652e-02,-6.273731589317321777e-02,-5.630099028348922729e-02,-5.025811120867729187e-02,-4.362946748733520508e-02,-3.985780104994773865e-02,-3.468161821365356445e-02,-3.366685286164283752e-02,-3.621158003807067871e-02,-3.648277744650840759e-02,-4.390762373805046082e-02,-4.843895882368087769e-02,-5.652991309762001038e-02,-6.186772137880325317e-02,-6.979491561651229858e-02,-8.049132674932479858e-02,-8.615601062774658203e-02,-9.483905881643295288e-02,-9.815959632396697998e-02,-1.058252006769180298e-01,-1.031329929828643799e-01,-1.057397425174713135e-01,-9.683180600404739380e-02,-9.079154580831527710e-02,-7.799738645553588867e-02,-6.681634485721588135e-02,-5.218461155891418457e-02,-3.919228911399841309e-02,-2.243686094880104065e-02,-1.014459505677223206e-02,2.251286525279283524e-03,1.200127974152565002e-02,1.787970028817653656e-02,2.118895016610622406e-02,2.064774557948112488e-02,1.773989945650100708e-02,1.325674168765544891e-02,3.381310729309916496e-03,-4.989773500710725784e-03,-1.998078823089599609e-02,-2.850128151476383209e-02,-3.827122226357460022e-02,-4.866644740104675293e-02,-5.447810515761375427e-02,-5.781581997871398926e-02,-5.821387842297554016e-02,-5.528861284255981445e-02,-4.497788846492767334e-02,-3.707556426525115967e-02,-2.767208218574523926e-02,-1.084255147725343704e-02,6.057487917132675648e-04
3.093923209235072136e-03,-1.141855120658874512e-02,-2.740334533154964447e-02,-4.089726880192756653e-02,-5.403418093919754028e-02,-6.201110780239105225e-02,-7.266046106815338135e-02,-7.504223287105560303e-02,-8.264581859111785889e-02,-8.579540997743606567e-02,-8.782818913459777832e-02,-8.763663470745086670e-02,-8.794710040092468262e-02,-8.570606261491775513e-02,-8.259247243404388428e-02,-7.619985938072204590e-02,-7.052331417798995972e-02,-6.528319418430328369e-02,-6.013660877943038940e-02,-5.557549372315406799e-02,-5.570608377456665039e-02,-5.404708161950111389e-02,-5.677685886621475220e-02,-5.903993174433708191e-02,-6.502830237150192261e-02,-7.135122269392013550e-02,-7.850652188062667847e-02,-8.683641254901885986e-02,-9.631179273128509521e-02,-1.018849536776542664e-01,-1.071033030748367310e-01,-1.132121235132217407e-01,-1.134809702634811401e-01,-1.123210862278938293e-01,-1.070510745048522949e-01,-9.882025420665740967e-02,-8.501456677913665771e-02,-6.931483000516891479e-02,-5.518683418631553650e-02,-3.855663910508155823e-02,-2.058476395905017853e-02,-2.023085020482540131e-03,1.127230562269687653e-02,2.450914680957794189e-02,3.315133228898048401e-02,4.037243872880935669e-02,4.168284684419631958e-02,4.068358615040779114e-02,3.597974032163619995e-02,2.436763979494571686e-02,1.402209326624870300e-02,-2.756737638264894485e-03,-1.302290428429841995e-02,-2.821502275764942169e-02,-3.829027339816093445e-02,-4.998141154646873474e-02,-5.385700613260269165e-02,-5.681684613227844238e-02,-5.242424085736274719e-02,-4.710207134485244751e-02,-3.391228988766670227e-02,-3.437554463744163513e-02,-1.184585783630609512e-02,4.714231472462415695e-04
3.008346306160092354e-03,-1.110456045717000961e-02,-2.674534916877746582e-02,-4.219280183315277100e-02,-5.288972705602645874e-02,-6.404893100261688232e-02,-7.217029482126235962e-02,-8.487784862518310547e-02,-8.903718739748001099e-02,-9.859938174486160278e-02,-1.004019230604171753e-01,-1.085564643144607544e-01,-1.062463596463203430e-01,-1.102480143308639526e-01,-1.039674505591392517e-01,-1.027775406837463379e-01,-9.416647255420684814e-02,-8.960063010454177856e-02,-8.190105110406875610e-02,-7.661253213882446289e-02,-7.385393977165222168e-02,-6.859941035509109497e-02,-6.963521987199783325e-02,-6.893916428089141846e-02,-7.268184423446655273e-02,-7.664087414741516113e-02,-8.111119270324707031e-02,-9.156435728073120117e-02,-9.802088141441345215e-02,-1.072409078478813171e-01,-1.106177270412445068e-01,-1.150080263614654541e-01,-1.166757419705390930e-01,-1.181925609707832336e-01,-1.102041825652122498e-01,-1.013828143477439880e-01,-8.641872555017471313e-02,-7.210709899663925171e-02,-5.084484815597534180e-02,-3.546057641506195068e-02,-1.038615871220827103e-02,8.023179136216640472e-03,2.775605954229831696e-02,4.297153279185295105e-02,5.463577061891555786e-02,6.170934438705444336e-02,6.527009606361389160e-02,6.417602300643920898e-02,5.874548479914665222e-02,4.552792757749557495e-02,3.484932705760002136e-02,1.306044589728116989e-02,-1.520924153737723827e-03,-1.853288151323795319e-02,-2.936817146837711334e-02,-4.555354639887809753e-02,-5.400076881051063538e-02,-5.726209282875061035e-02,-5.579059943556785583e-02,-4.871510714292526245e-02,-4.063297063112258911e-02,-3.377348557114601135e-02,-1.339482609182596207e-02,-7.372383261099457741e-04
3.051214385777711868e-03,-1.490915752947330475e-02,-2.810181118547916412e-02,-4.166969656944274902e-02,-5.577638000249862671e-02,-6.693604588508605957e-02,-7.837881892919540405e-02,-8.751138299703598022e-02,-9.811624139547348022e-02,-1.077630519866943359e-01,-1.128364428877830505e-01,-1.187310218811035156e-01,-1.226651445031166077e-01,-1.238611936569213867e-01,-1.213854327797889709e-01,-1.194063499569892883e-01,-1.141144111752510071e-01,-1.054153814911842346e-01,-9.670694917440414429e-02,-8.977571129798889160e-02,-8.272939175367355347e-02,-7.727348804473876953e-02,-7.411499321460723877e-02,-7.103811204433441162e-02,-7.337134331464767456e-02,-7.875420153141021729e-02,-8.429914712905883789e-02,-8.999270200729370117e-02,-9.704283624887466431e-02,-1.064831241965293884e-01,-1.098811998963356018e-01,-1.149721220135688782e-01,-1.167446970939636230e-01,-1.161441504955291748e-01,-1.095089018344879150e-01,-9.921710193157196045e-02,-8.380965888500213623e-02,-6.756197661161422729e-02,-5.026564374566078186e-02,-2.726236917078495026e-02,-3.730270545929670334e-03,2.221816033124923706e-02,4.001921787858009338e-02,6.134991720318794250e-02,7.411885261535644531e-02,8.512514829635620117e-02,8.678103238344192505e-02,8.565597981214523315e-02,8.204694092273712158e-02,6.714890152215957642e-02,5.472682788968086243e-02,3.178860992193222046e-02,1.494517363607883453e-02,-7.190010976046323776e-03,-1.946150138974189758e-02,-3.916594013571739197e-02,-4.825849086046218872e-02,-5.521286651492118835e-02,-5.282367765903472900e-02,-4.925801977515220642e-02,-3.667562827467918396e-02,-3.819272294640541077e-02,-1.162744220346212387e-02,-1.166019865195266902e-04
2.524042967706918716e-03,-1.215198636054992676e-02,-2.589252032339572906e-02,-4.053444787859916687e-02,-5.301756039261817932e-02,-6.613964587450027466e-02,-7.592080533504486084e-02,-9.124013036489486694e-02,-9.935786575078964233e-02,-1.127077043056488037e-01,-1.192689090967178345e-01,-1.285821944475173950e-01,-1.301969438791275024e-01,-1.350886523723602295e-01,-1.320970803499221802e-01,-1.314245164394378662e-01,-1.226979866623878479e-01,-1.165239289402961731e-01,-1.054118573665618896e-01,-9.756752103567123413e-02,-8.855114132165908813e-02,-7.947149872779846191e-02,-7.576695829629898071e-02,-7.262504845857620239e-02,-7.298844307661056519e-02,-7.315813004970550537e-02,-7.808007299900054932e-02,-8.528016507625579834e-02,-9.166804701089859009e-02,-9.857022762298583984e-02,-1.034961566329002380e-01,-1.094575449824333191e-01,-1.120865941047668457e-01,-1.101291999220848083e-01,-1.025794669985771179e-01,-9.283638000488281250e-02,-7.397903501987457275e-02,-6.066142022609710693e-02,-3.722956776618957520e-02,-1.787798292934894562e-02,1.533845439553260803e-02,3.922006115317344666e-02,6.186258420348167419e-02,8.136887848377227783e-02,9.579974412918090820e-02,1.057966575026512146e-01,1.114458218216896057e-01,1.065847799181938171e-01,1.012272611260414124e-01,8.666830509901046753e-02,7.423636317253112793e-02,4.777861014008522034e-02,2.632648497819900513e-02,1.926494180224835873e-03,-1.241224072873592377e-02,-2.948245592415332794e-02,-4.440082237124443054e-02,-5.256418883800506592e-02,-5.389690399169921875e-02,-4.835473746061325073e-02,-3.926754742860794067e-02,-3.374388813972473145e-02,-1.298739295452833176e-02,3.072955005336552858e-04
3.283119760453701019e-03,-1.224539615213871002e-02,-2.378712780773639679e-02,-3.743838518857955933e-02,-5.124638229608535767e-02,-6.254288554191589355e-02,-7.716045528650283813e-02,-8.828712254762649536e-02,-1.008693501353263855e-01,-1.128360554575920105e-01,-1.222733780741691589e-01,-1.298577636480331421e-01,-1.351308673620223999e-01,-1.370850205421447754e-01,-1.366017609834671021e-01,-1.318514794111251831e-01,-1.265007853507995605e-01,-1.180672794580459595e-01,-1.084359139204025269e-01,-9.740196168422698975e-02,-8.748841285705566406e-02,-7.738684862852096558e-02,-7.074531167745590210e-02,-6.598939001560211182e-02,-6.473612785339355469e-02,-6.608159840106964111e-02,-7.060118764638900757e-02,-7.455281168222427368e-02,-8.173453807830810547e-02,-8.913737535476684570e-02,-9.187970310449600220e-02,-9.775300323963165283e-02,-9.965659677982330322e-02,-9.981204569339752197e-02,-9.335908293724060059e-02,-8.217780292034149170e-02,-6.623140722513198853e-02,-5.176096782088279724e-02,-3.222185000777244568e-02,-5.305856000632047653e-03,2.081452868878841400e-02,5.237213149666786194e-02,7.554204016923904419e-02,9.652013331651687622e-02,1.115602925419807434e-01,1.244444623589515686e-01,1.282497942447662354e-01,1.255511641502380371e-01,1.212927326560020447e-01,1.043300405144691467e-01,9.177105873823165894e-02,6.497626751661300659e-02,4.333522543311119080e-02,1.372632570564746857e-02,-2.383712213486433029e-03,-2.235361747443675995e-02,-3.669336065649986267e-02,-4.759087413549423218e-02,-5.028112977743148804e-02,-4.617119580507278442e-02,-3.681420162320137024e-02,-3.810665011405944824e-02,-1.039496995508670807e-02,-5.832819151692092419e-04
2.619909355416893959e-03,-1.095175743103027344e-02,-2.170079015195369720e-02,-3.472701832652091980e-02,-4.723082482814788818e-02,-6.027173250913619995e-02,-7.124410569667816162e-02,-8.676633238792419434e-02,-9.639111161231994629e-02,-1.101676225662231445e-01,-1.172935813665390015e-01,-1.259387731552124023e-01,-1.322871744632720947e-01,-1.348975002765655518e-01,-1.328158825635910034e-01,-1.281357705593109131e-01,-1.217755824327468872e-01,-1.118425503373146057e-01,-1.037916392087936401e-01,-9.119684249162673950e-02,-7.992286980152130127e-02,-6.911520659923553467e-02,-6.236832216382026672e-02,-5.861581489443778992e-02,-5.483177676796913147e-02,-5.531958863139152527e-02,-5.689265951514244080e-02,-6.297937035560607910e-02,-6.687641888856887817e-02,-7.583121955394744873e-02,-7.760211080312728882e-02,-8.349629491567611694e-02,-8.743900805711746216e-02,-8.635869622230529785e-02,-7.818181067705154419e-02,-6.846199929714202881e-02,-5.258449912071228027e-02,-4.030388221144676208e-02,-1.348837558180093765e-02,1.019038818776607513e-02,3.951365128159523010e-02,6.859131902456283569e-02,9.167630970478057861e-02,1.109857037663459778e-01,1.287060528993606567e-01,1.394663304090499878e-01,1.461388766765594482e-01,1.393793225288391113e-01,1.340089440345764160e-01,1.158998757600784302e-01,1.039573624730110168e-01,7.633217424154281616e-02,5.344118550419807434e-02,2.248899079859256744e-02,4.305670503526926041e-03,-1.404870767146348953e-02,-3.159577399492263794e-02,-4.242112487554550171e-02,-4.716747626662254333e-02,-4.392475634813308716e-02,-3.764373436570167542e-02,-3.335802629590034485e-02,-1.168037671595811844e-02,-3.309166058897972107e-04
2.873242367058992386e-03,-1.334214676171541214e-02,-2.087557874619960785e-02,-3.219330683350563049e-02,-4.424472898244857788e-02,-5.603016540408134460e-02,-6.854427605867385864e-02,-7.958887517452239990e-02,-9.194311499595642090e-02,-1.020336970686912537e-01,-1.110801994800567627e-01,-1.172472238540649414e-01,-1.236073225736618042e-01,-1.250443309545516968e-01,-1.233649626374244690e-01,-1.187578439712524414e-01,-1.114930436015129089e-01,-1.034017950296401978e-01,-9.359673410654067993e-02,-8.027115464210510254e-02,-6.644903868436813354e-02,-5.624511837959289551e-02,-4.973344504833221436e-02,-4.510571062564849854e-02,-3.931787610054016113e-02,-3.980387002229690552e-02,-4.219014942646026611e-02,-4.445512220263481140e-02,-4.954905062913894653e-02,-5.611287429928779602e-02,-6.046162545680999756e-02,-6.686650961637496948e-02,-6.996832042932510376e-02,-6.856328248977661133e-02,-6.123194471001625061e-02,-5.393874645233154297e-02,-3.923101723194122314e-02,-2.565676160156726837e-02,-1.739867730066180229e-03,2.241111360490322113e-02,5.036380141973495483e-02,8.032656461000442505e-02,1.021680235862731934e-01,1.243817955255508423e-01,1.426796168088912964e-01,1.547122299671173096e-01,1.556521654129028320e-01,1.523346304893493652e-01,1.438981890678405762e-01,1.273965537548065186e-01,1.137971878051757812e-01,8.752010017633438110e-02,6.442818045616149902e-02,3.198967501521110535e-02,1.380074117332696915e-02,-8.568087592720985413e-03,-2.399801462888717651e-02,-3.831763193011283875e-02,-4.254523292183876038e-02,-4.112068563699722290e-02,-3.450862318277359009e-02,-3.683816641569137573e-02,-9.209064766764640808e-03,-1.399440225213766098e-03
2.655477728694677353e-03,-1.116975676268339157e-02,-1.871884986758232117e-02,-2.866495028138160706e-02,-4.057488590478897095e-02,-5.129244551062583923e-02,-6.096912175416946411e-02,-7.251823693513870239e-02,-8.314846456050872803e-02,-9.328216314315795898e-02,-9.979739040136337280e-02,-1.046376228332519531e-01,-1.104760542511940002e-01,-1.114425063133239746e-01,-1.081779897212982178e-01,-1.010383516550064087e-01,-9.459634125232696533e-02,-8.462497591972351074e-02,-7.490819692611694336e-02,-6.178233399987220764e-02,-4.779769852757453918e-02,-3.941957652568817139e-02,-3.004678338766098022e-02,-2.607931941747665405e-02,-2.220505848526954651e-02,-2.256544493138790131e-02,-2.477802522480487823e-02,-2.696903981268405914e-02,-3.290107101202011108e-02,-3.985980153083801270e-02,-4.234728217124938965e-02,-4.736090824007987976e-02,-5.273557081818580627e-02,-5.203799158334732056e-02,-4.635385423898696899e-02,-3.610578179359436035e-02,-2.079402655363082886e-02,-1.894829794764518738e-03,2.165305241942405701e-02,4.221466928720474243e-02,6.754741817712783813e-02,9.587638080120086670e-02,1.172021478414535522e-01,1.371192485094070435e-01,1.544620096683502197e-01,1.624179184436798096e-01,1.652576178312301636e-01,1.602675467729568481e-01,1.517111361026763916e-01,1.336222887039184570e-01,1.186929047107696533e-01,9.364197403192520142e-02,7.124380022287368774e-02,3.870186954736709595e-02,1.673365570604801178e-02,1.387025113217532635e-03,-1.777536049485206604e-02,-3.048944659531116486e-02,-3.733907267451286316e-02,-3.672611713409423828e-02,-3.229358792304992676e-02,-2.998737618327140808e-02,-8.955416269600391388e-03,1.472534844651818275e-03
1.439691171981394291e-03,-1.011083554476499557e-02,-1.635120809078216553e-02,-2.680798061192035675e-02,-3.325009718537330627e-02,-4.355865344405174255e-02,-5.311834812164306641e-02,-6.200257316231727600e-02,-6.954225152730941772e-02,-7.731280475854873657e-02,-8.344978839159011841e-02,-8.857922255992889404e-02,-9.097088873386383057e-02,-9.234437346458435059e-02,-8.759817481040954590e-02,-8.282249420881271362e-02,-7.308327406644821167e-02,-6.617932766675949097e-02,-5.424072965979576111e-02,-4.232444241642951965e-02,-2.936400659382343292e-02,-2.026711963117122650e-02,-1.267237309366464615e-02,-8.713800460100173950e-03,-1.949886209331452847e-03,-5.428336560726165771e-03,-4.867075011134147644e-03,-1.142558641731739044e-02,-1.254832930862903595e-02,-2.058752067387104034e-02,-2.204913832247257233e-02,-2.703270129859447479e-02,-2.857654914259910583e-02,-3.069464489817619324e-02,-2.670976892113685608e-02,-1.880498789250850677e-02,-4.793057683855295181e-03,1.158785540610551834e-02,3.112088330090045929e-02,5.377823859453201294e-02,7.816880196332931519e-02,1.012039780616760254e-01,1.217929571866989136e-01,1.422548145055770874e-01,1.564893722534179688e-01,1.649619042873382568e-01,1.662445515394210815e-01,1.614586263895034790e-01,1.526708453893661499e-01,1.377757042646408081e-01,1.206805408000946045e-01,9.660021960735321045e-02,7.533019781112670898e-02,4.638919979333877563e-02,2.263835445046424866e-02,4.113684874027967453e-03,-9.781880304217338562e-03,-2.377750910818576813e-02,-3.268995508551597595e-02,-3.266225382685661316e-02,-2.831894345581531525e-02,-2.924576401710510254e-02,-5.247874651104211807e-03,-4.969792789779603481e-04
1.063240692019462585e-03,-8.904037065804004669e-03,-1.474593207240104675e-02,-2.043070085346698761e-02,-2.913005463778972626e-02,-3.603938594460487366e-02,-4.449715465307235718e-02,-5.110885947942733765e-02,-5.755468085408210754e-02,-6.254577636718750000e-02,-6.689330190420150757e-02,-6.898012012243270874e-02,-7.148047536611557007e-02,-6.905812770128250122e-02,-6.569802761077880859e-02,-5.663699656724929810e-02,-4.862279444932937622e-02,-4.009145125746726990e-02,-2.847716398537158966e-02,-1.801608875393867493e-02,-5.683913826942443848e-03,7.149311131797730923e-04,9.541250765323638916e-03,1.372848264873027802e-02,1.591778174042701721e-02,1.510680560022592545e-02,1.431795861572027206e-02,9.052280336618423462e-03,3.226199885830283165e-03,-3.142759902402758598e-03,-3.467969363555312157e-03,-6.051684264093637466e-03,-1.006619911640882492e-02,-9.337229654192924500e-03,-4.815584048628807068e-03,4.516846034675836563e-03,1.661085709929466248e-02,3.178589791059494019e-02,4.924663901329040527e-02,6.977166980504989624e-02,9.112153947353363037e-02,1.110530123114585876e-01,1.292417794466018677e-01,1.458630859851837158e-01,1.576060056686401367e-01,1.615321040153503418e-01,1.643666774034500122e-01,1.597289890050888062e-01,1.511097103357315063e-01,1.330788582563400269e-01,1.175645589828491211e-01,9.415707737207412720e-02,7.238323241472244263e-02,4.662688076496124268e-02,2.549917809665203094e-02,7.499160245060920715e-03,-7.082086987793445587e-03,-1.997678913176059723e-02,-2.687666751444339752e-02,-2.839024737477302551e-02,-2.490384317934513092e-02,-2.442108653485774994e-02,-6.183872930705547333e-03,1.661351532675325871e-03
1.614957465790212154e-03,-8.958279155194759369e-03,-1.203424669802188873e-02,-1.884705573320388794e-02,-2.309342660009860992e-02,-3.098098188638687134e-02,-3.472646325826644897e-02,-3.972169384360313416e-02,-4.277288541197776794e-02,-4.508152976632118225e-02,-4.642831906676292419e-02,-4.632716998457908630e-02,-4.561235010623931885e-02,-4.458276554942131042e-02,-3.979860618710517883e-02,-3.280772641301155090e-02,-2.481631562113761902e-02,-1.464543957263231277e-02,-6.319392938166856766e-03,4.101583734154701233e-03,1.559927314519882202e-02,2.173408679664134979e-02,2.726616151630878448e-02,2.896361425518989563e-02,3.511000424623489380e-02,3.124309703707695007e-02,3.144790604710578918e-02,2.391083352267742157e-02,2.198508381843566895e-02,1.361516583710908890e-02,1.260571926832199097e-02,9.004609659314155579e-03,1.073794066905975342e-02,9.971139021217823029e-03,1.434059906750917435e-02,2.087329700589179993e-02,3.142634406685829163e-02,4.233717545866966248e-02,5.835412442684173584e-02,7.589711248874664307e-02,9.327835589647293091e-02,1.122112944722175598e-01,1.276043504476547241e-01,1.408889442682266235e-01,1.479575783014297485e-01,1.525965034961700439e-01,1.521256268024444580e-01,1.480397582054138184e-01,1.371904313564300537e-01,1.245220750570297241e-01,1.074236556887626648e-01,8.817010372877120972e-02,6.891690194606781006e-02,4.665886238217353821e-02,2.804801985621452332e-02,1.071906462311744690e-02,-1.053942367434501648e-03,-1.467417459934949875e-02,-2.051880583167076111e-02,-2.340937033295631409e-02,-2.237139455974102020e-02,-2.266120910644531250e-02,-4.083710256963968277e-03,3.293305053375661373e-04
9.392441133968532085e-04,-6.089030299335718155e-03,-1.100719906389713287e-02,-1.458328869193792343e-02,-1.938431896269321442e-02,-2.246588654816150665e-02,-2.443204633891582489e-02,-2.609596401453018188e-02,-2.710973471403121948e-02,-2.693348564207553864e-02,-2.666381374001502991e-02,-2.373227104544639587e-02,-1.980366930365562439e-02,-1.641753874719142914e-02,-9.260384365916252136e-03,-3.720919834449887276e-03,6.636753212660551071e-03,1.436876039952039719e-02,2.509788796305656433e-02,3.025055862963199615e-02,4.069377854466438293e-02,4.463514685630798340e-02,5.057649686932563782e-02,4.887253418564796448e-02,4.951272159814834595e-02,4.649154841899871826e-02,4.504932835698127747e-02,3.991087526082992554e-02,3.404629603028297424e-02,2.820184826850891113e-02,2.712057530879974365e-02,2.478836104273796082e-02,2.483721449971199036e-02,2.557124011218547821e-02,3.177596628665924072e-02,3.658407554030418396e-02,4.513033479452133179e-02,5.639896914362907410e-02,7.093550264835357666e-02,8.315343409776687622e-02,9.342441707849502563e-02,1.086173355579376221e-01,1.236898675560951233e-01,1.308557689189910889e-01,1.370006352663040161e-01,1.382113099098205566e-01,1.394305229187011719e-01,1.328527629375457764e-01,1.241875886917114258e-01,1.094702854752540588e-01,9.523745626211166382e-02,7.758512347936630249e-02,5.933773890137672424e-02,4.014455527067184448e-02,2.460915595293045044e-02,1.055767573416233063e-02,-7.652945350855588913e-04,-9.956276044249534607e-03,-1.593713276088237762e-02,-1.940636523067951202e-02,-1.697922311723232269e-02,-1.758472248911857605e-02,-4.294707905501127243e-03,2.912684576585888863e-03
1.880234340205788612e-03,-4.240923561155796051e-03,-8.511805906891822815e-03,-1.157226972281932831e-02,-1.101196091622114182e-02,-1.514958590269088745e-02,-1.410755608230829239e-02,-1.419039815664291382e-02,-1.022525969892740250e-02,-9.074683301150798798e-03,-5.995070096105337143e-03,-7.325209444388747215e-04,4.276909399777650833e-03,1.062918361276388168e-02,1.572843082249164581e-02,2.495727688074111938e-02,3.191053122282028198e-02,3.960824757814407349e-02,4.674907028675079346e-02,5.254323035478591919e-02,6.041281670331954956e-02,6.138280779123306274e-02,6.378009915351867676e-02,6.366951763629913330e-02,6.447335332632064819e-02,5.947852134704589844e-02,5.608071386814117432e-02,5.115545168519020081e-02,4.694480821490287781e-02,4.095107689499855042e-02,3.846187889575958252e-02,3.830598294734954834e-02,3.661993145942687988e-02,3.867088630795478821e-02,4.098541289567947388e-02,4.705112054944038391e-02,5.321363732218742371e-02,6.172527372837066650e-02,7.160476595163345337e-02,8.168342709541320801e-02,8.950967341661453247e-02,1.002845615148544312e-01,1.061096414923667908e-01,1.126568093895912170e-01,1.146628931164741516e-01,1.163016259670257568e-01,1.142952218651771545e-01,1.085660830140113831e-01,1.007718220353126526e-01,8.968851715326309204e-02,7.662919908761978149e-02,6.325224786996841431e-02,4.934037104249000549e-02,3.582115471363067627e-02,2.126515284180641174e-02,1.169210858643054962e-02,4.306460730731487274e-03,-4.492275416851043701e-03,-9.454439394176006317e-03,-1.391211990267038345e-02,-1.388699095696210861e-02,-1.208297256380319595e-02,-6.104257190600037575e-04,1.420496264472603798e-03
1.072398736141622066e-03,-2.270389813929796219e-03,-7.475714664906263351e-03,-5.893307738006114960e-03,-7.526365574449300766e-03,-5.387948825955390930e-03,-4.902089945971965790e-03,-1.768188318237662315e-03,1.768897171132266521e-03,9.202501736581325531e-03,1.352840848267078400e-02,2.065029181540012360e-02,2.797476202249526978e-02,3.689073771238327026e-02,4.618787392973899841e-02,5.240287259221076965e-02,6.125901639461517334e-02,6.606078147888183594e-02,7.232721894979476929e-02,7.429394870996475220e-02,7.981362193822860718e-02,7.822646200656890869e-02,7.930445671081542969e-02,7.462322711944580078e-02,7.384541630744934082e-02,6.821770220994949341e-02,6.469600647687911987e-02,5.900473147630691528e-02,5.498354509472846985e-02,5.139859393239021301e-02,4.845321178436279297e-02,4.804278537631034851e-02,4.747071862220764160e-02,4.952788725495338440e-02,5.236727744340896606e-02,5.508188903331756592e-02,6.164405494928359985e-02,6.750296056270599365e-02,7.363993674516677856e-02,7.927556335926055908e-02,8.464968949556350708e-02,8.809443563222885132e-02,9.288848191499710083e-02,9.318824112415313721e-02,9.535534679889678955e-02,9.028138220310211182e-02,8.744155615568161011e-02,8.133636415004730225e-02,7.359655201435089111e-02,6.423222273588180542e-02,5.493446066975593567e-02,4.422378912568092346e-02,3.270509839057922363e-02,2.519979700446128845e-02,1.399996690452098846e-02,9.194202721118927002e-03,2.986846957355737686e-03,-2.358420519158244133e-03,-3.923563286662101746e-03,-7.735964842140674591e-03,-7.657807320356369019e-03,-7.928559556603431702e-03,-1.021736883558332920e-03,3.355190157890319824e-03
2.094304189085960388e-03,-1.387951779179275036e-04,-3.091236809268593788e-03,-3.494278993457555771e-03,-2.431415021419525146e-03,-4.005827649962157011e-04,3.570219269022345543e-03,7.155811879783868790e-03,1.367262937128543854e-02,2.287797257304191589e-02,2.911831811070442200e-02,3.975269570946693420e-02,4.773162677884101868e-02,6.003456190228462219e-02,6.536742299795150757e-02,7.473900914192199707e-02,8.053957670927047729e-02,8.657161146402359009e-02,9.080009907484054565e-02,9.189192950725555420e-02,9.440677613019943237e-02,9.138730168342590332e-02,8.870258182287216187e-02,8.227543532848358154e-02,7.829469442367553711e-02,7.229906320571899414e-02,6.712391227483749390e-02,6.166036799550056458e-02,5.739615112543106079e-02,5.413959175348281860e-02,5.221893638372421265e-02,5.248830467462539673e-02,5.353112146258354187e-02,5.458104237914085388e-02,5.644784122705459595e-02,5.976686626672744751e-02,6.179722025990486145e-02,6.638265401124954224e-02,6.804241985082626343e-02,7.265985012054443359e-02,6.981349736452102661e-02,7.325817644596099854e-02,7.218393683433532715e-02,6.984087079763412476e-02,6.773506850004196167e-02,6.167661026120185852e-02,6.070232391357421875e-02,5.161286145448684692e-02,4.905118793249130249e-02,4.064925760030746460e-02,3.458299115300178528e-02,2.526574768126010895e-02,1.847454160451889038e-02,1.316833589226007462e-02,9.432180784642696381e-03,7.895747199654579163e-03,4.788570106029510498e-03,2.378801349550485611e-03,-1.060036374838091433e-04,-3.209858434274792671e-03,-5.824704654514789581e-03,-3.704715054482221603e-03,-3.453865938354283571e-04,2.592602744698524475e-03
1.771168783307075500e-03,5.085013690404593945e-04,-4.810765385627746582e-03,-1.028580474667251110e-03,5.607065977528691292e-04,4.779353737831115723e-03,9.507081471383571625e-03,1.723993942141532898e-02,2.598129399120807648e-02,3.650870546698570251e-02,4.467031732201576233e-02,5.677708238363265991e-02,6.765020638704299927e-02,7.891827821731567383e-02,8.866385370492935181e-02,9.374349564313888550e-02,1.001943647861480713e-01,1.031837388873100281e-01,1.064600124955177307e-01,1.023341119289398193e-01,1.024582311511039734e-01,9.660630673170089722e-02,9.221965819597244263e-02,8.491842448711395264e-02,7.895501703023910522e-02,7.181127369403839111e-02,6.499004364013671875e-02,6.179215759038925171e-02,5.693869292736053467e-02,5.520419403910636902e-02,5.246942862868309021e-02,5.343416705727577209e-02,5.386723577976226807e-02,5.595166981220245361e-02,5.764631181955337524e-02,5.849571526050567627e-02,5.819383636116981506e-02,6.060138344764709473e-02,5.857007950544357300e-02,5.851028859615325928e-02,5.206997320055961609e-02,5.022547766566276550e-02,4.461471363902091980e-02,3.821963444352149963e-02,3.215169534087181091e-02,2.870272845029830933e-02,2.320316806435585022e-02,1.701255701482295990e-02,1.382484566420316696e-02,8.288520388305187225e-03,5.059287883341312408e-03,2.806663978844881058e-03,-1.126076560467481613e-03,2.735944930464029312e-03,1.019579474814236164e-03,3.274288494139909744e-03,3.159044543281197548e-03,2.899632323533296585e-03,3.930595703423023224e-03,5.733507568947970867e-04,-8.579483837820589542e-04,1.029363134875893593e-03,3.461465530563145876e-04,3.085653996095061302e-03
3.427410963922739029e-03,2.977105788886547089e-03,-2.003485569730401039e-03,2.208310877904295921e-03,5.802764091640710831e-03,9.338763542473316193e-03,1.517949718981981277e-02,2.486674487590789795e-02,3.414941951632499695e-02,4.660933092236518860e-02,5.548239499330520630e-02,6.977097690105438232e-02,8.083333820104598999e-02,9.319484978914260864e-02,9.989801794290542603e-02,1.093595772981643677e-01,1.112165823578834534e-01,1.132231056690216064e-01,1.117589175701141357e-01,1.087555959820747375e-01,1.054767519235610962e-01,9.718544781208038330e-02,9.036193788051605225e-02,8.277851343154907227e-02,7.534211874008178711e-02,6.822352856397628784e-02,6.013730913400650024e-02,5.712509527802467346e-02,5.237666144967079163e-02,5.029884353280067444e-02,4.817463457584381104e-02,5.039497837424278259e-02,5.134109035134315491e-02,5.473021417856216431e-02,5.344172939658164978e-02,5.481224134564399719e-02,5.256943404674530029e-02,5.079113319516181946e-02,4.649056866765022278e-02,4.205655306577682495e-02,3.632681444287300110e-02,2.550712972879409790e-02,1.793737709522247314e-02,1.141414977610111237e-02,2.613298362120985985e-03,-3.086765296757221222e-03,-1.262005604803562164e-02,-1.278597302734851837e-02,-1.657051779329776764e-02,-1.649783365428447723e-02,-1.701345480978488922e-02,-1.754788309335708618e-02,-1.629415154457092285e-02,-1.027147471904754639e-02,-7.349242921918630600e-03,-3.754517761990427971e-03,9.659120696596801281e-04,3.072985913604497910e-03,4.599956795573234558e-03,2.652008552104234695e-03,2.179343282477930188e-04,6.009310018271207809e-03,3.462526015937328339e-03,3.247956745326519012e-03
1.787228975445032120e-03,4.200187511742115021e-03,-2.116724383085966110e-03,5.234396085143089294e-03,1.002401020377874374e-02,1.536646578460931778e-02,2.454545348882675171e-02,3.481444716453552246e-02,4.506183043122291565e-02,5.899278447031974792e-02,6.965857744216918945e-02,8.251322060823440552e-02,9.547244012355804443e-02,1.055153086781501770e-01,1.135851070284843445e-01,1.179254278540611267e-01,1.213780418038368225e-01,1.196499466896057129e-01,1.168972253799438477e-01,1.096981987357139587e-01,1.045163944363594055e-01,9.415371716022491455e-02,8.645155280828475952e-02,7.509212940931320190e-02,6.696484237909317017e-02,5.875246971845626831e-02,5.192318931221961975e-02,4.592170938849449158e-02,4.474689811468124390e-02,4.491188377141952515e-02,4.392206296324729919e-02,4.467519000172615051e-02,4.639532789587974548e-02,4.971715807914733887e-02,4.901542887091636658e-02,4.796182364225387573e-02,4.214197024703025818e-02,4.193995893001556396e-02,2.980559691786766052e-02,2.320639416575431824e-02,1.244381442666053772e-02,-3.589167725294828415e-03,-1.295633148401975632e-02,-2.796869911253452301e-02,-3.480727225542068481e-02,-4.301897436380386353e-02,-4.852836206555366516e-02,-5.193730443716049194e-02,-4.954332858324050903e-02,-4.683306440711021423e-02,-4.400327056646347046e-02,-4.034147411584854126e-02,-3.620903939008712769e-02,-2.346736751496791840e-02,-1.786781474947929382e-02,-7.753953803330659866e-03,-1.072520506568253040e-03,4.788802005350589752e-03,7.008145097643136978e-03,7.626495789736509323e-03,3.542454680427908897e-03,8.949346840381622314e-03,2.746802056208252907e-03,2.663276623934507370e-03
3.601658623665571213e-03,5.594276823103427887e-03,2.385413041338324547e-03,6.970472633838653564e-03,1.319285295903682709e-02,1.923535019159317017e-02,2.748886309564113617e-02,3.892846032977104187e-02,5.105135217308998108e-02,6.401387602090835571e-02,7.610012590885162354e-02,8.969367295503616333e-02,1.027791500091552734e-01,1.128841564059257507e-01,1.184127926826477051e-01,1.229606494307518005e-01,1.227938905358314514e-01,1.214529722929000854e-01,1.152328774333000183e-01,1.071864888072013855e-01,9.879578649997711182e-02,8.741831779479980469e-02,7.970699667930603027e-02,6.554868817329406738e-02,5.816083028912544250e-02,4.801211133599281311e-02,4.173306748270988464e-02,3.692334145307540894e-02,3.550580888986587524e-02,3.577412664890289307e-02,3.622892126441001892e-02,3.668303415179252625e-02,3.941716998815536499e-02,4.220076650381088257e-02,3.917688131332397461e-02,3.773432970046997070e-02,3.151407837867736816e-02,2.661937847733497620e-02,1.795768365263938904e-02,8.064824156463146210e-03,-1.247237995266914368e-02,-2.651312947273254395e-02,-4.236430302262306213e-02,-5.152342095971107483e-02,-6.456866115331649780e-02,-7.337019592523574829e-02,-8.274269849061965942e-02,-8.337846398353576660e-02,-8.219036459922790527e-02,-7.566530257463455200e-02,-6.906688958406448364e-02,-6.108448281884193420e-02,-5.143397673964500427e-02,-3.600182011723518372e-02,-2.568970434367656708e-02,-1.208196394145488739e-02,-4.883779678493738174e-03,4.137847572565078735e-03,6.861811503767967224e-03,8.599773980677127838e-03,5.601756274700164795e-03,1.196610368788242340e-02,3.019837662577629089e-03,3.757160389795899391e-03
3.342058509588241577e-03,6.106946617364883423e-03,7.294408278539776802e-04,7.458389271050691605e-03,1.482948381453752518e-02,2.213567681610584259e-02,3.148639574646949768e-02,4.355477541685104370e-02,5.575907602906227112e-02,6.906171888113021851e-02,8.158812671899795532e-02,9.500575065612792969e-02,1.063119545578956604e-01,1.148142963647842407e-01,1.209808140993118286e-01,1.222546920180320740e-01,1.195792630314826965e-01,1.175498142838478088e-01,1.095128208398818970e-01,1.000661775469779968e-01,8.711729943752288818e-02,7.764679938554763794e-02,6.390040367841720581e-02,5.237331241369247437e-02,4.096550866961479187e-02,3.161131590604782104e-02,2.391140349209308624e-02,2.282986789941787720e-02,2.025984786450862885e-02,2.317206189036369324e-02,2.338435500860214233e-02,2.762061543762683868e-02,2.825300768017768860e-02,3.218166157603263855e-02,2.653670683503150940e-02,2.837018296122550964e-02,1.521532982587814331e-02,1.105592865496873856e-02,-4.554111976176500320e-03,-2.246951870620250702e-02,-3.869029879570007324e-02,-5.806333571672439575e-02,-6.935442239046096802e-02,-8.709179610013961792e-02,-9.665556997060775757e-02,-1.124472171068191528e-01,-1.147149279713630676e-01,-1.173124983906745911e-01,-1.104673668742179871e-01,-1.050412654876708984e-01,-9.339919686317443848e-02,-8.115944266319274902e-02,-6.851953268051147461e-02,-4.876605793833732605e-02,-3.547938540577888489e-02,-1.972647197544574738e-02,-6.512991152703762054e-03,5.777858197689056396e-03,1.047548465430736542e-02,1.389142032712697983e-02,9.420977905392646790e-03,1.381848007440567017e-02,4.185794852674007416e-03,2.564931754022836685e-03
5.421390756964683533e-03,7.441889960318803787e-03,4.357490688562393188e-03,1.039153616875410080e-02,1.742672733962535858e-02,2.486596256494522095e-02,3.278699889779090881e-02,4.546457901597023010e-02,5.494506657123565674e-02,6.897082924842834473e-02,7.998685538768768311e-02,9.246937185525894165e-02,1.023504436016082764e-01,1.091259345412254333e-01,1.113015264272689819e-01,1.125115901231765747e-01,1.085688620805740356e-01,1.044172719120979309e-01,9.545698761940002441e-02,8.464553207159042358e-02,7.517535984516143799e-02,6.023970246315002441e-02,5.025551840662956238e-02,3.602839633822441101e-02,2.741759829223155975e-02,1.702092401683330536e-02,1.205251272767782211e-02,9.808793663978576660e-03,9.502758271992206573e-03,1.238760259002447128e-02,1.299097109586000443e-02,1.599374972283840179e-02,1.832913234829902649e-02,2.101645432412624359e-02,1.731869950890541077e-02,1.398109365254640579e-02,5.262611433863639832e-03,-4.819671157747507095e-03,-2.537154220044612885e-02,-3.657345473766326904e-02,-5.887062102556228638e-02,-7.544197142124176025e-02,-9.444699436426162720e-02,-1.133540049195289612e-01,-1.267800182104110718e-01,-1.390226185321807861e-01,-1.433531641960144043e-01,-1.428984254598617554e-01,-1.380834430456161499e-01,-1.284356862306594849e-01,-1.141223683953285217e-01,-9.945707023143768311e-02,-7.831761240959167480e-02,-5.672030895948410034e-02,-4.042629152536392212e-02,-2.297031879425048828e-02,-8.427605032920837402e-03,5.592940375208854675e-03,1.162305381149053574e-02,1.418012659996747971e-02,1.155548822134733200e-02,1.820829883217811584e-02,5.383958574384450912e-03,4.538804758340120316e-03
4.374851472675800323e-03,7.748218718916177750e-03,4.967613611370325089e-03,1.054352335631847382e-02,2.068761177361011505e-02,2.680440992116928101e-02,3.810187056660652161e-02,4.680274799466133118e-02,5.829851329326629639e-02,7.080668956041336060e-02,8.098378777503967285e-02,9.107311069965362549e-02,9.992098063230514526e-02,1.047931835055351257e-01,1.057650223374366760e-01,1.041553914546966553e-01,9.917252510786056519e-02,9.223854541778564453e-02,7.983056455850601196e-02,6.833317875862121582e-02,5.259833112359046936e-02,4.107742384076118469e-02,2.579527162015438080e-02,1.518333423882722855e-02,4.400176927447319031e-03,-4.336425627116113901e-04,-6.220240145921707153e-03,-6.093957927078008652e-03,-6.467456463724374771e-03,-7.138113724067807198e-04,4.675837117247283459e-04,5.900379270315170288e-03,7.457139436155557632e-03,1.226252317428588867e-02,4.207725636661052704e-03,3.466156776994466782e-03,-8.583808317780494690e-03,-2.360041067004203796e-02,-4.097237065434455872e-02,-6.036597490310668945e-02,-7.697027176618576050e-02,-1.035321503877639771e-01,-1.199784725904464722e-01,-1.433703303337097168e-01,-1.555749326944351196e-01,-1.668872237205505371e-01,-1.672151833772659302e-01,-1.621232777833938599e-01,-1.603245288133621216e-01,-1.450586169958114624e-01,-1.313267052173614502e-01,-1.101206094026565552e-01,-9.047126024961471558e-02,-6.380681693553924561e-02,-4.319969564676284790e-02,-2.731060795485973358e-02,-7.081386167556047440e-03,1.023715548217296600e-02,1.442115567624568939e-02,1.879985816776752472e-02,1.427258085459470749e-02,2.053618617355823517e-02,7.674924563616514206e-03,3.106330754235386848e-03
5.486200563609600067e-03,8.281559683382511139e-03,7.984333671629428864e-03,1.417782437056303024e-02,2.386614866554737091e-02,2.979275770485401154e-02,3.878536820411682129e-02,4.860668629407882690e-02,5.768443644046783447e-02,6.833890080451965332e-02,7.606907933950424194e-02,8.437953144311904907e-02,8.825040608644485474e-02,9.296848624944686890e-02,9.045438468456268311e-02,8.752111345529556274e-02,7.968096435070037842e-02,7.217536866664886475e-02,6.222984567284584045e-02,4.904559254646301270e-02,3.575566783547401428e-02,2.044103294610977173e-02,1.017305254936218262e-02,-1.731718541122972965e-03,-7.920062169432640076e-03,-1.524952147156000137e-02,-1.851291954517364502e-02,-1.818323694169521332e-02,-1.600313372910022736e-02,-1.059015654027462006e-02,-7.389297243207693100e-03,-2.432105131447315216e-03,-6.192930595716461539e-05,1.877065747976303101e-03,-1.791588030755519867e-03,-7.330653723329305649e-03,-2.377616986632347107e-02,-3.708082810044288635e-02,-5.708386749029159546e-02,-6.901723891496658325e-02,-9.330521523952484131e-02,-1.193245202302932739e-01,-1.391743570566177368e-01,-1.596210598945617676e-01,-1.735195070505142212e-01,-1.826187521219253540e-01,-1.841877102851867676e-01,-1.807248294353485107e-01,-1.729908436536788940e-01,-1.587777137756347656e-01,-1.414862126111984253e-01,-1.203976050019264221e-01,-9.260241687297821045e-02,-6.452593952417373657e-02,-4.658421874046325684e-02,-2.553030289709568024e-02,-6.841465830802917480e-03,1.062569953501224518e-02,1.579967886209487915e-02,1.990061625838279724e-02,1.752924360334873199e-02,2.350470051169395447e-02,7.354371249675750732e-03,4.897224251180887222e-03
5.425767973065376282e-03,8.691002614796161652e-03,9.856707416474819183e-03,1.638371124863624573e-02,2.716541662812232971e-02,3.288230672478675842e-02,4.174597188830375671e-02,4.904137551784515381e-02,5.894006043672561646e-02,6.565507501363754272e-02,7.156977057456970215e-02,7.608973979949951172e-02,7.911886274814605713e-02,8.151527494192123413e-02,7.512730360031127930e-02,6.939257681369781494e-02,5.941611155867576599e-02,5.244376510381698608e-02,3.805935755372047424e-02,2.530794776976108551e-02,9.896432049572467804e-03,-2.928845817223191261e-03,-1.232626661658287048e-02,-1.939609460532665253e-02,-2.708932943642139435e-02,-2.978250570595264435e-02,-3.191492706537246704e-02,-2.987995743751525879e-02,-2.676864527165889740e-02,-1.940969936549663544e-02,-1.658682897686958313e-02,-1.041251514106988907e-02,-8.409113623201847076e-03,-3.713058540597558022e-03,-1.252944301813840866e-02,-2.033957839012145996e-02,-3.498942777514457703e-02,-5.401552468538284302e-02,-7.129336893558502197e-02,-9.073393791913986206e-02,-1.141250357031822205e-01,-1.408196538686752319e-01,-1.576245427131652832e-01,-1.769112646579742432e-01,-1.891963779926300049e-01,-1.938832402229309082e-01,-1.946225613355636597e-01,-1.857559084892272949e-01,-1.792763620615005493e-01,-1.590998917818069458e-01,-1.442448496818542480e-01,-1.210385486483573914e-01,-9.293233603239059448e-02,-6.754748523235321045e-02,-4.150307178497314453e-02,-2.077001705765724182e-02,-1.691435318207368255e-04,1.697251200675964355e-02,2.100002393126487732e-02,2.518485672771930695e-02,2.101174741983413696e-02,2.383251301944255829e-02,9.879567660391330719e-03,3.431881777942180634e-03
7.839746773242950439e-03,1.007930561900138855e-02,1.343131717294454575e-02,1.895107142627239227e-02,2.873548492789268494e-02,3.501915931701660156e-02,4.190741479396820068e-02,5.086946114897727966e-02,5.501853674650192261e-02,6.054140999913215637e-02,6.253111362457275391e-02,6.448064744472503662e-02,6.516139954328536987e-02,6.115325912833213806e-02,5.629818141460418701e-02,4.622113332152366638e-02,3.937082365155220032e-02,2.604545094072818756e-02,1.391021069139242172e-02,9.425680618733167648e-04,-9.523718617856502533e-03,-2.210737951099872589e-02,-2.973588742315769196e-02,-3.587162867188453674e-02,-3.947138786315917969e-02,-4.127357900142669678e-02,-3.945336863398551941e-02,-3.692625090479850769e-02,-3.222676366567611694e-02,-2.378706261515617371e-02,-1.883273199200630188e-02,-1.450560335069894791e-02,-1.177556812763214111e-02,-1.197311375290155411e-02,-1.733164303004741669e-02,-2.753144688904285431e-02,-4.501916840672492981e-02,-5.971217527985572815e-02,-7.809530943632125854e-02,-9.639143943786621094e-02,-1.199474036693572998e-01,-1.464124768972396851e-01,-1.645224541425704956e-01,-1.830777227878570557e-01,-1.951793283224105835e-01,-1.994719952344894409e-01,-1.973914504051208496e-01,-1.894342005252838135e-01,-1.776311099529266357e-01,-1.592148095369338989e-01,-1.430591493844985962e-01,-1.188973486423492432e-01,-9.095605462789535522e-02,-6.055931746959686279e-02,-4.140081629157066345e-02,-1.707199215888977051e-02,3.190211020410060883e-03,1.775356754660606384e-02,2.413929626345634460e-02,2.660508267581462860e-02,2.296686172485351562e-02,2.729593403637409210e-02,8.931728079915046692e-03,5.346056539565324783e-03
6.929368246346712112e-03,1.044205762445926666e-02,1.729459129273891449e-02,2.146442234516143799e-02,3.316716849803924561e-02,3.790198266506195068e-02,4.651037231087684631e-02,4.977384954690933228e-02,5.459446460008621216e-02,5.679064616560935974e-02,5.366881936788558960e-02,5.353833734989166260e-02,4.860470071434974670e-02,4.428602010011672974e-02,3.348181024193763733e-02,2.128133364021778107e-02,1.115714665502309799e-02,-2.222907263785600662e-03,-1.238649431616067886e-02,-2.651009708642959595e-02,-3.503473103046417236e-02,-4.389802366495132446e-02,-5.062970146536827087e-02,-5.352938920259475708e-02,-5.425862595438957214e-02,-5.190355703234672546e-02,-4.828558489680290222e-02,-4.220594465732574463e-02,-3.477330505847930908e-02,-2.686135284602642059e-02,-2.210861258208751678e-02,-1.771799474954605103e-02,-1.298201549798250198e-02,-1.566983386874198914e-02,-2.296290919184684753e-02,-3.525223955512046814e-02,-4.789736121892929077e-02,-6.634641438722610474e-02,-8.329250663518905640e-02,-1.063016206026077271e-01,-1.281171143054962158e-01,-1.503743082284927368e-01,-1.655490994453430176e-01,-1.796676814556121826e-01,-1.932345032691955566e-01,-1.919633150100708008e-01,-1.894948631525039673e-01,-1.754601001739501953e-01,-1.661760360002517700e-01,-1.442819982767105103e-01,-1.295995116233825684e-01,-1.081123724579811096e-01,-7.782092690467834473e-02,-5.669078975915908813e-02,-2.923793531954288483e-02,-8.986067958176136017e-03,1.118983607739210129e-02,2.780790068209171295e-02,3.030879609286785126e-02,3.200774639844894409e-02,2.662422135472297668e-02,2.798068709671497345e-02,1.170765608549118042e-02,3.830601228401064873e-03
7.171515375375747681e-03,8.868621662259101868e-03,1.948345266282558441e-02,2.588074095547199249e-02,3.514287248253822327e-02,4.219647496938705444e-02,4.712355881929397583e-02,5.221470445394515991e-02,5.258498340845108032e-02,5.073363706469535828e-02,4.845021665096282959e-02,4.030685499310493469e-02,3.502552583813667297e-02,2.323442511260509491e-02,1.189996954053640366e-02,-1.962575595825910568e-03,-1.469935476779937744e-02,-2.588810771703720093e-02,-3.621493652462959290e-02,-4.712760820984840393e-02,-5.626780912280082703e-02,-6.192742288112640381e-02,-6.430182605981826782e-02,-6.418073922395706177e-02,-6.216479092836380005e-02,-5.883689597249031067e-02,-5.174086615443229675e-02,-4.213027283549308777e-02,-3.278491646051406860e-02,-2.451080083847045898e-02,-1.936011388897895813e-02,-1.381762046366930008e-02,-1.334047596901655197e-02,-1.720931753516197205e-02,-2.403464913368225098e-02,-3.490301966667175293e-02,-4.958612099289894104e-02,-6.571052223443984985e-02,-8.316583186388015747e-02,-1.050959229469299316e-01,-1.264298707246780396e-01,-1.451399475336074829e-01,-1.613731533288955688e-01,-1.738133281469345093e-01,-1.835661679506301880e-01,-1.822186559438705444e-01,-1.777109652757644653e-01,-1.673052906990051270e-01,-1.562886536121368408e-01,-1.346933394670486450e-01,-1.204982250928878784e-01,-9.226138144731521606e-02,-6.911309063434600830e-02,-4.308239743113517761e-02,-2.190820500254631042e-02,-1.956847991095855832e-04,1.815821975469589233e-02,2.917189337313175201e-02,3.416033089160919189e-02,3.392536938190460205e-02,2.940944023430347443e-02,2.955329976975917816e-02,1.012789364904165268e-02,5.219971295446157455e-03
7.279973942786455154e-03,1.023533940315246582e-02,2.501051872968673706e-02,3.062832541763782501e-02,4.062417522072792053e-02,4.657488688826560974e-02,5.109621584415435791e-02,5.148890614509582520e-02,4.983154311776161194e-02,4.703572764992713928e-02,3.688439354300498962e-02,2.861209586262702942e-02,1.733879745006561279e-02,2.770334482192993164e-03,-1.144944224506616592e-02,-2.572344243526458740e-02,-3.670704364776611328e-02,-5.027935281395912170e-02,-5.719195306301116943e-02,-6.975243240594863892e-02,-7.503152638673782349e-02,-7.894213497638702393e-02,-7.637839019298553467e-02,-7.376466691493988037e-02,-6.898816674947738647e-02,-5.980866029858589172e-02,-5.041718855500221252e-02,-3.860392048954963684e-02,-2.652629837393760681e-02,-1.979696750640869141e-02,-1.156034972518682480e-02,-9.619711898267269135e-03,-6.467035971581935883e-03,-1.021993812173604965e-02,-1.847211457788944244e-02,-3.036144934594631195e-02,-4.467353597283363342e-02,-6.330094486474990845e-02,-8.011765778064727783e-02,-9.631183743476867676e-02,-1.188483759760856628e-01,-1.347406655550003052e-01,-1.488714665174484253e-01,-1.578177660703659058e-01,-1.652077287435531616e-01,-1.626088768243789673e-01,-1.550722569227218628e-01,-1.468416750431060791e-01,-1.328530460596084595e-01,-1.149978414177894592e-01,-9.607040137052536011e-02,-7.546547055244445801e-02,-4.528263211250305176e-02,-2.715771086513996124e-02,-1.120707718655467033e-03,1.830420643091201782e-02,3.038822114467620850e-02,4.114987701177597046e-02,4.370894655585289001e-02,4.147078096866607666e-02,3.483294323086738586e-02,2.792900986969470978e-02,1.313731446862220764e-02,4.333596676588058472e-03
8.091930299997329712e-03,1.011772640049457550e-02,2.748128212988376617e-02,3.326272964477539062e-02,4.170498996973037720e-02,4.992661997675895691e-02,5.152533575892448425e-02,5.194369703531265259e-02,4.901752620935440063e-02,4.041548445820808411e-02,3.157487511634826660e-02,1.655183732509613037e-02,1.385866547934710979e-03,-1.575282588601112366e-02,-3.151410818099975586e-02,-4.460139200091362000e-02,-5.632837861776351929e-02,-7.121822983026504517e-02,-8.171296864748001099e-02,-8.870997279882431030e-02,-9.155347943305969238e-02,-9.087234735488891602e-02,-8.694809675216674805e-02,-8.225554227828979492e-02,-7.179451733827590942e-02,-5.946361273527145386e-02,-4.440011084079742432e-02,-3.256620839238166809e-02,-2.011286839842796326e-02,-9.463103488087654114e-03,-3.990813158452510834e-03,-3.285191778559237719e-04,3.117209067568182945e-03,-1.445123110897839069e-03,-9.851238690316677094e-03,-2.297664433717727661e-02,-3.587324172258377075e-02,-5.355386063456535339e-02,-7.038617134094238281e-02,-8.544801920652389526e-02,-1.030158326029777527e-01,-1.178654283285140991e-01,-1.304489821195602417e-01,-1.370739638805389404e-01,-1.424163877964019775e-01,-1.398540735244750977e-01,-1.336735785007476807e-01,-1.213378310203552246e-01,-1.083063632249832153e-01,-9.184569120407104492e-02,-7.336144149303436279e-02,-5.101002380251884460e-02,-2.742392383515834808e-02,-6.823486182838678360e-03,1.263171900063753128e-02,2.982112206518650055e-02,4.235960915684700012e-02,4.785114526748657227e-02,4.993273317813873291e-02,4.610696434974670410e-02,3.703121095895767212e-02,3.203268721699714661e-02,1.107787340879440308e-02,4.528192337602376938e-03
7.638703100383281708e-03,1.122718211263418198e-02,3.376982361078262329e-02,3.844514861702919006e-02,4.814177379012107849e-02,5.404553189873695374e-02,5.631459876894950867e-02,5.428222194314002991e-02,4.613791778683662415e-02,3.725106641650199890e-02,2.132014371454715729e-02,1.771467039361596107e-03,-1.491196919232606888e-02,-3.307666629552841187e-02,-4.812788963317871094e-02,-6.715278327465057373e-02,-8.086191862821578979e-02,-9.531850367784500122e-02,-9.896072000265121460e-02,-1.083436682820320129e-01,-1.058179587125778198e-01,-9.868968278169631958e-02,-9.315799176692962646e-02,-8.222045004367828369e-02,-6.965523958206176758e-02,-5.263188853859901428e-02,-3.477742895483970642e-02,-2.196892164647579193e-02,-4.658586811274290085e-03,1.576978480443358421e-03,1.110058464109897614e-02,1.285621151328086853e-02,1.671867817640304565e-02,1.007597148418426514e-02,1.874867826700210571e-03,-9.205481037497520447e-03,-2.373533509671688080e-02,-3.953707218170166016e-02,-5.519975721836090088e-02,-7.119863480329513550e-02,-8.643653988838195801e-02,-9.911746531724929810e-02,-1.088483110070228577e-01,-1.155292466282844543e-01,-1.172704175114631653e-01,-1.124899685382843018e-01,-1.039704233407974243e-01,-9.053967893123626709e-02,-7.492346316576004028e-02,-6.200141832232475281e-02,-3.921617195010185242e-02,-2.433997206389904022e-02,7.100584334693849087e-04,1.538373436778783798e-02,3.391400352120399475e-02,4.468670487403869629e-02,5.339697748422622681e-02,5.868017300963401794e-02,5.817719548940658569e-02,5.055025592446327209e-02,4.166037216782569885e-02,3.204442933201789856e-02,1.536763366311788559e-02,3.545542946085333824e-03
7.392612285912036896e-03,1.039422117173671722e-02,3.346781432628631592e-02,4.246056452393531799e-02,5.153376981616020203e-02,5.955859273672103882e-02,5.728028714656829834e-02,5.471826344728469849e-02,4.761159420013427734e-02,3.208947554230690002e-02,1.546354964375495911e-02,-4.826812073588371277e-03,-2.673024870455265045e-02,-4.691253602504730225e-02,-6.447072327136993408e-02,-8.785405009984970093e-02,-9.849707037210464478e-02,-1.126551404595375061e-01,-1.191399022936820984e-01,-1.239959448575973511e-01,-1.190063059329986572e-01,-1.097851768136024475e-01,-9.949737787246704102e-02,-8.366491645574569702e-02,-6.592797487974166870e-02,-4.457193240523338318e-02,-2.844639308750629425e-02,-1.028614304959774017e-02,5.764602683484554291e-03,1.765966042876243591e-02,2.535522729158401489e-02,2.771245315670967102e-02,3.221087902784347534e-02,2.441414631903171539e-02,1.977039687335491180e-02,3.158756997436285019e-03,-7.944596000015735626e-03,-2.366293407976627350e-02,-3.830375894904136658e-02,-5.233800411224365234e-02,-7.012420892715454102e-02,-7.492870092391967773e-02,-8.334562927484512329e-02,-8.468196541070938110e-02,-8.587960153818130493e-02,-7.732316851615905762e-02,-6.808155775070190430e-02,-5.686786398291587830e-02,-4.511380568146705627e-02,-2.957577817142009735e-02,-1.300316676497459412e-02,2.880415413528680801e-03,2.370813861489295959e-02,3.747533261775970459e-02,5.162907764315605164e-02,5.773006752133369446e-02,6.610737740993499756e-02,6.384342163801193237e-02,6.263992935419082642e-02,5.389793217182159424e-02,4.301494359970092773e-02,3.369378671050071716e-02,1.411116775125265121e-02,4.418068099766969681e-03
7.997545413672924042e-03,1.201444584876298904e-02,3.885662928223609924e-02,4.744425788521766663e-02,5.753264576196670532e-02,6.359802931547164917e-02,6.132446974515914917e-02,5.520852282643318176e-02,4.548032954335212708e-02,3.013892658054828644e-02,8.732744492590427399e-03,-1.805655471980571747e-02,-4.010492563247680664e-02,-6.273835897445678711e-02,-8.282363414764404297e-02,-1.025081574916839600e-01,-1.143466904759407043e-01,-1.265213340520858765e-01,-1.282579004764556885e-01,-1.287202388048171997e-01,-1.213186159729957581e-01,-1.075701937079429626e-01,-9.700799733400344849e-02,-7.785971462726593018e-02,-5.299912020564079285e-02,-3.381950780749320984e-02,-9.583388455212116241e-03,9.738482534885406494e-03,2.817123569548130035e-02,3.776114061474800110e-02,4.838319122791290283e-02,4.698454588651657104e-02,5.073159188032150269e-02,3.978894650936126709e-02,3.494329005479812622e-02,2.208048850297927856e-02,9.674739092588424683e-03,-6.493913009762763977e-03,-1.816674508154392242e-02,-2.913595922291278839e-02,-4.341237619519233704e-02,-5.076599121093750000e-02,-5.654851347208023071e-02,-5.210739374160766602e-02,-5.128598585724830627e-02,-4.299945011734962463e-02,-3.280991315841674805e-02,-2.258581668138504028e-02,-7.826734334230422974e-03,6.209277547895908356e-03,2.502254582941532135e-02,3.621434420347213745e-02,5.207692831754684448e-02,6.238275021314620972e-02,7.214960455894470215e-02,7.413667440414428711e-02,7.717075198888778687e-02,7.396999746561050415e-02,7.050412893295288086e-02,5.942250415682792664e-02,4.804283753037452698e-02,3.277366235852241516e-02,1.736844703555107117e-02,3.974872175604104996e-03
6.779983639717102051e-03,1.076767500489950180e-02,4.141907766461372375e-02,4.953909292817115784e-02,5.784074962139129639e-02,6.514736264944076538e-02,6.103077903389930725e-02,5.463594198226928711e-02,4.495413228869438171e-02,2.657884731888771057e-02,4.893750417977571487e-03,-2.085150964558124542e-02,-4.455657303333282471e-02,-7.163044810295104980e-02,-9.322681277990341187e-02,-1.127173975110054016e-01,-1.235845834016799927e-01,-1.356344968080520630e-01,-1.380212157964706421e-01,-1.366638243198394775e-01,-1.250422745943069458e-01,-1.118678301572799683e-01,-9.735918045043945312e-02,-6.999298930168151855e-02,-4.796442762017250061e-02,-2.278992906212806702e-02,1.315363770117983222e-04,2.379197813570499420e-02,4.253951832652091980e-02,5.603681132197380066e-02,6.427524238824844360e-02,6.569231301546096802e-02,6.999809294939041138e-02,6.103684380650520325e-02,5.512975528836250305e-02,4.066262766718864441e-02,3.284326568245887756e-02,1.636796817183494568e-02,4.794131964445114136e-03,-3.474938916042447090e-03,-1.278747897595167160e-02,-1.895778439939022064e-02,-2.548452652990818024e-02,-2.087380923330783844e-02,-1.808912493288516998e-02,-9.078667499125003815e-03,-1.873976783826947212e-03,1.432859618216753006e-02,2.582279220223426819e-02,3.857066109776496887e-02,5.247185006737709045e-02,6.425846368074417114e-02,7.782765477895736694e-02,8.237208425998687744e-02,8.872176706790924072e-02,8.929873257875442505e-02,8.828306198120117188e-02,8.293651789426803589e-02,7.465268671512603760e-02,6.443431973457336426e-02,4.944147169589996338e-02,3.610783442854881287e-02,1.578819565474987030e-02,4.205914214253425598e-03
7.959892041981220245e-03,1.305908337235450745e-02,4.512549936771392822e-02,5.112330988049507141e-02,6.239033862948417664e-02,6.661487370729446411e-02,6.403282284736633301e-02,5.541076883673667908e-02,4.318995401263237000e-02,2.440876699984073639e-02,-1.421411521732807159e-03,-3.033553250133991241e-02,-5.590830743312835693e-02,-8.051407337188720703e-02,-1.012130901217460632e-01,-1.195982918143272400e-01,-1.320734620094299316e-01,-1.396963745355606079e-01,-1.389025151729583740e-01,-1.322675347328186035e-01,-1.232361570000648499e-01,-1.051324978470802307e-01,-8.682243525981903076e-02,-5.923227593302726746e-02,-3.252895921468734741e-02,-6.354763172566890717e-03,2.135693654417991638e-02,4.442115873098373413e-02,6.141161546111106873e-02,7.270111888647079468e-02,8.315331488847732544e-02,8.360714465379714966e-02,8.513323217630386353e-02,7.647697627544403076e-02,7.190119475126266479e-02,5.963819101452827454e-02,4.960535466670989990e-02,3.495689481496810913e-02,2.902845665812492371e-02,2.097023651003837585e-02,1.123171672224998474e-02,9.783867746591567993e-03,5.893034394830465317e-03,1.219092123210430145e-02,1.556066982448101044e-02,2.903063222765922546e-02,3.926911950111389160e-02,5.373321473598480225e-02,6.372097134590148926e-02,7.326772809028625488e-02,8.503964543342590332e-02,9.143922477960586548e-02,1.018110066652297974e-01,1.015455722808837891e-01,1.081840172410011292e-01,9.994625300168991089e-02,9.943549335002899170e-02,8.853004127740859985e-02,8.294677734375000000e-02,6.619311869144439697e-02,5.359265580773353577e-02,3.390322625637054443e-02,1.820516027510166168e-02,3.696557832881808281e-03
8.027491159737110138e-03,1.255334913730621338e-02,4.584590718150138855e-02,5.403379723429679871e-02,6.309881806373596191e-02,7.081346213817596436e-02,6.342099606990814209e-02,5.665161833167076111e-02,4.374937340617179871e-02,2.194909937679767609e-02,-2.270780503749847412e-03,-3.172468394041061401e-02,-5.565262585878372192e-02,-8.199171721935272217e-02,-1.061072424054145813e-01,-1.272154003381729126e-01,-1.344743371009826660e-01,-1.435260027647018433e-01,-1.420252472162246704e-01,-1.356126070022583008e-01,-1.221798509359359741e-01,-1.028912365436553955e-01,-8.248200267553329468e-02,-4.927601665258407593e-02,-2.696748077869415283e-02,6.776113528758287430e-03,3.263164311647415161e-02,5.609789863228797913e-02,7.284180819988250732e-02,8.891024440526962280e-02,9.767799079418182373e-02,9.844785183668136597e-02,1.006688326597213745e-01,9.280604869127273560e-02,8.926504105329513550e-02,7.412690669298171997e-02,6.625679135322570801e-02,5.145795643329620361e-02,4.622599110007286072e-02,3.702750802040100098e-02,3.352943807840347290e-02,3.385368362069129944e-02,3.200231492519378662e-02,3.986161947250366211e-02,4.605644568800926208e-02,5.885158851742744446e-02,6.724733114242553711e-02,7.792851328849792480e-02,9.070380777120590210e-02,9.926960617303848267e-02,1.079157292842864990e-01,1.138422936201095581e-01,1.201353147625923157e-01,1.200697869062423706e-01,1.178493797779083252e-01,1.106847077608108521e-01,1.049729362130165100e-01,9.325225651264190674e-02,8.265852183103561401e-02,6.760146468877792358e-02,5.151394382119178772e-02,3.459269180893898010e-02,1.690176315605640411e-02,3.170085838064551353e-03
5.700060632079839706e-03,1.324957702308893204e-02,4.574543610215187073e-02,5.565292760729789734e-02,6.702991575002670288e-02,7.034054398536682129e-02,6.721787154674530029e-02,5.464713275432586670e-02,4.228681325912475586e-02,2.109192870557308197e-02,-4.517734982073307037e-03,-3.534341230988502502e-02,-6.134242191910743713e-02,-8.565667271614074707e-02,-1.072416082024574280e-01,-1.235790103673934937e-01,-1.356489509344100952e-01,-1.381492316722869873e-01,-1.364733278751373291e-01,-1.261382997035980225e-01,-1.138226464390754700e-01,-9.358739852905273438e-02,-6.481393426656723022e-02,-4.073238745331764221e-02,-8.320387452840805054e-03,2.518166974186897278e-02,4.923580959439277649e-02,6.999451667070388794e-02,8.943440765142440796e-02,1.007950529456138611e-01,1.134572401642799377e-01,1.098426654934883118e-01,1.127465590834617615e-01,1.038562208414077759e-01,9.923040121793746948e-02,8.567114174365997314e-02,7.821314781904220581e-02,6.566291302442550659e-02,6.113910675048828125e-02,5.570004880428314209e-02,5.512461438775062561e-02,5.784933269023895264e-02,5.885268375277519226e-02,6.374636292457580566e-02,7.157354056835174561e-02,8.728455007076263428e-02,9.745239466428756714e-02,1.025544703006744385e-01,1.139907464385032654e-01,1.244144514203071594e-01,1.339586526155471802e-01,1.297473162412643433e-01,1.347078680992126465e-01,1.297130286693572998e-01,1.294752508401870728e-01,1.159934550523757935e-01,1.113813668489456177e-01,9.776181727647781372e-02,8.603002876043319702e-02,6.764625012874603271e-02,5.297152698040008545e-02,3.342144936323165894e-02,1.741538196802139282e-02,2.382832113653421402e-03
3.601631149649620056e-03,1.070234924554824829e-02,4.616655409336090088e-02,5.502163246273994446e-02,6.308802217245101929e-02,6.863317638635635376e-02,6.337282061576843262e-02,5.294861271977424622e-02,4.245266318321228027e-02,1.933358795940876007e-02,-3.720707027241587639e-03,-3.434478864073753357e-02,-5.690010264515876770e-02,-8.568184077739715576e-02,-1.060030311346054077e-01,-1.226276084780693054e-01,-1.302758157253265381e-01,-1.365994215011596680e-01,-1.316518932580947876e-01,-1.227110400795936584e-01,-1.099090352654457092e-01,-8.425212651491165161e-02,-6.116108968853950500e-02,-3.047562949359416962e-02,9.038993739522993565e-04,3.333141654729843140e-02,5.671823769807815552e-02,7.923398166894912720e-02,9.789456427097320557e-02,1.119650676846504211e-01,1.200600117444992065e-01,1.207868605852127075e-01,1.215142086148262024e-01,1.155953258275985718e-01,1.083147451281547546e-01,9.827523678541183472e-02,9.053818136453628540e-02,7.885732501745223999e-02,7.346575707197189331e-02,7.106225192546844482e-02,7.033984363079071045e-02,7.403848320245742798e-02,7.581172883510589600e-02,8.345802128314971924e-02,9.118908643722534180e-02,1.038190200924873352e-01,1.154977530241012573e-01,1.250269412994384766e-01,1.322071105241775513e-01,1.412810683250427246e-01,1.460489928722381592e-01,1.447202712297439575e-01,1.425871849060058594e-01,1.377291083335876465e-01,1.316681802272796631e-01,1.207102090120315552e-01,1.104239001870155334e-01,9.798845648765563965e-02,8.385882526636123657e-02,6.798064708709716797e-02,4.999889060854911804e-02,3.257466852664947510e-02,1.692718081176280975e-02,1.944719930179417133e-03
3.616390516981482506e-03,1.122002117335796356e-02,4.339976236224174500e-02,5.253856256604194641e-02,6.233651563525199890e-02,6.381844729185104370e-02,6.338793039321899414e-02,5.139709264039993286e-02,3.933377191424369812e-02,2.014610916376113892e-02,-4.655808676034212112e-03,-3.210263699293136597e-02,-5.610299482941627502e-02,-8.031836152076721191e-02,-9.866837412118911743e-02,-1.130085811018943787e-01,-1.244149133563041687e-01,-1.254530549049377441e-01,-1.201104521751403809e-01,-1.109015345573425293e-01,-9.865480661392211914e-02,-7.659682631492614746e-02,-4.826866462826728821e-02,-2.279622480273246765e-02,1.395881641656160355e-02,4.113402590155601501e-02,6.421440094709396362e-02,8.553230017423629761e-02,1.053296402096748352e-01,1.171768754720687866e-01,1.252873092889785767e-01,1.247802302241325378e-01,1.256020367145538330e-01,1.179146021604537964e-01,1.130720451474189758e-01,1.032076478004455566e-01,9.644570946693420410e-02,8.726748079061508179e-02,8.470674604177474976e-02,7.997043430805206299e-02,8.280418068170547485e-02,8.685588836669921875e-02,9.080925583839416504e-02,9.729211032390594482e-02,1.076570749282836914e-01,1.177802532911300659e-01,1.287600696086883545e-01,1.340855360031127930e-01,1.440154761075973511e-01,1.465600579977035522e-01,1.506692469120025635e-01,1.477151364088058472e-01,1.453283876180648804e-01,1.380679309368133545e-01,1.336861848831176758e-01,1.198204010725021362e-01,1.111690551042556763e-01,9.573557227849960327e-02,8.327671885490417480e-02,6.433837115764617920e-02,4.978682100772857666e-02,2.959406934678554535e-02,1.634552888572216034e-02,2.049473347142338753e-03
5.206449888646602631e-03,1.192780304700136185e-02,4.219437763094902039e-02,5.021207407116889954e-02,5.895748734474182129e-02,6.368935853242874146e-02,5.763898417353630066e-02,4.869081825017929077e-02,3.777461498975753784e-02,1.702020876109600067e-02,-3.373879240825772285e-03,-3.017373196780681610e-02,-5.213315039873123169e-02,-7.611197978258132935e-02,-9.244798123836517334e-02,-1.095903664827346802e-01,-1.150941252708435059e-01,-1.180700436234474182e-01,-1.108547598123550415e-01,-1.044073030352592468e-01,-9.076806157827377319e-02,-6.697194278240203857e-02,-4.508967325091362000e-02,-1.368856430053710938e-02,1.865972205996513367e-02,4.503110796213150024e-02,6.852593272924423218e-02,9.186215698719024658e-02,1.056888848543167114e-01,1.183387562632560730e-01,1.254401355981826782e-01,1.271136999130249023e-01,1.236951202154159546e-01,1.193977519869804382e-01,1.134251579642295837e-01,1.073532328009605408e-01,1.005754843354225159e-01,9.425552934408187866e-02,9.068825840950012207e-02,8.967683464288711548e-02,9.164708852767944336e-02,9.573902934789657593e-02,9.962151199579238892e-02,1.079630330204963684e-01,1.170739158987998962e-01,1.271698921918869019e-01,1.349015831947326660e-01,1.423767060041427612e-01,1.488889753818511963e-01,1.525870412588119507e-01,1.516009569168090820e-01,1.500445157289505005e-01,1.439730823040008545e-01,1.375739276409149170e-01,1.271661818027496338e-01,1.178415194153785706e-01,1.057384684681892395e-01,9.290554374456405640e-02,7.807448506355285645e-02,6.274008005857467651e-02,4.645486921072006226e-02,2.929723635315895081e-02,1.584691181778907776e-02,6.860496941953897476e-04
9.369656909257173538e-04,9.770500473678112030e-03,3.667855635285377502e-02,4.811687022447586060e-02,5.756081268191337585e-02,5.799093842506408691e-02,5.697287991642951965e-02,4.387352243065834045e-02,3.400984779000282288e-02,1.601625047624111176e-02,-2.788885263726115227e-03,-2.688524313271045685e-02,-4.876741394400596619e-02,-6.679753959178924561e-02,-8.217453211545944214e-02,-9.454650431871414185e-02,-1.055659428238868713e-01,-1.033887267112731934e-01,-9.997164458036422729e-02,-9.124810248613357544e-02,-7.756473869085311890e-02,-5.531612038612365723e-02,-3.112272918224334717e-02,-5.816477350890636444e-03,2.196397073566913605e-02,4.840908572077751160e-02,7.015889883041381836e-02,8.767998218536376953e-02,1.029678136110305786e-01,1.146471872925758362e-01,1.205192133784294128e-01,1.195550188422203064e-01,1.181872859597206116e-01,1.130402982234954834e-01,1.066224202513694763e-01,1.001766100525856018e-01,9.682276844978332520e-02,9.273270517587661743e-02,8.949749916791915894e-02,8.813897520303726196e-02,9.036711603403091431e-02,9.730861335992813110e-02,1.030539944767951965e-01,1.065282970666885376e-01,1.142050474882125854e-01,1.264290958642959595e-01,1.326767802238464355e-01,1.368425339460372925e-01,1.423155516386032104e-01,1.484383791685104370e-01,1.468718349933624268e-01,1.440200656652450562e-01,1.386059075593948364e-01,1.312652230262756348e-01,1.206245794892311096e-01,1.088618636131286621e-01,9.920644760131835938e-02,8.526881784200668335e-02,7.245796918869018555e-02,5.548769235610961914e-02,4.227709397673606873e-02,2.511096373200416565e-02,1.420611049979925156e-02,1.396027859300374985e-03
3.117610467597842216e-04,7.440927438437938690e-03,3.463463857769966125e-02,4.493529722094535828e-02,5.239184573292732239e-02,5.419282242655754089e-02,4.893396422266960144e-02,4.030600562691688538e-02,3.128059208393096924e-02,1.526458840817213058e-02,-1.520346966572105885e-03,-2.315669693052768707e-02,-4.186776652932167053e-02,-6.167825311422348022e-02,-7.325430959463119507e-02,-8.589994907379150391e-02,-9.025617688894271851e-02,-9.289088100194931030e-02,-8.697173744440078735e-02,-8.278252184391021729e-02,-6.581749022006988525e-02,-4.733798652887344360e-02,-2.406253293156623840e-02,1.571661094203591347e-03,2.439049445092678070e-02,4.717237129807472229e-02,6.724487245082855225e-02,8.557710796594619751e-02,9.483560174703598022e-02,1.046343743801116943e-01,1.093948334455490112e-01,1.125563755631446838e-01,1.071166768670082092e-01,1.057817935943603516e-01,9.923363476991653442e-02,9.669554978609085083e-02,9.072621911764144897e-02,8.963201195001602173e-02,8.745340257883071899e-02,8.629484474658966064e-02,8.775776624679565430e-02,9.447637945413589478e-02,9.970429539680480957e-02,1.042125597596168518e-01,1.113741844892501831e-01,1.181254461407661438e-01,1.260277479887008667e-01,1.306186467409133911e-01,1.327228397130966187e-01,1.355190575122833252e-01,1.352795213460922241e-01,1.335763484239578247e-01,1.247462853789329529e-01,1.186830475926399231e-01,1.067642271518707275e-01,9.902112931013107300e-02,8.735460788011550903e-02,7.741134613752365112e-02,6.325398385524749756e-02,4.874477162957191467e-02,3.634759411215782166e-02,2.237748913466930389e-02,1.276627462357282639e-02,-1.436589227523654699e-04
-5.654774606227874756e-03,5.051816697232425213e-04,2.513782866299152374e-02,3.898783028125762939e-02,4.617673903703689575e-02,4.387520626187324524e-02,4.252662509679794312e-02,3.439873829483985901e-02,2.457167394459247589e-02,1.313019171357154846e-02,-2.823278540745377541e-03,-1.808801665902137756e-02,-3.453587740659713745e-02,-4.692745953798294067e-02,-5.973998829722404480e-02,-6.626496464014053345e-02,-7.385453581809997559e-02,-7.146465778350830078e-02,-6.928912550210952759e-02,-6.309640407562255859e-02,-5.008192360401153564e-02,-3.569243475794792175e-02,-1.650782488286495209e-02,1.135216094553470612e-03,2.114437520503997803e-02,4.379619657993316650e-02,6.190021336078643799e-02,7.356389611959457397e-02,8.419782668352127075e-02,9.115892648696899414e-02,9.488644450902938843e-02,9.411835670471191406e-02,9.181448817253112793e-02,8.914821594953536987e-02,8.578436821699142456e-02,8.084298670291900635e-02,7.884533703327178955e-02,7.460478693246841431e-02,7.692684978246688843e-02,7.289108633995056152e-02,7.600591331720352173e-02,7.745711505413055420e-02,8.609317988157272339e-02,8.810438215732574463e-02,9.707891941070556641e-02,1.023271158337593079e-01,1.110891327261924744e-01,1.144393384456634521e-01,1.172887086868286133e-01,1.199035719037055969e-01,1.192273274064064026e-01,1.156696826219558716e-01,1.093959659337997437e-01,1.021431982517242432e-01,9.413671493530273438e-02,8.505649864673614502e-02,7.601264864206314087e-02,6.359634548425674438e-02,5.455356836318969727e-02,4.047590494155883789e-02,3.111212514340877533e-02,1.815720461308956146e-02,1.049381308257579803e-02,3.005904145538806915e-04
-1.213483605533838272e-02,-1.562765450216829777e-03,1.817809790372848511e-02,3.168626129627227783e-02,4.114272445440292358e-02,3.884785994887351990e-02,3.670151531696319580e-02,2.979075536131858826e-02,2.443029731512069702e-02,1.238257158547639847e-02,5.827050190418958664e-04,-1.173034869134426117e-02,-2.755984105169773102e-02,-3.795892000198364258e-02,-4.904821515083312988e-02,-5.912702530622482300e-02,-6.375607848167419434e-02,-6.503371894359588623e-02,-6.104320660233497620e-02,-5.861826613545417786e-02,-4.420649260282516479e-02,-3.017476946115493774e-02,-1.473539602011442184e-02,1.297130831517279148e-03,2.016823366284370422e-02,3.582589328289031982e-02,5.239784717559814453e-02,5.963467434048652649e-02,6.733360886573791504e-02,7.083633542060852051e-02,7.351350039243698120e-02,7.462690025568008423e-02,7.200456410646438599e-02,7.122235000133514404e-02,6.537642329931259155e-02,6.411156058311462402e-02,5.937222018837928772e-02,5.937410518527030945e-02,5.737308040261268616e-02,5.775267630815505981e-02,5.873907729983329773e-02,6.279566138982772827e-02,6.765502691268920898e-02,6.892354786396026611e-02,7.597552984952926636e-02,8.135451376438140869e-02,8.854245394468307495e-02,8.882165700197219849e-02,9.415986388921737671e-02,9.499611705541610718e-02,9.550668299198150635e-02,9.057598561048507690e-02,8.433309942483901978e-02,8.129543811082839966e-02,7.360398769378662109e-02,6.739802658557891846e-02,5.821315571665763855e-02,5.142664909362792969e-02,4.208190739154815674e-02,3.177621588110923767e-02,2.319280616939067841e-02,1.438457611948251724e-02,9.494715370237827301e-03,-1.344092306680977345e-03
-1.044352073222398758e-02,-1.296057715080678463e-03,1.147231087088584900e-02,1.673282124102115631e-02,2.359910123050212860e-02,2.241001091897487640e-02,2.224335819482803345e-02,1.644920371472835541e-02,1.360989548265933990e-02,8.953846991062164307e-03,1.443554880097508430e-03,-3.953787498176097870e-03,-1.346463337540626526e-02,-1.836360618472099304e-02,-2.579118497669696808e-02,-3.062332235276699066e-02,-3.865746781229972839e-02,-3.756312280893325806e-02,-3.812899813055992126e-02,-3.505428880453109741e-02,-2.825897932052612305e-02,-2.117070183157920837e-02,-9.450429119169712067e-03,-2.487825404386967421e-04,9.567216970026493073e-03,1.907091401517391205e-02,3.241417929530143738e-02,3.746302798390388489e-02,4.426428303122520447e-02,4.575092718005180359e-02,4.899277538061141968e-02,4.882721230387687683e-02,5.030085146427154541e-02,4.864419996738433838e-02,4.649118706583976746e-02,4.447476193308830261e-02,4.310673847794532776e-02,4.158218950033187866e-02,4.029575735330581665e-02,3.832520171999931335e-02,4.048492014408111572e-02,4.016554355621337891e-02,4.277986288070678711e-02,4.332139715552330017e-02,4.844417423009872437e-02,5.025505647063255310e-02,5.442712083458900452e-02,5.628985911607742310e-02,6.155865639448165894e-02,6.115743145346641541e-02,6.213952973484992981e-02,5.895531922578811646e-02,5.855541676282882690e-02,5.538897961378097534e-02,4.943218082189559937e-02,4.452697932720184326e-02,4.187402129173278809e-02,3.664194419980049133e-02,2.924776077270507812e-02,2.084872126579284668e-02,1.596412435173988342e-02,9.764729999005794525e-03,4.213039297610521317e-03,-9.723939583636820316e-04
1.489260699599981308e-02,1.502715330570936203e-02,1.395062822848558426e-02,1.248978078365325928e-02,1.421830989420413971e-02,1.588371582329273224e-02,1.224794983863830566e-02,8.483196608722209930e-03,7.194879464805126190e-03,2.778385765850543976e-03,-8.170178625732660294e-04,-6.220828741788864136e-03,-7.280234247446060181e-03,-1.343027874827384949e-02,-1.558391563594341278e-02,-1.907826401293277740e-02,-2.030758187174797058e-02,-2.188722603023052216e-02,-1.977219246327877045e-02,-1.893451251089572906e-02,-1.303282752633094788e-02,-8.729680441319942474e-03,-9.742054389789700508e-04,6.884326692670583725e-03,1.071901991963386536e-02,1.554156187921762466e-02,2.049243077635765076e-02,2.497247233986854553e-02,2.451965957880020142e-02,2.635953947901725769e-02,2.520511485636234283e-02,2.675624378025531769e-02,2.595084346830844879e-02,2.599422447383403778e-02,2.631753683090209961e-02,2.533825859427452087e-02,2.531668357551097870e-02,2.466511912643909454e-02,2.592309005558490753e-02,2.524476312100887299e-02,2.561980299651622772e-02,2.690703421831130981e-02,2.961614355444908142e-02,3.092259354889392853e-02,3.194127604365348816e-02,3.254773467779159546e-02,3.378313779830932617e-02,3.499127551913261414e-02,3.343639895319938660e-02,3.436440601944923401e-02,3.316259756684303284e-02,3.482396155595779419e-02,3.099028952419757843e-02,3.078510798513889313e-02,2.758892439305782318e-02,2.643482759594917297e-02,2.258786931633949280e-02,2.091256715357303619e-02,1.769243739545345306e-02,1.235928013920783997e-02,9.409968741238117218e-03,5.683768074959516525e-03,2.110024215653538704e-03,-1.560286269523203373e-03
2.172653004527091980e-02,1.661569625139236450e-02,1.611535809934139252e-02,6.212325301021337509e-03,5.811118055135011673e-03,7.533916272222995758e-03,6.233524996787309647e-03,8.850152604281902313e-03,4.087304230779409409e-03,4.769767634570598602e-03,7.573099574074149132e-04,2.529198536649346352e-03,1.150628741015680134e-04,3.610330750234425068e-04,5.746438400819897652e-04,-5.541559658013284206e-04,1.708766212686896324e-03,1.766513451002538204e-04,4.194790031760931015e-03,3.750397881958633661e-04,4.835959058254957199e-03,3.709581913426518440e-03,6.809004582464694977e-03,6.267028395086526871e-03,6.924839690327644348e-03,5.750832147896289825e-03,8.217927999794483185e-03,8.232405409216880798e-03,8.120853453874588013e-03,5.883041769266128540e-03,5.724316462874412537e-03,6.708033382892608643e-03,6.950627546757459641e-03,6.150065455585718155e-03,6.031787022948265076e-03,7.647728081792593002e-03,8.177968673408031464e-03,6.726081483066082001e-03,6.485208403319120407e-03,5.973207764327526093e-03,7.842167280614376068e-03,5.680235568434000015e-03,6.749047432094812393e-03,6.511211860924959183e-03,6.822682917118072510e-03,5.216052290052175522e-03,4.255796782672405243e-03,6.187655963003635406e-03,5.025660619139671326e-03,4.214062355458736420e-03,3.820028388872742653e-03,7.193266414105892181e-03,5.704786162823438644e-03,6.564117502421140671e-03,3.671574406325817108e-03,6.978443358093500137e-03,5.437550600618124008e-03,6.352826952934265137e-03,3.639892442151904106e-03,4.142004996538162231e-03,2.246474148705601692e-03,3.668579505756497383e-03,4.758807190228253603e-04,3.476448822766542435e-03
