0.000000000000000000e+00,0.000000000000000000e+00,0.000000000000000000e+00,0.000000000000000000e+00,0.000000000000000000e+00,0.000000000000000000e+00,0.000000000000000000e+00,0.000000000000000000e+00,0.000000000000000000e+00,0.000000000000000000e+00,0.000000000000000000e+00,0.000000000000000000e+00,0.000000000000000000e+00,0.000000000000000000e+00,0.000000000000000000e+00,0.000000000000000000e+00,0.000000000000000000e+00,0.000000000000000000e+00,0.000000000000000000e+00,0.000000000000000000e+00,0.000000000000000000e+00,0.000000000000000000e+00,0.000000000000000000e+00,0.000000000000000000e+00,0.000000000000000000e+00,0.000000000000000000e+00,0.000000000000000000e+00,0.000000000000000000e+00,0.000000000000000000e+00,0.000000000000000000e+00,0.000000000000000000e+00,0.000000000000000000e+00,0.000000000000000000e+00,0.000000000000000000e+00,0.000000000000000000e+00,0.000000000000000000e+00,0.000000000000000000e+00,0.000000000000000000e+00,0.000000000000000000e+00,0.000000000000000000e+00,0.000000000000000000e+00,0.000000000000000000e+00,0.000000000000000000e+00,0.000000000000000000e+00,0.000000000000000000e+00,0.000000000000000000e+00,0.000000000000000000e+00,0.000000000000000000e+00,0.000000000000000000e+00,0.000000000000000000e+00,0.000000000000000000e+00,0.000000000000000000e+00,0.000000000000000000e+00,0.000000000000000000e+00,0.000000000000000000e+00,0.000000000000000000e+00,0.000000000000000000e+00,0.000000000000000000e+00,0.000000000000000000e+00,0.000000000000000000e+00,0.000000000000000000e+00,0.000000000000000000e+00,0.000000000000000000e+00,0.000000000000000000e+00
0.000000000000000000e+00,1.043550252914428711e+00,2.053427696228027344e+00,2.996708869934082031e+00,3.842024803161621094e+00,4.560467720031738281e+00,5.126617908477783203e+00,5.519680500030517578e+00,5.724689960479736328e+00,5.733698368072509766e+00,5.546843051910400391e+00,5.173161029815673828e+00,4.631027221679687500e+00,3.948082447052001953e+00,3.160564899444580078e+00,2.311984777450561523e+00,1.451142191886901855e+00,6.295465826988220215e-01,-1.016411036252975464e-01,-6.949633359909057617e-01,-1.110090374946594238e+00,-1.317054271697998047e+00,-1.299021720886230469e+00,-1.054344296455383301e+00,-5.976647138595581055e-01,4.009013622999191284e-02,8.129142522811889648e-01,1.662126183509826660e+00,2.519870042800903320e+00,3.313520431518554688e+00,3.970708608627319336e+00,4.424625396728515625e+00,4.619206905364990234e+00,4.513803958892822266e+00,4.086944103240966797e+00,3.338861465454101562e+00,2.292536973953247070e+00,9.931023120880126953e-01,-4.944138824939727783e-01,-2.088901519775390625e+00,-3.698312520980834961e+00,-5.225795745849609375e+00,-6.576393604278564453e+00,-7.663814067840576172e+00,-8.416771888732910156e+00,-8.784405708312988281e+00,-8.740344047546386719e+00,-8.285074234008789062e+00,-7.446403980255126953e+00,-6.277930736541748047e+00,-4.855600357055664062e+00,-3.272571325302124023e+00,-1.632745623588562012e+00,-4.342628270387649536e-02,1.392358064651489258e+00,2.583292722702026367e+00,3.456417322158813477e+00,3.962464332580566406e+00,4.079480648040771484e+00,3.814449071884155273e+00,3.202772140502929688e+00,2.305650949478149414e+00,1.205536961555480957e+00,3.004419722922135709e-15
0.000000000000000000e+00,2.015466690063476562e+00,3.966459035873413086e+00,5.789878845214843750e+00,7.425494670867919922e+00,8.817645072937011719e+00,9.917186737060546875e+00,1.068369007110595703e+01,1.108777523040771484e+01,1.111345195770263672e+01,1.076023387908935547e+01,1.004479408264160156e+01,9.001881599426269531e+00,7.684268474578857422e+00,6.161526203155517578e+00,4.517521858215332031e+00,2.846623897552490234e+00,1.248723983764648438e+00,-1.766868680715560913e-01,-1.337044596672058105e+00,-2.153394937515258789e+00,-2.566726446151733398e+00,-2.543421745300292969e+00,-2.079317331314086914e+00,-1.201928853988647461e+00,2.948489598929882050e-02,1.526198506355285645e+00,3.174637556076049805e+00,4.843147754669189453e+00,6.390542030334472656e+00,7.675874233245849609e+00,8.568774223327636719e+00,8.959570884704589844e+00,8.768422126770019531e+00,7.952702045440673828e+00,6.511979579925537109e+00,4.490110874176025391e+00,1.974140882492065430e+00,-9.100345373153686523e-01,-4.005051612854003906e+00,-7.132066249847412109e+00,-1.010268306732177734e+01,-1.273199558258056641e+01,-1.485178852081298828e+01,-1.632290649414062500e+01,-1.704584693908691406e+01,-1.696870422363281250e+01,-1.609184074401855469e+01,-1.446881961822509766e+01,-1.220346355438232422e+01,-9.443178176879882812e+00,-6.368984222412109375e+00,-3.182921648025512695e+00,-9.376186132431030273e-02,2.697947502136230469e+00,5.014379024505615234e+00,6.713375091552734375e+00,7.698859691619873047e+00,7.927911281585693359e+00,7.413934707641601562e+00,6.225673675537109375e+00,4.482109069824218750e+00,2.343611955642700195e+00,5.840783450427808332e-15
0.000000000000000000e+00,2.848946571350097656e+00,5.608146667480468750e+00,8.189620971679687500e+00,1.050910854339599609e+01,1.248834705352783203e+01,1.405775547027587891e+01,1.515951633453369141e+01,1.575091934204101562e+01,1.580776691436767578e+01,1.532751369476318359e+01,1.433177947998046875e+01,1.286785125732421875e+01,1.100880146026611328e+01,8.851935386657714844e+00,6.515388488769531250e+00,4.132845401763916016e+00,1.846522569656372070e+00,-2.012541294097900391e-01,-1.877389430999755859e+00,-3.067636966705322266e+00,-3.685766458511352539e+00,-3.681509494781494141e+00,-3.046542644500732422e+00,-1.817858576774597168e+00,-7.804517447948455811e-02,2.047804117202758789e+00,4.398556232452392578e+00,6.786627292633056641e+00,9.010155677795410156e+00,1.086699104309082031e+01,1.216952800750732422e+01,1.275928115844726562e+01,1.252008533477783203e+01,1.138880443572998047e+01,9.362633705139160156e+00,6.502247333526611328e+00,2.930377960205078125e+00,-1.174272418022155762e+00,-5.587508678436279297e+00,-1.005388641357421875e+01,-1.430377864837646484e+01,-1.807207298278808594e+01,-2.111713218688964844e+01,-2.323859214782714844e+01,-2.429262924194335938e+01,-2.420347404479980469e+01,-2.297019004821777344e+01,-2.066812324523925781e+01,-1.744477653503417969e+01,-1.351032257080078125e+01,-9.123344421386718750e+00,-4.572825431823730469e+00,-1.576587408781051636e-01,3.834802627563476562e+00,7.149561882019042969e+00,9.582587242126464844e+00,1.099578285217285156e+01,1.132718086242675781e+01,1.059552574157714844e+01,8.898896217346191406e+00,6.407405853271484375e+00,3.350534439086914062e+00,8.350428570727368160e-15
0.000000000000000000e+00,3.486535072326660156e+00,6.865825176239013672e+00,1.003245925903320312e+01,1.288495349884033203e+01,1.532830619812011719e+01,1.727715110778808594e+01,1.865948486328125000e+01,1.942084312438964844e+01,1.952864456176757812e+01,1.897631454467773438e+01,1.778668403625488281e+01,1.601421356201171875e+01,1.374549102783203125e+01,1.109766578674316406e+01,8.214540481567382812e+00,5.260254859924316406e+00,2.410742282867431641e+00,-1.566734611988067627e-01,-2.274919271469116211e+00,-3.799263000488281250e+00,-4.618933677673339844e+00,-4.667290687561035156e+00,-3.929602146148681641e+00,-2.447591304779052734e+00,-3.201252222061157227e-01,2.300321340560913086e+00,5.215468883514404297e+00,8.192998886108398438e+00,1.098162937164306641e+01,1.332854938507080078e+01,1.499798679351806641e+01,1.578955459594726562e+01,1.555492305755615234e+01,1.421146392822265625e+01,1.175163745880126953e+01,8.247225761413574219e+00,3.847825765609741211e+00,-1.226510167121887207e+00,-6.698173999786376953e+00,-1.224967002868652344e+01,-1.754487419128417969e+01,-2.225240135192871094e+01,-2.606937408447265625e+01,-2.874378204345703125e+01,-3.009372711181640625e+01,-3.002199172973632812e+01,-2.852472496032714844e+01,-2.569342994689941406e+01,-2.170998573303222656e+01,-1.683491706848144531e+01,-1.138967895507812500e+01,-5.734195709228515625e+00,-2.412621080875396729e-01,4.730292320251464844e+00,8.861676216125488281e+00,1.189747047424316406e+01,1.366443252563476562e+01,1.408431148529052734e+01,1.317966175079345703e+01,1.107217502593994141e+01,7.973604679107666016e+00,4.169939041137695312e+00,1.039293925578091762e-14
0.000000000000000000e+00,3.884030818939208984e+00,7.652754783630371094e+00,1.119237804412841797e+01,1.439247322082519531e+01,1.714846420288085938e+01,1.936490249633789062e+01,2.095956993103027344e+01,2.186825370788574219e+01,2.204988288879394531e+01,2.149154853820800781e+01,2.021285057067871094e+01,1.826895713806152344e+01,1.575175666809082031e+01,1.278863716125488281e+01,9.538543701171875000e+00,6.185194969177246094e+00,2.927617549896240234e+00,-3.158387914299964905e-02,-2.499536991119384766e+00,-4.307085990905761719e+00,-5.322377681732177734e+00,-5.462913036346435547e+00,-4.704941749572753906e+00,-3.089205503463745117e+00,-7.222703695297241211e-01,2.227024078369140625e+00,5.536073207855224609e+00,8.941663742065429688e+00,1.215705680847167969e+01,1.489190387725830078e+01,1.687361526489257812e+01,1.786858940124511719e+01,1.770165443420410156e+01,1.627209091186523438e+01,1.356486320495605469e+01,9.655906677246093750e+00,4.710853099822998047e+00,-1.023030519485473633e+00,-7.231334209442138672e+00,-1.355255985260009766e+01,-1.960240554809570312e+01,-2.500058364868164062e+01,-2.939818191528320312e+01,-3.250352096557617188e+01,-3.410448455810546875e+01,-3.408553695678710938e+01,-3.243798828125000000e+01,-2.926259803771972656e+01,-2.476411056518554688e+01,-1.923801994323730469e+01,-1.305040073394775391e+01,-6.612218379974365234e+00,-3.499762713909149170e-01,5.325118064880371094e+00,1.004715728759765625e+01,1.352243041992187500e+01,1.555113124847412109e+01,1.604220581054687500e+01,1.502014350891113281e+01,1.262314987182617188e+01,9.092801094055175781e+00,4.755918025970458984e+00,1.185395081111607560e-14
0.000000000000000000e+00,4.013526916503906250e+00,7.914070129394531250e+00,1.158942222595214844e+01,1.492936801910400391e+01,1.782769966125488281e+01,2.018526649475097656e+01,2.191413688659667969e+01,2.294271850585937500e+01,2.322148704528808594e+01,2.272883415222167969e+01,2.147636604309082031e+01,1.951292800903320312e+01,1.692669677734375000e+01,1.384467792510986328e+01,1.042925453186035156e+01,6.871538639068603516e+00,3.381683111190795898e+00,1.765464693307876587e-01,-2.534567356109619141e+00,-4.565117359161376953e+00,-5.766317367553710938e+00,-6.040655612945556641e+00,-5.352684497833251953e+00,-3.735965967178344727e+00,-1.295275092124938965e+00,1.796478509902954102e+00,5.306774139404296875e+00,8.957146644592285156e+00,1.244125080108642578e+01,1.544618511199951172e+01,1.767556762695312500e+01,1.887265396118164062e+01,1.884169387817382812e+01,1.746574020385742188e+01,1.471934509277343750e+01,1.067493534088134766e+01,5.502052783966064453e+00,-5.407523512840270996e-01,-7.121070384979248047e+00,-1.385390281677246094e+01,-2.032764244079589844e+01,-2.613293457031250000e+01,-3.089226341247558594e+01,-3.428806686401367188e+01,-3.608712005615234375e+01,-3.615929412841796875e+01,-3.448904037475585938e+01,-3.117863273620605469e+01,-2.644267654418945312e+01,-2.059418678283691406e+01,-1.402309322357177734e+01,-7.168726444244384766e+00,-4.882533848285675049e-01,5.576558113098144531e+00,1.063176250457763672e+01,1.436035251617431641e+01,1.654582214355468750e+01,1.708833503723144531e+01,1.601221656799316406e+01,1.346411609649658203e+01,9.701976776123046875e+00,5.075555324554443359e+00,1.265145604787852249e-14
0.000000000000000000e+00,3.865386247634887695e+00,7.630649566650390625e+00,1.119530773162841797e+01,1.445869922637939453e+01,1.732114410400390625e+01,1.968642616271972656e+01,2.146566581726074219e+01,2.258251571655273438e+01,2.297929191589355469e+01,2.262352561950683594e+01,2.151418113708496094e+01,1.968679618835449219e+01,1.721671676635742188e+01,1.421972465515136719e+01,1.084955978393554688e+01,7.292057514190673828e+00,3.755931615829467773e+00,4.606010317802429199e-01,-2.378252744674682617e+00,-4.564400672912597656e+00,-5.936846256256103516e+00,-6.384347438812255859e+00,-5.857334136962890625e+00,-4.376019001007080078e+00,-2.033698081970214844e+00,1.005389571189880371e+00,4.513879299163818359e+00,8.214536666870117188e+00,1.179823970794677734e+01,1.494554042816162109e+01,1.735029792785644531e+01,1.874359893798828125e+01,1.891611289978027344e+01,1.773698425292968750e+01,1.516763687133789062e+01,1.126916408538818359e+01,6.202414989471435547e+00,2.204938977956771851e-01,-6.346055507659912109e+00,-1.311049938201904297e+01,-1.965617179870605469e+01,-2.556587219238281250e+01,-3.045221710205078125e+01,-3.398664474487304688e+01,-3.592477798461914062e+01,-3.612609100341796875e+01,-3.456625366210937500e+01,-3.134100532531738281e+01,-2.666111946105957031e+01,-2.083861732482910156e+01,-1.426520442962646484e+01,-7.384396553039550781e+00,-6.594118475914001465e-01,5.460769653320312500e+00,1.057460784912109375e+01,1.435790252685546875e+01,1.658806228637695312e+01,1.716085433959960938e+01,1.609825706481933594e+01,1.354679489135742188e+01,9.766415596008300781e+00,5.110711574554443359e+00,1.274025728800276883e-14
0.000000000000000000e+00,3.449015617370605469e+00,6.820640087127685547e+00,1.003564071655273438e+01,1.301173591613769531e+01,1.566357517242431641e+01,1.790429306030273438e+01,1.964881706237792969e+01,2.081884384155273438e+01,2.134916687011718750e+01,2.119475555419921875e+01,2.033788681030273438e+01,1.879442214965820312e+01,1.661839485168457031e+01,1.390409946441650391e+01,1.078504943847656250e+01,7.429475784301757812e+00,4.032282352447509766e+00,8.037744164466857910e-01,-2.044197797775268555e+00,-4.313724517822265625e+00,-5.836761474609375000e+00,-6.490145206451416016e+00,-6.208333492279052734e+00,-4.992591857910156250e+00,-2.915569067001342773e+00,-1.205262914299964905e-01,3.185093164443969727e+00,6.741610050201416016e+00,1.025394344329833984e+01,1.341225814819335938e+01,1.591496849060058594e+01,1.749236297607421875e+01,1.792898178100585938e+01,1.708289337158203125e+01,1.490016555786132812e+01,1.142317581176757812e+01,6.791834831237792969e+00,1.237326622009277344e+00,-4.931409835815429688e+00,-1.134767341613769531e+01,-1.761210823059082031e+01,-2.332112312316894531e+01,-2.809651184082031250e+01,-3.161396408081054688e+01,-3.362825775146484375e+01,-3.399304199218750000e+01,-3.267358016967773438e+01,-2.975126075744628906e+01,-2.541944694519042969e+01,-1.997070693969726562e+01,-1.377637290954589844e+01,-7.259819984436035156e+00,-8.654903769493103027e-01,4.974025249481201172e+00,9.870305061340332031e+00,1.350830745697021484e+01,1.567018890380859375e+01,1.625183677673339844e+01,1.527078247070312500e+01,1.286484050750732422e+01,9.281514167785644531e+00,4.858966827392578125e+00,1.211431349250899694e-14
0.000000000000000000e+00,2.792389154434204102e+00,5.538534641265869141e+00,8.188609123229980469e+00,1.068635272979736328e+01,1.296759128570556641e+01,1.496060276031494141e+01,1.658857536315917969e+01,1.777411842346191406e+01,1.844553375244140625e+01,1.854428863525390625e+01,1.803290748596191406e+01,1.690242195129394531e+01,1.517841053009033203e+01,1.292477321624755859e+01,1.024452877044677734e+01,7.277160644531250000e+00,4.192357540130615234e+00,1.180333018302917480e+00,-1.560717225074768066e+00,-3.839162588119506836e+00,-5.485355854034423828e+00,-6.366622924804687500e+00,-6.400467395782470703e+00,-5.564694881439208984e+00,-3.903359651565551758e+00,-1.527720928192138672e+00,1.388203740119934082e+00,4.617457866668701172e+00,7.894845485687255859e+00,1.093556404113769531e+01,1.345645046234130859e+01,1.519822311401367188e+01,1.594694900512695312e+01,1.555294704437255859e+01,1.394547462463378906e+01,1.114183616638183594e+01,7.249942779541015625e+00,2.463870525360107422e+00,-2.947479963302612305e+00,-8.657954216003417969e+00,-1.430675029754638672e+01,-1.952441596984863281e+01,-2.396026611328125000e+01,-2.730910301208496094e+01,-2.933507728576660156e+01,-2.989078521728515625e+01,-2.892993927001953125e+01,-2.651253318786621094e+01,-2.280190277099609375e+01,-1.805381011962890625e+01,-1.259826087951660156e+01,-6.815377712249755859e+00,-1.107143282890319824e+00,4.132818222045898438e+00,8.549074172973632812e+00,1.185148715972900391e+01,1.383744239807128906e+01,1.440740966796875000e+01,1.357258415222167969e+01,1.145396041870117188e+01,8.272864341735839844e+00,4.333667278289794922e+00,1.080685715204978206e-14
0.000000000000000000e+00,1.940340399742126465e+00,3.871842384338378906e+00,5.780209064483642578e+00,7.641040802001953125e+00,9.416732788085937500e+00,1.105546474456787109e+01,1.249258232116699219e+01,1.365442371368408203e+01,1.446431350708007812e+01,1.485019779205322266e+01,1.475317382812500000e+01,1.413599205017089844e+01,1.299057102203369141e+01,1.134359264373779297e+01,9.259371757507324219e+00,6.839433670043945312e+00,4.218530654907226562e+00,1.557141423225402832e+00,-9.691209793090820312e-01,-3.182460308074951172e+00,-4.917191982269287109e+00,-6.034174919128417969e+00,-6.434090137481689453e+00,-6.068300247192382812e+00,-4.946169853210449219e+00,-3.137988567352294922e+00,-7.729794383049011230e-01,1.967714190483093262e+00,4.862735271453857422e+00,7.666161537170410156e+00,1.012596893310546875e+01,1.200388813018798828e+01,1.309506416320800781e+01,1.324587345123291016e+01,1.236834239959716797e+01,1.044986438751220703e+01,7.557230949401855469e+00,3.834459781646728516e+00,-5.056081414222717285e-01,-5.195450782775878906e+00,-9.931764602661132812e+00,-1.439772510528564453e+01,-1.828689575195312500e+01,-2.132689094543457031e+01,-2.330090522766113281e+01,-2.406529235839843750e+01,-2.356176185607910156e+01,-2.182306671142578125e+01,-1.897164916992187500e+01,-1.521122741699218750e+01,-1.081191062927246094e+01,-6.089933872222900391e+00,-1.383581280708312988e+00,2.972831487655639648e+00,6.674841403961181641e+00,9.471530914306640625e+00,1.118511676788330078e+01,1.172483825683593750e+01,1.109401130676269531e+01,9.389646530151367188e+00,6.794629573822021484e+00,3.563076257705688477e+00,8.888277551574903790e-15
0.000000000000000000e+00,9.517321586608886719e-01,1.935569167137145996e+00,2.976292133331298828e+00,4.084917545318603516e+00,5.253924846649169922e+00,6.454776763916015625e+00,7.638099193572998047e+00,8.736622810363769531e+00,9.670684814453125000e+00,1.035580062866210938e+01,1.071159648895263672e+01,1.067119789123535156e+01,1.019010734558105469e+01,9.253594398498535156e+00,7.881741523742675781e+00,6.131474971771240234e+00,4.095187187194824219e+00,1.895863175392150879e+00,-3.210394084453582764e-01,-2.398378610610961914e+00,-4.179934024810791016e+00,-5.523769378662109375e+00,-6.315164089202880859e+00,-6.477929115295410156e+00,-5.983003616333007812e+00,-4.853443145751953125e+00,-3.165184974670410156e+00,-1.043343901634216309e+00,1.345835328102111816e+00,3.806844711303710938e+00,6.129726886749267578e+00,8.106681823730468750e+00,9.549107551574707031e+00,1.030365467071533203e+01,1.026590538024902344e+01,9.390443801879882812e+00,7.696395874023437500e+00,5.267826557159423828e+00,2.248852729797363281e+00,-1.166262269020080566e+00,-4.747315406799316406e+00,-8.245589256286621094e+00,-1.141312217712402344e+01,-1.402225971221923828e+01,-1.588389396667480469e+01,-1.686285400390625000e+01,-1.688915443420410156e+01,-1.596412181854248047e+01,-1.416081714630126953e+01,-1.161868286132812500e+01,-8.532774925231933594e+00,-5.138427734375000000e+00,-1.692561030387878418e+00,1.546844363212585449e+00,4.341443061828613281e+00,6.491684913635253906e+00,7.852862834930419922e+00,8.346708297729492188e+00,7.967571735382080078e+00,6.782661914825439453e+00,4.926303386688232422e+00,2.588683366775512695e+00,6.461914404715281279e-15
0.000000000000000000e+00,-1.043223962187767029e-01,-1.351624876260757446e-01,-2.805376984179019928e-02,2.643588185310363770e-01,7.659758329391479492e-01,1.473317146301269531e+00,2.354444503784179688e+00,3.350891828536987305e+00,4.382465839385986328e+00,5.354506015777587891e+00,6.166935920715332031e+00,6.724267005920410156e+00,6.945594787597656250e+00,6.773620605468750000e+00,6.181793212890625000e+00,5.178832054138183594e+00,3.810113906860351562e+00,2.155694723129272461e+00,3.250419497489929199e-01,-1.551145553588867188e+00,-3.331368923187255859e+00,-4.875133514404296875e+00,-6.055105686187744141e+00,-6.768535614013671875e+00,-6.946918010711669922e+00,-6.562981605529785156e+00,-5.634327411651611328e+00,-4.223315715789794922e+00,-2.433121204376220703e+00,-4.002250730991363525e-01,1.716094136238098145e+00,3.746409893035888672e+00,5.524898052215576172e+00,6.903025627136230469e+00,7.762008666992187500e+00,8.022956848144531250e+00,7.653821468353271484e+00,6.672504901885986328e+00,5.145841121673583984e+00,3.184485673904418945e+00,9.341228604316711426e-01,-1.436299204826354980e+00,-3.748321294784545898e+00,-5.828559875488281250e+00,-7.522895812988281250e+00,-8.709061622619628906e+00,-9.306549072265625000e+00,-9.282999038696289062e+00,-8.656519889831542969e+00,-7.493738174438476562e+00,-5.903755187988281250e+00,-4.028513431549072266e+00,-2.030424594879150391e+00,-7.830471545457839966e-02,1.667156577110290527e+00,3.067147493362426758e+00,4.016518115997314453e+00,4.452580928802490234e+00,4.360176086425781250e+00,3.772560358047485352e+00,2.768059968948364258e+00,1.462778329849243164e+00,3.658011732605472022e-15
0.000000000000000000e+00,-1.152946710586547852e+00,-2.193875074386596680e+00,-3.021139144897460938e+00,-3.552915096282958984e+00,-3.734879970550537109e+00,-3.545437097549438477e+00,-2.998012781143188477e+00,-2.140210390090942383e+00,-1.049883961677551270e+00,1.715339720249176025e-01,1.407876491546630859e+00,2.538488626480102539e+00,3.448982715606689453e+00,4.041562557220458984e+00,4.244008541107177734e+00,4.016536235809326172e+00,3.355909824371337891e+00,2.296448707580566406e+00,9.078131318092346191e-01,-7.102552652359008789e-01,-2.435799837112426758e+00,-4.134465694427490234e+00,-5.670436859130859375e+00,-6.917569160461425781e+00,-7.769781112670898438e+00,-8.149822235107421875e+00,-8.015689849853515625e+00,-7.364157199859619141e+00,-6.231125354766845703e+00,-4.688786983489990234e+00,-2.839858055114746094e+00,-8.093734979629516602e-01,1.265243768692016602e+00,3.245000839233398438e+00,5.000129699707031250e+00,6.419963359832763672e+00,7.421084880828857422e+00,7.953102588653564453e+00,8.001612663269042969e+00,7.588157653808593750e+00,6.767262458801269531e+00,5.620845794677734375e+00,4.250569820404052734e+00,2.768817901611328125e+00,1.289115786552429199e+00,-8.316228538751602173e-02,-1.259010195732116699e+00,-2.172244787216186523e+00,-2.783689498901367188e+00,-3.082794666290283203e+00,-3.086632490158081055e+00,-2.836452007293701172e+00,-2.392190217971801758e+00,-1.825515627861022949e+00,-1.212102293968200684e+00,-6.238876581192016602e-01,-1.220532357692718506e-01,2.486172467470169067e-01,4.634895026683807373e-01,5.196175575256347656e-01,4.349648952484130859e-01,2.454287707805633545e-01,6.261908644165741205e-16
0.000000000000000000e+00,-2.118410110473632812e+00,-4.092328071594238281e+00,-5.788503646850585938e+00,-7.095280170440673828e+00,-7.931243419647216797e+00,-8.251482963562011719e+00,-8.050972938537597656e+00,-7.364822864532470703e+00,-6.265369415283203125e+00,-4.856365203857421875e+00,-3.264719247817993164e+00,-1.630452871322631836e+00,-9.566537290811538696e-02,1.206621289253234863e+00,2.162866353988647461e+00,2.687855720520019531e+00,2.731312990188598633e+00,2.281776905059814453e+00,1.367472052574157715e+00,5.412928387522697449e-02,-1.560042858123779297e+00,-3.351819038391113281e+00,-5.182250022888183594e+00,-6.907054901123046875e+00,-8.387309074401855469e+00,-9.499612808227539062e+00,-1.014498138427734375e+01,-1.025582695007324219e+01,-9.800531387329101562e+00,-8.785340309143066406e+00,-7.253500461578369141e+00,-5.281778335571289062e+00,-2.974689245223999023e+00,-4.569443762302398682e-01,2.135283231735229492e+00,4.663588047027587891e+00,6.996368408203125000e+00,9.017028808593750000e+00,1.063079261779785156e+01,1.176970958709716797e+01,1.239559650421142578e+01,1.250082206726074219e+01,1.210701465606689453e+01,1.126192474365234375e+01,1.003480243682861328e+01,8.510725975036621094e+00,6.784372806549072266e+00,4.953738212585449219e+00,3.114229679107666016e+00,1.353538155555725098e+00,-2.524462640285491943e-01,-1.642503261566162109e+00,-2.771691322326660156e+00,-3.611760854721069336e+00,-4.150525569915771484e+00,-4.390421390533447266e+00,-4.346515178680419922e+00,-4.044229030609130859e+00,-3.517039299011230469e+00,-2.804338693618774414e+00,-1.949609041213989258e+00,-9.989559054374694824e-01,-2.473107930603271956e-15
0.000000000000000000e+00,-2.929145574569702148e+00,-5.690326213836669922e+00,-8.127066612243652344e+00,-1.010506439208984375e+01,-1.152131748199462891e+01,-1.231105327606201172e+01,-1.245197963714599609e+01,-1.196557235717773438e+01,-1.091529941558837891e+01,-9.401932716369628906e+00,-7.556277275085449219e+00,-5.529832363128662109e+00,-3.484055280685424805e+00,-1.578969120979309082e+00,3.807824105024337769e-02,1.242733478546142578e+00,1.942320704460144043e+00,2.082299709320068359e+00,1.650068759918212891e+00,6.758669614791870117e-01,-7.692644596099853516e-01,-2.578302860260009766e+00,-4.615496635437011719e+00,-6.725542068481445312e+00,-8.744049072265625000e+00,-1.050858592987060547e+01,-1.186955928802490234e+01,-1.270021533966064453e+01,-1.290511226654052734e+01,-1.242652797698974609e+01,-1.124841213226318359e+01,-9.397664070129394531e+00,-6.942682743072509766e+00,-3.989335775375366211e+00,-6.746256947517395020e-01,2.841497898101806641e+00,6.385648727416992188e+00,9.781220436096191406e+00,1.285867786407470703e+01,1.546529006958007812e+01,1.747374534606933594e+01,1.878913879394531250e+01,1.935399436950683594e+01,1.915102386474609375e+01,1.820357131958007812e+01,1.657374000549316406e+01,1.435838317871093750e+01,1.168323707580566406e+01,8.695573806762695312e+00,5.555819034576416016e+00,2.428626775741577148e+00,-5.261029005050659180e-01,-3.161763429641723633e+00,-5.352705955505371094e+00,-7.000639915466308594e+00,-8.039466857910156250e+00,-8.438324928283691406e+00,-8.202736854553222656e+00,-7.373824596405029297e+00,-6.025668144226074219e+00,-4.260972023010253906e+00,-2.205273628234863281e+00,-5.477714212532040425e-15
0.000000000000000000e+00,-3.522552728652954102e+00,-6.865107536315917969e+00,-9.858688354492187500e+00,-1.235567855834960938e+01,-1.423884963989257812e+01,-1.542850971221923828e+01,-1.588733291625976562e+01,-1.562255954742431641e+01,-1.468542861938476562e+01,-1.316785907745361328e+01,-1.119656944274902344e+01,-8.924989700317382812e+00,-6.523457050323486328e+00,-4.168280124664306641e+00,-2.030357599258422852e+00,-2.640497684478759766e-01,1.002996325492858887e+00,1.678420782089233398e+00,1.711569070816040039e+00,1.097323298454284668e+00,-1.229246705770492554e-01,-1.863262057304382324e+00,-3.998121261596679688e+00,-6.369762897491455078e+00,-8.797944068908691406e+00,-1.109120178222656250e+01,-1.305906867980957031e+01,-1.452446746826171875e+01,-1.533551311492919922e+01,-1.537596607208251953e+01,-1.457366085052490234e+01,-1.290634822845458984e+01,-1.040452957153320312e+01,-7.151063442230224609e+00,-3.277498722076416016e+00,1.042682886123657227e+00,5.603555202484130859e+00,1.017842292785644531e+01,1.453299045562744141e+01,1.843923950195312500e+01,2.168915367126464844e+01,2.410744857788085938e+01,2.556250000000000000e+01,2.597476577758789062e+01,2.532215309143066406e+01,2.364195251464843750e+01,2.102919769287109375e+01,1.763147544860839844e+01,1.364050865173339844e+01,9.280982971191406250e+00,4.797272682189941406e+00,4.388896226882934570e-01,-3.554469585418701172e+00,-6.967350006103515625e+00,-9.621543884277343750e+00,-1.138686180114746094e+01,-1.218899250030517578e+01,-1.201394462585449219e+01,-1.090879154205322266e+01,-8.978656768798828125e+00,-6.380108833312988281e+00,-3.311379432678222656e+00,-8.232818893034055813e-15
0.000000000000000000e+00,-3.849272966384887695e+00,-7.519711971282958984e+00,-1.084225940704345703e+01,-1.366690540313720703e+01,-1.587097167968750000e+01,-1.736597824096679688e+01,-1.810269355773925781e+01,-1.807409286499023438e+01,-1.731600952148437500e+01,-1.590539836883544922e+01,-1.395624732971191406e+01,-1.161327552795410156e+01,-9.043721199035644531e+00,-6.427613735198974609e+00,-3.947027921676635742e+00,-1.774912953376770020e+00,-6.413525342941284180e-02,1.062608242034912109e+00,1.521357536315917969e+00,1.273355960845947266e+00,3.289269208908081055e-01,-1.251595020294189453e+00,-3.360064744949340820e+00,-5.845861911773681641e+00,-8.524163246154785156e+00,-1.118675327301025391e+01,-1.361479473114013672e+01,-1.559282112121582031e+01,-1.692309761047363281e+01,-1.743943214416503906e+01,-1.701951789855957031e+01,-1.559491062164306641e+01,-1.315794181823730469e+01,-9.764916419982910156e+00,-5.535300254821777344e+00,-6.467561125755310059e-01,4.673784255981445312e+00,1.016257381439208984e+01,1.553432369232177734e+01,2.049938964843750000e+01,2.478179550170898438e+01,2.813691329956054688e+01,3.036764144897460938e+01,3.133794784545898438e+01,3.098280525207519531e+01,2.931379508972167969e+01,2.641986274719238281e+01,2.246308898925781250e+01,1.766965293884277344e+01,1.231646919250488281e+01,6.714327812194824219e+00,1.188581824302673340e+00,-3.941363811492919922e+00,-8.382417678833007812e+00,-1.188666820526123047e+01,-1.426746463775634766e+01,-1.541163253784179688e+01,-1.528694629669189453e+01,-1.394434547424316406e+01,-1.151469326019287109e+01,-8.200266838073730469e+00,-4.261524677276611328e+00,-1.059953990897866127e-14
0.000000000000000000e+00,-3.876659393310546875e+00,-7.589770793914794922e+00,-1.098353481292724609e+01,-1.391736507415771484e+01,-1.627277946472167969e+01,-1.795944023132324219e+01,-1.892005157470703125e+01,-1.913385200500488281e+01,-1.861848258972167969e+01,-1.742998504638671875e+01,-1.566084575653076172e+01,-1.343600082397460938e+01,-1.090687084197998047e+01,-8.243576049804687500e+00,-5.625651359558105469e+00,-3.231645822525024414e+00,-1.228176474571228027e+00,2.409617006778717041e-01,1.064932703971862793e+00,1.174538850784301758e+00,5.487712621688842773e-01,-7.813597321510314941e-01,-2.732167243957519531e+00,-5.170075893402099609e+00,-7.917910099029541016e+00,-1.076449108123779297e+01,-1.347710895538330078e+01,-1.581619262695312500e+01,-1.755131340026855469e+01,-1.847748374938964844e+01,-1.843063354492187500e+01,-1.730115890502929688e+01,-1.504446220397949219e+01,-1.168760490417480469e+01,-7.331405639648437500e+00,-2.147595643997192383e+00,3.628997325897216797e+00,9.712924003601074219e+00,1.578458404541015625e+01,2.150971031188964844e+01,2.656063461303710938e+01,3.063790321350097656e+01,3.349078369140625000e+01,3.493514251708984375e+01,3.486743164062500000e+01,3.327359008789062500e+01,3.023221969604492188e+01,2.591152191162109375e+01,2.056015586853027344e+01,1.449243545532226562e+01,8.068799972534179688e+00,1.672815561294555664e+00,-4.313777923583984375e+00,-9.536261558532714844e+00,-1.369063091278076172e+01,-1.654412651062011719e+01,-1.795113372802734375e+01,-1.786328697204589844e+01,-1.633303451538085938e+01,-1.351034927368164062e+01,-9.632762908935546875e+00,-5.009387969970703125e+00,-1.246247537404956279e-14
0.000000000000000000e+00,-3.591207265853881836e+00,-7.048275947570800781e+00,-1.024205398559570312e+01,-1.305332660675048828e+01,-1.537769317626953125e+01,-1.713024902343750000e+01,-1.824994277954101562e+01,-1.870337295532226562e+01,-1.848777580261230469e+01,-1.763288307189941406e+01,-1.620138549804687500e+01,-1.428767204284667969e+01,-1.201470756530761719e+01,-9.528905868530273438e+00,-6.993074893951416016e+00,-4.577631950378417969e+00,-2.450478076934814453e+00,-7.660744786262512207e-01,3.455978035926818848e-01,7.894089818000793457e-01,5.139640569686889648e-01,-4.818006455898284912e-01,-2.145011186599731445e+00,-4.368779659271240234e+00,-6.995972633361816406e+00,-9.826872825622558594e+00,-1.263047504425048828e+01,-1.515886306762695312e+01,-1.716382980346679688e+01,-1.841465950012207031e+01,-1.871585655212402344e+01,-1.792345619201660156e+01,-1.595867824554443359e+01,-1.281770133972167969e+01,-8.576639175415039062e+00,-3.391066312789916992e+00,2.510150909423828125e+00,8.836575508117675781e+00,1.525287532806396484e+01,2.139946746826171875e+01,2.691581916809082031e+01,3.146479034423828125e+01,3.475634384155273438e+01,3.656880950927734375e+01,3.676615142822265625e+01,3.530978393554687500e+01,3.226396560668945312e+01,2.779416656494140625e+01,2.215830230712890625e+01,1.569133853912353516e+01,8.784153938293457031e+00,1.858085989952087402e+00,-4.663129329681396484e+00,-1.038204479217529297e+01,-1.495478725433349609e+01,-1.811495590209960938e+01,-1.969238471984863281e+01,-1.962536430358886719e+01,-1.796537399291992188e+01,-1.487392711639404297e+01,-1.061167621612548828e+01,-5.520528316497802734e+00,-1.373581153332747995e-14
0.000000000000000000e+00,-2.999780416488647461e+00,-5.908000946044921875e+00,-8.634682655334472656e+00,-1.109326648712158203e+01,-1.320289802551269531e+01,-1.489129257202148438e+01,-1.609816169738769531e+01,-1.677905845642089844e+01,-1.690938186645507812e+01,-1.648812675476074219e+01,-1.554093933105468750e+01,-1.412196063995361328e+01,-1.231401157379150391e+01,-1.022674274444580078e+01,-7.992523670196533203e+00,-5.760042190551757812e+00,-3.685802459716796875e+00,-1.923939704895019531e+00,-6.149900555610656738e-01,1.255811899900436401e-01,2.181589752435684204e-01,-3.719016909599304199e-01,-1.627743005752563477e+00,-3.477853775024414062e+00,-5.796880245208740234e+00,-8.410693168640136719e+00,-1.110566997528076172e+01,-1.364180564880371094e+01,-1.576888942718505859e+01,-1.724471855163574219e+01,-1.785404777526855469e+01,-1.742680931091308594e+01,-1.585417652130126953e+01,-1.310103225708007812e+01,-9.213667869567871094e+00,-4.321848869323730469e+00,1.365248918533325195e+00,7.569240570068359375e+00,1.395840549468994141e+01,2.016831207275390625e+01,2.582583999633789062e+01,3.057493782043457031e+01,3.410226058959960938e+01,3.616074371337890625e+01,3.658926010131835938e+01,3.532680130004882812e+01,3.241986465454101562e+01,2.802238464355468750e+01,2.238788604736328125e+01,1.585432624816894531e+01,8.822493553161621094e+00,1.729439258575439453e+00,-4.981229305267333984e+00,-1.089004898071289062e+01,-1.563117790222167969e+01,-1.891845703125000000e+01,-2.056608772277832031e+01,-2.050237083435058594e+01,-1.877537155151367188e+01,-1.555008602142333984e+01,-1.109718227386474609e+01,-5.774124145507812500e+00,-1.436765745439771980e-14
0.000000000000000000e+00,-2.129543066024780273e+00,-4.221385955810546875e+00,-6.235517501831054688e+00,-8.127852439880371094e+00,-9.849496841430664062e+00,-1.134738349914550781e+01,-1.256643867492675781e+01,-1.345322704315185547e+01,-1.396080398559570312e+01,-1.405432415008544922e+01,-1.371676349639892578e+01,-1.295407485961914062e+01,-1.179903316497802734e+01,-1.031312274932861328e+01,-8.585955619812011719e+00,-6.731915473937988281e+00,-4.884007930755615234e+00,-3.185153961181640625e+00,-1.777473926544189453e+00,-7.903535962104797363e-01,-3.282791674137115479e-01,-4.595398604869842529e-01,-1.206915378570556641e+00,-2.541372776031494141e+00,-4.379606723785400391e+00,-6.585974693298339844e+00,-8.979021072387695312e+00,-1.134240150451660156e+01,-1.343960857391357422e+01,-1.503153038024902344e+01,-1.589557552337646484e+01,-1.584486389160156250e+01,-1.474590873718261719e+01,-1.253323173522949219e+01,-9.219536781311035156e+00,-4.900354862213134766e+00,2.475376427173614502e-01,5.974112033843994141e+00,1.197020721435546875e+01,1.788694763183593750e+01,2.335918807983398438e+01,2.803130340576171875e+01,3.158345031738281250e+01,3.375622940063476562e+01,3.437182998657226562e+01,3.334984970092773438e+01,3.071644020080566406e+01,2.660583114624023438e+01,2.125390243530273438e+01,1.498407840728759766e+01,8.186406135559082031e+00,1.291239738464355469e+00,-5.260592937469482422e+00,-1.104896736145019531e+01,-1.570465850830078125e+01,-1.893627929687500000e+01,-2.055186843872070312e+01,-2.047346496582031250e+01,-1.874348258972167969e+01,-1.552232265472412109e+01,-1.107733631134033203e+01,-5.763904571533203125e+00,-1.434236166246091737e-14
0.000000000000000000e+00,-1.026584744453430176e+00,-2.077885150909423828e+00,-3.172110319137573242e+00,-4.315304756164550781e+00,-5.497290611267089844e+00,-6.689792633056640625e+00,-7.847072601318359375e+00,-8.909132003784179688e+00,-9.807230949401855469e+00,-1.047121047973632812e+01,-1.083785152435302734e+01,-1.085938453674316406e+01,-1.051116561889648438e+01,-9.797585487365722656e+00,-8.755420684814453125e+00,-7.454039096832275391e+00,-5.992192745208740234e+00,-4.491444587707519531e+00,-3.086641311645507812e+00,-1.914154648780822754e+00,-1.098895311355590820e+00,-7.412778139114379883e-01,-9.053993225097656250e-01,-1.609654545783996582e+00,-2.820852994918823242e+00,-4.452639102935791016e+00,-6.368662357330322266e+00,-8.390527725219726562e+00,-1.031013202667236328e+01,-1.190555953979492188e+01,-1.295934867858886719e+01,-1.327767467498779297e+01,-1.270882415771484375e+01,-1.115932464599609375e+01,-8.606214523315429688e+00,-5.104194164276123047e+00,-7.867879271507263184e-01,4.138889789581298828e+00,9.403640747070312500e+00,1.469331264495849609e+01,1.967039871215820312e+01,2.399854469299316406e+01,2.736809349060058594e+01,2.952065849304199219e+01,3.027071952819824219e+01,2.952239418029785156e+01,2.727993202209472656e+01,2.365086364746093750e+01,1.884136390686035156e+01,1.314396190643310547e+01,6.918373584747314453e+00,5.667667388916015625e-01,-5.494728565216064453e+00,-1.086614131927490234e+01,-1.519312191009521484e+01,-1.819344711303710938e+01,-1.967850685119628906e+01,-1.956802749633789062e+01,-1.789686012268066406e+01,-1.481317806243896484e+01,-1.056822013854980469e+01,-5.498232841491699219e+00,-1.368072813373458554e-14
0.000000000000000000e+00,2.466853410005569458e-01,4.011042118072509766e-01,3.817689418792724609e-01,1.276176124811172485e-01,-3.944901525974273682e-01,-1.185232877731323242e+00,-2.211751222610473633e+00,-3.410194873809814453e+00,-4.691687107086181641e+00,-5.951144218444824219e+00,-7.078096389770507812e+00,-7.968426704406738281e+00,-8.535842895507812500e+00,-8.721881866455078125e+00,-8.503382682800292969e+00,-7.896565914154052734e+00,-6.957203388214111328e+00,-5.776705265045166016e+00,-4.474368095397949219e+00,-3.186411857604980469e+00,-2.052762269973754883e+00,-1.202796459197998047e+00,-7.414072751998901367e-01,-7.367644309997558594e-01,-1.211038231849670410e+00,-2.135116577148437500e+00,-3.428008317947387695e+00,-4.961213111877441406e+00,-6.567883491516113281e+00,-8.056149482727050781e+00,-9.225576400756835938e+00,-9.885390281677246094e+00,-9.872891426086425781e+00,-9.070402145385742188e+00,-7.419160842895507812e+00,-4.928784847259521484e+00,-1.681266069412231445e+00,2.171092033386230469e+00,6.413879871368408203e+00,1.078448009490966797e+01,1.499070930480957031e+01,1.873279571533203125e+01,2.172698211669921875e+01,2.372882461547851562e+01,2.455424880981445312e+01,2.409652900695800781e+01,2.233768463134765625e+01,1.935317611694335938e+01,1.530934143066406250e+01,1.045356369018554688e+01,5.097806453704833984e+00,-4.033301770687103271e-01,-5.678396224975585938e+00,-1.036673355102539062e+01,-1.414581203460693359e+01,-1.675608253479003906e+01,-1.802135467529296875e+01,-1.786301040649414062e+01,-1.630688858032226562e+01,-1.348219776153564453e+01,-9.612487792968750000e+00,-4.999342441558837891e+00,-1.243810962428884559e-14
0.000000000000000000e+00,1.615225195884704590e+00,3.069415330886840820e+00,4.216419696807861328e+00,4.938472747802734375e+00,5.157047748565673828e+00,4.840057849884033203e+00,4.004728317260742188e+00,2.715872049331665039e+00,1.079726099967956543e+00,-7.660761475563049316e-01,-2.665461540222167969e+00,-4.458591461181640625e+00,-5.996874332427978516e+00,-7.156904697418212891e+00,-7.852005958557128906e+00,-8.040281295776367188e+00,-7.728383064270019531e+00,-6.970626354217529297e+00,-5.863496303558349609e+00,-4.536036014556884766e+00,-3.136995077133178711e+00,-1.819931268692016602e+00,-7.276703119277954102e-01,2.239924110472202301e-02,3.507737219333648682e-01,2.247936427593231201e-01,-3.368092179298400879e-01,-1.264302253723144531e+00,-2.442353248596191406e+00,-3.720050811767578125e+00,-4.924711227416992188e+00,-5.878273487091064453e+00,-6.414818286895751953e+00,-6.397605419158935547e+00,-5.734035015106201172e+00,-4.387091159820556641e+00,-2.382105827331542969e+00,1.919223666191101074e-01,3.186741828918457031e+00,6.404785633087158203e+00,9.613917350769042969e+00,1.256582927703857422e+01,1.501658821105957031e+01,1.674759292602539062e+01,1.758513450622558594e+01,1.741684532165527344e+01,1.620351028442382812e+01,1.398514175415039062e+01,1.088064193725585938e+01,7.080917358398437500e+00,2.835896968841552734e+00,-1.563614487648010254e+00,-5.807832241058349609e+00,-9.591900825500488281e+00,-1.263987350463867188e+01,-1.472680282592773438e+01,-1.569709396362304688e+01,-1.547758769989013672e+01,-1.408423805236816406e+01,-1.162178707122802734e+01,-8.276395797729492188e+00,-4.301791667938232422e+00,-1.070056298749883991e-14
0.000000000000000000e+00,2.995906352996826172e+00,5.764971256256103516e+00,8.098928451538085938e+00,9.825067520141601562e+00,1.082016372680664062e+01,1.102017498016357422e+01,1.042488193511962891e+01,9.097107887268066406e+00,7.156608104705810547e+00,4.769206523895263672e+00,2.132146358489990234e+00,-5.430331826210021973e-01,-3.048588991165161133e+00,-5.198040008544921875e+00,-6.841490268707275391e+00,-7.877488136291503906e+00,-8.260412216186523438e+00,-8.002794265747070312e+00,-7.172420024871826172e+00,-5.884551525115966797e+00,-4.290006637573242188e+00,-2.560241460800170898e+00,-8.708084821701049805e-01,6.152753829956054688e-01,1.762730717658996582e+00,2.476397752761840820e+00,2.709676980972290039e+00,2.468269824981689453e+00,1.808890342712402344e+00,8.330872654914855957e-01,-3.232395946979522705e-01,-1.503647208213806152e+00,-2.546989440917968750e+00,-3.303810834884643555e+00,-3.651754856109619141e+00,-3.508533239364624023e+00,-2.841219663619995117e+00,-1.670955657958984375e+00,-7.257931679487228394e-02,1.830862402915954590e+00,3.878278017044067383e+00,5.884511470794677734e+00,7.656911849975585938e+00,9.013023376464843750e+00,9.797807693481445312e+00,9.898822784423828125e+00,9.257966995239257812e+00,7.878661632537841797e+00,5.827759265899658203e+00,3.231910943984985352e+00,2.686201930046081543e-01,-2.847323179244995117e+00,-5.880916595458984375e+00,-8.596096992492675781e+00,-1.077535057067871094e+01,-1.223808670043945312e+01,-1.285620212554931641e+01,-1.256546497344970703e+01,-1.137170314788818359e+01,-9.351245880126953125e+00,-6.645521163940429688e+00,-3.450230121612548828e+00,-8.579284167581271298e-15
0.000000000000000000e+00,4.302641391754150391e+00,8.319784164428710938e+00,1.178753757476806641e+01,1.448348236083984375e+01,1.624320030212402344e+01,1.697212791442871094e+01,1.665183830261230469e+01,1.534026622772216797e+01,1.316590213775634766e+01,1.031652832031250000e+01,7.023441791534423828e+00,3.542520046234130859e+00,1.337280124425888062e-01,-2.959245204925537109e+00,-5.527548313140869141e+00,-7.412439823150634766e+00,-8.516074180603027344e+00,-8.807010650634765625e+00,-8.320105552673339844e+00,-7.150926113128662109e+00,-5.445302486419677734e+00,-3.385011672973632812e+00,-1.170925498008728027e+00,9.948793053627014160e-01,2.926473617553710938e+00,4.469407558441162109e+00,5.512739181518554688e+00,5.996798515319824219e+00,5.916114807128906250e+00,5.317386150360107422e+00,4.292794227600097656e+00,2.969401359558105469e+00,1.495676040649414062e+00,2.645675837993621826e-02,-1.292237997055053711e+00,-2.337145566940307617e+00,-3.019176721572875977e+00,-3.291295528411865234e+00,-3.152191400527954102e+00,-2.645457029342651367e+00,-1.854415416717529297e+00,-8.931347727775573730e-01,1.054823845624923706e-01,1.003383398056030273e+00,1.671516418457031250e+00,2.003105163574218750e+00,1.924793720245361328e+00,1.404610872268676758e+00,4.560008645057678223e-01,-8.624647855758666992e-01,-2.451680183410644531e+00,-4.180488586425781250e+00,-5.897285938262939453e+00,-7.443679809570312500e+00,-8.668957710266113281e+00,-9.444034576416015625e+00,-9.673596382141113281e+00,-9.305322647094726562e+00,-8.335335731506347656e+00,-6.809355258941650391e+00,-4.819444656372070312e+00,-2.496624946594238281e+00,-6.203698951843649584e-15
0.000000000000000000e+00,5.451776981353759766e+00,1.057047271728515625e+01,1.504677486419677734e+01,1.861708641052246094e+01,2.108197784423828125e+01,2.231974792480468750e+01,2.229408073425292969e+01,2.105528450012207031e+01,1.873505592346191406e+01,1.553526496887207031e+01,1.171172523498535156e+01,7.554228782653808594e+00,3.364502429962158203e+00,-5.662136077880859375e-01,-3.978201389312744141e+00,-6.661324977874755859e+00,-8.468778610229492188e+00,-9.325572967529296875e+00,-9.231227874755859375e+00,-8.256646156311035156e+00,-6.535581588745117188e+00,-4.251562595367431641e+00,-1.621451973915100098e+00,1.122911334037780762e+00,3.753458261489868164e+00,6.063488960266113281e+00,7.882749080657958984e+00,9.088852882385253906e+00,9.614276885986328125e+00,9.448525428771972656e+00,8.635518074035644531e+00,7.266626358032226562e+00,5.470144271850585938e+00,3.398266077041625977e+00,1.212796926498413086e+00,-9.291012883186340332e-01,-2.887895345687866211e+00,-4.552314281463623047e+00,-5.846811771392822266e+00,-6.735341072082519531e+00,-7.221293926239013672e+00,-7.343794345855712891e+00,-7.170873641967773438e+00,-6.790313720703125000e+00,-6.299131393432617188e+00,-5.792771816253662109e+00,-5.355060577392578125e+00,-5.049860477447509766e+00,-4.915180206298828125e+00,-4.960228919982910156e+00,-5.165599346160888672e+00,-5.486465930938720703e+00,-5.858380317687988281e+00,-6.205015182495117188e+00,-6.447016239166259766e+00,-6.511036872863769531e+00,-6.338037490844726562e+00,-5.889998435974121094e+00,-5.154391765594482422e+00,-4.145970821380615234e+00,-2.905724763870239258e+00,-1.497114062309265137e+00,-3.713633421636346535e-15
0.000000000000000000e+00,6.367414951324462891e+00,1.236865234375000000e+01,1.766241455078125000e+01,2.195534324645996094e+01,2.502158355712890625e+01,2.671743965148925781e+01,2.699008560180664062e+01,2.587974929809570312e+01,2.351527404785156250e+01,2.010347366333007812e+01,1.591314697265625000e+01,1.125499343872070312e+01,6.458994865417480469e+00,1.850952625274658203e+00,-2.270069360733032227e+00,-5.651768207550048828e+00,-8.104680061340332031e+00,-9.513232231140136719e+00,-9.841112136840820312e+00,-9.130709648132324219e+00,-7.496889114379882812e+00,-5.115727424621582031e+00,-2.209252834320068359e+00,9.725360870361328125e-01,4.170916557312011719e+00,7.137458801269531250e+00,9.651393890380859375e+00,1.153410339355468750e+01,1.265976619720458984e+01,1.296155166625976562e+01,1.243311119079589844e+01,1.112550735473632812e+01,9.140073776245117188e+00,6.617982387542724609e+00,3.727527141571044922e+00,6.502563953399658203e-01,-2.432898521423339844e+00,-5.354401588439941406e+00,-7.970873355865478516e+00,-1.017112159729003906e+01,-1.188101482391357422e+01,-1.306504917144775391e+01,-1.372476387023925781e+01,-1.389439010620117188e+01,-1.363436603546142578e+01,-1.302344131469726562e+01,-1.215019798278808594e+01,-1.110477256774902344e+01,-9.971496582031250000e+00,-8.823022842407226562e+00,-7.716300487518310547e+00,-6.690585613250732422e+00,-5.767417430877685547e+00,-4.952341556549072266e+00,-4.237974166870117188e+00,-3.607912540435791016e+00,-3.040947914123535156e+00,-2.515056371688842773e+00,-2.010706901550292969e+00,-1.513153791427612305e+00,-1.013524889945983887e+00,-5.086832642555236816e-01,-1.251031452436106479e-15
0.000000000000000000e+00,6.986327171325683594e+00,1.359053134918212891e+01,1.945530700683593750e+01,2.427124404907226562e+01,2.779658699035644531e+01,2.987228584289550781e+01,3.043133544921875000e+01,2.950180625915527344e+01,2.720340728759765625e+01,2.373790740966796875e+01,1.937414360046386719e+01,1.442878437042236328e+01,9.244206428527832031e+00,4.165130615234375000e+00,-4.843719303607940674e-01,-4.421880245208740234e+00,-7.424230575561523438e+00,-9.340581893920898438e+00,-1.010015106201171875e+01,-9.714238166809082031e+00,-8.272561073303222656e+00,-5.934352874755859375e+00,-2.915003776550292969e+00,5.306434035301208496e-01,4.127072811126708984e+00,7.597544193267822266e+00,1.068283367156982422e+01,1.315798377990722656e+01,1.484598922729492188e+01,1.562759685516357422e+01,1.544672870635986328e+01,1.431137084960937500e+01,1.229010009765625000e+01,9.504723548889160156e+00,6.119764328002929688e+00,2.329709768295288086e+00,-1.654972434043884277e+00,-5.621993064880371094e+00,-9.370602607727050781e+00,-1.272328186035156250e+01,-1.553510379791259766e+01,-1.770027732849121094e+01,-1.915568351745605469e+01,-1.988138008117675781e+01,-1.989833641052246094e+01,-1.926378250122070312e+01,-1.806469726562500000e+01,-1.641007614135742188e+01,-1.442260646820068359e+01,-1.223033142089843750e+01,-9.958879470825195312e+00,-7.724653720855712891e+00,-5.629298686981201172e+00,-3.755615949630737305e+00,-2.164968490600585938e+00,-8.961111903190612793e-01,3.470575436949729919e-02,6.325611472129821777e-01,9.218491911888122559e-01,9.436535239219665527e-01,7.527124881744384766e-01,4.141373336315155029e-01,1.048272728928871522e-15
0.000000000000000000e+00,7.262152194976806641e+00,1.414511489868164062e+01,2.029321479797363281e+01,2.539624595642089844e+01,2.920842742919921875e+01,3.156309890747070312e+01,3.238222122192382812e+01,3.168010330200195312e+01,2.956111717224121094e+01,2.621166992187500000e+01,2.188696861267089844e+01,1.689357185363769531e+01,1.156891250610351562e+01,6.259191989898681641e+00,1.297143697738647461e+00,-3.018867731094360352e+00,-6.443062782287597656e+00,-8.796630859375000000e+00,-9.977417945861816406e+00,-9.964393615722656250e+00,-8.816724777221679688e+00,-6.667671203613281250e+00,-3.713829755783081055e+00,-2.005715817213058472e-01,3.595256805419921875e+00,7.384158134460449219e+00,1.088305377960205078e+01,1.383334350585937500e+01,1.601681709289550781e+01,1.726845741271972656e+01,1.748542022705078125e+01,1.663175773620605469e+01,1.473872947692871094e+01,1.190087985992431641e+01,8.268281936645507812e+00,4.035615444183349609e+00,-5.710963010787963867e-01,-5.309158802032470703e+00,-9.934297561645507812e+00,-1.421521091461181641e+01,-1.794671249389648438e+01,-2.096071434020996094e+01,-2.313450241088867188e+01,-2.439591979980468750e+01,-2.472531509399414062e+01,-2.415431213378906250e+01,-2.276162719726562500e+01,-2.066635513305664062e+01,-1.801922035217285156e+01,-1.499245643615722656e+01,-1.176889896392822266e+01,-8.531016349792480469e+00,-5.450443267822265625e+00,-2.678604125976562500e+00,-3.388622701168060303e-01,1.479433298110961914e+00,2.724782466888427734e+00,3.385129690170288086e+00,3.487226009368896484e+00,3.093862056732177734e+00,2.299181699752807617e+00,1.222360491752624512e+00,3.062241791791740081e-15
0.000000000000000000e+00,7.168599605560302734e+00,1.398047733306884766e+01,2.009989356994628906e+01,2.523176574707031250e+01,2.913883209228515625e+01,3.165522003173828125e+01,3.269562149047851562e+01,3.225949859619140625e+01,3.043010520935058594e+01,2.736841392517089844e+01,2.330235481262207031e+01,1.851208114624023438e+01,1.331222724914550781e+01,8.032247543334960938e+00,2.996134519577026367e+00,-1.497265100479125977e+00,-5.192090034484863281e+00,-7.890387535095214844e+00,-9.463226318359375000e+00,-9.857365608215332031e+00,-9.097126007080078125e+00,-7.281417369842529297e+00,-4.576188087463378906e+00,-1.202837228775024414e+00,2.576634645462036133e+00,6.476741790771484375e+00,1.020681381225585938e+01,1.348931026458740234e+01,1.607702255249023438e+01,1.776811408996582031e+01,1.841811180114746094e+01,1.794815254211425781e+01,1.634906387329101562e+01,1.368107700347900391e+01,1.006930828094482422e+01,5.695330142974853516e+00,7.854535579681396484e-01,-4.403521537780761719e+00,-9.600147247314453125e+00,-1.453477859497070312e+01,-1.895560646057128906e+01,-2.264331436157226562e+01,-2.542349052429199219e+01,-2.717608642578125000e+01,-2.784140586853027344e+01,-2.742233848571777344e+01,-2.598274421691894531e+01,-2.364221000671386719e+01,-2.056752586364746094e+01,-1.696145820617675781e+01,-1.304957771301269531e+01,-9.065945625305175781e+00,-5.238558292388916016e+00,-1.775431871414184570e+00,1.147832751274108887e+00,3.398276090621948242e+00,4.893001079559326172e+00,5.603372573852539062e+00,5.555775165557861328e+00,4.828916072845458984e+00,3.547867298126220703e+00,1.875232696533203125e+00,4.689340837973942147e-15
0.000000000000000000e+00,6.701455593109130859e+00,1.308769702911376953e+01,1.886080360412597656e+01,2.375646591186523438e+01,2.755840873718261719e+01,3.011009979248046875e+01,3.132309722900390625e+01,3.118152236938476562e+01,2.974246215820312500e+01,2.713220405578613281e+01,2.353856468200683594e+01,1.919972419738769531e+01,1.439020156860351562e+01,9.404771804809570312e+00,4.541253566741943359e+00,8.315794169902801514e-02,-3.716790437698364258e+00,-6.651298046112060547e+00,-8.570446014404296875e+00,-9.390221595764160156e+00,-9.097126007080078125e+00,-7.748561382293701172e+00,-5.468968868255615234e+00,-2.441926479339599609e+00,1.101334929466247559e+00,4.896318912506103516e+00,8.661695480346679688e+00,1.211678600311279297e+01,1.499904727935791016e+01,1.708047103881835938e+01,1.818190193176269531e+01,1.818436431884765625e+01,1.703670692443847656e+01,1.475905227661132812e+01,1.144183254241943359e+01,7.240449428558349609e+00,2.365876674652099609e+00,-2.928221702575683594e+00,-8.361058235168457031e+00,-1.364199829101562500e+01,-1.848846244812011719e+01,-2.264331436157226562e+01,-2.589063453674316406e+01,-2.806886672973632812e+01,-2.908049583435058594e+01,-2.889763641357421875e+01,-2.756316566467285156e+01,-2.518733024597167969e+01,-2.194005012512207031e+01,-1.803943252563476562e+01,-1.373722076416015625e+01,-9.302156448364257812e+00,-5.002347946166992188e+00,-1.087789177894592285e+00,2.225807666778564453e+00,4.770800590515136719e+00,6.438119888305664062e+00,7.183795452117919922e+00,7.031075000762939453e+00,6.068005561828613281e+00,4.440647602081298828e+00,2.342376708984375000e+00,5.853873074078202662e-15
0.000000000000000000e+00,5.879244327545166016e+00,1.150217723846435547e+01,1.662508201599121094e+01,2.102885055541992188e+01,2.452983093261718750e+01,2.698901176452636719e+01,2.831907463073730469e+01,2.848892402648925781e+01,2.752545738220214844e+01,2.551240539550781250e+01,2.258623123168945312e+01,1.892923164367675781e+01,1.476009082794189453e+01,1.032233810424804688e+01,5.871229171752929688e+00,1.659729719161987305e+00,-2.075667142868041992e+00,-5.128499507904052734e+00,-7.334480285644531250e+00,-8.581485748291015625e+00,-8.816724777221679688e+00,-8.050579071044921875e+00,-6.356767654418945312e+00,-3.868703365325927734e+00,-7.721390128135681152e-01,2.705560684204101562e+00,6.308968544006347656e+00,9.770197868347167969e+00,1.282563972473144531e+01,1.523279762268066406e+01,1.678615570068359375e+01,1.733102226257324219e+01,1.677438926696777344e+01,1.509205722808837891e+01,1.233142757415771484e+01,8.609700202941894531e+00,4.107501029968261719e+00,-9.417631626129150391e-01,-6.266166210174560547e+00,-1.157227325439453125e+01,-1.656380462646484375e+01,-2.096071434020996094e+01,-2.451741027832031250e+01,-2.703885841369628906e+01,-2.839344596862792969e+01,-2.852170753479003906e+01,-2.744022560119628906e+01,-2.524044036865234375e+01,-2.208236694335937500e+01,-1.818363380432128906e+01,-1.380455780029296875e+01,-9.230279922485351562e+00,-4.751179218292236328e+00,-6.429446935653686523e-01,2.852315425872802734e+00,5.542579174041748047e+00,7.298867702484130859e+00,8.063727378845214844e+00,7.854621887207031250e+00,6.761993885040283203e+00,4.942119598388671875e+00,2.605268239974975586e+00,6.509659110853164427e-15
0.000000000000000000e+00,4.742495059967041016e+00,9.302242279052734375e+00,1.350359249114990234e+01,1.718494033813476562e+01,2.020534515380859375e+01,2.245061874389648438e+01,2.383869171142578125e+01,2.432397079467773438e+01,2.390045547485351562e+01,2.260331916809082031e+01,2.050873374938964844e+01,1.773173713684082031e+01,1.442204093933105469e+01,1.075777339935302734e+01,6.937294483184814453e+00,3.169361829757690430e+00,-3.379278182983398438e-01,-3.388867139816284180e+00,-5.811861038208007812e+00,-7.470406055450439453e+00,-8.272561073303222656e+00,-8.178184509277343750e+00,-7.203293800354003906e+00,-5.421071052551269531e+00,-2.959229946136474609e+00,6.301995832473039627e-03,3.261167049407958984e+00,6.565340995788574219e+00,9.668154716491699219e+00,1.232464408874511719e+01,1.431213951110839844e+01,1.544595909118652344e+01,1.559305191040039062e+01,1.468255710601806641e+01,1.271240711212158203e+01,9.751376152038574219e+00,5.936269760131835938e+00,1.464309334754943848e+00,-3.418887853622436523e+00,-8.434992790222167969e+00,-1.329127216339111328e+01,-1.770027732849121094e+01,-2.139951515197753906e+01,-2.416966819763183594e+01,-2.585005187988281250e+01,-2.635008621215820312e+01,-2.565593910217285156e+01,-2.383174324035644531e+01,-2.101524925231933594e+01,-1.740816497802734375e+01,-1.326183223724365234e+01,-8.859242439270019531e+00,-4.494710445404052734e+00,-4.526636302471160889e-01,3.012865543365478516e+00,5.696531772613525391e+00,7.456371784210205078e+00,8.223803520202636719e+00,8.008152008056640625e+00,6.895367622375488281e+00,5.041002273559570312e+00,2.657969474792480469e+00,6.641867824908878268e-15
0.000000000000000000e+00,3.351637840270996094e+00,6.605062961578369141e+00,9.663133621215820312e+00,1.243114089965820312e+01,1.481872749328613281e+01,1.674249839782714844e+01,1.812937736511230469e+01,1.892058563232421875e+01,1.907600784301757812e+01,1.857855415344238281e+01,1.743806838989257812e+01,1.569425964355468750e+01,1.341815853118896484e+01,1.071166133880615234e+01,7.704871654510498047e+00,4.551087379455566406e+00,1.419522523880004883e+00,-1.513950824737548828e+00,-4.077522754669189453e+00,-6.114932537078857422e+00,-7.496889114379882812e+00,-8.131505012512207031e+00,-7.972842216491699219e+00,-7.026745319366455078e+00,-5.353285312652587891e+00,-3.065396785736083984e+00,-3.235468864440917969e-01,2.673394441604614258e+00,5.700602054595947266e+00,8.522285461425781250e+00,1.090818977355957031e+01,1.265042781829833984e+01,1.357933998107910156e+01,1.357714557647705078e+01,1.258823585510253906e+01,1.062519741058349609e+01,7.769957065582275391e+00,4.169800281524658203e+00,2.840806357562541962e-02,-4.407532215118408203e+00,-8.865237236022949219e+00,-1.306504917144775391e+01,-1.674054145812988281e+01,-1.965797996520996094e+01,-2.163364791870117188e+01,-2.254764366149902344e+01,-2.235305404663085938e+01,-2.107971382141113281e+01,-1.883220481872558594e+01,-1.578218555450439453e+01,-1.215556716918945312e+01,-8.215506553649902344e+00,-4.242496490478515625e+00,-5.130752921104431152e-01,2.721189260482788086e+00,5.252796173095703125e+00,6.933992862701416016e+00,7.687799453735351562e+00,7.513495445251464844e+00,6.486127853393554688e+00,4.750064373016357422e+00,2.507093906402587891e+00,6.266926996740867714e-15
0.000000000000000000e+00,1.783645510673522949e+00,3.560139179229736328e+00,5.317138195037841797e+00,7.032667160034179688e+00,8.672102928161621094e+00,1.018708801269531250e+01,1.151667785644531250e+01,1.259075832366943359e+01,1.333551406860351562e+01,1.368048286437988281e+01,1.356650733947753906e+01,1.295376968383789062e+01,1.182902908325195312e+01,1.021118927001953125e+01,8.154457092285156250e+00,5.748549938201904297e+00,3.115640401840209961e+00,4.040639102458953857e-01,-2.220894098281860352e+00,-4.588514328002929688e+00,-6.535581588745117188e+00,-7.919693946838378906e+00,-8.631785392761230469e+00,-8.606725692749023438e+00,-7.830960750579833984e+00,-6.346385955810546875e+00,-4.249909877777099609e+00,-1.688549399375915527e+00,1.149749755859375000e+00,4.048984050750732422e+00,6.780735969543457031e+00,9.121408462524414062e+00,1.086968517303466797e+01,1.186279296875000000e+01,1.199020004272460938e+01,1.120355701446533203e+01,9.521979331970214844e+00,7.032104492187500000e+00,3.882825136184692383e+00,2.749925553798675537e-01,-3.553162097930908203e+00,-7.343794345855712891e+00,-1.083900547027587891e+01,-1.380064773559570312e+01,-1.602876853942871094e+01,-1.737719154357910156e+01,-1.776493644714355469e+01,-1.718251991271972656e+01,-1.569258308410644531e+01,-1.342475605010986328e+01,-1.056514072418212891e+01,-7.341248035430908203e+00,-4.003598213195800781e+00,-8.054742217063903809e-01,2.017510890960693359e+00,4.266365528106689453e+00,5.794620990753173828e+00,6.519876003265380859e+00,6.430027484893798828e+00,5.583665847778320312e+00,4.104609012603759766e+00,2.171017646789550781e+00,5.430563700006656169e-15
0.000000000000000000e+00,1.276153326034545898e-01,3.407011032104492188e-01,7.133737802505493164e-01,1.298227190971374512e+00,2.118419885635375977e+00,3.162871599197387695e+00,4.385120391845703125e+00,5.706036567687988281e+00,7.020204544067382812e+00,8.205435752868652344e+00,9.134533882141113281e+00,9.688217163085937500e+00,9.767957687377929688e+00,9.307473182678222656e+00,8.281707763671875000e+00,6.712340354919433594e+00,4.669181823730468750e+00,2.267152786254882812e+00,-3.410222232341766357e-01,-2.975899934768676758e+00,-5.445302486419677734e+00,-7.560038089752197266e+00,-9.150008201599121094e+00,-1.007928371429443359e+01,-1.025878238677978516e+01,-9.655372619628906250e+00,-8.296516418457031250e+00,-6.269920349121093750e+00,-3.718114852905273438e+00,-8.283110857009887695e-01,2.181701898574829102e+00,5.080493450164794922e+00,7.641373157501220703e+00,9.660686492919921875e+00,1.097448062896728516e+01,1.147210979461669922e+01,1.110560321807861328e+01,9.893959999084472656e+00,7.921971797943115234e+00,5.333626270294189453e+00,2.320610761642456055e+00,-8.931347727775573730e-01,-4.069543838500976562e+00,-6.975699424743652344e+00,-9.402647018432617188e+00,-1.118215084075927734e+01,-1.219998645782470703e+01,-1.240464496612548828e+01,-1.181071758270263672e+01,-1.049669456481933594e+01,-8.597376823425292969e+00,-6.291581153869628906e+00,-3.786193609237670898e+00,-1.297982573509216309e+00,9.652720689773559570e-01,2.822684288024902344e+00,4.135659694671630859e+00,4.819457530975341797e+00,4.849919795989990234e+00,4.264808177947998047e+00,3.159638166427612305e+00,1.678401231765747070e+00,4.204123519853473351e-15
0.000000000000000000e+00,-1.520453572273254395e+00,-2.866450309753417969e+00,-3.880614995956420898e+00,-4.438163280487060547e+00,-4.459403038024902344e+00,-3.918071508407592773e+00,-2.844715356826782227e+00,-1.324778556823730469e+00,5.084629654884338379e-01,2.485519409179687500e+00,4.415833473205566406e+00,6.105112075805664062e+00,7.373297691345214844e+00,8.071557998657226562e+00,8.096755981445312500e+00,7.402079105377197266e+00,6.002818107604980469e+00,3.976749897003173828e+00,1.459001779556274414e+00,-1.368191242218017578e+00,-4.290006637573242188e+00,-7.076601505279541016e+00,-9.502230644226074219e+00,-1.136426830291748047e+01,-1.250049972534179688e+01,-1.280316925048828125e+01,-1.222856998443603516e+01,-1.080132770538330078e+01,-8.612996101379394531e+00,-5.815057754516601562e+00,-2.606926441192626953e+00,7.800397276878356934e-01,4.101155757904052734e+00,7.118075847625732422e+00,9.617842674255371094e+00,1.142971324920654297e+01,1.243834686279296875e+01,1.259227466583251953e+01,1.190696430206298828e+01,1.046228408813476562e+01,8.394638061523437500e+00,5.884511470794677734e+00,3.140551567077636719e+00,3.816017806529998779e-01,-2.181736230850219727e+00,-4.364408016204833984e+00,-6.021599769592285156e+00,-7.059585094451904297e+00,-7.441838264465332031e+00,-7.189975738525390625e+00,-6.379525184631347656e+00,-5.131010055541992188e+00,-3.597229480743408203e+00,-1.947952151298522949e+00,-3.534638881683349609e-01,1.031511068344116211e+00,2.082044124603271484e+00,2.714102268218994141e+00,2.891527652740478516e+00,2.628297328948974609e+00,1.985900640487670898e+00,1.066129922866821289e+00,2.679441556664393688e-15
0.000000000000000000e+00,-3.063372373580932617e+00,-5.872066020965576172e+00,-8.193454742431640625e+00,-9.837123870849609375e+00,-1.067139434814453125e+01,-1.063480281829833984e+01,-9.741541862487792969e+00,-8.080390930175781250e+00,-5.807234764099121094e+00,-3.131798028945922852e+00,-2.997397184371948242e-01,2.428369522094726562e+00,4.799388885498046875e+00,6.589365959167480469e+00,7.622854709625244141e+00,7.788160324096679688e+00,7.047213554382324219e+00,5.439248561859130859e+00,3.077985048294067383e+00,1.425614506006240845e-01,-3.136995077133178711e+00,-6.498528957366943359e+00,-9.669151306152343750e+00,-1.238747596740722656e+01,-1.442482280731201172e+01,-1.560364818572998047e+01,-1.581167030334472656e+01,-1.501057243347167969e+01,-1.323861694335937500e+01,-1.060701179504394531e+01,-7.290432929992675781e+00,-3.512551546096801758e+00,4.721424579620361328e-01,4.398657798767089844e+00,8.012235641479492188e+00,1.108776950836181641e+01,1.344633579254150391e+01,1.496751880645751953e+01,1.559661674499511719e+01,1.534626674652099609e+01,1.429251480102539062e+01,1.256582927703857422e+01,1.033799076080322266e+01,7.806110858917236328e+00,5.175259590148925781e+00,2.641247987747192383e+00,3.750673830509185791e-01,-1.489718794822692871e+00,-2.865628242492675781e+00,-3.715345859527587891e+00,-4.051064014434814453e+00,-3.929336309432983398e+00,-3.442110300064086914e+00,-2.704939603805541992e+00,-1.843610525131225586e+00,-9.805328249931335449e-01,-2.222334742546081543e-01,3.508542180061340332e-01,6.913585066795349121e-01,7.880879640579223633e-01,6.650852560997009277e-01,3.768060505390167236e-01,9.625998991161905348e-16
0.000000000000000000e+00,-4.408619880676269531e+00,-8.495862007141113281e+00,-1.196632289886474609e+01,-1.457441902160644531e+01,-1.614413070678710938e+01,-1.658305168151855469e+01,-1.588958549499511719e+01,-1.415270900726318359e+01,-1.154436111450195312e+01,-8.305088043212890625e+00,-4.724152088165283203e+00,-1.115752339363098145e+00,2.206671476364135742e+00,4.955952167510986328e+00,6.894436359405517578e+00,7.853074073791503906e+00,7.744832992553710938e+00,6.571386814117431641e+00,4.422597885131835938e+00,1.468893170356750488e+00,-2.052762269973754883e+00,-5.858101367950439453e+00,-9.638373374938964844e+00,-1.308485698699951172e+01,-1.591307449340820312e+01,-1.788475608825683594e+01,-1.882582664489746094e+01,-1.863904762268066406e+01,-1.731039810180664062e+01,-1.490882301330566406e+01,-1.157952022552490234e+01,-7.531446456909179688e+00,-3.020217657089233398e+00,1.672111511230468750e+00,6.258673191070556641e+00,1.046903419494628906e+01,1.406837368011474609e+01,1.687312889099121094e+01,1.876197242736816406e+01,1.968144607543945312e+01,1.964601516723632812e+01,1.873279571533203125e+01,1.707167625427246094e+01,1.483185958862304688e+01,1.220615673065185547e+01,9.394493103027343750e+00,6.588044166564941406e+00,3.955357551574707031e+00,1.631507277488708496e+00,-2.889505922794342041e-01,-1.754867792129516602e+00,-2.757274389266967773e+00,-3.324452161788940430e+00,-3.514059782028198242e+00,-3.403297901153564453e+00,-3.078248500823974609e+00,-2.623535156250000000e+00,-2.113370895385742188e+00,-1.604853034019470215e+00,-1.134105324745178223e+00,-7.155220508575439453e-01,-3.440371751785278320e-01,-8.330120638179591089e-16
0.000000000000000000e+00,-5.473990917205810547e+00,-1.057752609252929688e+01,-1.496875572204589844e+01,-1.836077117919921875e+01,-2.054357528686523438e+01,-2.139996910095214844e+01,-2.091407585144042969e+01,-1.917190170288085938e+01,-1.635387611389160156e+01,-1.272003078460693359e+01,-8.589031219482421875e+00,-4.312740325927734375e+00,-2.483955025672912598e-01,3.269417762756347656e+00,5.954755306243896484e+00,7.592246055603027344e+00,8.053273200988769531e+00,7.305200576782226562e+00,5.412999629974365234e+00,2.533251762390136719e+00,-1.098895311355590820e+00,-5.188683986663818359e+00,-9.405040740966796875e+00,-1.340629959106445312e+01,-1.686631965637207031e+01,-1.949892425537109375e+01,-2.107883834838867188e+01,-2.145753097534179688e+01,-2.057290267944335938e+01,-1.845220375061035156e+01,-1.520816993713378906e+01,-1.102885437011718750e+01,-6.162179470062255859e+00,-8.965545296669006348e-01,4.460789203643798828e+00,9.605981826782226562e+00,1.425949764251708984e+01,1.818435668945312500e+01,2.120028686523437500e+01,2.319295310974121094e+01,2.411780548095703125e+01,2.399854469299316406e+01,2.292068672180175781e+01,2.102101707458496094e+01,1.847407341003417969e+01,1.547692775726318359e+01,1.223364543914794922e+01,8.940686225891113281e+00,5.774359703063964844e+00,2.881191968917846680e+00,3.717294335365295410e-01,-1.682053923606872559e+00,-3.245907783508300781e+00,-4.319497108459472656e+00,-4.930351734161376953e+00,-5.126443386077880859e+00,-4.968329429626464844e+00,-4.521742820739746094e+00,-3.851393222808837891e+00,-3.016532421112060547e+00,-2.068578481674194336e+00,-1.050826311111450195e+00,-2.593895675914682439e-15
0.000000000000000000e+00,-6.192688941955566406e+00,-1.198664951324462891e+01,-1.701292037963867188e+01,-2.095977592468261719e+01,-2.359576606750488281e+01,-2.478658485412597656e+01,-2.450443840026855469e+01,-2.282928276062011719e+01,-1.994181060791015625e+01,-1.610884475708007812e+01,-1.166224288940429688e+01,-6.973067283630371094e+00,-2.422977447509765625e+00,1.624877214431762695e+00,4.853245735168457031e+00,7.014355182647705078e+00,7.947915077209472656e+00,7.592248439788818359e+00,5.987789154052734375e+00,3.272792100906372070e+00,-3.282791674137115479e-01,-4.522685527801513672e+00,-8.972178459167480469e+00,-1.331877517700195312e+01,-1.721152877807617188e+01,-2.033224487304687500e+01,-2.241822242736816406e+01,-2.328040122985839844e+01,-2.281566429138183594e+01,-2.101253700256347656e+01,-1.795009613037109375e+01,-1.379034423828125000e+01,-8.764901161193847656e+00,-3.157175540924072266e+00,2.718463182449340820e+00,8.538846015930175781e+00,1.399380779266357422e+01,1.880603408813476562e+01,2.274761009216308594e+01,2.565221214294433594e+01,2.742233467102050781e+01,2.803130340576171875e+01,2.752030372619628906e+01,2.599096679687500000e+01,2.359442520141601562e+01,2.051792526245117188e+01,1.697016906738281250e+01,1.316662883758544922e+01,9.315901756286621094e+00,5.608023166656494141e+00,2.205399274826049805e+00,-7.632803916931152344e-01,-3.206072807312011719e+00,-5.067959785461425781e+00,-6.328603267669677734e+00,-6.998278617858886719e+00,-7.112666130065917969e+00,-6.727194786071777344e+00,-5.911560535430908203e+00,-4.744919776916503906e+00,-3.312072992324829102e+00,-1.700759053230285645e+00,-4.213443846888586045e-15
0.000000000000000000e+00,-6.517541408538818359e+00,-1.263095378875732422e+01,-1.796546363830566406e+01,-2.220279502868652344e+01,-2.510404396057128906e+01,-2.652658653259277344e+01,-2.643375587463378906e+01,-2.489659118652343750e+01,-2.208757400512695312e+01,-1.826687431335449219e+01,-1.376219177246093750e+01,-8.943767547607421875e+00,-4.196477890014648438e+00,1.088529229164123535e-01,3.642770767211914062e+00,6.141104221343994141e+00,7.423727035522460938e+00,7.406841754913330078e+00,6.107963085174560547e+00,3.643342018127441406e+00,2.181589752435684204e-01,-3.889662504196166992e+00,-8.350696563720703125e+00,-1.280863571166992188e+01,-1.690641021728515625e+01,-2.031183815002441406e+01,-2.274096488952636719e+01,-2.397740173339843750e+01,-2.388642311096191406e+01,-2.242291259765625000e+01,-1.963279533386230469e+01,-1.564806079864501953e+01,-1.067598342895507812e+01,-4.983498573303222656e+00,1.121927499771118164e+00,7.313445091247558594e+00,1.326639556884765625e+01,1.867877006530761719e+01,2.328918838500976562e+01,2.689126586914062500e+01,2.934360122680664062e+01,3.057493782043457031e+01,3.058450126647949219e+01,2.943778991699218750e+01,2.725848007202148438e+01,2.421727180480957031e+01,2.051872062683105469e+01,1.638709068298339844e+01,1.205229091644287109e+01,7.736792564392089844e+00,3.644300699234008789e+00,-4.930836334824562073e-02,-3.202481508255004883e+00,-5.711855411529541016e+00,-7.513644218444824219e+00,-8.582860946655273438e+00,-8.930793762207031250e+00,-8.601223945617675781e+00,-7.665842056274414062e+00,-6.219304561614990234e+00,-4.374229431152343750e+00,-2.256363391876220703e+00,-5.598315187078581334e-15
0.000000000000000000e+00,-6.424086570739746094e+00,-1.246232032775878906e+01,-1.775620269775390625e+01,-2.199991416931152344e+01,-2.496177482604980469e+01,-2.650023841857910156e+01,-2.657327461242675781e+01,-2.524048423767089844e+01,-2.265781211853027344e+01,-1.906532287597656250e+01,-1.476894664764404297e+01,-1.011763381958007812e+01,-5.477596759796142578e+00,-1.205573678016662598e+00,2.376914739608764648e+00,5.006450176239013672e+00,6.496109008789062500e+00,6.748073577880859375e+00,5.759642124176025391e+00,3.622287988662719727e+00,5.139640569686889648e-01,-3.314679861068725586e+00,-7.559055805206298828e+00,-1.188292789459228516e+01,-1.594255924224853516e+01,-1.941095542907714844e+01,-2.200046539306640625e+01,-2.348219490051269531e+01,-2.370093917846679688e+01,-2.258469772338867188e+01,-2.014829444885253906e+01,-1.649101638793945312e+01,-1.178864002227783203e+01,-6.280590534210205078e+00,-2.533063888549804688e-01,5.978923320770263672e+00,1.209423351287841797e+01,1.778316307067871094e+01,2.276702308654785156e+01,2.681351280212402344e+01,2.974869728088378906e+01,3.146479034423828125e+01,3.192346572875976562e+01,3.115476608276367188e+01,2.925200271606445312e+01,2.636319541931152344e+01,2.267988395690917969e+01,1.842417716979980469e+01,1.383497047424316406e+01,9.154228210449218750e+00,4.614116191864013672e+00,4.256472587585449219e-01,-3.230690479278564453e+00,-6.212007045745849609e+00,-8.417676925659179688e+00,-9.791623115539550781e+00,-1.032239532470703125e+01,-1.004128170013427734e+01,-9.018788337707519531e+00,-7.359778881072998047e+00,-5.197631359100341797e+00,-2.687649250030517578e+00,-6.673795461306208238e-15
0.000000000000000000e+00,-5.912318706512451172e+00,-1.148021221160888672e+01,-1.638307571411132812e+01,-2.034623336791992188e+01,-2.315974044799804688e+01,-2.469255828857421875e+01,-2.490105819702148438e+01,-2.383131027221679688e+01,-2.161500167846679688e+01,-1.845931243896484375e+01,-1.463151931762695312e+01,-1.043948173522949219e+01,-6.209412097930908203e+00,-2.262569189071655273e+00,1.107466340065002441e+00,3.655315160751342773e+00,5.200691223144531250e+00,5.640502929687500000e+00,4.955374240875244141e+00,3.210198402404785156e+00,5.487712621688842773e-01,-2.817019224166870117e+00,-6.622608661651611328e+00,-1.056961727142333984e+01,-1.434677791595458984e+01,-1.765145301818847656e+01,-2.021022605895996094e+01,-2.179719924926757812e+01,-2.224877166748046875e+01,-2.147400283813476562e+01,-1.945996093750000000e+01,-1.627183341979980469e+01,-1.204794311523437500e+01,-6.990146636962890625e+00,-1.350398302078247070e+00,4.585522174835205078e+00,1.051595783233642578e+01,1.614179229736328125e+01,2.118412590026855469e+01,2.540015220642089844e+01,2.859629440307617188e+01,3.063790321350097656e+01,3.145512390136718750e+01,3.104470252990722656e+01,2.946788978576660156e+01,2.684472274780273438e+01,2.334525871276855469e+01,1.917840385437011719e+01,1.457914924621582031e+01,9.794977188110351562e+00,5.072280406951904297e+00,6.434891223907470703e-01,-3.284451723098754883e+00,-6.539742469787597656e+00,-8.993172645568847656e+00,-1.056311988830566406e+01,-1.121801662445068359e+01,-1.097632598876953125e+01,-9.904167175292968750e+00,-8.110808372497558594e+00,-5.742320537567138672e+00,-2.973728418350219727e+00,-7.387828989248532846e-15
0.000000000000000000e+00,-5.006988525390625000e+00,-9.732275009155273438e+00,-1.391307449340820312e+01,-1.732311630249023438e+01,-1.978771018981933594e+01,-2.119522285461425781e+01,-2.150419998168945312e+01,-2.074562072753906250e+01,-1.902018165588378906e+01,-1.649079513549804688e+01,-1.337085151672363281e+01,-9.909101486206054688e+00,-6.372193336486816406e+00,-3.026108503341674805e+00,-1.177840754389762878e-01,2.141824245452880859e+00,3.592076063156127930e+00,4.133423328399658203e+00,3.733920812606811523e+00,2.431071758270263672e+00,3.289269208908081055e-01,-2.409310817718505859e+00,-5.572628021240234375e+00,-8.916677474975585938e+00,-1.218037509918212891e+01,-1.510349082946777344e+01,-1.744403839111328125e+01,-1.899432563781738281e+01,-1.959462547302246094e+01,-1.914360618591308594e+01,-1.760491371154785156e+01,-1.500951480865478516e+01,-1.145376777648925781e+01,-7.093388080596923828e+00,-2.133794784545898438e+00,3.182487726211547852e+00,8.590521812438964844e+00,1.381878471374511719e+01,1.860513877868652344e+01,2.271195411682128906e+01,2.593951225280761719e+01,2.813691329956054688e+01,2.920992660522460938e+01,2.912538337707519531e+01,2.791199111938476562e+01,2.565758514404296875e+01,2.250312423706054688e+01,1.863384437561035156e+01,1.426814746856689453e+01,9.644941329956054688e+00,5.010153770446777344e+00,6.031855344772338867e-01,-3.355967521667480469e+00,-6.678244113922119141e+00,-9.215140342712402344e+00,-1.086596012115478516e+01,-1.158238887786865234e+01,-1.137020874023437500e+01,-1.028813362121582031e+01,-8.443878173828125000e+00,-5.987703800201416016e+00,-3.103808879852294922e+00,-7.713497910874760749e-15
0.000000000000000000e+00,-3.756415367126464844e+00,-7.312053680419921875e+00,-1.047900390625000000e+01,-1.309424591064453125e+01,-1.503004455566406250e+01,-1.620203208923339844e+01,-1.657444953918457031e+01,-1.616221809387207031e+01,-1.502967834472656250e+01,-1.328611183166503906e+01,-1.107831668853759766e+01,-8.580740928649902344e+00,-5.983798980712890625e+00,-3.481163740158081055e+00,-1.256836533546447754e+00,5.271452665328979492e-01,1.741564154624938965e+00,2.298736572265625000e+00,2.158514976501464844e+00,1.331186056137084961e+00,-1.229246705770492554e-01,-2.097124814987182617e+00,-4.445066928863525391e+00,-6.990078449249267578e+00,-9.536511421203613281e+00,-1.188239669799804688e+01,-1.383258914947509766e+01,-1.521158409118652344e+01,-1.587517166137695312e+01,-1.572021484375000000e+01,-1.469191265106201172e+01,-1.278809547424316406e+01,-1.006028079986572266e+01,-6.611405372619628906e+00,-2.590382337570190430e+00,1.816203951835632324e+00,6.394750595092773438e+00,1.091699028015136719e+01,1.515330600738525391e+01,1.888618469238281250e+01,2.192301750183105469e+01,2.410744857788085938e+01,2.532863807678222656e+01,2.552782058715820312e+01,2.470183753967285156e+01,2.290338516235351562e+01,2.023800277709960938e+01,1.685795402526855469e+01,1.295339202880859375e+01,8.741324424743652344e+00,4.453023433685302734e+00,3.206374645233154297e-01,-3.436217308044433594e+00,-6.623100757598876953e+00,-9.081885337829589844e+00,-1.069974613189697266e+01,-1.141547107696533203e+01,-1.122274971008300781e+01,-1.017022418975830078e+01,-8.358341217041015625e+00,-5.933163166046142578e+00,-3.077516794204711914e+00,-7.649827291262602247e-15
0.000000000000000000e+00,-2.229881525039672852e+00,-4.353930473327636719e+00,-6.272284507751464844e+00,-7.896701335906982422e+00,-9.155595779418945312e+00,-9.998177528381347656e+00,-1.039745903015136719e+01,-1.035196113586425781e+01,-9.885972976684570312e+00,-9.048351287841796875e+00,-7.909858703613281250e+00,-6.559159278869628906e+00,-5.097666740417480469e+00,-3.633489370346069336e+00,-2.274797439575195312e+00,-1.122988462448120117e+00,-2.660427987575531006e-01,2.275174558162689209e-01,3.136732876300811768e-01,-2.339708991348743439e-02,-7.692644596099853516e-01,-1.879038691520690918e+00,-3.279100894927978516e+00,-4.870759487152099609e+00,-6.535686016082763672e+00,-8.142864227294921875e+00,-9.556684494018554688e+00,-1.064569568634033203e+01,-1.129150104522705078e+01,-1.139720153808593750e+01,-1.089483165740966797e+01,-9.751245498657226562e+00,-7.972009181976318359e+00,-5.602947235107421875e+00,-2.729145765304565430e+00,5.286223888397216797e-01,4.019926548004150391e+00,7.572856903076171875e+00,1.100389575958251953e+01,1.412889480590820312e+01,1.677448081970214844e+01,1.878913879394531250e+01,2.005325889587402344e+01,2.048741912841796875e+01,2.005835342407226562e+01,1.878210258483886719e+01,1.672410583496093750e+01,1.399611282348632812e+01,1.075009346008300781e+01,7.169430732727050781e+00,3.457953214645385742e+00,-1.725216507911682129e-01,-3.515344619750976562e+00,-6.382032394409179688e+00,-8.614252090454101562e+00,-1.009398651123046875e+01,-1.075119972229003906e+01,-1.056845855712890625e+01,-9.582188606262207031e+00,-7.880450248718261719e+00,-5.597367286682128906e+00,-2.904537677764892578e+00,-7.220892347871866318e-15
0.000000000000000000e+00,-5.137485861778259277e-01,-1.025586247444152832e+00,-1.532174825668334961e+00,-2.027557849884033203e+00,-2.502417564392089844e+00,-2.943927764892578125e+00,-3.336288928985595703e+00,-3.661929368972778320e+00,-3.903285026550292969e+00,-4.044971466064453125e+00,-4.076112747192382812e+00,-3.992537021636962891e+00,-3.798558950424194336e+00,-3.508063316345214844e+00,-3.144688844680786133e+00,-2.740970373153686523e+00,-2.336409091949462891e+00,-1.974551916122436523e+00,-1.699269890785217285e+00,-1.550532221794128418e+00,-1.560042858123779297e+00,-1.747157335281372070e+00,-2.115507841110229492e+00,-2.650726318359375000e+00,-3.319587230682373047e+00,-4.070786476135253906e+00,-4.837426185607910156e+00,-5.541142463684082031e+00,-6.097637653350830078e+00,-6.423255920410156250e+00,-6.442107200622558594e+00,-6.093171596527099609e+00,-5.336773395538330078e+00,-4.159837722778320312e+00,-2.579401254653930664e+00,-6.439672708511352539e-01,1.567542076110839844e+00,3.949306488037109375e+00,6.374463558197021484e+00,8.702967643737792969e+00,1.079093456268310547e+01,1.250082206726074219e+01,1.371167564392089844e+01,1.432866668701171875e+01,1.429113197326660156e+01,1.357844734191894531e+01,1.221319866180419922e+01,1.026129341125488281e+01,7.828914165496826172e+00,5.056431770324707031e+00,2.109637975692749023e+00,-8.311098814010620117e-01,-3.583084821701049805e+00,-5.973845005035400391e+00,-7.853418827056884766e+00,-9.105106353759765625e+00,-9.654069900512695312e+00,-9.473054885864257812e+00,-8.584761619567871094e+00,-7.060667514801025391e+00,-5.016350746154785156e+00,-2.603617429733276367e+00,-6.473329867745427485e-15
0.000000000000000000e+00,1.293479442596435547e+00,2.481601715087890625e+00,3.467951297760009766e+00,4.173204898834228516e+00,4.541770458221435547e+00,4.546326160430908203e+00,4.189875125885009766e+00,3.505126953125000000e+00,2.551289558410644531e+00,1.408563613891601562e+00,1.708468794822692871e-01,-1.062684774398803711e+00,-2.196354389190673828e+00,-3.146325588226318359e+00,-3.847754716873168945e+00,-4.260114192962646484e+00,-4.370210170745849609e+00,-4.192641735076904297e+00,-3.767663478851318359e+00,-3.156681299209594727e+00,-2.435799837112426758e+00,-1.688039541244506836e+00,-9.949602484703063965e-01,-4.284788668155670166e-01,-4.366080462932586670e-02,1.268282979726791382e-01,7.607369869947433472e-02,-1.762692332267761230e-01,-5.857880711555480957e-01,-1.087613582611083984e+00,-1.602828502655029297e+00,-2.046403169631958008e+00,-2.335929632186889648e+00,-2.400336503982543945e+00,-2.187758445739746094e+00,-1.671800017356872559e+00,-8.555650115013122559e-01,2.269827127456665039e-01,1.512521743774414062e+00,2.912681102752685547e+00,4.320836067199707031e+00,5.620845794677734375e+00,6.696995735168457031e+00,7.444294452667236328e+00,7.778206348419189453e+00,7.642957687377929688e+00,7.017639636993408203e+00,5.919518470764160156e+00,4.404198646545410156e+00,2.562542438507080078e+00,5.145410299301147461e-01,-1.599422335624694824e+00,-3.629219770431518555e+00,-5.426689147949218750e+00,-6.857439517974853516e+00,-7.811775684356689453e+00,-8.213816642761230469e+00,-8.028033256530761719e+00,-7.262630462646484375e+00,-5.969472885131835938e+00,-4.240511894226074219e+00,-2.200997352600097656e+00,-5.472446091116592304e-15
0.000000000000000000e+00,3.086855173110961914e+00,5.963642597198486328e+00,8.436472892761230469e+00,1.034249782562255859e+01,1.156223964691162109e+01,1.202840995788574219e+01,1.173050022125244141e+01,1.071480655670166016e+01,9.079923629760742188e+00,6.968117713928222656e+00,4.553324699401855469e+00,2.026808738708496094e+00,-4.183204174041748047e-01,-2.602435350418090820e+00,-4.373299121856689453e+00,-5.617431163787841797e+00,-6.268024921417236328e+00,-6.308832645416259766e+00,-5.773763179779052734e+00,-4.742323398590087891e+00,-3.331368923187255859e+00,-1.683956027030944824e+00,4.369943588972091675e-02,1.695991516113281250e+00,3.131220579147338867e+00,4.233281612396240234e+00,4.920764923095703125e+00,5.152740001678466797e+00,4.930793762207031250e+00,4.297233104705810547e+00,3.329705715179443359e+00,2.132798194885253906e+00,8.274399638175964355e-01,-4.608891606330871582e-01,-1.614047169685363770e+00,-2.532135725021362305e+00,-3.142441749572753906e+00,-3.405633687973022461e+00,-3.318686246871948242e+00,-2.914319515228271484e+00,-2.257054805755615234e+00,-1.436299204826354980e+00,-5.571435689926147461e-01,2.702455222606658936e-01,9.416311383247375488e-01,1.369076848030090332e+00,1.489714026451110840e+00,1.272093534469604492e+00,7.195361256599426270e-01,-1.298233717679977417e-01,-1.206296920776367188e+00,-2.414901971817016602e+00,-3.644036293029785156e+00,-4.775763034820556641e+00,-5.696758270263671875e+00,-6.308907985687255859e+00,-6.538574695587158203e+00,-6.343682289123535156e+00,-5.717962741851806641e+00,-4.691966533660888672e+00,-3.330744981765747070e+00,-1.728399276733398438e+00,-4.297198041196617635e-15
0.000000000000000000e+00,4.761115074157714844e+00,9.215854644775390625e+00,1.308059501647949219e+01,1.611542510986328125e+01,1.814167594909667969e+01,1.905463600158691406e+01,1.883051490783691406e+01,1.752709960937500000e+01,1.527814960479736328e+01,1.228200626373291016e+01,8.785390853881835938e+00,5.063732624053955078e+00,1.399630784988403320e+00,-1.938821077346801758e+00,-4.718117713928222656e+00,-6.756275653839111328e+00,-7.935320854187011719e+00,-8.208439826965332031e+00,-7.601325035095214844e+00,-6.207761287689208984e+00,-4.179934024810791016e+00,-1.714386582374572754e+00,9.651213288307189941e-01,3.626373767852783203e+00,6.047504901885986328e+00,8.034307479858398438e+00,9.434674263000488281e+00,1.014907169342041016e+01,1.013631153106689453e+01,9.414309501647949219e+00,8.055932998657226562e+00,6.180476188659667969e+00,3.941642284393310547e+00,1.513178586959838867e+00,-9.265102148056030273e-01,-3.209415197372436523e+00,-5.191354274749755859e+00,-6.762681484222412109e+00,-7.855449676513671875e+00,-8.446547508239746094e+00,-8.556697845458984375e+00,-8.245589256286621094e+00,-7.603738784790039062e+00,-6.741973876953125000e+00,-5.779590606689453125e+00,-4.832345008850097656e+00,-4.001404285430908203e+00,-3.364262342453002930e+00,-2.968401432037353516e+00,-2.828206062316894531e+00,-2.925310373306274414e+00,-3.212222099304199219e+00,-3.618766546249389648e+00,-4.060620784759521484e+00,-4.449033737182617188e+00,-4.700730800628662109e+00,-4.746996879577636719e+00,-4.541042804718017578e+00,-4.062936782836914062e+00,-3.321640729904174805e+00,-2.353981971740722656e+00,-1.220699548721313477e+00,-3.034404477496701127e-15
0.000000000000000000e+00,6.216867446899414062e+00,1.204490852355957031e+01,1.712360000610351562e+01,2.114684867858886719e+01,2.388490676879882812e+01,2.520044326782226562e+01,2.505752182006835938e+01,2.352287483215332031e+01,2.075942039489746094e+01,1.701261329650878906e+01,1.259075832366943359e+01,7.840884208679199219e+00,3.122119665145874023e+00,-1.221346974372863770e+00,-4.885607242584228516e+00,-7.628739833831787109e+00,-9.287277221679687500e+00,-9.786250114440917969e+00,-9.142187118530273438e+00,-7.458987236022949219e+00,-4.917191982269287109e+00,-1.757647633552551270e+00,1.738975882530212402e+00,5.275091648101806641e+00,8.559638023376464844e+00,1.133018493652343750e+01,1.337199878692626953e+01,1.453265380859375000e+01,1.473118686676025391e+01,1.396126937866210938e+01,1.228838443756103516e+01,9.841471672058105469e+00,6.799956798553466797e+00,3.377422094345092773e+00,-1.965974271297454834e-01,-3.695113897323608398e+00,-6.910942554473876953e+00,-9.671347618103027344e+00,-1.184899997711181641e+01,-1.336851692199707031e+01,-1.420829105377197266e+01,-1.439772510528564453e+01,-1.401036834716796875e+01,-1.315382575988769531e+01,-1.195751285552978516e+01,-1.055948448181152344e+01,-9.093588829040527344e+00,-7.678089141845703125e+00,-6.406709194183349609e+00,-5.342775821685791016e+00,-4.516802787780761719e+00,-3.927518129348754883e+00,-3.545997142791748047e+00,-3.322276353836059570e+00,-3.193610191345214844e+00,-3.093408823013305664e+00,-2.959861516952514648e+00,-2.743335247039794922e+00,-2.411796569824218750e+00,-1.953745722770690918e+00,-1.378436088562011719e+00,-7.134507298469543457e-01,-1.772573778499575946e-15
0.000000000000000000e+00,7.366474628448486328e+00,1.428027725219726562e+01,2.032126808166503906e+01,2.513188743591308594e+01,2.844245147705078125e+01,3.008978080749511719e+01,3.002777671813964844e+01,2.832921028137207031e+01,2.517865180969238281e+01,2.085716247558593750e+01,1.572003173828125000e+01,1.016930484771728516e+01,4.623318195343017578e+00,-5.144284367561340332e-01,-4.884649753570556641e+00,-8.197699546813964844e+00,-1.025317668914794922e+01,-1.095232582092285156e+01,-1.030246067047119141e+01,-8.413248062133789062e+00,-5.485355854034423828e+00,-1.792537689208984375e+00,2.341275930404663086e+00,6.567964076995849609e+00,1.054217433929443359e+01,1.394713973999023438e+01,1.651738166809082031e+01,1.805665969848632812e+01,1.844993782043457031e+01,1.766868209838867188e+01,1.576932621002197266e+01,1.288534736633300781e+01,9.213831901550292969e+00,4.997853755950927734e+00,5.062730312347412109e-01,-3.987341642379760742e+00,-8.224917411804199219e+00,-1.198166370391845703e+01,-1.508013820648193359e+01,-1.739969635009765625e+01,-1.888083457946777344e+01,-1.952441596984863281e+01,-1.938618087768554688e+01,-1.856735992431640625e+01,-1.720241928100585938e+01,-1.544524955749511719e+01,-1.345507907867431641e+01,-1.138335514068603516e+01,-9.362701416015625000e+00,-7.498717784881591797e+00,-5.865143775939941406e+00,-4.502502441406250000e+00,-3.420018911361694336e+00,-2.600299596786499023e+00,-2.006018877029418945e+00,-1.587714195251464844e+00,-1.291735649108886719e+00,-1.067451357841491699e+00,-8.729500770568847656e-01,-6.786983609199523926e-01,-4.688784480094909668e-01,-2.404178828001022339e-01,-5.957700466928503476e-16
0.000000000000000000e+00,8.139273643493652344e+00,1.578440666198730469e+01,2.247644615173339844e+01,2.782415962219238281e+01,3.153146743774414062e+01,3.341772079467773438e+01,3.342934799194335938e+01,3.164201545715332031e+01,2.825329208374023438e+01,2.356637382507324219e+01,1.796626853942871094e+01,1.189029598236083984e+01,5.795223712921142578e+00,1.235681623220443726e-01,-4.728380680084228516e+00,-8.438416481018066406e+00,-1.078013992309570312e+01,-1.163703060150146484e+01,-1.100796413421630859e+01,-9.003982543945312500e+00,-5.836761474609375000e+00,-1.799887061119079590e+00,2.755433082580566406e+00,7.448212623596191406e+00,1.189685344696044922e+01,1.574736595153808594e+01,1.869852256774902344e+01,2.052214050292968750e+01,2.107711410522460938e+01,2.031638336181640625e+01,1.828658676147460938e+01,1.512074470520019531e+01,1.102485656738281250e+01,6.259722232818603516e+00,1.119634747505187988e+00,-4.090253353118896484e+00,-9.076057434082031250e+00,-1.357509613037109375e+01,-1.737221527099609375e+01,-2.031143951416015625e+01,-2.230236625671386719e+01,-2.332112312316894531e+01,-2.340625190734863281e+01,-2.265019607543945312e+01,-2.118745231628417969e+01,-1.918062019348144531e+01,-1.680568695068359375e+01,-1.423783206939697266e+01,-1.163891601562500000e+01,-9.147536277770996094e+00,-6.872247219085693359e+00,-4.888201713562011719e+00,-3.237108469009399414e+00,-1.930100202560424805e+00,-9.528663158416748047e-01,-2.722235620021820068e-01,1.567589938640594482e-01,3.839439153671264648e-01,4.583596885204315186e-01,4.240359663963317871e-01,3.177475929260253906e-01,1.687085628509521484e-01,4.220818380425178000e-16
0.000000000000000000e+00,8.485825538635253906e+00,1.646098136901855469e+01,2.345091819763183594e+01,2.905062294006347656e+01,3.295282745361328125e+01,3.496892166137695312e+01,3.504106140136718750e+01,3.324457168579101562e+01,2.978064346313476562e+01,2.495983886718750000e+01,1.917786598205566406e+01,1.288544654846191406e+01,6.554660320281982422e+00,6.443313360214233398e-01,-4.432935714721679688e+00,-8.339624404907226562e+00,-1.083599281311035156e+01,-1.179500865936279297e+01,-1.120858383178710938e+01,-9.184839248657226562e+00,-5.936846256256103516e+00,-1.763908505439758301e+00,2.972996950149536133e+00,7.879590988159179688e+00,1.255822658538818359e+01,1.663707160949707031e+01,1.979637527465820312e+01,2.178993034362792969e+01,2.246029663085937500e+01,2.174689102172851562e+01,1.968661117553710938e+01,1.640728569030761719e+01,1.211476325988769531e+01,7.074926853179931641e+00,1.592243909835815430e+00,-4.013331413269042969e+00,-9.429266929626464844e+00,-1.437143039703369141e+01,-1.860166549682617188e+01,-2.194083023071289062e+01,-2.427661132812500000e+01,-2.556587219238281250e+01,-2.583177757263183594e+01,-2.515631484985351562e+01,-2.366916847229003906e+01,-2.153416633605957031e+01,-1.893457031250000000e+01,-1.605850982666015625e+01,-1.308572578430175781e+01,-1.017656040191650391e+01,-7.463854312896728516e+00,-5.048082351684570312e+00,-2.995725870132446289e+00,-1.340580821037292480e+00,-8.744893223047256470e-02,7.825090289115905762e-01,1.305567264556884766e+00,1.529172778129577637e+00,1.506332397460937500e+00,1.291185021400451660e+00,9.360840916633605957e-01,4.902725815773010254e-01,1.222076372288047070e-15
0.000000000000000000e+00,8.380922317504882812e+00,1.626079940795898438e+01,2.317384147644042969e+01,2.872215080261230469e+01,3.260329437255859375e+01,3.463079833984375000e+01,3.474605941772460938e+01,3.302085876464843750e+01,2.965035438537597656e+01,2.493719863891601562e+01,1.926800155639648438e+01,1.308406162261962891e+01,6.848557472229003906e+00,1.012755513191223145e+00,-4.016279697418212891e+00,-7.904058456420898438e+00,-1.041109943389892578e+01,-1.140787220001220703e+01,-1.088129615783691406e+01,-8.932513236999511719e+00,-5.766317367553710938e+00,-1.673259735107421875e+00,2.994044542312622070e+00,7.848453044891357422e+00,1.249750709533691406e+01,1.657207489013671875e+01,1.975230789184570312e+01,2.178906822204589844e+01,2.251939010620117188e+01,2.187505340576171875e+01,1.988393020629882812e+01,1.666428947448730469e+01,1.241282749176025391e+01,7.387601852416992188e+00,1.887422680854797363e+00,-3.770599365234375000e+00,-9.273544311523437500e+00,-1.433353519439697266e+01,-1.870549011230468750e+01,-2.220063209533691406e+01,-2.469503784179687500e+01,-2.613293457031250000e+01,-2.652486801147460938e+01,-2.594133758544921875e+01,-2.450270271301269531e+01,-2.236651229858398438e+01,-1.971344375610351562e+01,-1.673309707641601562e+01,-1.361075401306152344e+01,-1.051604747772216797e+01,-7.594225883483886719e+00,-4.960362911224365234e+00,-2.696616888046264648e+00,-8.523094058036804199e-01,5.536240339279174805e-01,1.528429388999938965e+00,2.100286960601806641e+00,2.312738418579101562e+00,2.219433069229125977e+00,1.879697203636169434e+00,1.355247259140014648e+00,7.081595659255981445e-01,1.764080473258338670e-15
0.000000000000000000e+00,7.825194358825683594e+00,1.518489170074462891e+01,2.164622497558593750e+01,2.683916091918945312e+01,3.048204994201660156e+01,3.240063858032226562e+01,3.253917312622070312e+01,3.096282577514648438e+01,2.785132980346679688e+01,2.348438835144042969e+01,1.822001075744628906e+01,1.246751022338867188e+01,6.657185077667236328e+00,1.209034919738769531e+00,-3.497190952301025391e+00,-7.148390293121337891e+00,-9.519070625305175781e+00,-1.048543167114257812e+01,-1.003167438507080078e+01,-8.248249053955078125e+00,-5.322377681732177734e+00,-1.521749734878540039e+00,2.827195644378662109e+00,7.364642143249511719e+00,1.172441768646240234e+01,1.556060886383056641e+01,1.857180786132812500e+01,2.052126693725585938e+01,2.125162887573242188e+01,2.069335174560546875e+01,1.886645507812500000e+01,1.587574958801269531e+01,1.190020561218261719e+01,7.177520275115966797e+00,1.985260844230651855e+00,-3.379828453063964844e+00,-8.622732162475585938e+00,-1.346971797943115234e+01,-1.768518257141113281e+01,-2.108469581604003906e+01,-2.354356956481933594e+01,-2.500058364868164062e+01,-2.545701789855957031e+01,-2.497138214111328125e+01,-2.365063667297363281e+01,-2.163884735107421875e+01,-1.910440444946289062e+01,-1.622686386108398438e+01,-1.318450736999511719e+01,-1.014344787597656250e+01,-7.248952865600585938e+00,-4.619378566741943359e+00,-2.342816352844238281e+00,-4.763297140598297119e-01,9.525861740112304688e-01,1.942827701568603516e+00,2.515396595001220703e+00,2.708621501922607422e+00,2.573456048965454102e+00,2.169302225112915039e+00,1.560664176940917969e+00,8.147545456886291504e-01,2.029119729432169415e-15
0.000000000000000000e+00,6.845179080963134766e+00,1.328468322753906250e+01,1.894118881225585938e+01,2.349197196960449219e+01,2.669113540649414062e+01,2.838615417480468750e+01,2.852757644653320312e+01,2.717120170593261719e+01,2.447261619567871094e+01,2.067460441589355469e+01,1.608839416503906250e+01,1.107024288177490234e+01,5.995132446289062500e+00,1.229573845863342285e+00,-2.894462585449218750e+00,-6.102574825286865234e+00,-8.196276664733886719e+00,-9.065402030944824219e+00,-8.693777084350585938e+00,-7.157907485961914062e+00,-4.618933677673339844e+00,-1.308646321296691895e+00,2.489256143569946289e+00,6.461137294769287109e+00,1.028689384460449219e+01,1.366315078735351562e+01,1.632447242736816406e+01,1.806109046936035156e+01,1.873198699951171875e+01,1.827252006530761719e+01,1.669627761840820312e+01,1.409126377105712891e+01,1.061095237731933594e+01,6.461105346679687500e+00,1.883545160293579102e+00,-2.861777067184448242e+00,-7.515004158020019531e+00,-1.183352947235107422e+01,-1.560690307617187500e+01,-1.866852760314941406e+01,-2.090351676940917969e+01,-2.225240135192871094e+01,-2.271072959899902344e+01,-2.232492446899414062e+01,-2.118499755859375000e+01,-1.941497230529785156e+01,-1.716189575195312500e+01,-1.458442687988281250e+01,-1.184189319610595703e+01,-9.084557533264160156e+00,-6.445707321166992188e+00,-4.035904884338378906e+00,-1.939552783966064453e+00,-2.136792540550231934e-01,1.111317634582519531e+00,2.029378414154052734e+00,2.555429935455322266e+00,2.721481323242187500e+00,2.572642087936401367e+00,2.163446426391601562e+00,1.554746270179748535e+00,8.112944960594177246e-01,2.020255953155626789e-15
0.000000000000000000e+00,5.491884708404541016e+00,1.065918636322021484e+01,1.519995498657226562e+01,1.885583877563476562e+01,2.142982864379882812e+01,2.279949951171875000e+01,2.292477989196777344e+01,2.184972381591796875e+01,1.969820976257324219e+01,1.666390991210937500e+01,1.299538421630859375e+01,8.977409362792968750e+00,4.909996032714843750e+00,1.086671948432922363e+00,-2.226354837417602539e+00,-4.808635711669921875e+00,-6.500206470489501953e+00,-7.211587905883789062e+00,-6.928428649902343750e+00,-5.710575103759765625e+00,-3.685766458511352539e+00,-1.038571476936340332e+00,2.004496812820434570e+00,5.192475318908691406e+00,8.268684387207031250e+00,1.098928546905517578e+01,1.314029979705810547e+01,1.455189037322998047e+01,1.510896110534667969e+01,1.475743293762207031e+01,1.350592327117919922e+01,1.142288589477539062e+01,8.629643440246582031e+00,5.289999008178710938e+00,1.597370505332946777e+00,-2.239495754241943359e+00,-6.011103153228759766e+00,-9.521001815795898438e+00,-1.259784221649169922e+01,-1.510492515563964844e+01,-1.694671630859375000e+01,-1.807207298278808594e+01,-1.847419357299804688e+01,-1.818755149841308594e+01,-1.728229522705078125e+01,-1.585674571990966797e+01,-1.402870941162109375e+01,-1.192638015747070312e+01,-9.679513931274414062e+00,-7.411517620086669922e+00,-5.232903003692626953e+00,-3.236429929733276367e+00,-1.494054198265075684e+00,-5.563915893435478210e-02,1.050756931304931641e+00,1.817323803901672363e+00,2.254039525985717773e+00,2.385699272155761719e+00,2.248796939849853516e+00,1.888562440872192383e+00,1.356366515159606934e+00,7.075964212417602539e-01,1.761911963034249254e-15
0.000000000000000000e+00,3.837892532348632812e+00,7.449380397796630859e+00,1.062382221221923828e+01,1.318094444274902344e+01,1.498320293426513672e+01,1.594501590728759766e+01,1.603819274902343750e+01,1.529317855834960938e+01,1.379608821868896484e+01,1.168173980712890625e+01,9.123289108276367188e+00,6.319245338439941406e+00,3.478864908218383789e+00,8.070240020751953125e-01,-1.510307550430297852e+00,-3.318933963775634766e+00,-4.506725311279296875e+00,-5.010630607604980469e+00,-4.819965839385986328e+00,-3.975820779800415039e+00,-2.566726446151733398e+00,-7.209958434104919434e-01,1.403603911399841309e+00,3.632014989852905273e+00,5.784934043884277344e+00,7.691756248474121094e+00,9.202466964721679688e+00,1.019764995574951172e+01,1.059594535827636719e+01,1.035851097106933594e+01,9.490279197692871094e+00,8.038064956665039062e+00,6.085785865783691406e+00,3.747298717498779297e+00,1.157477736473083496e+00,-1.537718653678894043e+00,-4.191417217254638672e+00,-6.665483951568603516e+00,-8.838995933532714844e+00,-1.061498737335205078e+01,-1.192510890960693359e+01,-1.273199558258056641e+01,-1.302936267852783203e+01,-1.283998584747314453e+01,-1.221190261840820312e+01,-1.121325397491455078e+01,-9.926282882690429688e+00,-8.440990447998046875e+00,-6.848961353302001953e+00,-5.237774848937988281e+00,-3.686347484588623047e+00,-2.261416196823120117e+00,-1.015267252922058105e+00,1.531090680509805679e-02,8.089753985404968262e-01,1.358873009681701660e+00,1.671030282974243164e+00,1.762353539466857910e+00,1.658485531806945801e+00,1.391729950904846191e+00,9.991878867149353027e-01,5.211860537528991699e-01,1.297701591401279140e-15
0.000000000000000000e+00,1.973195791244506836e+00,3.830115556716918945e+00,5.462572574615478516e+00,6.777961730957031250e+00,7.705606937408447266e+00,8.201499938964843750e+00,8.251088142395019531e+00,7.869926452636718750e+00,7.102149486541748047e+00,6.016915798187255859e+00,4.703087806701660156e+00,3.262576103210449219e+00,1.802845954895019531e+00,4.291568100452423096e-01,-7.628972530364990234e-01,-1.693997025489807129e+00,-2.306390285491943359e+00,-2.567505121231079102e+00,-2.471651315689086914e+00,-2.039735794067382812e+00,-1.317054271697998047e+00,-3.693761527538299561e-01,7.223436236381530762e-01,1.868199229240417480e+00,2.976027011871337891e+00,3.958053350448608398e+00,4.737008094787597656e+00,5.251277923583984375e+00,5.458756923675537109e+00,5.339159965515136719e+00,4.894698143005371094e+00,4.149134159088134766e+00,3.145352840423583984e+00,1.941707730293273926e+00,6.074535846710205078e-01,-7.823451161384582520e-01,-2.152036905288696289e+00,-3.430350780487060547e+00,-4.554765224456787109e+00,-5.475000381469726562e+00,-6.155441284179687500e+00,-6.576393604278564453e+00,-6.734168529510498047e+00,-6.640084266662597656e+00,-6.318542003631591797e+00,-5.804407119750976562e+00,-5.139935016632080078e+00,-4.371521949768066406e+00,-3.546522855758666992e+00,-2.710363864898681641e+00,-1.904120087623596191e+00,-1.162672519683837891e+00,-5.134993791580200195e-01,2.390688285231590271e-02,4.380562305450439453e-01,7.250093221664428711e-01,8.875824809074401855e-01,9.343416690826416016e-01,8.785120248794555664e-01,7.369083166122436523e-01,5.289629697799682617e-01,2.758914232254028320e-01,6.869287383279830145e-16
0.000000000000000000e+00,4.890800848214799448e-15,9.493501227112940977e-15,1.354003680822859351e-14,1.680094086043640994e-14,1.910106729903493505e-14,2.033132844481318202e-14,2.045561020103201649e-14,1.951238141602393977e-14,1.761092628064370169e-14,1.492253349155096137e-14,1.166732488888048286e-14,8.097775583220355455e-15,4.480155463737652000e-15,1.075299856209861737e-15,-1.879865536104146848e-15,-4.188704979114603322e-15,-5.707989436605541769e-15,-6.356858178816751290e-15,-6.121048864982363974e-15,-5.052202129281159124e-15,-3.262408382722140066e-15,-9.145217796344444136e-16,1.790930888290707956e-15,4.631186943947250903e-15,7.377827224207354068e-15,9.813245153273125049e-15,1.174580333847654104e-14,1.302260894470641181e-14,1.353907119066872361e-14,1.324465778479617939e-14,1.214458475597797113e-14,1.029749812438314482e-14,7.809485378523512572e-15,4.825028739860503027e-15,1.515713154827077504e-15,-1.932388355097491503e-15,-5.331652698140456129e-15,-8.505222147772197039e-15,-1.129784572915636803e-14,-1.358455093070564876e-14,-1.527667796679798434e-14,-1.632502015242853072e-14,-1.672006107243488582e-14,-1.648953597364194446e-14,-1.569368583925843247e-14,-1.441878775122577838e-14,-1.276955700468124233e-14,-1.086109013056363315e-14,-8.810979018874370849e-15,-6.732142478844873462e-15,-4.726794940835632799e-15,-2.881856384795043399e-15,-1.265918162363219215e-15,7.223577045267968425e-17,1.103706164887218767e-15,1.818391061165981933e-15,2.223041569958937071e-15,2.338787139893579517e-15,2.198440980313593612e-15,1.843847577604525861e-15,1.323462933821716210e-15,6.902628717666127543e-16,1.718641577851368490e-30
