1.526741427369415760e-03,5.935674998909235001e-04,4.060758510604500771e-04,-4.731958688353188336e-05,-1.084294126485474408e-04,-4.449334810487926006e-04,-5.262474878691136837e-04,-6.956779980100691319e-04,-9.362483979202806950e-04,-6.770427571609616280e-04,-9.427577606402337551e-04,-6.625938112847507000e-04,-1.109235920011997223e-03,-4.094676114618778229e-04,-9.090314852073788643e-04,-7.371670217253267765e-04,-9.943404002115130424e-04,-5.059455870650708675e-04,-5.057035014033317566e-04,-4.303780733607709408e-04,-3.430870419833809137e-04,-3.303688718006014824e-04,4.968360008206218481e-05,-7.208176248241215944e-05,2.453243650961667299e-04,3.898832437698729336e-05,3.858560521621257067e-04,1.766800996847450733e-04,3.576534218154847622e-04,1.542419777251780033e-04,3.279122756794095039e-04,4.311422817409038544e-04,4.868984979111701250e-04,3.995886945631355047e-04,1.212183706229552627e-04,-2.279746877320576459e-05,-5.640191375277936459e-05,1.069757418008521199e-04,1.661686110310256481e-04,3.689746663440018892e-04,3.166711248923093081e-04,3.579292388167232275e-04,1.477415353292599320e-04,1.189569811685942113e-04,-7.299387652892619371e-05,-1.531551533844321966e-04,-3.222961677238345146e-04,-3.989325196016579866e-04,-6.607063114643096924e-04,-4.839012399315834045e-04,-7.396794972009956837e-04,-4.901670035906136036e-04,-8.338754996657371521e-04,-5.028093000873923302e-04,-9.523305925540626049e-04,-8.530258201062679291e-04,-1.164891989901661873e-03,-8.078274549916386604e-04,-9.632240398786962032e-04,-7.993474719114601612e-04,-1.118965097703039646e-03,-3.674524195957928896e-04,1.580788375576958060e-05,2.400778234004974365e-03
1.361934235319495201e-03,2.169861225411295891e-03,4.501516465097665787e-03,6.245584227144718170e-03,7.962383329868316650e-03,9.465382434427738190e-03,1.052816864103078842e-02,1.158682070672512054e-02,1.267610583454370499e-02,1.342517603188753128e-02,1.324813999235630035e-02,1.354934833943843842e-02,1.313596032559871674e-02,1.308824773877859116e-02,1.164387073367834091e-02,1.056498475372791290e-02,9.118134155869483948e-03,8.315175771713256836e-03,6.540646310895681381e-03,4.765534307807683945e-03,3.047610167413949966e-03,1.714792568236589432e-03,-9.591973503120243549e-05,-1.501545193605124950e-03,-2.572979778051376343e-03,-3.641887567937374115e-03,-4.492762498557567596e-03,-5.282646976411342621e-03,-5.698974709957838058e-03,-6.379914470016956329e-03,-6.536090746521949768e-03,-6.606927607208490372e-03,-6.204355042427778244e-03,-6.127028260380029678e-03,-5.351317580789327621e-03,-4.880840890109539032e-03,-3.307032398879528046e-03,-2.260367153212428093e-03,-7.470083073712885380e-04,4.640708211809396744e-04,2.205647295340895653e-03,3.488519927486777306e-03,4.818764515221118927e-03,5.655766930431127548e-03,7.118875626474618912e-03,8.213524706661701202e-03,9.078778326511383057e-03,9.811464697122573853e-03,1.053549349308013916e-02,1.126746740192174911e-02,1.116538234055042267e-02,1.129561755806207657e-02,1.114983484148979187e-02,1.149532664567232132e-02,1.050048600882291794e-02,9.845141321420669556e-03,8.742125704884529114e-03,8.095650002360343933e-03,6.408514454960823059e-03,5.161724518984556198e-03,4.149372223764657974e-03,2.835568273440003395e-03,1.564155798405408859e-03,2.703446079976856709e-04
5.797700141556560993e-04,4.433018621057271957e-03,8.301460184156894684e-03,1.246367488056421280e-02,1.542976312339305878e-02,1.855621673166751862e-02,2.103988453745841980e-02,2.341513335704803467e-02,2.487325668334960938e-02,2.620577439665794373e-02,2.658197656273841858e-02,2.683304809033870697e-02,2.601014263927936554e-02,2.516784518957138062e-02,2.324300259351730347e-02,2.139171399176120758e-02,1.865193992853164673e-02,1.618514396250247955e-02,1.313988119363784790e-02,1.010670606046915054e-02,7.062640506774187088e-03,3.905957331880927086e-03,9.463859605602920055e-04,-1.750475144945085049e-03,-3.732606535777449608e-03,-6.107478402554988861e-03,-7.791531272232532501e-03,-9.411385282874107361e-03,-1.028895005583763123e-02,-1.149133127182722092e-02,-1.172896847128868103e-02,-1.156358793377876282e-02,-1.101399213075637817e-02,-1.054692734032869339e-02,-9.386509656906127930e-03,-7.687679026275873184e-03,-5.391270387917757034e-03,-3.296112176030874252e-03,-8.492603665217757225e-04,1.651392085477709770e-03,4.419516772031784058e-03,6.756553892046213150e-03,8.992056362330913544e-03,1.150306034833192825e-02,1.372372359037399292e-02,1.607244089245796204e-02,1.775809191167354584e-02,1.954363845288753510e-02,2.055677771568298340e-02,2.167696133255958557e-02,2.202479541301727295e-02,2.241347916424274445e-02,2.194233611226081848e-02,2.190936729311943054e-02,2.067333832383155823e-02,1.962043717503547668e-02,1.783804222941398621e-02,1.585226133465766907e-02,1.335073821246623993e-02,1.113483123481273651e-02,8.609352633357048035e-03,5.966494791209697723e-03,2.973782364279031754e-03,7.260153070092201233e-04
7.691534119658172131e-05,5.894538480788469315e-03,1.192990504205226898e-02,1.744520477950572968e-02,2.244846522808074951e-02,2.657445520162582397e-02,3.054575994610786438e-02,3.376541659235954285e-02,3.650195524096488953e-02,3.776563704013824463e-02,3.865850344300270081e-02,3.863224387168884277e-02,3.792626410722732544e-02,3.627067431807518005e-02,3.375830501317977905e-02,3.075590357184410095e-02,2.729693800210952759e-02,2.358425222337245941e-02,1.909374818205833435e-02,1.452051382511854172e-02,1.011325046420097351e-02,5.788708105683326721e-03,1.372659462504088879e-03,-2.958825789391994476e-03,-6.320398300886154175e-03,-9.620209224522113800e-03,-1.218910701572895050e-02,-1.448485441505908966e-02,-1.595514267683029175e-02,-1.716346852481365204e-02,-1.754658855497837067e-02,-1.752619072794914246e-02,-1.682977005839347839e-02,-1.570455543696880341e-02,-1.400904636830091476e-02,-1.143498532474040985e-02,-8.418611250817775726e-03,-5.363601725548505783e-03,-1.854963134974241257e-03,1.794635667465627193e-03,5.823006853461265564e-03,9.538887999951839447e-03,1.301995944231748581e-02,1.645763963460922241e-02,2.007566392421722412e-02,2.296350523829460144e-02,2.565392665565013885e-02,2.764642238616943359e-02,2.974482439458370209e-02,3.094475157558917999e-02,3.155906498432159424e-02,3.190204128623008728e-02,3.187103569507598877e-02,3.126667812466621399e-02,2.987815067172050476e-02,2.798202261328697205e-02,2.595704048871994019e-02,2.289908006787300110e-02,1.946039684116840363e-02,1.614463143050670624e-02,1.235292199999094009e-02,8.480884134769439697e-03,3.913104534149169922e-03,-5.838571232743561268e-04
3.713273617904633284e-04,7.476395927369594574e-03,1.472545415163040161e-02,2.189501188695430756e-02,2.801245078444480896e-02,3.355189040303230286e-02,3.832020238041877747e-02,4.231816902756690979e-02,4.524432867765426636e-02,4.720325395464897156e-02,4.811461642384529114e-02,4.789792001247406006e-02,4.673345759510993958e-02,4.464853927493095398e-02,4.165613651275634766e-02,3.796560689806938171e-02,3.352558985352516174e-02,2.882674522697925568e-02,2.356216311454772949e-02,1.821496523916721344e-02,1.263799145817756653e-02,7.253650110214948654e-03,1.861883793026208878e-03,-3.384251846000552177e-03,-7.460731547325849533e-03,-1.186693832278251648e-02,-1.505191810429096222e-02,-1.777567528188228607e-02,-1.942656002938747406e-02,-2.087930403649806976e-02,-2.135913074016571045e-02,-2.104006707668304443e-02,-1.974310167133808136e-02,-1.838231086730957031e-02,-1.597074791789054871e-02,-1.266992650926113129e-02,-8.819763548672199249e-03,-5.099418107420206070e-03,-8.925923611968755722e-04,3.656366141512989998e-03,8.440702222287654877e-03,1.262939348816871643e-02,1.691797189414501190e-02,2.121610008180141449e-02,2.523339353501796722e-02,2.878396026790142059e-02,3.201481699943542480e-02,3.441265970468521118e-02,3.644970804452896118e-02,3.800329193472862244e-02,3.880703449249267578e-02,3.928732126951217651e-02,3.873639926314353943e-02,3.788122534751892090e-02,3.618691489100456238e-02,3.390644118189811707e-02,3.103205189108848572e-02,2.737230062484741211e-02,2.362327836453914642e-02,1.948199048638343811e-02,1.493511628359556198e-02,1.014279667288064957e-02,4.767892882227897644e-03,-2.603992179501801729e-04
6.830711208749562502e-05,8.593753911554813385e-03,1.689659617841243744e-02,2.484249696135520935e-02,3.209147602319717407e-02,3.851822763681411743e-02,4.427836090326309204e-02,4.857077822089195251e-02,5.236953869462013245e-02,5.445782840251922607e-02,5.562957003712654114e-02,5.524744838476181030e-02,5.400539189577102661e-02,5.134133249521255493e-02,4.797797650098800659e-02,4.345559328794479370e-02,3.856211528182029724e-02,3.284299373626708984e-02,2.727616205811500549e-02,2.096102200448513031e-02,1.471749506890773773e-02,8.538799360394477844e-03,2.664633793756365776e-03,-3.157628234475851059e-03,-8.090768009424209595e-03,-1.266839448362588882e-02,-1.636042632162570953e-02,-1.929719746112823486e-02,-2.146401256322860718e-02,-2.242089249193668365e-02,-2.302012778818607330e-02,-2.241973392665386200e-02,-2.105842530727386475e-02,-1.872514188289642334e-02,-1.629615202546119690e-02,-1.291307713836431503e-02,-8.846458047628402710e-03,-4.407746251672506332e-03,3.672626626212149858e-04,5.242007784545421600e-03,1.062710210680961609e-02,1.557861920446157455e-02,2.034721150994300842e-02,2.492096647620201111e-02,2.945478260517120361e-02,3.310928121209144592e-02,3.668151423335075378e-02,3.913372009992599487e-02,4.174209758639335632e-02,4.311372712254524231e-02,4.416084662079811096e-02,4.429564997553825378e-02,4.383187741041183472e-02,4.245549067854881287e-02,4.065714403986930847e-02,3.769895434379577637e-02,3.466108813881874084e-02,3.060354851186275482e-02,2.651744708418846130e-02,2.156175673007965088e-02,1.665699668228626251e-02,1.095384638756513596e-02,5.260302685201168060e-03,-4.943832755088806152e-04
2.161561860702931881e-04,9.524783119559288025e-03,1.841628551483154297e-02,2.712416276335716248e-02,3.502999991178512573e-02,4.211467131972312927e-02,4.840861260890960693e-02,5.306762829422950745e-02,5.693937093019485474e-02,5.930828303098678589e-02,6.048104912042617798e-02,5.980302393436431885e-02,5.823489651083946228e-02,5.557563155889511108e-02,5.181515961885452271e-02,4.681174457073211670e-02,4.137069359421730042e-02,3.525084629654884338e-02,2.880988083779811859e-02,2.225737087428569794e-02,1.538509223610162735e-02,8.908947929739952087e-03,2.514539752155542374e-03,-3.582594450563192368e-03,-8.664391934871673584e-03,-1.377029158174991608e-02,-1.748378947377204895e-02,-2.055201679468154907e-02,-2.232983335852622986e-02,-2.342898398637771606e-02,-2.354123443365097046e-02,-2.271622605621814728e-02,-2.081749029457569122e-02,-1.855000294744968414e-02,-1.579812169075012207e-02,-1.195723656564950943e-02,-7.551434915512800217e-03,-2.801590366289019585e-03,2.214351436123251915e-03,7.660202682018280029e-03,1.307614240795373917e-02,1.835420727729797363e-02,2.318681217730045319e-02,2.789072506129741669e-02,3.231621161103248596e-02,3.619028255343437195e-02,3.959271311759948730e-02,4.217164963483810425e-02,4.454693570733070374e-02,4.597671329975128174e-02,4.673421382904052734e-02,4.664490744471549988e-02,4.591787979006767273e-02,4.448372125625610352e-02,4.248968139290809631e-02,3.939423710107803345e-02,3.619455546140670776e-02,3.183666244149208069e-02,2.744272910058498383e-02,2.259641513228416443e-02,1.737020164728164673e-02,1.166922226548194885e-02,5.579955875873565674e-03,-4.422913480084389448e-04
6.418495468096807599e-05,9.396523237228393555e-03,1.884002238512039185e-02,2.794550172984600067e-02,3.602066263556480408e-02,4.325625672936439514e-02,4.956288635730743408e-02,5.473983660340309143e-02,5.860437080264091492e-02,6.087028235197067261e-02,6.181555986404418945e-02,6.113941222429275513e-02,5.944510176777839661e-02,5.646402388811111450e-02,5.239379405975341797e-02,4.744029045104980469e-02,4.186250641942024231e-02,3.553360328078269958e-02,2.905067428946495056e-02,2.209535241127014160e-02,1.534541230648756027e-02,8.534611202776432037e-03,2.405216917395591736e-03,-3.855319926515221596e-03,-8.824814110994338989e-03,-1.349017024040222168e-02,-1.715067215263843536e-02,-1.979606226086616516e-02,-2.176246792078018188e-02,-2.225815504789352417e-02,-2.242123149335384369e-02,-2.138261497020721436e-02,-1.964644901454448700e-02,-1.673202030360698700e-02,-1.378562767058610916e-02,-9.755799546837806702e-03,-5.204565357416868210e-03,-2.759827475529164076e-04,4.984624683856964111e-03,9.996465407311916351e-03,1.531112380325794220e-02,2.062580548226833344e-02,2.525888569653034210e-02,2.992935478687286377e-02,3.370444849133491516e-02,3.727373108267784119e-02,4.031131789088249207e-02,4.274028539657592773e-02,4.457391053438186646e-02,4.560879245400428772e-02,4.600857943296432495e-02,4.585618525743484497e-02,4.460391774773597717e-02,4.297487437725067139e-02,4.078048840165138245e-02,3.821923211216926575e-02,3.481486439704895020e-02,3.058082237839698792e-02,2.604825422167778015e-02,2.122715115547180176e-02,1.639485731720924377e-02,1.110547687858343124e-02,5.279390607029199600e-03,-8.200882002711296082e-04
6.376048986567184329e-05,9.337320923805236816e-03,1.858256384730339050e-02,2.732343040406703949e-02,3.543186932802200317e-02,4.221180826425552368e-02,4.867354407906532288e-02,5.350258201360702515e-02,5.720328167080879211e-02,5.924284458160400391e-02,6.008680164813995361e-02,5.917890742421150208e-02,5.715887621045112610e-02,5.425565689802169800e-02,5.036769062280654907e-02,4.530953243374824524e-02,3.965623676776885986e-02,3.347488120198249817e-02,2.693852037191390991e-02,2.045774646103382111e-02,1.367592997848987579e-02,7.515734527260065079e-03,1.479407306760549545e-03,-3.985000774264335632e-03,-8.698220364749431610e-03,-1.310434564948081970e-02,-1.619316264986991882e-02,-1.841556467115879059e-02,-1.971919834613800049e-02,-2.007046528160572052e-02,-1.978617534041404724e-02,-1.811844855546951294e-02,-1.618775539100170135e-02,-1.315324194729328156e-02,-9.860491380095481873e-03,-5.854476243257522583e-03,-1.339972135610878468e-03,3.362720366567373276e-03,8.229035884141921997e-03,1.314284093677997589e-02,1.790890842676162720e-02,2.235862240195274353e-02,2.648986130952835083e-02,3.019850887358188629e-02,3.355375304818153381e-02,3.622516244649887085e-02,3.883257508277893066e-02,4.038615152239799500e-02,4.178114235401153564e-02,4.220881313085556030e-02,4.245153069496154785e-02,4.149114340543746948e-02,4.035966843366622925e-02,3.858590871095657349e-02,3.661398589611053467e-02,3.386219963431358337e-02,3.088261187076568604e-02,2.683500759303569794e-02,2.304253354668617249e-02,1.886586658656597137e-02,1.457842346280813217e-02,9.923751465976238251e-03,4.666462540626525879e-03,-4.138954682275652885e-04
-2.179762532250606455e-06,8.740888908505439758e-03,1.744799502193927765e-02,2.582886256277561188e-02,3.289815410971641541e-02,3.939175605773925781e-02,4.502769932150840759e-02,4.940571635961532593e-02,5.285589024424552917e-02,5.447533354163169861e-02,5.499495938420295715e-02,5.411272495985031128e-02,5.217050388455390930e-02,4.913467541337013245e-02,4.508392140269279480e-02,4.056346416473388672e-02,3.500705212354660034e-02,2.936623804271221161e-02,2.316275984048843384e-02,1.713243871927261353e-02,1.125414576381444931e-02,5.600479431450366974e-03,5.257736193016171455e-04,-4.423684440553188324e-03,-8.215297944843769073e-03,-1.170743070542812347e-02,-1.414087135344743729e-02,-1.574196293950080872e-02,-1.641319133341312408e-02,-1.610954850912094116e-02,-1.525620184838771820e-02,-1.352301985025405884e-02,-1.103912107646465302e-02,-7.644547149538993835e-03,-4.383007995784282684e-03,-5.868048756383359432e-04,3.673425642773509026e-03,7.925343699753284454e-03,1.215321011841297150e-02,1.601471565663814545e-02,2.005557529628276825e-02,2.371937036514282227e-02,2.658321708440780640e-02,2.948046289384365082e-02,3.187163174152374268e-02,3.375553339719772339e-02,3.501375019550323486e-02,3.591331094503402710e-02,3.653026372194290161e-02,3.676714003086090088e-02,3.621064871549606323e-02,3.526520729064941406e-02,3.382434323430061340e-02,3.221319615840911865e-02,3.022870607674121857e-02,2.767222933471202850e-02,2.469370886683464050e-02,2.157833240926265717e-02,1.795870065689086914e-02,1.453569065779447556e-02,1.116984896361827850e-02,7.611025124788284302e-03,3.629961749538779259e-03,-6.730998866260051727e-04
-3.914556000381708145e-04,7.376257795840501785e-03,1.513911504298448563e-02,2.234291844069957733e-02,2.899459935724735260e-02,3.430702909827232361e-02,3.956636413931846619e-02,4.307231307029724121e-02,4.607404023408889771e-02,4.722788184881210327e-02,4.758196324110031128e-02,4.638369008898735046e-02,4.448905587196350098e-02,4.134818166494369507e-02,3.771831467747688293e-02,3.324645385146141052e-02,2.836305461823940277e-02,2.316617220640182495e-02,1.777922734618186951e-02,1.259993016719818115e-02,7.619842886924743652e-03,2.935041906312108040e-03,-1.336465356871485710e-03,-5.021278746426105499e-03,-7.871144451200962067e-03,-1.039024442434310913e-02,-1.193807553499937057e-02,-1.239078771322965622e-02,-1.235986780375242233e-02,-1.124203670769929886e-02,-9.948234073817729950e-03,-7.456342224031686783e-03,-4.937559831887483597e-03,-1.654339488595724106e-03,1.474648946896195412e-03,5.129676312208175659e-03,8.616137318313121796e-03,1.231913734227418900e-02,1.572907343506813049e-02,1.880901865661144257e-02,2.167616412043571472e-02,2.382369339466094971e-02,2.582992427051067352e-02,2.707143686711788177e-02,2.823311462998390198e-02,2.875074557960033417e-02,2.937052771449089050e-02,2.916241064667701721e-02,2.920023351907730103e-02,2.828951179981231689e-02,2.714899741113185883e-02,2.563917450606822968e-02,2.404373511672019958e-02,2.218164689838886261e-02,2.042384259402751923e-02,1.851716823875904083e-02,1.631107553839683533e-02,1.365864928811788559e-02,1.124625466763973236e-02,9.179542772471904755e-03,7.158287335187196732e-03,4.913776181638240814e-03,2.241419628262519836e-03,-3.683402028400450945e-04
-2.620041486807167530e-04,5.876295268535614014e-03,1.264335867017507553e-02,1.883704774081707001e-02,2.399807237088680267e-02,2.901582792401313782e-02,3.293928131461143494e-02,3.577655181288719177e-02,3.779861703515052795e-02,3.878562897443771362e-02,3.871675580739974976e-02,3.764851018786430359e-02,3.546356782317161560e-02,3.253125026822090149e-02,2.890704199671745300e-02,2.494310773909091949e-02,2.054623514413833618e-02,1.616355963051319122e-02,1.160707790404558182e-02,7.118885871022939682e-03,3.010784974321722984e-03,-7.001218036748468876e-04,-3.699232358485460281e-03,-6.275699939578771591e-03,-7.745217531919479370e-03,-8.986108005046844482e-03,-9.161087684333324432e-03,-8.666391484439373016e-03,-7.549734320491552353e-03,-5.850863177329301834e-03,-3.765781410038471222e-03,-1.018231618218123913e-03,1.946634962223470211e-03,4.933907650411128998e-03,7.955596782267093658e-03,1.092376001179218292e-02,1.408784557133913040e-02,1.693448051810264587e-02,1.946103759109973907e-02,2.147305384278297424e-02,2.315836399793624878e-02,2.403100393712520599e-02,2.449502795934677124e-02,2.474316023290157318e-02,2.468118816614151001e-02,2.414947934448719025e-02,2.328266203403472900e-02,2.181683480739593506e-02,2.031391113996505737e-02,1.854821108281612396e-02,1.663417182862758636e-02,1.462929043918848038e-02,1.268337760120630264e-02,1.067089196294546127e-02,9.151203557848930359e-03,7.895536720752716064e-03,6.783876102417707443e-03,5.334966816008090973e-03,4.020562861114740372e-03,2.701081102713942528e-03,1.995557686313986778e-03,1.639160094782710075e-03,6.135019357316195965e-04,-4.698136472143232822e-04
-2.585531619843095541e-04,4.450362175703048706e-03,9.558293968439102173e-03,1.439585257321596146e-02,1.832735724747180939e-02,2.177194319665431976e-02,2.486220560967922211e-02,2.675596810877323151e-02,2.835313044488430023e-02,2.847709506750106812e-02,2.775171026587486267e-02,2.631306275725364685e-02,2.389898337423801422e-02,2.120881155133247375e-02,1.777493581175804138e-02,1.449094247072935104e-02,1.067797932773828506e-02,7.383884862065315247e-03,3.573252120986580849e-03,3.890696098096668720e-04,-2.731835236772894859e-03,-4.908412694931030273e-03,-6.758536677807569504e-03,-7.786518428474664688e-03,-8.181267417967319489e-03,-8.036977611482143402e-03,-7.118216715753078461e-03,-5.267666652798652649e-03,-3.442898625507950783e-03,-7.662443676963448524e-04,1.957172760739922523e-03,5.455709062516689301e-03,8.492918685078620911e-03,1.172969676554203033e-02,1.452925335615873337e-02,1.719265617430210114e-02,1.932831294834613800e-02,2.129033021628856659e-02,2.265326865017414093e-02,2.349623478949069977e-02,2.372601069509983063e-02,2.329758182168006897e-02,2.222319878637790680e-02,2.099815942347049713e-02,1.922455243766307831e-02,1.708690822124481201e-02,1.481369603425264359e-02,1.242753118276596069e-02,9.928674437105655670e-03,7.280964870005846024e-03,4.736908245831727982e-03,2.469254191964864731e-03,1.808584784157574177e-04,-1.992175355553627014e-03,-3.338168840855360031e-03,-4.054464399814605713e-03,-4.635550547391176224e-03,-4.856309387832880020e-03,-4.661865532398223877e-03,-4.308556672185659409e-03,-3.605563193559646606e-03,-1.775558688677847385e-03,-9.807265596464276314e-04,1.243152510141953826e-04
-2.744643716141581535e-04,3.203784581273794174e-03,6.381349172443151474e-03,9.834750555455684662e-03,1.245923619717359543e-02,1.477167382836341858e-02,1.666986569762229919e-02,1.752521470189094543e-02,1.803925447165966034e-02,1.740987040102481842e-02,1.625404506921768188e-02,1.437247265130281448e-02,1.201382465660572052e-02,9.382604621350765228e-03,6.553793791681528091e-03,3.479971783235669136e-03,3.134866710752248764e-04,-2.327359514310956001e-03,-4.875633399933576584e-03,-7.354131434112787247e-03,-9.171835146844387054e-03,-9.931287728250026703e-03,-1.040953863412141800e-02,-1.029436662793159485e-02,-9.204210713505744934e-03,-7.803289219737052917e-03,-5.425421055406332016e-03,-2.677016193047165871e-03,5.363537347875535488e-04,3.913217689841985703e-03,7.420040201395750046e-03,1.105796080082654953e-02,1.460248045623302460e-02,1.761425286531448364e-02,2.033695392310619354e-02,2.241157181560993195e-02,2.408401854336261749e-02,2.495577745139598846e-02,2.518014051020145416e-02,2.472011744976043701e-02,2.369745820760726929e-02,2.195824496448040009e-02,1.945431157946586609e-02,1.648806408047676086e-02,1.328305434435606003e-02,9.415104985237121582e-03,5.832368042320013046e-03,2.074280753731727600e-03,-1.518200733698904514e-03,-5.137858446687459946e-03,-8.291413076221942902e-03,-1.138428319245576859e-02,-1.370415091514587402e-02,-1.563370227813720703e-02,-1.630579866468906403e-02,-1.649815402925014496e-02,-1.619657874107360840e-02,-1.517168432474136353e-02,-1.355173252522945404e-02,-1.211275067180395126e-02,-9.498610161244869232e-03,-6.433125585317611694e-03,-3.264480503275990486e-03,-5.564548191614449024e-04
-8.552445069653913379e-05,1.538521028123795986e-03,3.384032985195517540e-03,5.203427281230688095e-03,6.711926776915788651e-03,7.599517703056335449e-03,7.914404384791851044e-03,7.808195892721414566e-03,7.486713584512472153e-03,6.094928830862045288e-03,4.307809751480817795e-03,2.041916595771908760e-03,-2.705114020500332117e-04,-2.843309193849563599e-03,-5.451184231787919998e-03,-8.004346862435340881e-03,-1.040278654545545578e-02,-1.243643462657928467e-02,-1.436706352978944778e-02,-1.564700715243816376e-02,-1.620834879577159882e-02,-1.546734292060136795e-02,-1.454882416874170303e-02,-1.304859016090631485e-02,-1.054209936410188675e-02,-8.001073263585567474e-03,-4.472999833524227142e-03,-4.958469071425497532e-04,3.612211439758539200e-03,7.924525067210197449e-03,1.190522965043783188e-02,1.620186492800712585e-02,1.965823583304882050e-02,2.292915061116218567e-02,2.522390894591808319e-02,2.696042880415916443e-02,2.779986895620822906e-02,2.768186666071414948e-02,2.688731998205184937e-02,2.513819001615047455e-02,2.278432995080947876e-02,1.975657977163791656e-02,1.566851697862148285e-02,1.123767439275979996e-02,6.598045118153095245e-03,9.397526737302541733e-04,-4.200913012027740479e-03,-9.175406768918037415e-03,-1.386240031570196152e-02,-1.833485439419746399e-02,-2.234932221472263336e-02,-2.536955103278160095e-02,-2.792144007980823517e-02,-2.944129705429077148e-02,-2.981237322092056274e-02,-2.941724099218845367e-02,-2.834449149668216705e-02,-2.633501030504703522e-02,-2.329241484403610229e-02,-1.999550126492977142e-02,-1.586544513702392578e-02,-1.026992779225111008e-02,-5.295214243233203888e-03,-2.121530997101217508e-04
-2.046185400104150176e-04,3.010419895872473717e-04,3.979502944275736809e-04,1.045761164277791977e-03,7.900848286226391792e-04,5.380816874094307423e-04,-6.251117447391152382e-04,-1.555566443130373955e-03,-3.260945202782750130e-03,-5.344802513718605042e-03,-7.445000112056732178e-03,-9.784202091395854950e-03,-1.226666755974292755e-02,-1.491047069430351257e-02,-1.726039685308933258e-02,-1.942570321261882782e-02,-2.097620069980621338e-02,-2.245696634054183960e-02,-2.330285124480724335e-02,-2.399483509361743927e-02,-2.322421967983245850e-02,-2.155192382633686066e-02,-1.889332942664623260e-02,-1.675230823457241058e-02,-1.266304031014442444e-02,-9.136029519140720367e-03,-4.503576550632715225e-03,8.740384510019794106e-05,5.266326479613780975e-03,1.024453528225421906e-02,1.490526180714368820e-02,1.920916140079498291e-02,2.320720814168453217e-02,2.637245506048202515e-02,2.868666686117649078e-02,3.009836375713348389e-02,3.045799210667610168e-02,2.956923656165599823e-02,2.779888547956943512e-02,2.509445324540138245e-02,2.159161865711212158e-02,1.722916588187217712e-02,1.192173268646001816e-02,6.119500845670700073e-03,-3.033884277101606131e-04,-7.381753064692020416e-03,-1.371046435087919235e-02,-1.933859288692474365e-02,-2.483214996755123138e-02,-3.024026378989219666e-02,-3.438847512006759644e-02,-3.792131319642066956e-02,-4.043392464518547058e-02,-4.207601025700569153e-02,-4.212740808725357056e-02,-4.127289354801177979e-02,-3.895587101578712463e-02,-3.606042265892028809e-02,-3.175096958875656128e-02,-2.719463966786861420e-02,-2.095409855246543884e-02,-1.396138500422239304e-02,-6.805463694036006927e-03,-6.862475420348346233e-04
-3.527651424519717693e-04,-1.083532348275184631e-03,-2.016160404309630394e-03,-2.776173874735832214e-03,-4.069574177265167236e-03,-5.850033368915319443e-03,-7.797389756888151169e-03,-1.000928599387407303e-02,-1.206717640161514282e-02,-1.484849955886602402e-02,-1.736140437424182892e-02,-2.006409876048564911e-02,-2.275559864938259125e-02,-2.519357390701770782e-02,-2.740721032023429871e-02,-2.940482832491397858e-02,-3.071134909987449646e-02,-3.166001662611961365e-02,-3.180007264018058777e-02,-3.155510500073432922e-02,-3.023590706288814545e-02,-2.754108607769012451e-02,-2.430980280041694641e-02,-2.057257853448390961e-02,-1.578897237777709961e-02,-1.113631948828697205e-02,-5.666109733283519745e-03,-3.259318473283201456e-04,5.559164099395275116e-03,1.122883521020412445e-02,1.638333499431610107e-02,2.121096849441528320e-02,2.511452138423919678e-02,2.838686481118202209e-02,3.055648505687713623e-02,3.164321929216384888e-02,3.140614554286003113e-02,2.991954609751701355e-02,2.748843282461166382e-02,2.396388724446296692e-02,1.946334168314933777e-02,1.395602896809577942e-02,7.648466620594263077e-03,4.910555435344576836e-04,-7.243982981890439987e-03,-1.501534786075353622e-02,-2.214981615543365479e-02,-2.883553691208362579e-02,-3.516324982047080994e-02,-4.099206253886222839e-02,-4.588588327169418335e-02,-4.972796887159347534e-02,-5.248141288757324219e-02,-5.341996997594833374e-02,-5.343384295701980591e-02,-5.206626653671264648e-02,-4.938084259629249573e-02,-4.504461959004402161e-02,-3.926132246851921082e-02,-3.351927548646926880e-02,-2.558281831443309784e-02,-1.720608957111835480e-02,-8.601732552051544189e-03,-2.218209556303918362e-04
-3.499407903291285038e-04,-1.981063280254602432e-03,-3.894694382324814796e-03,-5.792841315269470215e-03,-7.931292057037353516e-03,-1.029448397457599640e-02,-1.333800982683897018e-02,-1.570256799459457397e-02,-1.891942508518695831e-02,-2.178485319018363953e-02,-2.503980696201324463e-02,-2.794356271624565125e-02,-3.081294149160385132e-02,-3.381687030196189880e-02,-3.603009134531021118e-02,-3.818101063370704651e-02,-3.911685198545455933e-02,-3.990321606397628784e-02,-3.910267353057861328e-02,-3.838892281055450439e-02,-3.631837666034698486e-02,-3.342112898826599121e-02,-2.934787236154079437e-02,-2.497272938489913940e-02,-1.930154301226139069e-02,-1.369469054043292999e-02,-7.689910940825939178e-03,-1.755396486259996891e-03,4.390725400298833847e-03,1.064314041286706924e-02,1.622399687767028809e-02,2.139759249985218048e-02,2.566720731556415558e-02,2.913251146674156189e-02,3.130723536014556885e-02,3.209321573376655579e-02,3.170031309127807617e-02,2.990410290658473969e-02,2.697135508060455322e-02,2.282666601240634918e-02,1.739390566945075989e-02,1.122781448066234589e-02,3.919113427400588989e-03,-4.095363430678844452e-03,-1.262802910059690475e-02,-2.097736485302448273e-02,-2.925964072346687317e-02,-3.667729347944259644e-02,-4.369697719812393188e-02,-4.987793043255805969e-02,-5.502008274197578430e-02,-5.897584557533264160e-02,-6.160537526011466980e-02,-6.283534318208694458e-02,-6.253498047590255737e-02,-6.116245687007904053e-02,-5.743497610092163086e-02,-5.253358557820320129e-02,-4.566926509141921997e-02,-3.896098956465721130e-02,-2.994741871953010559e-02,-2.043223194777965546e-02,-1.012771856039762497e-02,-6.859609275124967098e-04
-5.617553251795470715e-04,-2.755017252638936043e-03,-4.976545926183462143e-03,-7.718695327639579773e-03,-1.021969504654407501e-02,-1.312778051942586899e-02,-1.642554812133312225e-02,-1.970447413623332977e-02,-2.278025820851325989e-02,-2.648513391613960266e-02,-2.998609654605388641e-02,-3.361168503761291504e-02,-3.673239797353744507e-02,-3.970087319612503052e-02,-4.222742468118667603e-02,-4.411328956484794617e-02,-4.527840018272399902e-02,-4.547831043601036072e-02,-4.491871967911720276e-02,-4.362345859408378601e-02,-4.109201580286026001e-02,-3.802914544939994812e-02,-3.394089266657829285e-02,-2.923629805445671082e-02,-2.349617704749107361e-02,-1.719615422189235687e-02,-1.070496998727321625e-02,-4.548441618680953979e-03,2.105279825627803802e-03,8.270115591585636139e-03,1.441955659538507462e-02,1.972006820142269135e-02,2.422076277434825897e-02,2.762582525610923767e-02,2.992717921733856201e-02,3.067047148942947388e-02,3.015018068253993988e-02,2.817000634968280792e-02,2.495034597814083099e-02,2.040683664381504059e-02,1.479187700897455215e-02,7.941108196973800659e-03,1.093203609343618155e-04,-8.169912733137607574e-03,-1.703831367194652557e-02,-2.585946209728717804e-02,-3.473252803087234497e-02,-4.292506352066993713e-02,-5.029653757810592651e-02,-5.671451613306999207e-02,-6.232157722115516663e-02,-6.633228063583374023e-02,-6.903804838657379150e-02,-6.993263959884643555e-02,-6.962846219539642334e-02,-6.755401194095611572e-02,-6.378729641437530518e-02,-5.760399624705314636e-02,-5.016686394810676575e-02,-4.273163899779319763e-02,-3.273097053170204163e-02,-2.219126001000404358e-02,-1.124721206724643707e-02,-8.822198287816718221e-05
-5.360143841244280338e-04,-2.696558600291609764e-03,-5.042924080044031143e-03,-8.190691471099853516e-03,-1.103247888386249542e-02,-1.413575280457735062e-02,-1.768179237842559814e-02,-2.111221849918365479e-02,-2.476631850004196167e-02,-2.865122631192207336e-02,-3.222401440143585205e-02,-3.611484915018081665e-02,-3.946538642048835754e-02,-4.266458004713058472e-02,-4.536022245883941650e-02,-4.745785892009735107e-02,-4.890546575188636780e-02,-4.959136620163917542e-02,-4.883394762873649597e-02,-4.740639775991439819e-02,-4.497835412621498108e-02,-4.176893830299377441e-02,-3.784666955471038818e-02,-3.316417708992958069e-02,-2.734774351119995117e-02,-2.117276750504970551e-02,-1.416640635579824448e-02,-7.850576192140579224e-03,-1.139526371844112873e-03,5.364409647881984711e-03,1.131592784076929092e-02,1.715720817446708679e-02,2.181186154484748840e-02,2.522790990769863129e-02,2.751299180090427399e-02,2.860216982662677765e-02,2.819688245654106140e-02,2.612276934087276459e-02,2.294181473553180695e-02,1.840215176343917847e-02,1.266111526638269424e-02,5.607041995972394943e-03,-2.429167507216334343e-03,-1.107063703238964081e-02,-1.996150426566600800e-02,-2.914248779416084290e-02,-3.804164007306098938e-02,-4.638223722577095032e-02,-5.423940718173980713e-02,-6.046114861965179443e-02,-6.637218594551086426e-02,-7.018256187438964844e-02,-7.327422499656677246e-02,-7.404989004135131836e-02,-7.356929033994674683e-02,-7.125920802354812622e-02,-6.677208840847015381e-02,-6.041648611426353455e-02,-5.248295143246650696e-02,-4.447042942047119141e-02,-3.407954052090644836e-02,-2.301190234720706940e-02,-1.146846264600753784e-02,-2.959976939109765226e-07
-6.383128929883241653e-04,-2.577344654127955437e-03,-4.710508044809103012e-03,-7.499352097511291504e-03,-9.951465763151645660e-03,-1.310886535793542862e-02,-1.630505733191967010e-02,-1.983952149748802185e-02,-2.334046363830566406e-02,-2.731460705399513245e-02,-3.138468414545059204e-02,-3.519483655691146851e-02,-3.906009718775749207e-02,-4.246460646390914917e-02,-4.530203714966773987e-02,-4.779868572950363159e-02,-4.955317452549934387e-02,-5.042641609907150269e-02,-5.030141398310661316e-02,-4.917649179697036743e-02,-4.738676920533180237e-02,-4.446821287274360657e-02,-4.080779105424880981e-02,-3.655004873871803284e-02,-3.133855760097503662e-02,-2.537701837718486786e-02,-1.901401765644550323e-02,-1.256730873137712479e-02,-5.819111131131649017e-03,5.306305829435586929e-04,6.798391230404376984e-03,1.243692263960838318e-02,1.736549846827983856e-02,2.100939676165580750e-02,2.366348169744014740e-02,2.489857561886310577e-02,2.476523444056510925e-02,2.317239344120025635e-02,2.010309323668479919e-02,1.594891026616096497e-02,1.042469870299100876e-02,3.565313993021845818e-03,-4.225120879709720612e-03,-1.239617727696895599e-02,-2.128550037741661072e-02,-3.029680810868740082e-02,-3.915141150355339050e-02,-4.741276055574417114e-02,-5.482020229101181030e-02,-6.158836930990219116e-02,-6.708965450525283813e-02,-7.093784213066101074e-02,-7.413818687200546265e-02,-7.498219609260559082e-02,-7.432787865400314331e-02,-7.184375077486038208e-02,-6.718190014362335205e-02,-6.036361679434776306e-02,-5.277782678604125977e-02,-4.435525834560394287e-02,-3.390412032604217529e-02,-2.305973879992961884e-02,-1.145737804472446442e-02,3.380652924533933401e-04
-6.004666793160140514e-04,-1.994564896449446678e-03,-3.191954689100384712e-03,-5.742429755628108978e-03,-7.592333946377038956e-03,-1.022376026958227158e-02,-1.302844751626253128e-02,-1.596130244433879852e-02,-1.934992708265781403e-02,-2.320483326911926270e-02,-2.713677473366260529e-02,-3.123086504638195038e-02,-3.514741733670234680e-02,-3.912670537829399109e-02,-4.227815568447113037e-02,-4.532269015908241272e-02,-4.739917069673538208e-02,-4.912563413381576538e-02,-4.952536895871162415e-02,-4.977716132998466492e-02,-4.864612221717834473e-02,-4.660029336810112000e-02,-4.332154616713523865e-02,-3.976434841752052307e-02,-3.491196036338806152e-02,-2.947951480746269226e-02,-2.354472689330577850e-02,-1.755504123866558075e-02,-1.110790949314832687e-02,-4.412505775690078735e-03,1.455669058486819267e-03,7.177630905061960220e-03,1.214225776493549347e-02,1.631418429315090179e-02,1.913860812783241272e-02,2.083754912018775940e-02,2.123336307704448700e-02,2.017986774444580078e-02,1.775230094790458679e-02,1.389114931225776672e-02,8.902497589588165283e-03,2.904803492128849030e-03,-4.126560874283313751e-03,-1.204125955700874329e-02,-2.030104957520961761e-02,-2.905244007706642151e-02,-3.765541315078735352e-02,-4.586683213710784912e-02,-5.269879847764968872e-02,-5.915284529328346252e-02,-6.426813453435897827e-02,-6.878209114074707031e-02,-7.135327160358428955e-02,-7.244104146957397461e-02,-7.149439305067062378e-02,-6.927178800106048584e-02,-6.458991020917892456e-02,-5.871661379933357239e-02,-5.149099230766296387e-02,-4.347637668251991272e-02,-3.365544602274894714e-02,-2.269437722861766815e-02,-1.156309992074966431e-02,1.068036362994462252e-04
-4.013071302324533463e-04,-9.236939949914813042e-04,-1.452135620638728142e-03,-2.615835517644882202e-03,-3.764916444197297096e-03,-5.435284692794084549e-03,-7.467283401638269424e-03,-1.027796417474746704e-02,-1.283662021160125732e-02,-1.634171418845653534e-02,-2.022076398134231567e-02,-2.401636354625225067e-02,-2.808194793760776520e-02,-3.180049732327461243e-02,-3.600725531578063965e-02,-3.914598003029823303e-02,-4.239708930253982544e-02,-4.469260945916175842e-02,-4.656636342406272888e-02,-4.741964861750602722e-02,-4.750896990299224854e-02,-4.630992189049720764e-02,-4.413154348731040955e-02,-4.127416759729385376e-02,-3.738394379615783691e-02,-3.272208571434020996e-02,-2.762886881828308105e-02,-2.226187102496623993e-02,-1.657249405980110168e-02,-1.041268184781074524e-02,-4.427964333444833755e-03,1.020088209770619869e-03,6.216316018253564835e-03,1.047810912132263184e-02,1.393826492130756378e-02,1.617533341050148010e-02,1.729728654026985168e-02,1.697190478444099426e-02,1.541848946362733841e-02,1.239607483148574829e-02,8.301437832415103912e-03,3.052840009331703186e-03,-2.919430145993828773e-03,-9.785556234419345856e-03,-1.694852113723754883e-02,-2.484781108796596527e-02,-3.285592421889305115e-02,-3.994237631559371948e-02,-4.691350460052490234e-02,-5.266026780009269714e-02,-5.833194404840469360e-02,-6.201907992362976074e-02,-6.489887833595275879e-02,-6.581921875476837158e-02,-6.544959545135498047e-02,-6.339728832244873047e-02,-5.954080820083618164e-02,-5.409738048911094666e-02,-4.753664880990982056e-02,-4.006487503647804260e-02,-3.102410025894641876e-02,-2.104857563972473145e-02,-1.057374756783246994e-02,4.288154595997184515e-04
-6.251456215977668762e-05,8.918351377360522747e-04,1.748147420585155487e-03,1.993408193811774254e-03,2.041728468611836433e-03,1.485724584199488163e-03,4.892316646873950958e-04,-1.122081303037703037e-03,-3.415535436943173409e-03,-6.241744384169578552e-03,-9.890351444482803345e-03,-1.365892030298709869e-02,-1.800691336393356323e-02,-2.236770279705524445e-02,-2.678613550961017609e-02,-3.114229813218116760e-02,-3.501856699585914612e-02,-3.838747739791870117e-02,-4.130093753337860107e-02,-4.351205378770828247e-02,-4.469335824251174927e-02,-4.464552178978919983e-02,-4.396852105855941772e-02,-4.227158054709434509e-02,-3.946155682206153870e-02,-3.563660755753517151e-02,-3.143178671598434448e-02,-2.628698386251926422e-02,-2.147100493311882019e-02,-1.563360914587974548e-02,-1.019792351871728897e-02,-4.620619583874940872e-03,6.188102415762841702e-04,5.294745787978172302e-03,9.031817317008972168e-03,1.204228494316339493e-02,1.386140380054712296e-02,1.451678201556205750e-02,1.384601835161447525e-02,1.188585814088582993e-02,8.935187943279743195e-03,4.852786194533109665e-03,-1.207270252052694559e-04,-5.999820306897163391e-03,-1.213262975215911865e-02,-1.897452026605606079e-02,-2.609883621335029602e-02,-3.266065567731857300e-02,-3.894405812025070190e-02,-4.442467913031578064e-02,-4.960054531693458557e-02,-5.306182056665420532e-02,-5.581909418106079102e-02,-5.703260004520416260e-02,-5.708983913064002991e-02,-5.546465516090393066e-02,-5.244173854589462280e-02,-4.795271530747413635e-02,-4.220530763268470764e-02,-3.580130264163017273e-02,-2.761588618159294128e-02,-1.820817962288856506e-02,-9.046010673046112061e-03,6.204916862770915031e-04
-3.681882299133576453e-05,2.341798739507794380e-03,4.539571236819028854e-03,7.117432076483964920e-03,8.550992235541343689e-03,9.374010376632213593e-03,9.690406732261180878e-03,9.168518707156181335e-03,7.792159449309110641e-03,5.291107576340436935e-03,2.014632336795330048e-03,-1.734740217216312885e-03,-6.105944514274597168e-03,-1.090386603027582169e-02,-1.580612920224666595e-02,-2.061494439840316772e-02,-2.529745176434516907e-02,-2.945854328572750092e-02,-3.389717265963554382e-02,-3.736652433872222900e-02,-4.004738107323646545e-02,-4.137954860925674438e-02,-4.191643372178077698e-02,-4.158849269151687622e-02,-4.014780372381210327e-02,-3.754459694027900696e-02,-3.425990417599678040e-02,-3.014602698385715485e-02,-2.584641613066196442e-02,-2.068356052041053772e-02,-1.566466689109802246e-02,-1.001468300819396973e-02,-4.799432121217250824e-03,1.008817707770504057e-04,4.610707983374595642e-03,8.275551721453666687e-03,1.099119149148464203e-02,1.254010945558547974e-02,1.302603445947170258e-02,1.249373890459537506e-02,1.064061000943183899e-02,7.812964729964733124e-03,4.034459125250577927e-03,-7.866800297051668167e-04,-5.763994064182043076e-03,-1.168611366301774979e-02,-1.753170229494571686e-02,-2.342861890792846680e-02,-2.886689081788063049e-02,-3.389064967632293701e-02,-3.891409561038017273e-02,-4.215960949659347534e-02,-4.482330381870269775e-02,-4.641224816441535950e-02,-4.689208418130874634e-02,-4.552552103996276855e-02,-4.343513399362564087e-02,-3.966187685728073120e-02,-3.513120487332344055e-02,-2.973183803260326385e-02,-2.278143353760242462e-02,-1.529615279287099838e-02,-7.640894502401351929e-03,7.717009866610169411e-04
-6.336152182484511286e-06,3.923689015209674835e-03,8.450091816484928131e-03,1.241166889667510986e-02,1.569125428795814514e-02,1.839608699083328247e-02,1.981197856366634369e-02,2.045986242592334747e-02,2.021528966724872589e-02,1.856172457337379456e-02,1.590558327734470367e-02,1.225640624761581421e-02,7.627325598150491714e-03,2.740936353802680969e-03,-2.780778100714087486e-03,-8.343392983078956604e-03,-1.390593219548463821e-02,-1.928652636706829071e-02,-2.445019036531448364e-02,-2.925669960677623749e-02,-3.380852192640304565e-02,-3.671429306268692017e-02,-3.866345807909965515e-02,-3.968534246087074280e-02,-3.967060148715972900e-02,-3.849011287093162537e-02,-3.617905825376510620e-02,-3.324893116950988770e-02,-2.953307144343852997e-02,-2.478874102234840393e-02,-2.007095701992511749e-02,-1.481488719582557678e-02,-9.257954545319080353e-03,-3.752140095457434654e-03,1.084747142158448696e-03,5.294114816933870316e-03,9.019850753247737885e-03,1.154343318194150925e-02,1.323717925697565079e-02,1.377495005726814270e-02,1.370578911155462265e-02,1.214180979877710342e-02,9.884404018521308899e-03,6.352374330163002014e-03,2.688266802579164505e-03,-1.907415222376585007e-03,-6.675250828266143799e-03,-1.181388739496469498e-02,-1.676606945693492889e-02,-2.130221761763095856e-02,-2.563156187534332275e-02,-2.898560091853141785e-02,-3.194439411163330078e-02,-3.387009724974632263e-02,-3.459772840142250061e-02,-3.436608240008354187e-02,-3.316732123494148254e-02,-3.062888607382774353e-02,-2.719052508473396301e-02,-2.303790859878063202e-02,-1.788689754903316498e-02,-1.200190838426351547e-02,-6.059782579541206360e-03,5.760119529440999031e-04
-3.655724867712706327e-04,6.266099866479635239e-03,1.221335772424936295e-02,1.859939098358154297e-02,2.324146032333374023e-02,2.776519954204559326e-02,3.083486668765544891e-02,3.272353112697601318e-02,3.329434618353843689e-02,3.268106281757354736e-02,3.065536729991436005e-02,2.743174135684967041e-02,2.281740866601467133e-02,1.761295646429061890e-02,1.143232826143503189e-02,4.951984621584415436e-03,-2.058198209851980209e-03,-8.386553265154361725e-03,-1.469000987708568573e-02,-2.059036120772361755e-02,-2.613026089966297150e-02,-3.073964454233646393e-02,-3.429361060261726379e-02,-3.667006641626358032e-02,-3.782074525952339172e-02,-3.799519687891006470e-02,-3.684168308973312378e-02,-3.487079218029975891e-02,-3.183936700224876404e-02,-2.795633859932422638e-02,-2.344442903995513916e-02,-1.814025267958641052e-02,-1.256760675460100174e-02,-6.976097356528043747e-03,-1.500242971815168858e-03,3.649932565167546272e-03,8.046180941164493561e-03,1.177246775478124619e-02,1.449892017990350723e-02,1.666010729968547821e-02,1.746841892600059509e-02,1.761181466281414032e-02,1.645014807581901550e-02,1.455681957304477692e-02,1.195032335817813873e-02,8.893092162907123566e-03,5.110566504299640656e-03,8.916662191040813923e-04,-3.508801339194178581e-03,-7.183596026152372360e-03,-1.138289645314216614e-02,-1.487024221569299698e-02,-1.802068948745727539e-02,-1.997075602412223816e-02,-2.143478393554687500e-02,-2.206969261169433594e-02,-2.169418707489967346e-02,-2.068139240145683289e-02,-1.847372017800807953e-02,-1.575386337935924530e-02,-1.225318666547536850e-02,-8.533650077879428864e-03,-4.530264530330896378e-03,4.048208647873252630e-04
-1.560887176310643554e-05,8.142222650349140167e-03,1.643651910126209259e-02,2.412174455821514130e-02,3.076393529772758484e-02,3.648823872208595276e-02,4.094434157013893127e-02,4.395955055952072144e-02,4.585164412856101990e-02,4.579425230622291565e-02,4.457319900393486023e-02,4.187409952282905579e-02,3.771827369928359985e-02,3.254823386669158936e-02,2.599239163100719452e-02,1.905418187379837036e-02,1.103152334690093994e-02,3.037463873624801636e-03,-4.418230149894952774e-03,-1.140225026756525040e-02,-1.790914870798587799e-02,-2.355101518332958221e-02,-2.880962938070297241e-02,-3.286572545766830444e-02,-3.539049625396728516e-02,-3.641634806990623474e-02,-3.652276098728179932e-02,-3.518076241016387939e-02,-3.307882323861122131e-02,-2.950530312955379486e-02,-2.555615454912185669e-02,-2.049232833087444305e-02,-1.489676348865032196e-02,-8.716772310435771942e-03,-2.959545468911528587e-03,2.885262481868267059e-03,8.340637199580669403e-03,1.301952823996543884e-02,1.686163991689682007e-02,1.973617635667324066e-02,2.208676934242248535e-02,2.361834980547428131e-02,2.376650460064411163e-02,2.311259880661964417e-02,2.166547253727912903e-02,1.976537331938743591e-02,1.694525778293609619e-02,1.373062096536159515e-02,1.000585313886404037e-02,6.662312895059585571e-03,2.676984062418341637e-03,-6.209938437677919865e-04,-3.982509952038526535e-03,-6.242666393518447876e-03,-8.501188829541206360e-03,-9.719819761812686920e-03,-1.052068267017602921e-02,-1.088040228933095932e-02,-1.010456494987010956e-02,-9.132263250648975372e-03,-6.939612794667482376e-03,-4.726658575236797333e-03,-2.474433975294232368e-03,2.779544738586992025e-04
4.676775279222056270e-05,1.014196686446666718e-02,1.980699598789215088e-02,2.964200265705585480e-02,3.780986368656158447e-02,4.490258917212486267e-02,5.066639930009841919e-02,5.473411828279495239e-02,5.715637281537055969e-02,5.789176002144813538e-02,5.726601928472518921e-02,5.476230010390281677e-02,5.076601356267929077e-02,4.552052915096282959e-02,3.934838250279426575e-02,3.201745823025703430e-02,2.367626689374446869e-02,1.489769201725721359e-02,6.098546553403139114e-03,-2.235462889075279236e-03,-9.844699874520301819e-03,-1.672161370515823364e-02,-2.284912951290607452e-02,-2.819345332682132721e-02,-3.170241788029670715e-02,-3.398202732205390930e-02,-3.488489985466003418e-02,-3.439969941973686218e-02,-3.286724537611007690e-02,-2.994681335985660553e-02,-2.599732391536235809e-02,-2.081708423793315887e-02,-1.515956595540046692e-02,-9.008557535707950592e-03,-2.861333778128027916e-03,3.762471955269575119e-03,9.593592956662178040e-03,1.524101849645376205e-02,1.987267471849918365e-02,2.420252189040184021e-02,2.737256884574890137e-02,3.008902445435523987e-02,3.134793415665626526e-02,3.206742182374000549e-02,3.147759661078453064e-02,3.048586100339889526e-02,2.865784242749214172e-02,2.612481079995632172e-02,2.310826815664768219e-02,2.006587944924831390e-02,1.671135611832141876e-02,1.330905780196189880e-02,9.788170456886291504e-03,6.596922874450683594e-03,4.271800629794597626e-03,1.772062736563384533e-03,2.619602601043879986e-04,-1.336201676167547703e-03,-1.870176405645906925e-03,-2.261786721646785736e-03,-1.923308824189007282e-03,-1.440574997104704380e-03,-8.351819124072790146e-04,4.013713332824409008e-04
1.309005601797252893e-04,1.142609957605600357e-02,2.286956086754798889e-02,3.381355851888656616e-02,4.328970983624458313e-02,5.185603350400924683e-02,5.859184265136718750e-02,6.385863572359085083e-02,6.755277514457702637e-02,6.891958415508270264e-02,6.868673115968704224e-02,6.628904491662979126e-02,6.264314800500869751e-02,5.727297067642211914e-02,5.047802627086639404e-02,4.303112998604774475e-02,3.435969352722167969e-02,2.553787641227245331e-02,1.608954928815364838e-02,6.760568358004093170e-03,-2.046762034296989441e-03,-9.619094431400299072e-03,-1.643017865717411041e-02,-2.226660959422588348e-02,-2.722431160509586334e-02,-3.024185821413993835e-02,-3.217295557260513306e-02,-3.228168562054634094e-02,-3.148961067199707031e-02,-2.861732803285121918e-02,-2.514412067830562592e-02,-2.027473598718643188e-02,-1.456634607166051865e-02,-8.259770460426807404e-03,-1.772597548551857471e-03,4.913676995784044266e-03,1.194056123495101929e-02,1.793188601732254028e-02,2.363682538270950317e-02,2.819862589240074158e-02,3.290583938360214233e-02,3.627051785588264465e-02,3.839056193828582764e-02,3.985806554555892944e-02,4.043298587203025818e-02,4.000068455934524536e-02,3.854164853692054749e-02,3.641610965132713318e-02,3.412301838397979736e-02,3.123813867568969727e-02,2.776698209345340729e-02,2.441873960196971893e-02,2.071334794163703918e-02,1.762989535927772522e-02,1.419177185744047165e-02,1.141148712486028671e-02,8.628323674201965332e-03,6.521479226648807526e-03,4.705158527940511703e-03,3.142639994621276855e-03,2.262539230287075043e-03,1.189528265967965126e-03,3.378963447175920010e-04,2.062531275441870093e-04
-9.562035847920924425e-05,1.282960176467895508e-02,2.535801194608211517e-02,3.739586845040321350e-02,4.784420132637023926e-02,5.751449614763259888e-02,6.539258360862731934e-02,7.141535729169845581e-02,7.531663775444030762e-02,7.763390243053436279e-02,7.767515629529953003e-02,7.595302909612655640e-02,7.201012969017028809e-02,6.670709699392318726e-02,5.987189337611198425e-02,5.201297625899314880e-02,4.289208352565765381e-02,3.397982567548751831e-02,2.420814894139766693e-02,1.483463775366544724e-02,5.271960981190204620e-03,-3.162077395245432854e-03,-1.072371937334537506e-02,-1.713497564196586609e-02,-2.230553701519966125e-02,-2.618482150137424469e-02,-2.855123765766620636e-02,-2.920543216168880463e-02,-2.829681150615215302e-02,-2.614570222795009613e-02,-2.272001281380653381e-02,-1.780802756547927856e-02,-1.224962808191776276e-02,-5.730598699301481247e-03,8.391066221520304680e-04,8.234541863203048706e-03,1.510665938258171082e-02,2.205259539186954498e-02,2.811910957098007202e-02,3.376217931509017944e-02,3.850198537111282349e-02,4.291567951440811157e-02,4.547606781125068665e-02,4.763180390000343323e-02,4.821690917015075684e-02,4.850933700799942017e-02,4.753224924206733704e-02,4.555765166878700256e-02,4.306314513087272644e-02,4.042106121778488159e-02,3.690209239721298218e-02,3.332612290978431702e-02,2.933735400438308716e-02,2.554342523217201233e-02,2.209454029798507690e-02,1.846361905336380005e-02,1.520403288304805756e-02,1.240152493119239807e-02,9.589147754013538361e-03,7.729287724941968918e-03,5.678332410752773285e-03,3.402555128559470177e-03,1.498843543231487274e-03,2.288843679707497358e-04
-1.086276970454491675e-04,1.318028382956981659e-02,2.651008963584899902e-02,3.875513374805450439e-02,4.991479218006134033e-02,6.011684983968734741e-02,6.833064556121826172e-02,7.484199106693267822e-02,7.966048270463943481e-02,8.239655941724777222e-02,8.286073058843612671e-02,8.115101605653762817e-02,7.783243060111999512e-02,7.269859313964843750e-02,6.594396382570266724e-02,5.805156752467155457e-02,4.906043782830238342e-02,3.969886526465415955e-02,3.002926148474216461e-02,2.048902399837970734e-02,1.102490443736314774e-02,2.197832567617297173e-03,-5.474998150020837784e-03,-1.249026041477918625e-02,-1.782935485243797302e-02,-2.184808067977428436e-02,-2.445446513593196869e-02,-2.546269819140434265e-02,-2.494195103645324707e-02,-2.268523350358009338e-02,-1.971948705613613129e-02,-1.488735899329185486e-02,-9.095354937016963959e-03,-2.378511941060423851e-03,4.573271609842777252e-03,1.160528138279914856e-02,1.905599609017372131e-02,2.583441324532032013e-02,3.246225416660308838e-02,3.799163177609443665e-02,4.333955049514770508e-02,4.777122661471366882e-02,5.080225691199302673e-02,5.282421410083770752e-02,5.397638306021690369e-02,5.431284010410308838e-02,5.340681597590446472e-02,5.147119238972663879e-02,4.917982593178749084e-02,4.624764621257781982e-02,4.257943108677864075e-02,3.884836286306381226e-02,3.451601415872573853e-02,3.060958348214626312e-02,2.650321647524833679e-02,2.267550863325595856e-02,1.889555156230926514e-02,1.536663994193077087e-02,1.230672933161258698e-02,9.567925706505775452e-03,7.202780339866876602e-03,4.837403073906898499e-03,2.311344956979155540e-03,1.874922018032521009e-04
9.636909089749678969e-05,1.331651117652654648e-02,2.682396769523620605e-02,3.920540586113929749e-02,5.096400901675224304e-02,6.086730211973190308e-02,6.963276118040084839e-02,7.636532932519912720e-02,8.111010491847991943e-02,8.410035073757171631e-02,8.492430299520492554e-02,8.333441615104675293e-02,7.988273352384567261e-02,7.531542330980300903e-02,6.881666183471679688e-02,6.145308539271354675e-02,5.224246159195899963e-02,4.304863139986991882e-02,3.323329985141754150e-02,2.396785467863082886e-02,1.445083599537611008e-02,6.076117046177387238e-03,-2.043232787400484085e-03,-8.417898789048194885e-03,-1.411564182490110397e-02,-1.795582100749015808e-02,-2.075019478797912598e-02,-2.150048501789569855e-02,-2.102502062916755676e-02,-1.879419572651386261e-02,-1.565935276448726654e-02,-1.045794691890478134e-02,-4.844845272600650787e-03,1.912962412461638451e-03,8.677730336785316467e-03,1.583260856568813324e-02,2.300472930073738098e-02,3.005627170205116272e-02,3.655388951301574707e-02,4.242698103189468384e-02,4.755249992012977600e-02,5.178966000676155090e-02,5.483959242701530457e-02,5.658642202615737915e-02,5.758076906204223633e-02,5.775673687458038330e-02,5.679534748196601868e-02,5.455319210886955261e-02,5.197170004248619080e-02,4.896175488829612732e-02,4.525809735059738159e-02,4.097621887922286987e-02,3.656801208853721619e-02,3.224867209792137146e-02,2.810852974653244019e-02,2.400978282094001770e-02,2.004854939877986908e-02,1.637747883796691895e-02,1.310666557401418686e-02,1.031548343598842621e-02,7.538242731243371964e-03,5.141032859683036804e-03,2.375357318669557571e-03,3.209533169865608215e-04
4.040298226755112410e-04,1.324193459004163742e-02,2.615152299404144287e-02,3.826959803700447083e-02,4.958199709653854370e-02,5.913877487182617188e-02,6.743746250867843628e-02,7.396058738231658936e-02,7.890244573354721069e-02,8.157794922590255737e-02,8.244489133358001709e-02,8.139084279537200928e-02,7.811136543750762939e-02,7.378791272640228271e-02,6.748385727405548096e-02,6.076580658555030823e-02,5.198298394680023193e-02,4.331875219941139221e-02,3.370219841599464417e-02,2.459056861698627472e-02,1.556667033582925797e-02,7.790440227836370468e-03,5.011044559068977833e-04,-5.778799764811992645e-03,-1.075478363782167435e-02,-1.450606528669595718e-02,-1.672912575304508209e-02,-1.748891733586788177e-02,-1.665657944977283478e-02,-1.429446320980787277e-02,-1.090963743627071381e-02,-6.033138837665319443e-03,-9.667242557043209672e-05,6.344223860651254654e-03,1.318959519267082214e-02,1.993698067963123322e-02,2.732222154736518860e-02,3.386472910642623901e-02,3.989786282181739807e-02,4.528060555458068848e-02,5.019704625010490417e-02,5.399634316563606262e-02,5.630566179752349854e-02,5.795878916978836060e-02,5.871719121932983398e-02,5.829091370105743408e-02,5.666108056902885437e-02,5.433627218008041382e-02,5.134850367903709412e-02,4.809279367327690125e-02,4.378605633974075317e-02,3.960352391004562378e-02,3.488651663064956665e-02,3.089112415909767151e-02,2.638753876090049744e-02,2.254598960280418396e-02,1.832106895744800568e-02,1.520778238773345947e-02,1.157851330935955048e-02,8.950641378760337830e-03,6.450962740927934647e-03,4.314405377954244614e-03,2.032356103882193565e-03,-8.032501500565558672e-05
-1.761042040016036481e-05,1.223490945994853973e-02,2.443866059184074402e-02,3.557385876774787903e-02,4.625481367111206055e-02,5.534104257822036743e-02,6.340516358613967896e-02,6.961970031261444092e-02,7.363957911729812622e-02,7.653927057981491089e-02,7.701113075017929077e-02,7.594055682420730591e-02,7.266342639923095703e-02,6.854236871004104614e-02,6.281898170709609985e-02,5.640431120991706848e-02,4.849540069699287415e-02,4.023963585495948792e-02,3.153657913208007812e-02,2.302810177206993103e-02,1.484389230608940125e-02,7.515304256230592728e-03,9.154228027909994125e-04,-4.327142145484685898e-03,-8.789824321866035461e-03,-1.197480782866477966e-02,-1.365888677537441254e-02,-1.356646232306957245e-02,-1.248218491673469543e-02,-9.844522923231124878e-03,-6.378500722348690033e-03,-9.577739401720464230e-04,4.342731088399887085e-03,1.103548426181077957e-02,1.741879805922508240e-02,2.427219040691852570e-02,3.058857470750808716e-02,3.699770197272300720e-02,4.233812540769577026e-02,4.718485102057456970e-02,5.096381530165672302e-02,5.432986468076705933e-02,5.621708929538726807e-02,5.686658248305320740e-02,5.655889585614204407e-02,5.546898767352104187e-02,5.322557315230369568e-02,4.999092221260070801e-02,4.661612212657928467e-02,4.294077679514884949e-02,3.887896612286567688e-02,3.427692875266075134e-02,2.985679544508457184e-02,2.531610801815986633e-02,2.135122939944267273e-02,1.746393740177154541e-02,1.393359433859586716e-02,1.043294835835695267e-02,7.807667367160320282e-03,5.942486692219972610e-03,4.322183318436145782e-03,2.662162762135267258e-03,1.284877071157097816e-03,-4.853801146964542568e-05
3.324098943267017603e-04,1.047588139772415161e-02,2.178063988685607910e-02,3.187203779816627502e-02,4.117171093821525574e-02,4.962832108139991760e-02,5.677201226353645325e-02,6.200733780860900879e-02,6.567552685737609863e-02,6.787995249032974243e-02,6.810226291418075562e-02,6.746840476989746094e-02,6.441702693700790405e-02,6.059347093105316162e-02,5.493493750691413879e-02,4.922661185264587402e-02,4.191652685403823853e-02,3.468866273760795593e-02,2.659785933792591095e-02,1.899336092174053192e-02,1.155996974557638168e-02,5.415194202214479446e-03,-2.203053591074422002e-04,-4.838888999074697495e-03,-8.040576241910457611e-03,-1.046094670891761780e-02,-1.115779951214790344e-02,-1.081676967442035675e-02,-8.764783851802349091e-03,-6.008065771311521530e-03,-2.089510438963770866e-03,2.657869365066289902e-03,8.660011924803256989e-03,1.458308193832635880e-02,2.094878815114498138e-02,2.715322002768516541e-02,3.341118991374969482e-02,3.877098858356475830e-02,4.352406039834022522e-02,4.731885343790054321e-02,5.057476833462715149e-02,5.238912627100944519e-02,5.338580906391143799e-02,5.322472378611564636e-02,5.228060856461524963e-02,5.036647617816925049e-02,4.776750504970550537e-02,4.451867565512657166e-02,4.037178307771682739e-02,3.581450134515762329e-02,3.104494139552116394e-02,2.606586180627346039e-02,2.151150256395339966e-02,1.701019704341888428e-02,1.337422244250774384e-02,1.019381824880838394e-02,7.653790060430765152e-03,4.939993377774953842e-03,2.914562355726957321e-03,1.416272949427366257e-03,7.564888219349086285e-04,6.482371245510876179e-04,1.363127230433747172e-04,-4.500474460655823350e-05
3.220043727196753025e-04,8.795253001153469086e-03,1.851047389209270477e-02,2.683713845908641815e-02,3.471640869975090027e-02,4.119751602411270142e-02,4.739785566926002502e-02,5.151207000017166138e-02,5.519988015294075012e-02,5.667887255549430847e-02,5.692140012979507446e-02,5.555335059762001038e-02,5.272714421153068542e-02,4.907386377453804016e-02,4.396298155188560486e-02,3.859093040227890015e-02,3.213106468319892883e-02,2.609940804541110992e-02,1.885112375020980835e-02,1.262293476611375809e-02,6.311639212071895599e-03,1.354915089905261993e-03,-3.424917580559849739e-03,-6.522214505821466446e-03,-8.859279565513134003e-03,-1.000764779746532440e-02,-9.996356442570686340e-03,-8.591914549469947815e-03,-6.255580112338066101e-03,-2.914326265454292297e-03,1.145983580499887466e-03,6.516572553664445877e-03,1.201496366411447525e-02,1.802027598023414612e-02,2.380831725895404816e-02,2.961032465100288391e-02,3.472636267542839050e-02,3.930601105093955994e-02,4.306158423423767090e-02,4.588491469621658325e-02,4.782634600996971130e-02,4.865341633558273315e-02,4.842085763812065125e-02,4.722894728183746338e-02,4.548505693674087524e-02,4.295003786683082581e-02,3.895366564393043518e-02,3.478509187698364258e-02,2.963423170149326324e-02,2.486514300107955933e-02,1.954382844269275665e-02,1.493229623883962631e-02,9.926891885697841644e-03,5.531835369765758514e-03,2.151559339836239815e-03,-2.306830429006367922e-04,-2.388708526268601418e-03,-3.576899878680706024e-03,-4.242110531777143478e-03,-4.268095362931489944e-03,-3.746706992387771606e-03,-2.257820917293429375e-03,-1.178228762000799179e-03,4.239014815539121628e-04
1.435262674931436777e-04,7.105046417564153671e-03,1.427152846008539200e-02,2.140484005212783813e-02,2.719563804566860199e-02,3.258961811661720276e-02,3.723194450139999390e-02,4.034916684031486511e-02,4.258263111114501953e-02,4.289708659052848816e-02,4.254071786999702454e-02,4.054965823888778687e-02,3.793001547455787659e-02,3.410469740629196167e-02,2.986862324178218842e-02,2.492507360875606537e-02,1.979090087115764618e-02,1.435491628944873810e-02,9.168817661702632904e-03,3.815006464719772339e-03,-8.810367435216903687e-04,-4.475532565265893936e-03,-7.870775647461414337e-03,-9.969728067517280579e-03,-1.102555356919765472e-02,-1.126151718199253082e-02,-1.020521391183137894e-02,-8.147833868861198425e-03,-4.843421280384063721e-03,-9.984880452975630760e-04,3.561806399375200272e-03,8.701207116246223450e-03,1.453773304820060730e-02,1.996351219713687897e-02,2.544156275689601898e-02,3.047259896993637085e-02,3.508813679218292236e-02,3.859430178999900818e-02,4.115898534655570984e-02,4.287524148821830750e-02,4.369978606700897217e-02,4.334463551640510559e-02,4.215981438755989075e-02,4.012600332498550415e-02,3.703712299466133118e-02,3.236860036849975586e-02,2.779103443026542664e-02,2.211380004882812500e-02,1.684265770018100739e-02,1.100302301347255707e-02,5.947274621576070786e-03,7.814648561179637909e-04,-3.567741718143224716e-03,-7.442817557603120804e-03,-1.003298163414001465e-02,-1.176743954420089722e-02,-1.295930240303277969e-02,-1.314518507570028305e-02,-1.228317990899085999e-02,-1.130531635135412216e-02,-8.903765119612216949e-03,-6.256502587348222733e-03,-3.160945372655987740e-03,-1.235616800840944052e-04
4.025494272354990244e-04,4.817358683794736862e-03,1.024973299354314804e-02,1.504714228212833405e-02,1.935664191842079163e-02,2.292002737522125244e-02,2.558281831443309784e-02,2.755360677838325500e-02,2.862277068197727203e-02,2.851052768528461456e-02,2.706904709339141846e-02,2.500549890100955963e-02,2.233356423676013947e-02,1.894748583436012268e-02,1.507758162915706635e-02,1.086054369807243347e-02,6.647421047091484070e-03,2.290260745212435722e-03,-2.081002574414014816e-03,-6.155241280794143677e-03,-9.582062251865863800e-03,-1.186310686171054840e-02,-1.364181656390428543e-02,-1.428962219506502151e-02,-1.401420217007398605e-02,-1.321931090205907822e-02,-1.104172132909297943e-02,-8.163765072822570801e-03,-4.126686137169599533e-03,1.193206408061087132e-04,5.016938317567110062e-03,1.050373632460832596e-02,1.582507602870464325e-02,2.115144208073616028e-02,2.584686316549777985e-02,3.030285798013210297e-02,3.403069823980331421e-02,3.654529154300689697e-02,3.814446181058883667e-02,3.851741924881935120e-02,3.826004266738891602e-02,3.694517165422439575e-02,3.416325151920318604e-02,3.060257434844970703e-02,2.609254047274589539e-02,2.058903500437736511e-02,1.481183338910341263e-02,8.571989834308624268e-03,2.530772704631090164e-03,-3.573990426957607269e-03,-9.267187677323818207e-03,-1.436535827815532684e-02,-1.877036131918430328e-02,-2.208737283945083618e-02,-2.382580377161502838e-02,-2.506484091281890869e-02,-2.496690303087234497e-02,-2.419396676123142242e-02,-2.191878482699394226e-02,-1.903717592358589172e-02,-1.523287501186132431e-02,-1.010235957801342010e-02,-4.996873904019594193e-03,6.677707006019772962e-06
2.477188245393335819e-04,3.245248924940824509e-03,6.148733664304018021e-03,9.286234155297279358e-03,1.113272365182638168e-02,1.300685945898294449e-02,1.376852020621299744e-02,1.460754126310348511e-02,1.416916679590940475e-02,1.308020483702421188e-02,1.122926082462072372e-02,9.033036418259143829e-03,6.228109821677207947e-03,2.793004270642995834e-03,-5.861848476342856884e-04,-4.270168486982584000e-03,-7.472455035895109177e-03,-1.099755894392728806e-02,-1.416677236557006836e-02,-1.683843880891799927e-02,-1.891626417636871338e-02,-2.011028304696083069e-02,-2.037402056157588959e-02,-2.019690535962581635e-02,-1.818685978651046753e-02,-1.640985347330570221e-02,-1.308491826057434082e-02,-9.778784587979316711e-03,-4.823672119528055191e-03,3.399663182790391147e-05,5.195105914026498795e-03,1.040326803922653198e-02,1.602679863572120667e-02,2.094841934740543365e-02,2.534498274326324463e-02,2.908657677471637726e-02,3.218876570463180542e-02,3.386257588863372803e-02,3.432018682360649109e-02,3.376186639070510864e-02,3.229576721787452698e-02,2.939713932573795319e-02,2.552207186818122864e-02,2.061470225453376770e-02,1.497860439121723175e-02,8.440637029707431793e-03,1.519477344118058681e-03,-5.338956136256456375e-03,-1.216158829629421234e-02,-1.924913190305233002e-02,-2.471042610704898834e-02,-2.984193898737430573e-02,-3.362815082073211670e-02,-3.675367683172225952e-02,-3.780212253332138062e-02,-3.793299570679664612e-02,-3.662423789501190186e-02,-3.463053703308105469e-02,-3.104877285659313202e-02,-2.673455514013767242e-02,-2.065989375114440918e-02,-1.392521522939205170e-02,-6.700245197862386703e-03,-3.058697911910712719e-04
1.702878216747194529e-04,1.132574863731861115e-03,2.358786063268780708e-03,3.129261778667569160e-03,2.967618871480226517e-03,2.560018096119165421e-03,2.125445520505309105e-03,1.146836904808878899e-03,3.762861888390034437e-05,-1.854408299550414085e-03,-4.311970900744199753e-03,-6.886907387524843216e-03,-9.891156107187271118e-03,-1.277670357376337051e-02,-1.596880145370960236e-02,-1.901437342166900635e-02,-2.179853431880474091e-02,-2.434152178466320038e-02,-2.645927853882312775e-02,-2.799339964985847473e-02,-2.857252210378646851e-02,-2.835872396826744080e-02,-2.777069434523582458e-02,-2.622530609369277954e-02,-2.356779016554355621e-02,-2.024767920374870300e-02,-1.631308533251285553e-02,-1.198842469602823257e-02,-6.571909412741661072e-03,-1.270925858989357948e-03,4.097393248230218887e-03,9.608184918761253357e-03,1.478741317987442017e-02,1.944316178560256958e-02,2.341324836015701294e-02,2.645597420632839203e-02,2.872847020626068115e-02,2.956048958003520966e-02,2.921535074710845947e-02,2.755619212985038757e-02,2.487506531178951263e-02,2.113498002290725708e-02,1.637229137122631073e-02,1.002098154276609421e-02,3.254959825426340103e-03,-4.446038976311683655e-03,-1.225100364536046982e-02,-1.980356872081756592e-02,-2.709386125206947327e-02,-3.365500643849372864e-02,-3.965442627668380737e-02,-4.448070004582405090e-02,-4.824371263384819031e-02,-5.020666122436523438e-02,-5.108678340911865234e-02,-5.054312944412231445e-02,-4.855004698038101196e-02,-4.501716047525405884e-02,-3.970877081155776978e-02,-3.392841294407844543e-02,-2.592836692929267883e-02,-1.751122437417507172e-02,-8.630868047475814819e-03,2.349894057260826230e-04
4.810495374840684235e-05,-7.765637128613889217e-04,-1.657847198657691479e-03,-2.754389308393001556e-03,-4.639513324946165085e-03,-6.072066258639097214e-03,-8.258147165179252625e-03,-9.793198667466640472e-03,-1.223143097013235092e-02,-1.473730523139238358e-02,-1.749096252024173737e-02,-2.042645402252674103e-02,-2.325208112597465515e-02,-2.650414220988750458e-02,-2.915800921618938446e-02,-3.207160532474517822e-02,-3.412633389234542847e-02,-3.626857325434684753e-02,-3.715085238218307495e-02,-3.836669027805328369e-02,-3.782157227396965027e-02,-3.654427826404571533e-02,-3.468096256256103516e-02,-3.257563337683677673e-02,-2.901604399085044861e-02,-2.474356070160865784e-02,-1.990045420825481415e-02,-1.516638230532407761e-02,-9.300797246396541595e-03,-3.514369484037160873e-03,2.083860570564866066e-03,7.554152514785528183e-03,1.267647836357355118e-02,1.726964861154556274e-02,2.083170600235462189e-02,2.335365302860736847e-02,2.488648705184459686e-02,2.526401169598102570e-02,2.393135614693164825e-02,2.157938294112682343e-02,1.786657050251960754e-02,1.327212527394294739e-02,7.012135814875364304e-03,-1.451754651498049498e-04,-8.067371323704719543e-03,-1.593771576881408691e-02,-2.417050302028656006e-02,-3.219872713088989258e-02,-3.949337452650070190e-02,-4.657547175884246826e-02,-5.212312564253807068e-02,-5.706278979778289795e-02,-6.033454835414886475e-02,-6.227863952517509460e-02,-6.254339218139648438e-02,-6.162771955132484436e-02,-5.859030783176422119e-02,-5.429381504654884338e-02,-4.757182672619819641e-02,-4.060610383749008179e-02,-3.128517046570777893e-02,-2.139886282384395599e-02,-1.052318979054689407e-02,-3.996963787358254194e-04
-2.096192838507704437e-05,-2.684065373614430428e-03,-4.647149238735437393e-03,-7.459836546331644058e-03,-1.038731727749109268e-02,-1.318752299994230270e-02,-1.638119854032993317e-02,-1.910795643925666809e-02,-2.201626449823379517e-02,-2.517502754926681519e-02,-2.875203266739845276e-02,-3.200316056609153748e-02,-3.508972749114036560e-02,-3.795050829648971558e-02,-4.085863754153251648e-02,-4.310606047511100769e-02,-4.486763104796409607e-02,-4.613621905446052551e-02,-4.693954065442085266e-02,-4.681849107146263123e-02,-4.553798586130142212e-02,-4.365609586238861084e-02,-4.070837423205375671e-02,-3.792782500386238098e-02,-3.384330868721008301e-02,-2.913332358002662659e-02,-2.397152967751026154e-02,-1.837907172739505768e-02,-1.227537635713815689e-02,-6.519465707242488861e-03,-6.436728872358798981e-04,4.725196398794651031e-03,9.676101617515087128e-03,1.372158713638782501e-02,1.694281958043575287e-02,1.914529502391815186e-02,2.034066431224346161e-02,1.995295658707618713e-02,1.829687878489494324e-02,1.511374581605195999e-02,1.095500402152538300e-02,5.162643734365701675e-03,-1.869639381766319275e-03,-9.513559751212596893e-03,-1.745015196502208710e-02,-2.560862898826599121e-02,-3.434905409812927246e-02,-4.262343421578407288e-02,-5.043991655111312866e-02,-5.744643881916999817e-02,-6.346654891967773438e-02,-6.805167347192764282e-02,-7.101056724786758423e-02,-7.243812084197998047e-02,-7.229421287775039673e-02,-7.055689394474029541e-02,-6.722024828195571899e-02,-6.152648106217384338e-02,-5.387457460165023804e-02,-4.551742598414421082e-02,-3.487615287303924561e-02,-2.378964610397815704e-02,-1.190411113202571869e-02,2.373972383793443441e-04
-3.095857100561261177e-04,-3.635852131992578506e-03,-7.115560118108987808e-03,-1.093210931867361069e-02,-1.497506815940141678e-02,-1.845426112413406372e-02,-2.254592627286911011e-02,-2.562894113361835480e-02,-2.959701418876647949e-02,-3.324029222130775452e-02,-3.703868016600608826e-02,-4.043047875165939331e-02,-4.388593137264251709e-02,-4.666079953312873840e-02,-4.927059635519981384e-02,-5.129623413085937500e-02,-5.291112884879112244e-02,-5.404660478234291077e-02,-5.385311320424079895e-02,-5.344576388597488403e-02,-5.166566744446754456e-02,-4.931081458926200867e-02,-4.582201316952705383e-02,-4.241665825247764587e-02,-3.795977309346199036e-02,-3.300619870424270630e-02,-2.722924016416072845e-02,-2.187491953372955322e-02,-1.554859522730112076e-02,-9.420883841812610626e-03,-3.753279568627476692e-03,1.669149263761937618e-03,6.496470421552658081e-03,1.033723820000886917e-02,1.326633896678686142e-02,1.512601412832736969e-02,1.591826044023036957e-02,1.535643450915813446e-02,1.311658602207899094e-02,9.741541929543018341e-03,4.737764131277799606e-03,-1.618564245291054249e-03,-8.938363753259181976e-03,-1.666912622749805450e-02,-2.514101564884185791e-02,-3.338776528835296631e-02,-4.236021637916564941e-02,-5.054092779755592346e-02,-5.870740115642547607e-02,-6.504921615123748779e-02,-7.094096392393112183e-02,-7.494093477725982666e-02,-7.826614379882812500e-02,-7.897427678108215332e-02,-7.875580340623855591e-02,-7.655784487724304199e-02,-7.257927209138870239e-02,-6.636148691177368164e-02,-5.757036432623863220e-02,-4.852268844842910767e-02,-3.722406178712844849e-02,-2.511103078722953796e-02,-1.242891233414411545e-02,1.439409097656607628e-04
-4.340264713391661644e-04,-4.449767526239156723e-03,-8.521961979568004608e-03,-1.268666796386241913e-02,-1.710936054587364197e-02,-2.141173928976058960e-02,-2.593619562685489655e-02,-2.999327331781387329e-02,-3.368706256151199341e-02,-3.787029907107353210e-02,-4.174673929810523987e-02,-4.526898637413978577e-02,-4.870099946856498718e-02,-5.147624760866165161e-02,-5.406618118286132812e-02,-5.605369806289672852e-02,-5.756327137351036072e-02,-5.802496522665023804e-02,-5.798796936869621277e-02,-5.689729377627372742e-02,-5.527308583259582520e-02,-5.238001421093940735e-02,-4.892476275563240051e-02,-4.534919559955596924e-02,-4.082866013050079346e-02,-3.578013926744461060e-02,-3.027441352605819702e-02,-2.469343692064285278e-02,-1.869525387883186340e-02,-1.273097377270460129e-02,-7.118799258023500443e-03,-1.757152611389756203e-03,2.771695144474506378e-03,6.506118923425674438e-03,9.393462911248207092e-03,1.104251947253942490e-02,1.162451226264238358e-02,1.073236577212810516e-02,8.551214821636676788e-03,4.579862114042043686e-03,-3.274020564276725054e-04,-6.677296478301286697e-03,-1.378129050135612488e-02,-2.121828868985176086e-02,-2.938483282923698425e-02,-3.797876834869384766e-02,-4.675768688321113586e-02,-5.512965470552444458e-02,-6.273909658193588257e-02,-6.940570473670959473e-02,-7.519238442182540894e-02,-7.887742668390274048e-02,-8.216130733489990234e-02,-8.253766596317291260e-02,-8.214023709297180176e-02,-7.963573187589645386e-02,-7.537655532360076904e-02,-6.795357167720794678e-02,-5.888580903410911560e-02,-4.975962266325950623e-02,-3.784302249550819397e-02,-2.579933218657970428e-02,-1.287469640374183655e-02,4.170676111243665218e-04
-5.985479801893234253e-04,-4.477492999285459518e-03,-8.558711037039756775e-03,-1.352093182504177094e-02,-1.765095442533493042e-02,-2.214339934289455414e-02,-2.711102366447448730e-02,-3.116379491984844208e-02,-3.508172929286956787e-02,-3.922078385949134827e-02,-4.296705126762390137e-02,-4.672394320368766785e-02,-4.967671632766723633e-02,-5.270397290587425232e-02,-5.518798530101776123e-02,-5.729803442955017090e-02,-5.857511609792709351e-02,-5.921695381402969360e-02,-5.893519520759582520e-02,-5.842354893684387207e-02,-5.652146041393280029e-02,-5.403728410601615906e-02,-5.052529647946357727e-02,-4.720242694020271301e-02,-4.290714859962463379e-02,-3.795221820473670959e-02,-3.275305777788162231e-02,-2.723648399114608765e-02,-2.145912311971187592e-02,-1.541012153029441833e-02,-1.017646305263042450e-02,-5.032771732658147812e-03,-7.151484023779630661e-04,3.070398233830928802e-03,5.665578879415988922e-03,7.364279124885797501e-03,7.927959784865379333e-03,7.110854610800743103e-03,4.765984136611223221e-03,1.277062925510108471e-03,-3.816046984866261482e-03,-9.667686186730861664e-03,-1.664557494223117828e-02,-2.416248060762882233e-02,-3.184758126735687256e-02,-4.000636935234069824e-02,-4.816337302327156067e-02,-5.609147995710372925e-02,-6.324620544910430908e-02,-6.933064013719558716e-02,-7.512869685888290405e-02,-7.901286333799362183e-02,-8.195264637470245361e-02,-8.234874904155731201e-02,-8.168017119169235229e-02,-7.937899976968765259e-02,-7.449789345264434814e-02,-6.721555441617965698e-02,-5.858827754855155945e-02,-4.948051646351814270e-02,-3.806144744157791138e-02,-2.582018822431564331e-02,-1.306061446666717529e-02,1.282892189919948578e-04
-6.730417371727526188e-04,-4.407966975122690201e-03,-7.898167707026004791e-03,-1.226777676492929459e-02,-1.588419266045093536e-02,-2.013523876667022705e-02,-2.425433322787284851e-02,-2.805966883897781372e-02,-3.185864537954330444e-02,-3.524604812264442444e-02,-3.953643888235092163e-02,-4.267528653144836426e-02,-4.623687267303466797e-02,-4.888309910893440247e-02,-5.198537185788154602e-02,-5.367706343531608582e-02,-5.534812062978744507e-02,-5.601547658443450928e-02,-5.658228322863578796e-02,-5.589169636368751526e-02,-5.454820021986961365e-02,-5.237360298633575439e-02,-4.970150440931320190e-02,-4.662989825010299683e-02,-4.267895594239234924e-02,-3.833707049489021301e-02,-3.357739746570587158e-02,-2.845385670661926270e-02,-2.304654568433761597e-02,-1.769496873021125793e-02,-1.264064665883779526e-02,-7.890146225690841675e-03,-3.644068492576479912e-03,-1.983973634196445346e-04,2.496104687452316284e-03,4.402005579322576523e-03,5.154595244675874710e-03,4.318206571042537689e-03,2.574142068624496460e-03,-7.330133812502026558e-04,-4.673587158322334290e-03,-1.019320357590913773e-02,-1.625452190637588501e-02,-2.265587449073791504e-02,-3.030049987137317657e-02,-3.781500086188316345e-02,-4.594988003373146057e-02,-5.296427011489868164e-02,-5.993008986115455627e-02,-6.551707535982131958e-02,-7.137570530176162720e-02,-7.465824484825134277e-02,-7.752180099487304688e-02,-7.787593454122543335e-02,-7.743316888809204102e-02,-7.480981200933456421e-02,-6.991459429264068604e-02,-6.320224702358245850e-02,-5.551128089427947998e-02,-4.658362641930580139e-02,-3.589722141623497009e-02,-2.449742890894412994e-02,-1.239852048456668854e-02,4.822835908271372318e-04
-4.150549066253006458e-04,-3.070471109822392464e-03,-5.979108158499002457e-03,-9.799866005778312683e-03,-1.275997888296842575e-02,-1.604063436388969421e-02,-1.969966106116771698e-02,-2.258302085101604462e-02,-2.608608640730381012e-02,-2.914142049849033356e-02,-3.293493017554283142e-02,-3.578102216124534607e-02,-3.892659768462181091e-02,-4.176618158817291260e-02,-4.454406350851058960e-02,-4.684895277023315430e-02,-4.861276596784591675e-02,-4.978809878230094910e-02,-5.054433271288871765e-02,-5.074974894523620605e-02,-5.007586628198623657e-02,-4.862741008400917053e-02,-4.683693870902061462e-02,-4.446277394890785217e-02,-4.144525527954101562e-02,-3.731845691800117493e-02,-3.344022110104560852e-02,-2.862534299492835999e-02,-2.422421053051948547e-02,-1.903984136879444122e-02,-1.462832838296890259e-02,-1.022681500762701035e-02,-6.326141767203807831e-03,-2.650753129273653030e-03,2.747189319052267820e-05,2.128098160028457642e-03,3.071378916501998901e-03,2.860682783648371696e-03,1.539146411232650280e-03,-1.030397950671613216e-03,-4.406857304275035858e-03,-8.476388640701770782e-03,-1.381199248135089874e-02,-1.937002874910831451e-02,-2.583634853363037109e-02,-3.242259845137596130e-02,-3.971258923411369324e-02,-4.621140286326408386e-02,-5.240260437130928040e-02,-5.795829743146896362e-02,-6.258831918239593506e-02,-6.601366400718688965e-02,-6.832456588745117188e-02,-6.903377920389175415e-02,-6.860224902629852295e-02,-6.626321375370025635e-02,-6.251456588506698608e-02,-5.676074326038360596e-02,-4.973193630576133728e-02,-4.180434346199035645e-02,-3.236902877688407898e-02,-2.177869714796543121e-02,-1.105479616671800613e-02,5.940653500147163868e-04
-3.377554821781814098e-04,-2.032951219007372856e-03,-3.655369393527507782e-03,-5.841441452503204346e-03,-7.648809812963008881e-03,-1.003384031355381012e-02,-1.227811351418495178e-02,-1.456575281918048859e-02,-1.693078503012657166e-02,-1.977412961423397064e-02,-2.277275361120700836e-02,-2.550016529858112335e-02,-2.845579199492931366e-02,-3.131701797246932983e-02,-3.425856307148933411e-02,-3.634341433644294739e-02,-3.875508531928062439e-02,-3.994305059313774109e-02,-4.157334193587303162e-02,-4.194666445255279541e-02,-4.253310337662696838e-02,-4.167043417692184448e-02,-4.103756695985794067e-02,-3.961589932441711426e-02,-3.756121918559074402e-02,-3.451016172766685486e-02,-3.147351369261741638e-02,-2.763601019978523254e-02,-2.383175678551197052e-02,-1.943119987845420837e-02,-1.554364338517189026e-02,-1.128926686942577362e-02,-7.733563426882028580e-03,-4.218666348606348038e-03,-1.263437326997518539e-03,1.120387227274477482e-03,2.385910367593169212e-03,2.821777015924453735e-03,2.263617003336548805e-03,6.853453814983367920e-04,-1.780966646037995815e-03,-5.161689594388008118e-03,-9.090482257306575775e-03,-1.398994121700525284e-02,-1.906727254390716553e-02,-2.485233172774314880e-02,-3.094891272485256195e-02,-3.652650117874145508e-02,-4.206523299217224121e-02,-4.673733934760093689e-02,-5.135716870427131653e-02,-5.406840890645980835e-02,-5.648729577660560608e-02,-5.734941363334655762e-02,-5.715902894735336304e-02,-5.509174615144729614e-02,-5.241860449314117432e-02,-4.715027660131454468e-02,-4.171214252710342407e-02,-3.515044599771499634e-02,-2.712642028927803040e-02,-1.849094964563846588e-02,-9.315457195043563843e-03,6.708222208544611931e-04
-1.297110720770433545e-04,-4.957374185323715210e-04,-1.787868095561861992e-04,-7.336110575124621391e-04,-9.478734573349356651e-04,-1.581077580340206623e-03,-2.849058015272021294e-03,-4.178869538009166718e-03,-5.593241658061742783e-03,-7.310274057090282440e-03,-9.690167382359504700e-03,-1.204035617411136627e-02,-1.473076455295085907e-02,-1.728311739861965179e-02,-2.038494870066642761e-02,-2.308063954114913940e-02,-2.601812407374382019e-02,-2.813611924648284912e-02,-3.032032586634159088e-02,-3.192982077598571777e-02,-3.305283188819885254e-02,-3.349869325757026672e-02,-3.367352485656738281e-02,-3.338459879159927368e-02,-3.254349902272224426e-02,-3.052465058863162994e-02,-2.861846983432769775e-02,-2.584214881062507629e-02,-2.293893322348594666e-02,-1.907258108258247375e-02,-1.570717431604862213e-02,-1.203709281980991364e-02,-8.455879054963588715e-03,-4.787002690136432648e-03,-1.851566019468009472e-03,7.773285033181309700e-04,2.805850468575954437e-03,3.992573823779821396e-03,4.352150950580835342e-03,3.814942669123411179e-03,2.747062826529145241e-03,6.028503994457423687e-04,-2.342900959774851799e-03,-5.939818453043699265e-03,-1.001957524567842484e-02,-1.424739137291908264e-02,-1.926713436841964722e-02,-2.393599972128868103e-02,-2.898585610091686249e-02,-3.304445371031761169e-02,-3.703076392412185669e-02,-3.972959518432617188e-02,-4.209002479910850525e-02,-4.326307028532028198e-02,-4.325357452034950256e-02,-4.224218428134918213e-02,-4.033672437071800232e-02,-3.711925074458122253e-02,-3.273250907659530640e-02,-2.783946879208087921e-02,-2.161133289337158203e-02,-1.440967898815870285e-02,-7.447838783264160156e-03,4.112646856810897589e-04
-1.936157932505011559e-04,1.394302584230899811e-03,2.939543453976511955e-03,4.753263667225837708e-03,6.117239594459533691e-03,6.996942684054374695e-03,7.318175863474607468e-03,7.323899306356906891e-03,7.022109348326921463e-03,5.944985430687665939e-03,4.232836421579122543e-03,2.574912505224347115e-03,2.968811604660004377e-04,-2.216316293925046921e-03,-5.267188418656587601e-03,-7.973791100084781647e-03,-1.143022812902927399e-02,-1.413794327527284622e-02,-1.745925843715667725e-02,-1.984091103076934814e-02,-2.212119661271572113e-02,-2.358402498066425323e-02,-2.502391859889030457e-02,-2.562937140464782715e-02,-2.575595490634441376e-02,-2.528953365981578827e-02,-2.436782605946063995e-02,-2.256766892969608307e-02,-2.036531269550323486e-02,-1.763241738080978394e-02,-1.468426361680030823e-02,-1.115005835890769958e-02,-7.839622907340526581e-03,-4.570853896439075470e-03,-1.346053555607795715e-03,1.783144776709377766e-03,4.336786922067403793e-03,6.252841558307409286e-03,7.473625708371400833e-03,8.399094454944133759e-03,8.274752646684646606e-03,7.492899429053068161e-03,5.817219149321317673e-03,3.732169745489954948e-03,1.168615883216261864e-03,-1.993651734665036201e-03,-5.696760490536689758e-03,-9.281791746616363525e-03,-1.323343347758054733e-02,-1.621071621775627136e-02,-1.992921531200408936e-02,-2.244348637759685516e-02,-2.479906193912029266e-02,-2.604699693620204926e-02,-2.709067426621913910e-02,-2.684629708528518677e-02,-2.608187682926654816e-02,-2.465963736176490784e-02,-2.178631722927093506e-02,-1.867245696485042572e-02,-1.452343724668025970e-02,-1.001378148794174194e-02,-5.462250672280788422e-03,1.353672851109877229e-04
-1.769654627423733473e-04,3.334050998091697693e-03,7.209878414869308472e-03,1.019927673041820526e-02,1.361955050379037857e-02,1.609702780842781067e-02,1.820239424705505371e-02,1.923393458127975464e-02,2.031273394823074341e-02,2.001766301691532135e-02,1.957465149462223053e-02,1.806114427745342255e-02,1.620120368897914886e-02,1.373998448252677917e-02,1.070342678576707840e-02,7.511359639465808868e-03,3.512034192681312561e-03,2.974692870338913053e-05,-3.785165725275874138e-03,-7.447442039847373962e-03,-1.057432498782873154e-02,-1.309133507311344147e-02,-1.547027472406625748e-02,-1.760360971093177795e-02,-1.882473938167095184e-02,-1.919930614531040192e-02,-1.944665238261222839e-02,-1.898537576198577881e-02,-1.759896986186504364e-02,-1.539266481995582581e-02,-1.309457607567310333e-02,-1.041965652257204056e-02,-7.090154103934764862e-03,-3.612612839788198471e-03,-1.430299307685345411e-04,2.991920802742242813e-03,6.432557944208383560e-03,9.169302880764007568e-03,1.145728025585412979e-02,1.289492938667535782e-02,1.434787735342979431e-02,1.482244022190570831e-02,1.479992642998695374e-02,1.370075345039367676e-02,1.249025668948888779e-02,1.069409959018230438e-02,8.259734138846397400e-03,5.473706871271133423e-03,2.212385181337594986e-03,-3.393112565390765667e-04,-3.419938031584024429e-03,-5.842630285769701004e-03,-8.259149268269538879e-03,-9.849319234490394592e-03,-1.126652304083108902e-02,-1.181233208626508713e-02,-1.229307707399129868e-02,-1.182487607002258301e-02,-1.079934276640415192e-02,-9.752848185598850250e-03,-7.411628030240535736e-03,-5.028408020734786987e-03,-2.696900861337780952e-03,-2.216242282884195447e-04
-2.722941862884908915e-04,5.208879709243774414e-03,1.050383970141410828e-02,1.619185507297515869e-02,2.092581614851951599e-02,2.511261776089668274e-02,2.861896343529224396e-02,3.116018511354923248e-02,3.324588015675544739e-02,3.406402096152305603e-02,3.457687795162200928e-02,3.381013870239257812e-02,3.263094276189804077e-02,3.012507222592830658e-02,2.736223675310611725e-02,2.377566695213317871e-02,1.972121186554431915e-02,1.530900970101356506e-02,1.076215505599975586e-02,6.135808303952217102e-03,1.808451837860047817e-03,-2.214855048805475235e-03,-5.709298886358737946e-03,-8.973513729870319366e-03,-1.122431922703981400e-02,-1.295771915465593338e-02,-1.396049745380878448e-02,-1.429901644587516785e-02,-1.377378031611442566e-02,-1.256194524466991425e-02,-1.068864949047565460e-02,-8.250041864812374115e-03,-5.385385826230049133e-03,-2.023706445470452309e-03,1.619543647393584251e-03,5.415781401097774506e-03,9.145915508270263672e-03,1.263133529573678970e-02,1.567113399505615234e-02,1.867528073489665985e-02,2.083480171859264374e-02,2.265790291130542755e-02,2.375730313360691071e-02,2.430354431271553040e-02,2.429588511586189270e-02,2.383829280734062195e-02,2.277381159365177155e-02,2.109992131590843201e-02,1.911324448883533478e-02,1.713744364678859711e-02,1.477115321904420853e-02,1.218911260366439819e-02,9.857486002147197723e-03,7.450373843312263489e-03,5.555033683776855469e-03,3.628257662057876587e-03,2.331055235117673874e-03,1.009325613267719746e-03,2.644012274686247110e-04,-5.384406540542840958e-04,-5.425181007012724876e-04,-5.551152862608432770e-04,-6.387414759956300259e-04,-2.793149324133992195e-04
-1.514898904133588076e-04,6.927203387022018433e-03,1.439286954700946808e-02,2.138639986515045166e-02,2.769686467945575714e-02,3.301938250660896301e-02,3.797707706689834595e-02,4.159767925739288330e-02,4.492880403995513916e-02,4.654371365904808044e-02,4.794437438249588013e-02,4.747029766440391541e-02,4.676316678524017334e-02,4.450464993715286255e-02,4.166733101010322571e-02,3.835561498999595642e-02,3.390606120228767395e-02,2.943470515310764313e-02,2.432693913578987122e-02,1.928609050810337067e-02,1.377237122505903244e-02,8.744117803871631622e-03,4.226253833621740341e-03,1.320949231740087271e-04,-3.489946480840444565e-03,-6.220170296728610992e-03,-8.176219649612903595e-03,-9.499220177531242371e-03,-9.821259416639804840e-03,-9.450771845877170563e-03,-7.965060882270336151e-03,-6.187738385051488876e-03,-3.317749360576272011e-03,-5.470576070365495980e-05,3.788431873545050621e-03,7.666248828172683716e-03,1.226906664669513702e-02,1.593401096761226654e-02,2.017116174101829529e-02,2.346418797969818115e-02,2.718287520110607147e-02,2.983439899981021881e-02,3.233306854963302612e-02,3.384368494153022766e-02,3.535773232579231262e-02,3.555100411176681519e-02,3.557632118463516235e-02,3.486342355608940125e-02,3.391794860363006592e-02,3.248790279030799866e-02,3.071710839867591858e-02,2.873597852885723114e-02,2.621558494865894318e-02,2.385800145566463470e-02,2.123743854463100433e-02,1.893859915435314178e-02,1.570322550833225250e-02,1.311794761568307877e-02,1.044415496289730072e-02,8.152651600539684296e-03,5.929260980337858200e-03,3.811195725575089455e-03,1.491277595050632954e-03,2.604490691737737507e-05
-6.664255051873624325e-04,8.651803247630596161e-03,1.717791520059108734e-02,2.573612891137599945e-02,3.311133384704589844e-02,4.005565121769905090e-02,4.595258459448814392e-02,5.068998038768768311e-02,5.467259511351585388e-02,5.714823678135871887e-02,5.874798446893692017e-02,5.896501243114471436e-02,5.828270316123962402e-02,5.626963078975677490e-02,5.360063537955284119e-02,4.998656734824180603e-02,4.547950625419616699e-02,4.054097458720207214e-02,3.519906476140022278e-02,2.984728291630744934e-02,2.398594096302986145e-02,1.839323900640010834e-02,1.301900483667850494e-02,8.128963410854339600e-03,3.790279617533087730e-03,-1.950639307324308902e-05,-2.967945300042629242e-03,-4.813895560801029205e-03,-5.639405921101570129e-03,-5.975563079118728638e-03,-5.136476829648017883e-03,-3.500969382002949715e-03,-7.253822404891252518e-04,2.292367164045572281e-03,5.897621624171733856e-03,1.034596562385559082e-02,1.501119788736104965e-02,1.961725763976573944e-02,2.413608878850936890e-02,2.852068282663822174e-02,3.289961442351341248e-02,3.667479008436203003e-02,3.972399234771728516e-02,4.250710457563400269e-02,4.445496574044227600e-02,4.583646729588508606e-02,4.669120162725448608e-02,4.658253863453865051e-02,4.612379521131515503e-02,4.503439739346504211e-02,4.367062821984291077e-02,4.165592417120933533e-02,3.915296494960784912e-02,3.635035455226898193e-02,3.376834467053413391e-02,3.028318099677562714e-02,2.675193734467029572e-02,2.280196174979209900e-02,1.901570707559585571e-02,1.549177989363670349e-02,1.158627215772867203e-02,7.487346418201923370e-03,3.432997269555926323e-03,-1.239942503161728382e-04
-3.446956397965550423e-04,9.464794769883155823e-03,1.930073648691177368e-02,2.845885790884494781e-02,3.699872642755508423e-02,4.462488368153572083e-02,5.143338814377784729e-02,5.691551417112350464e-02,6.191253289580345154e-02,6.515640020370483398e-02,6.742633134126663208e-02,6.786948442459106445e-02,6.791510432958602905e-02,6.587064266204833984e-02,6.330516189336776733e-02,5.967492610216140747e-02,5.531393736600875854e-02,4.990437254309654236e-02,4.434265196323394775e-02,3.832835704088211060e-02,3.228727355599403381e-02,2.608096785843372345e-02,2.031086012721061707e-02,1.463519036769866943e-02,9.715313091874122620e-03,5.632534157484769821e-03,2.148863393813371658e-03,-6.610345444642007351e-04,-1.936948625370860100e-03,-2.723745536059141159e-03,-2.200748771429061890e-03,-1.420016633346676826e-03,1.168458606116473675e-03,4.290946759283542633e-03,8.150181733071804047e-03,1.203042641282081604e-02,1.729063875973224640e-02,2.189953625202178955e-02,2.715372852981090546e-02,3.154022991657257080e-02,3.680264577269554138e-02,4.141530022025108337e-02,4.548942297697067261e-02,4.863885045051574707e-02,5.183215439319610596e-02,5.386468768119812012e-02,5.554626137018203735e-02,5.600950121879577637e-02,5.641848593950271606e-02,5.569492653012275696e-02,5.457061901688575745e-02,5.277507752180099487e-02,5.036952719092369080e-02,4.716697707772254944e-02,4.404729604721069336e-02,3.984570130705833435e-02,3.574013710021972656e-02,3.076810948550701141e-02,2.589461952447891235e-02,2.096584066748619080e-02,1.584382727742195129e-02,1.026049815118312836e-02,4.791720304638147354e-03,-5.024329220759682357e-05
-6.176140595925971866e-05,9.813270531594753265e-03,2.011121623218059540e-02,2.973389625549316406e-02,3.906584903597831726e-02,4.708357527852058411e-02,5.453521385788917542e-02,6.032499670982360840e-02,6.566774100065231323e-02,6.935479491949081421e-02,7.190842181444168091e-02,7.264412939548492432e-02,7.275954633951187134e-02,7.128797471523284912e-02,6.907902657985687256e-02,6.547521799802780151e-02,6.093045696616172791e-02,5.580886080861091614e-02,5.007826536893844604e-02,4.407153278589248657e-02,3.756733238697052002e-02,3.134473040699958801e-02,2.533655613660812378e-02,1.969517581164836884e-02,1.422702241688966751e-02,9.828353300690650940e-03,5.882977508008480072e-03,3.027554834261536598e-03,1.164965331554412842e-03,1.023913791868835688e-04,2.489409525878727436e-04,1.020772382616996765e-03,3.119913861155509949e-03,5.894553847610950470e-03,9.552234783768653870e-03,1.373782567679882050e-02,1.870948821306228638e-02,2.348533086478710175e-02,2.879902347922325134e-02,3.370220959186553955e-02,3.927769511938095093e-02,4.412172362208366394e-02,4.859690740704536438e-02,5.241194367408752441e-02,5.603712424635887146e-02,5.864200741052627563e-02,6.090022251009941101e-02,6.168803945183753967e-02,6.244748085737228394e-02,6.237499788403511047e-02,6.158921867609024048e-02,5.985983833670616150e-02,5.731711909174919128e-02,5.432454869151115417e-02,5.096857249736785889e-02,4.643451794981956482e-02,4.154545068740844727e-02,3.599598631262779236e-02,3.045421093702316284e-02,2.477269060909748077e-02,1.861954107880592346e-02,1.232808642089366913e-02,5.761464592069387436e-03,-2.676399308256804943e-04
1.881982461782172322e-04,1.000278256833553314e-02,1.984426192939281464e-02,2.966321632266044617e-02,3.862421587109565735e-02,4.655145108699798584e-02,5.384324118494987488e-02,5.995829403400421143e-02,6.525020301342010498e-02,6.920298933982849121e-02,7.180561870336532593e-02,7.301487773656845093e-02,7.329519838094711304e-02,7.209577411413192749e-02,6.990317255258560181e-02,6.658492237329483032e-02,6.231010705232620239e-02,5.759330838918685913e-02,5.227901786565780640e-02,4.612969234585762024e-02,3.997321426868438721e-02,3.389338403940200806e-02,2.808387577533721924e-02,2.224489487707614899e-02,1.703414693474769592e-02,1.228658668696880341e-02,8.570565842092037201e-03,5.388716235756874084e-03,3.548045642673969269e-03,2.093134680762887001e-03,2.159015275537967682e-03,2.631037030369043350e-03,4.617894534021615982e-03,6.860332097858190536e-03,1.039080601185560226e-02,1.418507378548383713e-02,1.916380785405635834e-02,2.366038970649242401e-02,2.883240021765232086e-02,3.373020514845848083e-02,3.921467065811157227e-02,4.406821727752685547e-02,4.871942102909088135e-02,5.271984264254570007e-02,5.663971230387687683e-02,5.944204330444335938e-02,6.178966909646987915e-02,6.320621818304061890e-02,6.414248794317245483e-02,6.434067338705062866e-02,6.350902467966079712e-02,6.219691410660743713e-02,5.976892262697219849e-02,5.700140818953514099e-02,5.326912924647331238e-02,4.890707135200500488e-02,4.391943290829658508e-02,3.864061087369918823e-02,3.248513862490653992e-02,2.638742327690124512e-02,1.998417638242244720e-02,1.357592362910509109e-02,6.615370512008666992e-03,-3.691321471706032753e-04
1.511751179350540042e-04,9.123778901994228363e-03,1.845013909041881561e-02,2.755795046687126160e-02,3.576172515749931335e-02,4.335581883788108826e-02,5.053148046135902405e-02,5.649673193693161011e-02,6.127566471695899963e-02,6.529408693313598633e-02,6.777270883321762085e-02,6.897471845149993896e-02,6.899657845497131348e-02,6.804479658603668213e-02,6.626474857330322266e-02,6.326524168252944946e-02,5.938987433910369873e-02,5.541264265775680542e-02,5.050164088606834412e-02,4.512099176645278931e-02,3.926475718617439270e-02,3.387473523616790771e-02,2.824609726667404175e-02,2.311710454523563385e-02,1.794144697487354279e-02,1.374246831983327866e-02,9.995759464800357819e-03,7.261518854647874832e-03,5.089970771223306656e-03,3.785559441894292831e-03,3.580275690183043480e-03,4.101866856217384338e-03,5.427749827504158020e-03,7.450924720615148544e-03,1.047200243920087814e-02,1.409680396318435669e-02,1.805801689624786377e-02,2.234832942485809326e-02,2.715599350631237030e-02,3.178311139345169067e-02,3.654582798480987549e-02,4.127444699406623840e-02,4.587236419320106506e-02,4.988660290837287903e-02,5.325685814023017883e-02,5.636995658278465271e-02,5.881431698799133301e-02,6.023979187011718750e-02,6.107022613286972046e-02,6.163472682237625122e-02,6.117143481969833374e-02,5.984312295913696289e-02,5.746988952159881592e-02,5.522490292787551880e-02,5.196762457489967346e-02,4.778330773115158081e-02,4.285806417465209961e-02,3.772256523370742798e-02,3.194895014166831970e-02,2.627827413380146027e-02,1.957528106868267059e-02,1.336347777396440506e-02,6.591993384063243866e-03,-8.745254308450967073e-05
3.124965296592563391e-04,8.243463002145290375e-03,1.657848618924617767e-02,2.470616996288299561e-02,3.191812336444854736e-02,3.889892995357513428e-02,4.497930034995079041e-02,5.023302510380744934e-02,5.475237965583801270e-02,5.837205797433853149e-02,6.026836857199668884e-02,6.162609159946441650e-02,6.194868311285972595e-02,6.126660481095314026e-02,5.914438888430595398e-02,5.691454187035560608e-02,5.356020852923393250e-02,5.023272708058357239e-02,4.555130004882812500e-02,4.093641415238380432e-02,3.604231774806976318e-02,3.111925721168518066e-02,2.603100799024105072e-02,2.162165381014347076e-02,1.729886606335639954e-02,1.341863535344600677e-02,1.009734440594911575e-02,7.481163833290338516e-03,5.766369868069887161e-03,4.329167306423187256e-03,3.987096715718507767e-03,4.403197672218084335e-03,5.671236198395490646e-03,7.126393727958202362e-03,9.776882827281951904e-03,1.274937763810157776e-02,1.657010801136493683e-02,2.021595463156700134e-02,2.432240732014179230e-02,2.850719355046749115e-02,3.285370394587516785e-02,3.697188198566436768e-02,4.099220037460327148e-02,4.461222514510154724e-02,4.814773425459861755e-02,5.070780962705612183e-02,5.273211374878883362e-02,5.443741381168365479e-02,5.532958358526229858e-02,5.599265918135643005e-02,5.501901730895042419e-02,5.430548638105392456e-02,5.233237147331237793e-02,5.006331950426101685e-02,4.668718203902244568e-02,4.356228187680244446e-02,3.902045637369155884e-02,3.452754393219947815e-02,2.876722067594528198e-02,2.397551573812961578e-02,1.816654577851295471e-02,1.277275662869215012e-02,6.301646120846271515e-03,7.809598173480480909e-05
-4.307529889047145844e-05,7.036075927317142487e-03,1.376639027148485184e-02,2.036484330892562866e-02,2.621008828282356262e-02,3.117117099463939667e-02,3.653760254383087158e-02,4.070972278714179993e-02,4.461421817541122437e-02,4.708285629749298096e-02,4.904390871524810791e-02,4.984088987112045288e-02,5.023153498768806458e-02,4.959086328744888306e-02,4.840734228491783142e-02,4.630529507994651794e-02,4.387188702821731567e-02,4.103056713938713074e-02,3.758045658469200134e-02,3.406596928834915161e-02,3.003300353884696960e-02,2.592657506465911865e-02,2.188119478523731232e-02,1.830041408538818359e-02,1.465389970690011978e-02,1.137204468250274658e-02,8.662213571369647980e-03,6.614489946514368057e-03,5.142926704138517380e-03,3.832778660580515862e-03,3.583990270271897316e-03,3.841787576675415039e-03,4.873365163803100586e-03,5.917465314269065857e-03,7.971156388521194458e-03,1.035511959344148636e-02,1.336853299289941788e-02,1.617847755551338196e-02,1.974953897297382355e-02,2.300911769270896912e-02,2.677626721560955048e-02,2.983509004116058350e-02,3.321002051234245300e-02,3.596739470958709717e-02,3.896814584732055664e-02,4.086771234869956970e-02,4.299888759851455688e-02,4.409483075141906738e-02,4.516470059752464294e-02,4.550537839531898499e-02,4.519689455628395081e-02,4.435688629746437073e-02,4.285941272974014282e-02,4.108680412173271179e-02,3.862611949443817139e-02,3.606252372264862061e-02,3.247855603694915771e-02,2.857717685401439667e-02,2.426353655755519867e-02,2.032111398875713348e-02,1.538007706403732300e-02,1.057365071028470993e-02,5.201152060180902481e-03,1.857897877926006913e-04
7.730859797447919846e-04,5.184476263821125031e-03,9.971081279218196869e-03,1.414313167333602905e-02,1.809137128293514252e-02,2.172680757939815521e-02,2.525804936885833740e-02,2.855437435209751129e-02,3.109325468540191650e-02,3.336031734943389893e-02,3.442129865288734436e-02,3.519556298851966858e-02,3.533905372023582458e-02,3.499193862080574036e-02,3.379725664854049683e-02,3.268630057573318481e-02,3.095755726099014282e-02,2.911078184843063354e-02,2.632854692637920380e-02,2.395457774400711060e-02,2.111286483705043793e-02,1.835475489497184753e-02,1.536158937960863113e-02,1.294253487139940262e-02,1.031644921749830246e-02,8.129310794174671173e-03,6.123231723904609680e-03,4.578501917421817780e-03,3.620090428739786148e-03,2.661136211827397346e-03,2.673110226169228554e-03,2.767595695331692696e-03,3.475855570286512375e-03,4.060640465468168259e-03,5.583716556429862976e-03,6.880818866193294525e-03,9.081164374947547913e-03,1.084970496594905853e-02,1.358267944306135178e-02,1.601300202310085297e-02,1.841750368475914001e-02,2.086707390844821930e-02,2.302556671202182770e-02,2.533127181231975555e-02,2.719678170979022980e-02,2.880607359111309052e-02,3.015941940248012543e-02,3.131877258419990540e-02,3.197791054844856262e-02,3.237170726060867310e-02,3.177833557128906250e-02,3.145074844360351562e-02,3.031979128718376160e-02,2.898533269762992859e-02,2.701461315155029297e-02,2.522335946559906006e-02,2.285410836338996887e-02,2.038726955652236938e-02,1.698005199432373047e-02,1.420585066080093384e-02,1.075628772377967834e-02,7.999411784112453461e-03,4.590773023664951324e-03,9.341897675767540932e-04
1.203285995870828629e-03,3.330820705741643906e-03,5.744994152337312698e-03,6.944479420781135559e-03,9.291379712522029877e-03,1.098609250038862228e-02,1.325054932385683060e-02,1.467344723641872406e-02,1.630728878080844879e-02,1.728194952011108398e-02,1.819003745913505554e-02,1.845478080213069916e-02,1.862931996583938599e-02,1.825098693370819092e-02,1.780748181045055389e-02,1.694078184664249420e-02,1.599507592618465424e-02,1.476389076560735703e-02,1.375872362405061722e-02,1.233099214732646942e-02,1.099510863423347473e-02,9.283788502216339111e-03,8.104917593300342560e-03,6.605792324990034103e-03,5.382086150348186493e-03,4.067666828632354736e-03,3.381640184670686722e-03,2.442118944600224495e-03,2.177646383643150330e-03,1.494253519922494888e-03,1.683175098150968552e-03,1.585198449902236462e-03,2.069021575152873993e-03,2.111244015395641327e-03,3.040747251361608505e-03,3.529988694936037064e-03,4.879769403487443924e-03,5.593561101704835892e-03,7.129351142793893814e-03,8.083133958280086517e-03,9.564225561916828156e-03,1.041381806135177612e-02,1.195723935961723328e-02,1.289903651922941208e-02,1.426765415817499161e-02,1.491542160511016846e-02,1.584877818822860718e-02,1.624204777181148529e-02,1.670691743493080139e-02,1.664843969047069550e-02,1.679829694330692291e-02,1.635718159377574921e-02,1.580148376524448395e-02,1.484970469027757645e-02,1.397200673818588257e-02,1.277022622525691986e-02,1.129553187638521194e-02,9.898971766233444214e-03,8.631235919892787933e-03,7.110866717994213104e-03,5.660967435687780380e-03,4.314200021326541901e-03,2.854935592040419579e-03,1.062848255969583988e-03
2.983605489134788513e-03,2.110568340867757797e-03,1.269087544642388821e-03,8.272463455796241760e-04,7.355775451287627220e-04,7.113805622793734074e-04,4.333490505814552307e-04,1.080523128621280193e-03,6.240927614271640778e-04,1.004317193292081356e-03,6.064047920517623425e-04,9.478506399318575859e-04,7.529916474595665932e-04,8.539362461306154728e-04,3.816150419879704714e-04,3.371622296981513500e-04,1.199055041070096195e-04,2.980420540552586317e-04,1.939126086654141545e-04,3.094906569458544254e-04,2.299347834195941687e-04,6.850642876088386402e-06,4.050302959512919188e-05,-2.558884443715214729e-04,-1.168296803371049464e-04,-3.638907801359891891e-04,-1.442190259695053101e-04,-2.519415866117924452e-04,-3.106469648628262803e-06,-3.270868619438260794e-04,1.401352801622124389e-05,-2.411440946161746979e-04,7.300603465409949422e-05,-1.876822352642193437e-04,7.668707985430955887e-05,1.186616500490345061e-04,3.962210903409868479e-04,1.094497638405300677e-04,3.276503412052989006e-04,3.893183020409196615e-04,4.507303237915039062e-04,5.541302380152046680e-04,4.305766487959772348e-04,8.407428977079689503e-04,7.249052287079393864e-04,7.609303575009107590e-04,5.549238412640988827e-04,7.921137730590999126e-04,6.101211183704435825e-04,7.454256410710513592e-04,3.304638958070427179e-04,6.679746438749134541e-04,2.918437530752271414e-04,1.907646073959767818e-04,-1.431496493751183152e-04,-2.954273804789409041e-05,-1.230308698723092675e-04,-2.241897891508415341e-04,-3.392539802007377148e-04,-9.215337195200845599e-05,-1.144673151429742575e-04,1.045839162543416023e-03,1.562131685204803944e-03,3.038306953385472298e-03
